VariationID,first_date,first_bucket,latest_date,latest_bucket
57,2010-10-01,P,2025-01-26,P
58,2010-10-01,P,2010-10-01,P
59,2010-10-01,P,2010-10-01,P
60,2011-09-01,P,2024-12-13,P
61,2011-09-01,P,2024-01-08,P
1068,2007-07-01,P,2025-10-04,P
1069,2008-08-01,P,2025-10-08,P
1070,2007-07-01,P,2025-10-15,P
1072,2007-07-01,P,2025-06-12,P
1073,2007-07-01,P,2025-05-28,P
1074,2007-07-01,P,2026-01-27,P
1076,2007-07-01,P,2026-01-28,P
1077,2008-08-01,P,2008-08-01,P
1079,2010-01-01,P,2025-05-19,P
1080,2010-01-01,P,2015-02-23,P
1333,2007-07-01,P,2026-01-19,P
1335,2006-06-01,P,2024-01-17,P
1336,2006-06-01,P,2006-06-01,P
1337,2007-07-01,P,2026-03-01,P
1338,2006-09-01,P,2025-06-13,P
1339,2007-07-01,P,2026-01-12,P
1342,2007-07-01,P,2025-10-21,P
1343,2007-11-01,P,2007-11-01,P
1345,2008-04-01,P,2024-09-22,P
1365,2006-02-01,P,2017-12-30,P
1366,2007-01-15,P,2007-01-15,P
1367,2006-02-01,P,2006-02-01,P
1368,2007-01-01,P,2007-01-01,P
1369,2007-01-15,P,2007-01-15,P
1370,2006-02-01,P,2006-02-01,P
1371,2010-01-01,P,2025-11-26,P
1372,2007-01-01,P,2022-10-27,P
1375,2009-02-01,P,2015-02-23,P
1376,2009-10-01,P,2026-02-01,P
1378,2011-07-01,P,2026-02-01,P
1379,2009-02-01,P,2015-02-23,P
1380,2009-02-01,P,2022-12-31,P
1381,2009-02-01,P,2025-03-17,P
1382,2009-10-01,P,2017-06-26,P
1383,2009-10-01,P,2026-01-09,P
1384,2009-10-01,P,2009-10-01,P
1385,2009-10-01,P,2009-10-01,P
1386,2009-10-01,P,2023-08-04,P
1387,2009-10-01,P,2026-01-15,P
1488,2012-12-15,P,2012-12-15,P
1830,2011-02-11,P,2025-07-29,P
1831,2011-02-11,P,2025-12-21,P
1832,2005-03-01,P,2005-03-01,P
1833,2005-03-01,P,2025-10-20,P
1834,2005-03-01,P,2005-03-01,P
2633,2003-08-01,P,2003-08-01,P
2634,2003-08-01,P,2025-04-16,P
2636,2008-04-01,P,2025-07-22,P
2638,2008-04-01,P,2024-05-24,P
2640,2009-05-01,P,2026-02-02,P
3399,2002-11-01,P,2024-07-17,P
3400,2002-10-01,P,2020-04-15,P
3401,2002-11-01,P,2026-01-26,P
3402,2002-10-01,P,2002-10-01,P
3403,2002-11-01,P,2025-10-02,P
3404,2002-11-01,P,2002-11-01,P
3405,2002-11-01,P,2021-08-25,P
3509,1997-10-01,P,1997-10-01,P
3510,2000-06-01,P,2025-12-17,P
11959,2003-08-01,P,2024-04-23,P
11961,2009-04-01,P,2024-05-29,P
11962,2009-04-01,P,2026-02-10,P
11963,2009-04-01,P,2025-07-28,P
30704,2011-11-11,P,2021-09-17,P
30705,2011-11-11,P,2011-11-11,P
30706,2011-11-11,P,2011-11-11,P
30707,2011-11-11,P,2011-11-11,P
30776,2011-01-01,P,2011-01-01,P
30778,2011-01-01,P,2025-12-09,P
30779,2011-01-01,P,2025-12-21,P
30936,2011-03-01,P,2011-03-01,P
30937,2011-03-01,P,2025-04-12,P
30938,2011-03-01,P,2025-09-23,P
30939,2011-03-01,P,2011-03-01,P
32161,2013-07-16,B,2013-07-16,B
32222,2010-05-27,P,2010-05-27,P
32789,2010-12-22,P,2010-12-22,P
33205,2010-08-27,P,2010-08-27,P
33553,2010-05-27,P,2010-05-27,P
34228,2010-02-28,B,2011-08-12,B
34538,2009-12-30,B,2011-08-12,B
37288,2012-08-03,P,2012-08-03,P
37289,2012-08-03,P,2012-08-03,P
37294,2012-08-03,P,2012-08-03,P
37295,2012-08-03,P,2012-08-03,P
37296,2012-08-03,P,2025-08-21,P
37297,2012-08-03,P,2025-08-21,P
37298,2012-08-03,P,2025-08-06,P
55931,2012-03-15,P,2012-03-15,P
56562,2022-08-05,P,2022-08-05,P
56729,2015-02-23,P,2026-02-01,P
56731,2007-07-01,P,2007-07-01,P
56732,2025-12-26,P,2025-12-26,P
56733,2015-02-23,P,2025-09-17,P
56734,2013-01-01,P,2026-01-26,P
56735,2022-04-28,P,2026-04-08,P
56738,2007-07-01,P,2026-01-27,P
56739,2008-01-01,P,2026-01-14,P
56740,2022-05-17,P,2026-01-14,P
56762,2013-09-13,LP,2025-08-03,LP
56766,2025-05-22,VUS,2025-05-22,VUS
56767,2017-07-29,P,2017-07-29,P
56770,2024-12-10,VUS,2024-12-10,VUS
56772,2018-09-05,P,2018-09-05,P
56777,2024-04-30,P,2024-04-30,P
56782,2022-06-09,P,2022-06-09,P
56783,2014-06-18,P,2026-01-11,P
56784,2018-05-23,P,2025-04-17,P
56787,2015-02-23,P,2023-04-08,P
57010,2011-08-12,P,2011-08-12,P
57036,2011-08-12,P,2011-08-12,P
57281,2011-08-12,VUS,2011-08-12,VUS
57302,2011-08-12,P,2011-08-12,P
57318,2011-08-12,P,2011-08-12,P
57342,2011-08-12,VUS,2011-08-12,VUS
57370,2011-08-12,VUS,2011-08-12,VUS
57387,2011-08-12,P,2011-08-12,P
57390,2011-08-12,P,2011-08-12,P
57440,2011-08-12,P,2011-08-12,P
57491,2011-08-12,P,2011-08-12,P
57496,2011-08-12,P,2011-08-12,P
57545,2011-08-12,P,2011-08-12,P
57793,2011-08-12,VUS,2011-08-12,VUS
57803,2011-08-12,P,2011-08-12,P
57806,2011-08-12,P,2011-08-12,P
57829,2011-08-12,P,2011-08-12,P
58041,2011-08-12,P,2011-08-12,P
58116,2011-08-12,P,2011-08-12,P
58133,2011-08-12,P,2011-08-12,P
58135,2011-08-12,P,2011-08-12,P
58137,2011-08-12,P,2011-08-12,P
58142,2011-08-12,P,2011-08-12,P
58242,2011-08-12,P,2011-08-12,P
58244,2011-08-12,P,2011-08-12,P
58294,2011-08-12,P,2011-08-12,P
58594,2011-08-12,P,2011-08-12,P
58906,2011-08-12,VUS,2011-08-12,VUS
59123,2011-08-12,P,2011-08-12,P
59147,2011-08-12,P,2011-08-12,P
59150,2011-08-12,P,2011-08-12,P
59313,2011-08-12,VUS,2011-08-12,VUS
59378,2011-08-12,VUS,2011-08-12,VUS
59394,2011-08-12,VUS,2011-08-12,VUS
59395,2011-08-12,VUS,2011-08-12,VUS
59396,2011-08-12,VUS,2011-08-12,VUS
59428,2011-08-12,P,2011-08-12,P
59467,2011-08-12,P,2011-08-12,P
59468,2011-08-12,P,2011-08-12,P
59486,2011-08-12,P,2011-08-12,P
59487,2011-08-12,P,2011-08-12,P
59489,2011-08-12,P,2011-08-12,P
59490,2011-08-12,P,2011-08-12,P
59654,2011-08-12,P,2011-08-12,P
59738,2010-10-19,P,2010-10-19,P
59742,2011-08-12,B,2011-08-12,B
59743,2011-08-12,B,2011-08-12,B
59744,2011-08-12,B,2011-08-12,B
59745,2011-08-12,B,2011-08-12,B
59746,2011-08-12,B,2011-08-12,B
59772,2011-08-12,P,2011-08-12,P
59774,2011-08-12,P,2011-08-12,P
59846,2011-08-12,P,2011-08-12,P
59852,2011-08-12,P,2011-08-12,P
59856,2011-08-12,P,2011-08-12,P
59875,2011-08-12,P,2011-08-12,P
59881,2011-08-12,P,2011-08-12,P
60091,2011-08-12,VUS,2011-08-12,VUS
60117,2011-08-12,P,2011-08-12,P
60149,2011-08-12,P,2011-08-12,P
60150,2011-08-12,P,2011-08-12,P
60151,2011-08-12,P,2011-08-12,P
60152,2011-08-12,P,2011-08-12,P
60153,2011-08-12,P,2011-08-12,P
60154,2011-08-12,P,2011-08-12,P
60156,2011-08-12,P,2011-08-12,P
60157,2011-08-12,P,2011-08-12,P
60158,2011-08-12,P,2011-08-12,P
60245,2011-08-12,P,2011-08-12,P
60248,2011-08-12,P,2011-08-12,P
60249,2011-08-12,P,2011-08-12,P
60380,2011-08-12,P,2011-08-12,P
60381,2011-08-12,P,2011-08-12,P
60383,2011-08-12,P,2011-08-12,P
60386,2011-08-12,P,2011-08-12,P
60387,2011-08-12,P,2011-08-12,P
64356,2013-08-01,P,2021-02-02,P
64357,2013-08-01,P,2013-08-01,P
64358,2013-08-01,P,2026-01-05,P
64359,2013-08-01,P,2013-08-01,P
65408,2013-06-01,P,2025-11-27,P
79258,2016-05-20,VUS,2025-08-28,VUS
80170,2020-08-11,LP,2025-08-27,LP
92717,2013-10-04,B,2026-01-26,B
92719,2016-01-08,B,2026-02-04,B
93469,2011-01-01,P,2025-10-17,P
95594,2014-04-02,B,2026-02-04,B
95595,2012-08-07,VUS,2023-10-20,VUS
95596,2013-10-03,B,2026-01-09,B
95597,2014-04-02,B,2026-02-04,B
95599,2013-09-25,B,2026-02-02,B
95600,2014-02-21,B,2026-01-28,B
95671,2013-10-01,B,2026-02-04,B
95672,2013-01-09,B,2026-02-01,B
95673,2013-10-01,B,2026-02-04,B
95674,2012-08-28,B,2026-02-02,B
95676,2018-03-14,VUS,2025-11-24,VUS
95677,2013-10-01,B,2026-02-04,B
95678,2013-10-04,B,2026-02-01,B
95679,2013-10-04,B,2026-02-03,B
95681,2012-08-28,B,2026-02-01,B
95683,2013-10-01,B,2026-02-04,B
95684,2013-01-09,VUS,2013-01-09,VUS
95685,2013-04-11,B,2026-02-01,B
95687,2012-08-28,B,2012-08-28,B
95690,2013-09-10,B,2026-02-04,B
95692,2014-02-27,B,2026-02-04,B
95693,2013-04-05,B,2026-03-01,B
96137,2013-10-10,B,2026-02-03,B
96138,2013-10-10,B,2026-02-03,B
96168,2013-08-14,B,2026-02-04,B
96169,2017-03-29,VUS,2025-04-21,VUS
96170,2013-11-20,B,2026-02-04,B
96171,2013-11-20,VUS,2024-06-17,VUS
96173,2013-10-21,VUS,2024-04-19,VUS
96174,2013-05-10,VUS,2013-05-10,VUS
96223,2013-04-05,B,2026-02-03,B
96224,2013-04-05,B,2026-02-04,B
96225,2013-04-05,B,2025-12-08,B
96510,2012-10-08,B,2026-02-02,B
96512,2013-04-11,B,2026-02-04,B
96513,2012-10-08,B,2026-02-04,B
96515,2015-05-22,B,2026-02-01,B
96516,2013-10-21,P,2025-11-05,P
96528,2015-03-03,B,2026-02-04,B
96529,2013-04-05,B,2026-02-04,B
99847,2013-01-01,P,2024-11-30,P
99850,2013-08-02,P,2025-09-23,P
99852,2019-02-12,P,2025-01-23,P
99853,2021-12-12,P,2023-06-06,P
99854,2006-06-01,P,2022-08-20,P
99856,2019-06-23,P,2025-12-17,P
99859,2023-01-05,P,2025-11-10,P
99860,2016-09-01,P,2025-01-17,P
99861,2018-11-01,P,2026-01-28,P
99863,2020-07-23,P,2024-01-24,P
100592,2012-01-01,B,2026-02-04,B
100593,2014-03-21,B,2026-02-04,B
100594,2014-03-21,B,2026-02-02,B
100878,2022-11-02,LB,2025-12-03,LB
126249,2020-09-16,B,2026-02-04,B
126250,2018-06-16,B,2018-06-16,B
126251,2014-04-01,B,2026-02-04,B
126252,2015-03-03,B,2026-02-04,B
126253,2018-06-26,B,2021-07-22,B
126254,2018-06-16,LB,2018-06-16,LB
126256,2013-05-06,B,2013-05-06,B
126257,2014-01-30,B,2026-02-04,B
126258,2015-03-03,B,2026-02-04,B
126259,2014-05-21,B,2026-02-04,B
126261,2018-06-26,B,2018-06-26,B
126263,2014-01-30,B,2026-02-04,B
126264,2018-06-16,B,2018-06-16,B
126265,2018-06-14,B,2018-06-14,B
126266,2014-01-30,B,2026-02-04,B
126267,2018-06-16,B,2018-06-16,B
126268,2018-07-27,LB,2018-07-27,LB
126269,2014-12-23,B,2026-03-01,B
126270,2018-07-06,B,2018-07-06,B
126275,2014-04-15,B,2026-02-04,B
126276,2018-06-14,B,2025-01-31,B
126277,2014-02-27,B,2026-02-04,B
126278,2014-02-18,B,2022-11-14,B
126279,2014-01-30,B,2026-02-04,B
126280,2014-02-27,B,2026-02-04,B
126281,2018-06-29,B,2021-07-10,B
126298,2018-06-16,B,2018-06-16,B
126300,2019-08-06,LB,2019-08-06,LB
126301,2015-03-03,B,2026-02-04,B
126304,2013-05-07,B,2026-03-01,B
126305,2018-06-16,B,2018-06-16,B
126307,2015-02-26,B,2026-03-01,B
126308,2018-09-26,B,2018-09-26,B
127154,2013-08-01,P,2024-03-09,P
127156,2013-08-01,P,2013-08-01,P
127157,2013-08-01,P,2024-12-03,P
127159,2013-08-01,P,2025-09-06,P
129812,2013-05-07,B,2013-05-07,B
129813,2014-02-17,B,2026-02-04,B
129814,2014-02-04,B,2026-03-01,B
129815,2014-10-30,B,2026-04-06,B
130648,2016-10-06,B,2026-01-25,B
130649,2016-08-08,B,2026-02-01,B
130650,2016-01-11,B,2026-02-04,B
130652,2016-01-11,B,2026-02-04,B
130653,2016-11-04,B,2026-02-02,B
130654,2016-11-25,B,2026-02-01,B
130655,2016-02-19,B,2026-02-03,B
130657,2016-01-08,B,2026-02-04,B
130658,2014-09-04,B,2026-02-01,B
130659,2018-01-12,LB,2026-02-01,LB
130660,2016-01-08,B,2026-02-04,B
130661,2014-09-04,B,2026-02-01,B
136728,2013-12-20,B,2026-02-04,B
144125,2010-04-30,B,2010-10-20,B
144195,2010-05-27,P,2010-05-27,P
144290,2010-02-28,B,2010-02-28,B
144298,2010-02-28,P,2010-02-28,P
144309,2010-02-28,P,2010-02-28,P
144345,2009-07-30,B,2009-07-30,B
144426,2010-03-30,B,2010-03-30,B
144461,2010-03-30,P,2010-03-30,P
144471,2010-04-30,P,2010-04-30,P
144559,2012-09-21,B,2012-09-21,B
144563,2010-05-30,P,2010-05-30,P
144588,2010-05-30,P,2010-05-30,P
144681,2010-06-30,B,2010-06-30,B
144759,2011-08-05,P,2011-08-05,P
144825,2010-11-30,LB,2010-11-30,LB
144826,2011-04-30,B,2011-04-30,B
144830,2010-11-30,B,2010-11-30,B
144831,2010-11-30,B,2010-11-30,B
144971,2010-11-30,P,2010-11-30,P
145361,2010-07-30,P,2010-07-30,P
145407,2010-08-30,B,2010-08-30,B
145443,2010-10-30,B,2010-10-30,B
145614,2011-01-05,P,2011-01-05,P
145652,2011-01-05,P,2011-01-05,P
146098,2009-07-30,B,2009-07-30,B
146138,2009-07-30,VUS,2009-07-30,VUS
146178,2010-10-19,B,2010-10-19,B
146191,2013-02-04,B,2013-07-01,B
146316,2011-01-27,P,2011-01-27,P
146575,2010-10-19,P,2010-10-19,P
146632,2010-10-14,B,2010-10-14,B
146711,2009-11-30,P,2009-11-30,P
147196,2011-03-08,B,2011-03-08,B
147274,2010-10-19,B,2010-10-19,B
147285,2011-09-16,P,2011-09-16,P
147309,2011-09-16,P,2011-09-16,P
147354,2010-12-22,P,2010-12-22,P
147358,2010-12-22,P,2010-12-22,P
147487,2010-12-22,P,2010-12-22,P
147521,2010-12-22,P,2010-12-22,P
147624,2010-01-30,P,2010-01-30,P
147940,2010-10-20,B,2010-10-20,B
147966,2010-12-22,P,2010-12-22,P
148071,2010-12-22,P,2010-12-22,P
148087,2010-12-22,P,2010-12-22,P
148185,2011-03-21,P,2011-03-21,P
148186,2011-03-21,P,2011-03-21,P
148231,2011-04-08,P,2011-04-08,P
148286,2011-07-05,VUS,2011-07-05,VUS
148379,2012-04-05,P,2012-04-05,P
148387,2011-09-12,P,2011-09-12,P
148480,2012-01-13,P,2012-01-13,P
148508,2011-06-05,P,2011-06-05,P
148511,2012-03-09,VUS,2012-03-09,VUS
148654,2011-08-29,P,2011-08-29,P
148700,2011-09-16,P,2011-09-16,P
148701,2011-09-16,P,2011-09-16,P
148909,2011-11-16,LB,2011-11-16,LB
149089,2012-02-10,VUS,2012-02-10,VUS
149180,2012-03-12,LP,2012-03-12,LP
149230,2012-04-02,P,2012-04-02,P
149257,2012-04-16,P,2012-04-16,P
149321,2011-06-20,LB,2011-06-20,LB
149342,2012-09-21,B,2012-09-21,B
149500,2012-09-21,B,2012-09-21,B
149554,2012-06-01,P,2012-06-01,P
149660,2012-09-21,P,2012-09-21,P
149662,2012-09-21,P,2012-09-21,P
149828,2012-09-21,P,2012-09-21,P
149968,2011-08-02,P,2011-08-02,P
150050,2012-05-07,P,2012-05-07,P
150138,2012-05-14,P,2012-05-14,P
150141,2012-05-07,P,2012-05-07,P
150284,2012-09-21,P,2012-09-21,P
150340,2011-07-05,P,2011-07-05,P
150380,2012-05-07,P,2012-05-07,P
150522,2011-07-05,P,2011-07-05,P
150566,2012-09-21,P,2012-09-21,P
150723,2012-09-21,P,2012-09-21,P
150740,2012-09-21,P,2012-09-21,P
150752,2012-09-21,LB,2012-09-21,LB
150754,2012-09-21,VUS,2012-09-21,VUS
151006,2012-05-07,P,2012-05-07,P
151131,2013-02-25,P,2013-02-25,P
151321,2011-04-30,P,2011-04-30,P
151337,2011-04-30,LB,2011-04-30,LB
151434,2011-04-30,LB,2011-04-30,LB
151741,2013-03-26,VUS,2013-03-26,VUS
152160,2014-12-16,P,2014-12-16,P
152239,2013-01-09,VUS,2013-01-09,VUS
152454,2011-04-30,P,2011-04-30,P
152506,2011-04-30,B,2011-04-30,B
152507,2011-04-30,B,2011-04-30,B
152537,2011-04-30,P,2011-04-30,P
152936,2011-04-30,P,2011-04-30,P
152993,2013-02-04,B,2013-02-04,B
153075,2010-10-01,B,2010-10-01,B
153078,2010-10-01,P,2010-10-01,P
153087,2010-10-01,B,2010-10-01,B
153359,2013-09-27,P,2013-09-27,P
153413,2013-08-02,P,2013-08-02,P
153518,2013-07-01,P,2013-07-01,P
153663,2013-08-02,P,2013-08-02,P
153722,2013-08-19,P,2013-08-19,P
153723,2013-08-19,VUS,2013-08-19,VUS
153737,2013-08-26,P,2013-08-26,P
154177,2014-03-10,P,2014-03-10,P
154258,2014-03-18,P,2014-03-18,P
154381,2010-08-18,P,2010-08-18,P
154437,2010-09-30,P,2010-09-30,P
154451,2010-12-13,P,2010-12-13,P
154483,2011-09-16,B,2013-06-25,B
154530,2010-12-22,P,2010-12-22,P
154548,2009-11-30,P,2009-11-30,P
154584,2011-09-16,P,2011-09-16,P
154601,2018-02-14,P,2018-02-14,P
154615,2011-09-16,VUS,2011-09-16,VUS
154642,2010-12-22,P,2010-12-22,P
154704,2010-12-22,P,2010-12-22,P
154720,2012-12-10,LP,2012-12-10,LP
154791,2012-12-10,P,2012-12-10,P
155032,2014-07-18,P,2014-07-18,P
155307,2014-03-24,P,2014-03-24,P
155321,2015-06-22,P,2015-06-22,P
155358,2013-09-27,P,2013-09-27,P
155409,2015-06-22,P,2015-06-22,P
155567,2014-07-18,P,2014-07-18,P
155592,2013-10-22,P,2013-10-22,P
155628,2013-12-03,P,2013-12-03,P
155643,2014-07-18,P,2014-07-18,P
155660,2014-03-10,P,2014-03-10,P
155685,2014-03-18,P,2014-03-18,P
156377,2014-09-18,P,2025-07-21,P
156378,2014-09-18,P,2023-04-14,P
156385,2014-09-18,P,2023-11-25,P
156386,2014-09-18,P,2026-01-09,P
156392,2014-09-18,VUS,2014-09-18,VUS
156398,2014-09-18,VUS,2017-11-28,VUS
156399,2014-09-18,VUS,2026-01-21,VUS
156528,2012-09-01,P,2012-09-01,P
156529,2012-09-01,P,2024-01-29,P
160862,2011-08-12,P,2011-08-12,P
161015,2011-08-12,B,2011-08-12,B
161023,2011-08-12,B,2011-08-12,B
161058,2011-08-12,P,2011-08-12,P
161069,2011-08-12,B,2011-08-12,B
161071,2011-08-12,P,2011-08-12,P
166827,2014-01-30,VUS,2023-10-01,VUS
166828,2013-12-16,B,2026-02-04,B
166831,2014-01-09,P,2025-06-27,P
166833,2014-08-25,LB,2026-01-28,LB
166839,2015-01-27,B,2026-02-04,B
166840,2015-07-14,VUS,2024-05-24,VUS
166893,2014-04-17,B,2026-01-26,B
166908,2014-04-24,VUS,2014-04-24,VUS
167149,2014-04-03,B,2026-01-28,B
167194,2014-04-17,B,2026-01-26,B
167195,2014-04-02,B,2026-02-02,B
167196,2014-04-28,B,2026-02-04,B
167197,2014-02-05,P,2025-09-03,P
167198,2014-02-05,P,2024-03-18,P
167369,2014-02-18,B,2026-02-04,B
167372,2017-09-28,VUS,2026-01-20,VUS
167374,2014-01-30,B,2026-01-27,B
167375,2014-08-26,B,2026-02-04,B
167376,2016-07-25,VUS,2024-10-15,VUS
167380,2014-04-29,B,2026-01-28,B
167606,2016-10-06,B,2026-02-02,B
188192,2015-02-23,P,2026-02-08,P
188193,2021-07-03,LP,2025-11-08,LP
188351,2014-05-07,B,2026-01-21,B
188389,2016-06-30,LB,2026-02-01,LB
189238,2014-06-24,VUS,2014-06-24,VUS
189379,2013-08-01,P,2013-08-01,P
189380,2013-08-01,P,2013-08-01,P
191072,2018-02-14,P,2023-09-29,P
191278,2023-12-16,P,2023-12-16,P
193467,2014-07-18,VUS,2014-07-18,VUS
193505,2014-06-18,P,2025-08-11,P
193507,2015-01-14,B,2026-02-02,B
193568,2014-09-03,VUS,2022-05-28,VUS
193691,2015-03-05,LB,2026-01-19,LB
193804,2015-04-30,VUS,2023-12-29,VUS
193899,2018-01-13,VUS,2024-04-08,VUS
193933,2015-01-28,VUS,2024-09-11,VUS
194249,2018-07-24,VUS,2025-06-16,VUS
194251,2015-04-01,B,2026-02-03,B
194271,2015-04-01,VUS,2023-07-17,VUS
194404,2014-06-06,P,2025-12-15,P
194405,2018-07-24,VUS,2025-06-16,VUS
194406,2018-07-24,VUS,2025-06-16,VUS
194408,2017-10-04,VUS,2025-08-24,VUS
194410,2016-10-26,B,2026-01-31,B
194412,2014-11-06,VUS,2025-02-28,VUS
194434,2015-10-19,VUS,2024-03-11,VUS
194533,2015-03-16,VUS,2015-03-16,VUS
194539,2015-03-02,VUS,2024-05-16,VUS
194562,2014-06-24,VUS,2025-05-05,VUS
194569,2017-02-08,B,2026-02-01,B
194652,2014-10-21,VUS,2022-07-14,VUS
194659,2015-04-21,B,2026-01-02,B
194798,2014-09-01,VUS,2024-09-26,VUS
194865,2014-06-12,VUS,2014-06-12,VUS
194866,2018-06-07,VUS,2024-02-21,VUS
194970,2014-11-17,VUS,2014-11-17,VUS
194988,2014-08-28,P,2025-09-04,P
195422,2014-06-18,VUS,2025-04-02,VUS
195423,2014-09-16,P,2025-05-21,P
195530,2014-09-15,B,2026-02-01,B
195610,2015-01-13,B,2026-01-24,B
195612,2014-11-21,VUS,2022-11-15,VUS
195613,2015-03-02,B,2026-02-02,B
195630,2015-01-30,P,2015-01-30,P
195784,2015-03-11,VUS,2024-11-05,VUS
195976,2014-10-17,VUS,2021-12-26,VUS
195977,2015-01-05,VUS,2025-03-19,VUS
195995,2014-11-17,VUS,2022-06-11,VUS
196032,2014-10-07,B,2026-01-26,B
196470,2017-07-11,VUS,2024-02-26,VUS
196631,2017-05-23,VUS,2024-05-28,VUS
196713,2017-11-10,VUS,2025-09-23,VUS
196793,2015-05-29,VUS,2023-10-23,VUS
196794,2014-05-20,VUS,2025-05-28,VUS
197044,2014-11-14,P,2025-07-25,P
197084,2014-06-10,VUS,2024-03-18,VUS
197597,2014-08-28,P,2025-12-17,P
197706,2015-06-04,VUS,2024-12-16,VUS
197815,2014-06-12,VUS,2022-08-06,VUS
197818,2016-06-06,LB,2026-03-01,LB
197821,2014-09-03,VUS,2025-03-03,VUS
197822,2015-02-27,B,2026-02-01,B
197825,2016-09-08,VUS,2024-01-29,VUS
197881,2014-09-01,B,2026-01-31,B
197973,2015-04-22,VUS,2024-07-17,VUS
198213,2015-04-01,VUS,2024-09-20,VUS
198280,2015-05-22,VUS,2015-05-22,VUS
198443,2014-06-06,VUS,2014-06-06,VUS
198444,2014-06-06,B,2026-02-04,B
198564,2015-03-06,VUS,2022-05-28,VUS
198630,2015-01-12,VUS,2026-01-24,VUS
198911,2015-01-30,VUS,2025-07-31,VUS
199003,2014-09-18,LB,2026-03-01,LB
199047,2014-05-14,VUS,2025-10-21,VUS
199048,2014-09-15,VUS,2023-12-27,VUS
199130,2015-01-12,VUS,2015-01-12,VUS
199134,2014-09-03,VUS,2024-01-23,VUS
199135,2015-03-26,B,2026-01-17,B
210693,2015-04-14,VUS,2026-01-02,VUS
210695,2015-03-19,VUS,2025-07-21,VUS
210696,2015-04-14,VUS,2026-01-02,VUS
212060,2015-02-13,LP,2015-02-13,LP
212061,2014-03-24,VUS,2024-03-22,VUS
212063,2015-05-29,VUS,2024-08-30,VUS
212139,2015-04-29,P,2016-12-29,P
212140,2015-04-09,P,2025-01-08,P
212141,2015-07-17,P,2024-10-30,P
212406,2014-07-15,VUS,2014-07-15,VUS
212407,2014-05-02,VUS,2014-05-02,VUS
212408,2015-02-01,VUS,2015-02-01,VUS
212730,2014-08-21,LP,2024-06-20,LP
215466,2015-03-16,B,2015-03-16,B
215518,2018-01-12,B,2026-02-01,B
215539,2017-01-30,B,2026-01-25,B
215727,2022-11-17,LB,2023-09-23,LB
215878,2024-03-06,LB,2024-03-06,LB
215886,2021-11-03,LB,2025-11-03,LB
215888,2023-08-10,LB,2023-08-10,LB
215941,2026-01-27,LB,2026-01-27,LB
216011,2024-02-15,P,2024-02-15,P
216125,2023-08-10,P,2023-08-10,P
216126,2015-02-25,P,2015-02-25,P
216136,2018-10-31,P,2023-08-04,P
216488,2022-05-17,VUS,2022-08-06,VUS
216766,2016-09-29,VUS,2016-09-29,VUS
216767,2021-08-28,VUS,2021-08-28,VUS
216769,2015-10-05,VUS,2021-09-01,VUS
216770,2015-03-21,VUS,2015-03-21,VUS
216824,2023-02-01,LB,2025-12-10,LB
216825,2018-02-08,VUS,2018-02-08,VUS
216826,2015-02-23,P,2026-02-05,P
217621,2015-02-23,P,2025-11-06,P
217622,2015-02-23,P,2026-01-16,P
217623,2015-02-23,P,2026-01-22,P
217624,2015-02-23,P,2026-01-20,P
217625,2015-02-23,P,2024-01-26,P
217626,2015-02-23,P,2025-12-22,P
217627,2015-02-23,P,2025-10-27,P
217628,2015-02-23,P,2025-11-28,P
217629,2015-02-23,P,2021-07-10,P
217630,2015-02-23,P,2023-10-28,P
217631,2015-02-23,P,2026-01-20,P
217633,2015-02-23,P,2024-02-20,P
217634,2015-02-23,P,2015-02-23,P
217635,2015-02-23,P,2026-01-26,P
217636,2014-06-25,P,2025-08-04,P
217637,2015-02-23,P,2026-01-02,P
217638,2015-02-23,P,2025-08-04,P
217639,2015-02-23,P,2024-11-12,P
217640,2015-02-23,P,2015-02-23,P
217690,2015-02-23,P,2024-03-18,P
217691,2007-07-01,P,2015-02-23,P
217692,2015-02-23,P,2023-10-06,P
217694,2015-02-23,P,2025-08-31,P
217695,2015-02-23,P,2015-02-23,P
217708,2015-02-23,P,2015-02-23,P
217709,2015-02-23,P,2015-02-23,P
217712,2015-02-23,P,2025-06-16,P
217713,2015-02-23,P,2015-02-23,P
217716,2015-02-23,P,2015-02-23,P
217717,2015-02-23,P,2025-09-10,P
217718,2015-02-23,P,2015-02-23,P
217719,2015-02-23,P,2015-02-23,P
217720,2011-07-01,P,2024-05-21,P
217724,2015-02-23,P,2024-11-23,P
217726,2015-02-23,P,2026-01-12,P
217727,2015-02-23,P,2015-02-23,P
217728,2015-02-23,P,2015-02-23,P
217730,2015-02-23,LP,2015-02-23,LP
217731,2015-02-23,LP,2024-11-20,LP
218802,2015-02-05,VUS,2025-10-28,VUS
219021,2015-07-13,P,2015-07-13,P
219524,2018-01-12,B,2026-02-01,B
219735,2015-10-20,VUS,2026-01-05,VUS
219984,2018-01-12,B,2026-01-12,B
219998,2023-06-06,VUS,2023-06-06,VUS
220093,2018-01-12,B,2026-01-24,B
220095,2015-09-23,B,2026-02-03,B
220230,2021-08-12,VUS,2021-08-12,VUS
220304,2018-01-13,B,2026-02-01,B
220305,2019-11-12,VUS,2025-02-05,VUS
220868,2010-01-01,P,2026-01-24,P
220869,2018-01-13,VUS,2024-09-03,VUS
221334,2015-07-20,VUS,2015-07-20,VUS
221357,2015-07-20,VUS,2015-07-20,VUS
221391,2015-07-20,VUS,2015-07-20,VUS
221392,2015-07-20,VUS,2015-07-20,VUS
221511,2015-07-20,VUS,2015-07-20,VUS
221522,2015-07-20,VUS,2015-07-20,VUS
223120,2011-08-12,VUS,2011-08-12,VUS
224960,2015-07-16,P,2015-07-16,P
225422,2016-03-18,LP,2016-03-18,LP
235204,2016-01-27,VUS,2025-04-25,VUS
235424,2015-12-21,B,2026-02-02,B
235609,2015-03-03,B,2026-02-04,B
235636,2015-12-23,VUS,2025-11-06,VUS
236464,2020-12-31,P,2025-05-02,P
236466,2016-06-05,P,2025-12-31,P
236467,2020-07-09,P,2022-02-10,P
236468,2019-06-26,P,2026-01-09,P
237627,2004-07-01,P,2018-10-10,P
240908,2019-08-06,LB,2025-12-31,LB
240909,2020-08-26,VUS,2024-04-29,VUS
240912,2022-08-23,VUS,2024-06-17,VUS
240965,2017-04-27,B,2026-02-01,B
240966,2018-01-13,B,2026-02-01,B
240968,2015-07-09,B,2026-02-01,B
240970,2021-09-06,LB,2025-12-21,LB
240971,2022-02-05,VUS,2022-02-05,VUS
241025,2015-12-16,P,2026-01-20,P
241584,2018-01-13,VUS,2025-12-15,VUS
241586,2016-03-13,VUS,2016-03-13,VUS
241703,2016-02-07,VUS,2016-02-07,VUS
241998,2017-04-27,B,2026-01-26,B
241999,2015-12-07,VUS,2015-12-07,VUS
242154,2016-12-12,LB,2026-01-22,LB
242155,2015-09-19,VUS,2025-05-18,VUS
242358,2020-02-01,P,2020-02-01,P
242360,2018-02-22,P,2025-08-23,P
242361,2016-02-10,P,2016-02-10,P
242364,2007-08-01,P,2024-06-10,P
243062,2015-11-12,P,2015-11-12,P
252976,2016-06-06,P,2016-06-06,P
253332,2016-01-20,LP,2016-01-20,LP
253388,2016-01-20,P,2016-01-20,P
253402,2016-01-20,P,2016-01-20,P
253441,2016-01-20,P,2016-01-20,P
253447,2016-01-20,P,2016-01-20,P
253459,2016-01-20,P,2016-01-20,P
253503,2016-01-20,P,2016-01-20,P
253520,2016-01-20,P,2016-01-20,P
253541,2016-01-20,P,2016-01-20,P
253547,2016-01-20,P,2016-01-20,P
253578,2016-01-20,P,2016-01-20,P
253636,2016-01-20,P,2016-01-20,P
253638,2016-01-20,P,2016-01-20,P
253660,2016-01-20,P,2016-01-20,P
253673,2016-01-20,P,2016-01-20,P
255704,2018-11-08,LB,2018-11-08,LB
255705,2018-07-06,B,2018-07-06,B
255707,2018-07-15,B,2018-07-15,B
255708,2016-04-05,B,2026-02-04,B
257089,2018-11-12,B,2018-11-12,B
257090,2018-01-12,B,2026-02-04,B
257091,2025-04-07,LB,2025-04-07,LB
257092,2019-07-17,B,2026-02-03,B
257094,2019-09-13,B,2019-09-13,B
260005,2018-01-13,B,2021-07-15,B
260006,2016-05-26,B,2026-02-04,B
260008,2021-07-15,B,2021-07-15,B
260009,2018-01-12,B,2026-02-04,B
260010,2026-01-12,LB,2026-01-12,LB
260011,2017-01-19,LB,2026-02-01,LB
260013,2018-01-12,B,2026-02-04,B
260014,2021-05-18,B,2021-05-18,B
260404,2024-08-05,LB,2024-08-05,LB
260408,2017-06-22,B,2025-11-28,B
260409,2018-11-12,B,2018-11-12,B
260411,2018-11-12,B,2018-11-12,B
260412,2019-09-06,B,2026-02-04,B
260413,2018-11-12,B,2022-02-28,B
260414,2018-11-12,B,2018-11-12,B
260416,2026-01-28,LB,2026-01-28,LB
260418,2020-06-16,B,2026-02-01,B
260419,2021-10-08,LB,2021-10-08,LB
260475,2021-05-04,B,2026-02-04,B
260476,2021-05-04,B,2026-02-04,B
260477,2026-02-01,B,2026-02-01,B
260478,2021-05-04,B,2026-02-02,B
260481,2021-05-04,B,2026-02-04,B
260482,2020-05-12,B,2026-02-04,B
260483,2016-03-29,B,2026-02-04,B
260484,2022-11-28,LB,2022-11-28,LB
260485,2021-05-04,B,2026-02-04,B
260487,2021-05-04,B,2026-02-01,B
260488,2021-05-04,B,2026-02-01,B
260489,2021-05-04,B,2026-02-02,B
260490,2021-07-22,B,2026-02-04,B
260519,2021-12-05,B,2026-01-19,B
260520,2021-12-05,B,2026-02-01,B
260521,2025-11-30,LB,2025-11-30,LB
260522,2021-05-05,B,2026-02-02,B
260523,2021-12-05,B,2026-02-04,B
260524,2021-05-05,B,2026-02-04,B
260525,2021-12-05,B,2026-01-29,B
260526,2021-12-05,B,2026-01-21,B
260528,2021-05-05,B,2026-02-01,B
260529,2021-12-05,B,2026-02-04,B
260530,2025-04-17,LB,2025-04-17,LB
260531,2019-06-20,B,2026-02-04,B
260533,2021-12-05,B,2026-01-21,B
260534,2021-12-05,B,2026-02-01,B
260535,2014-10-09,B,2026-02-02,B
260536,2021-12-05,B,2025-12-20,B
260537,2021-05-05,B,2026-02-02,B
260538,2021-12-05,B,2026-02-04,B
260539,2021-12-05,B,2026-02-01,B
260543,2018-01-13,B,2026-02-03,B
260544,2021-11-08,LB,2025-02-13,LB
260545,2016-12-12,B,2026-02-02,B
260546,2021-05-13,B,2021-09-05,B
260547,2021-05-13,B,2021-09-05,B
260548,2018-01-13,B,2026-01-18,B
260549,2021-10-12,LB,2025-11-28,LB
260550,2015-12-09,B,2026-02-02,B
260552,2025-08-22,LB,2025-08-22,LB
260553,2021-05-13,B,2021-05-13,B
260554,2021-05-13,B,2021-09-05,B
260557,2024-05-23,LB,2024-05-23,LB
260558,2026-01-27,B,2026-01-27,B
260559,2021-05-13,B,2021-09-05,B
260561,2018-01-13,B,2026-02-03,B
260601,2026-01-24,LB,2026-01-24,LB
260603,2021-11-24,LB,2026-01-18,LB
260606,2022-02-23,LB,2023-12-21,LB
260609,2026-01-26,LB,2026-01-26,LB
260610,2015-04-30,B,2026-01-31,B
260611,2025-04-10,LB,2025-04-10,LB
260612,2019-05-28,LB,2019-05-28,LB
261766,2018-04-04,LB,2025-11-11,LB
261771,2025-12-01,LB,2025-12-01,LB
261772,2021-04-08,LB,2026-01-26,LB
261773,2016-04-20,B,2026-02-01,B
261775,2016-05-10,B,2026-01-27,B
261777,2022-01-07,LB,2025-04-17,LB
261778,2017-02-28,B,2025-12-16,B
261779,2026-01-18,LB,2026-01-18,LB
261782,2019-05-20,LB,2025-10-27,LB
261783,2025-12-01,LB,2025-12-01,LB
261823,2018-05-10,B,2018-05-10,B
261826,2022-02-24,LB,2025-11-19,LB
261829,2026-02-01,LB,2026-02-01,LB
261830,2023-08-02,LB,2023-08-02,LB
261831,2023-09-19,LB,2023-09-19,LB
261833,2018-06-16,B,2018-06-16,B
261834,2018-08-06,LB,2018-08-06,LB
261836,2026-01-19,LB,2026-01-19,LB
261841,2018-06-26,LB,2018-06-26,LB
261842,2020-04-19,LB,2020-04-19,LB
261845,2018-06-26,B,2018-06-26,B
261846,2017-06-28,LB,2026-02-01,LB
261850,2016-09-14,LB,2026-01-18,LB
261851,2025-09-16,LB,2025-09-16,LB
261852,2026-01-14,B,2026-01-14,B
261855,2018-01-13,B,2022-11-14,B
261857,2018-01-12,B,2026-02-01,B
261858,2018-01-13,B,2026-01-30,B
261859,2018-01-13,B,2026-01-30,B
261862,2017-09-13,B,2026-02-04,B
261863,2018-01-12,B,2026-02-02,B
261864,2021-12-05,B,2025-11-19,B
261865,2021-11-04,LB,2025-09-05,LB
261866,2018-01-13,B,2026-02-04,B
261867,2018-01-13,B,2026-02-04,B
261868,2018-01-13,B,2026-02-02,B
262084,2018-01-13,B,2018-07-05,B
262085,2016-12-12,B,2026-02-04,B
262086,2021-07-27,B,2025-11-05,B
262697,2025-06-30,LB,2025-06-30,LB
262698,2022-02-02,LB,2024-05-06,LB
262702,2018-05-24,B,2026-02-04,B
262710,2016-01-22,B,2026-02-04,B
262713,2018-06-26,B,2018-06-26,B
262715,2025-12-27,LB,2025-12-27,LB
262740,2015-03-03,B,2023-02-07,B
262742,2015-03-03,B,2026-02-02,B
262744,2025-04-21,LB,2025-04-21,LB
262746,2023-05-01,LB,2023-05-01,LB
262747,2022-07-05,VUS,2026-01-08,VUS
262748,2018-06-16,B,2018-06-16,B
262750,2018-11-20,LB,2018-11-20,LB
262751,2021-05-06,LB,2021-10-27,LB
262753,2018-06-16,B,2018-06-16,B
262754,2015-03-03,B,2026-02-01,B
262757,2018-09-26,LB,2018-09-26,LB
262758,2016-03-28,LB,2025-12-14,LB
262836,2024-02-06,LB,2024-02-06,LB
262837,2025-12-13,B,2025-12-13,B
262838,2021-11-30,LB,2026-01-05,LB
262839,2022-01-08,LB,2025-07-16,LB
262840,2025-09-27,LB,2025-09-27,LB
262841,2022-04-20,LB,2026-01-08,LB
262843,2018-11-10,B,2026-02-03,B
262847,2018-11-10,B,2026-02-04,B
262849,2025-09-01,LB,2025-10-01,LB
262850,2025-04-08,B,2025-04-08,B
262851,2018-11-10,B,2026-02-03,B
262854,2022-01-18,LB,2025-12-25,LB
262859,2020-06-10,B,2026-01-26,B
262928,2018-01-13,B,2026-02-02,B
266093,2023-11-09,LP,2023-11-09,LP
268075,2016-09-20,P,2016-09-20,P
279751,2017-05-02,P,2026-01-04,P
280335,2016-02-11,P,2016-02-11,P
280343,2016-03-03,P,2016-03-03,P
280658,2023-04-28,P,2023-12-03,P
280765,2022-12-20,P,2026-01-06,P
280901,2016-10-19,P,2016-10-19,P
281166,2015-09-22,B,2015-09-22,B
281249,2015-04-08,VUS,2025-12-09,VUS
281411,2015-06-15,P,2025-08-16,P
281472,2015-06-26,VUS,2022-02-25,VUS
281535,2015-06-17,VUS,2025-08-14,VUS
281735,2018-04-26,VUS,2021-08-24,VUS
281975,2017-12-06,LB,2026-01-25,LB
282090,2015-08-18,VUS,2024-03-19,VUS
282224,2015-08-07,VUS,2023-09-12,VUS
282355,2015-09-14,P,2025-02-19,P
282763,2015-08-24,B,2026-02-01,B
283524,2015-10-05,P,2026-01-17,P
283803,2015-10-20,VUS,2025-11-01,VUS
283814,2017-04-28,VUS,2022-09-27,VUS
283881,2015-10-15,VUS,2024-03-19,VUS
283901,2015-10-28,P,2015-10-28,P
284308,2015-11-13,VUS,2015-11-13,VUS
284310,2015-11-13,P,2022-06-14,P
284418,2015-11-06,VUS,2015-11-06,VUS
284997,2015-11-23,VUS,2015-11-23,VUS
285385,2016-01-20,VUS,2016-01-20,VUS
285496,2016-01-12,VUS,2021-07-14,VUS
285516,2016-01-22,VUS,2024-12-16,VUS
285517,2016-01-22,VUS,2024-06-13,VUS
285915,2016-02-01,VUS,2021-09-17,VUS
286074,2015-08-26,P,2024-01-08,P
286338,2016-02-25,VUS,2022-06-20,VUS
286539,2016-02-25,VUS,2023-05-22,VUS
286566,2016-02-29,VUS,2016-02-29,VUS
286682,2016-03-22,VUS,2021-08-29,VUS
286687,2016-03-24,VUS,2025-06-04,VUS
286704,2016-03-29,VUS,2024-06-12,VUS
286705,2018-01-13,VUS,2025-05-26,VUS
286777,2016-03-14,VUS,2022-06-20,VUS
286797,2016-03-29,VUS,2025-12-09,VUS
286807,2016-03-22,VUS,2024-05-22,VUS
286862,2017-10-10,VUS,2025-10-09,VUS
286991,2016-04-07,VUS,2023-12-11,VUS
286995,2016-04-21,VUS,2023-07-03,VUS
287188,2016-04-14,VUS,2023-08-04,VUS
287251,2017-05-05,VUS,2024-12-02,VUS
287256,2016-03-29,VUS,2016-03-29,VUS
287321,2016-04-18,VUS,2022-03-13,VUS
287322,2016-09-07,VUS,2016-09-07,VUS
287506,2016-04-13,VUS,2016-04-13,VUS
287578,2016-05-24,VUS,2016-05-24,VUS
287583,2016-05-24,VUS,2022-10-07,VUS
287593,2016-05-12,LB,2026-02-02,LB
287667,2016-05-26,P,2024-05-22,P
287842,2016-06-07,VUS,2024-11-05,VUS
287860,2016-05-20,VUS,2016-05-20,VUS
287923,2016-05-03,VUS,2016-05-03,VUS
288104,2018-03-02,VUS,2025-12-04,VUS
288535,2016-06-13,VUS,2024-04-15,VUS
288724,2016-06-09,VUS,2016-06-09,VUS
288789,2016-06-21,VUS,2016-06-21,VUS
289035,2016-06-21,VUS,2025-05-28,VUS
289039,2016-06-21,VUS,2023-12-22,VUS
289200,2016-06-28,VUS,2024-04-18,VUS
289220,2016-08-23,VUS,2016-08-23,VUS
289539,2016-07-15,VUS,2016-07-15,VUS
289548,2016-07-14,VUS,2025-06-12,VUS
289736,2016-08-11,VUS,2022-02-27,VUS
289821,2016-07-26,VUS,2016-07-26,VUS
289977,2018-02-06,VUS,2025-10-07,VUS
290022,2016-08-08,P,2024-10-23,P
290074,2017-06-09,VUS,2025-10-29,VUS
290371,2016-08-11,VUS,2016-08-11,VUS
290374,2016-08-11,VUS,2016-08-11,VUS
290376,2016-08-11,VUS,2016-08-11,VUS
290380,2016-08-11,VUS,2024-09-12,VUS
290903,2017-11-10,VUS,2025-02-03,VUS
290948,2016-08-26,VUS,2024-02-24,VUS
290997,2016-09-22,VUS,2016-09-22,VUS
291039,2016-09-23,VUS,2024-11-11,VUS
291053,2016-09-22,VUS,2023-09-20,VUS
291099,2018-04-27,VUS,2024-10-23,VUS
291100,2017-09-26,VUS,2026-01-24,VUS
291105,2016-09-01,VUS,2024-06-25,VUS
291157,2017-03-28,VUS,2025-02-02,VUS
291179,2016-09-07,VUS,2016-09-07,VUS
291242,2016-09-15,VUS,2022-09-06,VUS
291245,2016-09-15,VUS,2021-11-10,VUS
291247,2016-09-15,VUS,2024-04-20,VUS
291277,2016-09-23,VUS,2023-12-26,VUS
291282,2016-09-23,VUS,2025-05-20,VUS
291291,2016-09-22,VUS,2023-12-29,VUS
296898,2018-01-13,VUS,2018-01-13,VUS
296899,2018-01-13,VUS,2018-01-13,VUS
296900,2018-01-12,VUS,2018-01-12,VUS
296901,2018-01-13,VUS,2018-01-13,VUS
296902,2018-01-13,VUS,2018-01-13,VUS
296903,2018-01-13,LB,2018-01-13,LB
296910,2018-01-13,B,2026-01-19,B
296912,2018-01-13,VUS,2024-07-16,VUS
296914,2018-01-13,VUS,2024-12-16,VUS
296915,2018-01-12,VUS,2018-01-12,VUS
296916,2018-01-13,VUS,2024-05-24,VUS
296917,2019-04-10,LB,2019-04-10,LB
296919,2018-01-13,VUS,2018-01-13,VUS
296922,2023-01-01,B,2023-01-01,B
297781,2018-01-13,B,2018-01-13,B
297782,2018-01-13,B,2018-01-13,B
297783,2018-01-13,VUS,2018-01-13,VUS
297784,2018-01-13,B,2026-01-24,B
297785,2018-01-13,VUS,2022-05-13,VUS
297791,2018-01-13,VUS,2024-05-23,VUS
297795,2017-09-08,VUS,2024-12-02,VUS
297796,2018-01-13,VUS,2018-01-13,VUS
297798,2017-12-27,VUS,2024-01-24,VUS
297799,2018-01-13,VUS,2018-01-13,VUS
297801,2018-01-13,VUS,2022-07-12,VUS
297802,2018-01-12,VUS,2018-01-12,VUS
297803,2017-10-20,VUS,2025-01-23,VUS
297805,2018-01-13,VUS,2026-01-26,VUS
297806,2018-01-13,VUS,2022-03-22,VUS
297807,2017-12-12,VUS,2024-06-07,VUS
297809,2018-01-13,VUS,2026-01-19,VUS
297810,2018-01-13,VUS,2025-04-03,VUS
297812,2018-01-13,VUS,2024-01-18,VUS
297813,2018-01-12,VUS,2018-01-12,VUS
297814,2018-01-13,VUS,2022-06-03,VUS
297815,2018-01-12,VUS,2026-01-08,VUS
297818,2018-01-12,VUS,2018-01-12,VUS
297821,2017-09-12,VUS,2024-01-17,VUS
297822,2018-01-13,VUS,2024-10-22,VUS
297824,2018-01-12,VUS,2025-10-06,VUS
297828,2018-01-13,VUS,2018-01-13,VUS
297829,2017-12-14,VUS,2025-05-04,VUS
297830,2016-12-12,VUS,2025-05-19,VUS
297833,2018-01-12,VUS,2018-01-12,VUS
297835,2018-01-13,VUS,2018-01-13,VUS
297836,2018-01-12,VUS,2018-01-12,VUS
310584,2018-01-13,VUS,2024-04-04,VUS
310586,2018-01-12,VUS,2025-09-22,VUS
310587,2026-01-09,LB,2026-01-09,LB
310590,2018-01-13,VUS,2023-02-14,VUS
310593,2018-01-12,VUS,2018-01-12,VUS
310594,2018-01-12,VUS,2024-04-14,VUS
310595,2018-01-13,VUS,2025-04-10,VUS
310596,2025-09-28,B,2025-09-28,B
310597,2018-01-12,VUS,2018-01-12,VUS
310598,2018-01-13,VUS,2018-01-13,VUS
310599,2018-01-13,VUS,2024-02-27,VUS
310601,2017-08-01,VUS,2025-09-22,VUS
310605,2018-01-13,VUS,2021-08-30,VUS
310609,2018-01-13,VUS,2024-11-15,VUS
310610,2018-01-13,VUS,2018-01-13,VUS
310612,2018-01-12,VUS,2024-12-03,VUS
310613,2018-01-13,VUS,2024-09-06,VUS
310615,2018-01-12,VUS,2024-11-10,VUS
310618,2018-01-13,VUS,2018-01-13,VUS
310620,2018-01-12,VUS,2024-07-30,VUS
310621,2018-01-13,VUS,2023-12-29,VUS
310622,2018-01-13,VUS,2018-01-13,VUS
310630,2026-01-26,B,2026-01-26,B
310631,2019-08-29,B,2026-01-06,B
310633,2018-01-13,VUS,2026-01-02,VUS
310637,2018-01-12,VUS,2018-01-12,VUS
310638,2018-01-13,VUS,2018-01-13,VUS
310639,2018-01-13,VUS,2018-01-13,VUS
310640,2018-01-13,VUS,2018-01-13,VUS
310641,2018-01-12,VUS,2018-01-12,VUS
310642,2018-01-13,VUS,2018-01-13,VUS
319208,2018-01-13,VUS,2018-01-13,VUS
319209,2018-01-12,VUS,2018-01-12,VUS
319211,2018-01-13,VUS,2026-02-01,VUS
319212,2018-01-12,VUS,2025-05-21,VUS
319214,2018-01-13,VUS,2018-01-13,VUS
319215,2018-01-13,B,2026-01-06,B
319219,2018-01-12,VUS,2024-03-29,VUS
319220,2018-01-13,B,2025-12-01,B
319221,2018-01-13,VUS,2018-01-13,VUS
319222,2018-01-13,VUS,2024-01-17,VUS
319223,2018-01-13,LB,2025-06-12,LB
319227,2018-01-12,VUS,2018-01-12,VUS
319228,2018-01-12,VUS,2018-01-12,VUS
319229,2018-01-13,LB,2018-01-13,LB
319230,2018-01-13,VUS,2018-01-13,VUS
319231,2018-01-13,LB,2018-01-13,LB
319232,2018-01-12,B,2019-10-07,B
319234,2018-01-12,B,2018-01-12,B
319236,2018-01-13,LB,2018-01-13,LB
319237,2018-01-13,VUS,2018-01-13,VUS
319238,2018-01-13,VUS,2018-01-13,VUS
319239,2018-01-12,VUS,2018-01-12,VUS
319240,2018-01-13,VUS,2018-01-13,VUS
319241,2018-01-13,B,2018-01-13,B
319242,2018-01-12,VUS,2018-01-12,VUS
319243,2018-01-13,VUS,2018-01-13,VUS
319244,2018-01-12,VUS,2018-01-12,VUS
319245,2018-01-12,LB,2018-01-12,LB
319246,2018-01-12,VUS,2018-01-12,VUS
319247,2018-01-12,VUS,2018-01-12,VUS
319249,2018-01-13,VUS,2018-01-13,VUS
319250,2018-01-13,VUS,2018-01-13,VUS
319251,2018-01-12,VUS,2018-01-12,VUS
319252,2018-01-13,B,2018-01-13,B
319253,2018-01-12,VUS,2018-01-12,VUS
319254,2018-01-13,B,2018-01-13,B
319255,2017-01-16,LB,2018-01-13,LB
319256,2018-01-13,B,2018-01-13,B
319257,2018-01-13,VUS,2018-01-13,VUS
319259,2018-01-13,VUS,2018-01-13,VUS
319260,2018-01-13,VUS,2018-01-13,VUS
319261,2018-01-12,VUS,2018-01-12,VUS
319262,2018-01-13,VUS,2018-01-13,VUS
319263,2018-01-12,VUS,2018-01-12,VUS
319264,2018-01-12,VUS,2018-01-12,VUS
319265,2018-01-12,VUS,2018-01-12,VUS
319623,2018-01-12,VUS,2018-01-12,VUS
319624,2018-01-13,B,2018-01-13,B
319627,2018-01-12,VUS,2018-01-12,VUS
319628,2018-01-13,VUS,2018-01-13,VUS
319629,2018-01-12,VUS,2018-01-12,VUS
319630,2018-01-13,VUS,2018-01-13,VUS
319631,2018-01-13,VUS,2018-01-13,VUS
319633,2018-01-13,VUS,2018-01-13,VUS
319634,2018-01-13,B,2018-01-13,B
319635,2018-01-13,VUS,2018-01-13,VUS
319636,2018-01-12,VUS,2018-01-12,VUS
319637,2018-01-13,VUS,2018-01-13,VUS
319638,2018-01-13,VUS,2018-01-13,VUS
319639,2018-01-12,VUS,2018-01-12,VUS
319640,2018-01-12,VUS,2018-01-12,VUS
319641,2018-01-12,VUS,2018-01-12,VUS
319642,2018-01-13,VUS,2018-01-13,VUS
319643,2018-01-13,VUS,2018-01-13,VUS
319644,2018-01-13,VUS,2018-01-13,VUS
319645,2018-01-13,B,2021-07-10,B
319648,2026-01-20,B,2026-01-20,B
319649,2018-01-13,VUS,2018-01-13,VUS
319650,2018-07-05,VUS,2024-10-27,VUS
319652,2018-01-13,VUS,2018-01-13,VUS
319653,2016-05-10,B,2026-02-02,B
319654,2018-01-13,VUS,2023-09-23,VUS
319657,2018-01-12,VUS,2024-11-05,VUS
319658,2018-01-12,VUS,2024-04-16,VUS
319659,2018-01-13,VUS,2024-02-03,VUS
319660,2018-01-13,VUS,2025-02-20,VUS
319662,2018-01-12,VUS,2018-01-12,VUS
319663,2018-01-12,VUS,2025-04-03,VUS
319667,2018-01-13,VUS,2022-11-15,VUS
319669,2018-01-13,VUS,2024-06-18,VUS
319671,2018-01-13,VUS,2018-01-13,VUS
319672,2018-01-13,VUS,2018-01-13,VUS
319673,2018-01-13,VUS,2018-01-13,VUS
322478,2018-01-13,VUS,2026-01-25,VUS
322479,2018-01-12,VUS,2025-06-06,VUS
322480,2018-01-13,VUS,2025-01-13,VUS
322481,2018-01-13,VUS,2025-11-23,VUS
322482,2018-01-12,VUS,2025-08-29,VUS
322484,2018-01-13,B,2026-02-01,B
322487,2018-01-13,VUS,2024-10-30,VUS
322488,2018-01-13,VUS,2018-01-13,VUS
322489,2018-01-13,VUS,2018-01-13,VUS
322490,2018-01-13,VUS,2018-01-13,VUS
322491,2018-01-12,VUS,2018-01-12,VUS
322492,2018-01-12,VUS,2018-01-12,VUS
322493,2018-01-13,VUS,2018-01-13,VUS
322494,2018-01-12,B,2018-01-12,B
322495,2018-01-13,VUS,2018-01-13,VUS
322496,2018-01-13,VUS,2018-01-13,VUS
322497,2018-01-13,VUS,2018-01-13,VUS
322498,2018-01-13,B,2018-01-13,B
322499,2018-01-13,VUS,2018-01-13,VUS
322500,2018-01-13,LB,2018-01-13,LB
322501,2018-01-13,VUS,2018-01-13,VUS
322502,2018-01-13,VUS,2018-01-13,VUS
330725,2018-01-13,VUS,2018-01-13,VUS
330726,2018-01-12,VUS,2018-01-12,VUS
330727,2017-12-06,VUS,2025-10-06,VUS
330728,2018-01-13,VUS,2024-09-05,VUS
330729,2016-03-04,VUS,2022-03-12,VUS
330731,2018-01-13,VUS,2018-01-13,VUS
330732,2017-10-06,VUS,2024-07-02,VUS
330733,2018-01-13,VUS,2018-01-13,VUS
330737,2018-01-12,VUS,2024-01-20,VUS
331798,2018-01-12,B,2018-01-12,B
331799,2018-01-12,LB,2018-01-12,LB
331800,2018-01-12,VUS,2018-01-12,VUS
331801,2018-01-12,B,2018-01-12,B
331802,2018-01-12,LB,2018-01-12,LB
331803,2018-01-12,VUS,2018-01-12,VUS
331804,2018-01-12,VUS,2018-01-12,VUS
331805,2018-01-12,LB,2018-01-12,LB
331806,2018-01-13,VUS,2018-01-13,VUS
331807,2018-01-13,VUS,2018-01-13,VUS
331808,2018-01-13,VUS,2018-01-13,VUS
331809,2018-01-13,VUS,2018-01-13,VUS
331810,2018-01-13,B,2018-01-13,B
331811,2018-01-13,B,2018-01-13,B
331812,2018-01-12,LB,2018-01-12,LB
331813,2018-01-12,VUS,2018-01-12,VUS
331814,2018-01-12,VUS,2018-01-12,VUS
331815,2018-01-13,VUS,2018-01-13,VUS
331816,2018-01-12,VUS,2018-01-12,VUS
331817,2018-01-13,VUS,2018-01-13,VUS
331818,2018-01-13,B,2018-08-17,B
331821,2018-01-12,VUS,2018-01-12,VUS
331822,2018-01-13,VUS,2018-01-13,VUS
331826,2018-01-13,VUS,2018-01-13,VUS
331831,2018-01-13,B,2026-02-01,B
331832,2018-01-13,VUS,2024-08-22,VUS
331833,2018-01-12,VUS,2018-01-12,VUS
331835,2018-01-12,VUS,2026-01-08,VUS
331836,2018-01-13,VUS,2026-02-02,VUS
331838,2018-01-12,VUS,2025-06-06,VUS
331842,2018-01-13,VUS,2025-11-30,VUS
331843,2018-01-12,VUS,2026-01-17,VUS
331844,2018-01-13,VUS,2024-09-04,VUS
331845,2018-01-12,VUS,2018-01-12,VUS
331846,2018-01-12,VUS,2018-01-12,VUS
331847,2018-01-12,VUS,2018-01-12,VUS
331848,2018-01-13,VUS,2018-01-13,VUS
331850,2022-04-05,VUS,2022-04-05,VUS
342767,2018-01-12,VUS,2018-01-12,VUS
342768,2018-01-12,B,2018-11-12,B
342769,2018-01-12,VUS,2018-01-12,VUS
342771,2018-01-12,VUS,2018-01-12,VUS
342772,2018-01-13,VUS,2018-01-13,VUS
342773,2024-06-02,LB,2024-06-02,LB
342774,2018-01-12,VUS,2018-01-12,VUS
342775,2018-01-13,VUS,2018-01-13,VUS
342778,2018-01-13,VUS,2018-01-13,VUS
342779,2018-01-12,VUS,2018-01-12,VUS
342781,2025-12-03,B,2025-12-03,B
342782,2018-01-13,VUS,2025-01-22,VUS
342786,2018-01-13,VUS,2018-01-13,VUS
342787,2018-01-12,LB,2018-01-12,LB
342788,2018-01-13,VUS,2018-01-13,VUS
342789,2018-01-12,VUS,2018-01-12,VUS
342790,2018-01-13,B,2018-01-13,B
343352,2018-01-13,VUS,2018-01-13,VUS
343354,2018-01-12,VUS,2018-01-12,VUS
343355,2018-01-12,VUS,2018-01-12,VUS
343356,2018-01-12,VUS,2018-01-12,VUS
343360,2018-01-13,VUS,2018-01-13,VUS
343362,2018-01-13,VUS,2018-01-13,VUS
343363,2018-01-13,B,2021-05-24,B
343367,2021-05-14,B,2021-05-14,B
343368,2018-01-13,VUS,2018-01-13,VUS
343371,2018-01-13,VUS,2018-01-13,VUS
343373,2018-01-12,VUS,2023-10-27,VUS
343374,2018-01-13,VUS,2023-06-09,VUS
343375,2017-10-04,VUS,2024-11-04,VUS
343376,2018-01-12,VUS,2024-05-25,VUS
343377,2018-01-13,VUS,2018-01-13,VUS
343378,2022-11-18,LB,2022-11-18,LB
343382,2017-10-25,VUS,2024-06-19,VUS
343383,2018-01-13,VUS,2025-04-12,VUS
343387,2022-05-17,VUS,2025-10-10,VUS
343388,2018-01-13,VUS,2018-01-13,VUS
343390,2018-02-22,VUS,2024-01-17,VUS
343392,2018-01-12,VUS,2024-12-05,VUS
343393,2018-01-13,VUS,2018-01-13,VUS
343395,2018-06-14,B,2020-08-10,B
348722,2018-01-13,LB,2018-01-13,LB
348725,2018-01-13,VUS,2024-01-24,VUS
348726,2018-01-13,VUS,2018-01-13,VUS
348727,2018-01-12,VUS,2024-01-14,VUS
348728,2018-01-12,VUS,2018-01-12,VUS
348729,2018-01-13,VUS,2024-05-02,VUS
348730,2025-12-20,LB,2025-12-20,LB
348734,2018-01-13,VUS,2018-01-13,VUS
348736,2018-01-12,VUS,2024-05-29,VUS
348741,2018-01-12,VUS,2022-01-04,VUS
348743,2018-01-12,VUS,2025-10-04,VUS
348745,2018-01-13,VUS,2024-04-01,VUS
348750,2021-11-25,VUS,2024-11-18,VUS
348751,2018-01-13,B,2026-01-27,B
348752,2018-01-13,VUS,2022-03-03,VUS
348753,2018-01-13,VUS,2018-01-13,VUS
348756,2018-01-13,VUS,2025-09-02,VUS
348757,2018-01-13,VUS,2018-01-13,VUS
348759,2018-01-13,VUS,2018-01-13,VUS
348760,2018-01-13,VUS,2018-01-13,VUS
348761,2018-01-13,VUS,2018-01-13,VUS
348762,2018-01-13,B,2018-01-13,B
363915,2017-07-03,LB,2022-06-24,LB
363916,2018-01-12,VUS,2022-06-22,VUS
363917,2018-01-13,VUS,2018-01-13,VUS
363918,2022-09-19,VUS,2022-09-19,VUS
363919,2018-01-12,VUS,2024-09-25,VUS
363922,2018-01-12,VUS,2018-01-12,VUS
363923,2018-01-13,VUS,2025-06-01,VUS
363924,2018-01-12,VUS,2024-12-02,VUS
363925,2018-01-13,VUS,2018-01-13,VUS
363926,2018-01-13,VUS,2018-01-13,VUS
363929,2018-01-12,VUS,2023-07-14,VUS
363930,2018-01-13,VUS,2018-01-13,VUS
363931,2018-01-13,VUS,2018-01-13,VUS
363932,2018-01-12,VUS,2018-01-12,VUS
363934,2018-01-13,VUS,2018-01-13,VUS
363935,2018-01-13,VUS,2018-01-13,VUS
363936,2018-01-13,VUS,2018-01-13,VUS
363937,2018-01-13,VUS,2018-01-13,VUS
363938,2018-01-12,VUS,2018-01-12,VUS
364217,2018-01-13,VUS,2018-01-13,VUS
364218,2018-01-13,LB,2018-01-13,LB
364219,2018-01-13,VUS,2018-01-13,VUS
364220,2016-03-29,B,2026-01-12,B
364223,2018-01-13,VUS,2022-09-27,VUS
364224,2018-01-13,VUS,2018-01-13,VUS
364225,2025-08-17,LB,2025-08-17,LB
364226,2024-03-04,LB,2024-03-04,LB
364228,2018-01-13,VUS,2018-01-13,VUS
364230,2018-03-01,VUS,2025-03-17,VUS
364231,2018-01-13,VUS,2025-07-15,VUS
364232,2018-01-12,VUS,2022-04-01,VUS
364233,2018-01-12,VUS,2018-01-12,VUS
364235,2018-01-13,VUS,2018-01-13,VUS
364237,2018-01-13,VUS,2018-01-13,VUS
364238,2018-01-12,VUS,2018-01-12,VUS
364245,2018-01-12,VUS,2018-01-12,VUS
369313,2018-06-16,B,2018-06-16,B
372612,2016-03-22,LP,2016-03-22,LP
372761,2016-10-11,P,2026-01-12,P
372998,2016-08-08,LP,2016-08-08,LP
373193,2016-11-17,VUS,2022-10-17,VUS
373994,2015-02-02,P,2025-08-06,P
374598,2016-07-01,LP,2025-09-17,LP
374783,2016-07-31,LP,2016-07-31,LP
377203,2016-09-13,LP,2024-05-10,LP
377316,2017-01-25,VUS,2017-01-25,VUS
379762,2016-05-10,B,2026-01-27,B
381161,2015-11-28,LB,2026-01-28,LB
381812,2015-12-07,LB,2023-11-02,LB
383641,2016-02-11,LB,2025-10-13,LB
383713,2016-02-16,LB,2023-12-01,LB
384306,2016-03-15,LB,2016-03-15,LB
384951,2016-03-31,LB,2025-03-01,LB
385384,2016-04-20,LB,2026-01-17,LB
385557,2016-04-25,LB,2025-12-26,LB
385639,2016-04-14,LB,2016-04-14,LB
385680,2016-04-29,LB,2026-01-28,LB
386272,2016-05-11,LB,2016-05-11,LB
386566,2016-06-03,LB,2025-02-10,LB
386950,2016-06-09,LB,2016-06-09,LB
387416,2016-07-05,LB,2025-12-14,LB
387798,2020-12-29,LB,2024-05-29,LB
387843,2016-07-26,LB,2025-12-16,LB
388118,2016-08-03,LB,2026-02-01,LB
388126,2016-08-02,VUS,2021-10-15,VUS
388320,2016-08-08,LB,2016-08-08,LB
388871,2016-08-31,VUS,2025-01-27,VUS
388995,2016-09-12,LB,2016-09-12,LB
389128,2016-09-01,LB,2016-09-01,LB
390921,2016-12-01,LB,2026-01-28,LB
391393,2019-02-06,LB,2025-09-03,LB
391617,2016-12-16,LB,2023-09-24,LB
392050,2020-01-28,VUS,2026-01-19,VUS
392659,2023-05-26,VUS,2025-10-02,VUS
392846,2017-01-30,VUS,2025-10-30,VUS
395707,2011-04-30,P,2011-04-30,P
395719,2011-04-30,P,2011-04-30,P
402224,2016-03-30,LP,2025-03-04,LP
402241,2016-04-19,LP,2016-04-19,LP
403710,2017-04-11,P,2017-04-11,P
403963,2016-09-01,P,2025-04-16,P
404138,2019-10-28,VUS,2022-07-06,VUS
406248,2021-02-01,VUS,2024-06-03,VUS
406249,2019-09-01,VUS,2025-04-13,VUS
406252,2020-09-16,VUS,2025-09-01,VUS
407080,2016-08-16,VUS,2016-08-16,VUS
411103,2021-07-27,VUS,2021-07-27,VUS
411104,2016-10-18,VUS,2016-10-18,VUS
411105,2025-12-01,P,2025-12-01,P
411114,2017-05-18,VUS,2023-12-13,VUS
411192,2018-04-05,VUS,2024-04-06,VUS
411582,2021-11-16,VUS,2024-01-22,VUS
411583,2023-11-03,P,2023-11-03,P
411950,2022-02-19,VUS,2025-09-01,VUS
413602,2022-11-01,LB,2022-11-01,LB
413603,2023-12-30,LB,2023-12-30,LB
413874,2018-04-18,LB,2024-03-08,LB
414268,2019-04-24,LB,2024-11-29,LB
416581,2022-10-24,LB,2022-10-24,LB
416582,2016-08-08,LB,2016-08-08,LB
416583,2016-08-25,LB,2016-08-25,LB
416611,2021-10-03,LB,2026-01-11,LB
416630,2025-06-12,LB,2025-06-12,LB
416631,2024-01-02,LB,2024-01-02,LB
416632,2023-06-25,LB,2023-06-25,LB
416983,2023-08-18,LB,2025-03-03,LB
417554,2016-08-14,P,2016-08-14,P
418808,2017-12-22,B,2017-12-22,B
418964,2019-08-12,B,2024-12-30,B
419171,2015-06-16,P,2015-06-16,P
419224,2015-07-18,P,2015-07-18,P
419494,2015-07-30,P,2015-07-30,P
419574,2015-09-08,P,2015-09-08,P
419632,2015-09-01,P,2015-09-01,P
420090,2018-05-01,VUS,2026-01-26,VUS
420091,2018-01-09,P,2025-12-03,P
420152,2019-12-19,VUS,2024-04-12,VUS
420705,2016-03-15,VUS,2020-09-16,VUS
420898,2020-03-06,VUS,2020-03-06,VUS
421248,2018-01-12,VUS,2025-08-20,VUS
421673,2020-11-04,P,2026-01-12,P
421712,2019-01-16,VUS,2024-05-30,VUS
421751,2016-07-26,VUS,2025-03-07,VUS
421840,2016-07-25,VUS,2016-07-25,VUS
421850,2019-10-28,VUS,2024-05-13,VUS
421970,2024-01-22,VUS,2025-01-13,VUS
421994,2017-04-11,VUS,2023-12-21,VUS
422365,2018-12-11,VUS,2025-04-20,VUS
422423,2016-10-17,VUS,2016-10-17,VUS
422534,2016-10-12,LP,2016-10-12,LP
422589,2019-05-09,B,2026-02-01,B
423303,2017-02-07,LP,2017-02-07,LP
423525,2017-02-24,VUS,2017-02-24,VUS
423908,2024-05-30,LP,2026-03-02,LP
424471,2017-03-31,LP,2017-03-31,LP
424472,2017-03-31,LP,2017-03-31,LP
424489,2017-04-03,VUS,2017-04-03,VUS
424528,2020-10-08,VUS,2024-02-09,VUS
424601,2017-04-01,VUS,2022-09-01,VUS
424602,2014-06-06,VUS,2025-05-15,VUS
425015,2017-02-01,LP,2017-02-01,LP
425016,2016-12-01,VUS,2016-12-01,VUS
425106,2016-10-01,VUS,2025-02-15,VUS
425213,2016-06-01,LP,2016-06-01,LP
425333,2016-10-01,VUS,2022-06-04,VUS
426779,2017-04-04,VUS,2024-11-05,VUS
426852,2017-03-30,VUS,2017-03-30,VUS
427860,2017-05-09,P,2024-10-18,P
429612,2017-05-08,VUS,2025-09-25,VUS
429616,2016-03-24,VUS,2025-01-02,VUS
429872,2015-09-20,P,2015-09-20,P
430726,2023-11-10,P,2023-11-10,P
431733,2016-07-20,LP,2016-07-20,LP
431747,2016-07-20,P,2016-07-20,P
432415,2016-12-09,LP,2026-01-13,LP
432503,2017-01-24,VUS,2022-08-31,VUS
432989,2018-11-01,VUS,2024-05-06,VUS
434738,2016-01-15,LB,2016-01-15,LB
434739,2016-11-21,VUS,2024-07-01,VUS
434741,2016-07-14,VUS,2024-08-14,VUS
434742,2017-06-21,VUS,2024-12-03,VUS
434743,2015-11-10,VUS,2022-02-14,VUS
435519,2016-11-15,VUS,2024-06-25,VUS
436026,2016-06-30,P,2025-12-14,P
437077,2015-10-20,VUS,2023-03-15,VUS
437078,2016-09-26,VUS,2016-09-26,VUS
438039,2015-01-01,LP,2015-01-01,LP
438040,2015-01-01,LP,2015-01-01,LP
438668,2017-04-20,P,2017-04-20,P
438669,2017-04-20,P,2017-04-20,P
439474,2017-03-08,P,2025-12-09,P
440361,2016-08-24,VUS,2024-02-21,VUS
441594,2014-04-22,P,2014-04-22,P
441627,2014-07-01,P,2014-07-01,P
441664,2015-03-31,P,2015-03-31,P
441727,2014-12-02,P,2014-12-02,P
441728,2015-07-14,P,2015-07-14,P
441773,2015-07-14,LP,2015-07-14,LP
441804,2014-08-01,P,2014-08-01,P
441812,2015-06-22,P,2015-06-22,P
441815,2015-07-14,P,2015-07-14,P
441816,2014-12-02,P,2014-12-02,P
441866,2014-09-16,P,2014-09-16,P
441889,2015-02-24,LP,2015-02-24,LP
441903,2014-12-02,P,2014-12-02,P
441904,2015-07-14,P,2015-07-14,P
441937,2014-05-05,P,2014-05-05,P
441983,2014-12-02,P,2014-12-02,P
441984,2015-07-14,P,2015-07-14,P
442200,2015-09-09,P,2015-09-09,P
442201,2015-03-05,P,2015-03-05,P
442386,2014-12-02,P,2014-12-02,P
442387,2015-07-14,P,2015-07-14,P
442396,2014-11-03,P,2014-11-03,P
442400,2015-07-14,P,2015-07-14,P
442401,2014-12-02,P,2014-12-02,P
442459,2014-05-05,VUS,2014-05-05,VUS
442551,2014-12-02,P,2014-12-02,P
442726,2014-06-03,P,2014-06-03,P
442741,2014-12-14,P,2014-12-14,P
442750,2014-07-01,P,2014-07-01,P
442768,2014-05-16,P,2014-05-16,P
442793,2014-05-16,LP,2014-05-16,LP
442863,2014-04-22,P,2014-04-22,P
442872,2015-02-24,P,2015-02-24,P
442919,2014-06-03,P,2014-06-03,P
442986,2015-08-27,VUS,2015-08-27,VUS
442997,2014-12-02,P,2014-12-02,P
442998,2015-07-14,P,2015-07-14,P
443120,2015-07-14,P,2015-07-14,P
443121,2014-12-02,P,2014-12-02,P
443126,2014-06-23,VUS,2014-06-23,VUS
443183,2014-09-12,P,2014-09-12,P
443444,2014-09-12,P,2014-09-12,P
443473,2014-06-23,P,2014-06-23,P
443477,2014-07-07,P,2014-07-07,P
443478,2015-06-22,P,2015-06-22,P
443550,2013-05-22,P,2013-05-22,P
443619,2014-08-15,P,2014-08-15,P
443883,2014-08-15,P,2014-08-15,P
443924,2015-03-26,P,2015-03-26,P
443986,2015-07-14,P,2015-07-14,P
444301,2017-06-01,VUS,2024-03-13,VUS
444302,2017-06-01,VUS,2017-06-01,VUS
444527,2017-06-01,VUS,2017-06-01,VUS
444633,2017-06-01,VUS,2024-01-20,VUS
445810,2017-06-02,VUS,2017-06-02,VUS
446634,2017-06-01,P,2025-10-27,P
446637,2017-06-01,P,2017-06-01,P
446640,2017-06-01,P,2017-06-01,P
446641,2017-06-01,P,2025-03-31,P
446642,2017-06-01,P,2025-11-24,P
446646,2017-06-01,LP,2017-06-01,LP
446648,2017-06-01,P,2017-06-01,P
446649,2017-06-01,P,2025-09-05,P
446650,2017-06-01,P,2024-11-18,P
446651,2017-06-01,P,2018-06-18,P
446691,2017-06-01,VUS,2024-08-06,VUS
446699,2017-06-01,LP,2017-06-01,LP
448961,2017-05-09,P,2021-06-17,P
449519,2017-04-28,VUS,2024-08-27,VUS
449539,2022-02-23,VUS,2024-08-06,VUS
450208,2019-08-19,VUS,2019-08-19,VUS
450243,2017-07-14,VUS,2017-07-14,VUS
450244,2017-07-14,VUS,2021-09-01,VUS
450277,2017-07-03,VUS,2024-07-15,VUS
450290,2017-07-10,VUS,2024-07-17,VUS
450312,2020-05-18,VUS,2022-09-27,VUS
450915,2023-09-01,P,2026-01-15,P
450978,2019-01-02,VUS,2024-06-01,VUS
451500,2017-08-31,VUS,2025-09-26,VUS
452440,2017-10-12,VUS,2020-08-03,VUS
452809,2017-10-23,VUS,2024-11-22,VUS
453097,2017-11-02,VUS,2017-11-02,VUS
453297,2016-06-20,P,2016-06-20,P
459285,2021-08-20,VUS,2025-04-14,VUS
459286,2022-02-03,VUS,2022-02-03,VUS
459289,2017-02-28,LB,2017-02-28,LB
461757,2017-03-21,VUS,2017-03-21,VUS
461758,2025-12-13,LB,2025-12-13,LB
461759,2018-07-19,VUS,2024-10-28,VUS
461774,2022-03-29,P,2022-03-29,P
461775,2019-10-28,VUS,2025-07-22,VUS
461776,2021-08-31,VUS,2024-01-12,VUS
461777,2018-02-01,P,2025-07-18,P
461778,2019-10-28,VUS,2024-08-26,VUS
461779,2019-09-08,VUS,2024-06-28,VUS
461781,2020-10-05,LB,2026-01-16,LB
461783,2020-09-16,VUS,2024-01-05,VUS
461784,2020-09-16,VUS,2025-01-13,VUS
461785,2022-02-22,P,2022-02-22,P
461786,2022-09-07,P,2022-09-07,P
461787,2020-09-16,LP,2024-03-04,LP
462702,2019-12-22,P,2019-12-22,P
462703,2017-02-10,B,2017-02-10,B
462704,2019-01-28,VUS,2019-01-28,VUS
462705,1997-10-01,P,2025-02-22,P
462706,2026-01-24,LB,2026-01-24,LB
462709,2022-07-19,VUS,2022-07-19,VUS
462710,2018-08-15,VUS,2025-11-20,VUS
462712,2021-08-20,VUS,2024-06-17,VUS
462713,2022-07-12,VUS,2022-07-12,VUS
462714,2017-03-08,LB,2017-03-08,LB
462715,2018-03-02,VUS,2023-01-24,VUS
462716,2017-02-01,VUS,2017-02-01,VUS
462718,2017-04-27,VUS,2024-02-15,VUS
462719,2018-01-12,B,2026-01-28,B
462721,2017-03-15,LB,2017-03-15,LB
462723,2022-07-19,VUS,2024-06-18,VUS
462724,2017-04-29,VUS,2017-04-29,VUS
462727,2022-02-10,VUS,2022-02-10,VUS
462729,2021-08-27,VUS,2021-08-27,VUS
462730,2020-03-26,P,2025-11-23,P
462732,2018-08-16,VUS,2024-10-25,VUS
462733,2018-06-27,VUS,2024-04-23,VUS
471073,2019-11-11,P,2019-11-11,P
471778,2026-01-29,B,2026-01-29,B
471779,2017-02-06,P,2017-02-06,P
471780,2022-04-04,VUS,2025-04-10,VUS
473053,2024-09-05,VUS,2024-09-05,VUS
473054,2025-08-11,LB,2025-08-11,LB
473055,2022-08-06,VUS,2025-05-06,VUS
473057,2026-01-26,LB,2026-01-26,LB
473058,2025-11-11,LB,2025-11-11,LB
473059,2017-06-26,LB,2017-06-26,LB
473060,2026-02-01,B,2026-02-01,B
473061,2019-06-20,B,2026-01-22,B
473062,2025-12-17,B,2025-12-17,B
473079,2021-12-15,LB,2026-01-12,LB
473080,2023-05-16,LB,2023-05-16,LB
473081,2021-09-28,LB,2026-01-27,LB
473082,2022-06-04,VUS,2022-06-04,VUS
473084,2021-12-15,LB,2026-01-12,LB
473085,2023-07-01,LB,2026-01-26,LB
474441,2024-10-25,LB,2024-10-25,LB
474442,2024-07-01,VUS,2024-10-29,VUS
474443,2021-10-27,LB,2026-01-06,LB
474445,2022-06-13,LB,2022-06-13,LB
474446,2021-09-02,VUS,2024-04-13,VUS
474448,2025-12-19,LB,2025-12-19,LB
474449,2021-08-31,VUS,2024-06-13,VUS
474450,2022-06-13,VUS,2022-06-13,VUS
474452,2019-07-03,VUS,2025-04-07,VUS
474454,2020-10-02,B,2026-01-31,B
474455,2022-05-24,VUS,2024-04-02,VUS
474960,2018-01-13,VUS,2024-10-22,VUS
476155,2018-01-12,B,2026-02-02,B
476157,2022-10-23,VUS,2023-10-13,VUS
476158,2024-01-08,VUS,2024-04-23,VUS
476159,2025-02-26,LB,2025-02-26,LB
488821,2015-01-01,P,2024-02-11,P
489050,2017-08-16,LP,2017-08-16,LP
490179,2018-02-14,P,2018-02-14,P
490181,2018-02-14,P,2018-02-14,P
490182,2018-02-14,P,2018-02-14,P
490183,2018-02-14,P,2025-06-12,P
490184,2018-02-14,P,2024-01-15,P
493569,2017-10-31,LP,2017-10-31,LP
493590,2017-10-31,VUS,2017-10-31,VUS
495337,2017-06-26,VUS,2022-05-17,VUS
495339,2017-06-26,VUS,2017-06-26,VUS
495340,2017-06-26,VUS,2017-06-26,VUS
496840,2018-05-24,VUS,2025-02-14,VUS
496855,2017-02-10,B,2017-02-10,B
496917,2013-08-30,P,2019-03-26,P
497253,2018-02-03,VUS,2025-08-14,VUS
497319,2016-09-28,VUS,2024-07-01,VUS
497321,2016-09-28,VUS,2025-02-15,VUS
497410,2016-10-04,VUS,2025-04-20,VUS
497473,2016-10-18,VUS,2024-04-12,VUS
497475,2016-11-09,P,2025-08-28,P
497600,2016-09-26,VUS,2016-09-26,VUS
497620,2016-09-27,VUS,2024-05-24,VUS
497623,2016-09-26,VUS,2016-09-26,VUS
497681,2016-10-24,VUS,2025-06-12,VUS
497685,2016-10-24,VUS,2022-06-04,VUS
497758,2016-11-15,VUS,2025-04-21,VUS
497762,2016-10-03,LP,2024-09-04,LP
497779,2017-07-18,VUS,2024-01-04,VUS
497874,2018-05-29,VUS,2024-04-16,VUS
497894,2016-11-01,VUS,2024-04-07,VUS
497917,2016-11-10,VUS,2024-09-12,VUS
497937,2016-11-18,P,2026-01-26,P
497942,2016-10-27,VUS,2025-06-12,VUS
497957,2016-10-11,VUS,2025-07-31,VUS
497966,2016-10-11,VUS,2025-08-07,VUS
497980,2016-11-04,VUS,2016-11-04,VUS
497982,2016-11-04,P,2021-06-30,P
498014,2016-10-27,P,2022-04-06,P
498028,2016-10-17,VUS,2016-10-17,VUS
498043,2016-10-17,VUS,2024-10-06,VUS
498131,2016-10-21,VUS,2025-05-05,VUS
498135,2017-10-13,VUS,2022-07-05,VUS
498139,2016-10-24,VUS,2025-12-17,VUS
498160,2016-10-24,VUS,2016-10-24,VUS
498172,2016-10-26,VUS,2016-10-26,VUS
498314,2016-11-30,VUS,2024-02-19,VUS
498330,2016-11-01,VUS,2024-10-03,VUS
498416,2016-11-04,VUS,2016-11-04,VUS
498434,2016-11-09,P,2024-11-20,P
498436,2017-12-06,VUS,2024-12-02,VUS
498438,2016-11-07,VUS,2016-11-07,VUS
498441,2016-11-09,VUS,2016-11-09,VUS
498547,2016-12-19,VUS,2016-12-19,VUS
498548,2016-12-19,VUS,2024-03-05,VUS
498606,2016-11-14,VUS,2016-11-14,VUS
498685,2016-11-16,VUS,2016-11-16,VUS
498701,2016-11-16,VUS,2024-10-29,VUS
498706,2016-11-16,VUS,2016-11-16,VUS
498745,2016-11-18,VUS,2016-11-18,VUS
499123,2016-12-07,VUS,2024-06-12,VUS
499231,2016-12-12,VUS,2024-09-18,VUS
499232,2016-12-12,VUS,2016-12-12,VUS
499254,2016-12-15,VUS,2026-02-17,VUS
499325,2016-12-19,VUS,2025-09-01,VUS
499335,2016-12-20,VUS,2022-08-22,VUS
499341,2016-12-20,VUS,2024-10-12,VUS
499365,2016-12-22,VUS,2016-12-22,VUS
499386,2016-12-27,VUS,2024-11-04,VUS
499590,2018-08-14,VUS,2025-08-13,VUS
499597,2018-01-12,VUS,2022-08-16,VUS
499619,2017-01-03,VUS,2022-07-05,VUS
499758,2018-08-15,VUS,2024-05-24,VUS
499799,2018-01-29,VUS,2024-05-01,VUS
499828,2017-01-09,VUS,2025-06-24,VUS
499980,2017-01-16,VUS,2021-12-21,VUS
499991,2017-10-05,VUS,2024-05-24,VUS
500029,2017-01-18,VUS,2017-01-18,VUS
500153,2018-04-19,VUS,2024-03-01,VUS
500165,2018-06-19,VUS,2025-12-04,VUS
500245,2017-10-04,VUS,2024-06-02,VUS
500247,2017-02-01,VUS,2022-03-04,VUS
500251,2017-02-01,VUS,2024-04-29,VUS
500284,2017-02-22,VUS,2024-10-12,VUS
500381,2017-02-08,P,2017-02-08,P
500412,2017-02-07,VUS,2025-05-28,VUS
500559,2017-12-18,VUS,2025-01-21,VUS
500561,2017-02-23,VUS,2025-06-04,VUS
500573,2017-02-22,VUS,2025-11-03,VUS
500585,2017-03-07,VUS,2017-03-07,VUS
500646,2017-02-27,VUS,2024-04-04,VUS
500650,2017-02-27,VUS,2025-08-13,VUS
500750,2017-03-08,VUS,2023-01-15,VUS
500865,2017-03-15,VUS,2017-03-15,VUS
500889,2018-07-05,P,2024-04-22,P
500896,2017-12-05,VUS,2025-09-28,VUS
500947,2017-03-20,VUS,2025-04-10,VUS
500952,2017-03-21,VUS,2017-03-21,VUS
500972,2017-03-21,VUS,2024-04-19,VUS
501168,2017-03-30,VUS,2022-08-07,VUS
501325,2017-04-06,B,2026-02-04,B
501362,2017-04-10,VUS,2021-11-08,VUS
501365,2018-01-13,VUS,2025-03-14,VUS
501426,2017-04-11,VUS,2024-08-07,VUS
501427,2017-04-11,VUS,2024-08-07,VUS
501429,2017-04-11,VUS,2022-08-07,VUS
501692,2017-05-02,VUS,2017-05-02,VUS
501697,2017-05-02,P,2025-07-17,P
501699,2017-05-02,VUS,2022-06-18,VUS
501720,2018-06-12,VUS,2024-08-12,VUS
501840,2017-05-04,VUS,2025-01-29,VUS
501849,2017-05-02,VUS,2017-05-02,VUS
501860,2018-06-13,VUS,2025-01-29,VUS
501861,2017-05-02,VUS,2025-08-21,VUS
501862,2018-06-13,VUS,2025-06-12,VUS
501936,2017-05-08,VUS,2017-05-08,VUS
501949,2018-08-08,VUS,2025-12-03,VUS
502038,2017-05-18,VUS,2017-05-18,VUS
502039,2017-05-18,VUS,2024-05-31,VUS
502053,2017-05-19,VUS,2017-05-19,VUS
502177,2017-05-26,VUS,2017-05-26,VUS
502284,2017-05-25,VUS,2025-04-25,VUS
502325,2017-05-30,VUS,2022-06-27,VUS
502337,2017-05-31,VUS,2025-11-14,VUS
502353,2017-05-31,VUS,2024-06-17,VUS
502362,2017-05-31,VUS,2017-05-31,VUS
502367,2017-05-31,VUS,2022-12-06,VUS
502368,2017-05-31,VUS,2025-06-23,VUS
502416,2017-06-02,VUS,2022-08-16,VUS
502514,2017-12-13,VUS,2024-12-09,VUS
502563,2017-06-14,VUS,2017-06-14,VUS
502602,2017-06-15,VUS,2017-06-15,VUS
502622,2017-06-28,VUS,2025-08-21,VUS
502699,2017-06-22,B,2026-01-28,B
502708,2017-06-23,VUS,2025-05-05,VUS
502736,2017-06-27,VUS,2023-12-19,VUS
502745,2017-06-27,VUS,2023-12-17,VUS
502784,2017-06-29,VUS,2017-06-29,VUS
502785,2017-06-29,VUS,2024-04-18,VUS
502793,2017-06-29,VUS,2024-08-05,VUS
503597,2016-05-25,VUS,2016-05-25,VUS
503782,2017-11-06,P,2017-11-06,P
503803,2020-01-27,LP,2024-02-04,LP
503832,2017-11-22,P,2017-11-22,P
504449,2024-02-13,P,2024-02-13,P
504877,2017-09-01,P,2024-03-19,P
505092,2016-06-06,LP,2016-06-06,LP
506012,2017-01-01,P,2024-04-14,P
507586,2017-03-06,LB,2025-09-29,LB
507671,2017-02-28,LB,2025-10-02,LB
509487,2017-05-15,LB,2026-01-27,LB
510057,2017-06-13,LB,2017-06-13,LB
510559,2018-11-01,LB,2026-01-07,LB
510630,2017-07-06,LB,2017-07-06,LB
510778,2017-07-18,LB,2023-12-21,LB
511206,2017-08-03,LB,2025-04-01,LB
512061,2017-09-15,LB,2023-12-25,LB
512387,2017-09-29,LB,2025-11-24,LB
512426,2017-10-12,LB,2017-10-12,LB
513697,2017-12-04,LB,2025-04-13,LB
514395,2018-01-18,LB,2018-01-18,LB
514501,2018-01-02,LB,2025-11-16,LB
514745,2018-01-12,LB,2026-01-13,LB
514939,2018-01-18,LB,2024-12-16,LB
515296,2018-02-09,LB,2024-02-17,LB
515914,2018-03-12,LB,2018-03-12,LB
516051,2018-03-13,LB,2018-03-13,LB
516068,2019-11-01,LB,2026-01-28,LB
518197,2020-05-27,LB,2026-01-31,LB
522320,2017-06-28,LB,2026-01-15,LB
522523,2017-10-16,VUS,2017-10-16,VUS
522742,2017-12-03,P,2025-07-11,P
523269,2017-01-01,P,2017-01-01,P
523294,2017-01-01,LP,2017-01-01,LP
523535,2017-01-01,LP,2017-01-01,LP
523562,2017-01-01,LP,2017-01-01,LP
523947,2019-05-16,P,2025-12-19,P
524189,2018-02-02,LP,2018-02-02,LP
528906,2022-07-05,P,2022-07-05,P
528907,2023-07-14,LP,2023-07-14,LP
530654,2017-12-14,P,2022-10-17,P
530894,2021-08-27,VUS,2024-08-09,VUS
530898,2021-05-07,VUS,2022-10-24,VUS
530899,2021-09-23,P,2021-09-23,P
530900,2023-07-14,LP,2023-07-14,LP
530903,2021-10-27,P,2025-12-03,P
530904,2019-09-19,VUS,2024-05-31,VUS
530911,2021-04-27,P,2025-12-26,P
530912,2021-08-27,VUS,2021-08-27,VUS
530913,2018-07-03,VUS,2026-02-01,VUS
530914,2019-10-28,VUS,2024-11-04,VUS
530915,2019-10-28,VUS,2025-03-27,VUS
530916,2021-12-01,VUS,2022-06-27,VUS
530917,2017-08-13,P,2017-08-13,P
530918,2019-01-30,P,2025-07-29,P
530919,2017-08-11,LP,2020-08-20,LP
530920,2019-10-28,VUS,2024-02-26,VUS
530921,2018-07-03,VUS,2026-02-01,VUS
530922,2018-07-03,VUS,2026-02-01,VUS
530923,2021-08-28,VUS,2024-05-22,VUS
530924,2024-10-07,LB,2024-10-07,LB
531617,2021-07-13,VUS,2021-07-13,VUS
531618,2017-12-20,VUS,2025-10-07,VUS
531620,2022-08-23,VUS,2022-08-23,VUS
531621,2022-10-13,VUS,2022-10-13,VUS
531622,2018-01-23,VUS,2018-02-21,VUS
531623,2021-09-02,VUS,2022-03-09,VUS
531625,2018-01-12,VUS,2024-10-25,VUS
531626,2024-10-08,VUS,2024-10-08,VUS
531627,2021-08-30,VUS,2024-08-27,VUS
531628,2022-08-31,VUS,2022-08-31,VUS
531629,2017-11-13,P,2017-11-13,P
531630,2021-03-30,VUS,2025-10-06,VUS
531631,2021-08-28,VUS,2024-05-02,VUS
531632,2018-06-07,VUS,2024-12-02,VUS
531633,2022-07-20,LB,2022-07-20,LB
531634,2024-05-20,LB,2024-05-20,LB
531635,2025-06-12,LB,2025-06-12,LB
531636,2021-07-23,LB,2026-01-19,LB
531637,2025-07-03,LB,2025-07-03,LB
531638,2024-04-17,LB,2024-04-17,LB
531639,2017-10-27,VUS,2017-10-27,VUS
539139,2019-11-25,LB,2026-01-31,LB
539140,2024-02-24,LP,2024-06-01,LP
539141,2022-06-27,LP,2022-06-27,LP
539142,2019-05-08,VUS,2024-03-07,VUS
539143,2025-08-03,LB,2025-08-03,LB
540270,2017-08-29,VUS,2017-08-29,VUS
540271,2017-12-05,VUS,2017-12-05,VUS
540272,2022-08-23,LB,2022-08-23,LB
540273,2025-04-26,LB,2025-04-26,LB
540274,2022-08-22,LB,2022-08-22,LB
540276,2025-09-02,LB,2025-09-02,LB
540295,2022-03-24,LB,2025-12-30,LB
540296,2024-11-19,B,2026-01-26,B
540297,2024-08-05,B,2026-01-26,B
541400,2021-08-28,VUS,2021-12-20,VUS
541401,2025-04-17,VUS,2025-04-17,VUS
541402,2024-02-05,VUS,2025-05-26,VUS
541403,2017-11-30,VUS,2017-11-30,VUS
541793,2018-01-12,VUS,2024-10-22,VUS
542761,2022-07-06,P,2022-07-06,P
542762,2022-02-04,VUS,2022-07-26,VUS
545539,2018-06-18,P,2018-06-18,P
545704,2018-06-05,P,2026-01-21,P
546275,2018-05-17,VUS,2025-08-21,VUS
546277,2018-05-17,VUS,2025-01-06,VUS
546717,2018-02-01,VUS,2018-02-01,VUS
558757,2018-05-01,VUS,2018-05-01,VUS
558758,2018-05-01,VUS,2018-05-01,VUS
558759,2018-05-01,P,2024-04-23,P
558760,2018-05-01,VUS,2021-01-12,VUS
558761,2018-05-01,P,2023-04-01,P
559402,2018-05-01,VUS,2018-05-01,VUS
560135,2018-03-30,LP,2018-03-30,LP
560436,2016-09-01,P,2016-09-01,P
560468,2016-09-01,P,2024-03-09,P
562343,2024-11-05,P,2024-11-05,P
562355,2018-09-16,P,2025-12-10,P
562402,2018-09-16,P,2018-09-16,P
562604,2017-09-11,VUS,2017-09-11,VUS
562628,2018-04-03,LB,2018-04-03,LB
562663,2018-02-06,LP,2018-02-06,LP
562679,2023-07-06,P,2023-07-06,P
562809,2017-12-29,P,2017-12-29,P
562874,2018-01-15,P,2018-01-15,P
562906,2022-06-09,VUS,2022-06-09,VUS
563556,2018-01-17,P,2018-01-17,P
563574,2019-01-23,VUS,2019-01-23,VUS
563876,2018-01-18,LP,2018-01-18,LP
563884,2024-10-18,P,2024-10-18,P
563983,2017-10-10,VUS,2017-10-10,VUS
564254,2018-03-29,P,2018-03-29,P
564256,2018-01-03,P,2018-01-03,P
564258,2024-02-19,P,2024-02-19,P
565059,2018-05-16,P,2018-05-16,P
565225,2017-11-15,P,2017-11-15,P
565232,2017-08-25,P,2017-08-25,P
565240,2017-10-27,LP,2017-10-27,LP
565241,2017-08-15,P,2017-08-15,P
565244,2017-07-17,P,2017-07-17,P
565245,2018-05-31,VUS,2018-05-31,VUS
565246,2017-08-15,VUS,2017-08-15,VUS
565773,2020-04-17,VUS,2024-02-21,VUS
566103,2018-01-13,VUS,2022-09-27,VUS
566217,2017-11-11,LP,2024-07-25,LP
566534,2022-07-12,VUS,2024-06-28,VUS
566672,2024-03-12,VUS,2026-01-12,VUS
567470,2021-03-06,P,2023-04-10,P
567567,2018-01-25,VUS,2022-05-12,VUS
567789,2019-09-19,VUS,2024-01-18,VUS
568100,2024-01-23,LP,2025-11-15,LP
568142,2018-04-11,VUS,2018-04-11,VUS
568160,2020-02-28,VUS,2024-03-07,VUS
568178,2022-05-03,VUS,2024-11-11,VUS
568738,2018-04-09,P,2018-04-09,P
569196,2017-11-24,P,2024-07-10,P
569914,2017-07-19,P,2025-08-03,P
569915,2018-02-28,VUS,2018-02-28,VUS
570641,2020-04-17,VUS,2026-01-05,VUS
571089,2022-02-24,P,2022-02-24,P
571528,2021-08-20,VUS,2021-08-20,VUS
571622,2017-12-01,P,2017-12-01,P
571651,2024-02-28,VUS,2024-08-13,VUS
571707,2018-04-30,VUS,2018-04-30,VUS
572028,2018-07-17,VUS,2018-07-17,VUS
572325,2021-08-13,VUS,2022-03-19,VUS
572652,2018-11-21,P,2025-12-29,P
573010,2021-05-03,P,2021-05-03,P
573184,2022-01-01,VUS,2024-09-03,VUS
573786,2020-02-29,VUS,2024-09-16,VUS
574586,2021-08-24,VUS,2023-12-23,VUS
574833,2018-07-17,VUS,2022-06-13,VUS
574976,2018-03-22,P,2018-03-22,P
575833,2020-05-26,VUS,2023-06-13,VUS
578257,2025-11-09,VUS,2025-11-09,VUS
578474,2022-04-26,LP,2024-07-13,LP
578586,2017-08-22,VUS,2025-12-19,VUS
578618,2018-11-22,P,2025-03-04,P
578963,2022-09-01,VUS,2022-09-01,VUS
579133,2021-04-05,VUS,2025-08-25,VUS
579607,2020-06-01,P,2025-07-29,P
580310,2022-08-16,VUS,2025-09-27,VUS
580774,2018-03-15,VUS,2024-12-10,VUS
581067,2022-01-01,P,2024-10-25,P
581075,2025-07-27,VUS,2025-07-27,VUS
581329,2023-11-11,LP,2024-12-03,LP
582762,2021-08-26,VUS,2024-06-04,VUS
582840,2018-07-17,VUS,2018-07-17,VUS
583618,2017-12-13,P,2017-12-13,P
583808,2023-01-19,P,2023-01-19,P
583935,2022-11-02,P,2022-11-02,P
585307,2017-01-30,P,2025-10-22,P
591049,2018-09-16,VUS,2021-06-29,VUS
591069,2018-09-16,VUS,2018-09-16,VUS
591092,2018-09-16,VUS,2018-09-16,VUS
591093,2018-09-16,VUS,2018-09-16,VUS
591099,2018-09-16,VUS,2018-09-16,VUS
591140,2018-09-16,VUS,2018-09-16,VUS
591145,2018-09-16,VUS,2018-09-16,VUS
591151,2018-09-16,VUS,2018-09-16,VUS
591192,2018-09-16,VUS,2024-06-03,VUS
591200,2018-09-16,VUS,2018-09-16,VUS
591202,2018-09-16,VUS,2018-09-16,VUS
591218,2018-09-16,VUS,2018-09-16,VUS
591300,2018-09-16,VUS,2018-09-16,VUS
591350,2018-09-16,VUS,2018-09-16,VUS
591353,2018-09-16,VUS,2018-09-16,VUS
591364,2018-09-16,VUS,2018-09-16,VUS
591387,2018-09-16,VUS,2018-09-16,VUS
591420,2018-09-16,VUS,2018-09-16,VUS
591431,2018-09-16,VUS,2018-09-16,VUS
591439,2018-09-16,VUS,2018-09-16,VUS
591473,2018-09-16,VUS,2018-09-16,VUS
591505,2018-09-16,VUS,2018-09-16,VUS
591512,2018-09-16,VUS,2018-09-16,VUS
591552,2018-09-16,VUS,2018-09-16,VUS
591568,2018-09-16,VUS,2018-09-16,VUS
591589,2018-09-16,VUS,2018-09-16,VUS
591631,2018-09-16,VUS,2018-09-16,VUS
591656,2018-09-16,VUS,2018-09-16,VUS
591671,2018-09-16,VUS,2018-09-16,VUS
591686,2018-09-16,VUS,2018-09-16,VUS
591804,2018-09-16,VUS,2018-09-16,VUS
591807,2018-09-16,VUS,2018-09-16,VUS
591827,2018-09-16,VUS,2018-09-16,VUS
591839,2018-09-16,VUS,2020-08-17,VUS
591865,2018-09-16,VUS,2021-12-29,VUS
591866,2018-09-16,VUS,2018-09-16,VUS
591905,2018-09-16,VUS,2018-09-16,VUS
591907,2018-09-16,VUS,2018-09-16,VUS
591930,2018-09-16,VUS,2018-09-16,VUS
591964,2018-09-16,VUS,2018-09-16,VUS
591966,2018-09-16,VUS,2018-09-16,VUS
591990,2018-09-16,VUS,2018-09-16,VUS
592036,2018-09-16,VUS,2018-09-16,VUS
592128,2018-07-04,VUS,2025-09-10,VUS
592161,2018-12-04,P,2018-12-04,P
592639,2017-04-28,VUS,2025-06-20,VUS
592997,2018-02-02,VUS,2024-02-12,VUS
593042,2017-07-05,VUS,2024-02-13,VUS
593045,2017-07-03,VUS,2017-07-03,VUS
593147,2017-07-07,VUS,2017-07-07,VUS
593173,2017-07-10,VUS,2022-06-27,VUS
593250,2017-07-14,B,2026-02-01,B
593270,2017-07-17,VUS,2024-12-02,VUS
593284,2017-07-19,VUS,2024-11-05,VUS
593289,2017-07-19,VUS,2025-08-23,VUS
593340,2017-07-20,VUS,2024-01-03,VUS
593504,2018-01-13,VUS,2025-12-11,VUS
593522,2017-08-04,VUS,2017-08-04,VUS
593617,2017-08-11,VUS,2024-10-15,VUS
593619,2017-08-11,VUS,2018-12-15,VUS
593672,2017-08-15,VUS,2024-05-25,VUS
593696,2017-08-16,VUS,2024-07-02,VUS
593784,2017-09-07,VUS,2024-05-13,VUS
593880,2017-09-20,VUS,2017-09-20,VUS
593898,2017-09-01,VUS,2017-09-01,VUS
593910,2018-05-15,VUS,2025-06-12,VUS
593928,2017-09-05,VUS,2025-04-23,VUS
593988,2018-05-10,VUS,2022-04-07,VUS
593995,2017-09-07,VUS,2024-12-31,VUS
594003,2017-09-07,VUS,2025-08-14,VUS
594011,2017-09-08,VUS,2022-10-13,VUS
594052,2017-09-12,VUS,2017-09-12,VUS
594062,2017-09-13,VUS,2024-05-15,VUS
594073,2017-09-14,VUS,2017-09-14,VUS
594150,2017-09-19,VUS,2025-09-09,VUS
594155,2017-09-19,VUS,2026-01-25,VUS
594171,2017-09-29,VUS,2023-03-31,VUS
594173,2017-09-27,VUS,2017-09-27,VUS
594181,2017-09-21,VUS,2017-09-21,VUS
594214,2017-09-29,VUS,2024-06-10,VUS
594295,2017-09-29,VUS,2017-09-29,VUS
594305,2017-10-02,VUS,2025-08-21,VUS
594317,2017-10-02,VUS,2022-02-19,VUS
594321,2017-10-02,VUS,2025-09-08,VUS
594322,2017-10-03,VUS,2024-01-10,VUS
594382,2017-10-04,VUS,2024-01-09,VUS
594452,2017-10-09,VUS,2017-10-09,VUS
594455,2017-10-10,VUS,2024-04-24,VUS
594536,2017-10-13,VUS,2024-10-16,VUS
594761,2017-11-03,LP,2017-11-03,LP
594796,2016-12-12,VUS,2025-01-15,VUS
594808,2017-11-07,VUS,2024-07-23,VUS
594939,2017-11-08,VUS,2023-08-10,VUS
594941,2018-03-19,VUS,2025-01-29,VUS
594942,2018-03-19,VUS,2025-11-16,VUS
594955,2017-11-09,VUS,2024-12-23,VUS
594981,2017-11-13,VUS,2017-11-13,VUS
594982,2017-11-13,VUS,2024-02-28,VUS
595007,2017-11-16,VUS,2017-11-16,VUS
595012,2017-11-15,VUS,2022-04-11,VUS
595013,2017-11-15,VUS,2024-06-07,VUS
595046,2017-11-16,VUS,2022-07-17,VUS
595047,2017-11-16,VUS,2024-01-08,VUS
595124,2017-11-22,P,2025-10-29,P
595176,2017-11-28,VUS,2025-04-02,VUS
595255,2017-12-07,VUS,2025-12-29,VUS
595271,2017-12-06,VUS,2024-12-13,VUS
595291,2017-12-06,VUS,2024-01-22,VUS
595311,2017-12-07,P,2023-09-27,P
595319,2017-12-11,P,2017-12-11,P
595350,2017-12-12,VUS,2022-08-09,VUS
595352,2017-12-12,VUS,2017-12-12,VUS
595361,2017-12-13,VUS,2025-05-06,VUS
595367,2017-12-13,VUS,2017-12-13,VUS
595374,2017-12-13,VUS,2017-12-13,VUS
595421,2017-12-21,VUS,2024-11-15,VUS
595439,2017-12-19,VUS,2025-01-06,VUS
595484,2017-12-21,VUS,2024-08-21,VUS
595517,2017-12-29,VUS,2021-11-11,VUS
595558,2017-12-26,P,2025-03-10,P
595585,2017-12-27,VUS,2023-11-27,VUS
595648,2018-01-02,P,2018-01-02,P
595684,2018-01-09,VUS,2024-01-22,VUS
595756,2018-01-12,VUS,2024-08-30,VUS
595791,2018-01-22,VUS,2023-07-10,VUS
595970,2018-02-01,VUS,2024-02-06,VUS
595973,2018-02-06,VUS,2025-10-26,VUS
596042,2018-02-08,LP,2018-02-08,LP
596050,2018-02-08,VUS,2024-02-23,VUS
596052,2018-02-08,VUS,2018-02-08,VUS
596108,2018-02-10,VUS,2025-10-21,VUS
596109,2018-02-10,VUS,2018-02-10,VUS
596111,2018-02-10,VUS,2018-02-10,VUS
596114,2018-02-10,VUS,2025-08-27,VUS
596177,2018-02-15,VUS,2024-11-15,VUS
596213,2018-03-01,VUS,2018-03-01,VUS
596232,2018-02-26,VUS,2018-02-26,VUS
596241,2018-02-22,VUS,2018-02-22,VUS
596246,2018-02-27,VUS,2025-03-17,VUS
596249,2018-02-22,VUS,2025-03-27,VUS
596273,2017-05-10,VUS,2024-06-24,VUS
596279,2018-02-22,VUS,2018-02-22,VUS
596431,2018-03-06,VUS,2025-08-27,VUS
596490,2018-04-03,VUS,2024-06-11,VUS
596493,2018-04-03,VUS,2025-05-17,VUS
596495,2018-04-03,VUS,2025-07-02,VUS
596506,2018-03-14,VUS,2018-03-14,VUS
596507,2018-03-14,VUS,2018-03-14,VUS
596519,2018-03-15,P,2018-03-15,P
596575,2018-04-05,VUS,2022-09-06,VUS
596605,2018-03-22,VUS,2024-06-09,VUS
596625,2018-03-23,P,2018-03-23,P
596755,2018-01-13,VUS,2025-12-24,VUS
596800,2018-04-06,VUS,2018-04-06,VUS
596805,2018-04-24,VUS,2022-05-04,VUS
596843,2018-04-06,VUS,2025-08-01,VUS
596873,2018-05-02,LP,2024-04-27,LP
596899,2018-04-17,VUS,2025-08-07,VUS
596966,2018-06-02,VUS,2022-06-10,VUS
597060,2018-04-27,VUS,2024-01-30,VUS
597068,2018-05-03,VUS,2022-01-01,VUS
597088,2018-05-04,VUS,2023-08-21,VUS
597137,2018-05-08,VUS,2023-12-11,VUS
597145,2018-05-08,VUS,2022-09-06,VUS
597181,2018-05-10,VUS,2024-01-09,VUS
597212,2018-05-15,VUS,2023-12-17,VUS
597237,2018-05-14,VUS,2025-01-22,VUS
597248,2018-05-17,VUS,2021-10-07,VUS
597300,2018-05-24,VUS,2024-05-07,VUS
597313,2018-05-25,VUS,2018-05-25,VUS
597460,2018-06-18,VUS,2018-06-18,VUS
597488,2018-06-07,VUS,2018-06-07,VUS
597518,2018-06-08,VUS,2024-06-14,VUS
597617,2018-06-14,VUS,2024-10-29,VUS
597625,2018-06-21,VUS,2024-01-24,VUS
597626,2018-06-13,VUS,2018-06-13,VUS
597696,2018-06-21,VUS,2021-12-18,VUS
597850,2018-06-27,VUS,2018-06-27,VUS
597896,2018-07-05,VUS,2018-07-05,VUS
597923,2018-07-13,VUS,2022-10-03,VUS
598130,2018-07-24,VUS,2023-05-30,VUS
598150,2018-08-02,VUS,2025-01-27,VUS
598170,2018-07-25,VUS,2018-07-25,VUS
598211,2018-07-31,VUS,2018-07-31,VUS
598214,2018-07-31,VUS,2018-07-31,VUS
598258,2018-08-03,VUS,2023-10-03,VUS
598365,2018-08-09,P,2025-03-13,P
598394,2018-08-17,P,2025-12-15,P
598405,2018-08-16,VUS,2018-08-16,VUS
598468,2018-09-04,VUS,2022-01-04,VUS
598470,2018-08-21,VUS,2024-08-03,VUS
598495,2018-08-24,VUS,2025-04-04,VUS
598506,2018-08-22,VUS,2024-03-07,VUS
598507,2018-08-22,VUS,2025-06-26,VUS
598512,2018-08-22,VUS,2022-07-25,VUS
598518,2016-12-12,VUS,2024-05-06,VUS
598535,2018-08-21,VUS,2022-09-14,VUS
598596,2018-08-30,VUS,2018-08-30,VUS
598601,2018-08-30,VUS,2025-10-07,VUS
598645,2018-09-06,VUS,2024-06-03,VUS
598647,2018-09-06,VUS,2024-06-13,VUS
598703,2018-09-13,VUS,2022-07-19,VUS
598704,2018-09-13,VUS,2024-10-23,VUS
598708,2018-09-18,VUS,2018-09-18,VUS
598727,2018-09-18,VUS,2018-09-18,VUS
618487,2017-05-25,B,2017-05-25,B
618488,2019-07-28,LB,2025-12-02,LB
618491,2018-04-12,LB,2024-12-24,LB
618558,2018-06-04,VUS,2020-09-16,VUS
618559,2017-10-20,P,2025-09-22,P
619062,2017-04-27,VUS,2024-05-30,VUS
620363,2018-09-12,LP,2018-09-12,LP
623226,2017-01-05,LP,2017-01-05,LP
623227,2018-06-01,LP,2024-03-01,LP
624013,2018-07-01,VUS,2024-07-15,VUS
624545,2018-04-03,LP,2018-04-03,LP
625547,2018-11-01,P,2018-11-01,P
625562,2018-11-01,P,2018-11-01,P
625615,2018-11-01,P,2018-11-01,P
625659,2018-11-01,P,2018-11-01,P
625691,2018-11-01,P,2018-11-01,P
625766,2018-11-01,P,2018-11-01,P
625808,2018-11-01,P,2018-11-01,P
625824,2018-11-01,P,2018-11-01,P
631601,2023-11-20,LP,2023-11-20,LP
632112,2017-10-05,VUS,2024-03-27,VUS
632440,2020-02-01,P,2025-05-30,P
632530,2024-11-18,LP,2024-11-18,LP
634489,2018-01-13,VUS,2025-05-13,VUS
634610,2019-01-01,LP,2019-01-01,LP
634637,2019-01-01,VUS,2019-01-01,VUS
635022,2023-01-25,LP,2023-01-25,LP
635041,2018-06-15,P,2025-03-31,P
635320,2019-05-15,VUS,2019-05-15,VUS
635893,2019-04-09,LP,2019-04-09,LP
635907,2019-04-09,P,2019-04-09,P
635921,2019-04-09,P,2019-04-09,P
636006,2018-04-01,P,2025-08-08,P
636217,2018-04-01,VUS,2023-12-11,VUS
636614,2018-04-19,LP,2018-04-19,LP
638116,2018-09-19,P,2018-09-19,P
638124,2018-10-22,P,2018-10-22,P
638311,2019-04-27,VUS,2024-01-08,VUS
638415,2019-04-27,VUS,2019-04-27,VUS
638453,2019-04-27,VUS,2024-03-26,VUS
638813,2020-11-23,VUS,2025-02-04,VUS
638870,2024-03-22,VUS,2025-04-01,VUS
638899,2020-09-24,P,2025-12-11,P
639079,2025-06-15,P,2025-06-15,P
639470,2021-08-12,P,2025-05-21,P
639821,2024-07-08,VUS,2024-07-08,VUS
640238,2018-10-01,P,2018-10-01,P
640349,2021-09-01,VUS,2021-09-01,VUS
640512,2018-10-01,P,2018-10-01,P
640556,2020-08-20,VUS,2020-08-20,VUS
640676,2018-12-11,VUS,2024-08-27,VUS
640688,2021-09-22,VUS,2024-08-28,VUS
641196,2023-04-04,VUS,2025-04-11,VUS
641403,2022-04-05,VUS,2022-06-26,VUS
641654,2021-07-07,VUS,2024-11-04,VUS
641665,2022-09-19,VUS,2022-09-19,VUS
641732,2021-05-05,VUS,2024-12-14,VUS
641802,2025-03-05,LB,2025-10-15,LB
641840,2022-06-25,LP,2022-06-25,LP
642517,2018-09-20,VUS,2018-09-20,VUS
642736,2022-05-18,VUS,2025-12-30,VUS
643113,2025-03-13,P,2025-03-13,P
643269,2024-02-06,P,2024-02-06,P
644962,2018-12-05,VUS,2023-05-01,VUS
645065,2022-02-04,VUS,2023-02-15,VUS
645147,2020-01-24,VUS,2024-03-20,VUS
645794,2022-07-06,LP,2024-06-19,LP
645949,2020-05-28,VUS,2025-10-18,VUS
646297,2021-09-01,VUS,2021-09-01,VUS
646548,2019-04-09,VUS,2022-09-06,VUS
646892,2018-08-29,VUS,2018-08-29,VUS
647028,2024-02-19,P,2026-01-29,P
647854,2019-09-03,P,2019-09-03,P
648041,2020-12-15,VUS,2024-11-18,VUS
648509,2025-09-17,LB,2025-09-17,LB
648785,2024-02-17,VUS,2024-03-07,VUS
648857,2021-09-01,VUS,2021-09-01,VUS
649190,2022-05-27,VUS,2024-02-13,VUS
649302,2022-05-22,LP,2022-05-22,LP
649596,2021-08-28,VUS,2021-08-28,VUS
650129,2022-09-07,VUS,2022-09-07,VUS
650630,2017-09-07,VUS,2025-12-30,VUS
650852,2022-07-26,VUS,2022-07-26,VUS
651693,2020-02-12,VUS,2024-10-23,VUS
651833,2022-10-28,P,2022-10-28,P
651948,2020-10-12,P,2025-09-14,P
651985,2022-02-11,VUS,2022-02-11,VUS
652948,2018-09-13,P,2020-09-01,P
653461,2018-11-02,VUS,2018-11-02,VUS
653681,2021-04-01,VUS,2022-02-04,VUS
653837,2022-12-06,VUS,2022-12-06,VUS
653839,2019-01-01,VUS,2025-01-21,VUS
654015,2021-12-25,P,2021-12-25,P
654447,2017-10-01,P,2025-05-23,P
654778,2021-08-27,VUS,2021-08-27,VUS
654872,2020-02-01,P,2025-03-21,P
654881,2018-03-15,P,2025-11-21,P
654890,2020-02-25,VUS,2024-06-01,VUS
654947,2022-07-06,VUS,2022-07-06,VUS
654978,2024-10-16,VUS,2025-10-17,VUS
655102,2018-09-11,VUS,2018-09-11,VUS
655230,2018-11-08,VUS,2018-11-13,VUS
656274,2022-08-09,VUS,2024-04-02,VUS
656690,2022-08-23,VUS,2025-04-18,VUS
656712,2018-12-23,VUS,2018-12-23,VUS
657315,2020-09-15,VUS,2024-08-20,VUS
657383,2018-08-25,P,2018-08-25,P
657546,2020-02-10,VUS,2025-08-30,VUS
657679,2024-04-01,VUS,2024-10-07,VUS
658019,2022-10-03,VUS,2025-12-11,VUS
658138,2018-08-20,VUS,2018-08-20,VUS
658948,2022-03-15,VUS,2024-10-22,VUS
659168,2018-01-13,VUS,2024-06-10,VUS
659174,2021-12-01,VUS,2025-12-16,VUS
659899,2020-02-01,P,2025-11-08,P
660098,2024-01-23,P,2024-06-11,P
660111,2026-01-05,LB,2026-01-05,LB
660672,2018-11-02,P,2018-11-02,P
661009,2018-08-14,VUS,2022-05-11,VUS
661012,2022-08-10,P,2022-08-10,P
661874,2021-05-11,VUS,2021-08-26,VUS
661970,2017-05-01,VUS,2026-03-03,VUS
662335,2022-09-08,LP,2022-09-08,LP
662882,2023-07-30,P,2026-02-02,P
662925,2022-08-16,VUS,2024-11-12,VUS
663263,2023-10-18,P,2025-05-01,P
664064,2021-07-02,VUS,2025-04-24,VUS
665268,2022-10-24,VUS,2025-12-08,VUS
665410,2021-08-25,P,2026-01-26,P
665847,2018-10-19,VUS,2018-10-19,VUS
666058,2024-06-04,VUS,2025-06-12,VUS
666459,2020-05-12,LP,2020-05-12,LP
667423,2018-02-02,LP,2023-12-07,LP
667574,2018-06-19,B,2018-06-19,B
667575,2018-06-19,B,2018-06-19,B
667576,2018-06-19,B,2018-06-19,B
667577,2018-06-19,B,2018-06-19,B
667578,2018-06-19,B,2018-06-19,B
667679,2018-06-19,B,2018-06-19,B
667696,2018-06-14,B,2018-06-14,B
667698,2018-06-16,B,2018-06-16,B
667700,2018-06-14,B,2018-06-14,B
667705,2018-06-14,B,2018-06-14,B
668066,2018-06-19,B,2018-06-19,B
668067,2018-06-19,B,2018-06-19,B
668068,2018-06-19,B,2018-06-19,B
668069,2018-06-19,B,2018-06-19,B
668400,2018-05-14,LB,2024-06-19,LB
668636,2018-06-05,LB,2026-01-18,LB
668642,2018-05-25,LB,2026-01-05,LB
668886,2018-06-19,B,2018-06-19,B
668926,2018-06-14,B,2018-06-14,B
668928,2018-06-14,B,2018-06-14,B
669097,2021-05-14,LB,2026-01-05,LB
669394,2018-06-16,B,2018-06-16,B
670255,2018-06-16,B,2018-06-16,B
670771,2018-06-14,B,2018-06-14,B
670807,2018-06-14,B,2018-06-14,B
670824,2018-06-16,B,2018-06-16,B
670892,2018-06-16,B,2018-06-16,B
670926,2018-06-16,B,2018-06-16,B
670927,2018-06-16,B,2018-06-16,B
671910,2018-06-19,B,2018-06-19,B
671929,2018-06-19,B,2018-06-19,B
672288,2018-06-16,B,2018-06-16,B
672289,2018-06-16,LB,2018-06-16,LB
672290,2018-06-16,B,2018-06-16,B
672894,2018-06-16,B,2021-07-10,B
673106,2018-06-16,B,2018-06-16,B
673525,2018-06-16,B,2018-06-16,B
673540,2018-06-16,B,2018-06-16,B
673542,2018-06-16,B,2018-06-16,B
673834,2018-06-16,B,2018-06-16,B
673835,2018-06-16,LB,2018-06-16,LB
673836,2018-06-16,B,2018-06-16,B
673837,2018-06-16,B,2018-06-16,B
673868,2018-06-16,LB,2018-06-16,LB
673869,2018-06-16,B,2018-06-16,B
673871,2018-06-16,LB,2018-06-16,LB
673885,2018-06-16,B,2018-06-16,B
673886,2018-06-16,LB,2018-06-16,LB
673887,2018-06-16,LB,2018-06-16,LB
673892,2018-06-16,LB,2018-06-16,LB
674042,2018-06-19,LB,2018-06-19,LB
674936,2018-06-16,B,2018-06-16,B
674964,2018-06-16,B,2018-06-16,B
674965,2018-06-16,B,2018-06-16,B
674966,2018-06-16,B,2021-09-10,B
674967,2018-06-19,B,2018-06-19,B
674997,2018-06-16,B,2018-06-16,B
674998,2018-06-16,B,2018-06-16,B
674999,2018-06-16,B,2018-06-16,B
675000,2018-06-16,B,2018-06-16,B
675165,2018-06-16,B,2018-06-16,B
675168,2018-06-14,B,2018-06-14,B
675171,2018-06-19,B,2018-06-19,B
675464,2018-06-19,LB,2018-06-19,LB
675581,2018-06-16,LB,2018-06-16,LB
675582,2018-06-16,B,2018-06-16,B
675583,2018-06-16,B,2018-06-16,B
675896,2018-06-16,LB,2018-06-16,LB
675902,2018-06-14,LB,2018-06-14,LB
676008,2018-06-16,LB,2018-06-16,LB
676686,2018-06-16,B,2018-06-16,B
678309,2018-06-16,LB,2018-06-16,LB
678615,2018-06-14,B,2018-06-14,B
678616,2018-06-14,B,2018-06-14,B
678940,2018-06-16,LB,2018-06-16,LB
678959,2018-06-16,B,2018-06-16,B
678960,2018-06-16,B,2018-06-16,B
678961,2018-06-16,B,2018-06-16,B
678962,2018-06-16,B,2018-06-16,B
678985,2018-06-16,LB,2018-06-16,LB
679022,2018-06-16,B,2018-06-16,B
679023,2018-06-16,B,2018-06-16,B
679612,2018-06-16,LB,2018-06-16,LB
680196,2018-06-16,B,2018-06-16,B
680329,2018-06-16,LB,2018-06-16,LB
680348,2018-03-14,LB,2023-12-27,LB
680377,2018-06-19,B,2018-06-19,B
681349,2018-06-19,B,2018-06-19,B
681361,2018-06-14,LB,2018-06-14,LB
681513,2018-04-11,LB,2018-04-11,LB
681823,2020-12-08,LB,2026-01-16,LB
682220,2018-04-19,LB,2018-04-19,LB
682508,2018-04-30,LB,2025-08-29,LB
684897,2017-08-11,P,2017-08-11,P
684911,2017-05-19,VUS,2017-05-19,VUS
684918,2017-04-28,P,2017-04-28,P
684957,2018-08-23,P,2018-08-23,P
684959,2018-07-09,P,2018-07-09,P
684979,2018-06-26,P,2018-06-26,P
684994,2018-06-15,P,2018-06-15,P
685019,2018-05-16,P,2018-05-16,P
685033,2018-03-21,P,2018-03-21,P
685081,2017-07-27,P,2017-07-27,P
685113,2017-04-28,P,2017-04-28,P
685144,2018-01-25,P,2018-01-25,P
685192,2018-09-28,P,2018-09-28,P
685227,2017-08-28,P,2017-08-28,P
685287,2018-07-05,P,2018-07-05,P
685293,2018-05-30,P,2018-05-30,P
685377,2018-01-22,P,2018-01-22,P
685385,2018-01-22,P,2018-01-22,P
685476,2017-09-28,P,2017-09-28,P
685550,2017-05-30,P,2017-05-30,P
685643,2017-10-31,P,2017-10-31,P
685660,2018-09-18,P,2018-09-18,P
685770,2018-07-10,P,2018-07-10,P
685776,2018-03-23,P,2018-03-23,P
685780,2018-03-16,P,2018-03-16,P
685796,2018-03-30,P,2018-03-30,P
685881,2018-03-01,P,2018-03-01,P
686045,2017-08-24,P,2017-08-24,P
686144,2017-12-08,P,2017-12-08,P
686159,2017-12-05,P,2017-12-05,P
686284,2018-05-15,P,2018-05-15,P
686286,2018-05-09,P,2018-05-09,P
686307,2018-05-03,VUS,2018-05-03,VUS
686359,2018-03-22,VUS,2018-03-22,VUS
686491,2017-12-20,P,2017-12-20,P
686519,2017-07-28,P,2017-07-28,P
686535,2017-05-03,P,2017-05-03,P
686693,2017-10-26,P,2017-10-26,P
686694,2017-11-29,P,2017-11-29,P
686788,2017-11-29,P,2017-11-29,P
686813,2018-07-20,P,2018-07-20,P
686846,2017-09-29,P,2017-09-29,P
686879,2017-12-19,P,2017-12-19,P
687024,2017-10-25,P,2017-10-25,P
687100,2018-05-25,P,2018-05-25,P
687266,2017-08-28,P,2017-08-28,P
687288,2017-07-31,P,2017-07-31,P
687328,2017-06-29,P,2017-06-29,P
687438,2017-10-25,P,2017-10-25,P
687493,2018-07-25,P,2018-07-25,P
687498,2018-06-26,VUS,2018-06-26,VUS
687693,2017-12-27,P,2017-12-27,P
687719,2017-11-29,P,2017-11-29,P
687787,2018-09-18,P,2018-09-18,P
687838,2018-08-07,P,2018-08-07,P
687857,2018-08-23,VUS,2018-08-23,VUS
687972,2018-03-21,VUS,2018-03-21,VUS
688040,2017-11-15,P,2017-11-15,P
688045,2018-06-26,VUS,2018-06-26,VUS
688048,2018-08-14,P,2018-08-14,P
688119,2017-10-20,VUS,2017-10-20,VUS
688135,2018-06-11,P,2018-06-11,P
688273,2017-06-09,P,2017-06-09,P
688339,2018-03-08,P,2018-03-08,P
688420,2017-09-06,P,2017-09-06,P
688437,2017-05-25,P,2017-05-25,P
688440,2017-05-19,P,2017-05-19,P
688455,2017-04-26,VUS,2017-04-26,VUS
688488,2017-12-14,P,2017-12-14,P
688495,2017-11-28,P,2017-11-28,P
688532,2017-09-11,P,2017-09-11,P
688679,2017-10-06,P,2017-10-06,P
688757,2018-02-23,P,2018-02-23,P
688818,2017-09-21,P,2017-09-21,P
688863,2018-05-31,P,2018-05-31,P
688954,2018-04-25,P,2018-04-25,P
688978,2017-09-29,P,2017-09-29,P
689037,2017-05-19,P,2017-05-19,P
689104,2018-05-10,P,2018-05-10,P
689116,2018-03-07,P,2018-03-07,P
689121,2018-04-26,P,2018-04-26,P
689128,2018-02-09,VUS,2018-02-09,VUS
689185,2017-09-15,P,2017-09-15,P
689213,2017-06-13,P,2017-06-13,P
689227,2017-11-15,P,2017-11-15,P
689233,2017-10-18,P,2017-10-18,P
689244,2018-07-19,P,2018-07-19,P
689300,2018-01-29,P,2018-01-29,P
689301,2017-09-26,VUS,2017-09-26,VUS
689305,2017-09-18,P,2017-09-18,P
689331,2017-05-02,P,2017-05-02,P
689798,2017-12-31,LP,2024-04-01,LP
690377,2018-12-14,LP,2018-12-14,LP
691914,2019-09-25,VUS,2025-08-29,VUS
692261,2019-07-22,LP,2023-09-08,LP
693989,2019-08-16,P,2024-10-22,P
694460,2019-07-05,LP,2019-07-05,LP
695575,2020-07-28,LB,2025-11-15,LB
695606,2025-06-17,LB,2025-06-17,LB
695658,2025-06-01,LB,2025-11-23,LB
695732,2024-02-01,LB,2025-12-16,LB
695800,2019-09-17,LB,2026-01-26,LB
695834,2019-09-06,LB,2026-01-22,LB
695928,2024-09-23,B,2024-09-23,B
696074,2025-06-12,LB,2025-06-12,LB
696123,2019-08-06,LB,2024-03-12,LB
696278,2018-05-21,LB,2026-03-01,LB
696285,2020-09-16,B,2026-01-14,B
696319,2019-09-13,LB,2025-12-11,LB
696768,2018-05-21,LB,2018-05-21,LB
696775,2017-02-06,LB,2024-09-05,LB
696885,2021-08-22,LB,2025-12-24,LB
696982,2020-03-20,LB,2026-01-16,LB
697002,2021-07-19,LB,2025-12-08,LB
697297,2018-04-12,LB,2018-04-12,LB
697391,2025-12-29,LB,2025-12-29,LB
697570,2018-05-10,LB,2018-05-10,LB
697662,2022-04-01,LB,2025-02-17,LB
697931,2023-09-22,LB,2023-09-22,LB
697933,2023-10-01,LB,2026-01-13,LB
697970,2025-09-14,LB,2025-09-14,LB
698123,2024-05-06,LB,2024-05-06,LB
698238,2023-01-20,LB,2023-01-20,LB
698294,2020-09-16,LB,2026-02-02,LB
698481,2025-11-23,LB,2025-11-23,LB
698486,2025-03-22,LB,2025-03-22,LB
698529,2020-08-26,LB,2026-01-28,LB
698786,2026-01-24,LB,2026-01-24,LB
698822,2018-06-23,LB,2018-06-23,LB
698880,2024-04-16,LB,2024-06-14,LB
698977,2024-08-11,LB,2024-08-11,LB
699038,2021-04-27,LB,2026-01-19,LB
699050,2021-12-14,LB,2026-01-19,LB
699069,2024-01-18,LB,2024-01-18,LB
699136,2025-10-12,LB,2025-10-12,LB
699201,2021-12-24,LB,2025-07-30,LB
699222,2024-12-07,LB,2024-12-07,LB
699483,2020-04-17,LB,2026-01-22,LB
699544,2023-11-22,LB,2023-11-22,LB
699605,2024-02-20,LB,2024-02-20,LB
699613,2021-10-22,LB,2025-11-08,LB
699661,2020-01-08,LB,2026-01-13,LB
699789,2024-01-10,LB,2024-01-10,LB
699802,2018-07-31,LB,2018-07-31,LB
699837,2025-08-01,LB,2026-01-19,LB
699934,2026-01-09,LB,2026-01-09,LB
699985,2020-07-26,LB,2025-06-12,LB
700075,2025-08-20,LB,2025-08-20,LB
700098,2021-10-22,LB,2025-12-21,LB
700294,2021-04-07,LB,2026-01-27,LB
700318,2017-11-21,LB,2017-11-21,LB
700470,2021-08-16,LB,2025-10-29,LB
700496,2026-01-15,LB,2026-01-15,LB
700590,2025-04-27,LB,2025-04-27,LB
700675,2020-07-23,LB,2025-08-10,LB
700688,2020-03-27,LB,2025-12-14,LB
700840,2022-01-06,LB,2025-02-27,LB
700920,2020-09-16,LB,2026-01-27,LB
700975,2024-02-18,LB,2024-02-18,LB
701006,2018-04-05,LB,2018-04-05,LB
701156,2024-06-23,LB,2024-06-23,LB
701294,2024-01-07,LB,2024-01-07,LB
701415,2021-04-29,LB,2025-12-03,LB
701617,2018-02-09,LB,2018-02-09,LB
701980,2021-12-30,LB,2025-05-28,LB
702256,2022-08-23,LB,2025-11-16,LB
702279,2023-03-27,LB,2023-03-27,LB
702293,2023-04-12,LB,2023-04-12,LB
702409,2025-01-23,LB,2025-01-23,LB
702678,2024-11-05,LB,2024-11-05,LB
703407,2018-03-29,LB,2018-03-29,LB
703430,2021-01-20,LB,2025-05-29,LB
703627,2025-12-23,LB,2025-12-23,LB
704081,2022-06-10,LB,2025-02-18,LB
704141,2021-11-02,LB,2025-12-20,LB
704162,2023-12-27,LB,2023-12-27,LB
704235,2021-05-05,LB,2026-01-20,LB
704328,2025-08-06,LB,2025-08-06,LB
704372,2022-04-14,LB,2025-10-26,LB
704420,2019-07-30,LB,2026-01-20,LB
704514,2022-02-22,LB,2024-09-27,LB
704523,2016-11-07,LB,2016-11-07,LB
704579,2018-07-02,LB,2018-07-02,LB
704590,2022-03-20,LB,2022-03-20,LB
704638,2022-12-09,LB,2025-10-22,LB
704663,2022-12-07,LB,2024-02-23,LB
704673,2022-05-18,LB,2026-01-06,LB
704674,2026-01-14,LB,2026-01-14,LB
704696,2020-08-03,LB,2026-01-13,LB
704699,2025-12-13,LB,2025-12-13,LB
704777,2025-01-23,LB,2025-01-23,LB
704813,2020-02-17,LB,2025-04-22,LB
704922,2026-01-19,LB,2026-01-19,LB
704928,2019-05-07,LB,2025-12-01,LB
704948,2025-07-28,LB,2025-07-28,LB
704984,2024-01-11,LB,2024-01-11,LB
705071,2026-01-17,LB,2026-01-17,LB
705116,2022-03-01,LB,2025-10-02,LB
705143,2023-11-03,LB,2025-12-11,LB
705159,2021-07-09,LB,2025-05-05,LB
705330,2019-07-22,LB,2025-09-28,LB
705331,2018-06-16,LB,2018-06-16,LB
705458,2019-02-27,LB,2024-02-26,LB
705484,2024-10-08,LB,2024-10-08,LB
705496,2021-09-07,LB,2026-01-15,LB
705510,2024-02-02,LB,2024-02-02,LB
705513,2017-09-01,LB,2021-02-12,LB
705524,2022-06-10,LB,2022-06-10,LB
705751,2020-01-29,LB,2025-04-22,LB
706259,2021-07-13,LB,2023-07-03,LB
706985,2026-01-27,B,2026-01-27,B
706986,2026-01-23,B,2026-01-23,B
707128,2026-01-15,LB,2026-01-15,LB
707245,2025-04-17,LB,2025-04-17,LB
707546,2021-10-22,LB,2025-08-18,LB
707558,2018-12-17,LB,2018-12-17,LB
708094,2023-02-25,LB,2023-02-25,LB
708800,2025-08-29,LB,2025-08-29,LB
708950,2019-12-31,LB,2019-12-31,LB
710090,2017-08-09,LB,2017-08-09,LB
711230,2025-12-24,LB,2025-12-24,LB
711429,2019-04-19,LB,2019-04-19,LB
711449,2022-02-21,LB,2022-02-21,LB
712783,2025-12-08,LB,2025-12-08,LB
712963,2023-08-18,LB,2023-08-18,LB
714222,2024-10-03,LB,2024-10-03,LB
715060,2021-07-23,LB,2025-10-03,LB
715076,2025-11-22,LB,2025-11-22,LB
715450,2025-11-22,LB,2025-11-22,LB
716558,2025-06-12,LB,2025-06-12,LB
716576,2022-10-01,LB,2022-10-01,LB
716577,2021-04-23,LB,2025-10-13,LB
717881,2022-01-25,LB,2025-11-03,LB
718085,2023-01-01,LB,2025-12-29,LB
718120,2025-06-12,LB,2025-06-12,LB
718284,2017-08-31,LB,2017-08-31,LB
718879,2022-09-29,LB,2022-09-29,LB
719108,2019-12-31,LB,2019-12-31,LB
719927,2023-04-05,LB,2024-01-31,LB
719996,2026-01-15,LB,2026-01-15,LB
720041,2019-06-05,LB,2023-11-03,LB
720043,2022-08-12,LB,2022-08-12,LB
720283,2022-07-23,LB,2024-08-01,LB
720674,2021-10-20,LB,2025-10-13,LB
722389,2018-01-30,LB,2021-07-26,LB
722457,2018-01-11,LB,2018-01-11,LB
722466,2018-01-11,LB,2018-01-11,LB
722544,2018-02-08,LB,2018-02-08,LB
722754,2023-10-11,LB,2023-10-11,LB
722910,2024-10-26,LB,2024-10-26,LB
723167,2017-12-04,LB,2017-12-04,LB
723397,2022-04-15,LB,2024-09-02,LB
724108,2019-12-26,LB,2024-02-09,LB
724449,2025-06-08,LB,2025-07-22,LB
724906,2018-02-01,LB,2018-02-01,LB
724981,2023-03-01,LB,2023-03-01,LB
725042,2025-11-18,LB,2025-11-18,LB
725963,2025-12-29,B,2025-12-29,B
726262,2026-01-08,LB,2026-01-08,LB
726634,2025-09-01,LB,2025-09-16,LB
726704,2023-07-12,LB,2023-07-12,LB
727061,2017-11-14,LB,2017-11-14,LB
727089,2022-05-04,LB,2025-02-26,LB
727423,2018-01-03,LB,2018-01-03,LB
728042,2018-03-06,LB,2018-03-06,LB
728305,2025-05-28,LB,2025-05-28,LB
728306,2022-02-11,LB,2022-02-11,LB
728310,2021-10-29,LB,2024-12-11,LB
728313,2025-03-01,LB,2025-05-13,LB
728637,2026-01-17,LB,2026-01-17,LB
728657,2019-12-31,LB,2019-12-31,LB
729920,2024-10-17,LB,2024-10-17,LB
730206,2025-12-31,LB,2025-12-31,LB
730253,2017-12-12,LB,2017-12-12,LB
730788,2022-04-13,LB,2022-04-13,LB
731033,2025-01-06,LB,2025-01-06,LB
731039,2024-05-11,LB,2025-12-01,LB
732283,2019-08-08,LB,2025-09-06,LB
732569,2017-12-08,LB,2017-12-08,LB
732735,2017-11-15,LB,2017-11-15,LB
732969,2025-03-06,LB,2025-03-06,LB
734768,2025-10-08,LB,2025-10-08,LB
734776,2020-10-09,LB,2024-08-28,LB
734787,2025-11-14,B,2025-11-14,B
735900,2021-10-13,LB,2025-05-22,LB
736147,2018-03-06,LB,2018-03-06,LB
736686,2024-05-12,LB,2024-05-12,LB
737866,2024-03-01,LB,2024-03-01,LB
738134,2017-12-13,LB,2017-12-13,LB
738225,2018-03-29,LB,2018-03-29,LB
738263,2018-03-29,LB,2018-03-29,LB
738834,2022-03-10,LB,2022-03-10,LB
739125,2020-04-17,LB,2026-01-09,LB
739295,2018-05-18,LB,2018-05-18,LB
739603,2018-04-16,LB,2018-04-16,LB
740191,2026-02-01,B,2026-02-01,B
740602,2025-10-14,LB,2025-10-14,LB
741038,2018-06-13,LB,2018-06-13,LB
741159,2018-04-23,LB,2022-03-18,LB
741293,2018-07-26,LB,2018-07-26,LB
741392,2023-09-22,LB,2025-11-21,LB
742309,2024-10-24,LB,2024-10-24,LB
742378,2022-07-05,LB,2022-07-05,LB
742440,2018-05-03,LB,2018-05-03,LB
742979,2024-05-01,LB,2024-05-01,LB
743244,2020-09-17,LB,2020-09-17,LB
743327,2018-06-19,LB,2018-06-19,LB
743427,2018-05-10,LB,2018-05-10,LB
743684,2024-01-05,LB,2025-11-25,LB
743806,2019-12-31,LB,2019-12-31,LB
743897,2021-08-19,LB,2026-01-05,LB
744213,2023-11-06,LB,2023-11-06,LB
744543,2026-01-18,LB,2026-01-18,LB
745463,2025-12-21,LB,2025-12-21,LB
745730,2023-10-01,LB,2026-01-27,LB
745792,2018-05-25,LB,2018-05-25,LB
746243,2025-01-06,LB,2025-01-06,LB
746629,2025-02-16,LB,2025-03-17,LB
746849,2025-11-24,LB,2025-11-24,LB
747546,2018-04-03,LB,2018-04-03,LB
747784,2023-01-20,LB,2023-01-20,LB
748054,2018-05-15,LB,2018-05-15,LB
748202,2025-01-12,LB,2025-01-12,LB
748259,2018-05-24,LB,2018-05-24,LB
748363,2018-05-03,LB,2018-05-03,LB
748585,2018-05-29,LB,2018-05-29,LB
748774,2021-09-28,LB,2025-09-28,LB
748803,2018-05-02,LB,2018-05-02,LB
748936,2026-01-05,LB,2026-01-05,LB
748988,2018-06-19,LB,2018-06-19,LB
749437,2018-06-08,LB,2021-10-01,LB
749529,2018-06-06,LB,2018-06-06,LB
750099,2018-05-25,LB,2018-05-25,LB
750239,2025-08-11,LB,2025-08-11,LB
750252,2024-08-28,LB,2024-08-28,LB
750844,2022-11-15,LB,2022-11-15,LB
751871,2018-06-15,LB,2018-06-15,LB
752250,2024-09-16,LB,2026-03-01,LB
752285,2023-04-24,LB,2023-04-24,LB
752354,2025-09-29,LB,2025-09-29,LB
752706,2025-03-17,LB,2025-03-17,LB
752725,2018-09-14,LB,2018-09-14,LB
753017,2022-09-30,LB,2023-12-19,LB
754014,2018-09-22,LB,2018-09-22,LB
754506,2023-05-13,LB,2023-10-01,LB
754544,2018-06-25,LB,2018-06-25,LB
754550,2025-06-16,LB,2025-06-16,LB
754794,2026-01-20,LB,2026-01-20,LB
754850,2018-09-10,LB,2018-09-10,LB
755165,2021-02-24,LB,2023-07-07,LB
755252,2018-06-27,LB,2018-06-27,LB
755326,2019-03-14,LB,2025-03-17,LB
755575,2018-06-28,LB,2018-06-28,LB
755757,2018-07-05,LB,2018-07-05,LB
756754,2026-01-15,LB,2026-01-15,LB
757296,2024-12-23,LB,2024-12-23,LB
757302,2025-11-09,LB,2025-11-09,LB
757601,2020-07-28,LB,2025-03-13,LB
757778,2025-10-19,LB,2025-10-19,LB
758253,2025-09-02,LB,2025-09-02,LB
758502,2022-09-15,LB,2022-09-15,LB
759565,2021-12-30,LB,2024-04-02,LB
760258,2025-10-06,LB,2025-10-06,LB
760472,2026-01-12,LB,2026-01-12,LB
760723,2025-12-03,LB,2025-12-03,LB
761783,2018-08-07,LB,2018-08-07,LB
762392,2024-03-07,LB,2024-03-07,LB
762603,2020-10-21,LB,2025-11-25,LB
762979,2023-07-22,LB,2023-07-22,LB
763140,2023-09-22,LB,2023-09-22,LB
763620,2025-11-18,LB,2025-11-18,LB
763628,2018-07-24,LB,2018-07-24,LB
763761,2022-02-02,LB,2025-12-09,LB
764170,2024-06-01,LB,2024-12-22,LB
764326,2019-10-19,LB,2019-10-19,LB
764344,2022-09-27,LB,2022-09-27,LB
764605,2024-08-08,LB,2024-08-08,LB
765261,2018-08-07,LB,2018-08-07,LB
765577,2018-08-12,LB,2018-08-12,LB
765822,2018-08-16,LB,2018-08-16,LB
766144,2024-05-29,LB,2024-05-29,LB
766830,2021-08-23,LB,2025-07-22,LB
766845,2021-08-19,LB,2026-02-01,LB
766900,2023-05-01,LB,2025-12-11,LB
767009,2024-04-16,LB,2024-07-08,LB
767050,2019-07-26,LB,2025-12-31,LB
767109,2019-03-26,B,2026-01-19,B
767308,2024-09-01,LB,2025-06-03,LB
767322,2024-03-27,LB,2025-12-30,LB
767458,2020-10-23,LB,2026-01-06,LB
769611,2017-05-24,B,2017-05-24,B
770093,2026-01-06,LB,2026-01-06,LB
770101,2019-07-17,LB,2025-08-15,LB
771090,2025-12-06,LB,2025-12-06,LB
771161,2017-07-17,LB,2017-07-17,LB
771162,2017-07-17,LB,2017-07-17,LB
771280,2025-08-05,LB,2025-08-05,LB
771337,2019-12-31,LB,2019-12-31,LB
771559,2019-11-26,LB,2026-02-01,LB
772149,2026-02-02,LB,2026-02-02,LB
772254,2022-02-18,LB,2026-01-20,LB
772303,2017-10-04,LB,2017-10-04,LB
772465,2019-07-30,LB,2025-11-04,LB
772580,2019-12-31,LB,2019-12-31,LB
772721,2021-09-30,LB,2026-01-24,LB
772722,2018-03-29,LB,2018-03-29,LB
772725,2025-03-17,LB,2025-03-17,LB
772790,2017-10-27,LB,2017-10-27,LB
772989,2020-12-16,LB,2026-02-02,LB
772991,2024-08-23,LB,2026-01-26,LB
772992,2025-12-08,LB,2025-12-08,LB
773973,2022-02-19,LB,2025-10-23,LB
774000,2025-12-01,B,2025-12-01,B
774096,2024-07-29,LB,2026-02-01,LB
774099,2025-12-30,B,2025-12-30,B
774376,2018-09-12,LB,2018-09-12,LB
774385,2025-06-25,LB,2025-06-25,LB
774630,2017-06-06,LB,2017-06-06,LB
775017,2026-01-05,B,2026-01-05,B
775032,2024-06-14,LB,2024-06-14,LB
777867,2017-05-30,LB,2017-05-30,LB
779548,2020-11-30,LB,2025-10-13,LB
781324,2019-06-05,LB,2025-07-03,LB
782831,2019-12-31,LB,2019-12-31,LB
783105,2021-07-27,LB,2025-06-12,LB
783138,2018-05-12,LB,2018-05-12,LB
783234,2023-06-14,LB,2023-06-14,LB
784798,2023-05-16,LB,2025-09-01,LB
784810,2026-01-11,LB,2026-01-11,LB
787300,2023-10-11,LB,2023-10-11,LB
789268,2017-06-23,LB,2017-06-23,LB
790303,2025-10-21,LB,2025-10-21,LB
790392,2026-01-27,LB,2026-01-27,LB
792955,2018-10-22,LB,2018-10-22,LB
793033,2018-10-17,LB,2018-10-17,LB
793205,2021-08-30,LB,2023-10-30,LB
793216,2022-11-26,LB,2022-11-26,LB
793227,2018-10-19,LB,2018-10-19,LB
793292,2026-01-25,LB,2026-01-25,LB
793342,2018-11-06,LB,2018-11-06,LB
793461,2022-08-16,LB,2022-08-16,LB
793764,2023-02-24,LB,2023-08-24,LB
793798,2024-10-26,LB,2024-10-26,LB
793801,2018-10-29,LB,2018-10-29,LB
794857,2024-09-26,LB,2025-11-15,LB
794936,2025-10-26,LB,2025-10-26,LB
795101,2025-01-13,LB,2025-01-13,LB
795104,2022-09-28,LB,2022-09-28,LB
795200,2024-11-11,LB,2024-11-11,LB
795417,2024-03-11,LB,2024-03-11,LB
795977,2018-12-04,LB,2018-12-04,LB
796112,2024-01-16,LB,2024-05-17,LB
796845,2018-12-26,LB,2021-10-15,LB
797282,2018-12-21,LB,2018-12-21,LB
797464,2020-09-04,LB,2020-09-04,LB
797833,2023-07-07,LB,2023-07-07,LB
798177,2024-02-09,B,2024-02-09,B
799112,2018-12-19,LB,2018-12-19,LB
799202,2022-02-03,LB,2022-02-03,LB
799320,2022-08-09,LB,2022-08-09,LB
799373,2021-11-06,LB,2021-11-06,LB
801404,2018-06-26,B,2021-07-10,B
801993,2019-05-28,B,2019-11-07,B
801994,2019-05-28,B,2019-09-13,B
802009,2019-05-28,B,2019-08-10,B
802067,2019-05-28,P,2019-05-28,P
802069,2023-04-04,VUS,2024-06-27,VUS
802423,2019-05-28,P,2019-05-28,P
802424,2019-05-28,VUS,2019-05-28,VUS
802875,2019-05-28,P,2026-01-22,P
802876,2019-05-28,LP,2019-05-28,LP
802877,2019-05-28,VUS,2025-12-05,VUS
802878,2019-05-28,P,2019-05-28,P
802879,2019-05-28,P,2019-05-28,P
802881,2019-05-28,LP,2019-05-28,LP
806915,2019-05-01,P,2025-08-13,P
806916,2020-06-01,VUS,2023-11-07,VUS
806917,2020-06-01,VUS,2023-11-07,VUS
806918,2016-12-01,VUS,2024-12-17,VUS
806919,2016-10-01,VUS,2022-10-13,VUS
806920,2016-12-01,LP,2024-02-19,LP
808046,2016-05-01,LP,2016-05-01,LP
808047,2016-07-01,VUS,2024-05-23,VUS
809202,2018-09-01,VUS,2018-09-01,VUS
809546,2018-01-01,LP,2018-01-01,LP
809632,2018-01-15,VUS,2024-06-20,VUS
810302,2018-02-01,VUS,2018-02-01,VUS
810303,2017-05-01,VUS,2024-02-08,VUS
810401,2017-01-01,VUS,2017-01-01,VUS
811339,2020-04-02,LB,2025-07-13,LB
811342,2019-04-03,LP,2019-04-03,LP
811529,2018-07-19,B,2018-07-19,B
811534,2023-11-29,B,2023-11-29,B
811589,2018-12-12,LB,2025-11-23,LB
811687,2018-01-13,VUS,2024-01-11,VUS
812264,2019-06-23,P,2024-12-06,P
812337,2019-06-23,P,2019-06-23,P
812430,2019-06-23,P,2019-06-23,P
812665,2020-02-12,VUS,2020-02-12,VUS
812666,2020-02-12,P,2023-02-01,P
813157,2018-08-01,P,2020-01-09,P
813159,2018-06-01,P,2020-01-09,P
813183,2018-05-01,P,2020-01-09,P
813324,2018-01-04,P,2018-01-04,P
813616,2020-07-30,VUS,2025-05-08,VUS
813947,2018-12-03,VUS,2025-03-19,VUS
814045,2019-02-07,P,2019-02-07,P
814046,2018-07-05,P,2018-07-05,P
814191,2018-08-27,P,2018-08-27,P
814192,2018-07-02,P,2018-07-02,P
814193,2019-02-01,VUS,2019-02-01,VUS
814194,2019-03-19,LP,2019-03-19,LP
814337,2019-03-25,P,2019-03-25,P
814341,2018-10-12,VUS,2018-10-12,VUS
814342,2018-08-27,P,2018-08-27,P
814544,2018-08-27,VUS,2018-08-27,VUS
814545,2019-04-03,VUS,2019-04-03,VUS
815144,2019-01-15,VUS,2019-01-15,VUS
815272,2019-04-11,VUS,2019-04-11,VUS
815273,2018-11-08,VUS,2018-11-08,VUS
815544,2019-03-04,VUS,2019-03-04,VUS
815545,2019-02-18,VUS,2019-02-18,VUS
815770,2019-03-13,P,2019-03-13,P
815821,2018-09-11,VUS,2018-09-11,VUS
815822,2018-11-02,VUS,2018-11-02,VUS
815920,2018-10-08,P,2018-10-08,P
816482,2018-02-02,P,2018-02-02,P
817072,2020-09-17,LP,2026-01-20,LP
817762,2018-08-15,LP,2018-08-15,LP
829827,2019-04-05,LP,2019-04-05,LP
829828,2014-05-27,P,2022-02-10,P
829848,2019-05-28,P,2025-08-04,P
830392,2019-06-25,P,2019-06-25,P
830596,2019-07-29,P,2019-07-29,P
830720,2019-12-31,P,2019-12-31,P
830753,2022-11-29,VUS,2022-11-29,VUS
830754,2022-11-29,VUS,2022-11-29,VUS
830842,2019-08-08,P,2019-08-08,P
831162,2019-04-24,P,2019-04-24,P
831349,2019-12-03,P,2019-12-03,P
831384,2019-08-14,VUS,2019-08-14,VUS
831591,2022-09-12,P,2022-09-12,P
831681,2020-02-22,VUS,2020-02-22,VUS
831785,2019-09-05,VUS,2020-06-29,VUS
831894,2019-11-08,VUS,2019-11-08,VUS
831973,2019-10-14,P,2019-10-14,P
832228,2019-02-02,P,2019-02-02,P
832293,2019-06-04,P,2019-06-04,P
832553,2022-07-12,VUS,2022-07-12,VUS
832760,2021-03-09,VUS,2021-03-09,VUS
832943,2019-09-03,P,2019-09-03,P
833051,2019-12-11,VUS,2019-12-11,VUS
833115,2022-08-09,P,2022-08-09,P
833257,2019-09-03,P,2019-09-03,P
833358,2019-09-27,VUS,2019-10-03,VUS
833368,2019-10-21,P,2019-10-21,P
833391,2022-02-24,VUS,2022-02-24,VUS
833402,2019-11-06,P,2019-11-06,P
833413,2019-11-16,VUS,2019-11-16,VUS
833424,2022-07-11,LP,2022-07-11,LP
834136,2022-02-18,VUS,2024-07-29,VUS
834179,2020-02-10,VUS,2020-02-10,VUS
834317,2020-08-15,VUS,2023-11-09,VUS
834368,2023-06-07,LP,2023-06-07,LP
834377,2022-08-22,VUS,2022-08-22,VUS
834384,2020-02-26,VUS,2024-03-06,VUS
834727,2020-09-25,P,2020-09-25,P
834744,2022-10-13,VUS,2022-10-13,VUS
834820,2021-03-11,VUS,2025-10-22,VUS
835062,2017-03-21,VUS,2024-02-24,VUS
835298,2019-12-20,VUS,2019-12-20,VUS
835387,2021-08-24,VUS,2021-08-24,VUS
835421,2022-07-12,VUS,2022-07-12,VUS
835584,2019-04-03,P,2019-04-03,P
835636,2022-10-25,VUS,2022-10-25,VUS
835643,2022-03-19,VUS,2022-03-19,VUS
835860,2021-07-06,VUS,2023-10-03,VUS
836028,2024-05-31,P,2024-05-31,P
836036,2021-08-04,VUS,2022-07-25,VUS
836139,2020-08-06,VUS,2023-01-01,VUS
836313,2022-07-05,VUS,2022-08-17,VUS
836320,2023-03-27,LP,2023-03-27,LP
836434,2023-11-06,VUS,2023-11-06,VUS
836435,2022-04-06,VUS,2022-04-06,VUS
836608,2025-05-18,VUS,2025-09-08,VUS
836609,2024-02-17,LB,2024-02-17,LB
836678,2022-08-25,LB,2026-01-11,LB
836758,2023-10-23,VUS,2025-05-16,VUS
836791,2021-06-18,VUS,2022-10-13,VUS
836925,2020-01-24,VUS,2024-12-09,VUS
837091,2024-02-17,VUS,2024-02-17,VUS
837096,2022-10-24,VUS,2022-10-24,VUS
837368,2021-08-26,VUS,2021-08-26,VUS
837610,2024-08-21,VUS,2025-08-11,VUS
837617,2025-12-24,LB,2025-12-24,LB
837729,2021-10-26,VUS,2022-10-06,VUS
837753,2021-10-11,VUS,2024-10-31,VUS
837772,2021-10-16,VUS,2021-10-16,VUS
837918,2020-12-08,VUS,2024-12-03,VUS
837998,2022-05-31,VUS,2024-04-03,VUS
838047,2020-01-24,VUS,2024-10-25,VUS
838153,2023-10-01,P,2025-12-29,P
838154,2020-09-16,VUS,2022-07-11,VUS
838283,2020-10-23,VUS,2024-06-04,VUS
838323,2020-01-02,VUS,2020-01-02,VUS
838330,2022-05-27,VUS,2025-02-18,VUS
838418,2022-09-02,VUS,2024-07-22,VUS
838429,2019-11-19,VUS,2020-08-07,VUS
838639,2022-11-22,P,2022-11-22,P
838668,2021-08-09,VUS,2021-09-01,VUS
838715,2021-09-02,VUS,2021-09-02,VUS
838937,2021-09-08,VUS,2022-05-19,VUS
839026,2020-12-22,VUS,2024-10-24,VUS
839146,2017-11-13,VUS,2021-09-02,VUS
839237,2022-06-20,VUS,2022-06-20,VUS
839338,2025-09-02,LP,2025-09-02,LP
839514,2019-11-28,VUS,2022-02-01,VUS
839528,2025-02-17,VUS,2025-02-17,VUS
839540,2024-08-31,LP,2024-08-31,LP
839842,2020-11-30,VUS,2024-02-12,VUS
840321,2021-12-01,VUS,2021-12-01,VUS
840356,2019-11-30,P,2019-11-30,P
840359,2022-10-24,VUS,2022-10-24,VUS
840360,2023-07-14,VUS,2025-01-06,VUS
840432,2021-12-09,VUS,2025-10-07,VUS
840593,2022-06-13,VUS,2023-06-06,VUS
841048,2022-07-19,VUS,2022-07-19,VUS
841068,2021-08-28,VUS,2021-08-28,VUS
841156,2022-04-12,VUS,2025-06-09,VUS
841262,2021-09-08,LP,2022-03-10,LP
841264,2020-09-16,VUS,2024-01-08,VUS
841405,2024-05-24,VUS,2024-10-16,VUS
841684,2019-12-06,VUS,2025-04-22,VUS
841686,2022-11-01,VUS,2025-05-07,VUS
841713,2022-06-20,VUS,2022-06-20,VUS
841820,2020-02-21,VUS,2022-07-08,VUS
841957,2022-09-13,VUS,2022-09-13,VUS
841969,2019-12-30,VUS,2026-01-14,VUS
842079,2020-03-10,VUS,2025-04-28,VUS
842182,2021-07-13,VUS,2024-12-16,VUS
842184,2022-07-25,VUS,2022-07-25,VUS
842194,2024-10-29,VUS,2025-02-05,VUS
842338,2022-09-27,VUS,2025-07-02,VUS
842347,2022-08-15,VUS,2025-02-19,VUS
842416,2020-01-20,LP,2025-08-31,LP
842444,2022-07-19,VUS,2022-07-19,VUS
842483,2022-10-04,VUS,2022-10-04,VUS
842582,2021-10-04,VUS,2023-08-04,VUS
842877,2024-02-02,LP,2025-01-28,LP
842903,2025-01-15,VUS,2025-01-15,VUS
842990,2024-10-26,VUS,2024-10-26,VUS
843092,2024-01-02,VUS,2024-02-06,VUS
843093,2022-08-09,VUS,2022-08-09,VUS
843096,2021-10-13,VUS,2022-07-05,VUS
843114,2019-11-19,VUS,2019-11-19,VUS
843518,2021-02-22,VUS,2024-06-01,VUS
843587,2022-03-09,VUS,2022-03-09,VUS
843622,2023-04-10,VUS,2025-03-06,VUS
843689,2022-07-11,VUS,2022-07-11,VUS
843871,2022-02-10,VUS,2022-02-10,VUS
843885,2020-01-24,VUS,2024-04-02,VUS
844126,2018-01-13,VUS,2025-06-30,VUS
844289,2024-01-04,LB,2024-12-07,LB
844309,2021-05-27,P,2021-05-27,P
844364,2020-08-31,VUS,2024-02-12,VUS
844430,2024-01-20,VUS,2026-01-01,VUS
844541,2023-05-30,P,2025-07-09,P
844737,2022-07-19,VUS,2025-02-05,VUS
844848,2024-01-26,VUS,2025-09-02,VUS
844894,2023-05-15,VUS,2023-05-15,VUS
845019,2022-05-17,VUS,2023-12-11,VUS
845023,2021-09-01,VUS,2024-05-29,VUS
845048,2022-03-09,VUS,2023-11-13,VUS
845169,2022-05-27,VUS,2024-04-08,VUS
845228,2020-09-22,VUS,2024-06-14,VUS
845378,2021-09-02,VUS,2021-09-02,VUS
845480,2025-02-09,LB,2025-02-09,LB
845511,2019-12-02,VUS,2019-12-02,VUS
845605,2022-10-17,VUS,2022-10-17,VUS
845749,2020-03-11,VUS,2025-09-26,VUS
845883,2022-04-14,VUS,2022-07-05,VUS
846159,2019-02-05,P,2019-02-05,P
846241,2022-05-13,VUS,2023-12-09,VUS
846333,2019-04-24,VUS,2020-07-31,VUS
846397,2017-04-28,VUS,2023-08-10,VUS
846611,2022-11-18,P,2025-11-23,P
846681,2019-11-18,VUS,2019-11-18,VUS
846799,2022-07-19,VUS,2022-07-19,VUS
846945,2021-08-31,VUS,2021-12-28,VUS
847670,2022-02-24,VUS,2022-09-27,VUS
847765,2022-05-17,VUS,2025-11-19,VUS
847792,2022-03-06,VUS,2025-10-22,VUS
847918,2021-08-28,VUS,2021-08-28,VUS
847939,2022-01-08,VUS,2025-07-01,VUS
848000,2020-02-17,VUS,2024-12-02,VUS
848288,2021-07-30,VUS,2022-10-18,VUS
848293,2021-11-03,VUS,2022-11-01,VUS
848309,2021-08-13,VUS,2021-08-13,VUS
848448,2021-09-10,VUS,2024-11-11,VUS
848468,2022-07-18,VUS,2024-03-21,VUS
848551,2025-04-14,VUS,2025-04-14,VUS
848552,2020-01-13,LP,2020-01-13,LP
848571,2021-08-24,VUS,2022-04-12,VUS
848727,2022-07-17,VUS,2023-04-20,VUS
848816,2023-07-18,P,2025-12-28,P
848910,2022-11-01,VUS,2025-12-16,VUS
848923,2025-06-01,LB,2025-09-28,LB
848929,2021-10-06,LP,2025-03-17,LP
849046,2022-07-06,VUS,2022-07-06,VUS
849047,2022-07-06,VUS,2022-07-06,VUS
849068,2023-05-08,VUS,2025-06-17,VUS
849109,2023-07-10,LP,2025-09-05,LP
849122,2020-09-16,VUS,2024-03-04,VUS
849131,2019-03-22,VUS,2024-05-07,VUS
849220,2023-04-18,VUS,2025-01-15,VUS
849244,2021-08-28,VUS,2021-08-28,VUS
849257,2022-02-05,VUS,2022-02-05,VUS
849268,2019-01-28,P,2019-01-28,P
849419,2019-02-13,VUS,2019-02-13,VUS
849463,2019-12-19,VUS,2025-07-16,VUS
849481,2022-10-17,VUS,2024-08-06,VUS
849600,2022-06-17,VUS,2025-03-22,VUS
849765,2019-12-18,VUS,2019-12-18,VUS
849788,2024-12-02,VUS,2024-12-02,VUS
849894,2019-12-04,VUS,2019-12-04,VUS
850282,2020-04-24,VUS,2024-07-01,VUS
850315,2024-08-06,VUS,2024-08-06,VUS
850514,2023-07-10,VUS,2025-04-04,VUS
850684,2018-08-01,P,2025-05-21,P
850817,2022-04-22,VUS,2024-08-28,VUS
850966,2024-04-18,VUS,2024-06-05,VUS
851066,2021-12-13,LP,2021-12-13,LP
851125,2022-07-26,VUS,2022-07-26,VUS
851241,2022-03-10,VUS,2022-03-10,VUS
851371,2022-10-24,VUS,2022-10-24,VUS
851372,2022-02-03,VUS,2025-01-01,VUS
851406,2022-06-03,VUS,2022-06-03,VUS
851426,2021-12-07,LP,2025-05-20,LP
851508,2022-10-24,VUS,2025-08-01,VUS
851650,2024-01-16,VUS,2024-12-02,VUS
851886,2023-11-11,LB,2023-11-11,LB
852019,2022-07-12,VUS,2024-01-31,VUS
852149,2022-06-20,VUS,2022-06-20,VUS
852240,2022-02-24,VUS,2025-02-26,VUS
852284,2019-11-20,VUS,2019-11-20,VUS
852358,2019-12-27,VUS,2019-12-27,VUS
852434,2020-03-20,VUS,2022-08-16,VUS
852496,2021-06-08,VUS,2025-08-31,VUS
852500,2024-02-24,VUS,2024-02-24,VUS
852752,2022-03-10,VUS,2024-05-08,VUS
853024,2022-02-08,P,2025-07-31,P
853034,2020-09-16,VUS,2024-09-10,VUS
853049,2022-07-18,VUS,2022-07-18,VUS
853121,2022-04-04,VUS,2022-06-04,VUS
853144,2019-11-29,VUS,2019-11-29,VUS
853203,2024-02-01,VUS,2026-01-24,VUS
853294,2022-05-09,LP,2024-08-29,LP
853463,2021-03-01,VUS,2021-03-01,VUS
853533,2022-02-22,VUS,2025-12-09,VUS
853537,2022-03-10,VUS,2025-10-29,VUS
853538,2021-04-13,VUS,2024-11-15,VUS
853680,2020-08-31,VUS,2024-02-16,VUS
853773,2025-05-27,VUS,2025-05-27,VUS
853792,2022-01-31,VUS,2024-04-01,VUS
853824,2021-11-18,P,2025-05-27,P
853857,2019-03-22,P,2019-03-22,P
853936,2021-05-19,VUS,2024-06-03,VUS
853983,2021-08-31,VUS,2025-02-20,VUS
854243,2021-11-03,VUS,2025-05-05,VUS
854284,2019-12-30,P,2019-12-30,P
854336,2019-11-29,VUS,2019-11-29,VUS
854707,2021-08-28,VUS,2024-06-18,VUS
854715,2022-04-11,LP,2023-03-18,LP
854729,2020-04-24,VUS,2023-08-25,VUS
854795,2019-12-30,VUS,2021-10-25,VUS
855001,2023-11-06,VUS,2023-11-06,VUS
855238,2022-03-10,VUS,2024-08-14,VUS
855244,2021-09-14,VUS,2024-01-29,VUS
855326,2022-09-29,VUS,2024-11-22,VUS
855452,2020-09-16,VUS,2024-05-28,VUS
855490,2020-12-22,VUS,2020-12-22,VUS
855491,2022-08-21,VUS,2022-08-21,VUS
855629,2020-08-20,VUS,2022-08-16,VUS
855645,2020-11-25,VUS,2025-07-20,VUS
855993,2019-09-25,VUS,2022-10-25,VUS
856134,2022-02-18,VUS,2025-10-15,VUS
856140,2022-04-19,VUS,2022-04-19,VUS
856191,2023-12-01,P,2023-12-01,P
856362,2022-10-25,VUS,2024-10-07,VUS
856494,2021-08-06,VUS,2022-10-24,VUS
856507,2022-07-12,VUS,2022-07-12,VUS
856770,2019-12-28,VUS,2019-12-28,VUS
856779,2020-12-30,VUS,2024-12-02,VUS
856893,2021-12-16,P,2025-10-08,P
856937,2020-02-13,VUS,2025-10-06,VUS
856998,2022-01-01,VUS,2024-06-03,VUS
857001,2022-05-18,VUS,2022-06-13,VUS
857076,2019-11-08,VUS,2025-11-06,VUS
857112,2022-02-09,VUS,2022-02-09,VUS
857134,2023-12-26,VUS,2025-06-12,VUS
857135,2022-07-18,VUS,2024-12-03,VUS
857401,2022-02-18,VUS,2025-01-01,VUS
857507,2022-04-04,VUS,2025-05-20,VUS
857527,2020-03-20,VUS,2024-01-18,VUS
857637,2021-02-11,VUS,2025-01-06,VUS
857638,2022-04-11,VUS,2025-10-07,VUS
857775,2022-04-22,VUS,2026-01-05,VUS
857805,2020-02-26,VUS,2025-02-25,VUS
857829,2024-02-09,VUS,2025-10-14,VUS
857938,2019-12-19,VUS,2019-12-19,VUS
857949,2021-11-10,P,2025-11-03,P
857979,2022-12-02,VUS,2022-12-02,VUS
858076,2021-08-31,VUS,2024-02-05,VUS
858100,2022-03-17,VUS,2024-07-22,VUS
858197,2022-10-13,VUS,2024-05-04,VUS
858604,2023-11-18,VUS,2024-08-07,VUS
858755,2022-02-04,VUS,2024-01-23,VUS
858859,2021-10-18,VUS,2024-08-04,VUS
858977,2023-08-24,VUS,2025-08-25,VUS
858980,2024-04-01,VUS,2025-10-12,VUS
859018,2022-07-19,VUS,2022-07-19,VUS
859019,2020-04-17,VUS,2024-05-28,VUS
859037,2023-08-30,VUS,2023-08-30,VUS
859088,2021-08-27,VUS,2024-09-27,VUS
859154,2019-12-24,VUS,2019-12-24,VUS
859620,2021-11-28,VUS,2024-08-23,VUS
859726,2024-06-10,VUS,2024-06-25,VUS
859793,2022-03-18,VUS,2022-03-18,VUS
859885,2024-10-08,P,2024-10-08,P
860069,2023-09-25,VUS,2023-09-25,VUS
860258,2018-01-13,VUS,2023-10-14,VUS
860396,2024-08-30,VUS,2024-08-30,VUS
860509,2022-01-20,VUS,2022-01-20,VUS
860511,2019-12-31,VUS,2019-12-31,VUS
860532,2022-08-16,VUS,2024-07-30,VUS
860779,2022-02-11,VUS,2022-02-11,VUS
860845,2022-11-01,VUS,2025-08-02,VUS
860862,2020-09-16,VUS,2024-05-26,VUS
860863,2022-08-20,VUS,2022-08-20,VUS
860948,2024-02-17,VUS,2024-02-17,VUS
861014,2022-02-04,VUS,2022-02-04,VUS
861021,2020-12-29,VUS,2024-12-02,VUS
861023,2021-12-25,VUS,2024-09-03,VUS
861031,2025-01-23,VUS,2025-01-23,VUS
861102,2019-12-01,VUS,2025-11-20,VUS
861217,2022-05-27,VUS,2026-01-26,VUS
861284,2023-12-18,VUS,2023-12-18,VUS
861323,2017-04-28,VUS,2024-08-07,VUS
861374,2022-08-16,VUS,2025-08-09,VUS
861542,2019-03-23,P,2019-03-23,P
861546,2020-11-03,VUS,2022-11-22,VUS
861607,2022-02-23,P,2022-02-23,P
861790,2019-11-29,VUS,2019-11-29,VUS
861946,2019-01-26,VUS,2019-01-26,VUS
862061,2020-02-13,VUS,2023-07-04,VUS
862132,2022-08-15,VUS,2022-08-15,VUS
862173,2025-08-17,VUS,2025-08-17,VUS
862339,2021-12-14,VUS,2022-03-12,VUS
862437,2023-12-11,VUS,2024-04-17,VUS
862467,2021-11-30,VUS,2026-01-26,VUS
862498,2022-10-05,VUS,2022-10-05,VUS
862549,2019-11-23,VUS,2024-06-26,VUS
862588,2021-06-22,VUS,2025-06-12,VUS
862596,2018-01-12,VUS,2024-06-04,VUS
862717,2021-07-19,VUS,2023-10-01,VUS
862771,2022-06-01,P,2026-01-28,P
862936,2021-02-26,VUS,2021-02-26,VUS
863223,2021-12-22,VUS,2024-02-19,VUS
863702,2020-09-16,VUS,2024-07-17,VUS
863898,2022-02-18,VUS,2025-11-10,VUS
863936,2021-02-23,VUS,2024-04-05,VUS
863949,2024-02-17,LB,2024-02-17,LB
863950,2020-12-27,VUS,2025-11-13,VUS
864085,2021-08-25,VUS,2024-03-21,VUS
864087,2022-08-10,VUS,2022-09-14,VUS
864496,2022-11-08,VUS,2022-11-08,VUS
864822,2021-12-13,VUS,2024-05-28,VUS
865762,2018-08-10,P,2024-07-01,P
865839,2019-01-04,VUS,2022-08-08,VUS
866223,2018-11-13,VUS,2018-11-13,VUS
866227,2018-11-13,LP,2018-11-13,LP
866230,2018-11-22,LP,2018-11-22,LP
866243,2018-12-16,VUS,2025-12-02,VUS
866286,2019-02-04,VUS,2024-11-05,VUS
866355,2019-05-14,VUS,2019-05-14,VUS
866388,2019-06-30,VUS,2019-06-30,VUS
866437,2017-05-08,VUS,2024-08-21,VUS
866451,2017-08-04,LP,2017-08-04,LP
866473,2017-11-03,P,2017-11-03,P
866500,2018-12-16,VUS,2025-12-02,VUS
866501,2018-12-16,VUS,2024-12-02,VUS
866856,2018-11-14,VUS,2018-11-14,VUS
866908,2017-09-27,VUS,2025-08-21,VUS
866918,2017-12-27,VUS,2024-03-19,VUS
866920,2017-12-27,VUS,2017-12-27,VUS
866992,2018-08-28,LP,2025-01-20,LP
867139,2019-04-19,LP,2019-04-19,LP
867140,2019-04-19,VUS,2019-08-13,VUS
867163,2019-05-21,LP,2025-07-10,LP
871058,2018-11-01,P,2024-04-26,P
871059,2018-12-01,P,2025-05-21,P
871408,2023-11-03,P,2025-11-11,P
871409,2018-08-01,P,2026-01-23,P
871410,2021-01-01,P,2023-11-05,P
872461,2019-09-01,VUS,2019-09-01,VUS
873593,2018-01-13,VUS,2018-01-13,VUS
873717,2017-04-27,VUS,2024-04-18,VUS
873718,2018-01-13,VUS,2022-01-20,VUS
873719,2018-01-13,VUS,2018-01-13,VUS
873895,2018-01-12,VUS,2018-01-12,VUS
873896,2018-01-13,VUS,2018-01-13,VUS
874130,2018-01-13,VUS,2024-08-28,VUS
874131,2018-01-13,VUS,2024-02-13,VUS
874183,2018-01-13,VUS,2024-01-30,VUS
874184,2018-01-13,VUS,2025-12-16,VUS
874185,2018-01-13,VUS,2018-01-13,VUS
874843,2018-01-12,VUS,2022-03-10,VUS
874896,2018-01-13,VUS,2023-12-27,VUS
875115,2018-01-12,VUS,2025-11-18,VUS
875219,2018-01-13,VUS,2025-03-17,VUS
875272,2018-01-13,VUS,2022-02-03,VUS
875314,2018-01-12,VUS,2018-01-12,VUS
875520,2018-03-23,VUS,2021-12-07,VUS
875880,2018-01-13,VUS,2025-12-11,VUS
876130,2018-01-13,VUS,2025-10-22,VUS
876318,2018-01-13,VUS,2018-01-13,VUS
876360,2018-01-13,VUS,2025-05-27,VUS
876575,2018-01-13,VUS,2018-01-13,VUS
876576,2018-01-13,VUS,2025-10-18,VUS
876727,2018-01-13,VUS,2018-01-13,VUS
876921,2018-01-12,VUS,2025-05-21,VUS
880644,2018-01-13,VUS,2025-04-22,VUS
880716,2017-04-27,VUS,2024-08-08,VUS
880839,2018-01-13,VUS,2023-01-31,VUS
880902,2018-01-12,VUS,2024-11-25,VUS
881057,2017-04-27,VUS,2021-08-30,VUS
881098,2018-01-12,VUS,2018-01-12,VUS
881141,2018-01-13,VUS,2024-01-08,VUS
881296,2018-01-12,VUS,2024-05-31,VUS
881609,2018-01-13,VUS,2018-01-13,VUS
881846,2017-04-27,VUS,2022-07-05,VUS
882063,2018-01-13,VUS,2018-01-13,VUS
882064,2018-01-13,VUS,2018-01-13,VUS
882117,2018-01-13,VUS,2018-01-13,VUS
882769,2018-01-12,VUS,2018-01-12,VUS
882770,2018-01-13,VUS,2023-12-20,VUS
883013,2018-01-13,VUS,2024-12-16,VUS
883152,2018-01-12,VUS,2018-01-12,VUS
883262,2018-01-13,VUS,2018-01-13,VUS
883459,2018-01-12,VUS,2018-01-12,VUS
883506,2018-01-12,VUS,2018-01-12,VUS
883600,2018-01-13,VUS,2018-01-13,VUS
883696,2018-01-13,VUS,2024-09-05,VUS
884187,2018-01-13,VUS,2025-06-18,VUS
884275,2018-01-13,VUS,2018-01-13,VUS
884338,2018-01-13,VUS,2018-01-13,VUS
884339,2018-01-13,VUS,2018-01-13,VUS
884340,2018-01-13,VUS,2018-01-13,VUS
884392,2018-01-13,VUS,2021-08-19,VUS
884393,2018-01-13,VUS,2024-08-22,VUS
884457,2018-01-13,VUS,2024-03-02,VUS
884520,2018-01-13,VUS,2024-09-03,VUS
884521,2018-01-13,VUS,2024-04-20,VUS
884587,2018-01-13,VUS,2018-01-13,VUS
884588,2018-01-13,VUS,2018-01-13,VUS
884645,2018-01-13,VUS,2018-01-13,VUS
884646,2018-01-13,VUS,2018-01-13,VUS
884647,2018-01-12,VUS,2018-01-12,VUS
884648,2018-01-13,VUS,2018-01-13,VUS
884649,2018-01-13,VUS,2018-01-13,VUS
884840,2018-01-12,VUS,2018-01-12,VUS
884841,2018-01-13,VUS,2018-01-13,VUS
885264,2018-01-13,VUS,2018-01-13,VUS
885265,2018-01-13,VUS,2018-01-13,VUS
885330,2018-01-12,VUS,2018-01-12,VUS
885387,2018-01-13,VUS,2025-04-08,VUS
885388,2018-01-15,VUS,2025-06-17,VUS
885389,2018-01-12,VUS,2018-01-12,VUS
885456,2018-01-12,VUS,2018-01-12,VUS
885457,2018-01-12,VUS,2022-05-13,VUS
885518,2018-01-12,VUS,2018-01-12,VUS
885519,2018-01-13,LB,2018-01-13,LB
885520,2018-01-13,VUS,2018-01-13,VUS
885589,2018-01-12,VUS,2018-01-12,VUS
885769,2018-01-13,VUS,2018-01-13,VUS
886160,2018-01-13,VUS,2018-01-13,VUS
886358,2018-01-12,VUS,2018-01-12,VUS
886477,2018-01-12,VUS,2018-01-12,VUS
886545,2018-01-12,VUS,2018-01-12,VUS
886546,2018-01-12,VUS,2018-01-12,VUS
886547,2018-01-12,VUS,2018-01-12,VUS
886617,2018-01-12,VUS,2018-01-12,VUS
886666,2018-01-12,VUS,2018-01-12,VUS
886667,2018-01-13,VUS,2018-01-13,VUS
887174,2018-01-12,VUS,2018-01-12,VUS
887175,2018-01-12,VUS,2018-01-12,VUS
887240,2018-01-12,VUS,2018-01-12,VUS
887241,2018-01-12,VUS,2018-01-12,VUS
887242,2017-04-27,VUS,2017-04-27,VUS
887354,2018-01-12,VUS,2018-01-12,VUS
887355,2018-03-23,VUS,2018-03-23,VUS
887479,2018-02-02,VUS,2018-02-02,VUS
887607,2018-01-13,VUS,2024-04-02,VUS
887668,2018-01-12,VUS,2018-01-12,VUS
887670,2018-01-13,VUS,2021-08-31,VUS
887731,2018-01-13,VUS,2018-01-13,VUS
887732,2018-03-16,VUS,2018-03-16,VUS
887733,2017-04-27,VUS,2017-04-27,VUS
887793,2018-01-12,VUS,2018-01-12,VUS
887794,2018-01-12,VUS,2018-01-12,VUS
887796,2018-01-13,VUS,2024-07-30,VUS
887977,2018-01-13,VUS,2022-10-25,VUS
888370,2018-01-12,VUS,2018-01-12,VUS
888428,2018-01-12,VUS,2018-01-12,VUS
889068,2018-01-12,VUS,2018-01-12,VUS
889069,2018-01-12,VUS,2025-04-30,VUS
889070,2017-08-10,VUS,2017-08-10,VUS
889071,2018-01-13,VUS,2025-03-25,VUS
889134,2018-01-13,VUS,2018-01-13,VUS
889135,2018-01-13,VUS,2018-01-13,VUS
889136,2017-04-27,B,2017-04-27,B
889137,2018-01-13,VUS,2018-01-13,VUS
889703,2018-01-13,VUS,2025-03-07,VUS
889765,2018-01-12,VUS,2024-08-29,VUS
889766,2018-01-13,VUS,2024-10-15,VUS
889767,2018-01-13,VUS,2024-10-22,VUS
891255,2018-01-13,VUS,2025-12-03,VUS
891256,2018-01-12,VUS,2018-01-12,VUS
891257,2018-01-12,VUS,2018-01-12,VUS
891258,2018-01-13,VUS,2025-04-08,VUS
891304,2018-01-12,VUS,2018-01-12,VUS
892446,2018-01-12,VUS,2018-01-12,VUS
892447,2018-01-12,VUS,2026-04-03,VUS
892448,2018-01-13,VUS,2018-01-13,VUS
892498,2018-01-13,VUS,2018-01-13,VUS
892499,2018-01-12,VUS,2018-01-12,VUS
892500,2018-01-12,VUS,2018-01-12,VUS
892501,2018-01-13,VUS,2018-01-13,VUS
892573,2018-03-30,VUS,2018-03-30,VUS
892675,2018-01-13,VUS,2024-07-08,VUS
893037,2018-01-13,LB,2018-01-13,LB
893038,2018-01-12,VUS,2018-01-12,VUS
893039,2018-01-13,VUS,2018-01-13,VUS
893149,2018-01-12,VUS,2018-01-12,VUS
893252,2018-01-12,VUS,2018-01-12,VUS
893253,2018-01-13,B,2018-01-13,B
893328,2017-04-27,VUS,2024-01-12,VUS
893357,2018-01-13,VUS,2018-01-13,VUS
893387,2018-01-12,VUS,2018-01-12,VUS
893391,2018-01-13,VUS,2018-01-13,VUS
893477,2017-04-27,VUS,2017-04-27,VUS
893478,2018-01-13,LB,2020-04-19,LB
893757,2017-04-27,VUS,2017-04-27,VUS
893777,2018-01-15,VUS,2018-01-15,VUS
893787,2018-01-12,VUS,2018-01-12,VUS
894108,2018-01-12,VUS,2018-01-12,VUS
894136,2018-01-13,VUS,2018-01-13,VUS
894166,2018-01-12,VUS,2018-01-12,VUS
894188,2018-01-12,VUS,2018-01-12,VUS
894189,2018-01-12,VUS,2018-01-12,VUS
894221,2018-01-12,VUS,2025-10-13,VUS
894222,2018-01-12,VUS,2018-01-12,VUS
894260,2018-01-13,VUS,2022-02-09,VUS
894502,2018-01-13,VUS,2018-01-13,VUS
894540,2018-01-13,VUS,2018-01-13,VUS
894574,2018-01-13,VUS,2018-01-13,VUS
894575,2017-04-28,VUS,2022-10-17,VUS
894628,2017-04-27,VUS,2022-05-13,VUS
894647,2018-01-13,VUS,2018-01-13,VUS
894651,2017-04-27,VUS,2025-01-22,VUS
894667,2018-01-13,VUS,2022-11-30,VUS
899609,2018-01-12,VUS,2024-12-31,VUS
899610,2018-01-13,VUS,2022-01-13,VUS
899680,2018-01-13,VUS,2024-12-16,VUS
899816,2018-01-12,VUS,2018-01-12,VUS
899817,2018-01-12,VUS,2018-01-12,VUS
899818,2018-01-12,VUS,2018-01-12,VUS
899864,2018-01-12,VUS,2018-01-12,VUS
899865,2018-01-13,VUS,2018-01-13,VUS
899872,2018-01-13,VUS,2018-01-13,VUS
900219,2018-01-13,VUS,2024-11-05,VUS
900220,2018-01-12,VUS,2026-03-01,VUS
900817,2018-01-12,VUS,2022-05-06,VUS
900898,2018-01-13,VUS,2018-01-13,VUS
900923,2018-01-15,VUS,2018-01-15,VUS
900965,2017-04-27,VUS,2022-08-16,VUS
900966,2018-01-13,VUS,2024-01-30,VUS
900978,2018-01-12,VUS,2018-01-12,VUS
900979,2018-01-13,VUS,2018-01-13,VUS
900980,2018-01-13,VUS,2018-01-13,VUS
900989,2018-01-12,VUS,2018-01-12,VUS
900990,2018-01-13,VUS,2018-01-13,VUS
901037,2018-01-13,VUS,2018-01-13,VUS
901051,2018-01-12,VUS,2018-01-12,VUS
901052,2018-01-13,VUS,2018-01-13,VUS
901053,2018-01-13,VUS,2018-01-13,VUS
901257,2017-04-27,VUS,2021-10-27,VUS
901375,2017-04-27,VUS,2017-04-27,VUS
901547,2018-01-13,VUS,2018-01-13,VUS
901590,2018-01-13,VUS,2018-01-13,VUS
901926,2018-01-12,VUS,2022-07-26,VUS
901991,2018-01-13,VUS,2024-07-05,VUS
902352,2018-01-12,VUS,2024-11-18,VUS
902353,2018-01-13,VUS,2018-01-13,VUS
902493,2018-01-12,VUS,2025-11-12,VUS
902570,2018-01-13,VUS,2018-01-13,VUS
902587,2018-01-12,VUS,2018-01-12,VUS
902644,2018-01-13,VUS,2024-02-24,VUS
902831,2018-01-13,VUS,2018-01-13,VUS
903214,2018-01-13,VUS,2025-04-21,VUS
903358,2018-01-12,VUS,2018-01-12,VUS
903378,2018-01-12,VUS,2018-01-12,VUS
903379,2018-01-12,VUS,2018-01-12,VUS
903419,2017-04-28,VUS,2022-03-27,VUS
903472,2018-01-13,VUS,2024-12-31,VUS
903485,2018-01-13,VUS,2024-05-03,VUS
903615,2018-01-12,VUS,2018-01-12,VUS
903616,2018-01-12,VUS,2018-01-12,VUS
908168,2018-01-13,VUS,2024-07-03,VUS
908240,2018-01-13,VUS,2018-01-13,VUS
909996,2017-04-27,VUS,2025-12-11,VUS
910124,2018-01-15,VUS,2024-10-16,VUS
910884,2018-02-09,VUS,2018-02-09,VUS
912110,2017-04-28,VUS,2024-05-13,VUS
912174,2018-01-13,VUS,2025-07-24,VUS
912244,2017-04-27,VUS,2017-04-27,VUS
912245,2017-04-27,VUS,2017-04-27,VUS
912309,2017-04-27,VUS,2017-04-27,VUS
912980,2018-01-13,VUS,2024-06-12,VUS
913024,2018-01-12,VUS,2018-01-12,VUS
913025,2018-01-12,VUS,2018-01-12,VUS
913026,2018-01-12,VUS,2024-05-24,VUS
913027,2018-01-13,VUS,2025-09-05,VUS
913394,2018-01-13,VUS,2018-01-13,VUS
913395,2018-01-12,VUS,2018-01-12,VUS
913429,2018-01-12,VUS,2018-01-12,VUS
913810,2018-01-13,VUS,2018-01-13,VUS
914470,2018-01-12,VUS,2018-01-12,VUS
914471,2018-01-12,VUS,2018-01-12,VUS
914507,2018-01-12,VUS,2018-01-12,VUS
914508,2018-01-13,VUS,2018-01-13,VUS
914509,2018-01-13,VUS,2018-01-13,VUS
914510,2018-01-13,VUS,2022-02-18,VUS
914511,2018-01-12,VUS,2018-01-12,VUS
914512,2018-01-15,VUS,2018-01-15,VUS
914933,2018-03-30,VUS,2018-03-30,VUS
914980,2018-01-12,VUS,2018-01-12,VUS
914981,2018-01-13,VUS,2024-06-04,VUS
915028,2018-01-12,VUS,2018-01-12,VUS
915029,2018-01-13,B,2018-01-13,B
915030,2018-01-13,VUS,2018-01-13,VUS
915031,2018-01-13,VUS,2018-01-13,VUS
915032,2018-01-12,VUS,2018-01-12,VUS
915033,2018-01-13,VUS,2018-01-13,VUS
917944,2024-03-17,VUS,2024-03-17,VUS
917968,2021-01-04,LP,2021-01-04,LP
929316,2019-08-28,P,2019-08-28,P
929379,2019-12-18,P,2019-12-18,P
929396,2019-10-29,P,2019-10-29,P
929940,2022-02-22,LP,2022-02-22,LP
930259,2019-01-22,LP,2019-01-22,LP
930304,2018-11-08,P,2025-07-16,P
930681,2018-11-28,P,2025-03-25,P
930989,2016-01-01,VUS,2016-01-01,VUS
931168,2019-09-23,P,2023-07-27,P
931258,2018-11-29,VUS,2021-03-21,VUS
931286,2018-12-15,VUS,2018-12-15,VUS
931345,2020-02-26,LP,2020-02-26,LP
931538,2019-03-06,P,2019-03-06,P
931558,2019-07-09,P,2026-05-07,P
931688,2019-08-20,VUS,2019-08-20,VUS
931769,2019-03-18,VUS,2022-04-12,VUS
931822,2020-03-26,LP,2024-06-17,LP
931963,2016-01-01,LP,2025-08-18,LP
932089,2019-06-24,VUS,2019-06-24,VUS
933243,2020-02-21,VUS,2024-03-14,VUS
933366,2022-03-10,VUS,2022-03-10,VUS
933424,2023-04-05,VUS,2023-04-05,VUS
933496,2021-03-09,VUS,2024-10-08,VUS
933535,2020-04-24,VUS,2024-04-05,VUS
933548,2026-01-01,LB,2026-01-01,LB
933720,2022-06-13,VUS,2022-06-13,VUS
933793,2021-07-13,VUS,2024-04-29,VUS
933845,2021-10-27,VUS,2024-04-12,VUS
933866,2019-05-01,VUS,2025-11-08,VUS
933967,2019-10-01,VUS,2022-06-09,VUS
934003,2021-08-31,VUS,2021-08-31,VUS
934120,2019-05-22,P,2019-05-22,P
934125,2023-11-27,VUS,2023-11-27,VUS
934180,2024-05-28,VUS,2025-01-15,VUS
934192,2024-02-24,LB,2024-02-24,LB
934273,2022-10-13,VUS,2024-09-20,VUS
934314,2024-05-02,VUS,2025-08-15,VUS
934573,2022-10-17,VUS,2022-10-17,VUS
934583,2020-11-04,LP,2024-06-21,LP
934584,2022-08-22,P,2022-08-22,P
934748,2020-06-01,VUS,2022-02-09,VUS
934835,2024-05-17,VUS,2025-12-02,VUS
934843,2022-08-09,VUS,2022-08-09,VUS
934883,2021-03-12,VUS,2022-02-04,VUS
935182,2022-08-09,VUS,2023-07-19,VUS
935408,2021-07-07,VUS,2024-01-22,VUS
935410,2023-02-14,VUS,2025-12-25,VUS
935502,2021-08-03,VUS,2026-01-20,VUS
935740,2022-03-10,VUS,2023-12-14,VUS
935778,2023-12-11,VUS,2023-12-11,VUS
935818,2021-11-04,VUS,2025-01-19,VUS
935843,2022-10-17,VUS,2022-10-17,VUS
935922,2019-09-04,P,2019-09-04,P
935978,2024-10-09,VUS,2025-03-10,VUS
936251,2024-02-02,VUS,2025-12-08,VUS
936324,2022-01-21,VUS,2024-05-23,VUS
936340,2022-08-22,VUS,2023-09-28,VUS
936537,2023-06-26,VUS,2024-01-23,VUS
936829,2021-10-29,VUS,2025-03-05,VUS
936899,2024-03-11,VUS,2024-03-11,VUS
937024,2021-04-16,VUS,2022-03-05,VUS
937126,2021-09-02,VUS,2021-09-02,VUS
937173,2024-06-10,VUS,2024-09-05,VUS
937218,2019-07-17,VUS,2024-03-07,VUS
937270,2019-11-01,VUS,2024-10-23,VUS
937309,2021-10-25,VUS,2025-04-16,VUS
937361,2024-11-06,VUS,2024-11-06,VUS
937396,2020-02-26,VUS,2024-01-11,VUS
937727,2021-04-09,VUS,2022-02-05,VUS
937730,2021-09-02,VUS,2021-09-02,VUS
937818,2025-03-17,VUS,2025-03-17,VUS
937931,2024-02-24,LB,2024-02-24,LB
937954,2022-09-01,VUS,2024-02-14,VUS
938021,2022-08-10,VUS,2024-01-31,VUS
938060,2022-01-13,VUS,2022-01-13,VUS
938221,2019-08-26,VUS,2019-08-26,VUS
938236,2024-01-11,LP,2025-12-01,LP
938345,2023-10-03,VUS,2023-10-03,VUS
938355,2022-07-12,VUS,2022-07-12,VUS
938369,2022-10-24,VUS,2025-11-06,VUS
938396,2022-05-07,VUS,2025-11-26,VUS
938519,2022-06-03,VUS,2022-06-03,VUS
938526,2022-02-04,LP,2022-02-04,LP
938618,2019-10-03,VUS,2019-10-03,VUS
938677,2022-05-06,VUS,2024-06-03,VUS
938732,2019-09-26,VUS,2019-09-26,VUS
938865,2022-10-26,VUS,2022-10-26,VUS
938932,2024-02-02,VUS,2024-02-24,VUS
939090,2021-12-31,VUS,2023-03-23,VUS
939272,2024-11-11,VUS,2024-11-11,VUS
939480,2023-10-13,VUS,2023-10-13,VUS
939514,2020-08-24,VUS,2025-12-03,VUS
939643,2020-01-10,VUS,2024-04-10,VUS
939680,2023-08-17,VUS,2023-08-17,VUS
939682,2023-08-17,P,2023-08-17,P
939728,2021-07-16,P,2021-07-16,P
939829,2022-03-10,VUS,2022-03-10,VUS
939884,2022-08-23,VUS,2022-08-23,VUS
939885,2022-08-23,VUS,2022-08-23,VUS
939986,2024-10-21,VUS,2024-10-21,VUS
940187,2019-10-18,VUS,2019-10-18,VUS
940220,2022-08-19,VUS,2025-01-24,VUS
940313,2024-02-29,VUS,2024-10-29,VUS
940326,2020-05-07,VUS,2024-10-21,VUS
940447,2023-11-06,VUS,2023-11-06,VUS
940620,2022-12-02,VUS,2022-12-02,VUS
940636,2024-08-05,VUS,2025-11-24,VUS
940637,2022-08-16,VUS,2025-10-21,VUS
940750,2022-09-06,VUS,2024-03-08,VUS
940769,2022-02-02,VUS,2022-02-02,VUS
940852,2025-04-07,VUS,2025-04-07,VUS
940955,2024-02-25,VUS,2025-05-29,VUS
940961,2019-09-10,VUS,2019-09-10,VUS
940998,2021-10-08,VUS,2021-10-08,VUS
941188,2022-02-05,VUS,2022-02-05,VUS
941246,2021-08-31,VUS,2021-08-31,VUS
941323,2022-06-13,LP,2022-06-13,LP
941564,2022-02-01,VUS,2025-08-20,VUS
941597,2022-02-17,VUS,2025-02-04,VUS
941679,2021-03-29,VUS,2022-07-18,VUS
941718,2019-09-07,VUS,2019-09-07,VUS
942002,2021-09-08,VUS,2021-09-08,VUS
942042,2022-08-09,VUS,2024-08-26,VUS
942175,2022-07-25,VUS,2022-07-25,VUS
942195,2019-09-10,VUS,2019-09-10,VUS
942251,2022-09-06,VUS,2023-07-12,VUS
942300,2021-08-16,VUS,2023-11-27,VUS
942312,2019-09-09,VUS,2022-11-03,VUS
942449,2022-06-27,VUS,2022-06-27,VUS
942493,2024-10-15,VUS,2024-10-15,VUS
942598,2022-08-23,VUS,2022-08-23,VUS
942599,2024-05-22,VUS,2025-02-03,VUS
942635,2023-05-08,LB,2023-05-08,LB
942680,2022-03-13,VUS,2022-03-13,VUS
942778,2021-08-28,VUS,2024-11-13,VUS
942796,2021-09-01,VUS,2023-12-01,VUS
942878,2022-07-19,VUS,2024-11-14,VUS
942932,2022-06-02,P,2026-02-20,P
943025,2024-01-10,VUS,2025-05-02,VUS
943045,2019-09-02,VUS,2019-09-02,VUS
943170,2024-11-05,VUS,2024-11-05,VUS
943367,2022-03-03,VUS,2022-03-03,VUS
943416,2024-04-15,VUS,2024-04-15,VUS
943427,2023-12-21,VUS,2023-12-21,VUS
943475,2021-12-07,VUS,2023-11-21,VUS
943696,2022-01-02,VUS,2025-08-11,VUS
943730,2024-04-17,VUS,2024-04-17,VUS
943767,2022-05-03,VUS,2024-10-25,VUS
943843,2022-08-10,VUS,2022-08-10,VUS
944009,2019-06-06,P,2019-06-06,P
944015,2024-11-18,VUS,2024-11-18,VUS
944143,2022-02-04,VUS,2024-01-15,VUS
944250,2022-01-14,VUS,2022-08-23,VUS
944314,2024-04-09,LP,2025-01-24,LP
944320,2024-04-02,VUS,2024-06-16,VUS
944731,2024-07-10,VUS,2025-06-12,VUS
944732,2022-04-08,VUS,2022-04-08,VUS
944911,2020-08-21,P,2020-08-21,P
945361,2024-04-29,VUS,2024-10-15,VUS
945490,2019-04-04,VUS,2019-04-04,VUS
945643,2024-11-09,VUS,2025-05-27,VUS
945735,2022-04-14,VUS,2023-08-04,VUS
945769,2019-05-02,P,2019-05-02,P
945906,2019-08-20,VUS,2019-08-20,VUS
946275,2022-07-18,VUS,2024-11-15,VUS
946276,2022-07-18,VUS,2022-07-18,VUS
946383,2022-07-19,VUS,2025-06-07,VUS
946385,2022-01-13,VUS,2022-01-13,VUS
946396,2021-09-01,VUS,2022-05-31,VUS
946397,2019-06-04,P,2019-06-04,P
946528,2019-08-06,VUS,2019-08-06,VUS
946581,2019-07-15,VUS,2024-01-04,VUS
946604,2022-05-24,VUS,2024-10-29,VUS
946930,2019-06-13,VUS,2025-08-09,VUS
946983,2020-09-16,VUS,2024-07-30,VUS
947081,2024-03-02,VUS,2025-08-04,VUS
947460,2023-09-21,P,2023-09-21,P
947780,2021-08-27,VUS,2021-08-27,VUS
947974,2022-05-27,VUS,2024-05-21,VUS
948126,2022-03-01,VUS,2026-01-29,VUS
948237,2022-06-09,VUS,2022-06-09,VUS
948469,2021-05-07,VUS,2022-06-27,VUS
948651,2023-10-03,VUS,2023-10-03,VUS
948690,2021-07-13,VUS,2024-05-01,VUS
949124,2019-12-14,VUS,2026-01-19,VUS
949478,2021-10-25,P,2021-10-25,P
949521,2021-07-25,P,2021-07-25,P
949527,2022-01-03,VUS,2025-04-16,VUS
949628,2019-08-21,VUS,2019-08-21,VUS
949658,2024-02-24,VUS,2024-02-24,VUS
949659,2020-09-08,VUS,2025-02-22,VUS
949854,2022-07-26,VUS,2022-07-26,VUS
949949,2022-09-01,P,2022-10-17,P
949984,2021-09-23,VUS,2024-12-16,VUS
950067,2024-06-13,VUS,2024-08-05,VUS
950148,2024-04-15,VUS,2025-09-24,VUS
950504,2022-01-01,P,2024-07-23,P
950643,2022-09-06,VUS,2024-05-20,VUS
950654,2022-08-31,VUS,2022-08-31,VUS
950656,2021-03-20,VUS,2021-03-20,VUS
951064,2024-04-16,VUS,2025-11-15,VUS
951173,2018-05-30,P,2025-04-01,P
951284,2024-06-23,VUS,2026-01-24,VUS
951359,2021-08-26,VUS,2024-05-24,VUS
951505,2025-09-04,LB,2025-09-04,LB
951712,2020-01-28,VUS,2025-11-11,VUS
951714,2022-02-02,VUS,2024-11-18,VUS
951910,2022-11-01,LP,2022-11-01,LP
952390,2020-08-26,VUS,2020-08-26,VUS
952982,2021-12-14,VUS,2024-04-11,VUS
953213,2024-02-24,VUS,2024-04-26,VUS
953267,2021-06-23,P,2021-06-23,P
953432,2019-10-28,P,2019-10-28,P
953449,2019-11-13,VUS,2019-11-13,VUS
953767,2021-09-17,VUS,2023-12-04,VUS
953779,2024-09-23,VUS,2024-09-23,VUS
953794,2019-09-30,VUS,2019-09-30,VUS
953822,2020-10-01,VUS,2024-04-16,VUS
953894,2023-01-15,P,2023-01-15,P
953905,2025-10-13,VUS,2025-10-13,VUS
953913,2020-07-22,VUS,2024-12-16,VUS
953999,2021-03-02,VUS,2024-12-17,VUS
954009,2020-12-18,VUS,2022-06-04,VUS
954071,2019-08-28,VUS,2023-10-14,VUS
954153,2022-07-19,VUS,2022-07-19,VUS
954309,2024-02-24,VUS,2024-02-24,VUS
954317,2021-10-07,VUS,2022-07-19,VUS
954408,2023-05-31,P,2023-07-10,P
954435,2022-09-12,VUS,2022-09-12,VUS
954444,2021-10-07,VUS,2023-08-10,VUS
954456,2021-08-31,VUS,2025-10-22,VUS
954508,2019-10-13,VUS,2019-10-13,VUS
954523,2024-02-19,VUS,2024-06-03,VUS
954577,2022-03-29,VUS,2022-03-29,VUS
954652,2021-12-28,VUS,2022-07-26,VUS
954707,2022-07-05,VUS,2022-07-05,VUS
954766,2021-09-01,VUS,2025-09-22,VUS
954914,2018-09-27,VUS,2026-01-12,VUS
954969,2019-08-21,VUS,2023-03-10,VUS
954988,2022-01-05,VUS,2025-10-13,VUS
955052,2022-11-15,VUS,2025-06-22,VUS
955126,2020-09-16,VUS,2024-03-22,VUS
955130,2024-01-29,VUS,2024-01-29,VUS
955329,2022-10-24,VUS,2022-10-24,VUS
955345,2022-07-11,VUS,2024-04-20,VUS
955373,2022-05-15,VUS,2025-03-22,VUS
955522,2022-10-13,VUS,2022-10-13,VUS
955544,2022-10-05,VUS,2022-10-05,VUS
955801,2022-06-26,P,2022-06-26,P
955881,2024-12-02,VUS,2024-12-02,VUS
955951,2022-03-10,VUS,2022-03-10,VUS
955954,2022-09-29,VUS,2023-10-13,VUS
955976,2021-08-24,VUS,2021-08-24,VUS
956006,2021-11-03,VUS,2021-11-03,VUS
956008,2024-02-24,VUS,2024-02-24,VUS
956381,2019-08-02,VUS,2024-03-11,VUS
956617,2021-06-24,LB,2025-12-26,LB
956622,2020-07-30,VUS,2025-12-04,VUS
956666,2024-03-05,VUS,2025-06-12,VUS
956717,2024-04-25,VUS,2024-04-25,VUS
956774,2019-10-31,VUS,2019-10-31,VUS
956776,2019-10-31,VUS,2025-07-01,VUS
956782,2022-03-10,VUS,2022-03-10,VUS
956786,2022-05-10,VUS,2025-11-05,VUS
956910,2019-08-01,VUS,2025-06-24,VUS
957076,2022-07-25,VUS,2022-07-25,VUS
957142,2022-09-19,VUS,2025-12-08,VUS
957160,2022-03-10,VUS,2022-03-10,VUS
957231,2025-01-15,P,2025-09-10,P
957350,2025-03-17,VUS,2025-03-17,VUS
957478,2022-04-05,VUS,2023-07-14,VUS
957490,2019-10-14,VUS,2019-10-14,VUS
957522,2020-03-02,VUS,2022-04-04,VUS
957525,2023-10-22,VUS,2023-10-22,VUS
957571,2022-03-10,VUS,2022-08-09,VUS
957702,2024-11-11,VUS,2024-11-11,VUS
957732,2024-10-23,VUS,2024-10-23,VUS
957764,2021-08-30,VUS,2021-08-30,VUS
957785,2020-11-10,VUS,2024-09-06,VUS
957788,2022-06-13,VUS,2022-06-13,VUS
957827,2021-09-09,LP,2022-08-04,LP
957956,2019-10-15,VUS,2019-10-15,VUS
957996,2021-09-08,VUS,2021-09-08,VUS
958024,2022-01-03,VUS,2024-06-16,VUS
958164,2021-08-31,VUS,2025-01-20,VUS
958349,2024-03-05,VUS,2024-03-05,VUS
958497,2019-10-24,VUS,2019-10-24,VUS
958526,2025-03-17,VUS,2025-03-17,VUS
958715,2020-05-20,VUS,2024-09-23,VUS
958759,2022-04-01,LP,2025-02-20,LP
958774,2022-08-16,VUS,2022-08-16,VUS
958865,2019-11-07,VUS,2019-11-07,VUS
958932,2022-06-03,VUS,2025-08-28,VUS
958951,2021-08-25,VUS,2023-12-09,VUS
959022,2022-05-30,VUS,2024-08-31,VUS
959068,2022-08-09,VUS,2025-01-24,VUS
959076,2020-07-02,VUS,2022-10-04,VUS
959128,2022-01-07,P,2022-01-07,P
959154,2022-06-13,VUS,2022-06-13,VUS
959155,2022-11-08,VUS,2022-11-08,VUS
959307,2021-06-25,VUS,2024-02-27,VUS
959343,2025-04-16,P,2025-04-16,P
959443,2022-07-18,VUS,2022-07-18,VUS
959559,2022-08-23,VUS,2022-08-23,VUS
959829,2020-01-17,VUS,2024-06-05,VUS
959979,2022-07-11,VUS,2022-07-11,VUS
960022,2021-04-08,LP,2025-06-13,LP
960492,2022-02-09,VUS,2022-07-19,VUS
960708,2020-09-29,VUS,2021-08-28,VUS
960722,2021-09-27,VUS,2025-08-21,VUS
960760,2024-04-25,VUS,2024-04-25,VUS
960814,2024-09-29,VUS,2024-09-29,VUS
960868,2019-07-07,VUS,2023-12-28,VUS
960920,2022-01-12,VUS,2022-05-14,VUS
960926,2022-02-08,VUS,2022-02-08,VUS
961075,2023-10-22,P,2023-10-22,P
961104,2019-09-16,VUS,2024-09-03,VUS
961105,2020-06-09,VUS,2025-04-03,VUS
961189,2019-09-16,VUS,2019-09-16,VUS
961307,2022-02-04,VUS,2024-05-16,VUS
961321,2024-08-31,VUS,2024-08-31,VUS
961389,2019-08-13,VUS,2021-07-27,VUS
961462,2022-03-04,VUS,2024-03-13,VUS
961597,2022-03-11,VUS,2025-07-21,VUS
961750,2022-10-24,VUS,2022-10-24,VUS
961797,2021-06-18,VUS,2025-10-28,VUS
961928,2019-08-08,VUS,2024-02-20,VUS
962029,2023-04-05,LP,2023-04-05,LP
962285,2022-02-23,VUS,2022-02-23,VUS
962339,2019-09-10,VUS,2023-10-10,VUS
962630,2022-03-07,VUS,2025-07-14,VUS
962631,2021-07-09,VUS,2025-07-14,VUS
962643,2020-03-17,VUS,2024-01-24,VUS
962655,2024-01-02,VUS,2024-09-25,VUS
962671,2021-12-21,P,2021-12-21,P
962704,2022-07-08,VUS,2024-10-25,VUS
962707,2021-12-20,VUS,2024-09-30,VUS
962787,2021-08-12,VUS,2024-06-30,VUS
962974,2023-10-17,VUS,2024-01-20,VUS
962986,2021-04-19,VUS,2024-03-10,VUS
963174,2022-06-03,VUS,2022-06-03,VUS
963177,2022-10-13,VUS,2022-10-13,VUS
963253,2022-04-13,VUS,2022-08-16,VUS
963355,2020-04-20,VUS,2023-11-20,VUS
963415,2023-12-04,VUS,2025-04-07,VUS
963621,2024-10-14,VUS,2024-10-14,VUS
963686,2024-02-23,VUS,2024-02-23,VUS
963718,2021-11-15,VUS,2022-08-23,VUS
963728,2022-01-12,VUS,2023-10-12,VUS
963737,2022-10-04,VUS,2024-06-17,VUS
963751,2023-12-04,VUS,2023-12-04,VUS
963762,2019-09-07,LP,2019-09-07,LP
963763,2022-06-13,VUS,2025-11-10,VUS
963793,2020-02-13,VUS,2022-08-31,VUS
963850,2022-05-10,VUS,2022-09-27,VUS
963875,2022-02-23,VUS,2025-06-07,VUS
964026,2022-07-16,VUS,2024-08-06,VUS
964072,2019-09-16,VUS,2019-09-16,VUS
964078,2020-02-13,VUS,2022-08-21,VUS
964101,2026-01-06,VUS,2026-01-06,VUS
964224,2021-04-22,LP,2021-04-22,LP
964400,2019-10-28,VUS,2019-10-28,VUS
964470,2022-03-04,VUS,2023-06-16,VUS
964472,2019-10-05,VUS,2024-03-26,VUS
964473,2021-03-31,VUS,2022-06-03,VUS
964482,2024-01-24,VUS,2025-01-23,VUS
964484,2024-01-17,VUS,2024-08-12,VUS
964517,2019-08-19,VUS,2019-08-19,VUS
964646,2022-03-28,VUS,2024-10-15,VUS
964647,2025-08-21,VUS,2025-08-21,VUS
964740,2024-05-02,VUS,2024-12-09,VUS
964754,2020-01-17,VUS,2025-02-03,VUS
964757,2020-04-17,VUS,2024-08-04,VUS
964771,2022-07-19,VUS,2022-07-19,VUS
964893,2020-02-13,VUS,2024-02-16,VUS
965173,2025-04-07,P,2025-04-07,P
965275,2020-02-13,VUS,2024-10-26,VUS
965380,2020-11-20,VUS,2024-04-11,VUS
965455,2019-11-03,VUS,2025-01-23,VUS
965697,2023-09-26,VUS,2024-12-15,VUS
965745,2021-04-22,VUS,2021-08-31,VUS
965766,2022-05-14,VUS,2024-07-22,VUS
965932,2021-08-10,VUS,2026-01-14,VUS
965941,2020-08-10,VUS,2024-05-08,VUS
965965,2022-05-19,VUS,2022-08-29,VUS
965972,2020-07-17,VUS,2024-04-25,VUS
966152,2023-02-15,VUS,2024-10-24,VUS
966155,2025-07-30,VUS,2025-07-30,VUS
966166,2022-05-11,VUS,2024-08-12,VUS
966283,2019-11-29,VUS,2019-11-29,VUS
966367,2022-11-01,VUS,2022-11-01,VUS
966453,2020-01-27,VUS,2024-09-30,VUS
966726,2017-05-01,VUS,2024-03-26,VUS
966972,2024-03-18,VUS,2025-02-10,VUS
967099,2022-03-09,VUS,2022-07-19,VUS
967105,2021-10-05,VUS,2024-09-27,VUS
967126,2019-10-04,P,2023-08-29,P
967188,2022-01-06,VUS,2023-11-30,VUS
967225,2020-04-03,VUS,2022-08-16,VUS
967241,2021-09-01,VUS,2021-09-01,VUS
967244,2018-11-09,P,2023-11-24,P
967413,2024-11-26,VUS,2025-01-06,VUS
967498,2024-02-20,VUS,2024-09-04,VUS
967517,2021-09-01,VUS,2025-10-23,VUS
967609,2022-01-07,VUS,2024-09-23,VUS
967617,2016-12-12,VUS,2024-06-04,VUS
967666,2020-03-15,VUS,2024-03-05,VUS
967781,2024-11-18,VUS,2024-11-18,VUS
967797,2019-10-16,VUS,2024-03-20,VUS
967891,2020-02-21,VUS,2024-05-22,VUS
967948,2020-01-24,VUS,2022-10-24,VUS
967979,2022-08-21,VUS,2022-08-21,VUS
968145,2025-08-21,VUS,2025-08-21,VUS
968146,2024-06-12,VUS,2025-08-21,VUS
968161,2021-10-18,P,2021-10-18,P
968286,2019-03-19,VUS,2024-09-06,VUS
968305,2019-10-24,VUS,2019-10-24,VUS
968316,2020-09-16,P,2024-02-24,P
968322,2021-03-16,VUS,2025-07-31,VUS
968343,2021-07-29,VUS,2024-05-14,VUS
968344,2022-08-16,VUS,2024-05-30,VUS
968486,2022-02-09,VUS,2022-02-09,VUS
968582,2020-02-22,VUS,2020-02-22,VUS
968615,2026-01-25,LB,2026-01-25,LB
968795,2022-01-01,VUS,2023-11-27,VUS
968826,2021-12-08,VUS,2023-01-10,VUS
968859,2022-07-30,VUS,2024-09-17,VUS
968861,2021-12-07,VUS,2025-04-01,VUS
968899,2022-02-01,VUS,2022-02-01,VUS
968914,2022-08-21,P,2025-07-24,P
968972,2022-07-25,VUS,2022-07-25,VUS
968982,2024-01-20,VUS,2025-08-11,VUS
969023,2025-06-12,VUS,2025-06-12,VUS
969044,2022-10-20,P,2022-10-20,P
969083,2023-12-11,VUS,2024-05-17,VUS
969165,2019-10-14,VUS,2019-10-14,VUS
969225,2021-08-27,VUS,2025-05-25,VUS
969240,2024-01-15,VUS,2024-09-02,VUS
969342,2022-06-20,VUS,2022-06-20,VUS
969413,2020-05-05,VUS,2024-04-17,VUS
969563,2020-06-05,VUS,2021-08-24,VUS
969726,2019-10-24,VUS,2019-10-24,VUS
969734,2019-11-07,VUS,2019-11-07,VUS
969814,2021-04-11,VUS,2025-08-27,VUS
969822,2020-03-12,VUS,2024-07-10,VUS
969953,2021-11-01,VUS,2022-11-22,VUS
970005,2019-10-26,VUS,2024-06-01,VUS
970043,2022-10-20,VUS,2025-11-17,VUS
970091,2020-02-17,VUS,2021-09-01,VUS
970180,2022-02-09,VUS,2025-08-11,VUS
970382,2022-07-19,VUS,2025-09-01,VUS
970524,2022-09-27,VUS,2023-09-25,VUS
970598,2019-11-11,P,2025-07-24,P
970672,2021-08-28,VUS,2021-08-28,VUS
970802,2024-11-06,VUS,2025-03-17,VUS
970807,2019-11-01,VUS,2019-11-01,VUS
970878,2021-01-21,VUS,2024-10-14,VUS
970944,2020-05-08,VUS,2026-01-19,VUS
971025,2022-03-10,VUS,2022-03-10,VUS
971113,2020-02-26,VUS,2024-06-17,VUS
971187,2021-08-16,VUS,2024-07-09,VUS
971261,2022-08-09,VUS,2022-08-09,VUS
971276,2022-03-21,VUS,2022-10-05,VUS
971363,2020-11-05,VUS,2024-10-16,VUS
971501,2024-10-25,VUS,2024-10-25,VUS
971516,2022-06-13,VUS,2022-06-13,VUS
971538,2021-03-29,VUS,2024-10-01,VUS
971553,2022-07-26,VUS,2022-07-26,VUS
971577,2022-04-18,VUS,2025-08-23,VUS
971587,2023-07-17,VUS,2023-07-17,VUS
971599,2020-09-09,VUS,2021-07-22,VUS
971619,2022-01-27,VUS,2022-10-04,VUS
971684,2020-09-08,VUS,2024-12-02,VUS
971691,2024-04-08,VUS,2024-10-08,VUS
971710,2019-10-28,VUS,2025-08-03,VUS
971736,2020-01-24,VUS,2025-04-25,VUS
971799,2019-09-28,VUS,2019-09-28,VUS
971896,2020-07-29,VUS,2023-01-01,VUS
971964,2022-06-20,VUS,2022-06-20,VUS
972063,2022-04-22,VUS,2024-04-29,VUS
972117,2025-08-21,VUS,2025-08-21,VUS
972140,2025-10-20,LB,2025-10-20,LB
972326,2022-09-06,VUS,2024-04-18,VUS
972421,2023-04-05,VUS,2023-04-05,VUS
972482,2024-10-21,VUS,2024-10-25,VUS
972655,2020-06-09,VUS,2024-04-20,VUS
974369,2018-02-19,P,2022-05-02,P
974370,2020-02-01,P,2020-02-01,P
974371,2018-02-19,P,2022-05-02,P
974395,2020-02-01,P,2024-02-04,P
974418,2020-02-01,P,2020-02-01,P
974436,2020-02-01,LP,2020-02-01,LP
974439,2020-02-01,P,2020-02-01,P
974440,2020-02-01,P,2020-02-01,P
974482,2020-02-01,P,2020-02-01,P
974483,2020-02-01,LP,2020-02-01,LP
974484,2020-02-01,P,2020-02-01,P
974485,2020-02-01,P,2020-02-01,P
974545,2020-02-01,P,2020-02-01,P
974546,2020-02-01,LP,2020-02-01,LP
974552,2020-02-01,P,2020-02-01,P
975660,2019-01-01,LB,2019-01-01,LB
975661,2019-01-01,LB,2019-01-01,LB
976521,2021-12-23,LB,2023-10-29,LB
976729,2017-12-11,LP,2017-12-11,LP
977606,2019-01-01,P,2020-08-03,P
978630,2019-10-16,P,2024-03-12,P
979381,2022-09-08,VUS,2022-09-08,VUS
979385,2020-02-11,VUS,2020-02-11,VUS
979861,2019-08-02,VUS,2019-08-02,VUS
980060,2022-10-11,VUS,2022-10-11,VUS
980469,2020-04-06,P,2020-04-06,P
980573,2019-07-16,P,2019-07-16,P
980663,2020-04-16,VUS,2020-04-16,VUS
982525,2024-04-19,LP,2024-04-19,LP
982526,2022-01-01,P,2024-05-31,P
983005,2019-01-01,VUS,2021-07-01,VUS
983281,2020-09-01,P,2020-09-01,P
983480,2020-10-27,VUS,2022-05-25,VUS
985152,2017-04-06,LP,2022-08-23,LP
986073,2019-01-30,P,2019-01-30,P
986971,2020-10-23,LP,2020-10-23,LP
988122,2018-11-22,VUS,2018-11-22,VUS
988173,2019-07-26,VUS,2025-03-03,VUS
988174,2019-12-20,VUS,2019-12-20,VUS
988199,2017-10-17,LP,2017-10-17,LP
988209,2019-04-30,VUS,2019-04-30,VUS
988261,2012-07-28,LP,2025-07-16,LP
988262,2018-10-25,P,2020-07-22,P
988263,2018-05-30,P,2025-10-20,P
988265,2019-07-23,LP,2019-07-23,LP
989965,2020-11-10,VUS,2020-11-10,VUS
990371,2020-04-24,VUS,2021-10-29,VUS
990680,2020-08-14,VUS,2024-02-14,VUS
990681,2020-04-17,VUS,2025-04-03,VUS
990682,2020-08-14,VUS,2020-08-14,VUS
990683,2020-04-17,VUS,2025-07-10,VUS
990684,2020-04-17,VUS,2020-04-17,VUS
990686,2020-04-17,VUS,2025-03-07,VUS
990687,2020-04-17,VUS,2024-07-22,VUS
991010,2020-04-24,VUS,2022-01-11,VUS
991011,2020-08-27,VUS,2021-11-15,VUS
991012,2020-08-14,VUS,2024-11-04,VUS
991013,2020-04-24,VUS,2024-05-08,VUS
991014,2020-04-24,VUS,2025-04-12,VUS
991016,2020-08-13,VUS,2024-06-21,VUS
991019,2020-04-24,VUS,2024-10-26,VUS
991021,2020-04-24,VUS,2024-05-24,VUS
991022,2020-09-25,VUS,2021-07-09,VUS
991024,2020-04-24,VUS,2025-08-23,VUS
991335,2020-04-17,VUS,2024-05-10,VUS
991336,2019-07-09,LB,2026-01-16,LB
991339,2020-04-17,VUS,2024-08-06,VUS
991340,2020-04-17,VUS,2020-04-17,VUS
991341,2020-08-13,VUS,2020-08-13,VUS
991343,2020-08-13,VUS,2021-08-29,VUS
991344,2020-04-17,VUS,2020-04-17,VUS
991345,2020-04-17,VUS,2025-01-02,VUS
991346,2020-04-17,VUS,2020-04-17,VUS
991347,2020-04-17,VUS,2024-10-15,VUS
991348,2020-04-17,VUS,2020-04-17,VUS
991349,2020-08-14,VUS,2020-08-14,VUS
991350,2020-04-17,VUS,2024-05-09,VUS
991351,2020-04-17,VUS,2020-04-17,VUS
991675,2020-04-17,VUS,2022-08-22,VUS
991676,2020-04-17,VUS,2022-05-09,VUS
991677,2020-04-17,VUS,2024-09-20,VUS
991679,2020-04-17,VUS,2025-05-01,VUS
991680,2020-04-17,VUS,2025-03-05,VUS
991681,2020-04-17,VUS,2020-04-17,VUS
991682,2020-04-17,VUS,2020-04-17,VUS
991683,2020-08-13,VUS,2025-05-17,VUS
991684,2020-04-17,VUS,2025-04-07,VUS
991685,2020-04-17,VUS,2020-04-17,VUS
991686,2020-08-14,VUS,2020-08-14,VUS
992031,2020-04-24,VUS,2023-11-27,VUS
992032,2020-10-26,VUS,2024-04-11,VUS
992033,2020-04-24,VUS,2024-05-06,VUS
992034,2020-04-24,VUS,2020-04-24,VUS
992035,2020-08-13,VUS,2023-08-16,VUS
992037,2020-11-06,VUS,2025-03-25,VUS
992038,2020-08-17,VUS,2025-03-17,VUS
992039,2020-04-24,VUS,2024-09-26,VUS
992042,2020-04-24,VUS,2025-02-17,VUS
992043,2020-04-24,VUS,2024-07-05,VUS
992044,2020-01-21,VUS,2024-02-16,VUS
992045,2020-08-14,VUS,2024-04-10,VUS
992047,2019-07-18,VUS,2024-03-26,VUS
992048,2020-08-19,VUS,2025-03-22,VUS
992429,2020-02-07,P,2022-08-16,P
992430,2020-02-07,P,2020-02-07,P
993032,2020-10-11,P,2024-03-29,P
993537,2020-05-28,LP,2022-01-17,LP
993599,2020-08-24,VUS,2024-11-05,VUS
993600,2020-08-24,VUS,2022-11-28,VUS
993616,2019-08-26,VUS,2019-08-26,VUS
993625,2020-01-28,LB,2025-06-11,LB
994031,2019-09-19,VUS,2022-01-01,VUS
994169,2019-11-08,VUS,2022-10-04,VUS
994220,2020-01-13,LB,2023-11-18,LB
995854,2018-11-01,VUS,2018-11-01,VUS
996117,2021-02-02,LP,2021-02-02,LP
996537,2021-02-08,LP,2025-12-31,LP
997816,2021-02-25,P,2021-02-25,P
997825,2021-02-25,P,2021-02-25,P
998021,2019-05-31,LP,2025-09-26,LP
998396,2021-05-25,VUS,2024-07-11,VUS
998402,2022-06-27,VUS,2024-08-12,VUS
998445,2022-04-24,VUS,2025-09-27,VUS
998779,2021-10-05,VUS,2021-10-05,VUS
998822,2022-02-15,VUS,2022-11-22,VUS
998836,2024-03-08,VUS,2025-01-20,VUS
998846,2021-07-26,VUS,2024-08-14,VUS
998908,2021-04-24,VUS,2021-04-24,VUS
998934,2020-04-29,VUS,2021-09-16,VUS
999112,2020-08-19,VUS,2020-08-19,VUS
999142,2022-03-03,VUS,2024-04-04,VUS
999162,2020-04-30,VUS,2022-01-06,VUS
999353,2024-06-18,VUS,2025-07-07,VUS
999475,2016-12-12,VUS,2025-06-18,VUS
999477,2022-06-27,VUS,2022-06-27,VUS
999519,2022-02-03,VUS,2022-02-03,VUS
999536,2020-03-17,VUS,2024-02-19,VUS
999580,2021-09-16,VUS,2026-01-12,VUS
999659,2020-08-14,VUS,2022-01-07,VUS
999686,2022-04-22,VUS,2024-10-26,VUS
999934,2020-10-21,VUS,2021-10-19,VUS
999958,2021-09-01,VUS,2021-09-01,VUS
1000141,2022-02-08,VUS,2022-02-08,VUS
1000241,2019-11-23,VUS,2022-07-19,VUS
1000391,2022-10-04,VUS,2022-10-04,VUS
1000478,2023-08-30,VUS,2024-04-24,VUS
1000506,2020-01-30,VUS,2020-01-30,VUS
1000685,2020-06-01,VUS,2024-06-30,VUS
1000891,2020-10-20,VUS,2024-08-17,VUS
1000954,2022-04-29,VUS,2022-08-10,VUS
1001009,2023-07-10,VUS,2023-07-10,VUS
1001017,2022-02-08,VUS,2022-02-08,VUS
1001232,2022-10-28,VUS,2022-10-28,VUS
1001318,2020-09-09,VUS,2024-02-24,VUS
1001369,2022-02-24,VUS,2022-02-24,VUS
1001422,2022-01-12,VUS,2024-10-08,VUS
1001491,2022-12-06,VUS,2022-12-06,VUS
1001518,2024-05-29,VUS,2025-10-01,VUS
1001579,2022-07-26,VUS,2022-07-26,VUS
1001739,2025-04-16,VUS,2025-04-16,VUS
1001855,2022-02-03,VUS,2025-01-20,VUS
1002076,2023-08-04,VUS,2023-08-04,VUS
1002159,2022-03-03,VUS,2022-03-03,VUS
1002199,2022-06-20,VUS,2022-06-20,VUS
1002330,2022-03-03,VUS,2022-03-03,VUS
1002342,2022-06-13,VUS,2022-06-13,VUS
1002519,2024-04-11,VUS,2025-11-27,VUS
1002619,2020-09-23,VUS,2020-09-23,VUS
1002646,2022-07-19,VUS,2022-07-19,VUS
1002678,2020-03-04,VUS,2022-02-03,VUS
1002704,2022-10-04,VUS,2022-10-04,VUS
1002718,2019-10-04,VUS,2021-08-26,VUS
1002828,2021-03-25,VUS,2021-03-25,VUS
1002851,2020-09-24,VUS,2020-09-24,VUS
1002890,2022-04-25,VUS,2025-11-10,VUS
1002976,2021-07-24,VUS,2022-11-01,VUS
1003014,2022-03-12,VUS,2025-08-05,VUS
1003111,2021-12-09,VUS,2024-01-01,VUS
1003184,2020-10-01,VUS,2020-10-01,VUS
1003200,2021-08-13,VUS,2024-11-11,VUS
1003203,2022-01-05,VUS,2022-11-22,VUS
1003205,2023-12-19,VUS,2025-08-24,VUS
1003346,2021-12-05,VUS,2024-08-23,VUS
1003404,2022-02-02,VUS,2022-10-13,VUS
1003624,2022-02-11,VUS,2022-02-11,VUS
1003644,2022-07-12,VUS,2022-07-12,VUS
1003645,2020-02-14,VUS,2020-02-14,VUS
1003829,2020-07-15,VUS,2020-07-15,VUS
1003982,2020-04-20,VUS,2020-10-10,VUS
1004069,2020-06-02,VUS,2023-12-21,VUS
1004075,2022-01-10,VUS,2022-08-16,VUS
1004123,2022-11-22,VUS,2022-11-22,VUS
1004154,2021-08-24,VUS,2025-05-01,VUS
1004174,2023-12-21,VUS,2024-07-24,VUS
1004216,2020-09-12,VUS,2020-09-12,VUS
1004227,2024-03-27,VUS,2025-11-12,VUS
1004270,2020-10-09,VUS,2020-10-09,VUS
1004338,2022-07-18,VUS,2024-06-24,VUS
1004482,2022-10-17,VUS,2022-10-17,VUS
1004517,2020-03-03,VUS,2023-12-28,VUS
1004541,2022-09-19,VUS,2024-01-09,VUS
1004622,2022-08-03,VUS,2022-08-03,VUS
1004716,2025-09-15,VUS,2025-09-15,VUS
1004967,2021-07-28,VUS,2025-08-11,VUS
1004971,2020-01-06,VUS,2020-01-06,VUS
1005089,2022-11-08,VUS,2022-11-08,VUS
1005319,2022-04-07,VUS,2025-01-23,VUS
1005425,2022-11-08,VUS,2022-11-08,VUS
1005503,2023-10-13,VUS,2023-10-13,VUS
1005552,2020-07-21,VUS,2022-02-18,VUS
1005660,2022-06-12,VUS,2022-06-12,VUS
1005784,2023-08-10,VUS,2023-08-10,VUS
1005874,2020-07-07,VUS,2023-08-11,VUS
1005969,2024-04-09,VUS,2025-12-19,VUS
1006091,2022-10-25,VUS,2024-02-06,VUS
1006159,2019-05-06,VUS,2025-08-26,VUS
1006166,2020-03-26,VUS,2020-03-26,VUS
1006174,2022-04-07,VUS,2022-07-12,VUS
1006450,2019-08-12,VUS,2023-11-27,VUS
1006588,2022-08-23,VUS,2025-09-10,VUS
1006659,2020-08-14,VUS,2020-08-14,VUS
1006754,2021-08-26,VUS,2021-08-26,VUS
1006788,2020-10-03,VUS,2020-10-03,VUS
1006882,2023-10-20,VUS,2024-08-31,VUS
1006913,2020-08-29,VUS,2024-08-16,VUS
1006919,2024-04-11,VUS,2026-01-05,VUS
1006923,2022-08-09,VUS,2024-01-09,VUS
1006995,2025-04-16,VUS,2025-04-16,VUS
1007010,2024-02-16,VUS,2025-03-24,VUS
1007023,2022-11-15,VUS,2023-12-27,VUS
1007039,2022-03-10,VUS,2025-03-03,VUS
1007059,2022-06-20,VUS,2022-06-20,VUS
1007139,2023-01-01,VUS,2024-10-09,VUS
1007223,2020-08-20,VUS,2020-08-20,VUS
1007365,2020-10-08,VUS,2020-10-08,VUS
1007526,2020-08-25,VUS,2020-08-25,VUS
1007622,2022-07-30,VUS,2022-07-30,VUS
1007655,2021-04-01,VUS,2022-07-19,VUS
1007768,2021-08-27,VUS,2023-12-27,VUS
1007814,2021-09-01,VUS,2025-10-15,VUS
1007847,2025-07-28,VUS,2026-01-28,VUS
1008004,2021-08-27,VUS,2021-08-27,VUS
1008056,2023-04-24,VUS,2023-04-24,VUS
1008202,2022-02-24,VUS,2022-02-24,VUS
1008310,2021-08-12,VUS,2021-08-12,VUS
1008319,2021-12-27,VUS,2025-08-12,VUS
1008498,2022-09-01,VUS,2022-09-01,VUS
1008535,2020-11-02,VUS,2025-08-21,VUS
1008568,2021-06-24,VUS,2024-03-27,VUS
1008645,2022-06-03,VUS,2022-06-03,VUS
1008660,2023-02-28,VUS,2025-04-03,VUS
1008743,2022-07-19,VUS,2024-01-25,VUS
1008838,2022-08-16,VUS,2024-03-29,VUS
1008905,2024-10-16,VUS,2024-10-16,VUS
1008928,2022-01-06,VUS,2022-01-06,VUS
1009015,2022-02-08,VUS,2024-05-10,VUS
1009042,2022-07-26,VUS,2025-08-09,VUS
1009172,2022-07-09,VUS,2022-07-09,VUS
1009255,2022-02-03,VUS,2025-10-17,VUS
1009289,2020-01-18,VUS,2023-11-27,VUS
1009382,2024-05-29,P,2026-02-27,P
1009466,2020-03-17,VUS,2024-03-23,VUS
1009496,2022-09-12,VUS,2022-09-12,VUS
1009508,2020-01-07,VUS,2020-01-07,VUS
1009556,2022-07-18,VUS,2024-01-08,VUS
1009563,2022-01-15,VUS,2022-01-15,VUS
1009612,2021-03-23,VUS,2021-03-23,VUS
1009687,2021-08-28,VUS,2021-08-28,VUS
1009771,2022-02-08,VUS,2022-08-31,VUS
1009799,2022-06-20,VUS,2024-02-12,VUS
1009813,2022-10-17,VUS,2024-09-03,VUS
1009912,2020-07-22,VUS,2020-07-22,VUS
1009978,2022-02-10,VUS,2022-02-10,VUS
1010052,2022-02-24,VUS,2022-02-24,VUS
1010068,2020-03-11,VUS,2020-03-11,VUS
1010074,2022-03-03,VUS,2022-03-03,VUS
1010085,2020-07-01,VUS,2020-07-01,VUS
1010086,2021-09-02,VUS,2022-02-08,VUS
1010223,2022-04-30,VUS,2025-07-30,VUS
1010230,2022-07-19,VUS,2024-03-12,VUS
1010279,2022-07-26,VUS,2023-12-21,VUS
1010364,2020-12-17,VUS,2024-06-14,VUS
1010382,2022-08-31,VUS,2022-08-31,VUS
1010384,2021-09-02,VUS,2021-09-02,VUS
1010478,2020-07-30,VUS,2020-07-30,VUS
1010566,2025-04-16,VUS,2026-01-26,VUS
1010573,2022-05-27,VUS,2022-05-27,VUS
1010629,2022-02-08,VUS,2022-02-08,VUS
1010659,2022-03-12,VUS,2025-04-26,VUS
1010674,2020-07-17,VUS,2025-04-08,VUS
1010777,2020-10-08,VUS,2024-04-28,VUS
1010797,2022-10-13,VUS,2022-10-13,VUS
1010865,2024-04-16,VUS,2025-08-21,VUS
1011075,2018-06-24,VUS,2018-07-03,VUS
1011159,2020-08-04,VUS,2020-08-04,VUS
1011162,2020-07-15,VUS,2020-07-15,VUS
1011240,2022-01-15,VUS,2022-01-15,VUS
1011325,2025-08-21,VUS,2025-08-21,VUS
1011328,2020-07-19,VUS,2024-05-16,VUS
1011384,2023-08-30,VUS,2023-08-30,VUS
1011452,2020-04-17,VUS,2020-04-17,VUS
1011521,2022-10-25,VUS,2022-10-25,VUS
1011543,2020-04-09,VUS,2025-05-26,VUS
1011709,2022-07-19,VUS,2022-07-19,VUS
1011821,2022-01-06,VUS,2022-01-06,VUS
1011857,2021-09-02,VUS,2025-01-31,VUS
1011871,2022-06-17,VUS,2025-01-21,VUS
1012599,2021-01-01,VUS,2022-08-22,VUS
1012829,2021-01-01,LB,2023-09-15,LB
1012956,2021-01-01,VUS,2022-08-22,VUS
1012957,2021-01-01,VUS,2022-08-22,VUS
1013786,2020-02-07,VUS,2020-02-07,VUS
1013820,2024-11-11,VUS,2024-11-11,VUS
1013842,2021-04-01,LB,2026-01-26,LB
1013846,2021-07-13,VUS,2022-07-16,VUS
1013852,2020-03-11,VUS,2020-03-11,VUS
1013932,2020-08-08,VUS,2020-08-08,VUS
1013955,2021-01-22,VUS,2025-06-06,VUS
1013960,2021-08-30,VUS,2024-04-16,VUS
1013968,2022-06-27,VUS,2023-11-27,VUS
1014012,2024-06-10,VUS,2025-05-27,VUS
1014096,2020-06-02,VUS,2025-12-11,VUS
1014219,2023-11-13,VUS,2023-12-27,VUS
1014252,2020-01-10,VUS,2024-12-20,VUS
1014274,2021-10-23,VUS,2022-02-02,VUS
1014746,2020-03-04,VUS,2022-10-17,VUS
1014907,2021-04-01,VUS,2022-11-18,VUS
1015064,2020-04-21,VUS,2025-03-07,VUS
1015125,2023-12-22,VUS,2023-12-22,VUS
1015180,2022-08-22,VUS,2022-08-22,VUS
1015197,2024-10-24,VUS,2024-10-24,VUS
1015328,2021-08-30,VUS,2022-04-26,VUS
1015342,2020-01-23,VUS,2020-01-23,VUS
1015379,2022-09-27,VUS,2024-03-14,VUS
1015384,2022-11-01,P,2022-11-01,P
1015401,2020-02-04,VUS,2024-09-25,VUS
1015409,2024-05-27,VUS,2025-08-13,VUS
1015520,2020-02-04,VUS,2024-04-17,VUS
1015660,2022-03-07,VUS,2025-04-25,VUS
1015791,2024-03-27,VUS,2025-11-12,VUS
1016055,2023-06-13,LB,2023-06-13,LB
1016075,2022-04-22,VUS,2025-12-15,VUS
1016183,2022-04-07,VUS,2025-05-28,VUS
1016263,2022-10-04,VUS,2022-10-04,VUS
1016379,2024-05-31,VUS,2024-05-31,VUS
1016406,2020-12-23,VUS,2025-11-06,VUS
1016471,2021-09-01,VUS,2021-09-01,VUS
1016552,2022-06-13,VUS,2022-06-13,VUS
1016708,2024-05-07,VUS,2025-10-04,VUS
1016840,2021-06-17,VUS,2021-06-17,VUS
1016876,2022-11-01,VUS,2022-11-01,VUS
1016909,2022-07-12,VUS,2022-07-12,VUS
1017494,2022-05-07,VUS,2022-05-07,VUS
1017526,2022-02-24,VUS,2022-02-24,VUS
1017530,2020-12-14,VUS,2025-04-28,VUS
1017546,2021-07-14,VUS,2025-03-11,VUS
1017620,2024-05-12,VUS,2025-10-03,VUS
1017677,2020-05-05,VUS,2020-05-05,VUS
1017684,2023-11-27,VUS,2023-11-27,VUS
1017694,2021-09-01,VUS,2021-09-08,VUS
1017752,2022-11-01,VUS,2024-01-08,VUS
1017868,2020-04-09,VUS,2023-11-27,VUS
1017872,2021-07-09,VUS,2025-01-13,VUS
1017957,2022-10-17,VUS,2022-10-17,VUS
1018013,2020-03-12,VUS,2020-03-12,VUS
1018258,2022-01-01,VUS,2025-03-17,VUS
1018299,2022-07-26,VUS,2023-08-22,VUS
1018449,2021-10-08,VUS,2022-06-20,VUS
1018489,2022-03-13,VUS,2025-11-04,VUS
1018521,2022-10-25,VUS,2022-10-25,VUS
1018600,2021-08-28,VUS,2021-08-28,VUS
1018763,2022-07-17,VUS,2022-07-17,VUS
1018764,2024-06-11,VUS,2024-09-24,VUS
1018783,2023-10-05,VUS,2023-10-05,VUS
1018811,2024-04-22,VUS,2024-04-29,VUS
1018813,2022-06-27,VUS,2022-06-27,VUS
1019169,2020-08-21,VUS,2020-08-21,VUS
1019237,2022-08-21,VUS,2022-08-21,VUS
1019274,2024-01-22,LP,2024-01-22,LP
1019324,2020-06-26,VUS,2024-10-16,VUS
1019425,2023-03-14,VUS,2025-09-19,VUS
1019479,2020-01-15,VUS,2020-01-15,VUS
1019523,2022-02-01,VUS,2024-03-28,VUS
1019621,2022-08-09,VUS,2022-08-09,VUS
1019647,2024-02-24,VUS,2025-09-25,VUS
1019705,2025-03-17,VUS,2025-03-17,VUS
1019723,2022-11-01,VUS,2022-11-01,VUS
1019751,2019-12-02,VUS,2021-08-28,VUS
1019779,2021-11-29,LP,2024-05-06,LP
1020069,2022-02-09,VUS,2022-02-09,VUS
1020282,2022-02-03,VUS,2025-11-17,VUS
1020361,2025-03-31,VUS,2025-03-31,VUS
1020387,2021-12-14,VUS,2022-03-10,VUS
1020422,2022-03-23,VUS,2022-07-19,VUS
1020455,2021-01-14,VUS,2021-01-14,VUS
1020509,2020-12-26,VUS,2024-05-31,VUS
1020611,2020-08-17,VUS,2024-08-20,VUS
1020713,2022-08-16,VUS,2024-03-26,VUS
1020716,2024-06-06,VUS,2025-06-12,VUS
1020811,2020-11-20,VUS,2020-11-20,VUS
1020815,2020-07-02,VUS,2025-07-15,VUS
1020864,2024-10-08,VUS,2024-10-08,VUS
1021112,2024-10-26,VUS,2024-10-26,VUS
1021136,2023-06-12,VUS,2025-10-08,VUS
1021213,2021-09-10,VUS,2024-05-01,VUS
1021247,2020-01-06,VUS,2020-01-06,VUS
1021396,2022-05-05,VUS,2022-10-17,VUS
1021439,2024-10-22,VUS,2025-08-13,VUS
1021463,2020-07-01,VUS,2020-07-01,VUS
1021536,2022-04-14,VUS,2024-07-22,VUS
1021630,2022-01-19,VUS,2023-08-10,VUS
1021700,2022-02-03,VUS,2022-02-03,VUS
1021737,2021-02-10,VUS,2022-06-27,VUS
1021835,2025-01-06,VUS,2025-01-06,VUS
1021890,2020-02-11,VUS,2020-02-11,VUS
1022054,2024-01-22,VUS,2025-04-28,VUS
1022107,2020-08-20,VUS,2020-08-20,VUS
1022134,2022-02-09,VUS,2022-02-09,VUS
1022244,2024-02-23,VUS,2024-02-23,VUS
1022245,2020-03-11,VUS,2020-03-11,VUS
1022679,2020-02-18,VUS,2020-02-18,VUS
1022791,2022-07-11,VUS,2022-07-11,VUS
1022804,2022-10-24,VUS,2022-10-24,VUS
1022850,2024-01-15,VUS,2025-08-15,VUS
1022905,2022-08-23,VUS,2022-08-23,VUS
1022968,2020-03-26,VUS,2020-03-26,VUS
1023049,2020-06-18,VUS,2024-06-18,VUS
1023050,2021-08-28,VUS,2021-08-28,VUS
1023063,2020-06-12,VUS,2024-12-24,VUS
1023130,2024-01-15,VUS,2024-01-15,VUS
1023174,2021-08-26,VUS,2021-08-26,VUS
1023258,2020-05-27,VUS,2020-05-27,VUS
1023353,2021-08-31,VUS,2024-08-21,VUS
1023538,2022-07-05,VUS,2025-11-12,VUS
1023612,2025-04-21,LB,2025-04-21,LB
1023638,2021-08-26,VUS,2025-01-08,VUS
1023657,2020-01-27,VUS,2020-01-27,VUS
1023747,2022-02-24,VUS,2025-01-10,VUS
1023829,2020-10-10,VUS,2020-10-10,VUS
1023847,2022-07-05,VUS,2024-09-19,VUS
1023858,2022-04-08,VUS,2022-04-08,VUS
1023947,2025-11-24,VUS,2025-11-24,VUS
1024069,2020-01-24,VUS,2023-11-27,VUS
1024196,2023-12-14,VUS,2024-05-31,VUS
1024324,2021-08-27,VUS,2025-12-15,VUS
1024405,2024-11-02,VUS,2025-08-31,VUS
1024501,2024-04-02,VUS,2024-11-11,VUS
1024519,2022-08-31,VUS,2024-05-31,VUS
1024537,2022-04-04,VUS,2022-04-04,VUS
1024543,2025-05-27,VUS,2025-05-27,VUS
1024608,2021-04-20,VUS,2022-08-22,VUS
1024670,2020-03-20,VUS,2020-03-20,VUS
1024673,2022-06-13,VUS,2022-06-13,VUS
1024735,2021-09-02,VUS,2024-06-03,VUS
1024838,2022-01-08,VUS,2025-05-19,VUS
1024952,2024-10-14,VUS,2024-10-14,VUS
1025082,2024-08-13,VUS,2024-08-13,VUS
1025089,2022-02-23,VUS,2022-02-23,VUS
1025091,2022-08-16,VUS,2024-05-02,VUS
1025127,2021-08-24,VUS,2021-08-24,VUS
1025188,2024-02-24,VUS,2024-02-24,VUS
1025238,2020-10-10,VUS,2020-10-10,VUS
1025251,2021-09-28,VUS,2022-11-01,VUS
1025374,2020-01-27,VUS,2020-01-27,VUS
1025493,2022-02-04,VUS,2022-02-04,VUS
1025501,2021-07-23,VUS,2022-03-28,VUS
1025742,2020-04-10,VUS,2020-04-10,VUS
1025758,2022-06-27,VUS,2022-06-27,VUS
1025864,2020-02-03,VUS,2020-02-03,VUS
1026108,2022-01-09,VUS,2025-03-19,VUS
1026136,2020-02-15,VUS,2020-02-15,VUS
1026166,2022-04-30,VUS,2024-10-24,VUS
1026283,2021-09-02,VUS,2021-09-02,VUS
1026465,2022-07-05,VUS,2022-07-05,VUS
1026636,2022-04-07,VUS,2022-11-01,VUS
1026648,2022-02-22,VUS,2023-08-04,VUS
1026726,2020-10-27,VUS,2020-10-27,VUS
1026843,2021-09-13,VUS,2025-09-09,VUS
1026934,2022-06-24,VUS,2025-10-19,VUS
1026946,2022-10-17,VUS,2024-07-18,VUS
1027269,2024-03-04,VUS,2024-08-24,VUS
1027528,2021-07-12,LP,2021-07-12,LP
1027914,2019-04-29,VUS,2024-11-11,VUS
1028871,2019-10-31,LP,2022-01-05,LP
1028964,2019-07-03,VUS,2024-05-14,VUS
1029108,2019-07-04,VUS,2019-07-04,VUS
1029109,2019-07-04,VUS,2019-07-04,VUS
1029922,2020-06-08,VUS,2024-11-27,VUS
1029923,2019-09-20,VUS,2024-03-25,VUS
1029924,2019-09-20,VUS,2025-06-12,VUS
1029925,2019-05-01,VUS,2019-05-01,VUS
1030121,2020-02-18,VUS,2020-02-18,VUS
1030411,2019-12-24,LP,2019-12-24,LP
1030710,2020-09-19,P,2025-05-22,P
1030711,2019-10-21,VUS,2022-08-19,VUS
1031266,2020-06-09,P,2020-06-09,P
1031305,2019-12-06,VUS,2019-12-06,VUS
1031714,2018-02-14,VUS,2023-02-22,VUS
1031715,2018-05-18,VUS,2023-12-11,VUS
1032510,2018-08-22,VUS,2021-11-12,VUS
1032670,2018-08-14,P,2018-08-14,P
1032904,2024-01-09,P,2024-01-09,P
1032905,2018-05-14,VUS,2021-10-14,VUS
1032906,2018-08-08,VUS,2024-05-30,VUS
1032959,2018-05-11,VUS,2022-04-27,VUS
1034074,2018-04-10,VUS,2024-01-04,VUS
1034458,2020-08-25,VUS,2020-08-25,VUS
1034488,2020-06-23,VUS,2020-06-23,VUS
1034512,2022-03-28,VUS,2024-10-15,VUS
1034562,2022-02-10,VUS,2022-02-10,VUS
1034925,2020-10-27,VUS,2020-10-27,VUS
1034943,2020-02-18,VUS,2020-02-18,VUS
1034973,2021-08-07,VUS,2022-02-02,VUS
1035152,2020-08-21,VUS,2020-08-21,VUS
1035229,2021-03-05,VUS,2022-11-01,VUS
1035241,2022-07-12,VUS,2024-03-19,VUS
1035326,2023-12-07,VUS,2024-05-14,VUS
1035408,2021-01-13,VUS,2021-01-13,VUS
1035463,2024-01-30,VUS,2025-01-13,VUS
1035536,2022-10-19,VUS,2025-03-17,VUS
1035634,2022-05-27,VUS,2022-05-27,VUS
1035675,2022-04-20,VUS,2025-04-16,VUS
1035733,2023-12-27,VUS,2025-11-16,VUS
1035787,2020-05-23,VUS,2020-05-23,VUS
1035904,2023-05-08,VUS,2023-05-08,VUS
1035910,2021-01-11,VUS,2024-02-05,VUS
1035918,2024-04-06,VUS,2024-04-06,VUS
1036081,2020-01-23,VUS,2020-01-23,VUS
1036189,2020-02-22,VUS,2024-04-25,VUS
1036195,2020-03-25,VUS,2020-03-25,VUS
1036244,2024-06-03,LB,2024-06-03,LB
1036314,2022-02-08,VUS,2022-02-08,VUS
1036411,2024-01-19,VUS,2024-01-19,VUS
1036455,2020-11-16,VUS,2025-07-15,VUS
1036464,2022-08-02,VUS,2025-08-14,VUS
1036544,2021-08-31,VUS,2021-08-31,VUS
1036674,2024-04-01,VUS,2025-08-26,VUS
1036710,2021-10-02,VUS,2021-10-02,VUS
1036740,2025-04-28,VUS,2025-04-28,VUS
1036773,2022-06-14,VUS,2022-06-14,VUS
1036804,2022-02-10,VUS,2022-02-10,VUS
1036817,2022-02-04,VUS,2022-02-04,VUS
1036868,2022-11-08,VUS,2022-11-08,VUS
1036992,2020-04-18,VUS,2020-04-18,VUS
1037074,2021-07-24,VUS,2024-12-16,VUS
1037083,2020-09-08,VUS,2020-09-08,VUS
1037092,2020-06-15,VUS,2024-02-24,VUS
1037099,2022-02-20,VUS,2024-06-18,VUS
1037426,2021-08-24,VUS,2021-08-24,VUS
1037542,2022-02-02,VUS,2022-02-02,VUS
1037556,2020-09-29,VUS,2025-01-13,VUS
1037595,2021-12-02,VUS,2021-12-03,VUS
1037737,2022-06-27,VUS,2022-06-27,VUS
1037758,2023-10-03,VUS,2024-04-20,VUS
1037784,2020-03-17,VUS,2024-06-09,VUS
1037872,2022-08-16,VUS,2025-01-01,VUS
1038070,2022-10-04,VUS,2022-10-04,VUS
1038138,2022-01-06,VUS,2022-01-06,VUS
1038178,2022-10-24,VUS,2022-10-24,VUS
1038188,2023-07-10,VUS,2023-07-10,VUS
1038349,2021-08-31,VUS,2021-08-31,VUS
1038485,2020-07-30,VUS,2020-07-30,VUS
1038617,2022-01-14,VUS,2022-01-14,VUS
1038857,2021-09-01,VUS,2024-02-12,VUS
1038859,2019-09-11,VUS,2022-03-03,VUS
1038921,2022-08-22,VUS,2024-05-28,VUS
1039016,2021-12-23,VUS,2024-05-23,VUS
1039051,2020-08-26,VUS,2021-08-26,VUS
1039076,2021-08-24,VUS,2021-08-24,VUS
1039129,2022-06-29,VUS,2025-03-24,VUS
1039160,2022-06-27,VUS,2022-06-27,VUS
1039254,2022-03-11,VUS,2024-01-29,VUS
1039328,2021-12-02,VUS,2024-10-23,VUS
1039355,2022-06-13,VUS,2022-06-13,VUS
1039401,2022-07-26,VUS,2022-07-26,VUS
1039419,2021-09-13,VUS,2025-09-09,VUS
1039513,2022-07-05,VUS,2024-01-04,VUS
1039611,2021-08-28,VUS,2024-03-20,VUS
1039651,2021-01-10,VUS,2024-09-19,VUS
1039675,2023-11-27,VUS,2024-03-22,VUS
1039692,2020-07-03,VUS,2024-04-23,VUS
1039817,2021-08-05,VUS,2023-11-27,VUS
1039969,2022-07-25,VUS,2024-09-09,VUS
1039978,2020-03-16,VUS,2022-02-02,VUS
1040108,2022-07-19,VUS,2022-07-19,VUS
1040125,2022-02-04,VUS,2025-06-17,VUS
1040129,2023-08-17,VUS,2025-05-19,VUS
1040286,2023-12-19,VUS,2023-12-19,VUS
1040335,2020-10-26,VUS,2020-10-26,VUS
1040344,2021-04-30,VUS,2022-10-17,VUS
1040348,2022-11-01,VUS,2024-06-18,VUS
1040451,2020-04-15,VUS,2021-08-27,VUS
1040543,2022-01-06,VUS,2022-01-06,VUS
1040550,2021-08-31,VUS,2021-08-31,VUS
1040566,2021-04-20,VUS,2022-08-22,VUS
1040643,2026-01-19,VUS,2026-01-19,VUS
1040680,2022-08-22,VUS,2024-10-26,VUS
1040738,2024-01-02,VUS,2024-01-02,VUS
1040811,2022-08-15,VUS,2025-01-04,VUS
1040891,2021-07-08,VUS,2023-09-13,VUS
1041105,2022-03-10,VUS,2025-11-20,VUS
1041231,2020-02-26,VUS,2025-08-18,VUS
1041307,2022-04-07,VUS,2024-02-23,VUS
1041316,2022-09-27,VUS,2024-08-13,VUS
1041326,2024-10-29,VUS,2024-10-29,VUS
1041417,2020-07-16,VUS,2024-01-22,VUS
1041443,2020-10-25,VUS,2022-05-06,VUS
1041448,2024-04-12,VUS,2024-10-24,VUS
1041653,2022-07-25,VUS,2025-08-30,VUS
1041660,2021-02-08,VUS,2022-06-20,VUS
1041728,2023-05-15,VUS,2025-11-03,VUS
1041729,2020-10-08,VUS,2020-10-08,VUS
1041747,2022-02-15,VUS,2023-10-03,VUS
1041829,2022-04-19,VUS,2025-08-04,VUS
1041836,2024-02-24,VUS,2025-06-19,VUS
1041844,2021-06-24,VUS,2025-01-17,VUS
1042069,2022-04-02,VUS,2024-08-20,VUS
1042171,2020-06-02,VUS,2024-06-07,VUS
1042176,2020-07-01,VUS,2023-06-02,VUS
1042314,2023-07-01,VUS,2025-03-19,VUS
1042316,2024-11-05,VUS,2024-11-05,VUS
1042383,2022-07-12,VUS,2022-07-12,VUS
1042386,2022-07-19,VUS,2025-08-31,VUS
1042389,2020-06-02,VUS,2021-09-02,VUS
1042420,2024-05-28,VUS,2024-11-11,VUS
1042483,2021-08-31,VUS,2021-10-12,VUS
1042555,2024-10-25,VUS,2024-10-25,VUS
1042599,2020-06-02,VUS,2021-11-23,VUS
1042683,2023-08-10,VUS,2023-08-10,VUS
1042714,2020-10-18,VUS,2025-04-21,VUS
1042805,2021-04-30,VUS,2021-10-22,VUS
1042937,2022-03-04,VUS,2024-09-23,VUS
1042998,2020-06-13,VUS,2020-06-13,VUS
1043027,2025-07-27,VUS,2025-07-27,VUS
1043041,2023-12-07,VUS,2025-04-24,VUS
1043189,2020-03-03,VUS,2020-03-03,VUS
1043237,2021-01-05,VUS,2024-02-22,VUS
1043505,2024-02-24,VUS,2024-02-24,VUS
1043615,2022-08-31,VUS,2022-08-31,VUS
1043765,2020-07-08,VUS,2026-02-23,VUS
1043992,2022-01-18,VUS,2025-06-12,VUS
1044001,2025-04-17,VUS,2025-10-22,VUS
1044101,2021-08-19,VUS,2022-03-12,VUS
1044104,2021-08-31,VUS,2023-01-24,VUS
1044207,2022-09-27,LB,2022-09-27,LB
1044223,2023-12-18,VUS,2025-05-07,VUS
1044318,2021-08-10,VUS,2022-06-17,VUS
1044453,2024-05-20,LB,2024-05-20,LB
1044497,2021-08-27,VUS,2021-08-27,VUS
1044527,2021-08-25,VUS,2024-10-03,VUS
1044552,2024-10-06,VUS,2024-10-06,VUS
1044605,2021-09-01,VUS,2021-09-01,VUS
1044664,2022-10-13,VUS,2024-12-23,VUS
1044985,2022-07-19,VUS,2022-07-19,VUS
1045056,2022-01-03,VUS,2025-08-11,VUS
1045134,2025-06-25,VUS,2025-09-02,VUS
1045172,2020-02-05,VUS,2025-04-28,VUS
1045220,2023-10-03,VUS,2023-10-03,VUS
1045332,2021-07-15,VUS,2025-01-06,VUS
1045375,2021-08-24,VUS,2021-08-24,VUS
1045466,2022-02-23,VUS,2022-02-23,VUS
1045557,2020-02-21,VUS,2022-06-13,VUS
1045682,2022-01-20,VUS,2023-07-10,VUS
1045712,2022-08-16,VUS,2022-08-16,VUS
1045837,2022-11-22,VUS,2022-11-22,VUS
1045840,2025-06-12,VUS,2025-06-12,VUS
1045964,2020-05-05,VUS,2023-09-14,VUS
1046137,2021-12-19,VUS,2024-06-04,VUS
1046156,2022-09-06,VUS,2025-09-28,VUS
1046216,2022-03-18,VUS,2024-10-03,VUS
1046372,2020-06-27,VUS,2024-07-08,VUS
1046376,2020-01-15,VUS,2020-01-15,VUS
1046381,2022-10-24,VUS,2022-10-24,VUS
1046529,2020-06-01,VUS,2024-01-24,VUS
1046539,2021-04-16,VUS,2023-08-30,VUS
1046540,2020-09-12,VUS,2021-11-29,VUS
1046568,2022-01-18,VUS,2025-11-10,VUS
1046571,2022-08-09,VUS,2022-08-09,VUS
1046605,2020-08-27,VUS,2024-04-02,VUS
1046941,2022-01-10,VUS,2025-04-19,VUS
1046942,2022-09-06,VUS,2022-09-06,VUS
1046947,2024-02-23,VUS,2024-02-23,VUS
1047132,2020-10-07,VUS,2020-10-07,VUS
1047220,2020-08-26,VUS,2020-08-26,VUS
1047247,2022-01-01,VUS,2025-01-18,VUS
1047427,2020-10-09,VUS,2020-10-09,VUS
1047435,2020-10-27,VUS,2020-10-27,VUS
1047438,2021-04-08,VUS,2021-04-08,VUS
1047440,2024-04-20,VUS,2025-09-09,VUS
1047452,2020-06-04,VUS,2024-09-12,VUS
1047549,2020-10-09,VUS,2020-10-09,VUS
1047592,2021-09-10,VUS,2022-08-17,VUS
1047598,2024-05-23,VUS,2025-09-02,VUS
1047651,2020-10-09,VUS,2020-10-09,VUS
1047670,2023-09-20,VUS,2024-05-25,VUS
1047685,2022-09-07,VUS,2022-09-07,VUS
1047731,2020-07-22,VUS,2020-07-22,VUS
1047792,2022-09-06,LP,2023-12-28,LP
1047876,2021-03-15,P,2021-03-15,P
1048870,2022-08-31,VUS,2025-08-08,VUS
1049230,2022-08-04,VUS,2023-12-15,VUS
1049364,2024-10-25,VUS,2024-10-25,VUS
1049648,2023-12-12,VUS,2025-09-09,VUS
1050591,2022-03-08,VUS,2025-01-15,VUS
1050864,2021-12-08,VUS,2022-04-01,VUS
1050995,2020-06-30,VUS,2020-06-30,VUS
1051082,2021-12-06,VUS,2022-06-04,VUS
1051131,2022-07-05,VUS,2022-07-05,VUS
1051143,2021-09-17,VUS,2024-09-04,VUS
1051187,2024-11-11,VUS,2025-02-20,VUS
1051189,2020-08-18,VUS,2024-10-15,VUS
1051304,2021-08-31,VUS,2021-08-31,VUS
1051311,2022-07-05,VUS,2022-07-05,VUS
1051339,2023-08-10,VUS,2023-08-10,VUS
1051354,2024-04-22,VUS,2024-10-15,VUS
1051386,2024-02-24,VUS,2024-02-24,VUS
1051459,2024-12-11,VUS,2025-06-02,VUS
1051483,2022-06-13,VUS,2022-06-13,VUS
1051596,2022-02-11,VUS,2022-02-11,VUS
1051823,2021-08-24,VUS,2021-08-24,VUS
1051965,2022-02-24,VUS,2022-02-24,VUS
1052230,2021-08-26,VUS,2021-08-26,VUS
1052238,2025-06-05,VUS,2025-06-05,VUS
1052256,2024-03-18,VUS,2024-03-18,VUS
1052303,2022-07-19,VUS,2022-07-19,VUS
1052380,2022-09-13,VUS,2022-09-13,VUS
1052383,2022-09-06,VUS,2022-09-06,VUS
1052615,2023-11-27,VUS,2024-04-08,VUS
1052692,2022-10-24,VUS,2025-12-03,VUS
1052776,2020-07-01,VUS,2020-07-01,VUS
1052788,2021-09-28,VUS,2024-08-05,VUS
1053024,2020-08-12,VUS,2023-12-27,VUS
1053032,2020-12-08,VUS,2022-03-28,VUS
1053049,2020-07-08,VUS,2020-07-08,VUS
1053189,2023-05-03,VUS,2025-04-30,VUS
1053223,2021-08-31,VUS,2021-08-31,VUS
1053298,2022-10-24,VUS,2023-05-25,VUS
1053363,2024-09-27,LB,2024-09-27,LB
1053374,2022-03-12,VUS,2024-07-29,VUS
1053393,2022-09-27,VUS,2022-09-27,VUS
1053552,2021-08-28,VUS,2021-08-28,VUS
1053666,2022-09-27,VUS,2022-09-27,VUS
1053685,2022-10-26,VUS,2022-10-26,VUS
1053691,2022-08-21,VUS,2022-08-21,VUS
1053831,2020-09-28,VUS,2024-07-10,VUS
1053855,2022-06-27,VUS,2022-06-27,VUS
1053883,2022-09-01,VUS,2022-09-01,VUS
1054090,2024-02-24,VUS,2024-02-24,VUS
1054157,2020-08-28,VUS,2020-08-28,VUS
1054238,2022-03-10,VUS,2025-11-04,VUS
1054341,2024-10-21,VUS,2024-10-21,VUS
1054345,2020-06-02,VUS,2020-06-02,VUS
1054402,2020-10-08,P,2022-07-25,P
1054405,2020-03-17,VUS,2022-07-06,VUS
1054432,2022-05-04,VUS,2025-12-03,VUS
1054514,2021-10-14,VUS,2022-04-06,VUS
1054835,2021-10-28,VUS,2023-06-07,VUS
1054846,2022-10-05,VUS,2025-06-18,VUS
1054954,2021-09-21,VUS,2022-06-14,VUS
1055022,2020-01-21,VUS,2020-01-21,VUS
1055144,2022-04-05,VUS,2023-11-14,VUS
1055326,2021-08-31,VUS,2025-08-26,VUS
1055534,2022-07-19,VUS,2022-07-19,VUS
1055537,2020-02-07,VUS,2020-02-07,VUS
1055580,2025-09-16,LB,2025-09-16,LB
1055654,2022-03-07,VUS,2025-04-14,VUS
1055679,2022-06-21,VUS,2024-03-29,VUS
1055979,2022-05-26,VUS,2022-11-14,VUS
1055998,2021-08-26,VUS,2021-08-26,VUS
1056066,2022-07-06,VUS,2022-07-06,VUS
1056069,2020-06-23,VUS,2020-06-23,VUS
1056125,2022-12-29,VUS,2025-06-20,VUS
1056181,2021-11-05,VUS,2023-07-07,VUS
1056196,2022-02-04,VUS,2025-08-08,VUS
1056208,2022-08-23,VUS,2022-08-23,VUS
1056291,2022-06-07,LB,2025-12-16,LB
1056352,2022-03-12,VUS,2022-12-28,VUS
1056385,2022-02-03,VUS,2022-02-03,VUS
1056404,2020-07-01,VUS,2020-07-01,VUS
1056447,2022-06-20,VUS,2022-06-20,VUS
1056716,2020-01-24,VUS,2022-08-31,VUS
1056755,2023-12-12,VUS,2025-01-08,VUS
1056786,2020-03-17,VUS,2025-08-10,VUS
1056852,2020-07-10,VUS,2020-07-10,VUS
1056893,2025-01-15,VUS,2025-01-15,VUS
1056919,2020-01-23,VUS,2020-01-23,VUS
1056948,2020-01-26,VUS,2020-01-26,VUS
1057109,2020-01-31,VUS,2020-01-31,VUS
1057128,2021-08-30,VUS,2024-11-09,VUS
1057169,2022-03-10,VUS,2022-03-10,VUS
1057180,2022-04-29,VUS,2022-04-29,VUS
1057261,2022-09-01,VUS,2024-02-23,VUS
1057389,2022-02-25,VUS,2022-03-09,VUS
1057605,2023-12-06,VUS,2023-12-06,VUS
1057618,2023-07-25,VUS,2023-07-25,VUS
1057742,2020-03-14,VUS,2020-03-14,VUS
1057812,2020-08-26,VUS,2020-08-26,VUS
1057817,2024-02-21,VUS,2024-11-05,VUS
1057883,2020-05-08,VUS,2023-05-04,VUS
1057906,2020-06-06,VUS,2024-09-05,VUS
1057920,2025-07-16,LB,2025-07-16,LB
1058130,2024-09-16,VUS,2024-09-16,VUS
1058131,2023-10-03,VUS,2023-10-03,VUS
1058162,2021-08-06,VUS,2024-02-14,VUS
1058183,2023-10-03,VUS,2023-10-03,VUS
1058440,2022-07-19,VUS,2025-04-25,VUS
1058718,2022-06-20,VUS,2022-06-20,VUS
1058735,2022-10-13,VUS,2022-10-13,VUS
1058807,2020-03-02,VUS,2024-10-04,VUS
1058891,2022-06-20,VUS,2022-06-20,VUS
1058994,2022-10-17,VUS,2025-03-03,VUS
1059127,2021-10-15,VUS,2025-05-28,VUS
1059128,2021-02-22,VUS,2021-12-27,VUS
1059203,2021-08-26,VUS,2021-08-26,VUS
1059485,2020-02-05,VUS,2025-06-11,VUS
1059506,2020-06-26,VUS,2024-02-21,VUS
1059529,2020-09-05,VUS,2020-09-05,VUS
1059536,2024-07-30,VUS,2024-10-29,VUS
1059558,2024-02-04,VUS,2024-07-17,VUS
1059579,2020-07-01,VUS,2020-07-01,VUS
1059697,2022-02-23,VUS,2022-08-09,VUS
1059885,2022-02-23,VUS,2024-05-30,VUS
1059924,2022-05-17,VUS,2025-05-28,VUS
1060026,2024-01-09,LP,2025-07-23,LP
1060028,2021-09-01,VUS,2022-05-24,VUS
1060237,2020-03-23,VUS,2020-03-23,VUS
1060291,2022-01-18,VUS,2024-02-08,VUS
1060292,2022-01-18,VUS,2023-12-12,VUS
1060296,2022-10-17,VUS,2022-10-17,VUS
1060345,2022-03-03,VUS,2022-03-03,VUS
1060347,2021-01-15,VUS,2021-01-15,VUS
1060480,2020-10-14,VUS,2020-10-14,VUS
1060670,2022-05-25,VUS,2023-05-10,VUS
1060698,2021-08-31,VUS,2021-08-31,VUS
1060699,2020-09-17,VUS,2020-09-17,VUS
1060814,2022-03-19,VUS,2025-10-14,VUS
1060869,2022-04-11,VUS,2024-04-28,VUS
1060932,2022-10-13,VUS,2022-10-13,VUS
1060953,2020-06-23,VUS,2020-06-23,VUS
1060969,2022-03-19,VUS,2022-03-19,VUS
1060986,2022-05-27,VUS,2022-05-27,VUS
1060999,2020-01-27,VUS,2020-01-27,VUS
1061021,2022-02-03,VUS,2022-02-03,VUS
1061196,2020-09-11,VUS,2020-09-11,VUS
1061201,2020-03-27,VUS,2024-02-24,VUS
1061202,2022-10-05,VUS,2022-10-05,VUS
1061251,2026-02-02,VUS,2026-02-02,VUS
1061264,2022-08-23,VUS,2023-06-13,VUS
1061315,2026-01-06,VUS,2026-01-06,VUS
1061393,2022-07-06,VUS,2022-07-06,VUS
1061425,2021-08-31,VUS,2025-03-17,VUS
1061429,2021-09-01,VUS,2025-11-07,VUS
1061435,2022-07-12,VUS,2022-07-12,VUS
1061465,2020-03-14,VUS,2020-03-14,VUS
1061509,2025-03-17,VUS,2025-03-17,VUS
1061559,2022-03-10,VUS,2022-03-10,VUS
1061591,2020-10-02,VUS,2020-10-02,VUS
1061594,2020-07-10,VUS,2020-07-10,VUS
1061688,2022-10-05,VUS,2022-10-05,VUS
1061706,2020-04-01,VUS,2020-04-01,VUS
1061743,2022-06-13,VUS,2022-06-13,VUS
1061769,2022-07-26,VUS,2022-07-26,VUS
1061972,2020-12-22,VUS,2021-08-24,VUS
1062023,2022-11-08,VUS,2022-11-08,VUS
1062140,2024-02-02,LB,2025-11-22,LB
1062189,2022-09-27,LP,2022-09-27,LP
1062267,2025-09-20,VUS,2025-09-20,VUS
1062358,2020-08-20,VUS,2021-04-01,VUS
1062371,2024-04-13,VUS,2024-06-03,VUS
1062375,2021-12-30,VUS,2023-02-23,VUS
1062377,2024-12-02,VUS,2025-01-29,VUS
1062389,2019-12-26,VUS,2022-07-19,VUS
1062538,2024-03-18,VUS,2024-03-18,VUS
1062608,2024-09-17,LP,2025-04-14,LP
1062682,2022-08-15,VUS,2022-08-15,VUS
1062732,2021-09-02,VUS,2024-10-02,VUS
1062773,2022-06-13,VUS,2022-06-13,VUS
1062909,2020-10-08,VUS,2020-10-08,VUS
1063016,2024-01-15,VUS,2024-05-08,VUS
1063055,2024-08-15,VUS,2024-08-26,VUS
1063133,2024-01-08,VUS,2025-01-09,VUS
1063145,2024-10-29,VUS,2024-10-29,VUS
1063264,2020-03-20,VUS,2020-03-20,VUS
1063385,2020-10-13,VUS,2020-10-13,VUS
1063439,2022-07-26,VUS,2024-06-01,VUS
1063479,2022-05-05,VUS,2022-08-21,VUS
1063508,2022-10-24,VUS,2024-02-13,VUS
1063680,2024-03-01,VUS,2025-11-27,VUS
1063837,2025-06-18,LB,2025-06-18,LB
1064304,2022-01-11,VUS,2025-06-12,VUS
1064352,2024-04-28,VUS,2026-01-18,VUS
1064760,2021-04-08,VUS,2021-04-08,VUS
1064761,2021-04-08,VUS,2021-04-08,VUS
1065634,2021-05-06,P,2021-05-06,P
1065667,2021-04-08,VUS,2024-05-17,VUS
1065668,2021-04-08,VUS,2024-05-17,VUS
1065719,2021-04-08,LP,2021-04-08,LP
1065742,2021-04-08,LP,2021-04-08,LP
1066027,2026-01-22,LP,2026-01-22,LP
1066118,2020-06-23,LP,2020-06-23,LP
1066132,2024-01-19,LP,2024-01-19,LP
1066360,2023-05-20,LP,2023-05-20,LP
1066451,2022-08-23,P,2022-08-23,P
1066452,2021-10-29,LP,2021-10-29,LP
1066453,2021-11-12,LP,2021-11-12,LP
1066679,2023-10-03,LP,2023-10-03,LP
1066717,2024-01-15,LP,2024-10-29,LP
1066805,2020-08-09,LP,2020-08-09,LP
1066853,2022-10-25,LP,2022-10-25,LP
1067254,2024-10-10,LP,2024-10-10,LP
1067297,2022-10-05,LP,2022-10-05,LP
1067391,2025-03-17,LP,2025-03-17,LP
1067406,2022-03-02,LP,2022-03-02,LP
1067442,2020-06-11,LP,2020-06-11,LP
1067477,2022-07-12,LP,2024-01-31,LP
1067494,2023-10-15,LP,2025-07-31,LP
1067777,2022-03-19,LP,2022-03-19,LP
1067937,2023-12-13,LP,2025-08-31,LP
1068034,2024-03-04,LP,2024-03-04,LP
1068180,2020-03-06,LP,2020-03-06,LP
1068465,2025-09-05,P,2025-09-05,P
1068561,2022-02-17,P,2022-02-17,P
1068566,2020-07-26,P,2020-07-26,P
1068591,2022-10-13,P,2022-10-13,P
1068669,2020-03-19,P,2020-03-19,P
1068738,2024-02-24,P,2025-11-17,P
1068961,2024-03-07,P,2024-03-07,P
1068974,2020-09-13,P,2020-09-13,P
1069111,2022-07-26,P,2022-07-26,P
1069496,2020-06-19,P,2020-06-19,P
1069581,2024-04-10,P,2024-06-12,P
1069582,2020-06-25,P,2024-04-08,P
1069885,2024-03-12,P,2024-03-12,P
1069905,2020-01-16,P,2020-01-16,P
1070007,2020-10-14,P,2020-10-14,P
1070105,2023-07-13,P,2023-07-13,P
1070282,2021-08-11,P,2021-08-11,P
1070303,2020-04-01,P,2024-02-24,P
1070327,2020-11-25,P,2020-11-25,P
1070346,2024-06-17,P,2024-06-17,P
1070890,2020-07-28,P,2020-07-28,P
1070974,2022-07-26,P,2022-07-26,P
1071036,2023-07-30,LP,2024-08-20,LP
1071059,2024-02-24,P,2024-02-24,P
1071061,2024-02-08,P,2026-01-09,P
1071083,2022-06-20,P,2022-06-20,P
1071206,2020-08-17,P,2020-08-17,P
1071241,2024-06-11,P,2024-06-11,P
1071323,2024-01-02,P,2024-01-02,P
1071499,2020-10-09,P,2020-10-09,P
1071556,2022-03-14,LP,2024-02-27,LP
1071605,2023-04-03,P,2025-09-04,P
1071814,2020-06-20,P,2020-06-20,P
1071910,2021-12-30,LP,2025-04-11,LP
1071911,2022-04-05,LP,2025-03-30,LP
1072058,2020-05-21,P,2020-05-21,P
1072250,2021-12-22,P,2021-12-22,P
1072258,2020-09-30,P,2020-09-30,P
1072338,2020-07-21,P,2020-07-21,P
1072340,2022-02-20,P,2022-02-20,P
1072531,2020-09-30,P,2020-09-30,P
1072859,2024-01-19,P,2025-10-27,P
1073010,2024-02-19,P,2025-11-05,P
1073038,2020-05-20,P,2020-05-20,P
1073132,2022-02-04,P,2022-02-04,P
1073163,2023-02-13,LP,2024-05-22,LP
1073371,2024-12-12,P,2024-12-12,P
1073456,2026-01-19,P,2026-01-19,P
1073461,2025-11-20,P,2025-12-10,P
1073618,2023-11-27,P,2024-05-23,P
1073845,2020-03-05,P,2020-03-05,P
1073920,2023-11-12,P,2023-11-12,P
1074159,2022-04-28,P,2022-04-28,P
1074275,2022-05-30,LP,2024-05-25,LP
1074481,2023-06-05,LP,2025-12-19,LP
1074486,2023-03-19,P,2025-06-23,P
1074543,2022-01-16,P,2025-07-06,P
1074721,2022-10-11,P,2022-10-11,P
1074737,2022-07-19,P,2022-07-19,P
1074738,2021-01-12,P,2021-01-12,P
1074908,2026-01-12,P,2026-01-12,P
1074952,2023-02-18,P,2024-05-13,P
1075230,2020-10-06,P,2020-10-06,P
1075391,2024-03-23,P,2024-09-05,P
1075565,2022-04-14,P,2022-04-14,P
1075586,2024-03-30,P,2024-03-30,P
1075783,2023-06-05,P,2023-06-05,P
1076236,2020-05-06,P,2020-05-06,P
1076237,2020-10-19,P,2020-10-19,P
1076238,2020-04-15,P,2020-04-15,P
1076282,2022-08-23,P,2022-08-23,P
1076663,2020-02-11,P,2020-02-11,P
1076772,2018-05-24,P,2025-10-27,P
1076835,2022-09-13,P,2022-09-13,P
1076926,2020-08-02,P,2020-08-02,P
1077010,2024-07-17,VUS,2024-07-17,VUS
1077017,2024-05-07,LP,2025-08-20,LP
1077553,2023-05-19,LB,2023-05-19,LB
1077593,2025-02-16,LB,2025-11-24,LB
1077758,2020-10-30,LB,2020-10-30,LB
1077912,2022-01-13,LB,2024-02-23,LB
1078113,2021-05-26,LB,2021-05-26,LB
1078180,2025-10-16,LB,2025-10-16,LB
1078190,2024-01-16,LB,2024-01-16,LB
1078233,2026-02-01,LB,2026-02-01,LB
1078467,2020-05-20,LB,2020-05-20,LB
1078482,2022-10-28,LB,2022-10-28,LB
1078506,2022-10-18,LB,2022-10-18,LB
1078520,2022-02-02,LB,2026-01-19,LB
1078528,2021-08-30,LB,2024-10-12,LB
1078529,2024-05-02,LB,2024-05-02,LB
1078578,2025-09-06,LB,2025-09-06,LB
1078724,2019-08-27,LB,2019-08-27,LB
1078852,2021-03-22,LB,2021-03-22,LB
1078865,2021-07-16,LB,2026-01-14,LB
1078885,2023-07-03,LB,2024-02-05,LB
1078889,2022-08-23,LB,2022-08-23,LB
1078893,2024-01-05,LB,2024-01-05,LB
1078960,2025-04-17,LB,2025-04-17,LB
1079073,2024-03-13,LB,2024-03-13,LB
1079154,2022-11-06,LB,2025-12-09,LB
1079189,2025-03-04,LB,2025-03-04,LB
1079494,2020-09-15,LB,2020-09-15,LB
1079555,2026-02-02,LB,2026-02-02,LB
1079593,2021-04-16,LB,2026-01-31,LB
1079611,2022-06-17,LB,2022-06-17,LB
1079717,2021-06-06,LB,2021-06-06,LB
1079719,2026-01-24,LB,2026-01-24,LB
1079914,2019-04-29,LB,2025-01-06,LB
1079937,2023-09-21,LB,2023-09-21,LB
1080132,2020-06-08,LB,2020-06-08,LB
1080181,2022-08-08,LB,2022-08-08,LB
1080464,2020-08-07,LB,2020-08-07,LB
1080580,2025-10-31,LB,2025-10-31,LB
1080752,2024-02-04,LB,2024-02-04,LB
1080939,2024-02-17,LB,2024-02-17,LB
1081324,2026-01-26,LB,2026-01-26,LB
1081432,2022-03-10,LB,2022-03-10,LB
1081474,2020-02-14,LB,2026-01-28,LB
1082051,2023-12-04,LB,2023-12-04,LB
1082130,2023-12-20,LB,2023-12-20,LB
1082134,2023-10-25,LB,2023-10-25,LB
1082302,2019-08-18,LB,2019-08-18,LB
1082360,2025-10-03,LB,2025-10-03,LB
1082405,2021-12-11,LB,2021-12-11,LB
1082450,2023-02-28,LB,2023-02-28,LB
1082520,2025-03-24,LB,2025-03-24,LB
1082542,2025-10-19,LB,2025-10-19,LB
1082600,2025-12-17,LB,2025-12-17,LB
1082681,2023-08-28,LB,2023-10-09,LB
1082684,2026-01-19,LB,2026-01-19,LB
1082685,2019-12-03,LB,2019-12-03,LB
1082755,2021-05-25,LB,2021-05-25,LB
1082806,2023-03-13,LB,2023-03-13,LB
1082894,2022-02-05,LB,2022-02-05,LB
1083000,2023-09-08,LB,2023-09-08,LB
1083048,2021-08-06,LB,2023-09-10,LB
1083106,2022-06-08,LB,2024-01-18,LB
1083267,2024-01-06,LB,2024-01-06,LB
1083295,2023-04-30,LB,2024-06-17,LB
1083447,2022-05-17,LB,2026-01-06,LB
1083473,2026-01-18,LB,2026-01-18,LB
1083474,2026-01-24,LB,2026-01-24,LB
1083569,2024-01-08,LB,2024-01-08,LB
1083657,2024-10-21,LB,2024-10-21,LB
1083744,2024-10-14,LB,2024-10-14,LB
1083762,2024-04-01,LB,2025-05-15,LB
1083927,2020-10-10,LB,2020-10-10,LB
1084081,2025-01-23,LB,2025-01-23,LB
1084175,2025-02-18,LB,2025-02-18,LB
1084282,2021-12-29,LB,2025-07-20,LB
1084337,2023-05-14,LB,2025-04-14,LB
1084424,2022-03-10,LB,2022-03-10,LB
1084444,2025-09-21,LB,2025-09-21,LB
1084447,2026-01-18,LB,2026-01-18,LB
1084449,2022-12-22,LB,2025-08-08,LB
1084470,2022-01-18,LB,2025-12-21,LB
1084518,2023-10-14,LB,2023-10-14,LB
1084544,2019-04-13,LB,2019-04-13,LB
1084719,2022-06-13,LB,2022-06-13,LB
1084747,2021-11-11,LB,2026-01-01,LB
1084771,2025-04-22,LB,2025-04-22,LB
1084993,2024-12-21,LB,2024-12-21,LB
1084994,2022-09-12,LB,2022-09-12,LB
1085045,2020-10-14,LB,2020-10-14,LB
1085065,2022-07-20,LB,2022-07-20,LB
1085067,2025-06-24,LB,2025-06-24,LB
1085187,2025-04-16,LB,2025-04-16,LB
1085428,2019-07-29,LB,2019-07-29,LB
1085737,2024-06-03,LB,2025-03-10,LB
1085880,2022-02-03,LB,2022-02-03,LB
1085895,2025-09-10,LB,2025-09-10,LB
1085943,2019-12-27,LB,2019-12-27,LB
1085962,2020-11-16,LB,2020-11-16,LB
1085982,2020-05-22,LB,2020-05-22,LB
1085988,2022-01-06,LB,2022-01-06,LB
1086074,2022-03-12,LB,2026-01-17,LB
1086099,2024-10-17,LB,2024-10-17,LB
1086363,2024-01-04,LB,2024-01-04,LB
1086378,2023-05-15,LB,2023-05-15,LB
1086461,2021-10-15,LB,2024-10-02,LB
1086467,2026-01-01,LB,2026-01-01,LB
1086653,2022-08-16,LB,2022-08-16,LB
1086670,2022-07-26,LB,2022-07-26,LB
1086681,2022-03-09,LB,2022-03-09,LB
1086692,2020-06-20,LB,2020-06-20,LB
1086995,2022-10-17,LB,2022-10-17,LB
1087002,2020-08-01,LB,2020-08-01,LB
1087027,2022-09-13,LB,2023-05-02,LB
1087124,2021-07-26,LB,2025-11-19,LB
1087233,2019-09-07,LB,2019-09-07,LB
1087424,2024-07-17,LB,2025-09-08,LB
1087528,2023-11-04,LB,2023-11-04,LB
1087540,2022-05-12,LB,2025-03-03,LB
1087587,2022-10-18,LB,2024-02-16,LB
1087722,2019-10-22,LB,2025-12-11,LB
1087728,2023-05-19,LB,2023-05-19,LB
1087751,2020-04-12,LB,2021-08-23,LB
1087769,2026-01-16,LB,2026-01-16,LB
1087799,2025-08-05,LB,2025-08-05,LB
1087855,2025-01-07,LB,2025-01-07,LB
1087884,2024-04-04,LB,2024-04-04,LB
1087981,2024-05-13,LB,2024-05-13,LB
1088015,2025-03-17,LB,2025-03-17,LB
1088035,2021-12-04,LB,2026-01-24,LB
1088103,2023-07-28,LB,2023-07-28,LB
1088107,2021-09-23,LB,2024-08-02,LB
1088312,2023-10-08,LB,2023-10-08,LB
1088401,2025-11-24,LB,2025-11-24,LB
1088438,2023-12-12,LB,2023-12-12,LB
1088561,2022-10-18,LB,2022-10-18,LB
1088615,2019-12-28,LB,2019-12-28,LB
1088636,2023-09-15,LB,2023-09-15,LB
1088735,2021-07-19,LB,2023-05-23,LB
1088765,2025-11-21,LB,2025-11-21,LB
1088867,2026-01-05,LB,2026-01-05,LB
1088988,2020-06-02,LB,2020-06-02,LB
1089048,2021-12-10,LB,2022-06-10,LB
1089052,2024-10-29,LB,2024-10-29,LB
1089059,2026-01-19,LB,2026-01-19,LB
1089073,2025-06-08,LB,2025-06-08,LB
1089078,2025-05-26,LB,2025-05-26,LB
1089651,2020-06-10,LB,2020-06-10,LB
1089871,2019-07-31,LB,2019-07-31,LB
1089929,2021-05-17,LB,2021-05-17,LB
1089943,2020-02-13,LB,2020-02-13,LB
1089952,2022-10-18,LB,2022-10-18,LB
1089971,2022-11-21,LB,2022-11-21,LB
1090059,2021-08-09,LB,2025-11-04,LB
1090071,2021-08-11,LB,2025-06-12,LB
1090087,2023-11-06,LB,2023-11-06,LB
1090095,2019-10-29,LB,2019-10-29,LB
1090111,2026-01-22,LB,2026-01-22,LB
1090125,2025-12-26,LB,2025-12-26,LB
1090170,2020-08-31,LB,2020-08-31,LB
1090210,2019-10-16,LB,2019-10-16,LB
1090286,2020-06-17,LB,2020-06-17,LB
1090421,2024-03-03,LB,2024-03-03,LB
1090497,2021-10-10,LB,2025-07-25,LB
1090641,2019-10-15,LB,2025-11-18,LB
1090651,2024-02-10,LB,2024-02-10,LB
1090665,2022-07-17,LB,2022-07-17,LB
1090681,2019-03-26,LB,2024-11-30,LB
1090686,2025-01-31,LB,2025-01-31,LB
1090991,2025-10-26,LB,2025-10-26,LB
1090992,2023-12-11,LB,2023-12-11,LB
1090996,2023-07-17,LB,2023-07-17,LB
1091019,2025-11-06,LB,2025-11-06,LB
1091330,2022-06-23,LB,2022-06-23,LB
1091338,2024-07-16,LB,2024-07-16,LB
1091355,2025-02-07,LB,2025-02-07,LB
1091462,2019-04-09,LB,2019-04-09,LB
1091567,2020-01-15,LB,2021-11-24,LB
1091658,2025-12-22,LB,2025-12-22,LB
1091800,2021-07-13,LB,2025-04-21,LB
1091986,2023-10-11,LB,2023-10-11,LB
1091995,2025-10-14,LB,2025-10-14,LB
1092128,2019-04-15,LB,2019-04-15,LB
1092310,2022-03-31,LB,2025-01-06,LB
1092341,2022-03-10,LB,2025-11-17,LB
1092495,2020-02-26,LB,2020-02-26,LB
1092520,2023-05-08,LB,2023-05-08,LB
1092550,2022-03-10,LB,2022-03-10,LB
1092578,2020-03-04,LB,2020-03-04,LB
1092677,2022-04-14,LB,2024-08-07,LB
1092723,2022-09-01,LB,2022-09-01,LB
1092959,2020-09-02,LB,2020-09-02,LB
1093121,2026-01-09,LB,2026-01-09,LB
1093349,2024-10-30,LB,2024-10-30,LB
1093351,2025-04-28,LB,2025-04-28,LB
1093675,2020-01-29,LB,2024-02-27,LB
1093764,2026-01-05,LB,2026-01-05,LB
1093827,2023-02-01,LB,2023-02-01,LB
1093847,2025-03-12,LB,2025-03-12,LB
1094330,2019-07-01,LB,2025-12-15,LB
1094355,2025-05-05,LB,2025-05-05,LB
1094378,2024-09-28,LB,2024-09-28,LB
1094524,2019-10-17,LB,2019-10-17,LB
1094566,2023-12-02,LB,2023-12-02,LB
1094604,2020-06-23,LB,2020-06-23,LB
1094655,2025-10-30,LB,2025-10-30,LB
1094661,2024-04-25,LB,2024-04-25,LB
1094663,2023-04-26,LB,2023-04-26,LB
1094736,2025-09-15,LB,2025-09-15,LB
1094755,2019-02-18,LB,2019-02-18,LB
1094780,2025-09-03,LB,2025-09-03,LB
1094821,2023-07-25,LB,2023-07-25,LB
1094853,2024-07-17,LB,2024-07-17,LB
1094864,2022-11-02,LB,2025-05-05,LB
1094972,2025-03-05,LB,2025-03-05,LB
1095049,2025-02-28,LB,2025-02-28,LB
1095064,2021-12-15,LB,2021-12-15,LB
1095272,2025-09-22,LB,2025-09-22,LB
1095427,2022-11-01,LB,2022-11-01,LB
1095439,2020-10-07,LB,2020-10-07,LB
1095608,2025-08-26,LB,2025-08-26,LB
1095623,2021-08-24,LB,2025-03-03,LB
1095725,2023-12-22,LB,2023-12-22,LB
1095922,2023-03-01,LB,2026-01-25,LB
1095937,2024-02-18,LB,2024-02-18,LB
1095949,2022-02-11,LB,2025-12-15,LB
1095954,2025-09-09,LB,2025-09-09,LB
1096101,2019-09-25,LB,2019-09-25,LB
1096128,2019-10-31,LB,2019-10-31,LB
1096139,2024-03-12,LB,2024-03-12,LB
1096143,2024-02-24,LB,2024-02-24,LB
1096193,2020-07-09,LB,2020-07-09,LB
1096912,2021-07-16,LB,2026-01-06,LB
1096950,2021-11-23,LB,2026-01-08,LB
1097063,2020-09-04,LB,2020-09-04,LB
1097127,2022-10-28,LB,2022-10-28,LB
1097199,2020-03-09,LB,2020-03-09,LB
1097266,2021-04-14,LB,2024-07-19,LB
1097341,2024-01-15,LB,2026-01-24,LB
1097402,2021-11-18,LB,2023-09-21,LB
1097468,2022-07-20,LB,2022-07-20,LB
1097593,2023-05-30,LB,2023-05-30,LB
1097621,2024-11-05,LB,2024-11-05,LB
1097695,2020-08-16,LB,2020-08-16,LB
1097832,2024-10-21,LB,2024-10-21,LB
1097860,2024-11-29,LB,2024-11-29,LB
1098008,2024-12-06,LB,2024-12-06,LB
1098027,2023-12-04,LB,2025-12-03,LB
1098065,2025-10-02,LB,2025-10-02,LB
1098123,2019-07-26,LB,2019-07-26,LB
1098167,2023-06-29,LB,2023-06-29,LB
1098424,2021-05-14,VUS,2021-05-14,VUS
1098961,2022-01-24,LB,2025-09-09,LB
1098962,2025-12-09,LB,2025-12-09,LB
1099064,2025-09-15,LB,2025-09-15,LB
1099180,2019-11-28,LB,2022-05-16,LB
1099226,2022-10-16,LB,2022-10-16,LB
1099254,2023-04-09,LB,2023-04-09,LB
1099389,2023-07-07,LB,2023-07-07,LB
1099423,2019-09-06,LB,2019-09-06,LB
1099540,2022-04-14,LB,2025-02-25,LB
1099793,2024-10-25,LB,2024-10-25,LB
1099840,2024-02-23,LB,2024-02-23,LB
1099933,2022-09-27,LB,2022-09-27,LB
1099937,2026-01-13,LB,2026-01-13,LB
1100109,2025-11-19,LB,2025-11-19,LB
1100290,2025-12-13,LB,2025-12-13,LB
1100305,2024-10-16,LB,2025-07-01,LB
1100385,2025-06-12,LB,2025-06-12,LB
1100523,2019-12-09,LB,2019-12-09,LB
1100617,2026-01-21,LB,2026-01-21,LB
1100770,2019-04-19,LB,2019-04-19,LB
1100945,2022-01-13,LB,2022-01-13,LB
1100970,2022-06-10,LB,2022-06-10,LB
1101055,2022-01-07,LB,2025-02-23,LB
1101074,2022-03-19,LB,2022-03-19,LB
1101206,2019-12-24,LB,2019-12-24,LB
1101252,2020-05-21,LB,2020-05-21,LB
1101340,2022-11-03,LB,2022-11-03,LB
1101400,2019-08-25,LB,2021-10-22,LB
1101409,2023-06-16,LB,2023-06-16,LB
1101593,2020-07-24,LB,2020-07-24,LB
1101733,2025-04-13,LB,2025-04-13,LB
1101764,2026-01-27,LB,2026-01-27,LB
1101803,2022-05-19,LB,2024-07-24,LB
1101831,2025-12-15,LB,2025-12-15,LB
1101851,2019-10-05,LB,2019-10-05,LB
1101958,2022-08-17,LB,2022-08-17,LB
1102018,2024-08-23,LB,2026-01-02,LB
1102023,2026-01-24,LB,2026-01-24,LB
1102158,2022-02-15,LB,2022-02-15,LB
1102363,2025-09-26,LB,2025-09-26,LB
1102375,2025-12-29,LB,2025-12-29,LB
1102413,2026-01-19,LB,2026-01-19,LB
1102437,2023-03-07,LB,2023-03-07,LB
1102586,2023-10-14,LB,2023-10-14,LB
1102607,2020-09-18,LB,2020-09-18,LB
1102677,2024-09-02,LB,2024-09-02,LB
1102894,2021-03-26,LB,2021-03-26,LB
1102920,2023-10-17,LB,2023-10-17,LB
1102921,2020-08-07,LB,2020-08-07,LB
1102922,2022-01-15,LB,2022-01-15,LB
1102937,2022-07-26,LB,2022-07-26,LB
1102954,2020-03-19,LB,2020-03-19,LB
1102965,2025-10-01,LB,2025-10-01,LB
1102980,2020-10-05,LB,2020-10-05,LB
1103086,2021-06-15,LB,2025-10-27,LB
1103257,2022-03-10,LB,2022-03-10,LB
1103297,2021-04-20,LB,2026-01-28,LB
1103522,2020-02-17,LB,2020-02-17,LB
1103581,2020-10-01,LB,2020-10-01,LB
1103630,2023-07-12,LB,2024-03-12,LB
1103768,2019-09-14,LB,2019-09-14,LB
1103885,2023-01-17,LB,2023-01-17,LB
1103903,2023-06-01,LB,2025-10-15,LB
1104211,2020-10-06,LB,2020-10-06,LB
1104227,2025-07-03,LB,2025-07-03,LB
1104288,2025-08-20,LB,2025-08-20,LB
1104323,2019-09-17,LB,2024-03-05,LB
1104502,2022-06-29,LB,2022-06-29,LB
1104566,2025-07-22,LB,2025-07-22,LB
1104658,2024-10-15,LB,2024-10-15,LB
1104669,2022-08-22,LB,2022-08-22,LB
1104695,2022-01-17,LB,2024-10-24,LB
1104750,2022-05-22,LB,2022-05-22,LB
1104782,2020-06-17,LB,2020-06-17,LB
1104784,2019-11-04,LB,2019-11-04,LB
1104845,2020-05-20,LB,2020-05-20,LB
1104902,2020-10-20,LB,2020-10-20,LB
1104909,2021-07-02,LB,2026-01-27,LB
1104971,2023-08-14,LB,2023-08-14,LB
1104991,2025-08-28,LB,2025-08-28,LB
1105101,2019-10-02,LB,2019-10-02,LB
1105107,2019-10-02,LB,2019-10-02,LB
1105253,2025-08-22,LB,2025-08-22,LB
1105371,2021-12-09,LB,2025-12-22,LB
1105462,2023-12-01,LB,2025-07-28,LB
1105472,2025-11-18,LB,2025-11-18,LB
1105580,2023-03-12,LB,2023-03-12,LB
1105669,2025-12-15,LB,2025-12-15,LB
1105676,2025-04-21,LB,2025-07-21,LB
1105816,2025-07-21,LB,2025-07-21,LB
1106035,2023-08-17,LB,2023-08-17,LB
1106057,2022-01-23,LB,2022-01-23,LB
1106214,2019-05-24,LB,2025-08-30,LB
1106559,2026-01-26,LB,2026-01-26,LB
1106606,2022-12-14,LB,2023-11-14,LB
1106623,2022-02-08,LB,2025-01-27,LB
1106627,2024-06-20,LB,2026-01-14,LB
1106864,2020-08-07,LB,2020-08-07,LB
1107038,2025-11-07,LB,2025-11-07,LB
1107050,2024-01-11,LB,2024-01-11,LB
1107173,2021-01-14,LB,2021-01-14,LB
1107241,2025-11-24,LB,2025-11-24,LB
1107296,2023-04-24,LB,2024-10-17,LB
1107405,2021-07-17,LB,2021-07-17,LB
1107450,2019-11-21,LB,2019-11-21,LB
1107467,2021-04-05,LB,2021-04-05,LB
1107579,2025-12-23,LB,2025-12-23,LB
1107601,2021-11-12,LB,2025-12-16,LB
1107872,2025-03-06,LB,2025-03-06,LB
1108130,2023-09-09,LB,2023-09-09,LB
1108177,2025-12-20,LB,2025-12-20,LB
1108223,2021-12-30,LB,2025-04-30,LB
1108274,2023-01-15,LB,2023-01-15,LB
1108291,2025-06-08,LB,2025-06-08,LB
1108323,2019-05-20,LB,2023-10-17,LB
1108426,2022-08-15,LB,2022-08-15,LB
1108729,2024-01-08,LB,2024-01-08,LB
1108741,2023-05-03,LB,2025-05-30,LB
1108744,2024-10-25,LB,2024-10-25,LB
1108772,2020-04-26,LB,2020-04-26,LB
1108773,2022-11-01,LB,2022-11-01,LB
1108815,2023-05-08,LB,2025-01-31,LB
1108838,2023-04-24,LB,2025-12-08,LB
1108848,2024-04-04,LB,2025-09-04,LB
1108880,2025-10-05,LB,2025-10-05,LB
1108951,2024-02-03,LB,2024-02-03,LB
1109057,2023-10-26,LB,2023-10-26,LB
1109174,2023-08-02,LB,2023-08-02,LB
1109236,2024-09-04,LB,2026-01-02,LB
1109397,2025-04-28,LB,2025-04-28,LB
1109508,2025-07-09,LB,2025-07-09,LB
1109527,2021-11-18,LB,2026-01-17,LB
1109528,2020-01-22,LB,2025-07-29,LB
1109557,2020-02-03,LB,2020-02-03,LB
1109689,2023-06-23,LB,2023-06-23,LB
1109695,2019-11-11,LB,2019-11-11,LB
1109758,2021-02-17,LB,2021-02-17,LB
1109805,2022-08-31,LB,2022-08-31,LB
1109824,2026-01-15,LB,2026-01-15,LB
1109845,2026-01-24,LB,2026-01-24,LB
1110072,2020-03-18,LB,2020-03-18,LB
1110125,2025-09-03,LB,2025-09-03,LB
1110186,2025-05-01,LB,2025-05-01,LB
1110312,2026-01-20,LB,2026-01-20,LB
1110330,2023-05-22,LB,2023-05-22,LB
1110358,2022-10-25,LB,2022-10-25,LB
1110365,2019-12-27,LB,2019-12-27,LB
1110393,2025-12-17,LB,2025-12-17,LB
1110435,2023-07-19,LB,2023-07-19,LB
1110486,2023-10-20,LB,2023-10-20,LB
1110488,2024-06-21,LB,2025-02-03,LB
1110541,2025-07-09,LB,2025-07-09,LB
1110563,2023-07-14,LB,2023-07-14,LB
1110605,2024-09-06,LB,2025-09-28,LB
1110668,2020-07-28,LB,2020-07-28,LB
1110676,2020-08-17,LB,2020-08-17,LB
1110757,2024-06-20,LB,2024-06-20,LB
1110810,2024-02-24,LB,2024-02-24,LB
1110903,2026-01-05,LB,2026-01-05,LB
1111031,2023-08-04,LB,2023-08-04,LB
1111038,2019-12-31,LB,2019-12-31,LB
1111058,2020-02-15,LB,2020-02-15,LB
1111088,2020-06-24,LB,2020-06-24,LB
1111143,2019-06-05,LB,2025-12-08,LB
1111148,2023-03-23,LB,2023-10-01,LB
1111163,2022-04-30,LB,2025-01-06,LB
1111446,2020-10-05,LB,2020-10-05,LB
1111478,2025-09-03,LB,2025-09-03,LB
1111502,2024-01-25,LB,2024-01-25,LB
1111532,2023-06-16,LB,2023-06-16,LB
1111960,2024-02-24,LB,2024-02-24,LB
1111976,2019-10-14,LB,2019-10-14,LB
1112027,2024-11-18,LB,2024-11-18,LB
1112111,2020-01-02,LB,2024-11-19,LB
1112129,2024-02-01,LB,2025-06-22,LB
1112334,2022-02-20,LB,2022-02-20,LB
1112366,2022-04-09,LB,2022-04-09,LB
1112436,2025-01-15,LB,2025-01-15,LB
1112455,2021-11-05,LB,2025-12-30,LB
1112678,2020-04-27,LB,2020-04-27,LB
1112743,2024-04-06,LB,2025-03-17,LB
1112750,2025-11-16,LB,2025-11-16,LB
1112802,2022-02-01,LB,2026-01-16,LB
1112887,2023-04-14,LB,2023-04-14,LB
1112900,2019-07-11,LB,2019-07-11,LB
1113043,2020-08-28,LB,2020-08-28,LB
1113090,2020-02-24,LB,2026-01-20,LB
1113193,2021-08-03,LB,2023-01-07,LB
1113235,2023-07-28,LB,2023-07-28,LB
1113288,2019-12-17,LB,2019-12-17,LB
1113323,2023-03-02,LB,2023-03-02,LB
1113364,2023-02-10,LB,2023-02-10,LB
1113413,2025-07-08,LB,2025-07-08,LB
1113733,2023-07-21,LB,2024-10-15,LB
1113775,2025-12-03,LB,2025-12-03,LB
1113779,2025-07-21,LB,2025-07-21,LB
1114019,2022-06-27,LB,2022-06-27,LB
1114094,2021-10-10,LB,2021-10-10,LB
1114129,2021-08-04,LB,2025-11-24,LB
1114190,2023-09-24,LB,2023-09-24,LB
1114351,2020-07-23,LB,2020-07-23,LB
1114380,2023-10-27,LB,2023-10-27,LB
1114750,2026-01-20,LB,2026-01-20,LB
1114878,2021-12-07,LB,2025-10-06,LB
1114906,2019-06-06,LB,2019-06-06,LB
1115001,2020-02-02,LB,2020-02-02,LB
1115017,2020-03-31,LB,2020-03-31,LB
1115059,2020-09-09,LB,2020-09-09,LB
1115169,2025-09-12,LB,2025-09-12,LB
1115276,2020-02-01,LB,2020-02-01,LB
1115289,2023-08-10,LB,2023-08-10,LB
1115333,2025-07-13,LB,2025-07-13,LB
1115450,2022-05-12,LB,2025-08-26,LB
1115465,2024-02-25,LB,2024-02-25,LB
1115639,2025-12-15,LB,2025-12-15,LB
1115660,2025-04-14,LB,2025-04-14,LB
1115813,2023-08-30,LB,2023-08-30,LB
1116069,2020-09-17,LB,2020-09-17,LB
1116168,2019-10-15,LB,2024-01-29,LB
1116415,2025-10-29,LB,2025-10-29,LB
1116426,2022-10-13,LB,2022-10-13,LB
1116441,2025-01-27,LB,2025-01-27,LB
1116566,2022-06-27,LB,2023-06-23,LB
1116688,2025-01-30,LB,2025-01-30,LB
1116742,2021-11-03,LB,2023-12-21,LB
1116745,2021-08-10,LB,2024-10-31,LB
1116760,2022-01-12,LB,2024-09-23,LB
1116774,2026-01-23,LB,2026-01-23,LB
1116823,2023-08-25,LB,2023-08-25,LB
1116955,2025-11-25,LB,2025-11-25,LB
1116978,2023-03-08,LB,2023-03-08,LB
1117075,2024-01-10,LB,2024-01-10,LB
1117139,2022-03-07,LB,2025-12-15,LB
1117230,2023-03-14,LB,2023-03-14,LB
1117759,2025-03-03,LB,2025-03-03,LB
1117861,2025-09-02,LB,2025-09-02,LB
1117873,2019-10-22,LB,2019-10-22,LB
1117990,2023-05-21,LB,2024-05-20,LB
1118014,2025-11-24,LB,2025-11-24,LB
1118159,2019-07-06,LB,2019-07-06,LB
1118249,2020-02-26,LB,2020-02-26,LB
1118348,2022-12-12,LB,2025-11-03,LB
1118483,2023-11-05,LB,2023-11-05,LB
1118516,2024-03-09,LB,2024-03-09,LB
1118556,2025-02-15,LB,2025-02-15,LB
1118671,2023-10-14,LB,2023-10-14,LB
1118681,2024-04-04,LB,2026-01-12,LB
1118728,2025-12-24,LB,2025-12-24,LB
1118960,2020-10-13,LB,2020-10-13,LB
1119097,2026-01-19,LB,2026-01-19,LB
1119131,2020-08-21,LB,2020-08-21,LB
1119312,2022-09-12,LB,2022-09-12,LB
1119346,2023-11-01,LB,2026-01-27,LB
1119391,2023-10-03,LB,2023-10-03,LB
1119591,2023-05-30,LB,2025-04-10,LB
1119630,2025-12-22,LB,2025-12-22,LB
1119831,2025-04-07,LB,2025-04-07,LB
1120279,2019-03-14,LB,2023-12-25,LB
1120309,2021-09-13,LB,2026-01-26,LB
1120360,2023-03-21,LB,2023-11-10,LB
1120375,2025-05-04,LB,2025-05-04,LB
1120562,2022-07-05,LB,2022-07-05,LB
1120629,2022-04-11,LB,2026-01-20,LB
1120651,2023-05-10,LB,2025-05-07,LB
1120732,2024-10-25,LB,2024-10-25,LB
1120849,2019-12-15,LB,2024-02-05,LB
1120877,2022-10-24,LB,2022-10-24,LB
1120880,2020-03-24,LB,2020-03-24,LB
1120913,2021-08-31,LB,2024-01-11,LB
1120919,2020-07-23,LB,2020-07-23,LB
1121062,2024-01-07,LB,2024-01-07,LB
1121074,2025-07-22,LB,2025-07-22,LB
1121308,2024-01-08,LB,2024-01-08,LB
1121325,2025-11-16,LB,2025-11-16,LB
1121327,2026-01-19,LB,2026-01-19,LB
1121449,2023-05-08,LB,2023-05-08,LB
1121526,2019-11-12,LB,2020-05-12,LB
1121580,2022-08-15,LB,2022-08-15,LB
1121609,2021-02-23,LB,2021-02-23,LB
1121646,2024-11-11,LB,2024-11-11,LB
1121685,2025-07-31,LB,2025-07-31,LB
1121830,2021-07-13,LB,2021-07-13,LB
1121918,2023-01-07,LB,2023-01-07,LB
1122137,2025-02-04,LB,2025-02-04,LB
1122157,2022-02-04,LB,2022-02-04,LB
1122259,2022-03-12,LB,2026-01-25,LB
1122267,2024-11-27,LB,2024-11-27,LB
1122381,2024-06-03,LB,2024-06-03,LB
1122585,2021-09-17,LB,2025-10-15,LB
1122657,2024-01-01,LB,2024-01-01,LB
1122908,2025-08-18,LB,2025-08-18,LB
1123077,2019-10-18,LB,2019-10-18,LB
1123101,2022-11-01,LB,2022-11-01,LB
1123217,2024-09-11,LB,2024-09-11,LB
1123250,2026-01-14,LB,2026-01-14,LB
1123318,2019-02-19,LB,2019-02-19,LB
1123368,2023-05-04,LB,2025-06-12,LB
1123394,2019-10-19,LB,2019-10-19,LB
1123613,2023-05-11,LB,2023-05-11,LB
1123822,2024-02-24,LB,2024-02-24,LB
1123995,2023-06-19,LB,2023-06-19,LB
1124018,2023-12-06,LB,2023-12-06,LB
1124375,2024-01-28,LB,2024-01-28,LB
1124522,2024-02-24,LB,2024-02-24,LB
1124555,2024-07-06,LB,2024-07-06,LB
1124663,2019-07-21,LB,2019-07-21,LB
1124775,2020-05-05,LB,2020-05-05,LB
1124864,2024-10-30,LB,2024-10-30,LB
1124950,2019-03-05,LB,2019-03-05,LB
1125090,2022-05-19,LB,2025-11-18,LB
1125128,2022-03-18,LB,2022-03-18,LB
1125155,2025-04-17,LB,2025-04-17,LB
1125168,2024-08-08,LB,2024-08-08,LB
1125176,2024-01-30,LB,2024-01-30,LB
1125359,2025-04-09,LB,2025-04-09,LB
1125404,2022-02-04,LB,2022-02-04,LB
1125512,2024-02-29,LB,2024-02-29,LB
1125516,2025-09-02,LB,2025-09-02,LB
1125528,2023-10-16,LB,2026-01-19,LB
1125539,2025-01-29,LB,2025-01-29,LB
1125765,2025-12-23,LB,2025-12-23,LB
1125963,2023-04-15,LB,2023-04-15,LB
1125975,2025-05-29,LB,2025-05-29,LB
1126104,2019-12-19,LB,2019-12-19,LB
1126155,2024-12-02,LB,2024-12-02,LB
1126158,2023-07-10,LB,2023-07-10,LB
1126202,2022-02-04,LB,2024-09-05,LB
1126242,2025-07-22,LB,2025-07-22,LB
1126467,2022-11-22,LB,2022-11-22,LB
1126618,2024-03-10,LB,2024-03-10,LB
1126675,2024-10-02,LB,2024-10-02,LB
1126720,2022-02-04,LB,2022-02-04,LB
1126855,2024-01-01,LB,2025-10-08,LB
1126868,2021-11-13,LB,2025-08-09,LB
1126945,2023-06-22,LB,2024-02-20,LB
1127050,2023-07-07,LB,2023-07-07,LB
1127086,2024-01-18,LB,2024-01-18,LB
1127179,2023-05-15,LB,2023-10-13,LB
1127189,2026-01-20,LB,2026-01-20,LB
1127323,2025-12-03,LB,2025-12-03,LB
1127378,2022-08-09,LB,2022-08-09,LB
1127461,2020-08-10,LB,2020-08-10,LB
1127480,2022-03-10,LB,2022-03-10,LB
1127481,2023-11-17,LB,2023-11-17,LB
1127495,2022-01-18,LB,2025-08-29,LB
1127515,2020-08-11,LB,2020-08-11,LB
1127548,2022-04-21,LB,2025-03-31,LB
1127564,2025-09-02,LB,2025-09-02,LB
1127703,2026-01-20,LB,2026-01-20,LB
1127743,2022-05-15,LB,2022-05-15,LB
1127909,2019-02-18,LB,2024-02-12,LB
1127932,2024-08-15,LB,2024-08-15,LB
1128030,2023-08-09,LB,2023-08-09,LB
1128136,2024-03-25,LB,2024-03-25,LB
1128202,2022-02-03,LB,2022-02-03,LB
1128286,2023-08-17,LB,2023-08-17,LB
1128502,2022-08-08,LB,2022-08-08,LB
1128599,2022-07-19,LB,2022-07-19,LB
1128756,2024-02-07,LB,2026-01-28,LB
1128764,2022-09-27,LB,2022-09-27,LB
1128776,2026-01-12,LB,2026-01-12,LB
1129314,2026-01-21,LB,2026-01-21,LB
1129331,2026-01-14,LB,2026-01-14,LB
1129425,2025-10-20,LB,2025-10-20,LB
1129496,2025-09-08,LB,2025-09-08,LB
1129721,2020-08-29,LB,2020-08-29,LB
1129768,2021-05-19,LB,2026-02-04,LB
1129859,2020-11-21,LB,2026-01-20,LB
1129948,2022-11-01,LB,2023-11-01,LB
1129973,2023-04-06,LB,2023-04-06,LB
1129984,2023-12-25,LB,2023-12-25,LB
1129999,2023-11-06,LB,2025-11-13,LB
1130025,2024-06-21,LB,2024-06-21,LB
1130107,2022-02-08,LB,2025-11-15,LB
1130184,2021-08-09,LB,2025-06-12,LB
1130292,2020-07-22,LB,2020-07-22,LB
1130403,2022-02-02,LB,2025-08-21,LB
1130409,2022-06-08,LB,2025-10-21,LB
1130736,2023-03-08,LB,2023-03-08,LB
1130771,2022-03-10,LB,2024-05-13,LB
1130929,2022-02-09,LB,2022-02-09,LB
1131050,2025-05-19,LB,2025-05-19,LB
1131067,2022-06-13,LB,2022-06-13,LB
1131086,2025-03-17,LB,2025-03-17,LB
1131240,2022-10-05,LB,2025-03-10,LB
1131335,2020-03-10,LB,2020-03-10,LB
1131388,2024-01-12,LB,2025-09-19,LB
1131430,2022-07-01,LB,2025-09-30,LB
1131443,2024-08-29,LB,2024-08-29,LB
1131708,2025-06-24,LB,2025-12-01,LB
1131715,2022-02-02,LB,2022-02-02,LB
1131733,2024-02-06,LB,2024-02-06,LB
1131811,2020-02-24,LB,2020-02-24,LB
1132000,2024-12-09,LB,2024-12-09,LB
1132074,2020-09-02,LB,2025-04-14,LB
1132204,2022-08-10,LB,2022-08-10,LB
1132302,2024-01-18,LB,2024-01-18,LB
1132436,2025-11-02,LB,2025-11-02,LB
1132518,2024-09-23,LB,2024-09-23,LB
1132626,2021-09-29,LB,2021-09-29,LB
1132693,2020-08-04,LB,2020-08-04,LB
1132726,2020-03-24,LB,2020-03-24,LB
1132740,2022-03-15,LB,2025-10-12,LB
1132780,2025-09-10,LB,2025-09-10,LB
1132811,2024-12-18,LB,2024-12-18,LB
1132819,2022-07-18,LB,2022-07-18,LB
1133052,2021-08-16,LB,2024-10-01,LB
1133063,2021-07-05,LB,2025-07-31,LB
1133137,2023-11-15,LB,2023-11-15,LB
1133233,2020-03-29,LB,2020-03-29,LB
1133282,2023-08-17,LB,2023-08-17,LB
1133286,2022-04-14,LB,2024-11-30,LB
1133534,2024-03-24,LB,2025-09-12,LB
1133972,2023-04-28,LB,2023-04-28,LB
1134043,2025-11-04,LB,2025-11-04,LB
1134331,2024-01-27,LB,2024-01-27,LB
1134531,2024-02-14,LB,2024-02-14,LB
1134655,2024-01-20,LB,2024-01-20,LB
1134664,2022-09-23,LB,2022-09-23,LB
1134671,2023-12-12,LB,2023-12-12,LB
1134787,2019-05-22,LB,2019-05-22,LB
1134943,2022-11-08,LB,2022-11-08,LB
1135187,2020-03-06,LB,2020-03-06,LB
1135291,2022-05-23,LB,2025-11-01,LB
1135306,2019-02-27,LB,2024-01-24,LB
1135337,2025-08-29,LB,2025-08-29,LB
1135388,2025-06-12,LB,2025-06-12,LB
1135563,2022-02-21,LB,2022-02-21,LB
1135677,2024-03-13,LB,2025-08-12,LB
1135703,2022-08-23,LB,2025-10-01,LB
1135769,2021-06-15,LB,2021-06-15,LB
1135958,2025-08-29,LB,2025-08-29,LB
1135961,2025-10-11,LB,2025-10-11,LB
1135966,2026-01-09,LB,2026-01-09,LB
1135985,2025-01-27,LB,2025-01-27,LB
1136281,2024-05-13,LB,2024-05-13,LB
1136290,2019-10-14,LB,2026-01-18,LB
1136311,2023-05-20,LB,2023-05-20,LB
1136587,2025-10-10,LB,2025-10-10,LB
1136857,2024-10-29,LB,2024-10-29,LB
1136898,2020-08-23,LB,2020-08-23,LB
1136927,2025-06-12,LB,2025-06-12,LB
1136933,2021-07-09,LB,2025-04-01,LB
1136945,2021-03-09,LB,2025-07-28,LB
1136992,2024-10-12,LB,2024-10-12,LB
1137331,2023-02-01,LB,2025-11-25,LB
1137569,2020-09-01,LB,2020-09-01,LB
1137572,2024-10-16,LB,2024-10-16,LB
1137624,2025-01-06,LB,2025-01-06,LB
1137633,2021-07-08,LB,2025-02-15,LB
1137833,2020-10-01,LB,2020-10-01,LB
1137904,2020-08-30,LB,2020-08-30,LB
1137940,2023-04-26,LB,2023-04-26,LB
1138053,2021-12-15,LB,2025-11-08,LB
1138186,2022-08-16,LB,2022-08-16,LB
1138248,2022-03-10,LB,2022-03-10,LB
1138317,2025-12-26,LB,2025-12-26,LB
1138354,2024-01-03,LB,2025-03-07,LB
1138362,2021-09-10,LB,2023-09-21,LB
1138445,2025-05-22,LB,2025-05-22,LB
1138600,2024-07-04,LB,2024-07-04,LB
1138616,2026-01-19,LB,2026-01-19,LB
1138771,2025-12-15,LB,2025-12-15,LB
1138794,2019-10-08,LB,2019-10-08,LB
1138950,2022-05-16,LB,2025-11-11,LB
1139074,2023-01-11,LB,2023-01-11,LB
1139182,2020-02-02,LB,2020-02-02,LB
1139239,2022-02-10,LB,2022-02-10,LB
1139263,2019-10-03,LB,2023-11-28,LB
1139270,2021-11-24,LB,2025-08-11,LB
1139279,2026-01-11,LB,2026-01-11,LB
1139568,2024-05-02,LB,2024-05-02,LB
1139600,2026-01-20,LB,2026-01-20,LB
1139607,2021-12-09,LB,2024-04-04,LB
1139617,2024-11-19,LB,2024-11-19,LB
1139693,2019-09-12,LB,2019-09-12,LB
1139711,2023-04-06,LB,2023-04-06,LB
1139806,2022-06-03,LB,2022-06-03,LB
1140110,2019-09-07,LB,2019-09-07,LB
1140139,2025-05-27,LB,2025-05-27,LB
1140236,2022-10-19,LB,2022-10-19,LB
1140259,2025-03-17,LB,2025-03-17,LB
1140326,2024-02-04,LB,2024-02-04,LB
1140526,2024-11-05,LB,2024-11-05,LB
1140542,2024-11-03,LB,2024-11-03,LB
1140577,2024-01-01,LB,2025-11-01,LB
1140711,2025-08-20,LB,2025-08-20,LB
1140757,2024-01-24,LB,2024-01-24,LB
1140860,2022-03-30,LB,2026-01-05,LB
1140863,2021-09-20,LB,2026-01-01,LB
1140870,2023-03-16,LB,2024-10-24,LB
1140874,2022-04-13,LB,2025-09-04,LB
1140879,2025-08-25,LB,2025-08-25,LB
1140885,2025-01-14,LB,2025-01-14,LB
1141030,2019-08-06,LB,2019-08-06,LB
1141096,2021-04-06,LB,2023-11-02,LB
1141162,2025-04-28,LB,2025-04-28,LB
1141166,2022-12-20,LB,2022-12-20,LB
1141330,2023-12-19,LB,2023-12-19,LB
1141342,2020-08-14,LB,2020-08-14,LB
1141451,2023-12-30,LB,2024-08-25,LB
1141559,2026-01-02,LB,2026-01-02,LB
1141585,2022-03-09,LB,2025-03-31,LB
1141592,2022-05-19,LB,2026-01-27,LB
1141755,2025-12-08,LB,2025-12-08,LB
1141851,2022-10-31,LB,2022-10-31,LB
1141876,2022-02-08,LB,2022-02-08,LB
1141878,2019-10-17,LB,2025-08-21,LB
1141887,2024-05-14,LB,2024-05-14,LB
1141962,2026-01-04,LB,2026-01-04,LB
1141968,2022-06-13,LB,2022-06-13,LB
1141970,2025-10-15,LB,2025-10-15,LB
1142021,2023-05-08,LB,2023-05-08,LB
1142266,2026-01-05,LB,2026-01-05,LB
1142437,2020-09-09,LB,2020-09-09,LB
1142564,2022-03-23,LB,2025-06-29,LB
1142576,2017-07-13,LB,2024-02-18,LB
1142610,2021-10-30,LB,2024-03-17,LB
1143128,2020-04-13,LB,2020-04-13,LB
1143173,2025-06-24,LB,2025-06-24,LB
1143203,2022-03-01,LB,2022-03-01,LB
1143211,2022-04-18,LB,2025-07-07,LB
1143277,2025-05-28,LB,2025-05-28,LB
1143366,2021-12-23,LB,2021-12-23,LB
1143459,2023-05-23,LB,2023-05-23,LB
1143512,2020-06-13,LB,2020-06-13,LB
1143662,2026-01-11,LB,2026-01-11,LB
1143842,2020-02-08,LB,2020-02-08,LB
1143918,2022-02-05,LB,2022-02-05,LB
1143946,2025-11-12,LB,2025-11-12,LB
1144090,2019-12-20,LB,2019-12-20,LB
1144145,2023-08-29,LB,2023-08-29,LB
1144222,2020-04-26,LB,2020-04-26,LB
1144275,2021-08-02,LB,2023-02-17,LB
1144291,2025-10-22,LB,2025-10-22,LB
1144352,2026-01-28,LB,2026-01-28,LB
1144433,2024-03-23,LB,2024-03-23,LB
1144570,2020-03-14,LB,2020-03-14,LB
1144611,2020-07-28,LB,2020-07-28,LB
1144634,2022-06-14,LB,2022-06-14,LB
1144652,2023-03-17,LB,2023-03-17,LB
1144900,2019-10-19,LB,2019-10-19,LB
1144912,2023-11-13,LB,2023-11-13,LB
1144919,2023-06-25,LB,2023-06-25,LB
1144982,2022-07-18,LB,2022-07-18,LB
1144986,2020-08-29,LB,2020-08-29,LB
1145002,2025-11-13,LB,2025-11-13,LB
1145251,2025-06-16,LB,2025-06-16,LB
1145271,2020-09-11,LB,2020-09-11,LB
1145280,2020-05-09,LB,2020-05-09,LB
1145608,2023-09-08,LB,2023-09-08,LB
1145685,2020-09-17,LB,2020-09-17,LB
1145713,2024-04-22,LB,2024-04-22,LB
1145722,2021-06-10,LB,2026-01-05,LB
1145851,2023-10-01,LB,2023-11-24,LB
1145948,2020-05-14,LB,2020-05-14,LB
1146124,2023-10-08,LB,2025-10-01,LB
1146175,2019-03-20,LB,2019-03-20,LB
1146621,2020-07-16,LB,2020-07-16,LB
1146665,2024-04-25,LB,2024-04-25,LB
1146821,2022-07-28,LB,2024-05-03,LB
1146829,2025-02-03,LB,2025-02-03,LB
1146831,2025-11-17,LB,2025-11-17,LB
1146898,2025-06-15,LB,2025-06-15,LB
1146924,2019-04-06,LB,2019-04-06,LB
1146967,2019-07-06,LB,2019-07-06,LB
1147088,2020-04-27,LB,2020-04-27,LB
1147298,2021-04-09,LB,2025-11-10,LB
1147457,2026-01-12,LB,2026-01-12,LB
1147493,2025-08-30,LB,2025-08-30,LB
1147571,2022-11-07,LB,2022-11-07,LB
1147682,2019-09-27,LB,2019-09-27,LB
1147738,2020-03-16,LB,2020-03-16,LB
1147796,2025-07-09,LB,2025-07-09,LB
1147835,2021-04-19,LB,2026-01-26,LB
1147890,2022-03-12,LB,2026-01-18,LB
1147957,2022-07-24,LB,2022-07-24,LB
1147972,2020-03-20,LB,2020-03-20,LB
1148147,2021-02-09,LB,2021-02-09,LB
1148360,2022-08-23,LB,2022-08-23,LB
1148425,2023-07-08,LB,2025-11-01,LB
1148490,2022-09-21,LB,2023-11-06,LB
1148588,2025-10-07,LB,2025-10-07,LB
1148654,2022-07-18,LB,2022-07-18,LB
1148717,2020-03-31,LB,2024-09-28,LB
1148798,2022-02-03,LB,2024-03-23,LB
1148929,2026-01-19,LB,2026-01-19,LB
1149381,2026-01-02,LB,2026-01-02,LB
1149385,2021-07-27,LB,2025-12-06,LB
1149394,2022-05-09,LB,2024-05-22,LB
1149397,2023-11-17,LB,2023-11-17,LB
1149485,2023-03-21,LB,2023-03-21,LB
1149489,2022-04-28,LB,2025-07-21,LB
1149640,2024-03-04,LB,2024-03-04,LB
1150045,2022-07-21,LB,2022-11-04,LB
1150088,2022-11-22,LB,2022-11-22,LB
1150131,2023-10-08,LB,2023-10-08,LB
1150178,2020-02-24,LB,2020-02-24,LB
1150184,2023-10-26,LB,2023-10-26,LB
1150275,2022-07-26,LB,2022-07-26,LB
1150281,2021-07-12,LB,2021-07-12,LB
1150371,2022-02-24,LB,2022-02-24,LB
1150420,2026-02-03,LB,2026-02-03,LB
1150660,2020-09-17,LB,2020-09-17,LB
1150685,2023-06-16,LB,2023-06-16,LB
1150755,2023-03-14,LB,2026-01-14,LB
1150770,2021-03-11,LB,2021-03-11,LB
1150817,2023-11-04,LB,2023-11-04,LB
1151003,2022-02-04,LB,2022-02-04,LB
1151191,2020-09-16,LB,2020-09-16,LB
1151278,2022-03-01,LB,2024-01-02,LB
1151482,2019-11-12,LB,2019-11-12,LB
1151486,2020-10-09,LB,2020-10-09,LB
1151695,2023-11-24,LB,2023-11-24,LB
1151707,2023-03-26,LB,2023-03-26,LB
1151818,2019-04-04,LB,2025-05-05,LB
1151820,2020-04-01,LB,2020-04-01,LB
1151923,2025-11-08,LB,2025-11-08,LB
1151978,2019-04-24,LB,2024-09-23,LB
1152190,2022-02-15,LB,2024-02-19,LB
1152252,2020-09-08,LB,2025-08-12,LB
1152273,2022-11-23,LB,2025-06-12,LB
1152380,2019-08-05,LB,2019-08-05,LB
1152493,2021-09-16,LB,2021-09-16,LB
1152563,2023-11-27,LB,2023-11-27,LB
1152567,2019-05-30,LB,2019-05-30,LB
1152656,2019-05-10,LB,2019-05-10,LB
1152697,2025-10-15,LB,2025-10-15,LB
1152722,2024-01-29,LB,2024-01-29,LB
1152741,2026-01-13,LB,2026-01-13,LB
1152760,2022-08-16,LB,2022-08-16,LB
1152778,2023-11-06,LB,2023-11-06,LB
1153145,2024-04-05,LB,2024-04-05,LB
1153157,2020-08-05,LB,2020-08-05,LB
1153159,2024-10-16,LB,2024-10-16,LB
1153196,2022-09-13,LB,2022-09-13,LB
1153245,2020-07-30,LB,2020-07-30,LB
1153266,2023-06-24,LB,2023-06-24,LB
1153282,2023-12-22,LB,2023-12-22,LB
1153294,2020-09-17,LB,2020-09-17,LB
1153419,2025-01-15,LB,2025-01-15,LB
1153445,2023-08-29,LB,2023-08-29,LB
1153602,2023-06-24,LB,2024-08-19,LB
1153776,2019-11-22,LB,2019-11-22,LB
1153778,2025-09-02,LB,2025-09-02,LB
1153782,2023-11-21,LB,2023-11-21,LB
1153882,2021-07-12,LB,2025-11-25,LB
1153967,2022-08-06,LB,2022-08-06,LB
1153977,2022-06-13,LB,2022-06-13,LB
1154024,2022-07-21,LB,2022-07-21,LB
1154203,2023-06-15,LB,2023-06-15,LB
1154207,2020-09-09,LB,2020-09-09,LB
1154233,2021-11-02,LB,2026-02-03,LB
1154247,2023-06-14,LB,2025-12-28,LB
1154248,2025-12-01,LB,2025-12-01,LB
1154284,2025-11-05,LB,2025-11-05,LB
1154314,2021-02-03,LB,2026-01-19,LB
1154320,2025-06-08,LB,2025-06-08,LB
1154331,2021-08-04,LB,2024-01-29,LB
1154487,2020-02-26,LB,2020-02-26,LB
1154534,2022-07-12,LB,2022-07-12,LB
1154796,2019-10-05,LB,2019-10-05,LB
1154854,2020-03-26,LB,2020-03-26,LB
1154960,2025-03-17,LB,2025-03-17,LB
1154974,2025-09-14,LB,2025-09-14,LB
1154984,2022-11-01,LB,2022-11-01,LB
1155139,2021-10-31,LB,2024-11-18,LB
1155143,2019-12-28,LB,2019-12-28,LB
1155168,2023-09-15,LB,2023-09-15,LB
1155175,2023-06-02,LB,2023-06-02,LB
1155180,2020-10-08,LB,2020-10-08,LB
1155254,2023-10-09,LB,2024-12-04,LB
1155372,2024-01-25,LB,2024-01-25,LB
1155486,2020-06-02,LB,2020-06-02,LB
1155495,2020-06-02,LB,2020-08-31,LB
1155497,2025-04-17,LB,2025-09-24,LB
1155503,2024-10-21,LB,2024-10-21,LB
1155879,2026-01-16,LB,2026-01-16,LB
1156111,2020-01-07,LB,2020-01-07,LB
1156202,2025-11-06,LB,2025-11-06,LB
1156207,2024-08-19,LB,2025-11-19,LB
1156226,2024-05-14,LB,2024-05-14,LB
1156254,2024-10-22,LB,2024-10-22,LB
1156262,2021-12-15,LB,2024-02-19,LB
1156348,2024-04-17,LB,2025-08-29,LB
1156367,2020-05-06,LB,2020-05-06,LB
1156379,2022-05-11,LB,2022-05-11,LB
1156634,2020-09-08,LB,2025-03-17,LB
1156710,2019-12-08,LB,2019-12-08,LB
1156774,2020-04-20,LB,2020-04-20,LB
1156811,2022-06-20,LB,2022-06-20,LB
1156827,2022-05-17,LB,2025-10-05,LB
1157101,2025-04-23,LB,2025-04-23,LB
1157105,2021-10-01,LB,2026-01-20,LB
1157137,2024-09-03,LB,2025-12-25,LB
1157342,2023-02-10,LB,2023-02-10,LB
1157559,2022-09-26,LB,2022-09-26,LB
1157560,2024-05-23,LB,2024-05-23,LB
1157773,2021-11-09,LB,2025-05-18,LB
1157800,2024-04-15,LB,2024-04-15,LB
1157826,2025-02-06,LB,2025-02-06,LB
1157839,2023-06-16,LB,2023-06-16,LB
1157868,2019-02-27,LB,2023-08-10,LB
1157910,2024-01-17,LB,2024-01-17,LB
1157932,2026-01-19,LB,2026-01-19,LB
1158037,2020-02-24,LB,2020-02-24,LB
1158284,2024-11-18,LB,2024-11-18,LB
1158362,2026-01-16,LB,2026-01-16,LB
1158482,2024-10-16,LB,2024-10-16,LB
1158510,2025-06-11,LB,2025-06-11,LB
1158551,2023-05-09,LB,2023-11-03,LB
1158583,2023-11-18,LB,2023-11-18,LB
1158671,2025-02-03,LB,2025-02-03,LB
1158784,2019-04-10,LB,2025-10-08,LB
1158994,2021-07-08,LB,2021-07-08,LB
1159180,2022-11-29,LB,2022-11-29,LB
1159295,2024-02-16,LB,2024-02-16,LB
1159710,2021-09-30,LB,2025-11-16,LB
1159855,2020-02-04,LB,2020-02-04,LB
1159889,2025-12-14,LB,2025-12-14,LB
1159965,2020-08-01,LB,2020-08-01,LB
1160078,2025-09-02,LB,2025-09-02,LB
1160103,2021-07-06,LB,2025-04-14,LB
1160136,2021-03-05,LB,2021-03-05,LB
1160316,2024-10-26,LB,2024-10-26,LB
1160350,2025-03-05,LB,2025-03-05,LB
1160379,2022-09-06,LB,2022-09-06,LB
1160694,2025-07-09,LB,2025-07-09,LB
1160699,2026-02-01,LB,2026-02-01,LB
1160702,2021-10-07,LB,2025-03-17,LB
1160704,2022-01-18,LB,2026-01-29,LB
1160713,2022-07-17,LB,2022-07-17,LB
1160808,2022-05-04,LB,2025-02-17,LB
1160877,2025-01-07,LB,2025-01-07,LB
1161056,2023-11-24,LB,2023-11-24,LB
1161261,2025-12-02,LB,2025-12-02,LB
1161600,2022-09-27,LB,2022-09-27,LB
1161691,2019-12-14,LB,2019-12-14,LB
1164275,2020-05-27,B,2020-05-27,B
1164276,2020-02-25,B,2020-02-25,B
1164277,2019-12-06,B,2019-12-06,B
1164391,2024-04-02,B,2024-04-02,B
1164400,2026-01-12,B,2026-01-12,B
1164711,2023-06-14,B,2023-06-14,B
1164848,2022-09-27,B,2022-09-27,B
1164895,2025-12-09,B,2025-12-09,B
1164955,2025-12-25,B,2025-12-25,B
1165321,2026-01-06,B,2026-01-06,B
1165346,2025-12-29,B,2025-12-29,B
1165614,2025-11-18,B,2025-11-18,B
1165976,2022-10-13,B,2022-10-13,B
1166085,2022-03-03,B,2022-03-03,B
1166241,2021-07-20,B,2025-12-20,B
1167419,2025-11-18,B,2025-11-18,B
1167901,2022-03-10,B,2022-03-10,B
1168404,2020-05-26,B,2020-05-26,B
1168441,2023-10-14,B,2023-10-14,B
1168611,2026-01-07,B,2026-01-07,B
1169086,2021-06-13,B,2021-06-13,B
1169546,2026-01-04,B,2026-01-04,B
1170643,2026-01-26,B,2026-01-26,B
1170691,2025-12-08,B,2025-12-08,B
1170844,2026-01-12,B,2026-01-12,B
1174201,2018-11-10,B,2021-07-14,B
1174259,2019-05-10,LB,2019-05-10,LB
1174271,2021-02-24,B,2021-02-24,B
1174445,2018-11-12,B,2018-11-12,B
1175034,2021-11-15,LB,2024-12-03,LB
1175179,2020-02-28,LP,2020-02-28,LP
1175180,2020-02-28,LP,2020-02-28,LP
1177403,2021-01-04,P,2021-01-04,P
1177722,2021-05-15,B,2021-05-15,B
1177775,2021-05-26,B,2021-05-26,B
1177791,2019-05-22,B,2019-05-22,B
1177923,2020-05-06,LB,2020-05-06,LB
1177934,2018-06-26,B,2018-06-26,B
1177950,2019-08-15,LB,2019-08-15,LB
1178236,2018-10-05,LB,2018-10-05,LB
1178482,2020-01-28,B,2020-01-28,B
1178668,2019-09-06,LB,2019-09-06,LB
1178793,2018-06-29,B,2018-06-29,B
1178947,2018-07-07,LB,2018-07-07,LB
1178950,2018-08-25,LB,2018-08-25,LB
1179039,2021-06-30,LP,2025-09-13,LP
1179040,2021-06-30,P,2021-06-30,P
1179041,2021-06-30,LP,2021-06-30,LP
1179061,2021-06-30,LP,2021-06-30,LP
1179100,2021-06-30,LP,2024-05-31,LP
1179137,2021-06-30,P,2024-11-27,P
1179150,2021-06-30,P,2021-06-30,P
1179185,2021-06-30,LP,2021-06-30,LP
1179223,2021-02-20,B,2021-02-20,B
1179420,2021-05-16,B,2021-05-16,B
1179679,2018-06-26,B,2018-06-26,B
1180139,2018-11-12,B,2018-11-12,B
1180169,2019-01-02,LB,2019-01-02,LB
1180181,2020-05-24,LB,2020-05-24,LB
1180186,2018-06-26,B,2018-06-26,B
1180276,2020-01-08,LB,2020-01-08,LB
1180335,2018-10-31,LB,2018-10-31,LB
1180362,2021-05-16,B,2021-05-16,B
1180384,2018-06-30,LB,2018-06-30,LB
1180508,2019-11-21,P,2019-11-21,P
1181009,2018-11-12,B,2018-11-12,B
1181634,2018-06-26,LB,2018-06-26,LB
1181778,2021-05-14,B,2021-05-14,B
1181869,2019-09-29,LB,2019-09-29,LB
1182146,2018-06-30,LB,2018-06-30,LB
1182648,2019-09-02,B,2019-09-02,B
1183316,2019-02-05,B,2021-07-10,B
1183513,2018-06-26,B,2018-06-26,B
1183613,2019-12-06,LB,2019-12-06,LB
1183630,2021-05-10,B,2021-05-10,B
1183855,2018-07-06,B,2018-07-06,B
1183890,2022-01-12,VUS,2023-10-16,VUS
1183989,2021-07-06,P,2021-07-06,P
1183990,2021-07-06,P,2021-07-06,P
1184380,2020-07-17,P,2020-07-17,P
1185043,2021-07-30,LP,2025-07-10,LP
1185728,2019-01-16,LB,2019-01-16,LB
1185792,2018-07-21,LB,2018-07-21,LB
1185808,2018-07-27,LB,2018-07-27,LB
1185813,2020-01-31,P,2026-01-11,P
1186209,2018-12-31,LB,2018-12-31,LB
1186230,2018-07-31,LB,2018-07-31,LB
1186280,2018-10-21,LB,2018-10-21,LB
1186522,2020-01-16,LB,2020-01-16,LB
1186720,2020-04-23,LB,2020-04-23,LB
1186764,2019-12-18,LB,2019-12-18,LB
1186878,2020-07-21,LB,2020-07-21,LB
1186959,2018-07-21,LB,2018-07-21,LB
1187006,2018-06-30,LB,2018-06-30,LB
1187194,2019-10-07,LB,2019-10-07,LB
1187312,2018-11-08,LB,2018-11-08,LB
1187317,2018-12-31,LB,2018-12-31,LB
1187389,2019-12-02,VUS,2025-03-20,VUS
1187540,2018-07-14,LB,2018-07-14,LB
1187571,2018-10-24,LB,2018-10-24,LB
1187629,2018-08-25,LB,2018-08-25,LB
1187720,2019-09-02,LB,2019-09-02,LB
1187905,2018-07-31,LB,2018-07-31,LB
1188142,2020-06-25,LB,2020-06-25,LB
1188231,2018-07-21,LB,2018-07-21,LB
1188319,2019-06-20,LB,2019-06-20,LB
1188337,2018-07-07,LB,2018-07-07,LB
1188384,2019-08-18,LB,2019-08-18,LB
1188573,2018-08-17,LB,2018-08-17,LB
1188643,2018-11-08,LB,2018-11-08,LB
1188672,2019-03-18,LB,2019-03-18,LB
1189041,2018-12-17,LB,2018-12-17,LB
1189157,2019-08-04,LB,2019-08-04,LB
1189257,2020-03-06,LB,2020-03-06,LB
1189264,2018-09-01,LB,2018-09-01,LB
1189267,2018-10-31,LB,2018-10-31,LB
1189279,2018-08-25,LB,2018-08-25,LB
1189344,2019-01-02,LB,2019-01-02,LB
1189454,2018-08-25,LB,2018-08-25,LB
1189518,2019-11-01,LB,2019-11-01,LB
1189537,2018-09-11,LB,2018-09-11,LB
1189860,2018-12-31,LB,2018-12-31,LB
1189981,2020-12-27,LB,2020-12-27,LB
1190112,2018-09-18,LB,2018-09-18,LB
1190213,2018-08-25,LB,2018-08-25,LB
1190217,2019-01-25,LB,2019-01-25,LB
1190256,2018-06-26,LB,2018-06-26,LB
1190328,2020-01-23,LB,2020-01-23,LB
1190405,2018-08-19,LB,2018-08-19,LB
1190480,2018-08-25,LB,2018-08-25,LB
1190535,2018-07-15,LB,2018-07-15,LB
1190862,2020-11-06,LB,2020-11-06,LB
1190912,2018-10-05,LB,2018-10-05,LB
1191178,2018-08-25,LB,2018-08-25,LB
1191221,2020-11-06,LB,2020-11-06,LB
1191412,2019-08-20,LB,2019-08-20,LB
1191549,2018-09-18,LB,2018-09-18,LB
1191616,2019-04-16,LB,2019-04-16,LB
1192024,2018-07-21,LB,2018-07-21,LB
1192473,2018-11-10,B,2021-07-14,B
1192474,2018-11-10,B,2021-07-14,B
1192756,2018-11-27,LB,2018-11-27,LB
1192985,2018-07-17,LB,2018-07-17,LB
1193098,2018-07-21,LB,2018-07-21,LB
1193135,2018-08-17,LB,2018-08-17,LB
1193219,2018-11-08,LB,2018-11-08,LB
1193323,2019-10-12,LB,2019-10-12,LB
1193484,2021-06-16,LB,2026-01-20,LB
1193487,2019-10-18,LB,2019-10-18,LB
1193606,2018-07-06,LB,2018-07-06,LB
1193731,2019-01-16,LB,2019-01-16,LB
1193745,2019-12-10,LB,2019-12-10,LB
1193771,2018-07-07,LB,2018-07-07,LB
1193801,2019-02-05,LB,2019-02-05,LB
1193929,2018-09-11,LB,2018-09-11,LB
1194009,2019-01-02,LB,2019-01-02,LB
1194148,2019-09-06,LB,2019-09-06,LB
1194361,2018-12-31,LB,2018-12-31,LB
1194482,2018-11-08,LB,2018-11-08,LB
1194646,2019-01-13,LB,2019-01-13,LB
1194753,2020-10-05,LB,2020-10-05,LB
1194783,2018-11-08,LB,2018-11-08,LB
1194852,2018-12-05,LB,2018-12-05,LB
1195410,2018-07-15,LB,2018-07-15,LB
1195420,2018-12-13,LB,2018-12-13,LB
1195691,2020-04-28,LB,2020-04-28,LB
1195974,2021-07-14,VUS,2021-07-14,VUS
1195975,2021-07-14,VUS,2021-07-14,VUS
1196036,2020-05-14,LB,2020-05-14,LB
1196171,2018-07-21,LB,2018-07-21,LB
1196349,2019-08-06,LB,2019-08-06,LB
1196400,2018-10-09,LB,2018-10-09,LB
1196413,2020-05-30,LB,2020-05-30,LB
1196478,2020-05-10,LB,2020-05-10,LB
1196725,2018-07-05,LB,2018-07-05,LB
1197018,2018-07-15,LB,2018-07-15,LB
1197034,2019-08-06,LB,2019-08-06,LB
1197390,2018-06-26,LB,2018-06-26,LB
1197578,2019-08-15,LB,2019-08-15,LB
1197579,2020-01-05,LB,2020-01-05,LB
1197705,2018-09-18,LB,2018-09-18,LB
1197713,2018-07-15,LB,2018-07-15,LB
1197745,2018-09-18,LB,2018-09-18,LB
1197763,2023-06-22,VUS,2023-12-05,VUS
1197816,2018-07-07,LB,2018-07-07,LB
1197845,2018-07-06,LB,2018-07-06,LB
1197938,2019-08-05,LB,2019-08-05,LB
1198160,2019-01-02,LB,2019-01-02,LB
1198174,2019-09-30,LB,2019-09-30,LB
1198302,2018-12-23,LB,2018-12-23,LB
1198713,2019-01-16,LB,2019-01-16,LB
1198741,2018-07-15,LB,2018-07-15,LB
1198845,2018-07-07,LB,2018-07-07,LB
1199022,2019-01-02,LB,2019-01-02,LB
1199449,2019-10-21,LB,2019-10-21,LB
1199885,2018-07-21,LB,2018-07-21,LB
1200467,2018-08-12,LB,2018-08-12,LB
1200504,2019-09-13,LB,2019-09-13,LB
1201261,2018-06-30,LB,2018-06-30,LB
1201285,2018-08-14,LB,2018-08-14,LB
1201589,2019-04-16,LB,2019-04-16,LB
1201742,2018-07-21,LB,2018-07-21,LB
1201777,2018-07-07,LB,2018-07-07,LB
1201833,2018-07-07,LB,2018-07-07,LB
1202213,2019-09-29,LB,2019-09-29,LB
1202316,2019-08-18,LB,2019-08-18,LB
1202385,2019-05-28,LB,2019-05-28,LB
1202399,2018-07-21,LB,2018-07-21,LB
1202454,2019-09-20,LB,2019-09-20,LB
1202579,2020-10-23,LB,2020-10-23,LB
1202842,2019-09-29,LB,2019-09-29,LB
1203153,2020-02-05,LB,2020-02-05,LB
1203284,2018-07-21,LB,2018-07-21,LB
1203355,2018-07-07,LB,2018-07-07,LB
1203565,2018-07-15,LB,2018-07-15,LB
1203821,2018-08-25,LB,2018-08-25,LB
1203964,2018-11-20,LB,2018-11-20,LB
1204629,2020-08-13,LB,2020-08-13,LB
1204657,2018-08-25,LB,2018-08-25,LB
1204742,2018-07-07,LB,2018-07-07,LB
1205021,2018-09-18,LB,2018-09-18,LB
1205573,2018-07-15,LB,2018-07-15,LB
1205581,2019-01-16,LB,2019-01-16,LB
1205634,2019-09-02,LB,2019-09-02,LB
1206532,2019-05-25,LB,2019-05-25,LB
1206538,2018-07-05,LB,2018-07-05,LB
1206759,2018-07-06,LB,2018-07-06,LB
1206888,2020-03-06,LB,2020-03-06,LB
1206952,2019-01-02,LB,2019-01-02,LB
1207058,2018-07-21,LB,2018-07-21,LB
1207135,2019-05-29,LB,2019-05-29,LB
1207356,2018-08-25,LB,2018-08-25,LB
1207598,2019-03-29,LB,2019-03-29,LB
1207810,2018-07-15,LB,2018-07-15,LB
1207948,2019-02-02,LB,2019-02-02,LB
1208291,2019-04-04,LB,2019-04-04,LB
1208588,2020-01-08,LB,2020-01-08,LB
1208638,2018-08-12,LB,2018-08-12,LB
1208688,2021-03-12,VUS,2025-04-01,VUS
1209062,2018-06-30,LB,2018-06-30,LB
1209100,2020-06-07,LB,2020-06-07,LB
1209571,2018-07-07,LB,2018-07-07,LB
1209819,2018-06-26,B,2021-07-22,B
1209822,2021-05-10,B,2021-07-22,B
1210374,2021-07-22,LP,2021-07-22,LP
1210607,2018-12-09,LB,2018-12-09,LB
1211271,2019-08-15,LB,2019-08-15,LB
1211328,2018-09-04,LB,2018-09-04,LB
1211374,2018-07-21,LB,2018-07-21,LB
1211684,2018-08-17,LB,2018-08-17,LB
1211974,2018-08-31,LB,2018-08-31,LB
1212140,2020-01-05,LB,2020-01-05,LB
1212266,2018-12-01,LB,2018-12-01,LB
1212381,2018-08-12,LB,2018-08-12,LB
1212585,2018-09-05,LB,2018-09-05,LB
1212669,2018-09-18,LB,2018-09-18,LB
1212855,2019-08-05,LB,2019-08-05,LB
1213088,2018-10-05,LB,2018-10-05,LB
1213419,2020-02-05,LB,2020-02-05,LB
1213495,2018-10-05,LB,2018-10-05,LB
1213553,2020-05-10,LB,2020-05-10,LB
1213626,2018-12-17,LB,2018-12-17,LB
1213855,2021-06-18,P,2021-06-18,P
1213951,2021-06-28,VUS,2025-12-15,VUS
1213952,2021-06-28,P,2025-09-01,P
1213968,2021-06-01,P,2021-06-01,P
1213970,2021-06-01,P,2021-06-01,P
1213971,2021-06-02,VUS,2021-06-02,VUS
1214201,2019-10-12,LB,2019-10-12,LB
1214472,2018-06-28,LB,2018-06-28,LB
1214525,2019-12-18,LB,2019-12-18,LB
1214667,2020-12-27,LB,2020-12-27,LB
1214845,2018-12-01,LB,2018-12-01,LB
1215613,2019-11-26,LB,2019-11-26,LB
1215708,2019-01-18,LB,2019-01-18,LB
1215796,2018-12-31,LB,2018-12-31,LB
1215803,2018-12-13,LB,2018-12-13,LB
1216117,2020-07-23,LB,2020-07-23,LB
1216236,2019-04-29,LB,2019-04-29,LB
1216372,2019-09-19,LB,2019-09-19,LB
1216414,2018-10-31,LB,2018-10-31,LB
1216619,2018-08-17,LB,2018-08-17,LB
1216643,2018-07-21,LB,2018-07-21,LB
1216693,2018-07-07,LB,2018-07-07,LB
1216718,2020-10-12,LB,2024-11-23,LB
1216814,2018-09-26,LB,2018-09-26,LB
1216897,2020-01-31,LB,2020-01-31,LB
1217028,2020-07-23,LB,2020-07-23,LB
1217181,2018-11-10,LB,2018-11-10,LB
1217195,2019-10-02,LB,2019-10-02,LB
1217593,2018-06-26,LB,2018-06-26,LB
1217618,2018-07-17,LB,2018-07-17,LB
1217854,2019-09-02,LB,2019-09-02,LB
1218127,2018-09-22,LB,2018-09-22,LB
1218407,2020-04-28,LB,2020-04-28,LB
1218558,2018-09-26,LB,2018-09-26,LB
1218640,2018-07-21,LB,2018-07-21,LB
1218822,2019-09-29,LB,2019-09-29,LB
1218961,2019-01-16,LB,2019-01-16,LB
1219020,2018-11-01,LB,2018-11-01,LB
1219292,2020-11-24,LB,2020-11-24,LB
1219354,2020-12-01,LB,2020-12-01,LB
1219432,2019-03-19,LB,2019-03-19,LB
1219434,2019-10-07,LB,2019-10-07,LB
1219650,2019-05-10,LB,2019-05-10,LB
1220238,2018-10-05,LB,2018-10-05,LB
1220391,2019-04-12,LB,2019-04-12,LB
1220451,2019-09-02,LB,2019-09-02,LB
1220494,2019-05-28,LB,2019-05-28,LB
1220782,2018-07-15,B,2018-07-15,B
1221168,2021-05-25,B,2021-05-25,B
1221243,2018-07-31,B,2018-07-31,B
1221364,2018-06-26,B,2018-06-26,B
1222020,2018-07-06,B,2018-07-06,B
1222174,2018-06-26,B,2018-06-26,B
1222528,2018-06-26,B,2018-06-26,B
1222950,2018-07-09,B,2018-07-09,B
1223190,2018-06-26,LB,2018-06-26,LB
1223259,2021-05-19,B,2021-05-19,B
1223424,2018-07-07,LB,2018-07-07,LB
1224028,2018-06-26,B,2018-06-26,B
1224056,2018-06-29,B,2018-06-29,B
1224102,2021-05-14,B,2021-05-14,B
1224168,2021-05-10,B,2021-05-10,B
1224183,2018-06-29,B,2018-06-29,B
1224329,2019-11-30,LP,2025-12-11,LP
1224331,2019-11-30,VUS,2019-11-30,VUS
1224482,2019-11-30,VUS,2021-09-24,VUS
1224788,2018-11-12,B,2018-11-12,B
1224900,2020-09-02,B,2020-09-02,B
1224931,2019-09-02,B,2025-10-16,B
1225019,2018-11-12,B,2018-11-12,B
1225203,2018-07-06,B,2018-07-06,B
1225207,2020-02-14,B,2020-02-14,B
1225612,2018-07-06,B,2018-07-06,B
1225646,2018-07-13,B,2018-07-13,B
1225824,2018-11-12,B,2018-11-12,B
1225910,2019-09-06,B,2019-09-06,B
1226657,2018-06-26,B,2018-06-26,B
1226947,2021-05-16,B,2021-05-16,B
1227272,2021-05-13,B,2021-05-13,B
1227322,2019-09-15,B,2019-09-15,B
1227329,2021-05-20,B,2021-05-20,B
1227433,2021-05-15,B,2021-05-15,B
1227469,2019-08-15,B,2019-08-15,B
1227758,2018-08-03,B,2018-08-03,B
1228301,2021-05-20,B,2021-05-20,B
1228476,2018-06-23,B,2018-06-23,B
1228529,2021-05-14,B,2021-05-14,B
1229969,2020-05-12,B,2020-05-12,B
1230392,2018-07-06,B,2018-07-06,B
1230517,2018-07-06,B,2018-07-06,B
1230528,2019-09-02,B,2019-09-02,B
1230668,2018-08-07,B,2018-08-07,B
1230921,2021-04-02,B,2021-04-02,B
1231321,2018-06-26,B,2018-06-26,B
1231418,2018-11-12,B,2018-11-12,B
1231426,2018-06-26,B,2018-06-26,B
1231457,2021-05-10,B,2021-05-10,B
1231602,2021-05-16,B,2021-05-16,B
1231841,2021-05-22,B,2021-05-22,B
1232045,2019-10-17,B,2023-08-17,B
1232054,2018-07-06,B,2018-07-06,B
1232145,2018-06-26,B,2018-06-26,B
1233122,2019-08-11,B,2019-08-11,B
1233249,2021-05-13,B,2021-05-13,B
1233297,2019-09-29,B,2019-09-29,B
1233320,2021-05-14,B,2021-05-14,B
1233482,2021-05-21,B,2021-05-21,B
1233659,2018-06-26,B,2018-06-26,B
1233726,2021-05-10,B,2021-05-10,B
1233763,2021-01-20,B,2021-01-20,B
1234074,2019-05-22,B,2019-05-22,B
1234305,2020-05-24,B,2020-05-24,B
1234574,2018-11-12,B,2018-11-12,B
1234625,2019-08-11,B,2019-08-11,B
1235266,2021-05-13,B,2021-05-13,B
1235295,2019-09-02,B,2019-09-02,B
1235344,2018-06-26,B,2018-06-26,B
1235397,2018-11-12,B,2018-11-12,B
1235926,2018-06-26,B,2018-06-26,B
1236714,2018-07-15,B,2018-07-15,B
1237046,2018-06-26,B,2018-06-26,B
1237112,2021-05-11,B,2021-05-11,B
1237969,2018-07-06,B,2018-07-06,B
1237991,2021-05-10,B,2021-05-10,B
1238104,2021-05-13,B,2021-05-13,B
1238547,2021-05-16,B,2021-05-16,B
1238714,2021-05-21,B,2021-05-21,B
1238850,2018-07-06,B,2018-07-06,B
1238934,2018-06-26,B,2022-03-03,B
1239115,2021-05-13,B,2021-05-13,B
1239130,2019-08-10,B,2019-08-10,B
1239238,2019-01-25,B,2019-01-25,B
1239614,2019-08-10,B,2019-08-10,B
1239696,2021-05-17,B,2021-05-17,B
1240463,2018-06-23,B,2018-06-23,B
1240603,2019-09-13,B,2019-09-13,B
1241192,2021-01-12,B,2021-01-12,B
1241288,2018-11-12,B,2018-11-12,B
1241525,2018-11-10,B,2018-11-10,B
1241872,2021-05-16,B,2021-05-16,B
1241920,2021-05-16,B,2021-05-16,B
1242867,2021-05-14,B,2021-05-14,B
1243037,2019-08-10,B,2019-08-10,B
1243079,2019-08-10,B,2019-08-10,B
1243445,2018-06-26,B,2018-06-26,B
1243985,2018-07-15,B,2018-07-15,B
1244718,2018-06-29,B,2018-06-29,B
1244964,2021-05-13,B,2021-05-13,B
1244972,2021-05-10,B,2021-05-10,B
1244983,2019-08-15,B,2019-08-15,B
1245048,2021-05-10,B,2021-05-10,B
1245209,2021-05-16,B,2021-05-16,B
1245266,2018-11-12,B,2018-11-12,B
1246091,2018-07-21,B,2018-07-21,B
1246094,2021-05-10,B,2021-05-10,B
1246285,2018-06-26,B,2018-06-26,B
1246504,2018-06-26,B,2018-06-26,B
1246650,2018-11-10,B,2018-11-10,B
1246657,2019-10-02,B,2019-10-02,B
1246871,2018-07-15,B,2018-07-15,B
1247278,2021-05-15,B,2021-05-15,B
1247449,2018-06-29,B,2018-06-29,B
1247485,2018-06-26,B,2018-06-26,B
1247857,2021-05-15,B,2021-05-15,B
1248093,2021-05-16,B,2021-05-16,B
1248316,2020-02-03,B,2020-02-03,B
1248322,2021-05-10,B,2021-05-10,B
1248876,2018-07-21,B,2018-07-21,B
1248925,2018-06-26,B,2018-06-26,B
1248939,2021-05-18,B,2021-05-18,B
1249114,2018-06-23,B,2021-12-05,B
1249190,2021-05-20,B,2021-05-20,B
1249197,2018-07-06,B,2018-07-06,B
1249234,2021-05-16,B,2021-05-16,B
1249471,2021-05-13,B,2021-05-13,B
1249561,2018-11-08,B,2018-11-08,B
1249627,2018-06-23,B,2018-06-23,B
1249746,2020-05-10,B,2020-05-10,B
1250020,2019-08-15,B,2019-08-15,B
1250152,2020-03-06,B,2020-03-06,B
1250280,2021-05-14,B,2021-05-14,B
1250295,2018-07-07,B,2018-07-07,B
1250302,2021-05-13,B,2021-05-13,B
1250349,2020-05-10,B,2020-05-10,B
1250355,2019-09-01,B,2019-09-01,B
1250485,2018-11-10,B,2018-11-10,B
1250591,2018-06-26,B,2018-06-26,B
1250820,2018-07-06,B,2018-07-06,B
1251037,2019-09-13,B,2019-09-13,B
1251394,2019-10-12,B,2019-10-12,B
1251573,2019-08-10,B,2019-08-10,B
1251651,2018-11-10,B,2018-11-10,B
1251760,2018-07-06,B,2018-07-06,B
1251842,2021-05-22,B,2021-05-22,B
1251908,2018-07-14,B,2018-07-14,B
1251913,2018-06-26,B,2018-06-26,B
1252044,2021-04-29,P,2024-03-17,P
1252092,2021-04-29,P,2021-04-29,P
1252093,2021-04-29,P,2025-12-16,P
1252094,2021-04-29,P,2021-04-29,P
1252161,2021-05-13,B,2021-05-13,B
1252401,2018-07-21,B,2018-07-21,B
1252424,2021-05-13,B,2021-05-13,B
1252471,2019-08-10,B,2019-08-10,B
1252595,2021-05-14,B,2021-05-14,B
1252702,2021-05-22,B,2021-05-22,B
1253209,2018-06-26,B,2018-06-26,B
1253960,2021-02-18,LB,2021-02-18,LB
1254186,2018-08-15,B,2018-08-15,B
1254411,2020-11-05,LB,2020-11-05,LB
1255269,2018-06-29,B,2018-06-29,B
1255341,2019-11-16,B,2019-11-16,B
1256770,2018-08-31,B,2018-08-31,B
1256902,2018-06-29,B,2018-06-29,B
1257018,2021-05-10,B,2021-05-10,B
1257380,2019-09-02,B,2019-09-02,B
1257709,2021-05-14,B,2021-05-14,B
1258554,2021-05-16,B,2021-05-16,B
1258569,2018-07-06,B,2018-07-06,B
1259240,2021-05-22,B,2021-05-22,B
1259245,2021-05-16,B,2021-05-16,B
1259274,2019-09-13,B,2019-09-13,B
1259317,2019-09-02,B,2019-09-02,B
1259358,2018-07-06,B,2018-07-06,B
1259421,2018-07-15,B,2018-07-15,B
1259432,2021-05-10,B,2021-05-10,B
1259510,2018-11-10,B,2018-11-10,B
1259512,2021-05-16,B,2021-05-16,B
1259542,2021-05-16,B,2021-05-16,B
1259608,2021-05-13,B,2021-05-13,B
1259667,2019-08-27,B,2019-08-27,B
1259668,2018-06-26,B,2021-09-10,B
1260153,2021-05-16,B,2021-05-16,B
1260523,2018-06-26,B,2018-06-26,B
1260672,2019-09-02,B,2019-09-02,B
1260949,2021-05-15,B,2021-05-15,B
1261194,2018-06-29,B,2018-06-29,B
1261340,2018-06-26,B,2018-06-26,B
1261350,2018-06-26,B,2018-06-26,B
1261568,2021-05-10,B,2021-05-10,B
1262032,2018-07-09,B,2018-07-09,B
1262505,2018-07-06,B,2018-07-06,B
1262597,2018-08-31,B,2018-08-31,B
1263046,2018-11-10,B,2018-11-10,B
1263189,2019-11-29,B,2019-11-29,B
1263420,2018-09-26,B,2018-09-26,B
1263482,2018-11-12,B,2018-11-12,B
1263641,2020-09-02,B,2020-09-02,B
1263812,2021-05-13,B,2021-05-13,B
1263970,2021-05-13,B,2021-05-13,B
1264209,2021-05-21,B,2021-05-21,B
1264286,2021-05-22,B,2021-05-22,B
1264382,2019-09-06,B,2019-09-06,B
1264441,2019-10-12,B,2019-10-12,B
1264737,2021-06-04,B,2021-06-04,B
1265185,2020-09-16,B,2020-09-16,B
1265246,2018-06-23,B,2021-12-05,B
1265601,2021-05-16,B,2021-05-16,B
1265827,2019-08-24,B,2019-08-24,B
1265941,2019-08-10,B,2019-08-10,B
1266231,2018-06-26,B,2018-06-26,B
1266271,2021-05-16,B,2021-05-16,B
1266326,2018-07-15,B,2018-07-15,B
1266328,2018-08-31,B,2018-08-31,B
1266344,2019-08-10,B,2019-08-10,B
1266452,2019-08-10,B,2019-08-10,B
1266490,2018-07-10,B,2018-07-10,B
1266809,2018-06-26,B,2018-06-26,B
1267098,2018-06-26,B,2018-06-26,B
1267262,2018-11-12,B,2018-11-12,B
1267323,2018-07-15,B,2018-07-15,B
1267472,2019-09-02,B,2019-09-02,B
1268117,2019-10-31,B,2019-10-31,B
1269170,2018-07-07,B,2018-07-07,B
1269557,2021-05-26,B,2021-05-26,B
1269681,2021-05-13,B,2021-05-13,B
1269798,2019-08-06,B,2019-08-06,B
1270225,2019-08-10,B,2019-08-10,B
1270233,2018-09-05,B,2018-09-05,B
1270436,2018-06-23,B,2018-06-23,B
1270457,2018-06-26,B,2018-06-26,B
1270725,2019-08-15,B,2019-08-15,B
1270748,2019-07-17,B,2019-07-17,B
1272194,2018-07-06,B,2018-07-06,B
1272264,2018-07-21,B,2018-07-21,B
1272680,2019-08-21,B,2019-08-21,B
1272707,2018-11-12,B,2018-11-12,B
1273136,2020-05-12,B,2020-05-12,B
1273239,2021-05-13,B,2021-05-13,B
1273587,2021-05-13,B,2021-05-13,B
1273669,2018-07-15,B,2018-07-15,B
1274047,2018-11-12,B,2018-11-12,B
1274412,2021-05-14,B,2021-05-14,B
1274551,2018-07-06,B,2018-07-06,B
1274552,2019-09-13,B,2019-09-13,B
1274816,2018-06-26,B,2018-06-26,B
1275140,2018-07-15,B,2018-07-15,B
1275151,2018-07-07,B,2018-07-07,B
1275189,2021-05-10,B,2021-05-10,B
1275375,2019-09-19,B,2019-09-19,B
1275695,2019-10-12,B,2019-10-12,B
1276207,2021-05-18,B,2021-05-18,B
1276211,2018-06-30,B,2018-06-30,B
1276568,2020-03-15,B,2020-03-15,B
1276656,2021-05-13,B,2021-05-13,B
1276685,2021-05-13,B,2021-05-13,B
1277046,2021-05-16,B,2021-05-16,B
1277213,2021-06-05,B,2021-06-05,B
1277389,2018-07-21,B,2018-07-21,B
1277940,2021-05-13,B,2021-05-13,B
1277948,2019-12-13,B,2019-12-13,B
1278080,2021-05-10,B,2021-05-10,B
1278341,2021-05-13,B,2021-05-13,B
1278700,2019-07-17,B,2019-07-17,B
1278720,2018-07-15,B,2018-07-15,B
1279257,2018-11-10,B,2018-11-10,B
1279258,2018-06-26,B,2018-06-26,B
1279320,2019-08-10,B,2019-08-10,B
1279355,2019-12-24,B,2019-12-24,B
1279561,2021-05-15,B,2021-05-15,B
1279591,2021-06-03,B,2021-06-03,B
1279629,2021-05-10,B,2021-05-10,B
1279674,2018-06-26,B,2018-06-26,B
1279694,2018-11-12,B,2018-11-12,B
1280120,2021-05-16,B,2021-05-16,B
1280130,2018-07-06,B,2018-07-06,B
1280336,2021-05-22,B,2021-05-22,B
1280899,2018-09-05,B,2018-09-05,B
1281017,2019-11-07,B,2019-11-07,B
1281076,2021-05-15,B,2021-05-15,B
1281148,2019-01-25,B,2019-01-25,B
1281158,2018-11-12,B,2018-11-12,B
1281389,2020-07-27,B,2020-07-27,B
1281716,2018-11-10,B,2018-11-10,B
1281718,2019-07-17,B,2019-07-17,B
1281797,2021-05-21,B,2021-05-21,B
1281807,2018-06-26,B,2018-06-26,B
1281855,2019-09-13,B,2019-09-13,B
1281931,2019-01-25,B,2019-01-25,B
1281967,2018-06-23,B,2018-06-23,B
1282026,2018-06-26,B,2018-06-26,B
1282443,2018-11-12,B,2018-11-12,B
1282471,2021-05-15,B,2021-05-15,B
1282598,2018-07-06,B,2018-07-06,B
1282676,2018-07-21,B,2018-07-21,B
1282913,2018-11-12,B,2018-11-12,B
1282979,2018-06-30,B,2018-06-30,B
1283175,2018-07-09,B,2018-07-09,B
1283271,2021-05-16,B,2021-05-16,B
1283699,2019-07-17,B,2019-07-17,B
1284167,2018-11-12,B,2018-11-12,B
1284771,2024-01-18,VUS,2024-01-18,VUS
1284836,2025-05-20,VUS,2025-05-20,VUS
1284848,2026-01-13,LB,2026-01-13,LB
1285210,2022-12-22,VUS,2025-12-03,VUS
1285693,2021-05-22,B,2021-05-22,B
1286043,2018-06-30,B,2018-06-30,B
1287240,2019-09-19,B,2019-09-19,B
1287342,2018-11-12,B,2018-11-12,B
1287643,2021-05-13,B,2021-05-13,B
1287667,2019-10-12,B,2019-10-12,B
1287781,2019-09-19,B,2019-09-19,B
1287789,2021-05-13,B,2021-05-13,B
1288403,2021-05-10,B,2021-05-10,B
1288577,2018-08-31,B,2018-08-31,B
1288833,2018-06-14,B,2018-06-14,B
1289009,2018-11-12,B,2018-11-12,B
1289034,2018-06-26,B,2018-06-26,B
1289088,2021-05-19,B,2021-05-19,B
1289471,2021-05-13,B,2021-05-13,B
1289493,2019-10-22,B,2019-10-22,B
1289676,2021-05-16,B,2021-05-16,B
1289701,2018-07-06,B,2018-07-06,B
1289836,2021-05-25,B,2021-05-25,B
1290546,2021-05-18,B,2021-05-18,B
1290598,2019-09-02,B,2019-09-02,B
1290771,2021-05-13,B,2021-05-13,B
1290789,2019-08-05,B,2019-08-05,B
1290840,2019-10-12,B,2019-10-12,B
1291865,2021-05-10,B,2021-05-10,B
1292296,2021-05-16,B,2021-05-16,B
1292484,2018-06-30,B,2018-06-30,B
1292485,2018-09-26,B,2018-09-26,B
1292486,2021-05-23,B,2021-05-23,B
1292569,2018-06-30,B,2018-06-30,B
1292581,2018-07-06,B,2018-07-06,B
1293004,2018-06-26,B,2018-06-26,B
1293171,2018-07-07,B,2018-07-07,B
1293752,2020-01-28,B,2020-01-28,B
1293811,2018-06-29,B,2018-06-29,B
1293900,2018-06-26,B,2018-06-26,B
1293971,2021-05-16,B,2021-05-16,B
1294006,2018-07-07,B,2018-07-07,B
1294191,2018-07-21,B,2018-07-21,B
1294278,2021-05-21,B,2021-05-21,B
1294883,2021-05-13,B,2021-05-13,B
1294884,2021-05-13,B,2021-05-13,B
1294905,2021-05-14,B,2021-05-14,B
1294935,2021-05-15,B,2021-05-15,B
1294992,2021-05-24,B,2021-05-24,B
1295348,2018-07-06,B,2018-07-06,B
1295350,2018-06-26,B,2018-06-26,B
1295600,2019-08-10,B,2019-08-10,B
1295602,2018-06-26,B,2018-06-26,B
1295845,2019-08-10,B,2019-08-10,B
1296055,2018-06-29,B,2018-06-29,B
1296056,2018-06-29,B,2018-06-29,B
1296109,2018-06-28,B,2018-06-28,B
1296199,2018-09-26,B,2018-09-26,B
1296209,2018-06-26,B,2018-06-26,B
1296235,2018-07-07,B,2018-07-07,B
1296465,2018-08-17,B,2018-08-17,B
1296514,2018-06-29,B,2018-06-29,B
1296813,2018-11-12,B,2018-11-12,B
1297025,2021-04-08,LP,2021-04-08,LP
1297092,2021-04-01,LP,2021-04-01,LP
1297093,2021-04-01,LP,2021-04-01,LP
1298175,2018-07-15,B,2018-07-15,B
1298176,2018-07-15,B,2018-07-15,B
1299958,2021-04-06,LB,2025-04-28,LB
1300312,2021-03-30,VUS,2021-03-30,VUS
1300438,2021-01-18,LB,2021-01-18,LB
1300688,2021-04-08,LB,2021-04-08,LB
1301171,2020-09-01,LB,2020-09-01,LB
1301187,2021-09-20,VUS,2024-06-17,VUS
1301714,2020-12-14,VUS,2020-12-14,VUS
1302144,2019-05-13,VUS,2019-05-13,VUS
1302408,2021-01-18,VUS,2021-01-18,VUS
1302630,2019-05-06,VUS,2019-05-06,VUS
1302720,2019-04-30,VUS,2022-10-14,VUS
1302934,2019-06-03,VUS,2019-06-03,VUS
1303342,2022-09-06,VUS,2025-11-25,VUS
1304261,2022-04-25,VUS,2025-09-15,VUS
1304725,2020-10-05,VUS,2020-10-05,VUS
1304950,2020-08-31,VUS,2024-02-17,VUS
1305077,2019-04-10,VUS,2019-04-10,VUS
1305150,2019-04-10,VUS,2022-01-01,VUS
1305631,2019-05-03,VUS,2019-05-03,VUS
1305802,2020-06-16,VUS,2020-06-16,VUS
1305887,2019-05-13,VUS,2025-01-29,VUS
1305918,2019-05-20,VUS,2019-05-20,VUS
1306227,2023-09-27,VUS,2025-04-08,VUS
1306448,2019-06-12,VUS,2019-06-12,VUS
1306606,2019-06-28,VUS,2019-06-28,VUS
1306712,2019-06-25,VUS,2019-06-25,VUS
1306789,2019-07-02,VUS,2024-05-24,VUS
1307141,2019-07-29,VUS,2019-07-29,VUS
1307239,2019-07-25,VUS,2022-09-23,VUS
1307360,2019-07-22,VUS,2025-09-10,VUS
1307943,2019-08-26,VUS,2024-02-01,VUS
1308031,2019-08-21,VUS,2019-08-21,VUS
1308053,2019-03-15,VUS,2025-12-15,VUS
1308499,2019-04-09,VUS,2022-07-30,VUS
1308591,2019-04-10,VUS,2025-05-28,VUS
1308844,2019-10-04,VUS,2019-10-04,VUS
1308870,2019-10-07,VUS,2019-10-07,VUS
1309278,2019-10-25,VUS,2024-12-10,VUS
1309961,2019-11-12,VUS,2019-11-12,VUS
1310370,2019-11-12,VUS,2019-11-12,VUS
1310559,2019-11-27,VUS,2019-11-27,VUS
1311307,2019-12-26,VUS,2022-08-12,VUS
1312797,2020-06-24,VUS,2020-06-24,VUS
1313629,2020-10-29,VUS,2020-10-29,VUS
1313645,2020-11-11,VUS,2023-01-01,VUS
1314322,2021-04-13,VUS,2021-04-13,VUS
1314368,2021-04-05,VUS,2024-05-30,VUS
1314480,2021-04-13,VUS,2025-04-11,VUS
1314518,2021-04-08,VUS,2021-04-08,VUS
1314569,2021-04-02,VUS,2024-12-02,VUS
1314834,2021-04-23,VUS,2022-11-18,VUS
1314835,2021-04-13,VUS,2021-04-13,VUS
1315142,2020-02-05,VUS,2025-12-24,VUS
1315186,2020-01-28,VUS,2020-01-28,VUS
1315299,2020-02-03,VUS,2025-02-11,VUS
1315358,2020-02-12,VUS,2020-02-12,VUS
1319812,2021-11-03,P,2021-11-03,P
1321378,2021-10-14,LP,2022-04-28,LP
1323120,2025-03-31,P,2025-03-31,P
1323371,2020-03-20,P,2020-03-20,P
1323372,2019-07-31,P,2019-07-31,P
1323373,2020-01-10,P,2020-01-10,P
1323533,2019-09-13,P,2024-08-01,P
1323535,2019-04-01,P,2019-04-01,P
1323695,2020-06-17,P,2020-06-17,P
1324055,2020-10-07,LP,2024-03-27,LP
1324797,2021-07-27,LP,2021-07-27,LP
1324816,2020-12-09,LP,2020-12-09,LP
1324817,2020-10-15,LP,2024-06-17,LP
1325204,2024-04-02,LP,2025-10-19,LP
1325247,2021-04-10,LP,2021-04-10,LP
1325248,2019-12-16,LP,2019-12-16,LP
1325997,2021-05-21,VUS,2021-12-23,VUS
1326452,2022-09-06,VUS,2024-05-10,VUS
1327262,2021-12-02,B,2021-12-02,B
1327694,2021-05-24,LB,2021-05-24,LB
1328075,2022-08-16,VUS,2022-08-16,VUS
1328090,2024-11-18,LB,2024-11-18,LB
1328414,2021-12-15,LP,2021-12-15,LP
1328415,2021-12-15,LP,2021-12-15,LP
1328425,2021-12-15,LP,2021-12-15,LP
1328662,2021-05-19,LB,2021-05-19,LB
1328750,2021-05-05,VUS,2021-06-14,VUS
1328984,2021-11-10,VUS,2021-11-10,VUS
1329677,2021-06-25,VUS,2021-06-25,VUS
1329831,2021-02-25,LB,2025-08-13,LB
1330194,2021-10-29,P,2021-10-29,P
1330522,2021-06-11,LB,2024-01-19,LB
1331227,2021-12-29,VUS,2024-11-20,VUS
1331265,2021-06-29,VUS,2021-06-29,VUS
1333050,2021-02-14,LB,2021-02-14,LB
1333064,2020-02-14,LB,2020-02-14,LB
1333065,2021-04-02,LB,2021-04-02,LB
1333366,2022-01-03,LP,2022-01-03,LP
1333520,2022-01-03,P,2022-01-03,P
1336509,2018-01-23,VUS,2018-01-23,VUS
1336569,2018-03-08,VUS,2024-01-31,VUS
1336574,2018-02-19,VUS,2024-02-22,VUS
1336830,2018-08-07,VUS,2022-08-22,VUS
1337174,2019-05-15,VUS,2024-04-12,VUS
1337418,2019-10-04,LB,2022-07-09,LB
1337419,2019-10-04,VUS,2022-09-06,VUS
1337588,2020-04-30,VUS,2022-12-16,VUS
1337591,2020-04-22,VUS,2024-07-30,VUS
1337715,2020-09-14,LP,2020-09-14,LP
1337727,2020-10-15,VUS,2025-07-13,VUS
1337842,2021-02-12,VUS,2024-01-09,VUS
1338365,2018-02-02,P,2018-02-02,P
1338632,2021-03-26,LP,2021-03-26,LP
1339329,2020-03-10,VUS,2023-03-07,VUS
1339653,2022-02-02,P,2022-02-02,P
1340004,2021-03-01,VUS,2021-03-01,VUS
1340028,2021-03-01,P,2021-03-01,P
1340627,2021-05-01,VUS,2021-05-01,VUS
1341168,2020-10-12,P,2020-10-12,P
1341248,2021-03-01,VUS,2021-03-01,VUS
1341515,2022-02-14,LP,2022-02-14,LP
1341973,2022-02-02,P,2022-02-02,P
1341993,2022-02-02,P,2022-02-02,P
1343412,2022-03-11,VUS,2022-03-11,VUS
1343714,2022-02-18,VUS,2022-02-18,VUS
1343749,2022-02-18,LP,2022-02-18,LP
1344621,2018-08-24,P,2018-08-24,P
1345060,2022-03-02,VUS,2022-03-02,VUS
1345578,2024-08-30,VUS,2024-08-30,VUS
1345707,2023-10-13,LB,2023-10-13,LB
1345759,2021-09-02,VUS,2024-04-17,VUS
1345866,2021-07-27,VUS,2021-09-17,VUS
1345979,2022-11-08,VUS,2022-11-08,VUS
1345981,2021-07-24,VUS,2024-05-15,VUS
1346292,2024-10-16,LB,2024-10-16,LB
1346312,2022-10-24,VUS,2022-10-24,VUS
1346342,2022-03-09,VUS,2022-03-09,VUS
1346395,2022-07-18,VUS,2022-07-18,VUS
1346510,2022-06-13,VUS,2022-06-13,VUS
1346512,2023-10-03,VUS,2023-10-03,VUS
1346749,2022-10-31,LP,2024-09-03,LP
1346878,2021-09-01,VUS,2021-09-01,VUS
1346957,2024-08-05,VUS,2024-08-05,VUS
1346993,2023-05-12,LP,2024-10-23,LP
1347165,2024-04-16,LP,2024-08-28,LP
1347169,2022-06-27,VUS,2022-06-27,VUS
1347178,2025-06-12,LB,2025-06-12,LB
1347684,2022-07-12,VUS,2022-07-12,VUS
1347795,2025-01-27,P,2025-01-27,P
1347973,2022-10-04,LP,2022-10-04,LP
1347985,2022-03-15,VUS,2024-08-29,VUS
1348069,2021-04-23,VUS,2021-04-23,VUS
1348157,2022-03-10,VUS,2024-01-29,VUS
1348394,2024-06-11,VUS,2024-10-25,VUS
1348419,2021-08-30,VUS,2024-06-17,VUS
1348455,2022-06-20,VUS,2022-06-20,VUS
1348492,2023-10-03,VUS,2023-10-03,VUS
1348544,2022-09-12,VUS,2022-09-12,VUS
1348563,2023-08-24,VUS,2023-08-24,VUS
1348747,2022-08-16,VUS,2024-12-10,VUS
1348768,2021-04-26,VUS,2021-04-26,VUS
1348772,2021-08-14,VUS,2021-08-14,VUS
1349026,2023-05-15,VUS,2023-05-15,VUS
1349069,2022-08-22,VUS,2025-03-03,VUS
1349265,2021-10-23,VUS,2021-10-23,VUS
1349401,2022-02-24,LP,2022-02-24,LP
1349409,2024-05-13,VUS,2025-08-18,VUS
1349511,2023-07-03,VUS,2023-07-03,VUS
1349548,2022-08-08,VUS,2022-08-08,VUS
1349572,2022-03-17,LP,2022-03-17,LP
1349585,2022-09-13,VUS,2022-09-13,VUS
1349674,2022-08-08,LP,2022-08-08,LP
1349737,2021-06-16,VUS,2021-06-16,VUS
1349832,2022-10-03,VUS,2022-10-03,VUS
1349948,2022-04-10,VUS,2022-04-10,VUS
1349972,2024-01-24,VUS,2024-11-05,VUS
1350011,2023-11-27,VUS,2023-11-27,VUS
1350077,2021-09-17,VUS,2021-09-17,VUS
1350345,2021-08-11,VUS,2024-10-29,VUS
1350532,2022-07-05,VUS,2022-07-05,VUS
1350635,2023-07-17,VUS,2023-07-17,VUS
1350689,2022-02-10,VUS,2022-02-10,VUS
1350696,2021-09-24,VUS,2021-09-24,VUS
1350711,2021-08-23,P,2021-08-23,P
1350752,2021-06-27,P,2021-06-27,P
1350763,2026-01-12,P,2026-01-12,P
1350772,2025-10-22,VUS,2025-10-22,VUS
1350949,2021-06-06,VUS,2024-04-30,VUS
1351022,2020-11-25,VUS,2020-11-25,VUS
1351203,2021-11-20,VUS,2024-09-27,VUS
1351289,2022-03-27,VUS,2022-03-27,VUS
1351333,2021-11-27,VUS,2021-11-27,VUS
1351355,2021-11-20,VUS,2023-05-05,VUS
1351366,2021-12-02,VUS,2024-09-01,VUS
1351424,2022-08-23,VUS,2022-08-23,VUS
1351437,2021-04-11,P,2021-04-11,P
1351547,2023-08-04,VUS,2023-08-04,VUS
1351800,2022-09-13,VUS,2022-09-13,VUS
1351808,2023-08-30,VUS,2024-08-16,VUS
1351914,2021-11-15,VUS,2021-11-15,VUS
1351926,2022-08-16,VUS,2025-02-11,VUS
1351929,2022-09-13,VUS,2022-09-13,VUS
1351940,2021-12-30,VUS,2022-07-25,VUS
1352107,2021-07-21,VUS,2021-07-21,VUS
1352169,2022-01-12,VUS,2022-01-12,VUS
1352237,2023-11-27,VUS,2025-01-27,VUS
1352257,2021-06-18,VUS,2024-04-16,VUS
1352259,2024-11-11,VUS,2024-11-11,VUS
1352341,2022-06-27,VUS,2022-06-27,VUS
1352467,2022-06-08,VUS,2022-06-08,VUS
1352472,2022-07-12,VUS,2022-07-12,VUS
1352475,2020-12-01,VUS,2020-12-01,VUS
1352682,2020-11-25,P,2020-11-25,P
1352747,2021-12-13,LP,2021-12-13,LP
1352760,2021-12-14,VUS,2021-12-14,VUS
1352949,2023-11-27,VUS,2023-11-27,VUS
1352981,2023-08-04,VUS,2023-08-04,VUS
1353159,2021-04-02,VUS,2024-12-07,VUS
1353360,2022-01-31,VUS,2024-10-16,VUS
1353409,2024-11-24,VUS,2025-01-15,VUS
1353606,2021-03-25,VUS,2021-03-25,VUS
1354015,2022-11-08,VUS,2022-11-08,VUS
1354022,2021-12-15,VUS,2022-08-31,VUS
1354068,2024-10-24,VUS,2024-10-24,VUS
1354089,2024-02-17,VUS,2024-02-17,VUS
1354136,2022-03-10,VUS,2022-03-10,VUS
1354145,2024-01-17,VUS,2024-01-17,VUS
1354241,2024-02-24,VUS,2024-02-24,VUS
1354349,2023-10-13,LB,2023-10-13,LB
1354385,2022-02-10,VUS,2025-05-25,VUS
1354417,2021-10-24,VUS,2025-02-25,VUS
1354450,2020-11-11,VUS,2020-11-11,VUS
1354490,2022-11-08,VUS,2022-11-08,VUS
1354733,2021-11-24,VUS,2024-06-01,VUS
1354736,2021-10-15,VUS,2024-01-02,VUS
1354889,2021-09-08,VUS,2022-08-19,VUS
1355008,2024-03-25,VUS,2025-11-10,VUS
1355096,2021-04-06,VUS,2021-04-06,VUS
1355132,2021-05-19,VUS,2021-05-19,VUS
1355350,2021-04-06,VUS,2021-12-17,VUS
1355469,2023-12-13,P,2025-07-08,P
1355513,2022-07-26,VUS,2022-07-26,VUS
1355564,2024-04-16,VUS,2024-04-16,VUS
1355736,2022-11-15,VUS,2022-11-15,VUS
1355747,2024-10-06,VUS,2024-11-11,VUS
1355750,2021-09-01,VUS,2024-12-03,VUS
1355815,2023-12-14,LB,2023-12-14,LB
1355878,2022-07-05,VUS,2022-07-05,VUS
1356013,2022-07-12,VUS,2024-01-03,VUS
1356090,2023-11-27,VUS,2023-11-27,VUS
1356149,2022-04-21,VUS,2022-09-01,VUS
1356229,2023-02-25,VUS,2024-08-09,VUS
1356272,2025-06-12,LB,2025-06-12,LB
1356294,2025-04-16,VUS,2025-04-16,VUS
1356441,2022-06-03,VUS,2025-07-14,VUS
1356516,2021-08-19,VUS,2021-08-19,VUS
1356548,2019-09-27,VUS,2025-05-05,VUS
1356681,2021-09-06,VUS,2021-09-06,VUS
1356731,2024-02-24,LB,2024-02-24,LB
1356775,2022-02-10,VUS,2022-02-10,VUS
1357011,2023-07-17,VUS,2023-07-17,VUS
1357087,2024-05-31,VUS,2024-12-18,VUS
1357126,2021-08-28,VUS,2024-05-18,VUS
1357343,2022-10-13,VUS,2024-03-13,VUS
1357609,2020-12-26,P,2020-12-26,P
1357901,2024-01-17,VUS,2024-01-17,VUS
1357996,2021-09-17,VUS,2021-09-17,VUS
1358062,2022-06-15,VUS,2022-06-15,VUS
1358085,2022-02-05,VUS,2022-02-05,VUS
1358297,2023-08-04,VUS,2023-08-04,VUS
1358399,2020-10-25,VUS,2020-10-25,VUS
1358608,2021-08-08,VUS,2024-05-21,VUS
1358616,2022-04-07,VUS,2022-08-16,VUS
1358759,2021-06-03,VUS,2021-06-03,VUS
1358768,2021-07-20,VUS,2021-07-20,VUS
1358796,2021-08-20,P,2021-08-20,P
1359148,2022-01-06,VUS,2025-08-26,VUS
1359151,2024-06-19,LB,2024-06-19,LB
1359175,2021-10-15,VUS,2026-04-27,VUS
1359203,2022-07-06,VUS,2025-02-13,VUS
1359402,2021-12-08,VUS,2022-03-10,VUS
1359534,2021-06-09,VUS,2021-06-09,VUS
1359570,2021-09-24,VUS,2021-09-24,VUS
1359603,2021-04-12,VUS,2021-04-12,VUS
1359631,2021-01-25,VUS,2024-10-06,VUS
1359789,2022-09-08,VUS,2022-09-08,VUS
1359820,2022-03-10,VUS,2022-03-10,VUS
1359973,2021-08-31,VUS,2021-08-31,VUS
1360098,2021-05-03,VUS,2025-05-16,VUS
1360169,2022-02-16,VUS,2025-04-14,VUS
1360361,2024-05-28,VUS,2025-05-25,VUS
1360497,2022-06-27,VUS,2022-06-27,VUS
1360661,2023-11-06,VUS,2023-11-06,VUS
1360694,2025-04-21,VUS,2025-04-21,VUS
1360829,2023-08-17,VUS,2024-02-20,VUS
1360963,2020-12-28,VUS,2020-12-28,VUS
1360966,2022-03-26,VUS,2025-12-15,VUS
1361055,2022-09-01,VUS,2024-08-27,VUS
1361149,2021-09-02,VUS,2021-09-02,VUS
1361225,2024-02-24,VUS,2024-04-17,VUS
1361272,2024-01-19,P,2024-01-19,P
1361384,2024-12-16,VUS,2024-12-16,VUS
1361447,2024-11-11,VUS,2024-11-11,VUS
1361500,2022-02-22,VUS,2024-02-26,VUS
1361715,2021-12-15,VUS,2021-12-15,VUS
1361750,2022-04-07,VUS,2022-10-03,VUS
1361800,2021-06-16,VUS,2021-06-16,VUS
1361876,2021-07-14,VUS,2025-10-16,VUS
1361980,2021-04-02,VUS,2021-04-02,VUS
1362002,2024-01-10,LB,2024-01-10,LB
1362061,2022-10-24,VUS,2022-10-24,VUS
1362129,2023-07-17,VUS,2023-07-17,VUS
1362140,2022-10-05,VUS,2022-10-05,VUS
1362199,2021-09-01,VUS,2021-09-01,VUS
1362235,2022-10-17,VUS,2024-05-17,VUS
1362368,2021-01-01,VUS,2024-10-23,VUS
1362482,2021-08-15,VUS,2021-08-15,VUS
1362661,2023-10-29,VUS,2023-10-29,VUS
1362784,2021-08-13,VUS,2021-08-13,VUS
1362980,2024-10-01,VUS,2024-10-01,VUS
1363058,2022-03-10,VUS,2022-03-10,VUS
1363116,2022-04-15,VUS,2025-11-12,VUS
1363231,2021-06-22,VUS,2024-10-28,VUS
1363403,2022-06-13,P,2022-06-13,P
1363512,2023-05-22,VUS,2023-05-22,VUS
1363588,2023-10-13,VUS,2023-10-13,VUS
1363597,2022-02-11,VUS,2024-07-23,VUS
1363695,2022-06-13,VUS,2022-06-13,VUS
1363780,2022-03-29,VUS,2022-10-26,VUS
1363784,2022-10-13,VUS,2025-08-30,VUS
1363931,2021-06-25,VUS,2025-10-28,VUS
1363947,2021-12-01,VUS,2025-04-16,VUS
1363949,2024-01-18,VUS,2024-08-22,VUS
1364217,2021-06-27,VUS,2021-06-27,VUS
1364275,2023-11-27,VUS,2023-11-27,VUS
1364367,2021-06-28,VUS,2021-06-28,VUS
1364530,2021-09-17,VUS,2023-10-18,VUS
1364574,2022-11-29,VUS,2022-11-29,VUS
1364698,2022-08-31,VUS,2022-08-31,VUS
1364744,2024-09-16,VUS,2024-09-16,VUS
1364889,2025-07-31,LB,2025-07-31,LB
1365111,2023-12-14,P,2023-12-14,P
1365533,2023-11-27,VUS,2023-11-27,VUS
1365659,2021-04-11,P,2021-04-11,P
1365690,2022-07-05,VUS,2022-07-05,VUS
1365705,2021-07-04,VUS,2021-07-04,VUS
1365785,2022-08-20,VUS,2024-06-08,VUS
1365975,2023-07-17,VUS,2023-07-17,VUS
1365976,2022-03-19,P,2022-03-19,P
1366056,2021-08-31,VUS,2024-05-25,VUS
1366416,2024-07-22,VUS,2024-07-22,VUS
1366598,2022-08-09,VUS,2022-08-09,VUS
1366788,2025-01-08,VUS,2025-10-29,VUS
1366789,2021-09-09,VUS,2021-09-09,VUS
1367028,2021-07-21,VUS,2021-07-21,VUS
1367192,2021-11-04,VUS,2021-11-04,VUS
1367413,2022-10-13,VUS,2022-10-13,VUS
1367429,2024-03-11,LB,2024-03-11,LB
1367442,2021-08-17,VUS,2021-08-17,VUS
1367482,2022-07-12,VUS,2022-07-12,VUS
1367645,2021-07-15,VUS,2021-07-15,VUS
1367669,2023-11-27,VUS,2023-11-27,VUS
1367848,2021-10-17,VUS,2024-05-31,VUS
1367895,2022-05-03,VUS,2024-09-03,VUS
1367922,2022-08-31,VUS,2022-08-31,VUS
1368031,2022-08-31,VUS,2022-08-31,VUS
1368057,2021-05-27,P,2021-05-27,P
1368229,2021-07-26,VUS,2021-07-26,VUS
1368248,2023-11-06,VUS,2024-05-30,VUS
1368258,2023-12-11,VUS,2023-12-11,VUS
1368356,2022-08-31,VUS,2022-08-31,VUS
1368396,2022-08-23,VUS,2023-12-18,VUS
1368460,2024-10-26,VUS,2024-10-26,VUS
1368504,2022-06-27,VUS,2025-09-02,VUS
1368531,2022-05-19,VUS,2022-09-01,VUS
1368541,2021-07-19,VUS,2021-07-19,VUS
1368552,2022-10-05,VUS,2025-11-06,VUS
1368653,2024-02-24,VUS,2024-02-24,VUS
1368847,2021-07-21,VUS,2021-07-21,VUS
1368989,2022-06-27,VUS,2022-06-27,VUS
1369011,2023-11-27,VUS,2023-11-27,VUS
1369125,2022-03-31,VUS,2024-10-26,VUS
1369202,2020-12-18,VUS,2024-06-06,VUS
1369242,2021-02-03,VUS,2021-02-03,VUS
1369320,2021-12-06,VUS,2021-12-06,VUS
1369335,2022-06-12,VUS,2025-10-02,VUS
1369346,2021-08-24,VUS,2024-04-04,VUS
1369517,2022-05-27,VUS,2022-05-27,VUS
1369672,2022-05-24,VUS,2024-10-29,VUS
1369843,2024-02-24,VUS,2024-02-24,VUS
1369985,2022-11-22,VUS,2022-11-22,VUS
1370047,2025-12-20,LB,2025-12-20,LB
1370079,2022-10-04,LB,2022-10-04,LB
1370102,2022-06-30,P,2022-06-30,P
1370120,2021-02-05,VUS,2021-02-05,VUS
1370237,2022-03-08,VUS,2022-03-08,VUS
1370250,2025-04-17,VUS,2025-04-17,VUS
1370303,2021-11-12,VUS,2024-01-22,VUS
1370352,2024-01-09,VUS,2024-06-15,VUS
1370383,2022-11-08,VUS,2022-11-08,VUS
1370427,2022-02-01,VUS,2022-02-01,VUS
1370440,2021-10-03,VUS,2024-05-08,VUS
1370503,2022-01-26,P,2022-01-26,P
1370508,2022-07-19,VUS,2022-07-19,VUS
1370593,2021-08-24,VUS,2021-08-24,VUS
1370676,2025-06-04,LB,2025-06-04,LB
1371101,2021-11-30,VUS,2021-11-30,VUS
1371102,2024-10-22,VUS,2024-10-22,VUS
1371104,2022-06-17,VUS,2022-06-17,VUS
1371105,2021-11-30,VUS,2021-11-30,VUS
1371145,2021-07-30,VUS,2021-07-30,VUS
1371158,2024-01-19,VUS,2024-01-19,VUS
1371210,2022-12-06,VUS,2022-12-06,VUS
1371328,2021-12-02,VUS,2022-01-07,VUS
1371663,2023-03-03,P,2025-04-15,P
1371725,2025-04-17,VUS,2025-04-17,VUS
1371754,2022-06-13,VUS,2022-06-13,VUS
1371760,2022-01-05,VUS,2024-12-02,VUS
1371823,2023-06-13,VUS,2023-06-13,VUS
1371979,2022-08-31,LB,2022-08-31,LB
1372209,2022-06-05,VUS,2025-08-20,VUS
1372254,2022-08-15,VUS,2022-08-15,VUS
1372324,2023-03-10,VUS,2025-09-26,VUS
1372340,2021-12-30,VUS,2024-05-13,VUS
1372492,2022-10-13,VUS,2024-09-08,VUS
1372536,2021-09-21,VUS,2023-08-17,VUS
1372589,2022-07-12,P,2022-07-12,P
1372651,2020-12-21,VUS,2020-12-21,VUS
1372739,2022-02-10,VUS,2022-02-10,VUS
1372797,2021-08-05,VUS,2021-08-05,VUS
1372804,2024-02-23,VUS,2024-02-23,VUS
1373069,2022-07-06,VUS,2022-07-06,VUS
1373136,2022-04-01,VUS,2024-01-22,VUS
1373145,2021-08-20,VUS,2024-02-14,VUS
1373235,2022-02-17,VUS,2025-11-04,VUS
1373324,2022-07-23,VUS,2025-12-03,VUS
1373328,2022-03-10,VUS,2022-03-10,VUS
1373360,2024-10-24,VUS,2024-10-24,VUS
1373510,2024-03-11,VUS,2024-03-11,VUS
1373518,2022-07-05,VUS,2022-09-29,VUS
1373533,2022-02-05,VUS,2024-04-04,VUS
1373590,2023-08-30,VUS,2025-09-01,VUS
1373892,2023-10-01,VUS,2025-07-31,VUS
1373949,2021-10-08,VUS,2021-10-08,VUS
1373969,2023-12-27,VUS,2025-05-04,VUS
1374112,2021-08-11,VUS,2021-08-11,VUS
1374138,2021-02-19,VUS,2021-02-19,VUS
1374144,2022-08-16,LB,2022-08-16,LB
1374245,2023-08-10,VUS,2023-08-10,VUS
1374474,2022-01-28,VUS,2025-02-13,VUS
1374490,2023-07-25,P,2023-07-25,P
1374521,2021-09-24,VUS,2024-09-27,VUS
1374668,2022-06-27,VUS,2022-06-27,VUS
1374853,2024-02-17,LB,2024-02-17,LB
1375312,2022-06-20,VUS,2022-06-20,VUS
1375350,2023-06-17,VUS,2023-06-17,VUS
1375504,2022-07-06,VUS,2025-07-12,VUS
1375586,2021-10-26,VUS,2022-10-17,VUS
1375638,2023-08-04,VUS,2023-08-04,VUS
1375648,2021-09-21,VUS,2021-09-21,VUS
1375748,2023-08-24,VUS,2023-08-24,VUS
1376146,2022-07-19,VUS,2022-07-19,VUS
1376259,2022-04-26,VUS,2024-12-16,VUS
1376347,2021-09-24,VUS,2022-11-03,VUS
1376349,2024-10-25,VUS,2024-10-25,VUS
1376382,2021-06-18,VUS,2021-06-18,VUS
1376387,2021-10-08,VUS,2021-10-08,VUS
1376393,2025-06-12,LB,2025-06-12,LB
1376503,2021-04-02,VUS,2021-04-02,VUS
1376509,2024-04-08,VUS,2025-08-06,VUS
1376523,2022-03-02,VUS,2022-03-02,VUS
1376656,2022-10-04,P,2022-10-04,P
1376931,2021-04-12,P,2021-04-12,P
1377114,2021-11-18,VUS,2025-02-19,VUS
1377168,2021-10-04,VUS,2021-10-04,VUS
1377196,2021-10-19,VUS,2021-10-19,VUS
1377200,2022-07-14,VUS,2022-07-14,VUS
1377318,2022-06-13,VUS,2025-07-02,VUS
1377405,2024-02-24,VUS,2024-02-24,VUS
1377450,2021-08-24,VUS,2021-08-24,VUS
1377505,2021-10-14,VUS,2025-02-24,VUS
1377576,2026-01-27,LB,2026-01-27,LB
1377589,2021-08-26,VUS,2021-08-26,VUS
1377616,2022-03-30,VUS,2025-01-06,VUS
1377709,2023-06-09,P,2023-06-09,P
1377737,2023-10-03,VUS,2023-10-03,VUS
1378229,2022-09-13,VUS,2024-05-03,VUS
1378359,2022-08-09,VUS,2025-03-02,VUS
1378436,2022-10-17,VUS,2022-10-17,VUS
1378457,2025-03-07,LB,2025-03-07,LB
1378479,2021-08-27,VUS,2021-08-27,VUS
1378539,2021-11-08,VUS,2022-01-20,VUS
1378759,2021-11-18,VUS,2021-11-18,VUS
1378795,2023-10-03,VUS,2023-10-03,VUS
1378801,2021-08-31,VUS,2021-08-31,VUS
1378829,2023-12-11,VUS,2023-12-11,VUS
1378915,2022-07-26,VUS,2024-01-15,VUS
1378930,2024-05-14,VUS,2025-04-28,VUS
1378992,2021-05-03,VUS,2021-05-03,VUS
1379090,2022-08-09,VUS,2022-08-09,VUS
1379124,2020-12-27,VUS,2024-03-07,VUS
1379205,2022-02-02,VUS,2025-12-04,VUS
1379230,2022-08-23,VUS,2024-06-07,VUS
1379341,2023-05-08,VUS,2023-05-08,VUS
1379409,2025-06-02,VUS,2025-06-02,VUS
1379421,2024-10-22,P,2024-10-22,P
1379538,2022-02-24,VUS,2024-03-06,VUS
1379611,2024-04-30,P,2024-04-30,P
1379634,2021-10-19,VUS,2025-02-07,VUS
1379771,2021-04-13,P,2021-04-13,P
1379802,2022-02-08,VUS,2022-02-08,VUS
1379807,2022-06-28,VUS,2022-06-28,VUS
1379826,2025-01-27,VUS,2025-01-27,VUS
1380271,2022-07-11,VUS,2022-07-11,VUS
1380329,2022-11-15,VUS,2024-04-22,VUS
1380394,2021-09-09,VUS,2021-09-09,VUS
1380519,2021-07-03,VUS,2022-04-04,VUS
1380526,2021-09-10,VUS,2021-09-10,VUS
1380527,2022-10-13,VUS,2022-10-13,VUS
1380530,2022-05-12,VUS,2022-09-06,VUS
1380753,2021-12-03,VUS,2024-03-25,VUS
1380905,2021-11-03,VUS,2021-11-03,VUS
1381066,2024-10-28,VUS,2024-10-28,VUS
1381200,2023-07-03,VUS,2024-10-01,VUS
1381203,2022-10-24,VUS,2024-01-30,VUS
1381216,2021-04-03,VUS,2021-04-03,VUS
1381227,2021-09-15,VUS,2021-09-15,VUS
1381314,2022-02-03,VUS,2022-02-03,VUS
1381438,2022-07-17,VUS,2024-04-30,VUS
1381445,2022-09-27,LB,2022-09-27,LB
1381457,2022-11-01,VUS,2022-11-01,VUS
1381556,2022-07-06,VUS,2022-07-06,VUS
1381628,2021-05-29,VUS,2021-05-29,VUS
1381770,2021-09-27,VUS,2021-09-27,VUS
1381820,2024-01-19,VUS,2024-01-19,VUS
1381831,2021-09-01,VUS,2021-09-01,VUS
1381897,2022-02-09,VUS,2024-01-23,VUS
1382042,2021-07-29,VUS,2024-01-20,VUS
1382095,2022-07-19,VUS,2022-07-19,VUS
1382214,2022-08-09,VUS,2025-12-11,VUS
1382270,2024-03-04,VUS,2024-03-04,VUS
1382483,2025-11-21,LB,2025-11-21,LB
1382569,2025-06-20,VUS,2025-06-20,VUS
1382589,2021-09-21,VUS,2021-09-21,VUS
1382679,2025-09-04,LB,2025-09-04,LB
1382839,2022-07-18,VUS,2022-07-18,VUS
1383012,2021-10-21,VUS,2021-10-21,VUS
1383204,2021-11-01,VUS,2021-11-01,VUS
1383365,2022-01-13,VUS,2022-01-13,VUS
1383647,2022-08-10,VUS,2022-08-10,VUS
1383724,2021-10-13,VUS,2021-10-13,VUS
1383760,2020-11-14,VUS,2020-11-14,VUS
1383816,2023-03-24,VUS,2024-11-11,VUS
1384129,2022-07-05,VUS,2022-07-05,VUS
1384396,2023-10-03,VUS,2024-07-14,VUS
1384454,2022-07-06,VUS,2022-07-06,VUS
1384489,2022-02-03,VUS,2025-09-01,VUS
1384547,2021-02-03,P,2021-02-03,P
1384574,2021-10-04,VUS,2021-10-04,VUS
1384670,2021-10-13,VUS,2021-10-13,VUS
1384718,2022-10-13,VUS,2024-01-08,VUS
1384768,2021-10-05,VUS,2021-10-05,VUS
1384856,2024-05-24,LB,2025-08-03,LB
1385035,2021-10-07,VUS,2021-10-07,VUS
1385118,2022-10-05,VUS,2022-10-05,VUS
1385124,2020-11-28,VUS,2024-05-20,VUS
1385208,2023-09-12,VUS,2025-10-30,VUS
1385219,2021-12-29,VUS,2022-07-05,VUS
1385305,2022-04-05,VUS,2024-05-11,VUS
1385494,2021-06-18,VUS,2024-05-31,VUS
1385520,2022-02-03,VUS,2022-02-03,VUS
1385733,2022-07-25,VUS,2024-06-03,VUS
1385766,2024-02-24,LB,2024-02-24,LB
1385802,2022-07-21,VUS,2022-07-21,VUS
1385883,2023-07-03,VUS,2023-07-03,VUS
1385945,2024-06-11,VUS,2024-08-06,VUS
1385976,2022-01-05,VUS,2022-09-12,VUS
1386222,2021-02-14,VUS,2021-12-08,VUS
1386237,2021-09-14,VUS,2021-09-14,VUS
1386294,2021-10-12,VUS,2021-10-12,VUS
1386544,2025-04-16,VUS,2025-04-16,VUS
1386672,2025-08-21,VUS,2025-08-21,VUS
1386700,2022-01-06,VUS,2022-01-06,VUS
1386988,2021-08-08,VUS,2021-08-08,VUS
1387074,2022-07-26,VUS,2022-07-26,VUS
1387175,2021-04-02,VUS,2021-04-02,VUS
1387196,2023-07-10,VUS,2023-07-10,VUS
1387210,2022-01-17,VUS,2022-06-13,VUS
1387288,2022-03-19,VUS,2022-03-19,VUS
1387373,2022-02-02,VUS,2022-02-02,VUS
1387424,2024-12-16,VUS,2024-12-16,VUS
1387782,2021-10-18,VUS,2021-10-18,VUS
1387867,2021-07-26,P,2024-11-07,P
1388083,2023-10-09,VUS,2023-10-09,VUS
1388101,2022-07-19,VUS,2022-07-19,VUS
1388129,2022-08-24,VUS,2025-08-04,VUS
1388144,2025-03-07,LB,2025-03-07,LB
1388217,2021-04-17,VUS,2024-05-15,VUS
1388271,2024-02-17,VUS,2024-05-26,VUS
1388301,2023-11-27,VUS,2025-03-27,VUS
1388761,2023-11-27,VUS,2025-03-25,VUS
1388930,2021-10-24,VUS,2021-10-24,VUS
1389139,2023-09-01,VUS,2025-02-02,VUS
1389463,2021-04-22,VUS,2021-04-22,VUS
1389486,2022-09-07,VUS,2024-08-26,VUS
1389578,2024-02-12,VUS,2024-10-01,VUS
1389619,2025-09-02,VUS,2025-09-02,VUS
1389848,2022-09-13,VUS,2023-06-15,VUS
1389850,2021-10-29,VUS,2026-01-19,VUS
1389882,2021-10-28,VUS,2021-10-28,VUS
1389952,2021-12-02,VUS,2021-12-02,VUS
1390101,2021-09-24,VUS,2023-02-08,VUS
1390145,2022-07-19,P,2022-07-19,P
1390178,2021-12-12,VUS,2025-04-27,VUS
1390180,2022-04-20,VUS,2024-12-02,VUS
1390266,2022-08-09,VUS,2024-06-10,VUS
1390270,2023-08-10,VUS,2023-08-10,VUS
1390281,2021-10-30,VUS,2021-10-30,VUS
1390395,2021-10-31,VUS,2021-10-31,VUS
1390586,2021-11-01,VUS,2021-11-01,VUS
1390660,2021-09-29,VUS,2023-10-26,VUS
1390664,2021-11-01,VUS,2021-11-01,VUS
1390672,2021-10-10,VUS,2023-02-22,VUS
1390676,2021-10-21,VUS,2021-10-21,VUS
1390698,2022-04-20,VUS,2026-01-24,VUS
1390705,2025-02-17,VUS,2025-02-17,VUS
1390708,2023-05-15,VUS,2024-05-24,VUS
1390727,2024-10-04,VUS,2025-09-20,VUS
1390770,2021-11-01,VUS,2021-11-01,VUS
1390836,2021-07-26,VUS,2021-07-26,VUS
1391001,2022-03-08,VUS,2025-09-11,VUS
1391089,2024-05-02,VUS,2024-10-15,VUS
1391319,2025-04-25,P,2025-04-25,P
1391379,2023-06-14,P,2023-06-14,P
1391533,2021-11-05,VUS,2021-11-05,VUS
1391596,2022-07-05,VUS,2023-07-19,VUS
1391597,2022-06-27,VUS,2024-10-01,VUS
1391649,2021-11-06,VUS,2025-11-23,VUS
1391702,2022-02-23,VUS,2022-02-23,VUS
1391791,2021-08-28,VUS,2021-08-28,VUS
1391815,2023-11-27,VUS,2023-11-27,VUS
1392041,2021-07-12,VUS,2021-07-12,VUS
1392138,2022-08-12,VUS,2024-04-13,VUS
1392329,2022-10-05,VUS,2022-10-05,VUS
1392380,2021-08-28,VUS,2021-08-28,VUS
1392389,2021-11-09,P,2021-11-09,P
1392407,2022-09-06,VUS,2022-09-06,VUS
1392726,2021-11-11,VUS,2021-11-11,VUS
1392901,2021-07-31,P,2021-07-31,P
1392930,2022-05-18,VUS,2025-04-28,VUS
1393077,2022-02-01,VUS,2022-10-14,VUS
1393087,2022-04-13,VUS,2022-04-13,VUS
1393095,2024-10-09,LB,2024-10-09,LB
1393102,2022-07-14,VUS,2024-06-17,VUS
1393221,2021-12-28,VUS,2022-09-27,VUS
1393248,2021-06-28,VUS,2021-06-28,VUS
1393458,2021-03-12,VUS,2021-03-12,VUS
1393501,2021-11-15,VUS,2021-11-15,VUS
1393502,2021-10-10,VUS,2021-10-10,VUS
1393503,2023-08-24,VUS,2023-08-24,VUS
1393537,2022-08-19,VUS,2022-12-01,VUS
1393679,2021-11-16,VUS,2021-11-16,VUS
1393759,2024-04-08,VUS,2025-10-01,VUS
1393789,2022-11-01,VUS,2022-11-01,VUS
1394095,2022-09-19,P,2022-09-19,P
1394182,2022-08-16,VUS,2022-08-16,VUS
1394184,2024-08-05,VUS,2024-08-05,VUS
1394265,2025-01-15,P,2025-01-15,P
1394277,2021-11-04,VUS,2022-12-15,VUS
1394365,2023-09-28,P,2025-05-22,P
1394370,2022-06-20,VUS,2022-06-20,VUS
1394423,2021-11-02,P,2021-11-02,P
1394472,2022-04-08,VUS,2025-06-07,VUS
1394544,2023-07-29,VUS,2023-12-29,VUS
1394591,2021-04-05,P,2021-04-05,P
1394852,2024-12-18,P,2024-12-18,P
1395109,2021-07-08,VUS,2024-07-25,VUS
1395543,2022-07-19,VUS,2022-07-19,VUS
1395575,2021-12-06,VUS,2021-12-06,VUS
1395627,2023-07-07,VUS,2023-07-07,VUS
1396034,2020-12-02,P,2020-12-02,P
1396133,2022-04-29,LB,2025-12-18,LB
1396305,2022-01-06,VUS,2022-01-06,VUS
1396311,2021-12-03,VUS,2021-12-03,VUS
1396355,2021-12-04,VUS,2021-12-04,VUS
1396400,2021-08-27,VUS,2021-08-27,VUS
1396534,2021-08-31,VUS,2024-07-21,VUS
1396682,2022-08-10,VUS,2024-05-13,VUS
1396787,2021-06-06,P,2021-06-06,P
1396819,2025-04-16,VUS,2025-04-16,VUS
1396850,2023-12-12,VUS,2024-11-05,VUS
1396879,2022-07-30,VUS,2024-07-17,VUS
1396913,2023-11-27,LB,2023-11-27,LB
1396927,2022-04-09,VUS,2022-04-09,VUS
1396962,2022-07-26,VUS,2022-07-26,VUS
1397083,2021-09-01,VUS,2021-09-01,VUS
1397158,2024-10-25,VUS,2025-01-07,VUS
1397235,2024-10-08,VUS,2024-10-08,VUS
1397254,2022-06-27,VUS,2022-06-27,VUS
1397409,2021-09-06,VUS,2021-09-06,VUS
1397416,2020-12-14,VUS,2020-12-14,VUS
1397517,2021-09-04,VUS,2021-09-04,VUS
1397662,2023-09-25,VUS,2023-09-25,VUS
1397749,2025-05-27,VUS,2025-05-27,VUS
1397924,2024-01-17,VUS,2025-06-12,VUS
1398156,2022-07-19,VUS,2022-07-19,VUS
1398171,2022-06-22,VUS,2025-10-21,VUS
1398189,2022-08-16,VUS,2024-06-13,VUS
1398336,2022-10-25,VUS,2022-10-25,VUS
1398353,2020-11-25,P,2020-11-25,P
1398530,2025-08-15,VUS,2025-08-15,VUS
1398537,2022-10-25,VUS,2022-10-25,VUS
1398608,2022-08-09,VUS,2022-08-09,VUS
1398637,2021-12-04,VUS,2024-05-23,VUS
1398695,2022-08-10,VUS,2022-08-10,VUS
1398770,2022-04-01,VUS,2022-04-01,VUS
1398799,2021-08-04,VUS,2021-08-04,VUS
1398976,2022-07-05,VUS,2022-07-05,VUS
1399026,2024-11-04,VUS,2024-11-04,VUS
1399120,2021-08-25,VUS,2021-08-25,VUS
1399347,2022-01-26,VUS,2022-01-26,VUS
1399360,2021-09-24,VUS,2021-09-24,VUS
1399452,2021-11-14,VUS,2021-11-14,VUS
1399485,2022-05-18,VUS,2022-10-13,VUS
1399526,2021-06-28,VUS,2021-06-28,VUS
1399574,2021-11-02,P,2021-11-02,P
1399855,2021-09-01,VUS,2025-06-19,VUS
1399928,2022-03-10,VUS,2024-08-07,VUS
1400127,2023-06-01,LB,2026-01-14,LB
1400159,2021-06-09,VUS,2021-06-09,VUS
1400165,2023-07-13,VUS,2023-07-13,VUS
1400239,2025-08-17,LB,2025-08-17,LB
1400250,2021-05-05,P,2021-05-05,P
1400329,2022-02-08,P,2022-02-08,P
1400373,2021-10-29,VUS,2021-10-29,VUS
1400467,2022-03-19,VUS,2022-03-19,VUS
1400555,2022-07-06,VUS,2022-07-06,VUS
1400617,2022-08-10,VUS,2022-08-10,VUS
1400631,2024-05-10,VUS,2025-07-10,VUS
1400644,2023-11-06,VUS,2023-11-06,VUS
1400722,2022-05-03,VUS,2024-09-04,VUS
1400735,2021-09-14,VUS,2021-09-14,VUS
1400739,2021-06-13,VUS,2021-06-13,VUS
1400777,2022-07-12,VUS,2024-05-01,VUS
1400782,2021-12-28,VUS,2022-02-10,VUS
1400848,2022-09-30,VUS,2022-09-30,VUS
1400912,2021-10-10,VUS,2021-10-10,VUS
1400935,2023-07-21,LB,2023-07-21,LB
1400998,2024-01-03,LP,2025-11-03,LP
1401285,2022-03-13,VUS,2022-03-13,VUS
1401289,2022-03-10,VUS,2026-04-14,VUS
1401318,2024-04-22,VUS,2024-04-22,VUS
1401335,2022-08-05,VUS,2022-08-05,VUS
1401493,2022-02-01,VUS,2022-07-19,VUS
1401521,2021-09-19,VUS,2021-09-19,VUS
1401553,2021-10-18,VUS,2021-10-18,VUS
1401594,2021-06-18,VUS,2021-06-18,VUS
1401620,2022-05-25,VUS,2024-06-10,VUS
1401950,2020-12-21,P,2020-12-21,P
1401980,2022-08-16,VUS,2022-08-16,VUS
1402007,2022-08-31,P,2022-08-31,P
1402008,2020-11-15,VUS,2020-11-15,VUS
1402033,2022-06-20,VUS,2022-06-20,VUS
1402106,2023-11-27,VUS,2025-04-04,VUS
1402107,2021-10-27,VUS,2022-05-11,VUS
1402143,2021-02-17,VUS,2021-02-17,VUS
1402389,2022-02-24,VUS,2022-02-24,VUS
1402395,2023-07-06,VUS,2025-08-28,VUS
1402433,2021-09-10,VUS,2021-09-10,VUS
1402516,2021-09-01,VUS,2021-09-01,VUS
1402566,2022-08-23,VUS,2025-12-09,VUS
1402614,2021-09-02,VUS,2021-09-02,VUS
1402662,2022-06-29,VUS,2024-08-27,VUS
1402668,2021-09-17,VUS,2024-06-19,VUS
1402781,2021-06-24,VUS,2021-06-24,VUS
1402831,2025-11-12,LB,2025-11-12,LB
1402840,2025-05-22,LB,2025-05-22,LB
1403130,2021-09-09,P,2021-09-09,P
1403148,2022-05-16,VUS,2022-07-18,VUS
1403347,2022-02-10,VUS,2022-02-10,VUS
1403517,2025-08-21,VUS,2025-08-21,VUS
1403538,2022-09-27,VUS,2024-05-20,VUS
1403644,2021-11-02,VUS,2025-09-10,VUS
1403726,2022-02-01,VUS,2023-12-22,VUS
1403792,2021-03-31,VUS,2021-03-31,VUS
1403803,2021-12-21,VUS,2022-03-09,VUS
1403988,2021-09-02,VUS,2024-04-24,VUS
1404007,2022-03-17,VUS,2022-03-17,VUS
1404085,2022-04-30,VUS,2025-09-22,VUS
1404179,2022-08-16,VUS,2024-06-07,VUS
1404587,2023-05-15,VUS,2023-05-15,VUS
1404589,2022-06-13,VUS,2022-06-13,VUS
1404645,2021-07-17,P,2021-07-17,P
1404653,2024-07-19,VUS,2024-07-19,VUS
1404778,2022-01-07,VUS,2024-04-29,VUS
1404942,2024-12-02,LB,2024-12-02,LB
1404952,2025-11-04,VUS,2025-11-04,VUS
1404988,2021-11-15,VUS,2023-08-04,VUS
1405049,2022-02-24,VUS,2024-10-23,VUS
1405135,2025-12-18,VUS,2025-12-18,VUS
1405144,2022-04-29,VUS,2025-04-28,VUS
1405232,2022-01-25,VUS,2022-01-25,VUS
1405239,2022-07-11,VUS,2022-07-11,VUS
1405315,2022-09-13,VUS,2024-07-16,VUS
1405351,2021-08-30,VUS,2025-09-01,VUS
1405416,2021-12-06,VUS,2021-12-06,VUS
1405473,2022-07-12,VUS,2025-06-11,VUS
1405495,2022-10-24,VUS,2024-03-11,VUS
1405574,2022-07-19,VUS,2024-09-27,VUS
1405660,2022-09-26,VUS,2022-09-26,VUS
1405731,2022-08-16,VUS,2022-08-16,VUS
1406192,2021-11-14,VUS,2021-11-14,VUS
1406469,2025-07-23,LB,2025-07-23,LB
1406514,2022-08-16,VUS,2022-08-16,VUS
1406519,2025-06-12,VUS,2025-06-12,VUS
1406656,2021-07-28,VUS,2021-07-28,VUS
1406895,2022-02-10,VUS,2022-02-10,VUS
1407135,2022-03-08,VUS,2025-05-14,VUS
1407180,2021-02-05,VUS,2023-05-09,VUS
1407182,2022-02-02,VUS,2022-02-02,VUS
1407186,2021-03-25,VUS,2021-03-25,VUS
1407384,2024-01-21,VUS,2025-10-02,VUS
1407434,2024-12-16,VUS,2024-12-16,VUS
1407508,2021-03-08,VUS,2021-03-08,VUS
1407575,2021-07-26,VUS,2021-07-26,VUS
1407587,2022-09-27,VUS,2024-03-09,VUS
1407619,2025-04-17,VUS,2025-04-17,VUS
1407629,2021-08-26,P,2021-08-26,P
1407713,2022-01-11,VUS,2023-01-01,VUS
1407740,2025-08-15,LB,2025-08-15,LB
1407844,2022-07-26,VUS,2022-07-26,VUS
1407852,2022-05-13,VUS,2023-10-13,VUS
1408000,2022-06-04,VUS,2024-02-05,VUS
1408004,2023-10-07,VUS,2023-10-07,VUS
1408014,2022-03-17,VUS,2024-06-10,VUS
1408202,2022-09-27,VUS,2022-09-27,VUS
1408235,2022-09-07,VUS,2022-09-07,VUS
1408270,2022-01-21,VUS,2022-01-21,VUS
1408463,2022-05-16,VUS,2023-02-07,VUS
1408510,2022-06-27,VUS,2022-06-27,VUS
1408555,2021-11-16,VUS,2022-03-23,VUS
1408603,2023-11-24,VUS,2023-11-24,VUS
1408645,2022-07-05,VUS,2024-04-30,VUS
1408673,2024-01-19,VUS,2024-01-19,VUS
1408836,2021-12-09,VUS,2022-03-29,VUS
1408976,2022-10-04,VUS,2022-10-04,VUS
1409080,2022-07-12,VUS,2022-07-12,VUS
1409131,2021-03-29,VUS,2021-03-29,VUS
1409153,2024-11-11,VUS,2024-11-11,VUS
1409160,2021-04-10,VUS,2021-04-10,VUS
1409339,2022-08-17,VUS,2024-08-09,VUS
1409414,2022-10-07,VUS,2024-05-13,VUS
1409419,2024-04-01,VUS,2025-07-27,VUS
1409480,2022-03-10,VUS,2022-03-10,VUS
1409601,2024-04-19,VUS,2025-02-10,VUS
1409693,2022-02-16,VUS,2022-04-16,VUS
1409754,2022-01-01,VUS,2023-12-19,VUS
1410054,2024-08-12,VUS,2024-08-12,VUS
1410294,2022-10-17,VUS,2022-10-17,VUS
1410299,2021-10-20,VUS,2021-10-20,VUS
1410311,2021-11-19,VUS,2021-11-19,VUS
1410318,2021-04-02,P,2021-04-02,P
1410350,2021-09-24,VUS,2022-04-06,VUS
1410389,2025-07-07,VUS,2025-07-07,VUS
1410542,2023-11-27,VUS,2023-12-11,VUS
1410558,2024-12-16,VUS,2024-12-16,VUS
1410698,2025-03-12,VUS,2025-03-12,VUS
1410825,2022-08-16,VUS,2022-08-16,VUS
1410830,2021-06-16,VUS,2021-06-16,VUS
1410867,2021-08-12,VUS,2021-08-12,VUS
1410938,2020-12-26,VUS,2020-12-26,VUS
1411128,2022-10-03,VUS,2022-10-03,VUS
1411380,2024-03-07,VUS,2024-10-16,VUS
1411457,2023-02-23,P,2024-06-20,P
1411561,2022-09-13,VUS,2022-09-13,VUS
1411597,2021-09-21,VUS,2023-10-18,VUS
1411648,2021-08-31,P,2021-08-31,P
1411699,2023-11-13,VUS,2023-11-13,VUS
1411881,2022-04-07,VUS,2022-10-29,VUS
1411902,2024-02-24,LB,2024-02-24,LB
1412030,2022-09-07,VUS,2025-08-14,VUS
1412134,2024-10-16,VUS,2024-10-16,VUS
1412164,2023-07-14,VUS,2023-07-14,VUS
1412209,2024-04-15,VUS,2024-11-11,VUS
1412245,2021-08-13,VUS,2021-08-13,VUS
1412657,2022-07-31,VUS,2025-04-24,VUS
1412801,2024-04-02,P,2024-04-02,P
1412839,2021-02-11,VUS,2021-02-11,VUS
1412909,2021-10-05,VUS,2022-02-09,VUS
1412917,2025-08-15,VUS,2025-08-15,VUS
1412958,2023-11-27,VUS,2024-02-05,VUS
1413033,2022-11-15,VUS,2022-11-15,VUS
1413102,2022-01-11,VUS,2022-01-11,VUS
1413304,2021-08-26,VUS,2021-08-26,VUS
1413416,2022-08-10,P,2022-08-10,P
1413456,2025-09-02,VUS,2025-09-02,VUS
1413542,2021-08-24,VUS,2021-08-24,VUS
1413904,2020-11-02,P,2020-11-02,P
1413938,2022-03-15,VUS,2024-12-05,VUS
1414048,2021-10-20,VUS,2021-10-20,VUS
1414203,2021-11-24,VUS,2021-11-24,VUS
1414220,2020-11-25,VUS,2020-11-25,VUS
1414416,2021-03-29,VUS,2021-03-29,VUS
1414670,2021-02-24,VUS,2021-02-24,VUS
1414769,2024-10-08,VUS,2024-10-08,VUS
1414903,2021-11-12,VUS,2021-11-12,VUS
1414961,2025-09-02,VUS,2025-09-02,VUS
1415014,2022-09-12,VUS,2022-09-12,VUS
1415071,2022-05-13,VUS,2025-06-12,VUS
1415124,2021-02-26,P,2021-02-26,P
1415134,2021-09-02,P,2021-09-02,P
1415143,2024-01-02,VUS,2024-01-02,VUS
1415176,2021-03-24,VUS,2021-10-15,VUS
1415250,2022-02-24,LB,2022-02-24,LB
1415334,2022-02-11,VUS,2022-08-10,VUS
1415418,2025-01-08,VUS,2025-01-08,VUS
1415469,2021-12-19,VUS,2024-03-29,VUS
1415588,2021-06-28,VUS,2021-06-28,VUS
1415602,2021-02-21,P,2021-02-21,P
1415614,2022-08-21,VUS,2025-10-15,VUS
1415878,2022-08-23,VUS,2023-12-22,VUS
1415890,2022-06-08,VUS,2022-06-08,VUS
1416008,2021-09-15,VUS,2021-12-15,VUS
1416073,2022-03-01,VUS,2024-09-23,VUS
1416179,2022-08-23,VUS,2024-03-18,VUS
1416234,2023-09-30,VUS,2023-09-30,VUS
1416266,2024-10-29,LB,2024-10-29,LB
1416514,2024-10-08,VUS,2024-10-08,VUS
1416569,2022-07-09,VUS,2025-06-22,VUS
1416578,2022-07-06,VUS,2022-07-06,VUS
1416635,2022-05-26,VUS,2024-05-20,VUS
1416646,2022-10-17,VUS,2022-10-17,VUS
1416713,2021-09-01,VUS,2025-11-12,VUS
1416781,2022-06-27,VUS,2025-12-22,VUS
1416966,2023-07-10,VUS,2023-07-10,VUS
1416989,2022-04-14,P,2022-04-14,P
1417065,2021-06-07,VUS,2024-08-27,VUS
1417087,2023-03-25,LP,2025-06-16,LP
1417200,2021-12-29,VUS,2024-04-25,VUS
1417313,2021-10-21,VUS,2021-10-21,VUS
1417366,2022-03-29,VUS,2024-10-16,VUS
1417417,2024-02-23,VUS,2024-02-23,VUS
1417435,2021-09-01,VUS,2021-09-01,VUS
1417499,2021-12-16,VUS,2022-09-07,VUS
1417522,2024-02-19,LB,2026-01-20,LB
1417573,2024-10-07,P,2024-10-07,P
1417654,2021-11-22,VUS,2021-11-22,VUS
1417679,2022-02-04,VUS,2022-02-04,VUS
1417740,2022-01-06,VUS,2025-03-27,VUS
1417853,2021-10-29,VUS,2021-10-29,VUS
1418076,2021-10-02,VUS,2021-10-02,VUS
1418125,2021-08-26,VUS,2021-09-13,VUS
1418164,2021-09-26,VUS,2021-09-26,VUS
1418222,2022-02-19,VUS,2025-03-07,VUS
1418399,2021-11-02,VUS,2021-11-02,VUS
1418408,2022-09-27,VUS,2025-12-15,VUS
1418610,2025-01-13,VUS,2025-01-13,VUS
1418750,2022-04-19,VUS,2023-11-17,VUS
1418849,2021-04-10,VUS,2021-04-10,VUS
1418870,2022-01-10,VUS,2022-06-27,VUS
1419032,2022-08-15,VUS,2022-08-15,VUS
1419053,2022-05-05,VUS,2024-01-24,VUS
1419095,2022-07-19,VUS,2025-04-15,VUS
1419186,2022-05-04,VUS,2022-10-25,VUS
1419210,2021-10-05,VUS,2021-10-05,VUS
1419317,2021-08-31,VUS,2024-09-02,VUS
1419390,2022-06-27,VUS,2022-06-27,VUS
1419558,2022-08-23,VUS,2022-08-23,VUS
1419585,2022-03-25,VUS,2024-09-24,VUS
1419595,2021-10-13,VUS,2024-05-22,VUS
1419832,2021-09-02,VUS,2024-06-07,VUS
1420116,2022-10-13,VUS,2022-10-13,VUS
1420198,2022-03-24,VUS,2023-07-19,VUS
1420360,2021-11-14,P,2021-11-14,P
1420374,2022-09-27,VUS,2022-09-27,VUS
1420510,2022-03-24,VUS,2025-08-05,VUS
1420531,2021-10-12,VUS,2021-10-12,VUS
1420572,2021-08-27,VUS,2022-03-06,VUS
1420708,2022-01-11,VUS,2022-01-11,VUS
1420748,2020-11-04,VUS,2020-11-04,VUS
1420843,2021-02-17,VUS,2021-02-17,VUS
1421176,2022-06-09,VUS,2022-06-09,VUS
1421241,2025-02-03,VUS,2025-02-03,VUS
1421294,2024-03-04,VUS,2024-03-04,VUS
1421324,2021-09-20,VUS,2025-12-11,VUS
1421374,2022-02-04,VUS,2022-07-19,VUS
1421421,2022-02-21,VUS,2024-05-21,VUS
1421425,2022-08-23,VUS,2024-04-03,VUS
1421626,2021-09-27,VUS,2024-01-08,VUS
1421654,2026-01-24,VUS,2026-01-24,VUS
1421657,2022-06-28,P,2022-06-28,P
1421735,2021-05-06,P,2021-05-06,P
1421979,2022-03-02,VUS,2022-03-02,VUS
1421980,2021-11-22,VUS,2023-11-27,VUS
1421999,2022-06-20,VUS,2022-06-20,VUS
1422033,2022-04-11,VUS,2022-10-04,VUS
1422045,2021-05-19,P,2021-05-19,P
1422068,2022-08-16,VUS,2022-08-16,VUS
1422139,2022-03-10,VUS,2024-03-15,VUS
1422163,2022-11-01,VUS,2022-11-01,VUS
1422206,2021-09-18,VUS,2024-08-14,VUS
1422213,2021-10-21,VUS,2021-10-21,VUS
1422337,2024-10-26,VUS,2024-10-26,VUS
1422363,2021-08-28,VUS,2021-08-28,VUS
1422368,2021-03-28,P,2021-03-28,P
1422674,2021-11-26,VUS,2021-11-26,VUS
1422719,2024-10-24,VUS,2025-11-03,VUS
1422799,2024-12-02,VUS,2024-12-02,VUS
1422957,2022-01-14,VUS,2022-11-03,VUS
1423041,2021-09-17,VUS,2021-09-17,VUS
1423092,2022-08-10,VUS,2022-08-10,VUS
1423287,2024-03-01,LB,2024-03-01,LB
1423357,2021-07-20,VUS,2022-02-03,VUS
1423369,2025-06-12,VUS,2025-06-12,VUS
1423427,2025-03-17,VUS,2025-03-17,VUS
1423599,2022-07-18,VUS,2022-07-18,VUS
1423768,2025-04-16,VUS,2025-04-16,VUS
1424077,2021-11-01,VUS,2021-11-01,VUS
1424101,2022-05-13,VUS,2024-12-12,VUS
1424107,2021-09-15,VUS,2024-03-05,VUS
1424221,2021-04-30,P,2021-04-30,P
1424253,2021-10-26,VUS,2024-06-17,VUS
1424345,2022-03-19,P,2022-03-19,P
1424501,2022-01-17,VUS,2024-06-25,VUS
1424614,2022-08-23,VUS,2022-08-23,VUS
1424630,2022-08-09,VUS,2023-08-28,VUS
1424640,2022-08-10,VUS,2022-08-10,VUS
1424659,2021-08-27,VUS,2024-05-18,VUS
1424836,2022-08-06,VUS,2025-12-15,VUS
1424878,2022-08-15,VUS,2022-08-15,VUS
1424879,2025-07-21,LB,2025-07-21,LB
1425146,2022-02-02,VUS,2024-01-16,VUS
1425267,2022-07-06,VUS,2024-05-17,VUS
1425303,2021-06-03,VUS,2022-08-25,VUS
1425374,2021-08-24,VUS,2021-08-24,VUS
1425409,2022-08-24,VUS,2025-08-04,VUS
1425416,2022-08-09,VUS,2022-08-09,VUS
1425453,2024-01-23,VUS,2024-10-15,VUS
1425688,2023-08-14,VUS,2023-08-14,VUS
1425701,2021-09-09,VUS,2021-09-09,VUS
1425743,2025-09-02,VUS,2025-09-02,VUS
1425755,2023-10-03,VUS,2023-10-03,VUS
1425801,2021-09-02,VUS,2021-09-02,VUS
1425867,2025-03-17,VUS,2025-03-17,VUS
1425961,2021-10-26,VUS,2024-04-09,VUS
1426048,2021-09-06,VUS,2021-09-06,VUS
1426094,2020-11-26,VUS,2020-11-26,VUS
1426313,2025-06-15,P,2025-06-15,P
1426365,2022-01-20,VUS,2024-03-18,VUS
1426418,2021-07-08,VUS,2021-07-08,VUS
1426423,2022-08-15,VUS,2022-08-15,VUS
1426451,2021-10-27,P,2021-10-27,P
1426473,2021-04-02,VUS,2021-04-02,VUS
1426478,2021-10-05,VUS,2024-04-09,VUS
1426781,2021-11-30,VUS,2023-06-21,VUS
1426785,2022-08-02,VUS,2022-08-02,VUS
1426892,2021-08-28,VUS,2024-04-20,VUS
1427014,2022-02-09,VUS,2022-02-09,VUS
1427026,2023-11-13,VUS,2023-11-13,VUS
1427192,2022-07-30,VUS,2024-04-10,VUS
1427242,2022-05-16,VUS,2022-05-16,VUS
1427369,2022-08-16,VUS,2022-08-16,VUS
1427421,2020-07-24,VUS,2024-08-05,VUS
1427514,2024-01-11,LB,2024-01-11,LB
1427590,2022-08-02,VUS,2025-03-17,VUS
1427614,2020-12-04,VUS,2020-12-04,VUS
1427636,2022-07-06,P,2022-07-06,P
1427650,2022-07-05,VUS,2022-07-05,VUS
1427651,2026-01-05,VUS,2026-01-05,VUS
1427659,2021-08-25,VUS,2021-08-25,VUS
1427744,2022-01-07,VUS,2024-11-05,VUS
1428039,2022-06-29,VUS,2024-01-05,VUS
1428057,2024-02-24,VUS,2024-02-24,VUS
1428063,2023-08-24,VUS,2024-01-18,VUS
1428248,2024-11-05,VUS,2025-08-30,VUS
1428312,2021-08-18,VUS,2023-07-27,VUS
1428336,2022-08-09,VUS,2022-08-09,VUS
1428355,2021-11-12,VUS,2025-08-10,VUS
1428446,2025-04-07,VUS,2026-01-05,VUS
1428451,2021-09-27,VUS,2025-11-01,VUS
1428621,2021-07-18,VUS,2021-07-18,VUS
1428654,2023-11-27,LB,2023-11-27,LB
1428871,2021-10-08,P,2021-10-08,P
1428900,2020-12-17,VUS,2022-03-02,VUS
1428905,2021-03-26,VUS,2021-03-26,VUS
1428922,2022-06-15,VUS,2023-08-21,VUS
1428937,2022-03-21,VUS,2022-03-21,VUS
1429054,2021-06-06,VUS,2025-08-26,VUS
1429066,2022-10-04,VUS,2022-10-04,VUS
1429151,2022-10-05,VUS,2024-03-17,VUS
1429265,2021-10-15,VUS,2025-01-07,VUS
1429367,2024-02-24,LB,2024-02-24,LB
1429502,2025-08-21,VUS,2025-08-21,VUS
1429708,2022-08-16,VUS,2024-01-30,VUS
1430201,2021-08-27,VUS,2025-06-16,VUS
1430273,2025-03-24,VUS,2025-05-30,VUS
1430476,2020-10-02,VUS,2024-12-12,VUS
1430502,2021-08-30,VUS,2021-08-30,VUS
1430673,2024-12-02,VUS,2024-12-02,VUS
1430806,2022-10-17,P,2022-10-17,P
1430984,2021-03-09,VUS,2024-04-01,VUS
1431231,2022-06-29,VUS,2022-06-29,VUS
1431411,2021-12-13,P,2021-12-13,P
1431545,2016-11-11,P,2025-03-17,P
1431598,2022-02-08,VUS,2023-01-01,VUS
1431844,2022-08-31,VUS,2022-08-31,VUS
1431873,2021-04-15,VUS,2021-04-15,VUS
1431884,2022-03-25,VUS,2022-07-12,VUS
1431959,2024-10-16,VUS,2024-10-16,VUS
1431966,2021-12-02,VUS,2021-12-02,VUS
1432009,2022-06-08,VUS,2025-01-22,VUS
1432095,2023-10-09,VUS,2023-10-09,VUS
1432214,2022-10-04,VUS,2022-10-04,VUS
1432337,2021-08-24,VUS,2021-08-24,VUS
1432347,2025-07-22,P,2025-07-22,P
1432355,2022-02-17,VUS,2022-02-17,VUS
1432365,2019-08-26,LB,2026-01-27,LB
1432443,2024-03-04,VUS,2024-09-16,VUS
1432476,2023-08-09,VUS,2026-02-24,VUS
1432580,2022-02-18,P,2022-02-18,P
1432968,2022-09-27,VUS,2024-01-13,VUS
1433009,2024-02-05,VUS,2024-02-05,VUS
1433109,2023-07-15,P,2024-06-14,P
1433324,2022-02-18,VUS,2022-02-18,VUS
1433327,2022-07-01,VUS,2022-07-01,VUS
1433358,2022-08-09,VUS,2022-08-09,VUS
1433394,2021-02-23,VUS,2025-04-20,VUS
1433508,2021-01-08,P,2021-01-08,P
1433510,2022-07-19,VUS,2022-07-19,VUS
1433696,2022-07-19,VUS,2025-12-09,VUS
1433758,2024-07-22,VUS,2024-07-22,VUS
1433796,2024-02-20,LB,2024-02-20,LB
1434005,2021-08-19,VUS,2021-08-19,VUS
1434007,2024-10-23,VUS,2024-10-23,VUS
1434147,2021-04-13,VUS,2025-08-23,VUS
1434234,2022-04-09,VUS,2024-10-16,VUS
1434245,2022-07-19,VUS,2022-07-19,VUS
1434277,2022-07-26,VUS,2023-10-05,VUS
1434541,2023-12-11,VUS,2025-06-10,VUS
1434555,2022-11-01,VUS,2022-11-01,VUS
1434600,2021-02-11,VUS,2021-02-11,VUS
1434617,2023-12-18,VUS,2024-04-13,VUS
1434635,2022-05-17,VUS,2025-03-31,VUS
1434722,2024-11-05,P,2024-11-05,P
1434902,2021-09-15,VUS,2021-09-15,VUS
1434931,2022-07-05,VUS,2024-05-14,VUS
1434961,2021-07-16,VUS,2024-11-11,VUS
1435039,2025-03-22,VUS,2025-03-22,VUS
1435098,2022-08-21,VUS,2022-08-21,VUS
1435213,2022-10-17,VUS,2022-10-17,VUS
1435225,2022-03-04,VUS,2022-09-06,VUS
1435244,2022-09-06,VUS,2022-09-06,VUS
1435262,2021-11-03,VUS,2021-11-03,VUS
1435303,2021-11-28,VUS,2021-11-28,VUS
1435322,2022-10-25,VUS,2022-10-25,VUS
1435399,2021-10-14,VUS,2025-08-01,VUS
1435481,2022-07-19,VUS,2022-07-19,VUS
1435986,2021-09-24,VUS,2021-09-24,VUS
1436109,2022-02-18,VUS,2022-10-17,VUS
1436186,2022-10-05,VUS,2023-11-27,VUS
1436198,2021-08-27,P,2025-04-21,P
1436512,2022-08-05,VUS,2025-05-07,VUS
1436544,2024-12-02,VUS,2024-12-02,VUS
1436584,2022-10-13,VUS,2022-10-13,VUS
1436592,2021-08-27,VUS,2025-04-12,VUS
1436713,2023-08-04,P,2023-08-04,P
1436724,2021-08-23,VUS,2025-05-04,VUS
1436786,2025-03-17,VUS,2025-04-01,VUS
1436801,2024-12-06,P,2024-12-06,P
1436831,2022-02-24,VUS,2024-08-21,VUS
1436843,2022-02-01,VUS,2022-08-31,VUS
1436862,2024-10-16,VUS,2024-10-16,VUS
1436871,2022-09-01,VUS,2022-09-01,VUS
1436944,2021-10-22,VUS,2022-05-24,VUS
1437041,2023-12-28,VUS,2025-03-26,VUS
1437256,2024-02-24,VUS,2024-02-24,VUS
1437469,2022-05-16,VUS,2024-07-29,VUS
1437599,2021-10-19,VUS,2021-10-19,VUS
1437615,2021-11-01,P,2021-11-01,P
1437891,2024-12-09,VUS,2024-12-09,VUS
1437934,2022-08-16,VUS,2022-08-16,VUS
1437948,2023-02-17,VUS,2023-02-17,VUS
1438057,2021-10-12,VUS,2021-10-12,VUS
1438089,2021-08-05,VUS,2024-11-19,VUS
1438296,2022-09-27,VUS,2022-09-27,VUS
1438343,2022-05-12,VUS,2022-05-12,VUS
1438372,2021-08-27,VUS,2024-01-24,VUS
1438450,2023-03-10,VUS,2023-03-10,VUS
1438573,2022-06-13,VUS,2022-06-13,VUS
1438658,2022-07-03,VUS,2022-07-03,VUS
1438667,2025-12-01,P,2025-12-01,P
1438685,2021-06-22,VUS,2021-06-22,VUS
1438761,2022-01-18,VUS,2025-08-21,VUS
1438799,2021-10-14,VUS,2025-08-29,VUS
1439018,2024-02-24,VUS,2024-02-24,VUS
1439090,2022-03-29,VUS,2024-02-23,VUS
1439430,2020-12-05,VUS,2020-12-05,VUS
1439545,2021-07-02,VUS,2021-12-22,VUS
1439552,2022-10-13,VUS,2025-06-06,VUS
1439588,2021-03-20,LB,2021-03-20,LB
1439621,2025-06-16,VUS,2025-06-16,VUS
1439647,2022-06-20,VUS,2022-06-20,VUS
1439652,2022-03-26,VUS,2025-03-28,VUS
1439766,2021-08-16,VUS,2024-04-21,VUS
1439833,2023-08-17,LB,2023-08-17,LB
1440172,2022-06-27,VUS,2024-01-22,VUS
1440280,2022-08-15,VUS,2022-08-15,VUS
1440395,2021-12-03,VUS,2021-12-03,VUS
1440419,2021-11-10,VUS,2025-08-07,VUS
1440421,2021-08-20,VUS,2021-08-20,VUS
1440430,2025-08-03,VUS,2025-08-03,VUS
1440468,2021-12-22,VUS,2021-12-22,VUS
1440546,2022-02-10,VUS,2022-08-23,VUS
1440628,2022-06-13,VUS,2022-06-13,VUS
1440807,2023-08-17,VUS,2023-08-17,VUS
1440887,2022-06-13,VUS,2022-06-13,VUS
1440898,2025-01-06,VUS,2025-01-06,VUS
1441010,2021-09-01,VUS,2021-09-01,VUS
1441024,2024-02-02,LB,2026-01-19,LB
1441032,2021-09-29,VUS,2021-09-29,VUS
1441144,2021-09-10,VUS,2021-09-10,VUS
1441184,2022-06-13,VUS,2022-06-13,VUS
1441451,2022-02-02,VUS,2022-02-02,VUS
1441516,2023-12-19,VUS,2024-05-15,VUS
1441605,2022-07-18,VUS,2022-07-18,VUS
1441797,2022-07-05,VUS,2024-03-19,VUS
1442003,2024-04-10,VUS,2025-07-28,VUS
1442108,2022-07-17,VUS,2022-07-17,VUS
1442111,2022-11-27,LB,2022-11-27,LB
1442224,2021-11-26,VUS,2021-11-26,VUS
1442346,2022-10-07,P,2022-10-07,P
1442385,2021-09-08,VUS,2021-09-08,VUS
1442423,2022-10-04,VUS,2022-10-04,VUS
1442488,2021-07-31,VUS,2021-07-31,VUS
1442588,2022-06-05,VUS,2022-06-05,VUS
1442608,2020-12-26,VUS,2020-12-26,VUS
1442660,2022-07-19,VUS,2023-03-10,VUS
1442676,2021-08-31,VUS,2023-10-10,VUS
1442768,2023-12-18,VUS,2023-12-18,VUS
1442883,2021-01-08,VUS,2024-03-01,VUS
1442950,2024-11-11,VUS,2024-11-11,VUS
1442970,2022-08-09,VUS,2022-08-09,VUS
1443016,2022-02-03,VUS,2024-05-13,VUS
1443025,2022-08-05,VUS,2022-08-05,VUS
1443058,2021-11-16,VUS,2021-11-16,VUS
1443186,2024-02-08,VUS,2024-02-08,VUS
1443307,2025-08-15,VUS,2025-08-15,VUS
1443321,2021-07-18,VUS,2021-09-23,VUS
1443490,2023-05-25,VUS,2023-05-25,VUS
1443615,2022-08-10,VUS,2024-12-02,VUS
1443636,2021-09-18,VUS,2022-12-15,VUS
1443768,2022-10-04,VUS,2022-10-04,VUS
1444198,2022-05-25,VUS,2025-11-18,VUS
1444216,2017-05-01,VUS,2022-07-19,VUS
1444388,2022-10-17,VUS,2022-10-17,VUS
1444427,2021-12-03,VUS,2025-10-07,VUS
1444575,2021-12-08,VUS,2021-12-08,VUS
1444578,2021-12-28,VUS,2024-06-18,VUS
1444639,2021-08-23,VUS,2022-10-06,VUS
1444725,2023-11-29,P,2025-08-26,P
1444878,2022-10-17,VUS,2022-10-17,VUS
1444996,2021-10-27,VUS,2021-10-27,VUS
1445005,2021-08-14,VUS,2021-08-14,VUS
1445060,2022-10-04,VUS,2022-10-04,VUS
1445350,2024-03-02,VUS,2025-08-11,VUS
1445390,2021-09-01,VUS,2021-09-01,VUS
1445459,2024-10-29,VUS,2025-09-15,VUS
1445582,2021-11-18,VUS,2021-11-18,VUS
1445750,2021-08-07,VUS,2021-08-07,VUS
1446071,2022-06-27,VUS,2024-06-11,VUS
1446453,2021-11-19,VUS,2021-11-19,VUS
1446459,2022-03-18,VUS,2022-03-18,VUS
1446527,2022-02-09,VUS,2022-02-09,VUS
1446640,2024-06-10,VUS,2025-12-15,VUS
1446760,2021-04-27,P,2021-04-27,P
1446874,2021-12-08,VUS,2021-12-08,VUS
1446924,2022-03-10,VUS,2024-02-06,VUS
1446973,2021-08-30,VUS,2021-08-30,VUS
1446974,2023-11-13,VUS,2023-11-13,VUS
1447007,2022-06-13,VUS,2024-04-02,VUS
1447039,2023-11-27,VUS,2023-11-27,VUS
1447129,2024-11-04,VUS,2024-11-04,VUS
1447144,2021-03-21,VUS,2021-03-21,VUS
1447330,2021-08-14,VUS,2021-08-14,VUS
1447398,2022-03-09,VUS,2024-04-23,VUS
1447495,2022-10-13,VUS,2024-08-19,VUS
1447605,2022-03-09,VUS,2025-09-25,VUS
1447700,2022-03-17,VUS,2022-03-17,VUS
1447704,2021-10-28,VUS,2021-10-28,VUS
1447720,2022-08-22,VUS,2022-08-22,VUS
1447832,2022-08-15,VUS,2022-08-15,VUS
1447884,2019-05-21,LB,2025-01-23,LB
1447892,2022-09-13,VUS,2024-08-05,VUS
1448005,2022-07-05,VUS,2022-07-05,VUS
1448030,2022-08-22,VUS,2024-04-04,VUS
1448167,2022-02-16,VUS,2024-02-28,VUS
1448194,2024-05-23,VUS,2025-04-21,VUS
1448204,2021-08-31,VUS,2021-08-31,VUS
1448228,2024-10-29,VUS,2024-10-29,VUS
1448229,2021-08-19,VUS,2021-12-08,VUS
1448303,2022-06-04,VUS,2022-06-04,VUS
1448383,2025-10-26,LB,2025-10-26,LB
1448718,2024-05-15,VUS,2024-05-15,VUS
1448737,2024-06-03,VUS,2025-01-15,VUS
1448741,2021-02-22,VUS,2021-02-22,VUS
1448798,2021-08-26,VUS,2021-08-26,VUS
1448841,2022-07-13,VUS,2025-10-21,VUS
1448868,2021-09-23,VUS,2023-01-01,VUS
1448937,2021-04-12,VUS,2021-04-12,VUS
1448988,2021-10-21,P,2021-10-21,P
1449035,2021-07-03,P,2021-07-03,P
1449119,2021-10-08,VUS,2022-03-19,VUS
1449222,2021-05-26,VUS,2024-04-26,VUS
1449253,2021-06-22,VUS,2021-07-22,VUS
1449496,2021-02-14,P,2021-02-14,P
1449591,2021-12-29,VUS,2021-12-29,VUS
1449645,2022-10-25,VUS,2024-01-09,VUS
1449650,2022-07-05,VUS,2022-07-05,VUS
1449660,2022-04-29,VUS,2022-04-29,VUS
1449848,2023-05-26,P,2024-09-03,P
1450105,2021-08-15,VUS,2021-08-15,VUS
1450107,2023-08-21,LB,2023-08-21,LB
1450214,2022-06-27,VUS,2024-09-25,VUS
1450327,2021-07-28,VUS,2021-07-28,VUS
1450503,2022-07-18,VUS,2022-07-18,VUS
1450556,2024-10-16,VUS,2024-10-16,VUS
1450563,2023-07-10,VUS,2023-07-10,VUS
1450578,2021-06-19,VUS,2021-06-19,VUS
1450786,2021-11-05,VUS,2021-11-05,VUS
1450965,2024-12-15,LB,2024-12-15,LB
1451110,2025-03-17,VUS,2025-03-17,VUS
1451241,2024-01-04,P,2024-01-04,P
1451250,2021-03-21,P,2021-03-21,P
1451321,2020-12-17,P,2020-12-17,P
1451354,2021-09-09,P,2021-09-09,P
1451747,2023-09-08,P,2023-09-08,P
1451840,2022-09-01,P,2022-09-01,P
1451916,2022-04-28,P,2022-04-28,P
1451938,2022-10-30,P,2022-10-30,P
1452099,2020-12-05,P,2020-12-05,P
1452169,2024-11-18,LB,2024-11-18,LB
1452271,2022-07-19,P,2022-07-19,P
1452385,2022-02-05,P,2022-02-05,P
1452529,2021-07-26,P,2021-07-26,P
1452602,2021-08-13,P,2021-08-13,P
1452622,2024-02-24,P,2024-02-24,P
1452823,2021-11-03,P,2021-11-03,P
1452910,2024-03-21,LB,2024-03-21,LB
1452975,2023-09-20,P,2023-09-20,P
1453206,2021-01-28,P,2021-01-28,P
1453250,2021-06-03,P,2021-06-03,P
1453266,2021-03-16,P,2021-03-16,P
1453353,2021-12-02,LP,2024-08-12,LP
1453385,2020-12-12,P,2020-12-12,P
1453393,2023-12-01,P,2025-03-17,P
1453700,2023-11-29,P,2023-11-29,P
1453772,2020-12-16,P,2020-12-16,P
1453820,2022-07-25,P,2022-07-25,P
1453877,2021-08-25,P,2021-08-25,P
1453970,2021-03-15,LB,2026-01-30,LB
1453996,2024-12-18,P,2024-12-20,P
1454018,2021-02-11,P,2021-02-11,P
1454049,2021-12-13,P,2021-12-13,P
1454151,2021-11-03,P,2021-11-03,P
1454299,2022-01-01,P,2024-02-28,P
1454327,2022-05-22,P,2022-05-22,P
1454330,2021-09-14,P,2021-09-14,P
1454479,2024-11-05,P,2024-11-05,P
1454645,2024-10-23,P,2024-10-23,P
1454724,2022-11-30,P,2022-11-30,P
1454745,2021-10-10,P,2021-10-10,P
1454798,2023-08-04,P,2023-08-04,P
1454912,2021-12-09,P,2021-12-09,P
1455063,2023-07-24,P,2023-07-24,P
1455076,2021-10-13,P,2021-10-13,P
1455250,2023-08-08,P,2023-08-08,P
1455372,2021-03-29,P,2021-03-29,P
1455374,2023-10-13,P,2023-10-13,P
1455423,2025-07-01,LB,2025-07-01,LB
1455632,2024-02-23,P,2024-02-23,P
1455660,2024-10-24,P,2024-10-24,P
1455793,2021-02-16,P,2021-02-16,P
1456189,2021-07-08,P,2023-07-26,P
1456204,2021-08-15,P,2021-08-15,P
1456221,2021-03-25,P,2021-03-25,P
1456259,2023-05-12,P,2023-05-12,P
1456271,2021-06-12,P,2021-06-12,P
1456333,2021-10-23,P,2021-10-23,P
1456398,2023-08-04,LB,2023-11-30,LB
1456410,2021-02-10,P,2021-02-10,P
1456482,2022-10-01,LB,2022-10-01,LB
1456488,2020-11-13,P,2020-11-13,P
1456490,2022-07-17,P,2022-07-17,P
1456585,2025-03-03,P,2025-03-03,P
1456671,2021-10-25,P,2021-10-25,P
1456839,2021-11-02,P,2021-11-02,P
1456842,2024-01-08,P,2024-01-08,P
1456887,2022-09-15,LB,2022-09-15,LB
1457307,2023-05-24,P,2023-05-24,P
1457474,2022-03-02,P,2022-03-02,P
1457648,2024-01-05,P,2024-01-05,P
1457671,2022-06-20,P,2022-06-20,P
1457703,2022-01-05,P,2025-03-04,P
1457867,2021-06-26,P,2021-06-26,P
1458006,2021-02-19,LB,2021-02-19,LB
1458054,2022-01-19,P,2022-01-19,P
1458351,2025-05-05,LB,2025-05-05,LB
1458520,2025-02-11,LB,2025-02-11,LB
1458640,2022-10-25,P,2022-10-25,P
1458659,2023-07-07,P,2024-10-01,P
1458764,2022-07-19,P,2022-07-19,P
1458833,2023-07-14,P,2023-07-14,P
1458848,2021-11-15,P,2021-11-15,P
1458877,2022-07-19,P,2022-07-19,P
1458935,2022-06-27,P,2022-06-27,P
1459016,2021-02-05,P,2021-02-05,P
1459019,2023-06-09,P,2024-09-22,P
1459116,2023-12-13,P,2025-06-12,P
1459193,2020-12-04,P,2020-12-04,P
1459321,2021-06-30,P,2021-06-30,P
1459405,2021-10-06,P,2021-10-06,P
1459489,2022-02-07,LP,2024-06-11,LP
1459503,2021-10-09,P,2021-10-09,P
1459626,2023-06-13,P,2023-06-13,P
1459792,2021-08-19,P,2021-08-19,P
1459869,2023-05-15,P,2023-05-15,P
1459915,2023-08-24,P,2023-08-24,P
1459927,2021-01-21,P,2021-01-21,P
1459958,2023-12-25,P,2023-12-25,P
1460019,2024-01-30,LB,2024-01-30,LB
1460277,2023-08-04,P,2023-08-04,P
1460343,2023-10-10,LB,2023-10-10,LB
1460374,2022-10-07,P,2022-10-07,P
1460439,2022-10-17,P,2022-10-17,P
1460603,2022-07-26,VUS,2022-07-26,VUS
1460780,2022-07-25,VUS,2025-02-21,VUS
1460846,2022-08-22,VUS,2024-02-14,VUS
1460915,2022-08-23,LB,2022-08-23,LB
1461042,2022-08-16,VUS,2024-12-06,VUS
1461058,2022-07-19,VUS,2022-07-19,VUS
1461225,2022-10-13,VUS,2024-08-06,VUS
1461255,2022-03-09,VUS,2022-03-09,VUS
1461332,2020-12-03,VUS,2022-07-27,VUS
1461492,2024-10-03,LB,2024-10-03,LB
1461691,2021-09-18,VUS,2021-09-18,VUS
1461742,2022-10-13,VUS,2022-10-13,VUS
1462000,2021-11-12,VUS,2024-05-28,VUS
1462060,2022-05-28,VUS,2025-05-05,VUS
1462126,2022-02-02,VUS,2022-02-02,VUS
1462148,2022-07-12,VUS,2025-11-26,VUS
1462157,2024-12-13,LB,2024-12-13,LB
1462220,2022-08-17,VUS,2023-12-24,VUS
1462258,2021-08-01,VUS,2021-08-01,VUS
1462694,2024-08-19,LB,2024-08-19,LB
1462714,2025-12-17,LB,2025-12-17,LB
1462793,2021-01-30,VUS,2021-01-30,VUS
1462960,2025-07-09,LB,2025-07-09,LB
1463015,2023-08-30,VUS,2023-08-30,VUS
1463068,2024-12-26,VUS,2024-12-26,VUS
1463214,2021-03-21,VUS,2021-03-21,VUS
1463490,2021-11-17,LB,2021-11-17,LB
1463609,2022-03-09,VUS,2022-03-09,VUS
1464042,2021-12-29,LB,2024-07-30,LB
1464174,2022-07-27,VUS,2022-07-27,VUS
1464382,2022-12-02,LB,2022-12-02,LB
1464478,2022-08-09,VUS,2022-08-09,VUS
1464530,2021-08-14,VUS,2021-08-14,VUS
1464597,2022-01-05,VUS,2022-02-23,VUS
1464617,2022-02-10,VUS,2022-02-10,VUS
1464658,2021-08-27,VUS,2021-08-27,VUS
1464889,2021-08-27,VUS,2021-08-27,VUS
1464946,2024-01-17,VUS,2024-01-17,VUS
1464999,2021-12-03,VUS,2021-12-03,VUS
1465038,2022-01-17,VUS,2024-09-06,VUS
1465059,2020-12-22,VUS,2020-12-22,VUS
1465073,2016-12-12,VUS,2022-04-07,VUS
1465097,2022-07-19,VUS,2022-07-19,VUS
1465115,2021-04-11,VUS,2021-04-11,VUS
1465200,2021-06-11,VUS,2021-06-11,VUS
1465295,2023-10-13,VUS,2023-10-13,VUS
1465366,2022-06-27,VUS,2022-06-27,VUS
1465567,2021-09-01,VUS,2021-09-01,VUS
1465778,2022-02-24,VUS,2022-02-24,VUS
1466034,2022-06-05,VUS,2022-06-05,VUS
1466142,2022-04-30,VUS,2024-05-06,VUS
1466369,2024-03-08,LP,2024-10-23,LP
1466378,2021-12-20,VUS,2022-01-28,VUS
1466454,2021-08-27,VUS,2022-02-24,VUS
1466544,2021-06-05,LP,2021-06-05,LP
1466732,2022-11-30,VUS,2022-11-30,VUS
1466932,2021-05-14,VUS,2021-05-14,VUS
1466992,2022-03-21,VUS,2025-04-17,VUS
1467015,2024-10-21,VUS,2024-10-21,VUS
1467229,2021-09-01,VUS,2022-04-14,VUS
1467250,2021-11-05,VUS,2025-09-28,VUS
1467343,2023-07-10,VUS,2025-04-14,VUS
1467420,2020-10-28,VUS,2020-10-28,VUS
1467475,2023-07-17,VUS,2023-07-17,VUS
1467536,2023-11-03,VUS,2023-11-03,VUS
1467632,2022-04-24,LP,2023-10-04,LP
1467786,2022-08-22,VUS,2022-08-22,VUS
1467820,2021-08-22,VUS,2021-08-22,VUS
1467848,2021-11-12,VUS,2021-11-12,VUS
1468035,2024-02-24,VUS,2024-02-24,VUS
1468102,2020-11-24,VUS,2020-11-24,VUS
1468232,2021-08-05,VUS,2024-01-22,VUS
1468617,2024-02-17,VUS,2024-02-17,VUS
1468747,2021-07-18,VUS,2021-07-18,VUS
1469010,2022-04-04,VUS,2022-04-04,VUS
1469016,2023-08-17,VUS,2023-08-17,VUS
1469222,2023-06-06,VUS,2023-06-06,VUS
1469245,2022-07-19,VUS,2022-07-19,VUS
1469359,2022-11-22,VUS,2022-11-22,VUS
1469450,2023-12-18,VUS,2023-12-18,VUS
1469581,2023-11-13,LB,2023-11-13,LB
1469820,2022-10-13,VUS,2022-10-13,VUS
1470019,2020-12-03,VUS,2020-12-03,VUS
1470074,2021-08-09,VUS,2021-08-09,VUS
1470091,2021-09-20,VUS,2022-10-13,VUS
1470138,2022-06-27,VUS,2022-06-27,VUS
1470483,2023-08-16,LB,2023-08-16,LB
1470499,2022-02-05,VUS,2022-03-07,VUS
1470731,2021-09-09,VUS,2022-06-19,VUS
1470737,2024-05-20,LP,2024-05-20,LP
1470955,2023-10-03,VUS,2023-10-03,VUS
1470968,2021-11-24,LP,2021-11-24,LP
1471104,2021-04-10,VUS,2021-04-10,VUS
1471118,2022-11-08,LP,2022-11-08,LP
1471411,2022-10-13,VUS,2022-10-13,VUS
1471429,2021-12-20,VUS,2021-12-20,VUS
1471468,2021-08-28,VUS,2021-08-28,VUS
1471495,2021-05-18,VUS,2021-05-18,VUS
1471549,2025-12-18,VUS,2025-12-18,VUS
1471641,2021-12-09,VUS,2025-08-21,VUS
1471652,2022-10-25,VUS,2022-10-25,VUS
1471897,2023-06-29,VUS,2024-10-13,VUS
1471937,2020-12-28,VUS,2020-12-28,VUS
1471967,2025-11-17,VUS,2025-11-17,VUS
1472008,2021-12-29,VUS,2023-10-04,VUS
1472020,2021-07-22,VUS,2021-07-22,VUS
1472139,2021-08-31,VUS,2021-08-31,VUS
1472264,2021-10-26,VUS,2025-03-10,VUS
1472292,2024-10-22,VUS,2024-10-22,VUS
1472346,2024-12-16,VUS,2024-12-16,VUS
1472364,2021-11-15,VUS,2021-11-15,VUS
1472484,2022-07-12,VUS,2022-07-12,VUS
1472676,2019-08-07,VUS,2024-04-24,VUS
1472685,2022-02-02,VUS,2025-03-31,VUS
1472709,2023-10-03,VUS,2024-01-22,VUS
1472742,2021-10-11,VUS,2021-10-11,VUS
1472759,2021-06-12,VUS,2021-06-12,VUS
1472882,2023-08-10,VUS,2023-08-10,VUS
1472938,2021-09-02,VUS,2021-09-02,VUS
1473049,2022-07-25,VUS,2022-07-25,VUS
1473072,2021-09-01,VUS,2024-05-06,VUS
1473114,2024-01-12,VUS,2024-02-05,VUS
1473266,2022-07-19,VUS,2022-07-19,VUS
1473334,2022-09-07,VUS,2022-09-07,VUS
1473343,2022-05-21,VUS,2024-04-02,VUS
1473346,2021-09-23,VUS,2021-09-23,VUS
1473392,2021-04-10,VUS,2021-04-10,VUS
1473506,2022-01-13,LP,2025-06-02,LP
1473602,2023-07-24,P,2025-02-17,P
1473740,2024-10-15,LB,2024-10-15,LB
1473911,2022-02-24,VUS,2022-02-24,VUS
1473999,2022-04-13,VUS,2022-04-13,VUS
1474211,2022-07-06,LP,2022-07-06,LP
1474262,2024-08-12,VUS,2024-08-12,VUS
1474426,2022-06-18,VUS,2022-06-18,VUS
1474472,2025-03-17,VUS,2025-03-17,VUS
1474621,2022-07-19,VUS,2022-07-19,VUS
1474827,2024-05-02,LB,2024-05-02,LB
1474982,2022-06-13,VUS,2022-06-13,VUS
1475206,2022-02-08,VUS,2022-02-08,VUS
1475226,2025-09-10,LB,2025-09-10,LB
1475271,2024-04-17,P,2024-04-17,P
1475504,2023-05-23,VUS,2023-05-23,VUS
1475627,2024-02-26,VUS,2024-02-26,VUS
1475851,2021-06-23,VUS,2021-06-23,VUS
1476083,2022-07-26,VUS,2022-07-26,VUS
1476180,2021-12-04,VUS,2021-12-04,VUS
1476214,2023-09-18,VUS,2025-02-09,VUS
1476240,2022-02-25,VUS,2022-02-25,VUS
1476408,2021-04-10,VUS,2021-04-10,VUS
1476481,2024-12-02,VUS,2024-12-02,VUS
1476492,2020-12-21,VUS,2024-04-02,VUS
1476787,2022-07-19,VUS,2022-07-19,VUS
1476802,2021-03-27,VUS,2025-08-01,VUS
1477115,2021-12-04,VUS,2021-12-04,VUS
1477122,2022-07-25,VUS,2022-07-25,VUS
1477126,2021-12-04,VUS,2021-12-04,VUS
1477162,2024-11-05,VUS,2024-11-05,VUS
1477205,2021-09-21,VUS,2021-09-21,VUS
1477271,2021-08-26,VUS,2023-12-01,VUS
1477324,2024-03-14,LP,2024-06-12,LP
1477408,2021-09-25,VUS,2021-09-25,VUS
1477443,2021-12-10,VUS,2024-08-07,VUS
1477800,2022-10-13,VUS,2022-10-13,VUS
1477904,2025-03-03,VUS,2025-10-21,VUS
1478051,2023-03-23,VUS,2024-02-23,VUS
1478061,2021-07-02,VUS,2021-07-02,VUS
1478178,2025-01-06,VUS,2025-01-06,VUS
1478181,2022-07-19,VUS,2022-07-19,VUS
1478356,2021-09-24,VUS,2021-09-24,VUS
1478397,2021-11-03,VUS,2021-11-03,VUS
1478534,2024-02-24,LB,2024-02-24,LB
1478653,2021-08-26,VUS,2021-08-26,VUS
1479003,2020-11-13,VUS,2020-11-13,VUS
1479051,2021-08-24,VUS,2022-02-23,VUS
1479106,2021-06-23,VUS,2021-06-23,VUS
1479119,2021-08-24,VUS,2021-08-24,VUS
1479154,2021-12-21,VUS,2021-12-21,VUS
1479162,2021-11-28,VUS,2021-11-28,VUS
1479373,2022-08-15,VUS,2022-08-15,VUS
1479554,2022-02-06,VUS,2023-03-24,VUS
1479649,2021-05-25,VUS,2021-05-25,VUS
1479949,2024-02-08,VUS,2025-09-24,VUS
1479984,2022-08-22,VUS,2024-01-03,VUS
1479989,2024-05-04,VUS,2025-10-01,VUS
1480122,2022-10-18,VUS,2022-10-18,VUS
1480180,2022-09-16,VUS,2025-07-14,VUS
1480202,2022-03-03,VUS,2024-08-09,VUS
1480257,2023-08-24,VUS,2023-08-24,VUS
1480307,2022-03-18,VUS,2022-03-18,VUS
1480399,2021-08-31,VUS,2021-08-31,VUS
1480422,2021-09-15,VUS,2021-09-15,VUS
1480575,2022-01-13,VUS,2025-12-01,VUS
1480584,2021-09-01,VUS,2021-09-01,VUS
1480649,2022-11-28,VUS,2022-11-28,VUS
1480699,2021-07-17,VUS,2024-04-27,VUS
1480756,2022-08-31,VUS,2022-08-31,VUS
1480758,2021-06-02,VUS,2021-06-02,VUS
1480798,2024-11-11,VUS,2025-10-28,VUS
1480887,2021-04-13,LP,2021-04-13,LP
1480915,2022-07-14,VUS,2022-11-01,VUS
1481000,2022-06-24,VUS,2022-06-24,VUS
1481001,2021-01-30,VUS,2021-01-30,VUS
1481030,2021-09-24,VUS,2024-08-23,VUS
1481086,2022-10-05,VUS,2022-10-05,VUS
1481140,2022-11-01,VUS,2022-11-01,VUS
1481180,2022-05-18,VUS,2024-12-02,VUS
1481214,2022-08-23,LB,2022-08-23,LB
1481215,2021-09-26,VUS,2021-09-26,VUS
1481245,2022-10-13,VUS,2022-10-13,VUS
1481387,2022-03-06,VUS,2025-08-31,VUS
1481419,2022-07-12,VUS,2024-04-20,VUS
1481429,2023-05-02,LP,2024-10-04,LP
1481538,2021-12-09,LP,2021-12-09,LP
1481622,2024-06-03,VUS,2025-06-12,VUS
1481724,2022-05-17,VUS,2022-07-05,VUS
1481858,2020-12-28,VUS,2020-12-28,VUS
1481907,2023-10-22,LP,2025-09-29,LP
1481957,2020-11-02,LP,2020-11-02,LP
1482424,2022-07-05,VUS,2022-07-05,VUS
1482519,2022-08-15,VUS,2022-08-15,VUS
1482757,2022-06-23,VUS,2023-10-01,VUS
1482771,2022-01-05,VUS,2024-10-29,VUS
1482889,2021-06-30,LP,2021-06-30,LP
1482902,2022-02-13,VUS,2022-02-13,VUS
1483040,2020-11-13,VUS,2020-11-13,VUS
1483130,2022-10-05,VUS,2025-12-31,VUS
1483275,2021-09-09,VUS,2021-09-09,VUS
1483399,2023-07-17,VUS,2023-07-17,VUS
1483630,2024-06-01,VUS,2025-08-19,VUS
1483688,2025-09-02,VUS,2025-12-11,VUS
1483690,2021-11-15,VUS,2023-03-23,VUS
1483830,2022-08-10,VUS,2024-01-28,VUS
1484077,2021-09-09,VUS,2021-09-09,VUS
1484173,2021-03-10,VUS,2025-04-21,VUS
1484181,2021-09-01,VUS,2021-09-01,VUS
1484315,2022-01-01,VUS,2024-05-28,VUS
1484385,2022-10-04,VUS,2022-10-04,VUS
1484394,2022-10-25,VUS,2022-10-25,VUS
1484412,2023-05-23,VUS,2025-09-08,VUS
1484439,2022-06-27,VUS,2022-06-27,VUS
1484542,2023-03-22,LP,2025-07-25,LP
1484586,2022-06-04,LP,2022-06-04,LP
1484604,2019-09-19,LB,2025-11-08,LB
1484727,2021-08-23,VUS,2021-08-23,VUS
1484767,2021-10-07,VUS,2023-01-20,VUS
1484794,2022-07-12,VUS,2022-07-12,VUS
1484810,2021-04-19,VUS,2021-04-19,VUS
1484893,2023-10-03,VUS,2023-10-03,VUS
1484904,2021-02-20,VUS,2025-01-03,VUS
1485177,2024-02-17,LB,2024-02-17,LB
1485250,2022-07-12,VUS,2024-01-23,VUS
1485326,2025-09-08,VUS,2025-09-08,VUS
1485458,2021-10-11,VUS,2021-11-12,VUS
1485469,2021-11-02,VUS,2021-11-02,VUS
1485518,2021-03-29,VUS,2021-03-29,VUS
1485716,2022-07-12,VUS,2022-07-12,VUS
1485805,2022-07-05,VUS,2022-07-05,VUS
1485965,2022-03-16,LP,2022-03-16,LP
1486005,2021-09-03,LP,2021-09-03,LP
1486053,2022-11-08,VUS,2022-11-08,VUS
1486068,2026-01-05,VUS,2026-01-05,VUS
1486132,2022-10-07,LP,2024-10-16,LP
1486161,2021-11-05,VUS,2022-07-04,VUS
1486259,2022-08-09,VUS,2022-08-09,VUS
1486364,2022-06-20,VUS,2024-06-13,VUS
1486432,2023-06-13,VUS,2023-06-13,VUS
1486518,2023-08-15,LP,2024-02-25,LP
1486559,2021-06-02,VUS,2024-10-04,VUS
1486600,2024-05-09,VUS,2024-10-16,VUS
1486751,2022-10-18,VUS,2022-10-18,VUS
1486769,2021-12-09,VUS,2024-04-04,VUS
1486799,2022-09-01,VUS,2022-09-01,VUS
1486926,2023-07-10,VUS,2023-07-10,VUS
1486973,2024-02-17,LB,2024-02-17,LB
1487058,2022-07-25,VUS,2022-07-25,VUS
1487176,2021-10-20,VUS,2021-10-20,VUS
1487199,2024-05-09,VUS,2025-06-02,VUS
1487291,2025-04-16,LB,2025-04-16,LB
1487367,2021-11-20,LP,2024-06-20,LP
1487407,2024-02-24,LB,2024-02-24,LB
1487408,2021-10-12,VUS,2021-10-12,VUS
1487444,2021-11-13,VUS,2021-11-13,VUS
1487552,2021-08-31,VUS,2021-08-31,VUS
1487578,2021-09-04,LP,2021-09-04,LP
1487658,2022-09-26,VUS,2022-09-26,VUS
1487743,2021-09-14,VUS,2021-09-14,VUS
1487764,2022-04-05,VUS,2025-06-12,VUS
1487841,2022-12-24,VUS,2022-12-24,VUS
1487888,2023-04-05,VUS,2025-10-29,VUS
1488083,2022-11-22,VUS,2025-10-30,VUS
1488186,2021-08-25,VUS,2021-08-25,VUS
1488219,2020-12-27,VUS,2020-12-27,VUS
1488271,2024-02-24,VUS,2024-02-24,VUS
1488482,2021-11-17,VUS,2021-11-17,VUS
1488545,2021-09-01,VUS,2021-09-01,VUS
1488609,2022-09-01,VUS,2022-09-01,VUS
1488775,2022-01-13,VUS,2025-05-20,VUS
1488835,2022-08-16,VUS,2022-08-16,VUS
1488859,2022-08-16,VUS,2022-08-16,VUS
1489056,2022-04-24,VUS,2025-04-21,VUS
1489089,2021-05-05,VUS,2021-05-05,VUS
1489217,2022-01-27,VUS,2022-09-27,VUS
1489444,2022-02-01,VUS,2023-10-23,VUS
1489455,2022-03-25,VUS,2024-02-23,VUS
1489480,2021-10-22,VUS,2021-10-22,VUS
1489639,2025-10-01,VUS,2025-10-28,VUS
1489879,2024-03-26,LP,2024-03-26,LP
1489894,2021-05-08,VUS,2021-05-08,VUS
1489903,2021-07-16,VUS,2024-01-25,VUS
1490063,2022-08-05,VUS,2022-08-05,VUS
1490194,2022-08-16,VUS,2022-08-16,VUS
1490225,2022-07-05,VUS,2022-07-05,VUS
1490233,2024-05-22,VUS,2024-05-22,VUS
1490382,2022-05-27,VUS,2024-06-15,VUS
1490566,2022-11-22,VUS,2022-11-22,VUS
1490633,2022-02-24,VUS,2022-02-24,VUS
1490658,2022-03-10,VUS,2022-03-10,VUS
1490743,2022-03-02,VUS,2022-03-02,VUS
1490923,2024-05-01,VUS,2024-11-13,VUS
1490950,2024-02-24,LB,2024-02-24,LB
1491009,2022-08-15,VUS,2022-08-15,VUS
1491038,2022-04-06,VUS,2023-08-04,VUS
1491174,2024-10-07,VUS,2024-10-07,VUS
1491235,2021-11-28,VUS,2021-11-28,VUS
1491275,2024-02-23,VUS,2024-02-23,VUS
1491648,2022-09-01,VUS,2025-11-25,VUS
1491664,2024-05-13,VUS,2025-08-13,VUS
1492152,2022-08-23,VUS,2022-08-23,VUS
1492153,2022-11-01,VUS,2022-11-01,VUS
1492279,2021-08-14,VUS,2021-08-14,VUS
1492308,2023-10-22,LP,2023-10-22,LP
1492326,2024-02-17,VUS,2024-02-17,VUS
1492389,2022-06-13,LP,2022-06-13,LP
1492447,2022-07-25,VUS,2024-05-17,VUS
1492541,2023-11-28,LP,2023-11-28,LP
1492550,2025-03-10,VUS,2025-03-10,VUS
1492600,2024-10-25,VUS,2024-10-25,VUS
1492686,2024-01-02,VUS,2024-01-02,VUS
1492788,2021-08-13,VUS,2024-01-05,VUS
1492798,2024-05-24,VUS,2025-08-24,VUS
1493024,2020-12-16,VUS,2024-03-16,VUS
1493033,2022-06-10,VUS,2024-06-04,VUS
1493068,2022-12-09,LP,2025-11-17,LP
1493140,2025-04-21,VUS,2025-10-01,VUS
1493217,2021-02-05,VUS,2021-02-05,VUS
1493281,2021-06-01,LP,2021-06-01,LP
1493616,2022-03-04,VUS,2022-03-04,VUS
1493642,2023-08-09,VUS,2024-05-08,VUS
1493654,2022-08-16,LP,2022-08-16,LP
1493741,2021-12-06,VUS,2022-06-20,VUS
1493904,2021-10-10,VUS,2021-12-03,VUS
1494021,2021-12-30,VUS,2023-10-19,VUS
1494030,2024-12-16,VUS,2024-12-16,VUS
1494300,2021-11-01,VUS,2021-11-01,VUS
1494358,2022-07-20,VUS,2024-05-13,VUS
1494459,2024-04-08,VUS,2024-04-08,VUS
1494552,2022-08-09,VUS,2022-08-09,VUS
1494607,2024-03-16,LP,2024-03-16,LP
1494622,2021-11-13,VUS,2021-11-13,VUS
1494663,2021-10-06,VUS,2024-01-04,VUS
1495007,2022-10-17,VUS,2022-10-17,VUS
1495019,2021-07-22,VUS,2022-06-28,VUS
1495297,2024-02-17,VUS,2024-02-17,VUS
1495392,2021-07-13,VUS,2025-08-09,VUS
1495394,2020-11-11,LP,2024-05-03,LP
1495470,2023-07-07,VUS,2023-07-07,VUS
1495599,2021-09-24,VUS,2021-09-24,VUS
1495609,2024-10-23,VUS,2024-10-23,VUS
1495658,2021-10-08,VUS,2021-10-08,VUS
1495751,2022-03-26,VUS,2022-03-26,VUS
1495803,2021-09-24,VUS,2021-12-12,VUS
1495972,2022-11-22,VUS,2022-11-22,VUS
1496186,2021-05-07,LP,2021-05-07,LP
1496207,2025-07-14,VUS,2025-07-14,VUS
1496348,2023-11-28,VUS,2023-11-28,VUS
1496371,2022-12-02,VUS,2022-12-02,VUS
1496407,2024-04-16,VUS,2025-12-15,VUS
1496428,2022-05-05,VUS,2022-10-13,VUS
1496500,2021-09-18,VUS,2021-09-18,VUS
1496644,2021-03-24,VUS,2021-03-24,VUS
1496787,2024-10-17,VUS,2025-03-27,VUS
1496864,2022-08-23,VUS,2022-08-23,VUS
1497083,2024-10-22,VUS,2024-10-22,VUS
1497085,2022-11-08,VUS,2022-11-08,VUS
1497093,2022-04-11,VUS,2024-12-30,VUS
1497157,2021-06-07,VUS,2021-06-07,VUS
1497311,2022-09-13,VUS,2022-09-13,VUS
1497636,2021-07-30,VUS,2026-01-05,VUS
1497885,2024-04-10,VUS,2024-11-11,VUS
1497940,2022-07-06,VUS,2024-09-10,VUS
1498069,2022-11-28,VUS,2022-11-28,VUS
1498133,2021-05-08,VUS,2021-05-08,VUS
1498257,2021-08-31,VUS,2021-08-31,VUS
1498268,2022-07-05,VUS,2022-07-05,VUS
1498409,2024-10-29,VUS,2024-10-29,VUS
1498497,2022-08-23,VUS,2025-08-11,VUS
1498499,2022-07-12,VUS,2024-12-11,VUS
1498632,2024-03-09,LB,2024-03-09,LB
1498702,2021-12-02,VUS,2022-09-30,VUS
1498825,2024-02-23,LB,2024-02-23,LB
1498857,2022-11-15,VUS,2022-11-15,VUS
1498874,2025-12-02,LB,2025-12-02,LB
1498978,2022-08-16,VUS,2022-08-16,VUS
1499034,2021-08-17,VUS,2021-08-17,VUS
1499088,2021-08-17,VUS,2021-08-17,VUS
1499197,2021-11-19,VUS,2025-03-07,VUS
1499209,2021-07-17,VUS,2021-07-17,VUS
1499256,2023-10-05,VUS,2024-12-18,VUS
1499259,2024-04-25,VUS,2024-04-25,VUS
1499291,2020-12-08,VUS,2020-12-08,VUS
1499324,2021-04-10,LP,2021-04-10,LP
1499380,2021-06-01,VUS,2021-06-01,VUS
1499416,2025-07-28,VUS,2025-07-28,VUS
1499441,2022-05-23,VUS,2025-02-21,VUS
1499579,2021-10-25,VUS,2021-10-25,VUS
1499653,2024-11-11,VUS,2024-11-11,VUS
1499676,2021-08-16,VUS,2021-08-16,VUS
1499839,2021-09-27,VUS,2022-05-31,VUS
1499862,2021-04-12,VUS,2022-05-08,VUS
1499866,2022-07-06,VUS,2022-07-06,VUS
1499999,2022-08-16,VUS,2022-08-16,VUS
1500010,2021-06-19,VUS,2021-06-19,VUS
1500050,2023-10-13,VUS,2024-09-04,VUS
1500141,2021-04-25,VUS,2021-04-25,VUS
1500150,2022-08-16,VUS,2024-03-08,VUS
1500221,2024-12-02,VUS,2024-12-02,VUS
1500233,2021-09-24,VUS,2025-08-31,VUS
1500296,2021-11-27,VUS,2021-11-27,VUS
1500560,2022-06-20,VUS,2025-09-11,VUS
1500583,2022-08-22,VUS,2022-08-22,VUS
1500630,2021-12-09,LP,2021-12-09,LP
1500744,2022-09-12,VUS,2022-09-12,VUS
1500794,2022-02-11,VUS,2025-09-02,VUS
1501039,2021-09-01,VUS,2021-09-01,VUS
1501053,2022-04-15,VUS,2024-02-23,VUS
1501084,2022-08-22,VUS,2022-08-22,VUS
1501173,2022-09-01,VUS,2022-09-01,VUS
1501221,2021-11-04,LP,2021-11-04,LP
1501327,2022-02-10,VUS,2022-02-10,VUS
1501378,2024-02-19,VUS,2025-08-08,VUS
1501412,2021-08-27,VUS,2021-08-27,VUS
1501442,2023-08-10,VUS,2024-11-11,VUS
1501447,2024-01-19,VUS,2024-01-19,VUS
1501489,2022-05-03,LP,2024-10-14,LP
1501617,2021-09-21,VUS,2022-02-02,VUS
1501687,2022-02-02,VUS,2025-06-04,VUS
1501732,2026-01-05,VUS,2026-01-05,VUS
1501791,2021-09-17,VUS,2025-01-21,VUS
1501888,2023-04-28,VUS,2024-08-05,VUS
1501908,2021-09-01,VUS,2022-05-25,VUS
1501982,2026-02-04,LB,2026-02-04,LB
1502183,2022-02-25,VUS,2022-02-25,VUS
1502455,2024-03-09,VUS,2024-03-09,VUS
1502586,2021-09-02,VUS,2024-11-04,VUS
1502794,2022-04-12,VUS,2022-04-12,VUS
1502806,2024-07-15,VUS,2024-07-15,VUS
1502818,2021-07-14,VUS,2021-07-14,VUS
1502824,2022-07-19,VUS,2024-07-23,VUS
1502878,2021-06-30,VUS,2021-06-30,VUS
1503098,2022-06-13,VUS,2022-06-13,VUS
1503211,2023-11-10,LP,2024-05-20,LP
1503312,2021-08-25,VUS,2024-08-02,VUS
1503419,2021-03-25,VUS,2021-03-25,VUS
1503442,2022-07-19,VUS,2022-07-19,VUS
1503446,2022-08-03,VUS,2022-08-03,VUS
1503678,2021-11-05,VUS,2021-11-05,VUS
1503698,2021-02-19,VUS,2021-02-19,VUS
1503833,2021-12-27,VUS,2024-06-07,VUS
1504224,2024-07-22,VUS,2024-07-22,VUS
1504322,2023-06-05,VUS,2023-11-27,VUS
1504430,2022-10-24,VUS,2022-10-24,VUS
1504682,2022-04-22,VUS,2022-09-06,VUS
1504872,2024-02-17,LB,2024-02-17,LB
1504935,2021-08-09,LP,2021-08-09,LP
1505040,2022-07-06,VUS,2022-07-06,VUS
1505080,2022-03-19,VUS,2022-10-05,VUS
1505139,2021-07-24,VUS,2021-07-24,VUS
1505153,2022-11-04,VUS,2023-04-27,VUS
1505220,2025-08-18,VUS,2025-08-18,VUS
1505334,2025-12-08,VUS,2025-12-08,VUS
1505425,2021-07-14,VUS,2021-07-14,VUS
1505437,2025-03-03,VUS,2025-03-03,VUS
1505453,2022-06-27,VUS,2022-06-27,VUS
1505607,2024-04-16,VUS,2025-08-25,VUS
1505613,2022-03-04,VUS,2024-02-24,VUS
1505761,2022-06-27,LP,2022-06-27,LP
1505837,2024-03-11,VUS,2024-03-11,VUS
1506017,2024-01-31,LP,2024-05-21,LP
1506128,2023-12-11,VUS,2023-12-11,VUS
1506156,2021-09-01,VUS,2021-09-01,VUS
1506262,2022-02-08,VUS,2022-02-08,VUS
1506289,2021-06-01,VUS,2021-06-01,VUS
1506372,2022-09-27,VUS,2022-09-27,VUS
1506620,2024-10-21,VUS,2024-10-21,VUS
1506713,2022-11-15,P,2022-11-15,P
1506738,2023-11-13,VUS,2023-11-13,VUS
1506769,2022-03-09,VUS,2022-03-09,VUS
1506810,2021-05-18,VUS,2021-05-18,VUS
1506900,2022-02-10,VUS,2025-05-22,VUS
1506918,2022-07-19,LB,2022-07-19,LB
1507013,2021-10-26,VUS,2022-03-10,VUS
1507285,2022-08-05,VUS,2024-05-02,VUS
1507373,2021-09-24,VUS,2021-09-24,VUS
1507415,2022-02-05,VUS,2022-02-05,VUS
1507509,2024-05-22,VUS,2024-05-22,VUS
1507513,2021-07-25,VUS,2021-07-25,VUS
1507559,2022-03-11,VUS,2023-01-04,VUS
1507580,2021-06-28,VUS,2021-06-28,VUS
1507715,2021-02-04,VUS,2021-02-04,VUS
1507756,2021-12-14,VUS,2021-12-14,VUS
1508266,2022-07-12,VUS,2022-07-12,VUS
1508309,2022-06-20,VUS,2022-06-20,VUS
1508347,2022-07-12,VUS,2022-07-12,VUS
1508487,2025-03-17,VUS,2025-03-17,VUS
1508616,2021-10-27,VUS,2021-10-27,VUS
1508674,2024-10-29,VUS,2024-10-29,VUS
1508883,2021-08-30,VUS,2021-08-30,VUS
1508896,2024-02-05,VUS,2024-02-05,VUS
1508929,2021-08-04,VUS,2021-08-04,VUS
1508987,2021-10-17,LP,2021-10-17,LP
1509164,2021-12-21,VUS,2023-11-10,VUS
1509262,2022-04-05,VUS,2022-11-22,VUS
1509332,2021-02-12,VUS,2021-02-12,VUS
1509361,2021-02-12,VUS,2021-02-12,VUS
1509475,2025-04-08,VUS,2025-08-25,VUS
1509480,2021-11-25,VUS,2024-04-28,VUS
1509799,2021-11-08,VUS,2024-01-10,VUS
1509904,2022-07-19,VUS,2022-07-19,VUS
1510027,2022-10-04,VUS,2022-10-04,VUS
1510034,2022-07-19,VUS,2022-07-19,VUS
1510114,2024-10-14,VUS,2024-10-14,VUS
1510178,2022-03-01,VUS,2022-03-01,VUS
1510289,2022-03-01,VUS,2026-02-17,VUS
1510395,2022-03-04,VUS,2025-10-14,VUS
1510455,2021-11-16,VUS,2021-11-16,VUS
1510565,2021-10-01,VUS,2022-05-26,VUS
1510758,2022-07-12,VUS,2022-07-12,VUS
1510839,2022-01-16,VUS,2024-05-10,VUS
1510905,2021-06-05,VUS,2021-06-05,VUS
1510923,2022-07-30,VUS,2022-07-30,VUS
1510932,2025-03-17,VUS,2025-03-17,VUS
1511443,2022-08-31,VUS,2025-09-22,VUS
1511446,2024-12-16,VUS,2024-12-16,VUS
1511539,2022-02-02,VUS,2022-02-02,VUS
1511549,2021-11-05,VUS,2024-01-13,VUS
1511754,2024-05-24,VUS,2025-05-04,VUS
1511830,2022-07-25,VUS,2024-04-11,VUS
1511869,2022-10-17,VUS,2025-10-15,VUS
1511949,2021-07-02,LP,2021-07-02,LP
1511995,2021-09-05,VUS,2021-09-05,VUS
1512093,2022-11-23,LB,2022-11-23,LB
1512176,2022-08-03,VUS,2025-02-07,VUS
1512195,2021-06-10,VUS,2021-06-10,VUS
1512257,2023-10-14,VUS,2023-10-14,VUS
1512704,2022-06-27,VUS,2024-06-21,VUS
1512797,2021-02-22,VUS,2021-02-22,VUS
1512935,2020-11-27,VUS,2021-10-14,VUS
1513054,2024-05-15,VUS,2024-05-15,VUS
1513213,2021-08-16,VUS,2025-08-11,VUS
1513314,2022-06-13,VUS,2024-04-24,VUS
1513320,2022-03-10,VUS,2022-04-24,VUS
1513447,2024-01-02,VUS,2024-01-02,VUS
1513727,2022-07-19,VUS,2024-08-16,VUS
1513772,2021-08-18,VUS,2021-08-18,VUS
1513833,2024-02-23,VUS,2024-02-23,VUS
1513871,2025-08-18,VUS,2025-08-18,VUS
1513894,2022-02-10,VUS,2022-02-10,VUS
1513914,2021-01-01,VUS,2021-01-01,VUS
1513924,2021-05-19,VUS,2021-05-19,VUS
1513926,2021-09-18,VUS,2021-09-18,VUS
1514009,2024-02-14,LP,2025-10-17,LP
1514052,2021-11-19,VUS,2021-11-19,VUS
1514168,2021-10-18,LP,2022-03-12,LP
1514261,2022-11-22,VUS,2022-11-22,VUS
1514271,2023-05-08,VUS,2023-05-08,VUS
1514293,2022-08-16,VUS,2022-08-16,VUS
1514580,2023-07-17,VUS,2023-07-17,VUS
1514603,2022-03-10,VUS,2022-10-26,VUS
1514649,2020-11-20,VUS,2020-11-20,VUS
1514728,2022-03-29,VUS,2024-09-30,VUS
1514734,2021-12-02,VUS,2021-12-02,VUS
1514879,2021-06-29,VUS,2021-06-29,VUS
1514956,2022-07-05,LP,2022-07-05,LP
1515053,2025-02-03,LB,2025-02-03,LB
1515112,2022-09-27,VUS,2022-09-27,VUS
1515168,2025-01-23,VUS,2025-01-23,VUS
1515333,2021-05-16,VUS,2021-05-16,VUS
1515837,2021-10-22,VUS,2023-11-27,VUS
1515974,2022-10-24,VUS,2023-04-10,VUS
1516140,2023-10-03,LP,2023-10-03,LP
1516214,2023-12-07,VUS,2023-12-07,VUS
1516264,2021-03-12,VUS,2021-03-12,VUS
1516494,2022-01-08,VUS,2025-09-02,VUS
1516690,2022-01-26,VUS,2022-01-26,VUS
1516712,2021-05-11,VUS,2023-02-27,VUS
1516848,2023-08-22,VUS,2023-08-22,VUS
1517309,2021-08-28,VUS,2021-08-28,VUS
1517386,2022-07-25,VUS,2023-04-03,VUS
1517448,2024-06-12,VUS,2025-04-28,VUS
1517475,2024-10-23,VUS,2024-10-23,VUS
1517576,2024-02-24,VUS,2025-03-31,VUS
1518018,2021-10-12,VUS,2021-10-12,VUS
1518051,2021-06-22,VUS,2024-04-05,VUS
1518198,2023-08-30,VUS,2023-08-30,VUS
1518276,2023-11-27,VUS,2023-11-27,VUS
1518508,2023-09-05,VUS,2025-06-12,VUS
1518605,2022-02-10,VUS,2022-04-11,VUS
1518736,2021-04-19,LP,2021-04-19,LP
1519144,2021-12-22,VUS,2024-09-14,VUS
1519217,2026-01-19,VUS,2026-01-19,VUS
1519279,2022-01-05,VUS,2024-07-21,VUS
1519286,2022-07-06,VUS,2022-07-06,VUS
1519295,2021-11-03,LP,2021-11-03,LP
1519606,2022-07-23,VUS,2025-10-02,VUS
1519752,2022-06-14,VUS,2022-06-14,VUS
1519788,2022-05-03,VUS,2024-04-16,VUS
1519789,2022-03-02,LP,2022-03-02,LP
1519804,2022-05-19,VUS,2023-08-18,VUS
1519822,2021-03-25,VUS,2021-03-25,VUS
1519825,2022-07-19,VUS,2022-07-19,VUS
1519885,2022-07-12,VUS,2024-04-28,VUS
1520053,2023-07-12,LP,2023-07-12,LP
1520062,2021-08-28,VUS,2021-08-28,VUS
1520085,2022-02-20,VUS,2022-04-22,VUS
1520155,2024-03-22,VUS,2025-05-29,VUS
1520182,2022-03-16,VUS,2022-03-16,VUS
1520455,2022-10-25,VUS,2022-10-25,VUS
1520481,2021-07-04,VUS,2021-07-04,VUS
1520603,2022-03-19,VUS,2024-01-15,VUS
1520604,2021-12-17,VUS,2024-02-24,VUS
1520674,2022-05-10,LP,2025-09-04,LP
1520723,2024-03-28,VUS,2025-05-12,VUS
1520743,2021-03-27,VUS,2021-03-27,VUS
1520761,2021-10-14,VUS,2021-10-14,VUS
1520779,2022-11-28,VUS,2023-11-06,VUS
1520886,2022-06-20,VUS,2022-06-20,VUS
1521020,2021-09-24,VUS,2021-09-24,VUS
1521050,2024-10-29,VUS,2024-10-29,VUS
1521317,2022-08-31,VUS,2022-08-31,VUS
1521325,2021-05-29,LP,2022-01-07,LP
1521342,2022-07-12,VUS,2024-01-01,VUS
1521403,2022-05-11,VUS,2026-01-18,VUS
1521728,2021-03-31,VUS,2021-03-31,VUS
1521893,2022-01-15,VUS,2022-01-15,VUS
1521935,2023-11-27,VUS,2025-08-05,VUS
1522076,2021-09-21,VUS,2025-09-29,VUS
1522095,2021-12-23,VUS,2024-03-07,VUS
1522252,2022-02-21,VUS,2024-07-30,VUS
1522330,2023-05-15,VUS,2025-04-30,VUS
1522404,2021-05-27,VUS,2025-09-10,VUS
1522406,2024-04-15,VUS,2025-01-13,VUS
1522585,2021-04-10,VUS,2025-11-24,VUS
1522600,2022-04-26,VUS,2025-02-19,VUS
1522615,2022-08-16,VUS,2025-01-02,VUS
1522737,2023-05-23,VUS,2023-05-23,VUS
1522752,2022-08-21,VUS,2025-05-07,VUS
1522934,2021-09-22,VUS,2021-11-19,VUS
1523285,2024-02-24,VUS,2025-08-30,VUS
1523470,2022-02-15,VUS,2024-05-01,VUS
1523499,2021-04-05,VUS,2023-06-06,VUS
1523645,2023-08-24,VUS,2023-08-24,VUS
1523652,2021-04-06,VUS,2021-04-06,VUS
1523876,2022-02-08,VUS,2022-02-08,VUS
1523934,2023-01-01,VUS,2023-08-04,VUS
1523974,2021-12-06,VUS,2024-10-14,VUS
1524114,2022-07-19,VUS,2025-07-11,VUS
1524164,2023-12-31,LB,2023-12-31,LB
1524404,2022-08-16,LP,2022-08-16,LP
1524503,2021-02-15,VUS,2021-02-15,VUS
1524538,2021-10-11,VUS,2021-10-11,VUS
1524627,2020-11-06,LP,2020-11-06,LP
1524755,2022-08-23,VUS,2022-08-23,VUS
1524808,2023-04-05,VUS,2023-04-05,VUS
1524831,2021-08-27,VUS,2021-08-27,VUS
1524856,2021-09-15,VUS,2025-11-26,VUS
1524869,2022-06-08,VUS,2022-06-08,VUS
1524944,2022-03-10,VUS,2022-03-10,VUS
1524948,2022-04-05,VUS,2025-05-05,VUS
1524950,2022-08-05,LP,2022-08-05,LP
1524951,2022-02-04,VUS,2022-02-04,VUS
1524954,2022-07-06,VUS,2024-10-07,VUS
1525040,2021-09-24,VUS,2021-09-24,VUS
1525184,2021-02-18,LP,2021-02-18,LP
1525302,2022-06-20,VUS,2022-06-20,VUS
1525333,2022-04-14,VUS,2022-04-14,VUS
1525342,2021-08-08,VUS,2021-08-08,VUS
1525357,2025-11-03,VUS,2025-11-03,VUS
1525366,2023-11-27,VUS,2023-11-27,VUS
1525469,2022-05-14,VUS,2022-05-14,VUS
1525561,2024-02-24,VUS,2024-02-24,VUS
1525562,2024-05-10,VUS,2025-09-02,VUS
1525672,2022-06-27,VUS,2022-06-27,VUS
1525696,2024-05-06,VUS,2024-05-06,VUS
1525811,2021-10-29,VUS,2022-06-24,VUS
1525867,2022-04-25,VUS,2022-04-25,VUS
1525918,2020-11-06,VUS,2020-11-06,VUS
1526509,2022-03-01,VUS,2022-03-01,VUS
1526572,2022-03-01,P,2022-03-01,P
1526925,2022-03-01,P,2022-03-01,P
1526927,2022-03-01,P,2022-03-01,P
1526929,2022-03-01,P,2022-03-01,P
1527042,2022-03-01,VUS,2022-03-01,VUS
1527080,2022-03-01,VUS,2022-03-01,VUS
1527440,2022-03-01,P,2022-03-01,P
1527491,2022-03-01,P,2022-03-01,P
1527521,2022-03-01,LP,2022-03-01,LP
1527720,2022-03-01,VUS,2022-03-01,VUS
1528093,2022-06-15,LB,2022-06-15,LB
1528132,2024-08-05,LB,2024-08-05,LB
1528369,2022-02-02,LB,2023-09-18,LB
1528375,2022-02-02,LB,2022-02-02,LB
1528378,2021-08-29,LB,2021-08-29,LB
1528542,2021-01-31,LB,2021-01-31,LB
1528560,2021-12-07,LB,2025-10-06,LB
1528665,2021-08-07,LB,2021-08-07,LB
1528684,2021-01-31,LB,2021-01-31,LB
1528722,2022-09-25,LB,2022-09-25,LB
1528801,2025-03-17,LB,2025-03-17,LB
1528904,2021-04-15,LB,2021-04-15,LB
1529130,2021-08-17,LB,2021-08-17,LB
1529132,2021-07-21,LB,2021-07-21,LB
1529395,2025-03-25,LB,2025-03-25,LB
1529599,2024-01-16,LB,2024-01-16,LB
1529744,2023-05-08,LB,2023-05-08,LB
1529772,2021-12-04,LB,2025-07-14,LB
1529830,2021-07-22,LB,2021-07-22,LB
1529853,2025-01-07,LB,2025-01-07,LB
1529979,2020-10-27,LB,2020-10-27,LB
1530031,2022-02-10,LB,2022-02-10,LB
1530078,2023-11-27,LB,2023-11-27,LB
1530146,2022-07-10,LB,2022-07-10,LB
1530640,2022-02-04,LB,2022-02-04,LB
1530717,2025-07-21,LB,2025-07-21,LB
1530877,2026-01-26,LB,2026-01-26,LB
1530895,2021-02-06,LB,2021-02-06,LB
1530977,2021-08-05,LB,2021-08-05,LB
1531326,2021-07-28,LB,2021-07-28,LB
1531485,2021-10-19,LB,2025-08-27,LB
1531562,2021-07-29,LB,2021-07-29,LB
1531747,2025-11-18,LB,2025-11-18,LB
1531748,2021-06-03,LB,2021-06-03,LB
1531770,2021-02-10,LB,2021-02-10,LB
1531966,2021-02-11,LB,2021-02-11,LB
1532281,2023-01-07,LB,2023-01-07,LB
1532300,2021-02-16,LB,2021-02-16,LB
1532320,2025-07-31,LB,2025-07-31,LB
1532426,2021-02-12,LB,2021-02-12,LB
1532431,2021-02-12,LB,2021-02-12,LB
1532629,2025-07-30,LB,2025-07-30,LB
1532753,2025-09-10,LB,2025-09-10,LB
1532914,2025-07-08,LB,2025-07-08,LB
1533057,2022-06-21,LB,2022-06-21,LB
1533091,2021-02-22,LB,2021-02-22,LB
1533207,2023-05-19,LB,2026-01-28,LB
1533274,2023-06-30,LB,2023-06-30,LB
1533352,2022-03-10,LB,2022-03-10,LB
1533567,2024-11-05,LB,2024-11-05,LB
1533747,2021-08-14,LB,2021-08-14,LB
1533827,2022-06-20,LB,2022-06-20,LB
1533891,2022-03-14,LB,2026-01-06,LB
1534000,2022-06-23,LB,2022-06-23,LB
1534183,2021-04-10,LB,2021-04-10,LB
1534436,2022-08-24,LB,2022-08-24,LB
1534448,2024-02-19,LB,2024-02-19,LB
1534617,2021-02-17,LB,2021-02-17,LB
1534671,2021-08-09,LB,2021-08-09,LB
1534706,2021-08-09,LB,2021-08-09,LB
1534764,2021-02-17,LB,2021-02-17,LB
1534825,2021-08-09,LB,2021-08-09,LB
1535068,2025-11-04,LB,2025-11-04,LB
1535126,2023-12-19,LB,2024-01-05,LB
1535474,2024-06-03,LB,2024-06-03,LB
1535487,2023-08-10,LB,2023-08-10,LB
1535505,2022-10-26,LB,2022-10-26,LB
1535516,2022-07-12,LB,2022-07-12,LB
1535878,2021-02-26,LB,2021-02-26,LB
1535926,2022-10-13,LB,2022-10-13,LB
1536470,2022-01-06,LB,2025-07-02,LB
1536788,2023-12-11,LB,2023-12-11,LB
1536791,2023-12-11,LB,2023-12-11,LB
1536802,2023-06-23,LB,2023-06-23,LB
1536830,2021-02-23,LB,2021-02-23,LB
1536981,2024-02-07,LB,2024-02-07,LB
1537019,2022-01-07,LB,2026-01-14,LB
1537195,2021-09-09,LB,2022-03-23,LB
1537462,2023-05-22,LB,2023-05-22,LB
1537629,2022-02-23,LB,2022-02-23,LB
1537646,2024-08-21,LB,2026-01-04,LB
1537686,2023-07-14,LB,2023-07-14,LB
1537746,2024-04-11,LB,2024-04-11,LB
1537774,2023-11-27,LB,2023-11-27,LB
1537816,2025-09-21,LB,2025-09-21,LB
1538000,2021-08-19,LB,2021-08-19,LB
1538014,2024-06-18,LB,2025-09-08,LB
1538129,2022-05-07,LB,2022-05-07,LB
1538154,2021-03-02,LB,2021-03-02,LB
1538215,2022-02-18,LB,2022-02-18,LB
1538485,2021-03-03,LB,2021-03-03,LB
1538593,2021-03-06,LB,2021-03-06,LB
1538596,2024-10-21,LB,2024-10-21,LB
1538623,2024-11-05,LB,2024-11-05,LB
1538924,2021-08-23,LB,2021-08-23,LB
1539058,2022-07-19,LB,2022-07-19,LB
1539217,2025-04-28,LB,2025-04-28,LB
1539240,2023-06-25,LB,2023-06-25,LB
1539269,2025-09-02,LB,2025-09-02,LB
1539323,2021-03-08,LB,2021-03-08,LB
1539612,2021-09-15,LB,2021-09-15,LB
1539751,2025-11-18,LB,2025-11-18,LB
1539946,2022-03-02,LB,2022-03-02,LB
1540089,2026-01-12,LB,2026-01-12,LB
1540475,2025-07-20,LB,2025-07-20,LB
1540503,2025-12-21,LB,2025-12-21,LB
1540508,2021-07-09,LB,2021-07-09,LB
1540564,2022-03-25,LB,2026-01-07,LB
1540649,2022-09-14,LB,2022-09-14,LB
1540840,2025-12-24,LB,2025-12-24,LB
1540974,2022-02-08,LB,2022-02-08,LB
1541008,2025-06-22,LB,2025-06-22,LB
1541454,2024-03-01,LB,2025-11-17,LB
1541568,2021-09-03,LB,2021-09-03,LB
1541627,2020-11-01,LB,2020-11-01,LB
1541850,2021-12-17,LB,2025-11-28,LB
1541912,2024-01-18,LB,2024-01-18,LB
1541958,2024-02-29,LB,2024-04-22,LB
1542484,2025-07-03,LB,2025-07-03,LB
1542569,2025-06-12,LB,2025-06-12,LB
1542600,2026-01-26,LB,2026-01-26,LB
1542902,2023-05-14,LB,2023-05-14,LB
1543221,2023-09-08,LB,2023-09-08,LB
1543277,2021-08-11,LB,2021-08-11,LB
1543552,2023-02-14,LB,2023-02-14,LB
1543837,2025-07-07,LB,2025-07-07,LB
1544101,2021-12-29,LB,2021-12-29,LB
1544313,2025-12-28,LB,2025-12-28,LB
1544424,2025-03-09,LB,2025-03-09,LB
1544467,2025-01-19,LB,2025-01-19,LB
1544736,2025-08-21,LB,2025-08-21,LB
1544797,2023-10-05,LB,2023-10-05,LB
1544811,2024-07-03,LB,2024-07-03,LB
1544869,2021-09-29,LB,2021-09-29,LB
1544911,2023-10-05,LB,2023-10-05,LB
1544917,2025-05-12,LB,2025-05-12,LB
1545034,2022-02-25,LB,2022-02-25,LB
1545157,2022-05-12,LB,2022-05-12,LB
1545315,2021-03-27,LB,2021-03-27,LB
1545384,2021-09-02,LB,2025-01-18,LB
1545390,2021-05-18,LB,2021-05-18,LB
1545424,2022-01-05,LB,2022-01-05,LB
1545650,2021-02-02,LB,2023-10-05,LB
1545710,2023-08-14,LB,2023-08-14,LB
1545905,2021-03-29,LB,2021-03-29,LB
1546202,2024-12-16,LB,2024-12-16,LB
1546223,2026-01-19,LB,2026-01-19,LB
1546387,2023-04-11,LB,2023-04-11,LB
1546421,2023-10-23,B,2023-10-23,B
1546471,2021-04-08,LB,2021-04-08,LB
1546601,2022-08-09,LB,2022-08-09,LB
1546610,2021-04-01,LB,2021-04-01,LB
1546665,2022-12-02,LB,2022-12-02,LB
1546666,2025-09-22,LB,2025-09-22,LB
1546715,2023-11-18,LB,2023-11-18,LB
1546733,2021-10-21,LB,2021-10-21,LB
1546745,2021-05-26,LB,2021-05-26,LB
1546785,2022-04-01,LB,2024-11-24,LB
1546824,2022-03-09,LB,2022-03-09,LB
1546886,2022-02-02,LB,2024-02-04,LB
1546994,2022-07-12,LB,2022-07-12,LB
1546996,2021-04-02,LB,2021-04-02,LB
1546997,2021-04-02,LB,2021-04-02,LB
1547028,2022-02-05,LB,2022-02-05,LB
1547043,2025-11-08,LB,2025-11-08,LB
1547081,2021-05-27,LB,2022-02-12,LB
1547191,2024-11-11,LB,2024-11-11,LB
1547282,2021-12-06,LB,2021-12-06,LB
1547318,2024-02-06,LB,2024-02-06,LB
1547399,2021-04-03,LB,2021-04-03,LB
1547738,2025-07-29,LB,2025-07-29,LB
1547854,2024-12-02,LB,2024-12-02,LB
1547861,2021-04-05,LB,2021-04-05,LB
1547922,2025-10-06,LB,2025-10-06,LB
1547925,2022-09-13,LB,2022-09-13,LB
1547992,2021-04-13,LB,2021-04-13,LB
1547993,2021-04-13,LB,2021-04-13,LB
1548052,2023-06-05,LB,2023-06-05,LB
1548162,2021-04-05,LB,2021-04-05,LB
1548376,2021-10-27,LB,2025-11-02,LB
1548497,2022-05-27,LB,2022-05-27,LB
1548545,2024-01-25,LB,2024-08-21,LB
1548573,2022-09-27,LB,2022-09-27,LB
1548616,2021-10-29,LB,2021-10-29,LB
1548798,2021-04-08,LB,2021-04-08,LB
1549003,2025-11-05,LB,2025-11-05,LB
1549054,2021-11-18,LB,2025-06-12,LB
1549158,2021-10-11,LB,2021-10-11,LB
1549207,2024-05-09,LB,2024-05-09,LB
1549258,2023-07-03,LB,2024-03-19,LB
1549369,2022-03-18,LB,2022-03-18,LB
1549382,2021-04-09,LB,2021-04-09,LB
1549393,2022-10-05,LB,2022-10-05,LB
1549437,2021-06-04,LB,2021-06-04,LB
1549638,2024-02-14,LB,2024-05-22,LB
1549665,2021-04-10,LB,2021-04-10,LB
1549752,2021-04-10,LB,2021-04-10,LB
1549756,2021-04-10,LB,2021-04-10,LB
1549768,2021-11-11,LB,2024-09-18,LB
1549781,2024-03-25,LB,2024-03-25,LB
1550055,2024-01-30,LB,2024-01-30,LB
1550218,2024-10-14,LB,2024-10-14,LB
1550221,2022-09-27,LB,2022-09-27,LB
1550284,2024-10-15,LB,2024-10-15,LB
1550320,2025-10-14,LB,2025-10-14,LB
1550713,2021-04-13,LB,2021-04-13,LB
1551020,2021-04-14,LB,2021-04-14,LB
1551441,2023-11-18,LB,2023-11-18,LB
1551510,2023-05-22,LB,2023-05-22,LB
1551573,2022-02-09,LB,2022-02-09,LB
1551610,2024-03-01,LB,2024-03-01,LB
1551615,2022-07-26,LB,2022-07-26,LB
1551673,2023-06-12,LB,2023-06-12,LB
1551792,2023-03-16,LB,2024-09-01,LB
1551814,2025-02-10,LB,2025-02-10,LB
1551838,2021-04-26,LB,2021-04-26,LB
1551901,2025-10-14,LB,2025-10-14,LB
1551998,2025-07-21,LB,2025-07-21,LB
1552123,2023-11-15,LB,2023-11-15,LB
1552124,2025-02-16,LB,2025-02-16,LB
1552199,2022-06-23,B,2022-06-23,B
1552215,2021-08-23,LB,2021-08-23,LB
1552374,2024-05-20,LB,2024-05-20,LB
1552423,2024-11-11,LB,2024-11-11,LB
1552448,2021-04-20,LB,2021-04-20,LB
1552655,2021-04-21,LB,2021-04-21,LB
1552713,2022-02-08,LB,2025-10-16,LB
1552750,2020-12-22,LB,2020-12-22,LB
1552780,2021-04-06,LB,2025-12-30,LB
1552851,2021-11-18,LB,2026-01-12,LB
1552921,2023-12-30,LB,2023-12-30,LB
1552934,2021-09-25,LB,2021-09-25,LB
1553556,2021-04-23,LB,2021-04-23,LB
1553920,2021-09-16,LB,2021-09-16,LB
1553931,2024-11-05,LB,2024-11-05,LB
1554225,2025-04-19,LB,2025-04-19,LB
1554409,2022-05-27,LB,2023-12-30,LB
1554642,2021-06-04,LB,2021-06-04,LB
1554714,2025-09-21,LB,2025-09-21,LB
1554836,2022-07-11,LB,2022-07-11,LB
1554921,2025-08-11,LB,2025-08-11,LB
1555013,2021-11-05,LB,2021-11-05,LB
1555086,2023-10-03,LB,2023-10-03,LB
1555213,2021-07-09,LB,2021-07-09,LB
1555292,2022-10-25,LB,2022-10-25,LB
1555332,2021-11-28,LB,2021-11-28,LB
1555579,2025-12-30,LB,2025-12-30,LB
1555654,2022-02-05,LB,2022-02-05,LB
1555726,2025-03-27,LB,2025-03-27,LB
1555981,2025-05-27,LB,2025-05-27,LB
1556078,2023-01-19,LB,2023-01-19,LB
1556158,2022-01-12,LB,2025-07-28,LB
1556268,2023-10-17,LB,2023-10-17,LB
1556290,2026-01-27,LB,2026-01-27,LB
1556554,2022-07-05,LB,2022-07-05,LB
1556593,2026-01-17,LB,2026-01-17,LB
1556673,2022-03-10,LB,2022-03-10,LB
1556756,2025-11-18,LB,2025-11-18,LB
1556772,2021-05-05,LB,2021-05-05,LB
1556904,2024-03-04,LB,2024-03-04,LB
1557057,2022-02-24,LB,2022-02-24,LB
1557243,2022-09-27,LB,2022-09-27,LB
1557330,2023-03-27,LB,2023-06-16,LB
1557344,2021-05-07,LB,2021-05-07,LB
1557432,2024-02-06,LB,2025-09-29,LB
1557460,2021-11-17,LB,2021-11-17,LB
1557837,2021-09-06,LB,2025-07-27,LB
1558021,2022-12-13,LB,2022-12-13,LB
1558089,2021-05-10,LB,2021-05-10,LB
1558284,2022-03-19,LB,2022-03-19,LB
1558301,2025-04-28,LB,2025-04-28,LB
1558471,2022-06-27,LB,2022-06-27,LB
1558733,2025-05-19,LB,2025-05-19,LB
1558762,2024-04-24,LB,2024-04-24,LB
1558843,2021-09-20,LB,2025-11-08,LB
1558915,2026-01-15,LB,2026-01-15,LB
1559196,2024-07-03,LB,2024-07-03,LB
1559256,2022-08-09,LB,2022-08-09,LB
1559422,2024-09-01,LB,2024-09-01,LB
1559441,2023-11-13,LB,2023-11-13,LB
1559491,2022-04-30,LB,2026-01-12,LB
1559585,2025-04-21,LB,2025-04-21,LB
1559608,2024-01-18,LB,2024-01-18,LB
1559618,2022-03-23,LB,2025-11-04,LB
1559693,2021-08-31,LB,2025-10-23,LB
1559752,2021-05-19,LB,2021-05-19,LB
1559967,2026-02-01,LB,2026-02-01,LB
1559998,2023-07-07,LB,2023-07-07,LB
1560106,2020-02-21,LB,2025-12-14,LB
1560148,2021-11-14,LB,2021-11-14,LB
1560173,2022-08-23,LB,2022-08-23,LB
1560189,2025-02-13,LB,2025-02-13,LB
1560269,2021-05-18,LB,2021-05-18,LB
1560364,2023-08-14,LB,2023-08-14,LB
1560444,2022-08-15,LB,2022-08-15,LB
1560478,2025-11-25,LB,2025-11-25,LB
1560640,2022-10-18,LB,2022-10-18,LB
1560645,2021-05-19,LB,2021-05-19,LB
1560662,2023-08-27,LB,2023-08-27,LB
1560682,2021-07-14,LB,2021-07-14,LB
1560935,2021-08-03,LB,2025-11-27,LB
1561101,2024-09-16,LB,2024-09-16,LB
1561333,2021-07-14,LB,2021-07-14,LB
1561417,2025-12-21,LB,2025-12-21,LB
1561559,2022-06-13,LB,2022-06-13,LB
1561654,2023-10-03,LB,2023-10-03,LB
1561661,2016-12-12,LB,2025-11-25,LB
1561793,2021-09-13,LB,2025-10-31,LB
1561906,2026-01-20,LB,2026-01-20,LB
1561975,2024-05-16,LB,2024-05-16,LB
1562021,2026-01-17,B,2026-01-17,B
1562302,2025-09-14,LB,2025-09-14,LB
1562375,2023-03-21,LB,2023-03-21,LB
1562548,2026-01-12,LB,2026-01-12,LB
1562626,2023-10-04,LB,2023-10-04,LB
1562639,2021-08-04,LB,2021-08-04,LB
1562676,2021-09-21,LB,2021-09-21,LB
1562836,2023-02-18,LB,2023-02-18,LB
1562865,2023-06-30,LB,2023-06-30,LB
1562928,2024-01-18,LB,2024-01-18,LB
1563017,2024-09-23,LB,2026-01-27,LB
1563130,2022-06-25,LB,2022-06-25,LB
1563216,2024-11-11,LB,2024-11-11,LB
1563381,2021-09-09,LB,2021-09-09,LB
1563522,2022-06-13,LB,2022-06-13,LB
1563593,2024-11-11,LB,2024-12-01,LB
1563849,2021-09-14,LB,2021-09-14,LB
1563967,2021-07-30,LB,2026-01-20,LB
1563976,2019-07-24,LB,2025-11-21,LB
1564064,2024-10-29,LB,2024-10-29,LB
1564181,2026-01-11,B,2026-01-11,B
1564242,2021-12-29,LB,2021-12-29,LB
1564256,2021-08-08,LB,2021-08-08,LB
1564434,2023-08-10,LB,2023-08-10,LB
1564489,2020-11-10,LB,2020-11-10,LB
1564636,2023-02-16,LB,2023-02-16,LB
1564756,2022-03-29,LB,2026-01-20,LB
1565042,2023-08-04,LB,2023-08-04,LB
1565085,2022-06-05,LB,2022-06-05,LB
1565131,2025-10-08,LB,2025-10-08,LB
1565317,2021-08-27,LB,2021-08-27,LB
1565491,2021-06-12,LB,2021-06-12,LB
1565586,2023-01-07,LB,2023-01-07,LB
1565599,2022-09-06,LB,2022-09-06,LB
1565601,2021-06-13,LB,2021-06-13,LB
1565656,2024-08-13,LB,2024-08-13,LB
1565797,2021-06-13,LB,2021-06-13,LB
1565820,2025-06-09,LB,2025-06-09,LB
1565868,2023-02-18,LB,2023-02-18,LB
1565981,2025-10-05,LB,2025-10-05,LB
1566142,2021-12-13,LB,2021-12-13,LB
1566192,2022-10-12,LB,2022-10-12,LB
1566468,2024-02-20,LB,2024-02-20,LB
1566649,2025-04-17,LB,2025-04-17,LB
1566658,2022-08-31,LB,2022-08-31,LB
1566746,2021-12-16,LB,2023-11-17,LB
1566780,2022-09-27,LB,2022-09-27,LB
1566944,2023-10-13,LB,2023-10-13,LB
1567317,2022-03-02,LB,2022-03-02,LB
1567318,2025-01-23,LB,2025-01-23,LB
1567593,2021-06-20,LB,2021-06-20,LB
1567988,2021-12-05,LB,2021-12-05,LB
1568218,2021-06-23,LB,2021-06-23,LB
1568390,2025-05-19,LB,2025-05-19,LB
1568405,2024-02-24,LB,2024-02-24,LB
1568555,2020-12-26,LB,2020-12-26,LB
1568734,2025-10-20,LB,2025-10-20,LB
1568793,2023-05-07,LB,2023-05-07,LB
1568868,2023-12-22,LB,2023-12-22,LB
1568874,2022-08-22,LB,2022-08-22,LB
1568934,2022-09-01,LB,2022-09-01,LB
1568985,2021-06-28,LB,2021-06-28,LB
1569039,2025-01-21,LB,2025-01-21,LB
1569094,2021-07-04,LB,2021-07-04,LB
1569303,2021-06-30,LB,2021-06-30,LB
1569304,2021-08-01,LB,2021-08-01,LB
1569360,2021-11-08,LB,2021-11-08,LB
1569404,2021-09-07,LB,2025-12-22,LB
1569431,2021-09-13,LB,2026-01-09,LB
1569583,2024-12-13,LB,2024-12-13,LB
1569680,2021-07-01,LB,2021-07-01,LB
1569823,2021-07-02,LB,2021-07-02,LB
1569826,2021-09-03,LB,2021-09-03,LB
1570125,2023-05-22,LB,2023-05-22,LB
1570203,2025-11-10,LB,2025-11-10,LB
1570396,2021-10-15,LB,2021-10-15,LB
1570724,2021-09-09,LB,2021-09-09,LB
1570836,2021-07-08,LB,2021-07-08,LB
1570856,2021-07-08,LB,2021-07-08,LB
1570926,2023-12-29,LB,2023-12-29,LB
1570986,2021-07-29,LB,2021-07-29,LB
1571156,2025-10-13,LB,2025-10-13,LB
1571173,2023-10-30,LB,2023-10-30,LB
1571176,2023-02-16,LB,2025-12-31,LB
1571272,2024-10-14,LB,2024-10-14,LB
1571556,2025-10-26,LB,2025-10-26,LB
1571858,2024-01-27,LB,2024-01-27,LB
1571885,2022-03-31,LB,2023-03-23,LB
1571896,2023-09-03,LB,2023-09-03,LB
1571915,2021-07-14,LB,2021-07-14,LB
1571984,2025-10-07,LB,2025-10-07,LB
1572136,2024-03-30,LB,2024-03-30,LB
1572236,2025-09-05,LB,2025-09-05,LB
1572267,2022-01-04,LB,2025-09-03,LB
1572270,2023-04-17,LB,2023-04-17,LB
1572417,2021-07-26,LB,2021-07-26,LB
1572471,2021-05-03,LB,2021-05-03,LB
1572629,2021-07-18,LB,2022-04-26,LB
1572899,2024-02-02,LB,2024-02-02,LB
1573125,2022-09-03,LB,2022-09-03,LB
1573126,2021-07-21,LB,2021-07-21,LB
1573195,2021-07-21,LB,2021-07-21,LB
1573286,2023-11-02,LB,2023-11-02,LB
1573386,2025-12-26,LB,2025-12-26,LB
1573467,2022-08-10,LB,2022-08-10,LB
1573470,2024-10-28,LB,2024-10-28,LB
1573720,2022-03-03,LB,2022-03-03,LB
1573727,2022-09-13,LB,2022-09-13,LB
1573890,2023-09-15,LB,2023-09-15,LB
1574012,2021-04-18,LB,2021-04-18,LB
1574079,2024-07-25,LB,2025-07-21,LB
1574149,2025-11-24,LB,2025-11-24,LB
1574180,2023-06-14,LB,2023-06-14,LB
1574202,2021-08-14,LB,2021-08-14,LB
1574207,2021-07-26,LB,2021-07-26,LB
1574268,2022-06-20,LB,2022-06-20,LB
1574422,2024-08-08,LB,2024-08-08,LB
1574609,2022-08-04,LB,2022-08-04,LB
1574764,2025-06-29,LB,2025-06-29,LB
1574835,2023-10-01,LB,2024-11-08,LB
1575064,2023-09-21,LB,2023-09-21,LB
1575135,2021-08-13,LB,2021-08-13,LB
1575186,2021-07-31,LB,2021-07-31,LB
1575190,2021-09-16,LB,2021-09-16,LB
1575349,2024-10-23,LB,2024-10-23,LB
1575381,2025-09-25,LB,2025-09-25,LB
1575543,2025-09-02,LB,2025-09-02,LB
1575573,2023-08-19,LB,2023-08-19,LB
1575732,2021-11-16,LB,2021-11-16,LB
1575749,2022-11-01,LB,2022-11-01,LB
1575843,2021-09-14,LB,2021-09-14,LB
1575874,2021-11-15,LB,2022-08-02,LB
1575927,2022-05-06,LB,2023-08-11,LB
1576196,2022-03-02,LB,2022-03-02,LB
1576204,2021-09-13,LB,2025-05-19,LB
1576267,2021-02-12,LB,2021-02-12,LB
1576361,2023-04-13,LB,2023-04-13,LB
1576364,2022-06-13,LB,2022-06-13,LB
1576383,2023-08-17,LB,2023-08-17,LB
1576394,2022-02-11,LB,2025-11-22,LB
1576402,2021-08-06,LB,2021-08-06,LB
1576427,2022-02-09,LB,2022-02-09,LB
1576573,2022-10-18,LB,2022-10-18,LB
1576630,2023-01-16,LB,2023-01-16,LB
1576657,2025-11-04,LB,2025-11-04,LB
1576662,2025-03-17,LB,2025-03-17,LB
1576680,2022-07-11,LB,2022-07-11,LB
1576687,2021-11-05,LB,2021-11-05,LB
1576785,2021-10-15,LB,2023-11-20,LB
1576968,2021-12-02,LB,2021-12-02,LB
1577131,2021-11-09,LB,2024-09-27,LB
1577258,2022-07-12,LB,2022-07-12,LB
1577313,2023-12-12,LB,2023-12-12,LB
1577342,2021-10-20,LB,2026-01-14,LB
1577686,2022-03-10,LB,2022-03-10,LB
1577692,2023-03-17,LB,2023-03-17,LB
1577781,2023-11-28,LB,2023-11-28,LB
1577873,2024-12-02,LB,2024-12-02,LB
1578118,2022-04-26,LB,2022-04-26,LB
1578225,2022-10-13,LB,2022-10-13,LB
1578350,2021-08-15,LB,2021-08-15,LB
1578425,2022-11-22,LB,2022-11-22,LB
1578437,2021-08-16,LB,2021-08-16,LB
1578503,2026-01-28,LB,2026-01-28,LB
1578573,2021-08-17,LB,2021-08-17,LB
1578647,2025-08-04,B,2025-08-04,B
1578888,2021-11-20,LB,2025-09-02,LB
1578941,2022-11-22,LB,2022-11-22,LB
1578944,2021-10-01,LB,2021-10-01,LB
1579095,2025-10-18,LB,2025-10-18,LB
1579771,2022-07-18,LB,2022-07-18,LB
1579911,2025-09-08,LB,2025-09-08,LB
1580016,2021-09-29,LB,2021-09-29,LB
1580081,2021-11-01,LB,2021-11-01,LB
1580159,2023-11-19,LB,2023-11-19,LB
1580194,2023-08-04,LB,2023-08-04,LB
1580288,2024-11-11,LB,2024-11-11,LB
1580308,2022-01-12,LB,2022-01-12,LB
1580336,2025-11-13,LB,2025-11-13,LB
1580361,2021-09-06,LB,2021-09-06,LB
1580506,2024-12-12,LB,2024-12-12,LB
1580518,2021-08-27,LB,2021-08-27,LB
1580565,2022-01-07,LB,2022-01-07,LB
1580824,2019-09-19,LB,2025-11-28,LB
1580898,2024-08-13,LB,2024-08-13,LB
1581093,2025-12-11,LB,2025-12-11,LB
1581140,2024-02-24,LB,2024-02-24,LB
1581176,2023-11-27,LB,2023-11-27,LB
1581193,2025-08-19,LB,2025-08-19,LB
1581358,2024-10-18,LB,2024-10-18,LB
1581376,2023-11-17,LB,2023-11-17,LB
1581398,2021-11-18,LB,2021-11-18,LB
1581455,2025-07-13,LB,2025-07-13,LB
1581462,2025-09-02,LB,2025-09-02,LB
1581757,2023-08-10,LB,2023-08-10,LB
1581937,2022-11-01,LB,2022-11-01,LB
1581954,2025-08-03,LB,2025-08-03,LB
1581966,2026-01-26,LB,2026-01-26,LB
1581990,2024-02-24,LB,2024-02-24,LB
1582006,2022-03-10,LB,2022-03-10,LB
1582324,2025-03-17,LB,2025-03-17,LB
1582412,2021-11-16,LB,2021-11-16,LB
1582635,2025-11-24,LB,2025-11-24,LB
1582806,2021-06-02,LB,2021-06-02,LB
1583284,2019-10-25,LB,2024-10-16,LB
1583400,2025-02-15,LB,2025-02-15,LB
1583528,2021-03-04,LB,2025-09-28,LB
1583551,2024-12-14,LB,2024-12-14,LB
1583585,2025-06-17,LB,2025-06-17,LB
1583619,2022-08-22,LB,2022-08-22,LB
1583712,2021-09-18,LB,2023-06-06,LB
1583721,2022-02-23,LB,2022-02-23,LB
1583952,2022-03-01,LB,2025-12-08,LB
1583991,2024-01-02,LB,2024-01-02,LB
1584028,2022-08-05,LB,2022-08-05,LB
1584225,2025-07-28,LB,2025-07-28,LB
1584371,2024-09-03,LB,2024-09-03,LB
1584457,2025-03-18,LB,2025-03-18,LB
1584566,2022-04-20,LB,2024-04-17,LB
1584567,2025-06-17,LB,2025-06-17,LB
1584647,2024-02-02,LB,2024-02-02,LB
1584710,2024-12-26,LB,2024-12-26,LB
1584886,2023-07-21,LB,2023-07-21,LB
1585000,2024-04-02,LB,2024-04-02,LB
1585045,2024-02-12,LB,2024-02-12,LB
1585062,2020-11-04,LB,2020-11-04,LB
1585191,2024-10-25,LB,2024-10-25,LB
1585329,2026-01-05,LB,2026-01-05,LB
1585650,2021-10-31,LB,2021-10-31,LB
1585783,2026-01-20,LB,2026-01-20,LB
1585890,2024-02-07,LB,2024-02-07,LB
1585931,2023-11-29,LB,2023-11-29,LB
1585983,2021-11-06,LB,2025-06-12,LB
1586091,2025-12-08,LB,2025-12-08,LB
1586453,2026-01-04,LB,2026-01-04,LB
1586543,2024-12-08,LB,2024-12-08,LB
1586591,2025-06-01,LB,2025-06-01,LB
1586682,2021-06-26,LB,2021-06-26,LB
1586699,2022-07-26,LB,2022-07-26,LB
1586724,2025-05-05,LB,2025-05-05,LB
1586864,2025-09-08,LB,2025-09-08,LB
1587415,2022-02-25,LB,2025-12-16,LB
1587453,2021-10-08,LB,2022-12-16,LB
1587465,2024-01-02,LB,2024-01-02,LB
1587543,2022-04-26,LB,2025-02-04,LB
1587678,2022-08-13,LB,2022-08-13,LB
1587719,2023-11-27,LB,2023-11-27,LB
1587762,2021-09-09,LB,2021-09-09,LB
1587877,2022-09-27,LB,2022-09-27,LB
1587955,2023-12-18,LB,2023-12-18,LB
1588127,2025-04-07,LB,2025-04-07,LB
1588182,2023-11-14,LB,2023-11-14,LB
1588340,2026-01-09,LB,2026-01-09,LB
1588373,2021-12-23,LB,2025-10-03,LB
1588425,2023-12-15,LB,2023-12-15,LB
1588537,2025-05-05,LB,2025-05-05,LB
1588554,2023-10-09,LB,2023-10-09,LB
1588564,2021-12-14,LB,2025-10-16,LB
1588711,2023-08-30,LB,2023-08-30,LB
1588882,2023-08-24,LB,2023-08-24,LB
1588900,2022-03-02,LB,2022-03-02,LB
1589276,2023-01-20,LB,2023-01-20,LB
1589673,2024-01-24,LB,2024-01-24,LB
1589739,2023-08-05,LB,2024-09-07,LB
1589763,2021-01-14,LB,2021-01-14,LB
1589790,2025-08-23,LB,2025-08-23,LB
1589850,2021-10-20,LB,2026-01-26,LB
1589940,2022-05-09,LB,2022-05-09,LB
1590191,2022-10-17,LB,2022-10-17,LB
1590375,2025-09-24,LB,2025-09-24,LB
1590656,2025-07-09,LB,2025-07-09,LB
1590677,2022-08-23,LB,2022-08-23,LB
1590734,2021-11-07,LB,2021-11-07,LB
1590823,2023-07-16,LB,2023-07-16,LB
1590828,2021-08-07,LB,2021-08-07,LB
1590859,2024-02-25,LB,2024-02-25,LB
1590892,2024-02-24,LB,2024-02-24,LB
1590930,2022-04-01,LB,2025-11-22,LB
1591023,2024-05-10,LB,2024-05-10,LB
1591099,2022-07-12,LB,2022-07-12,LB
1591175,2022-01-27,LB,2025-12-22,LB
1591367,2025-09-09,LB,2025-09-09,LB
1591719,2022-09-09,LB,2022-09-09,LB
1591867,2021-04-06,LB,2021-04-06,LB
1591869,2021-08-12,LB,2021-08-12,LB
1591923,2022-02-02,LB,2025-05-28,LB
1591990,2025-12-31,LB,2025-12-31,LB
1592033,2025-12-21,LB,2025-12-21,LB
1592083,2026-01-27,LB,2026-01-27,LB
1592122,2025-11-06,LB,2025-11-06,LB
1592161,2025-11-21,LB,2025-11-21,LB
1592263,2025-12-19,LB,2025-12-19,LB
1592406,2022-05-23,LB,2025-04-14,LB
1592428,2024-10-30,LB,2024-10-30,LB
1592607,2021-12-21,LB,2021-12-21,LB
1592660,2022-10-17,LB,2024-08-05,LB
1592924,2022-01-03,LB,2022-01-03,LB
1592940,2025-12-15,LB,2025-12-15,LB
1593185,2021-12-20,LB,2025-07-22,LB
1593232,2022-05-29,LB,2026-01-07,LB
1593272,2025-11-05,LB,2025-11-05,LB
1593396,2021-07-28,LB,2021-07-28,LB
1593427,2025-12-21,LB,2025-12-21,LB
1593449,2021-12-02,LB,2021-12-02,LB
1593467,2026-02-01,LB,2026-02-01,LB
1593473,2025-12-31,LB,2025-12-31,LB
1593887,2025-04-19,LB,2025-04-19,LB
1594098,2026-01-12,LB,2026-01-12,LB
1594210,2024-07-20,LB,2024-07-20,LB
1594321,2025-05-23,LB,2025-05-23,LB
1594345,2023-09-19,LB,2023-09-19,LB
1594646,2025-01-06,LB,2025-01-06,LB
1594707,2022-08-15,LB,2022-08-15,LB
1595179,2025-10-14,LB,2025-10-14,LB
1595467,2026-01-20,LB,2026-01-20,LB
1595600,2024-02-20,LB,2024-02-20,LB
1595765,2022-08-23,LB,2022-08-23,LB
1596043,2024-12-12,LB,2024-12-12,LB
1596135,2022-04-08,LB,2022-04-08,LB
1596149,2024-08-30,LB,2024-08-30,LB
1596223,2021-02-05,LB,2021-02-05,LB
1596290,2025-07-29,LB,2025-07-29,LB
1596305,2026-01-15,LB,2026-01-15,LB
1596435,2022-10-13,LB,2022-10-13,LB
1596505,2024-03-01,LB,2024-03-01,LB
1596515,2025-09-22,LB,2025-09-22,LB
1596669,2025-12-21,LB,2025-12-21,LB
1596921,2025-03-13,LB,2025-08-26,LB
1597500,2022-07-19,LB,2022-07-19,LB
1597547,2026-02-01,LB,2026-02-01,LB
1597718,2023-12-06,LB,2023-12-06,LB
1598025,2020-10-27,LB,2025-12-30,LB
1598396,2024-04-11,LB,2025-08-04,LB
1598404,2025-03-01,LB,2025-03-01,LB
1598469,2026-01-21,LB,2026-01-21,LB
1598487,2024-12-09,LB,2024-12-09,LB
1598508,2022-12-13,LB,2022-12-13,LB
1598570,2025-10-01,B,2025-10-01,B
1599223,2025-04-17,B,2025-04-17,B
1599394,2026-01-18,B,2026-01-18,B
1600061,2025-05-05,B,2025-05-05,B
1602084,2021-05-31,LB,2021-05-31,LB
1602379,2022-06-27,LB,2022-06-27,LB
1602380,2021-09-01,LB,2021-09-01,LB
1602406,2021-12-23,LB,2021-12-23,LB
1602656,2021-08-19,LB,2025-10-10,LB
1602843,2023-07-29,LB,2023-07-29,LB
1603049,2025-06-01,LB,2025-06-01,LB
1603171,2022-08-16,LB,2022-08-16,LB
1603266,2021-09-06,LB,2021-09-06,LB
1603291,2021-09-06,LB,2021-09-06,LB
1603297,2021-09-06,LB,2021-09-06,LB
1603355,2022-09-07,LB,2024-03-07,LB
1603525,2025-09-24,LB,2025-09-24,LB
1603595,2022-12-20,LB,2022-12-20,LB
1603786,2025-07-21,LB,2025-07-21,LB
1603789,2021-09-09,LB,2021-09-09,LB
1603887,2021-09-10,LB,2021-09-10,LB
1603896,2023-12-04,LB,2023-12-04,LB
1603985,2025-04-21,LB,2025-04-21,LB
1604049,2019-09-05,LB,2025-12-17,LB
1604066,2024-10-17,LB,2024-10-17,LB
1604069,2024-09-30,LB,2024-09-30,LB
1604092,2021-09-23,LB,2021-09-23,LB
1604285,2021-09-15,LB,2021-09-15,LB
1604353,2025-12-01,LB,2025-12-01,LB
1604518,2022-08-06,LB,2022-08-06,LB
1604527,2021-04-08,LB,2021-04-08,LB
1604537,2021-08-11,LB,2022-01-11,LB
1604539,2025-12-08,LB,2025-12-08,LB
1604617,2021-09-15,LB,2021-09-15,LB
1604653,2025-09-24,LB,2025-09-24,LB
1604808,2024-02-05,LB,2024-02-05,LB
1605031,2021-09-27,LB,2021-09-27,LB
1605066,2025-09-09,LB,2025-09-09,LB
1605162,2021-09-26,LB,2021-09-26,LB
1605169,2022-06-13,LB,2022-06-13,LB
1605234,2022-07-05,LB,2022-07-05,LB
1605334,2022-01-21,LB,2022-01-21,LB
1605515,2023-11-15,LB,2023-11-15,LB
1605779,2022-07-19,LB,2022-07-19,LB
1605829,2021-11-17,B,2021-11-17,B
1605924,2021-05-20,LB,2021-05-20,LB
1605941,2023-09-03,LB,2023-09-03,LB
1606122,2021-10-29,LB,2026-01-28,LB
1606125,2025-07-15,LB,2025-07-15,LB
1606200,2024-04-15,LB,2024-04-15,LB
1606220,2022-07-12,LB,2022-07-12,LB
1606248,2022-10-18,LB,2022-10-18,LB
1606279,2021-12-08,LB,2023-05-23,LB
1606454,2022-02-11,LB,2022-02-11,LB
1606472,2023-11-15,LB,2023-11-15,LB
1606490,2024-05-27,LB,2024-05-27,LB
1606566,2021-09-17,LB,2026-01-19,LB
1606726,2022-02-04,LB,2025-11-17,LB
1606925,2025-12-23,LB,2025-12-23,LB
1606926,2021-04-10,LB,2021-04-10,LB
1607255,2022-05-26,LB,2022-05-26,LB
1607507,2023-12-02,LB,2023-12-02,LB
1607540,2025-02-20,LB,2025-02-20,LB
1607568,2024-10-14,LB,2024-10-14,LB
1607638,2022-10-28,LB,2022-10-28,LB
1607813,2022-05-10,LB,2022-05-10,LB
1607874,2021-04-12,LB,2023-04-05,LB
1607961,2024-03-04,LB,2024-03-04,LB
1608132,2025-01-27,LB,2025-01-27,LB
1608157,2022-08-15,LB,2022-08-15,LB
1608167,2022-10-04,LB,2022-10-04,LB
1608245,2025-03-17,LB,2025-03-17,LB
1608368,2022-09-12,LB,2022-09-12,LB
1608395,2022-02-24,LB,2022-02-24,LB
1608473,2022-07-11,LB,2022-07-11,LB
1608514,2021-10-06,LB,2021-10-06,LB
1608721,2025-02-27,LB,2025-02-27,LB
1608752,2024-02-24,LB,2024-02-24,LB
1608779,2024-01-12,LB,2024-01-12,LB
1608795,2020-11-06,LB,2020-11-06,LB
1608831,2023-12-11,LB,2023-12-11,LB
1608967,2024-10-25,LB,2024-10-25,LB
1609115,2024-08-24,LB,2024-11-05,LB
1609165,2022-03-02,LB,2022-03-02,LB
1609350,2025-05-08,LB,2025-05-08,LB
1609396,2021-10-10,LB,2021-10-10,LB
1609422,2026-01-19,LB,2026-01-19,LB
1609472,2021-03-20,LB,2021-03-20,LB
1609547,2021-10-10,LB,2021-10-10,LB
1609554,2021-11-24,LB,2025-09-08,LB
1609590,2021-10-10,LB,2021-10-10,LB
1609673,2023-07-25,LB,2023-07-25,LB
1609774,2020-11-01,LB,2020-11-01,LB
1609858,2021-10-11,LB,2021-10-11,LB
1609921,2021-10-11,LB,2021-10-11,LB
1610062,2026-01-12,LB,2026-01-12,LB
1610127,2022-08-16,LB,2022-08-16,LB
1610138,2025-10-01,LB,2025-10-01,LB
1610146,2024-08-23,LB,2024-08-23,LB
1610305,2023-03-26,LB,2023-03-26,LB
1610339,2023-06-14,LB,2023-06-14,LB
1610482,2025-03-06,LB,2025-03-06,LB
1610490,2025-08-19,LB,2025-08-19,LB
1611071,2022-10-19,LB,2022-10-19,LB
1611136,2021-10-13,LB,2021-10-13,LB
1611160,2023-01-16,LB,2023-01-16,LB
1611331,2023-11-13,LB,2023-11-13,LB
1611419,2022-07-25,LB,2022-07-25,LB
1611586,2020-11-10,LB,2020-11-10,LB
1611692,2023-07-11,LB,2023-07-11,LB
1611726,2026-01-06,LB,2026-01-06,LB
1611858,2021-06-24,LB,2021-06-24,LB
1611896,2022-09-27,LB,2022-09-27,LB
1612039,2023-08-09,LB,2023-08-09,LB
1612081,2024-02-24,LB,2024-02-24,LB
1612197,2021-10-21,LB,2021-10-21,LB
1612277,2022-07-06,LB,2022-07-06,LB
1612386,2023-12-26,LB,2023-12-26,LB
1612484,2022-06-27,LB,2022-06-27,LB
1612699,2025-09-02,LB,2025-09-02,LB
1612704,2021-10-23,LB,2021-10-23,LB
1612779,2023-10-18,LB,2023-10-18,LB
1613103,2021-10-25,LB,2021-10-25,LB
1613253,2023-06-30,LB,2023-06-30,LB
1613296,2021-11-06,LB,2025-06-12,LB
1613313,2025-07-05,LB,2025-07-05,LB
1613427,2021-10-27,LB,2021-10-27,LB
1613574,2025-10-09,LB,2025-10-09,LB
1613644,2022-06-13,LB,2022-06-13,LB
1613696,2024-12-16,LB,2024-12-16,LB
1613769,2021-10-28,LB,2021-10-28,LB
1613847,2024-01-09,LB,2024-01-09,LB
1613898,2022-05-21,LB,2022-05-21,LB
1614071,2025-05-07,LB,2025-05-07,LB
1614082,2021-11-02,LB,2021-11-02,LB
1614373,2019-11-06,LB,2022-11-01,LB
1614460,2022-02-24,LB,2022-02-24,LB
1614508,2024-03-29,LB,2024-03-29,LB
1614533,2021-09-03,LB,2021-09-03,LB
1614704,2023-11-17,LB,2023-11-17,LB
1614775,2025-04-16,LB,2025-04-16,LB
1614934,2021-11-03,LB,2021-11-03,LB
1614955,2021-11-09,LB,2021-11-09,LB
1615078,2021-11-05,LB,2021-11-05,LB
1615124,2021-09-16,LB,2025-06-12,LB
1615162,2022-03-02,LB,2022-03-02,LB
1615223,2023-10-17,LB,2023-10-17,LB
1615423,2025-03-06,LB,2025-03-06,LB
1615458,2021-11-05,LB,2021-11-05,LB
1615525,2021-11-05,LB,2021-11-05,LB
1615592,2021-11-06,LB,2021-11-06,LB
1615600,2025-01-23,LB,2025-01-23,LB
1615603,2021-04-17,LB,2021-04-17,LB
1615660,2021-11-10,LB,2025-02-20,LB
1615865,2021-11-07,LB,2021-11-07,LB
1616184,2021-11-09,LB,2021-11-09,LB
1616332,2021-11-10,LB,2021-11-10,LB
1616416,2021-07-03,LB,2021-07-03,LB
1616435,2021-03-24,LB,2021-03-24,LB
1616439,2021-11-10,LB,2021-11-10,LB
1616445,2019-09-26,LB,2026-01-22,LB
1616461,2023-08-10,LB,2023-08-10,LB
1616464,2023-02-14,LB,2023-02-14,LB
1616498,2022-06-20,LB,2022-06-20,LB
1616619,2023-08-04,LB,2023-08-04,LB
1616650,2022-07-05,LB,2022-07-05,LB
1616728,2021-11-10,LB,2025-05-05,LB
1616900,2025-05-05,LB,2025-05-05,LB
1616938,2021-11-13,LB,2021-11-13,LB
1617014,2025-11-19,LB,2025-11-19,LB
1617074,2021-12-22,LB,2022-12-30,LB
1617086,2023-08-10,LB,2023-08-10,LB
1617092,2025-05-29,LB,2025-05-29,LB
1617137,2024-11-21,LB,2024-11-21,LB
1617316,2019-07-22,LB,2021-07-28,LB
1617336,2023-12-13,LB,2023-12-13,LB
1617410,2023-11-19,LB,2023-11-19,LB
1617628,2025-11-24,LB,2025-11-24,LB
1617680,2023-12-04,LB,2024-04-25,LB
1617700,2024-02-04,LB,2024-02-04,LB
1617735,2022-02-13,LB,2025-11-10,LB
1617788,2023-01-17,LB,2023-01-17,LB
1617808,2022-01-26,LB,2022-01-26,LB
1617999,2025-09-28,B,2025-09-28,B
1618159,2021-04-08,LB,2021-04-08,LB
1618258,2022-09-27,LB,2022-09-27,LB
1618297,2025-10-21,LB,2025-10-21,LB
1618677,2021-12-22,LB,2023-12-21,LB
1618777,2024-01-17,LB,2024-01-17,LB
1618896,2024-10-16,LB,2024-10-16,LB
1618937,2022-06-09,LB,2022-06-09,LB
1618965,2023-10-30,B,2023-10-30,B
1619001,2021-12-23,LB,2024-10-06,LB
1619122,2021-11-26,LB,2021-11-26,LB
1619212,2020-12-21,LB,2020-12-21,LB
1619574,2021-03-12,LB,2021-03-12,LB
1619701,2021-11-29,LB,2021-11-29,LB
1619782,2022-06-05,LB,2022-06-05,LB
1619787,2021-12-30,LB,2024-12-03,LB
1619877,2022-11-22,LB,2022-11-22,LB
1619922,2025-09-22,LB,2025-09-22,LB
1620350,2024-12-02,LB,2024-12-02,LB
1620401,2025-03-17,LB,2025-03-17,LB
1620418,2021-12-06,LB,2021-12-06,LB
1620489,2025-09-15,LB,2025-09-15,LB
1620542,2024-02-24,LB,2024-02-24,LB
1620996,2022-11-22,LB,2022-11-22,LB
1621008,2023-12-26,LB,2023-12-26,LB
1621171,2021-02-01,LB,2021-02-01,LB
1621259,2025-08-11,LB,2025-08-11,LB
1621268,2021-09-17,LB,2026-01-05,LB
1621286,2024-03-13,LB,2024-03-13,LB
1621409,2025-04-16,LB,2025-04-16,LB
1621533,2023-04-24,LB,2023-04-24,LB
1621571,2024-01-23,LB,2024-01-23,LB
1621616,2024-06-23,LB,2024-06-23,LB
1621922,2024-08-13,LB,2024-08-13,LB
1621966,2021-06-01,LB,2021-06-01,LB
1622036,2021-06-07,LB,2021-06-07,LB
1622054,2025-08-22,LB,2025-08-22,LB
1622104,2025-10-27,LB,2025-10-27,LB
1622181,2022-05-27,LB,2025-04-16,LB
1622185,2024-08-29,LB,2025-10-20,LB
1622266,2026-01-09,LB,2026-01-09,LB
1622464,2022-07-22,LB,2022-07-22,LB
1622590,2023-08-28,LB,2023-08-28,LB
1622595,2025-10-01,LB,2025-10-01,LB
1622654,2025-06-12,LB,2025-06-12,LB
1622692,2024-03-10,LB,2024-03-10,LB
1622754,2021-10-25,LB,2021-10-25,LB
1622830,2022-01-22,LB,2024-11-11,LB
1622844,2022-10-07,LB,2022-10-07,LB
1622863,2026-01-11,LB,2026-01-11,LB
1622881,2019-09-17,LB,2024-12-16,LB
1622962,2023-04-09,LB,2023-04-09,LB
1622976,2021-12-30,LB,2025-12-26,LB
1622981,2022-09-01,B,2022-09-01,B
1623101,2022-03-21,LB,2024-11-27,LB
1623108,2025-10-21,LB,2025-10-21,LB
1623123,2024-01-21,LB,2024-01-21,LB
1623135,2025-11-15,LB,2025-11-15,LB
1623176,2021-09-15,LB,2021-09-15,LB
1623348,2023-05-15,LB,2023-05-15,LB
1623368,2021-12-14,LB,2026-02-01,LB
1623406,2024-08-23,LB,2024-08-23,LB
1623472,2024-12-12,LB,2024-12-12,LB
1623510,2021-08-23,LB,2021-08-23,LB
1623543,2022-08-09,LB,2022-08-09,LB
1623638,2019-07-10,LB,2025-06-12,LB
1623731,2023-12-30,LB,2023-12-30,LB
1623796,2025-04-21,LB,2025-04-21,LB
1623812,2023-12-13,LB,2023-12-13,LB
1623813,2025-07-23,LB,2025-07-23,LB
1623853,2024-08-20,LB,2024-08-20,LB
1624091,2022-04-13,LB,2025-03-18,LB
1624157,2021-10-03,LB,2021-10-03,LB
1624257,2021-06-13,LB,2021-06-13,LB
1624335,2023-11-20,LB,2023-11-20,LB
1624356,2022-08-15,LB,2022-08-15,LB
1624399,2022-01-18,LB,2025-12-26,LB
1624446,2023-11-24,LB,2023-11-24,LB
1624597,2021-11-24,LB,2022-07-07,LB
1624613,2025-03-17,LB,2025-03-17,LB
1624652,2025-12-23,LB,2025-12-23,LB
1624764,2023-09-21,LB,2024-08-24,LB
1624780,2022-06-20,LB,2022-06-20,LB
1624803,2021-10-18,LB,2026-01-05,LB
1624971,2024-05-13,LB,2024-05-13,LB
1625035,2023-05-21,LB,2023-05-21,LB
1625145,2025-03-31,LB,2025-03-31,LB
1625242,2021-09-19,LB,2024-09-07,LB
1625398,2025-08-13,LB,2025-08-13,LB
1625671,2021-11-12,LB,2023-11-27,LB
1625726,2025-11-17,LB,2025-11-17,LB
1625770,2022-11-22,LB,2022-11-22,LB
1626061,2022-10-07,LB,2022-10-07,LB
1626214,2024-11-11,LB,2024-11-11,LB
1626232,2026-01-26,LB,2026-01-26,LB
1626342,2025-01-20,LB,2025-01-20,LB
1626420,2022-09-27,LB,2022-09-27,LB
1626461,2022-08-10,LB,2022-08-10,LB
1626469,2022-11-12,LB,2022-11-12,LB
1626591,2021-10-01,LB,2026-01-28,LB
1626601,2024-08-06,LB,2025-05-05,LB
1626677,2024-02-01,LB,2025-06-25,LB
1626692,2021-10-15,LB,2021-10-15,LB
1626694,2024-08-21,LB,2024-08-21,LB
1627031,2022-09-01,LB,2022-11-04,LB
1627056,2025-01-13,LB,2025-01-13,LB
1627176,2022-03-24,LB,2024-01-22,LB
1627266,2025-08-04,LB,2025-08-04,LB
1627484,2025-12-11,LB,2025-12-11,LB
1627497,2026-01-13,LB,2026-01-13,LB
1627533,2026-01-19,LB,2026-01-19,LB
1627548,2025-07-06,LB,2025-07-06,LB
1627550,2024-02-26,LB,2024-02-26,LB
1627567,2025-03-30,LB,2025-03-30,LB
1627629,2022-04-26,LB,2025-12-15,LB
1627673,2022-07-12,LB,2022-07-12,LB
1627728,2021-01-18,LB,2021-01-18,LB
1627893,2019-04-09,LB,2025-04-14,LB
1627993,2025-05-12,LB,2025-05-12,LB
1628081,2021-08-07,LB,2021-08-07,LB
1628150,2026-01-20,LB,2026-01-20,LB
1628193,2025-10-22,LB,2025-10-22,LB
1628340,2025-03-13,LB,2025-03-13,LB
1628367,2021-08-23,LB,2025-12-11,LB
1628381,2021-09-19,LB,2021-09-19,LB
1628491,2024-02-24,LB,2024-02-24,LB
1628558,2023-11-15,LB,2023-11-15,LB
1628649,2020-12-17,LB,2021-05-04,LB
1628693,2025-09-21,LB,2025-09-21,LB
1628994,2023-05-30,LB,2023-05-30,LB
1629291,2021-08-08,LB,2021-08-08,LB
1629327,2024-04-29,LB,2024-04-29,LB
1629358,2021-09-04,LB,2021-09-04,LB
1629389,2021-03-24,LB,2021-03-24,LB
1629434,2019-03-18,LB,2026-01-06,LB
1629540,2025-04-16,LB,2025-04-16,LB
1629611,2023-02-04,LB,2023-02-04,LB
1629706,2025-04-14,LB,2025-04-14,LB
1629772,2025-04-08,LB,2025-04-08,LB
1629984,2022-01-10,LB,2022-03-03,LB
1630108,2022-01-12,LB,2022-01-12,LB
1630226,2022-10-17,LB,2022-10-17,LB
1630320,2022-01-02,LB,2025-12-26,LB
1630535,2023-02-17,LB,2023-02-17,LB
1630620,2024-08-12,LB,2024-08-12,LB
1630698,2022-06-13,LB,2022-06-13,LB
1630858,2023-04-12,LB,2023-04-12,LB
1630904,2025-08-05,LB,2025-08-05,LB
1631023,2021-02-08,LB,2021-02-08,LB
1631035,2022-09-06,LB,2022-09-06,LB
1631358,2021-03-10,LB,2021-03-10,LB
1631444,2024-10-25,LB,2024-10-25,LB
1631475,2021-08-02,LB,2021-08-02,LB
1631595,2025-07-20,LB,2025-07-20,LB
1631636,2022-04-10,LB,2025-03-17,LB
1631842,2024-02-24,LB,2024-02-24,LB
1632350,2022-07-15,LB,2022-07-15,LB
1632664,2022-09-01,LB,2022-09-01,LB
1632715,2023-06-09,LB,2023-06-09,LB
1632769,2023-07-07,LB,2023-07-07,LB
1633053,2023-03-21,LB,2023-03-21,LB
1633200,2022-08-09,LB,2022-08-09,LB
1633425,2026-01-12,LB,2026-01-12,LB
1633552,2024-02-07,LB,2024-02-07,LB
1633753,2021-12-12,LB,2026-01-13,LB
1633886,2024-12-02,LB,2024-12-02,LB
1634048,2025-01-23,LB,2025-01-23,LB
1634414,2023-06-16,LB,2023-06-16,LB
1634498,2022-04-20,LB,2025-12-22,LB
1634534,2023-03-01,LB,2023-03-01,LB
1634545,2025-02-27,LB,2025-02-27,LB
1634573,2021-02-17,LB,2021-02-17,LB
1634771,2023-07-15,LB,2023-07-15,LB
1635069,2022-11-22,LB,2022-11-22,LB
1635270,2023-10-03,LB,2023-10-03,LB
1635587,2023-07-16,LB,2023-07-16,LB
1635673,2021-05-19,LB,2021-05-19,LB
1635678,2024-01-22,LB,2024-01-22,LB
1635867,2021-06-30,LB,2021-06-30,LB
1635874,2021-10-16,LB,2021-10-16,LB
1635885,2024-07-06,LB,2024-07-06,LB
1635970,2025-04-28,LB,2025-04-28,LB
1636115,2021-12-30,LB,2023-11-28,LB
1636178,2021-08-12,LB,2026-01-04,LB
1636224,2024-02-16,LB,2024-02-16,LB
1636268,2022-05-05,LB,2022-05-05,LB
1636374,2021-12-17,LB,2024-05-22,LB
1636432,2022-10-04,LB,2022-10-04,LB
1636477,2026-01-05,LB,2026-01-05,LB
1636519,2023-06-16,LB,2023-06-16,LB
1636602,2024-10-22,LB,2024-10-22,LB
1636689,2024-03-26,LB,2024-03-26,LB
1637158,2025-06-12,LB,2025-06-12,LB
1637350,2023-10-07,LB,2023-10-07,LB
1637363,2023-07-17,LB,2023-07-17,LB
1637392,2021-12-14,LB,2024-12-09,LB
1637399,2022-06-27,LB,2022-06-27,LB
1637433,2023-11-28,LB,2023-11-28,LB
1637519,2024-02-24,LB,2024-02-24,LB
1637947,2021-04-14,LB,2021-04-14,LB
1638021,2026-01-07,LB,2026-01-07,LB
1638031,2020-12-07,LB,2020-12-07,LB
1638098,2022-07-19,LB,2022-07-19,LB
1638144,2021-03-09,LB,2021-03-09,LB
1638322,2023-05-16,LB,2024-03-01,LB
1638440,2025-11-23,LB,2025-11-23,LB
1638452,2021-10-20,LB,2021-10-20,LB
1638583,2024-02-19,LB,2024-02-19,LB
1638656,2024-12-16,LB,2025-10-01,LB
1638741,2025-12-28,LB,2025-12-28,LB
1638754,2021-12-30,LB,2022-09-06,LB
1639139,2026-01-21,LB,2026-01-21,LB
1639291,2025-08-29,LB,2025-08-29,LB
1639400,2024-02-20,LB,2024-02-20,LB
1639539,2026-01-20,LB,2026-01-20,LB
1639607,2024-12-03,LB,2024-12-03,LB
1639648,2024-09-30,LB,2024-09-30,LB
1639690,2020-01-27,LB,2025-10-21,LB
1639785,2024-03-19,LB,2024-03-19,LB
1639978,2023-06-23,LB,2024-08-28,LB
1640511,2021-05-06,LB,2021-05-06,LB
1640593,2022-02-11,LB,2025-03-30,LB
1640910,2025-05-26,LB,2025-05-26,LB
1641068,2021-03-22,LB,2021-03-22,LB
1641093,2026-01-12,LB,2026-01-12,LB
1641131,2022-05-25,LB,2025-11-10,LB
1641250,2025-10-18,LB,2025-10-18,LB
1641291,2023-05-15,LB,2023-05-15,LB
1641507,2025-04-02,LB,2025-12-09,LB
1641679,2021-10-10,LB,2021-10-10,LB
1642013,2021-06-02,LB,2021-06-02,LB
1642014,2026-01-09,LB,2026-01-09,LB
1642210,2021-07-23,LB,2025-12-01,LB
1642343,2023-05-07,LB,2023-05-07,LB
1642427,2025-11-27,LB,2025-11-27,LB
1642429,2022-03-09,LB,2022-03-09,LB
1643338,2025-08-26,LB,2025-08-26,LB
1643580,2022-07-23,LB,2022-07-23,LB
1643692,2022-09-06,LB,2022-09-06,LB
1643810,2024-11-11,LB,2024-11-11,LB
1643964,2023-09-03,LB,2023-09-03,LB
1644038,2022-07-19,LB,2022-07-19,LB
1644060,2021-03-29,LB,2021-03-29,LB
1644076,2024-02-21,LB,2024-02-24,LB
1644287,2021-03-31,LB,2021-03-31,LB
1644327,2025-11-17,LB,2025-11-17,LB
1644532,2025-06-29,LB,2025-06-29,LB
1644583,2026-01-20,LB,2026-01-20,LB
1644645,2021-11-28,LB,2021-11-28,LB
1644741,2024-02-17,LB,2024-02-17,LB
1644772,2021-08-28,LB,2021-08-28,LB
1644815,2021-07-12,LB,2021-07-12,LB
1644886,2022-09-26,LB,2022-09-26,LB
1645102,2022-08-13,LB,2022-08-13,LB
1645176,2025-04-02,LB,2025-04-02,LB
1645262,2021-07-26,LB,2026-01-11,LB
1645305,2024-08-28,LB,2024-08-28,LB
1645440,2024-02-11,LB,2024-02-11,LB
1645441,2020-10-29,LB,2020-10-29,LB
1645505,2022-11-07,LB,2022-11-07,LB
1645523,2025-03-17,LB,2025-03-17,LB
1645572,2020-11-17,LB,2020-11-17,LB
1646002,2021-09-15,LB,2021-09-15,LB
1646398,2021-04-06,LB,2021-04-06,LB
1646450,2023-11-27,LB,2023-11-27,LB
1646454,2026-02-02,LB,2026-02-02,LB
1646499,2024-11-05,LB,2024-11-05,LB
1646642,2025-02-15,LB,2025-02-15,LB
1646734,2022-05-05,LB,2023-04-17,LB
1646745,2021-01-19,LB,2021-01-19,LB
1646977,2022-04-20,LB,2025-12-15,LB
1647150,2022-02-04,LB,2026-01-28,LB
1647559,2025-12-16,LB,2025-12-16,LB
1647706,2021-05-31,LB,2021-05-31,LB
1647986,2023-08-17,LB,2023-08-17,LB
1648117,2022-04-29,LB,2025-03-17,LB
1648136,2023-12-19,LB,2023-12-19,LB
1648241,2022-08-15,LB,2022-08-15,LB
1648355,2020-11-13,LB,2020-11-13,LB
1648556,2023-09-18,LB,2025-09-02,LB
1648649,2025-09-09,LB,2025-09-09,LB
1648679,2021-08-18,LB,2021-08-18,LB
1648983,2022-02-04,LB,2022-02-04,LB
1649112,2020-11-10,LB,2020-11-10,LB
1649439,2021-04-14,LB,2021-04-14,LB
1649441,2021-04-02,LB,2021-04-02,LB
1649500,2025-08-31,LB,2025-08-31,LB
1649550,2021-11-18,LB,2024-10-08,LB
1649656,2023-08-17,LB,2023-08-17,LB
1649658,2024-09-13,LB,2024-09-13,LB
1649681,2022-10-18,LB,2022-10-18,LB
1649895,2020-10-05,LB,2023-04-09,LB
1650118,2025-02-17,LB,2025-02-17,LB
1650150,2021-12-05,LB,2025-12-15,LB
1650358,2022-04-06,LB,2026-01-20,LB
1650435,2024-02-24,LB,2024-02-24,LB
1650600,2022-07-06,LB,2022-07-06,LB
1650716,2023-07-16,LB,2023-07-16,LB
1650817,2022-07-19,B,2022-07-19,B
1650861,2020-11-13,LB,2020-11-13,LB
1650928,2025-04-28,LB,2025-04-28,LB
1651057,2024-04-15,LB,2024-05-29,LB
1651177,2021-11-19,LB,2021-11-19,LB
1651451,2025-05-26,B,2025-05-26,B
1651496,2021-04-22,LB,2021-04-22,LB
1651669,2022-10-24,LB,2022-10-24,LB
1651730,2024-02-19,LB,2024-02-19,LB
1651748,2022-02-24,LB,2025-07-30,LB
1651780,2026-01-24,LB,2026-01-24,LB
1651833,2025-06-12,LB,2025-06-12,LB
1651856,2022-01-05,LB,2022-01-05,LB
1651948,2023-12-01,LB,2023-12-01,LB
1652131,2024-06-26,LB,2024-06-26,LB
1652445,2025-12-14,LB,2025-12-14,LB
1652820,2022-11-08,LB,2022-11-08,LB
1653097,2025-01-06,LB,2025-01-06,LB
1653180,2021-07-22,LB,2026-01-28,LB
1653311,2020-11-18,LB,2020-11-18,LB
1653329,2025-12-27,LB,2025-12-27,LB
1653526,2025-01-15,LB,2025-01-15,LB
1653551,2024-06-17,LB,2024-06-17,LB
1653606,2022-08-28,LB,2022-08-28,LB
1653834,2025-02-20,LB,2025-02-20,LB
1653999,2025-03-12,LB,2025-03-12,LB
1654013,2021-03-01,LB,2021-03-01,LB
1654355,2021-08-15,LB,2021-08-15,LB
1654434,2026-01-25,LB,2026-01-25,LB
1654491,2025-10-21,LB,2025-10-21,LB
1654567,2023-03-14,LB,2023-03-14,LB
1654777,2021-07-17,LB,2021-07-17,LB
1655210,2023-06-25,LB,2023-06-25,LB
1655388,2024-07-09,LB,2024-07-09,LB
1655487,2024-11-05,LB,2024-11-05,LB
1655624,2021-04-08,LB,2021-04-08,LB
1655829,2022-05-26,LB,2025-05-04,LB
1655894,2021-05-30,LB,2021-05-30,LB
1656008,2022-03-18,LB,2022-03-18,LB
1656198,2021-11-14,LB,2021-11-14,LB
1656272,2021-11-10,LB,2025-12-03,LB
1656290,2026-01-11,LB,2026-01-11,LB
1656652,2022-05-17,LB,2022-05-17,LB
1656695,2020-11-27,LB,2020-11-27,LB
1656898,2022-05-12,LB,2024-08-08,LB
1656990,2026-01-20,LB,2026-01-20,LB
1657166,2026-01-11,LB,2026-01-11,LB
1657341,2025-02-16,LB,2025-03-01,LB
1657371,2026-02-03,LB,2026-02-03,LB
1657435,2023-04-08,LB,2023-04-08,LB
1657594,2021-05-19,LB,2021-05-19,LB
1658034,2025-12-22,LB,2025-12-22,LB
1658068,2020-12-03,LB,2020-12-03,LB
1658161,2022-09-23,LB,2022-09-23,LB
1658174,2021-08-17,LB,2021-08-17,LB
1658282,2024-10-28,LB,2024-10-28,LB
1658398,2021-05-13,LB,2021-05-13,LB
1658609,2019-04-18,LB,2023-08-30,LB
1658802,2022-03-17,LB,2022-03-17,LB
1658857,2020-12-04,LB,2020-12-04,LB
1658941,2024-02-23,LB,2024-02-23,LB
1658981,2022-12-03,LB,2022-12-03,LB
1659088,2025-03-17,LB,2025-03-17,LB
1659235,2023-05-15,LB,2023-05-15,LB
1659244,2023-08-30,LB,2023-08-30,LB
1659524,2021-03-25,LB,2021-03-25,LB
1659548,2024-10-12,LB,2024-10-12,LB
1659555,2021-08-11,LB,2021-08-11,LB
1659841,2025-07-09,LB,2025-07-09,LB
1659856,2022-01-04,LB,2022-01-04,LB
1659944,2026-01-24,LB,2026-01-24,LB
1660019,2022-01-14,LB,2022-01-14,LB
1660083,2020-12-09,LB,2020-12-09,LB
1660238,2024-02-02,LB,2024-02-02,LB
1660263,2023-05-15,LB,2023-05-15,LB
1660328,2022-08-13,LB,2022-08-13,LB
1660603,2020-12-11,LB,2020-12-11,LB
1660768,2024-05-23,LB,2024-05-23,LB
1660894,2022-10-24,LB,2022-10-24,LB
1660973,2026-01-14,LB,2026-01-14,LB
1661230,2024-06-17,LB,2024-06-17,LB
1661427,2022-11-28,LB,2022-11-28,LB
1661570,2023-07-26,LB,2024-03-14,LB
1661602,2021-04-01,B,2021-04-01,B
1661640,2025-11-25,LB,2025-11-25,LB
1661725,2024-02-06,LB,2024-02-06,LB
1661753,2024-05-22,LB,2024-05-22,LB
1662014,2024-02-24,LB,2024-02-24,LB
1662081,2024-03-05,LB,2024-03-05,LB
1662225,2022-08-10,LB,2022-08-10,LB
1662844,2025-07-25,LB,2025-07-25,LB
1663088,2025-07-07,LB,2025-07-07,LB
1663483,2020-12-20,LB,2020-12-20,LB
1663838,2025-03-04,LB,2025-03-04,LB
1664221,2020-12-23,LB,2020-12-23,LB
1664233,2023-05-05,LB,2023-05-05,LB
1664505,2021-11-01,LB,2021-11-01,LB
1664619,2024-01-11,LB,2024-01-11,LB
1664676,2023-07-25,LB,2023-07-25,LB
1664694,2025-12-28,LB,2025-12-28,LB
1665100,2022-10-04,LB,2022-10-04,LB
1665251,2024-10-16,LB,2024-10-16,LB
1665263,2021-08-26,LB,2021-08-26,LB
1665379,2020-12-24,LB,2020-12-24,LB
1665550,2024-10-16,LB,2024-10-16,LB
1665680,2026-01-05,LB,2026-01-05,LB
1665727,2023-11-05,LB,2023-11-05,LB
1666080,2021-08-27,LB,2021-08-27,LB
1666163,2023-04-30,LB,2023-04-30,LB
1666204,2021-12-15,LB,2022-10-24,LB
1666532,2023-10-26,LB,2023-10-26,LB
1666880,2024-10-22,LB,2024-10-22,LB
1667159,2023-11-13,LB,2023-11-13,LB
1667260,2025-03-24,LB,2025-03-24,LB
1667270,2021-06-14,LB,2021-06-14,LB
1667343,2020-12-28,LB,2020-12-28,LB
1667415,2020-12-29,LB,2020-12-29,LB
1667420,2023-06-14,B,2023-06-14,B
1667425,2025-12-19,LB,2025-12-19,LB
1667509,2023-11-07,LB,2023-11-07,LB
1667571,2022-03-04,LB,2022-03-04,LB
1667594,2023-07-10,LB,2023-07-10,LB
1667772,2020-12-30,LB,2020-12-30,LB
1667880,2023-02-21,LB,2023-02-21,LB
1668002,2025-02-02,LB,2025-02-02,LB
1668362,2021-01-01,LB,2021-01-01,LB
1668560,2021-08-03,LB,2021-08-03,LB
1668758,2023-10-03,LB,2023-10-03,LB
1668846,2021-01-03,LB,2021-01-03,LB
1668868,2020-11-25,LB,2020-11-25,LB
1669020,2024-05-04,LB,2024-05-04,LB
1669098,2023-11-06,LB,2023-11-06,LB
1669146,2021-01-04,LB,2021-01-04,LB
1669206,2023-08-10,LB,2023-08-10,LB
1669262,2024-08-05,LB,2024-08-05,LB
1669332,2023-10-30,LB,2023-10-30,LB
1669355,2025-12-10,LB,2025-12-10,LB
1669431,2026-01-06,B,2026-01-06,B
1669528,2022-07-26,LB,2022-07-26,LB
1669643,2023-10-03,LB,2023-10-03,LB
1669666,2023-03-27,LB,2023-03-27,LB
1669833,2023-12-19,LB,2023-12-19,LB
1669843,2021-06-23,LB,2021-06-23,LB
1669895,2021-01-08,LB,2021-01-08,LB
1670069,2021-12-15,LB,2024-11-05,LB
1670070,2025-12-17,LB,2025-12-17,LB
1670522,2021-06-24,LB,2021-06-24,LB
1670623,2025-12-22,LB,2025-12-22,LB
1670669,2023-06-19,LB,2023-06-19,LB
1670685,2022-04-22,LB,2025-08-09,LB
1670701,2022-06-27,LB,2022-06-27,LB
1670852,2024-05-06,LB,2024-05-06,LB
1671051,2025-12-31,LB,2025-12-31,LB
1671080,2021-07-06,LB,2021-07-06,LB
1671083,2023-09-17,LB,2023-09-17,LB
1671329,2022-05-06,B,2022-05-06,B
1671388,2020-12-04,LB,2020-12-04,LB
1671696,2024-10-23,LB,2024-10-23,LB
1671846,2021-11-06,LB,2025-12-31,LB
1672067,2021-09-09,LB,2021-09-09,LB
1672117,2024-10-21,LB,2024-10-21,LB
1672300,2022-09-07,LB,2022-09-07,LB
1672357,2025-05-02,LB,2025-05-02,LB
1672548,2023-02-22,LB,2023-02-22,LB
1672816,2022-09-06,LB,2022-09-06,LB
1672856,2026-01-13,LB,2026-01-13,LB
1672903,2021-07-04,LB,2021-07-04,LB
1672931,2024-01-11,LB,2024-01-11,LB
1673026,2024-11-27,LB,2024-11-27,LB
1673203,2025-12-31,LB,2025-12-31,LB
1673590,2025-03-31,LB,2025-03-31,LB
1673619,2025-12-16,LB,2025-12-16,LB
1674053,2022-07-09,LB,2025-10-13,LB
1674122,2021-01-27,LB,2021-01-27,LB
1674123,2025-10-14,LB,2025-10-14,LB
1674256,2021-10-23,LB,2021-10-23,LB
1674410,2024-08-28,LB,2024-10-25,LB
1674463,2024-02-12,LB,2024-02-12,LB
1674531,2021-07-14,LB,2021-07-14,LB
1674693,2021-01-28,LB,2021-01-28,LB
1674717,2025-09-28,LB,2025-09-28,LB
1674915,2021-01-29,LB,2021-01-29,LB
1674917,2021-10-21,LB,2023-08-31,LB
1674925,2025-12-01,LB,2025-12-01,LB
1674988,2022-07-19,LB,2022-07-19,LB
1675509,2022-02-01,P,2022-02-01,P
1676872,2020-07-10,LB,2020-07-10,LB
1677015,2022-03-04,VUS,2024-05-10,VUS
1677067,2022-03-09,LP,2022-03-09,LP
1677146,2022-03-18,VUS,2024-04-20,VUS
1677147,2022-03-18,VUS,2025-03-27,VUS
1677161,2022-03-20,VUS,2022-03-20,VUS
1677181,2022-03-23,LP,2022-03-23,LP
1677936,2022-02-16,VUS,2022-02-16,VUS
1678224,2020-05-11,VUS,2022-07-30,VUS
1678481,2021-06-25,VUS,2021-06-25,VUS
1678482,2021-06-25,VUS,2021-06-25,VUS
1679230,2021-08-01,VUS,2021-08-01,VUS
1679279,2021-08-01,LP,2021-08-01,LP
1683751,2022-01-19,VUS,2022-01-19,VUS
1683754,2021-07-27,VUS,2021-07-27,VUS
1684225,2021-12-05,B,2021-12-05,B
1684659,2022-02-17,P,2022-02-17,P
1686921,2022-05-02,P,2022-05-02,P
1686922,2022-05-02,P,2022-05-02,P
1686923,2022-05-02,P,2022-05-02,P
1686924,2022-05-02,P,2022-05-02,P
1686927,2022-05-02,P,2022-05-02,P
1690857,2020-04-14,VUS,2020-04-14,VUS
1691595,2021-12-10,LB,2021-12-10,LB
1693374,2021-07-15,VUS,2024-05-16,VUS
1694002,2021-06-09,VUS,2024-11-13,VUS
1694483,2022-06-01,P,2024-10-08,P
1695436,2021-01-20,LB,2021-01-20,LB
1695438,2021-04-09,LB,2021-04-09,LB
1695439,2021-04-09,LB,2021-04-09,LB
1695470,2021-04-09,LB,2021-04-09,LB
1695719,2022-01-11,VUS,2022-01-11,VUS
1696283,2022-05-05,VUS,2022-05-05,VUS
1696284,2022-05-03,VUS,2022-05-03,VUS
1696397,2022-05-02,VUS,2024-09-28,VUS
1696398,2022-05-02,VUS,2024-03-02,VUS
1696399,2022-05-04,LP,2024-03-27,LP
1696400,2022-05-03,VUS,2022-05-03,VUS
1696401,2016-01-01,VUS,2024-05-20,VUS
1697264,2022-02-04,VUS,2022-02-04,VUS
1698205,2022-01-24,VUS,2022-01-24,VUS
1698273,2022-01-20,VUS,2024-02-22,VUS
1698638,2022-06-24,VUS,2024-03-02,VUS
1698978,2022-05-21,P,2022-06-24,P
1699523,2022-01-28,VUS,2022-01-28,VUS
1700363,2022-02-07,VUS,2022-02-07,VUS
1700504,2022-02-08,VUS,2022-02-08,VUS
1701551,2022-07-01,P,2022-07-01,P
1702506,2021-11-22,VUS,2021-11-22,VUS
1702507,2019-06-01,VUS,2024-08-13,VUS
1702509,2018-10-01,VUS,2024-08-23,VUS
1702510,2018-10-01,VUS,2018-10-01,VUS
1702511,2019-06-01,VUS,2019-06-01,VUS
1702513,2021-04-07,VUS,2021-04-07,VUS
1702611,2021-12-29,VUS,2022-02-22,VUS
1702836,2022-02-21,VUS,2022-02-21,VUS
1703170,2022-04-28,LP,2022-04-28,LP
1704492,2024-01-18,LP,2025-07-14,LP
1704625,2022-07-06,VUS,2022-07-06,VUS
1704698,2022-09-07,VUS,2022-09-07,VUS
1704825,2022-03-10,VUS,2022-03-10,VUS
1704854,2022-03-07,VUS,2022-03-07,VUS
1705689,2024-07-23,VUS,2024-07-23,VUS
1705947,2021-12-16,LP,2021-12-16,LP
1706110,2022-03-15,VUS,2025-01-15,VUS
1706138,2021-06-18,VUS,2024-07-19,VUS
1706153,2020-05-08,LB,2020-05-08,LB
1706240,2022-03-15,VUS,2022-03-15,VUS
1706521,2021-12-16,P,2021-12-16,P
1706707,2021-03-05,LB,2021-03-05,LB
1707109,2021-05-22,LB,2021-05-22,LB
1707149,2021-03-05,LB,2021-03-05,LB
1707403,2022-09-26,P,2022-09-26,P
1707404,2022-09-26,P,2022-09-26,P
1707760,2022-03-28,VUS,2022-03-28,VUS
1708054,2022-05-17,LP,2022-05-17,LP
1708099,2021-10-08,P,2021-10-08,P
1708895,2022-04-06,VUS,2022-04-06,VUS
1708991,2022-02-14,LP,2022-02-14,LP
1709559,2022-08-25,P,2022-08-25,P
1710087,2022-10-08,P,2022-10-08,P
1710717,2022-04-17,LB,2022-04-17,LB
1711140,2022-10-04,LP,2022-10-04,LP
1711141,2022-09-01,LP,2026-01-26,LP
1711408,2022-09-01,VUS,2024-12-31,VUS
1712346,2017-04-03,VUS,2017-04-03,VUS
1712348,2016-12-12,VUS,2024-09-25,VUS
1712349,2016-12-12,VUS,2022-05-20,VUS
1712352,2019-08-01,VUS,2019-08-01,VUS
1712360,2016-12-12,VUS,2024-01-22,VUS
1712400,2020-04-01,LP,2020-04-01,LP
1712409,2018-02-01,VUS,2018-02-01,VUS
1712413,2021-06-24,VUS,2023-06-07,VUS
1712429,2018-06-01,VUS,2018-06-01,VUS
1712430,2018-06-01,VUS,2018-06-01,VUS
1712435,2017-12-01,VUS,2017-12-01,VUS
1712470,2019-07-01,VUS,2019-07-01,VUS
1712471,2017-02-06,VUS,2017-02-06,VUS
1712676,2022-04-29,VUS,2022-05-20,VUS
1712845,2022-04-22,VUS,2023-01-09,VUS
1712870,2022-04-27,VUS,2022-04-27,VUS
1713320,2025-03-31,VUS,2025-03-31,VUS
1713601,2022-07-23,VUS,2022-07-23,VUS
1713686,2022-10-31,VUS,2022-10-31,VUS
1713771,2022-07-25,VUS,2022-07-25,VUS
1713789,2024-02-17,VUS,2024-02-17,VUS
1713914,2022-07-27,VUS,2022-07-27,VUS
1713935,2023-11-06,VUS,2023-11-06,VUS
1713964,2022-11-01,VUS,2022-11-01,VUS
1713972,2022-07-27,VUS,2022-07-27,VUS
1713987,2025-02-03,VUS,2025-02-03,VUS
1714004,2022-07-27,VUS,2022-07-27,VUS
1714132,2022-10-05,VUS,2022-10-05,VUS
1714312,2022-07-30,VUS,2022-07-30,VUS
1714313,2022-07-30,VUS,2022-07-30,VUS
1714327,2022-07-30,VUS,2025-05-29,VUS
1714364,2022-07-15,VUS,2022-07-15,VUS
1714400,2023-08-17,VUS,2023-08-17,VUS
1714420,2022-11-22,VUS,2022-11-22,VUS
1714508,2023-11-20,VUS,2023-11-20,VUS
1714571,2024-02-24,VUS,2024-03-31,VUS
1714577,2024-01-22,VUS,2024-01-22,VUS
1714692,2023-12-11,VUS,2023-12-11,VUS
1714703,2025-01-13,VUS,2025-03-28,VUS
1714763,2025-01-27,VUS,2025-01-27,VUS
1715312,2025-02-17,VUS,2025-02-17,VUS
1715477,2022-06-24,VUS,2022-08-07,VUS
1715484,2022-08-07,VUS,2022-08-07,VUS
1715490,2022-08-07,VUS,2022-08-07,VUS
1715500,2022-11-02,VUS,2022-11-02,VUS
1715506,2022-08-07,VUS,2022-08-07,VUS
1715527,2023-11-06,VUS,2023-11-06,VUS
1715616,2022-08-07,VUS,2022-08-07,VUS
1715639,2023-05-22,VUS,2023-05-22,VUS
1715680,2022-11-01,VUS,2022-11-01,VUS
1715794,2022-10-17,VUS,2022-10-17,VUS
1715899,2022-08-16,VUS,2022-08-16,VUS
1715989,2022-08-09,VUS,2022-08-09,VUS
1716036,2022-08-10,VUS,2022-08-10,VUS
1716095,2022-08-10,VUS,2022-08-10,VUS
1716109,2022-08-11,VUS,2022-08-11,VUS
1716179,2023-11-27,VUS,2023-11-27,VUS
1716180,2023-10-13,VUS,2023-10-13,VUS
1716204,2023-06-13,VUS,2023-06-13,VUS
1716242,2025-03-31,VUS,2025-03-31,VUS
1716595,2022-11-29,VUS,2022-11-29,VUS
1716602,2022-08-17,VUS,2022-08-17,VUS
1716687,2024-12-02,VUS,2024-12-02,VUS
1716759,2022-08-19,VUS,2022-08-19,VUS
1716864,2022-08-19,VUS,2022-08-19,VUS
1716939,2025-06-12,VUS,2025-06-12,VUS
1716994,2022-07-22,VUS,2022-07-22,VUS
1717326,2022-08-21,VUS,2023-06-29,VUS
1717328,2022-08-21,VUS,2022-08-21,VUS
1717391,2022-08-21,VUS,2022-08-21,VUS
1717696,2022-08-22,VUS,2022-08-22,VUS
1717725,2025-06-12,VUS,2025-06-12,VUS
1717932,2022-10-25,VUS,2022-10-25,VUS
1719329,2022-07-19,VUS,2022-07-19,VUS
1719677,2022-09-17,VUS,2022-09-17,VUS
1719699,2022-07-19,VUS,2022-07-19,VUS
1720662,2024-12-24,VUS,2024-12-24,VUS
1720805,2022-07-20,VUS,2022-07-20,VUS
1720837,2022-07-20,VUS,2022-07-20,VUS
1722086,2022-09-27,VUS,2022-09-27,VUS
1722245,2022-07-21,VUS,2022-07-21,VUS
1722281,2022-07-21,VUS,2022-07-21,VUS
1722431,2022-09-09,VUS,2022-09-09,VUS
1722828,2022-05-04,VUS,2022-05-04,VUS
1722913,2022-05-06,VUS,2025-09-02,VUS
1722923,2022-11-01,VUS,2024-12-20,VUS
1723045,2022-05-06,VUS,2022-05-06,VUS
1723245,2022-10-05,LP,2022-10-05,LP
1723386,2022-10-03,VUS,2022-10-03,VUS
1723414,2022-10-28,LP,2022-10-28,LP
1723581,2022-05-06,VUS,2022-05-06,VUS
1723596,2022-05-10,VUS,2024-06-01,VUS
1801712,2022-09-22,VUS,2024-05-24,VUS
1801979,2022-06-03,VUS,2022-06-03,VUS
1804646,2021-09-24,LP,2021-09-24,LP
1804668,2022-11-09,LP,2022-11-09,LP
1804781,2022-11-14,LP,2022-11-14,LP
1804871,2022-10-13,LP,2022-10-13,LP
1805219,2022-02-02,VUS,2022-02-02,VUS
1805651,2020-10-19,VUS,2020-10-19,VUS
1806787,2022-06-22,VUS,2025-09-02,VUS
1806825,2022-06-23,VUS,2022-06-23,VUS
1807756,2021-08-31,P,2021-08-31,P
1807793,2021-10-31,P,2021-10-31,P
1807808,2021-11-17,VUS,2021-11-17,VUS
1807815,2021-11-30,P,2021-11-30,P
1807822,2021-12-08,P,2021-12-08,P
1808189,2022-05-20,VUS,2022-05-20,VUS
1808536,2022-03-11,P,2022-03-11,P
1808634,2022-04-13,P,2022-04-13,P
1808659,2022-05-10,P,2022-05-10,P
1808681,2022-05-31,P,2022-05-31,P
1808697,2022-06-10,P,2022-06-10,P
1808877,2021-07-02,VUS,2021-07-02,VUS
1808930,2021-07-07,VUS,2021-07-07,VUS
1808947,2021-07-07,VUS,2021-07-07,VUS
1809372,2021-10-28,P,2021-10-28,P
1809601,2022-12-23,LP,2022-12-23,LP
1810217,2022-12-17,P,2022-12-17,P
1810691,2022-07-05,VUS,2022-07-05,VUS
1878303,2022-12-14,LP,2022-12-14,LP
1878326,2022-12-16,LP,2022-12-16,LP
1878357,2022-12-21,LP,2022-12-21,LP
1878360,2022-12-21,LP,2026-01-26,LP
1878361,2022-12-21,LP,2023-11-11,LP
1878777,2022-07-14,VUS,2024-11-07,VUS
1878941,2022-07-13,VUS,2022-08-03,VUS
1879216,2022-10-01,LP,2022-10-01,LP
1879718,2022-11-01,VUS,2022-11-01,VUS
1879969,2022-03-27,LB,2022-03-27,LB
1880240,2024-11-11,VUS,2024-11-11,VUS
1880692,2025-06-12,LB,2025-06-12,LB
1881949,2022-04-06,VUS,2024-05-16,VUS
1895595,2022-04-28,VUS,2022-04-28,VUS
1895935,2025-01-02,LB,2025-01-02,LB
1896154,2023-12-09,LB,2023-12-09,LB
1896218,2022-10-17,VUS,2023-03-20,VUS
1896356,2023-08-02,LB,2023-08-02,LB
1896546,2024-01-14,VUS,2025-09-08,VUS
1896585,2023-12-11,VUS,2023-12-11,VUS
1896652,2022-06-24,VUS,2024-05-24,VUS
1896677,2020-08-25,LB,2025-05-05,LB
1896748,2022-08-09,VUS,2022-08-09,VUS
1896834,2022-08-16,VUS,2022-08-16,VUS
1896955,2022-06-13,VUS,2025-08-30,VUS
1896967,2022-08-19,VUS,2022-08-19,VUS
1897055,2022-07-13,LB,2022-07-13,LB
1897150,2023-10-17,LB,2023-10-17,LB
1897620,2021-12-08,VUS,2021-12-08,VUS
1897718,2025-12-24,LB,2025-12-24,LB
1897964,2022-12-10,LB,2022-12-10,LB
1897971,2022-05-17,LB,2022-05-17,LB
1898469,2023-12-22,LB,2023-12-22,LB
1898554,2023-11-06,LB,2023-11-06,LB
1898811,2022-05-17,VUS,2022-05-17,VUS
1899080,2022-07-23,VUS,2022-07-23,VUS
1899117,2023-11-14,P,2023-11-14,P
1899374,2022-07-18,VUS,2024-05-24,VUS
1899461,2022-07-07,P,2022-07-07,P
1899467,2024-01-24,VUS,2024-04-24,VUS
1899757,2025-01-21,LB,2025-01-21,LB
1899811,2025-01-27,VUS,2025-01-27,VUS
1899851,2022-07-17,VUS,2022-07-17,VUS
1899852,2022-07-17,VUS,2022-07-17,VUS
1899868,2022-01-24,VUS,2025-04-25,VUS
1900085,2022-08-27,LP,2022-08-27,LP
1900152,2024-08-12,LB,2024-08-12,LB
1900230,2022-05-03,LB,2022-05-03,LB
1900231,2022-08-21,VUS,2024-07-08,VUS
1900308,2025-03-22,LB,2025-03-22,LB
1900626,2022-01-31,LB,2022-01-31,LB
1900705,2021-08-31,VUS,2021-08-31,VUS
1900913,2022-08-15,VUS,2022-08-15,VUS
1901184,2023-11-18,LB,2023-11-18,LB
1901456,2024-03-04,LB,2024-03-04,LB
1901564,2022-07-15,VUS,2022-07-15,VUS
1901573,2023-08-07,LB,2023-08-07,LB
1901736,2022-08-09,VUS,2022-08-09,VUS
1901754,2022-06-24,VUS,2024-05-27,VUS
1901761,2022-08-07,VUS,2022-08-07,VUS
1901762,2022-11-15,VUS,2022-11-15,VUS
1901833,2024-05-22,LB,2024-05-22,LB
1902070,2024-02-20,LB,2024-02-20,LB
1902171,2022-10-21,LB,2022-10-21,LB
1902172,2022-10-21,LB,2022-10-21,LB
1902252,2022-06-14,LB,2022-06-14,LB
1902262,2026-01-27,LB,2026-01-27,LB
1902497,2022-08-17,VUS,2022-08-17,VUS
1902499,2022-06-15,VUS,2022-06-15,VUS
1902636,2023-12-11,VUS,2023-12-11,VUS
1902906,2025-03-17,LB,2025-03-17,LB
1903051,2023-12-21,LB,2023-12-21,LB
1903077,2022-07-23,VUS,2022-07-23,VUS
1903217,2022-01-20,VUS,2022-01-20,VUS
1903242,2022-04-11,VUS,2025-10-14,VUS
1903243,2024-01-17,VUS,2024-01-17,VUS
1903357,2024-05-10,LB,2024-05-10,LB
1903644,2023-07-17,VUS,2023-07-17,VUS
1903732,2023-05-22,VUS,2024-08-07,VUS
1903741,2022-02-28,VUS,2024-08-15,VUS
1903881,2022-08-06,LB,2022-08-06,LB
1903889,2021-12-17,P,2021-12-17,P
1903905,2022-10-13,VUS,2024-12-12,VUS
1903958,2022-08-05,VUS,2022-08-05,VUS
1904055,2022-09-27,P,2022-09-27,P
1904180,2023-08-24,P,2023-08-24,P
1904242,2024-06-12,VUS,2024-09-16,VUS
1904243,2024-09-16,LB,2024-09-16,LB
1904380,2023-12-07,LB,2023-12-07,LB
1904404,2024-06-03,LB,2024-06-03,LB
1904528,2022-06-24,VUS,2024-02-24,VUS
1904546,2023-05-23,P,2024-09-28,P
1905173,2024-06-03,VUS,2024-06-03,VUS
1905192,2022-10-13,VUS,2022-10-13,VUS
1905605,2022-10-13,VUS,2022-10-13,VUS
1905774,2024-08-09,LB,2025-07-07,LB
1905812,2022-04-20,VUS,2022-04-20,VUS
1905905,2024-04-25,LB,2024-04-25,LB
1906063,2022-07-30,VUS,2025-11-26,VUS
1906079,2022-11-28,LB,2022-11-28,LB
1906101,2025-12-16,LB,2025-12-16,LB
1906118,2021-12-17,VUS,2021-12-17,VUS
1906125,2025-08-11,LB,2025-08-11,LB
1906149,2024-02-24,VUS,2024-03-05,VUS
1906198,2022-07-12,VUS,2024-05-31,VUS
1906450,2023-12-13,LB,2023-12-13,LB
1906609,2022-11-15,VUS,2022-11-15,VUS
1906708,2022-03-04,VUS,2022-03-04,VUS
1907131,2026-01-11,LB,2026-01-11,LB
1907212,2023-11-22,LB,2023-11-22,LB
1907289,2024-10-23,LB,2024-10-23,LB
1907479,2024-11-12,LB,2024-11-12,LB
1907603,2024-10-26,VUS,2025-04-24,VUS
1907623,2022-04-13,VUS,2022-04-13,VUS
1907672,2025-06-12,VUS,2025-06-12,VUS
1907735,2022-03-29,VUS,2022-03-29,VUS
1908247,2022-01-17,LB,2022-01-17,LB
1908288,2022-06-23,LB,2022-06-23,LB
1908331,2022-03-09,P,2022-03-09,P
1908689,2025-01-13,VUS,2025-01-13,VUS
1908702,2025-12-15,LB,2025-12-15,LB
1909323,2025-02-10,VUS,2025-02-10,VUS
1909498,2022-08-22,VUS,2022-08-22,VUS
1909515,2024-01-29,VUS,2024-01-29,VUS
1909600,2022-08-31,P,2022-08-31,P
1909810,2022-08-05,VUS,2022-08-05,VUS
1910420,2024-10-26,LB,2024-10-26,LB
1910490,2023-06-16,VUS,2023-06-16,VUS
1910556,2025-07-21,LB,2025-07-21,LB
1910753,2022-05-27,VUS,2022-05-27,VUS
1911320,2022-02-18,VUS,2024-03-22,VUS
1911513,2022-01-18,VUS,2022-01-18,VUS
1911863,2022-07-02,VUS,2022-07-02,VUS
1912089,2023-06-05,VUS,2023-06-30,VUS
1912351,2022-01-03,LB,2022-01-03,LB
1912872,2025-10-22,VUS,2025-10-22,VUS
1913017,2022-05-27,LB,2022-05-27,LB
1913331,2022-09-13,VUS,2022-09-13,VUS
1913817,2022-05-19,P,2022-05-19,P
1914190,2024-08-12,VUS,2025-01-13,VUS
1914272,2022-02-28,LB,2022-02-28,LB
1914367,2024-12-26,LB,2024-12-26,LB
1914376,2025-07-13,LB,2025-07-13,LB
1914430,2025-10-28,LB,2025-10-28,LB
1914470,2024-05-23,LB,2025-05-21,LB
1914483,2021-12-02,VUS,2021-12-02,VUS
1914598,2024-01-15,VUS,2024-01-15,VUS
1914710,2022-05-17,VUS,2025-10-18,VUS
1914718,2025-08-09,VUS,2025-10-22,VUS
1914774,2022-05-14,LB,2022-05-14,LB
1915492,2025-09-08,LB,2025-09-08,LB
1916270,2022-01-19,LB,2022-01-19,LB
1916287,2021-12-26,VUS,2021-12-26,VUS
1916932,2022-04-10,VUS,2022-04-10,VUS
1917296,2022-04-16,LB,2022-04-16,LB
1917333,2022-06-15,LB,2022-06-15,LB
1917374,2022-10-04,LB,2022-10-04,LB
1917461,2023-12-16,VUS,2024-03-07,VUS
1917691,2022-10-26,LB,2022-10-26,LB
1918115,2021-09-24,VUS,2024-05-15,VUS
1918141,2022-11-01,LB,2022-11-01,LB
1918171,2022-04-15,VUS,2025-07-11,VUS
1918532,2022-05-27,P,2022-05-27,P
1918611,2022-05-22,VUS,2022-05-22,VUS
1919055,2022-02-08,LB,2022-02-08,LB
1919140,2022-06-24,VUS,2022-06-24,VUS
1919161,2024-01-23,VUS,2024-11-05,VUS
1919351,2024-03-04,VUS,2024-03-04,VUS
1919778,2022-02-06,LB,2022-02-06,LB
1919897,2022-07-23,LB,2022-07-23,LB
1920177,2024-06-24,VUS,2024-06-24,VUS
1920217,2024-10-28,VUS,2025-12-15,VUS
1920366,2023-11-10,LB,2023-11-10,LB
1920431,2024-10-16,VUS,2025-05-25,VUS
1920615,2023-02-03,LB,2023-02-03,LB
1920724,2022-02-22,VUS,2022-02-22,VUS
1920956,2025-02-06,LB,2025-02-06,LB
1920974,2025-08-21,VUS,2025-08-21,VUS
1921190,2022-10-13,LB,2022-10-13,LB
1921583,2022-08-06,VUS,2022-08-06,VUS
1921749,2023-06-04,LB,2023-06-04,LB
1922005,2022-01-07,VUS,2022-01-07,VUS
1922393,2025-11-25,LB,2025-11-25,LB
1922462,2022-02-23,LB,2022-02-23,LB
1922886,2022-08-10,LB,2022-08-10,LB
1922918,2022-03-14,VUS,2022-03-14,VUS
1923155,2024-02-17,VUS,2024-02-17,VUS
1923375,2022-03-31,LB,2022-03-31,LB
1923581,2022-10-05,VUS,2024-06-22,VUS
1923834,2022-08-01,VUS,2022-08-01,VUS
1923850,2023-07-22,LB,2025-01-20,LB
1923888,2022-11-03,VUS,2022-11-03,VUS
1924082,2024-06-08,LB,2024-06-08,LB
1924237,2023-07-17,VUS,2023-07-17,VUS
1924475,2022-04-08,P,2022-04-08,P
1924585,2024-03-26,LB,2025-07-23,LB
1924598,2022-09-19,VUS,2022-09-19,VUS
1924966,2024-04-03,LB,2024-04-03,LB
1925152,2022-06-08,P,2022-06-08,P
1925277,2022-07-17,LB,2022-07-17,LB
1925405,2022-03-09,VUS,2022-03-09,VUS
1925711,2025-06-12,LB,2025-06-12,LB
1925839,2022-04-09,VUS,2024-08-10,VUS
1926162,2025-03-31,VUS,2025-03-31,VUS
1926251,2022-06-10,VUS,2022-06-10,VUS
1926641,2025-07-30,VUS,2025-07-30,VUS
1926646,2025-07-30,VUS,2025-07-30,VUS
1926673,2022-03-13,VUS,2022-03-13,VUS
1926684,2022-04-16,VUS,2025-02-28,VUS
1926711,2025-04-21,LB,2025-04-21,LB
1926901,2022-10-08,LB,2022-10-08,LB
1927019,2025-05-29,LB,2025-05-29,LB
1927120,2023-06-16,LB,2023-06-16,LB
1927123,2022-09-07,VUS,2022-09-07,VUS
1927638,2022-01-21,VUS,2022-01-21,VUS
1927645,2022-03-04,VUS,2024-05-23,VUS
1927763,2023-05-05,LB,2023-05-05,LB
1927849,2022-09-27,VUS,2024-04-30,VUS
1928270,2025-06-07,VUS,2025-12-21,VUS
1928318,2025-09-07,LB,2025-09-07,LB
1928381,2022-06-04,VUS,2025-11-13,VUS
1928399,2022-02-18,VUS,2022-02-18,VUS
1928412,2022-02-18,VUS,2022-02-18,VUS
1928769,2022-06-03,VUS,2025-02-04,VUS
1928786,2023-09-24,LB,2023-09-24,LB
1928879,2022-03-20,LB,2022-03-20,LB
1928892,2022-01-16,VUS,2022-01-16,VUS
1929011,2021-10-06,VUS,2024-03-29,VUS
1929064,2024-10-29,VUS,2024-10-29,VUS
1929118,2025-04-17,LB,2025-04-17,LB
1929198,2022-07-12,VUS,2025-08-28,VUS
1929210,2022-07-09,VUS,2022-07-09,VUS
1929437,2024-12-16,P,2025-12-23,P
1929438,2022-03-15,P,2024-02-17,P
1929843,2024-02-17,LB,2024-02-17,LB
1930039,2023-07-14,LB,2023-07-14,LB
1930116,2024-04-24,VUS,2024-04-24,VUS
1930428,2025-02-20,LB,2025-02-20,LB
1931120,2025-03-17,LB,2025-03-17,LB
1931691,2022-08-16,VUS,2022-08-16,VUS
1931778,2022-01-14,LB,2022-01-14,LB
1931957,2022-10-08,VUS,2022-10-08,VUS
1931965,2022-04-12,VUS,2025-08-15,VUS
1932450,2024-11-11,VUS,2024-11-11,VUS
1932545,2024-05-23,LB,2024-05-23,LB
1933431,2022-09-01,VUS,2022-09-01,VUS
1933610,2022-06-08,VUS,2022-06-08,VUS
1933711,2022-01-07,LB,2022-01-07,LB
1934267,2022-06-09,VUS,2024-08-07,VUS
1934300,2022-07-05,LB,2022-07-05,LB
1934665,2022-08-19,VUS,2022-08-19,VUS
1934724,2024-02-23,LB,2024-02-23,LB
1934913,2022-04-01,VUS,2024-01-10,VUS
1934924,2026-01-26,LB,2026-01-26,LB
1934948,2024-02-24,LB,2024-02-24,LB
1935439,2025-01-06,VUS,2025-01-06,VUS
1935461,2021-12-20,VUS,2021-12-20,VUS
1935618,2021-12-21,VUS,2021-12-21,VUS
1935892,2022-03-27,VUS,2022-03-27,VUS
1936551,2022-01-03,VUS,2025-05-17,VUS
1936557,2022-01-03,VUS,2022-01-03,VUS
1937275,2024-02-23,LB,2024-02-23,LB
1937282,2022-07-21,LP,2022-07-21,LP
1937339,2022-03-26,VUS,2022-03-26,VUS
1937471,2022-07-15,VUS,2022-07-15,VUS
1937921,2022-10-24,VUS,2025-09-22,VUS
1938198,2022-08-22,VUS,2024-02-13,VUS
1938283,2022-08-21,LB,2022-08-21,LB
1938476,2024-02-24,LB,2024-02-24,LB
1938548,2024-01-18,LB,2024-01-18,LB
1938734,2022-08-23,VUS,2022-08-23,VUS
1939260,2022-08-08,LB,2022-08-08,LB
1939407,2024-12-04,LB,2024-12-04,LB
1939501,2022-09-01,VUS,2022-09-01,VUS
1939787,2022-05-04,VUS,2022-05-04,VUS
1939841,2024-12-02,LB,2024-12-02,LB
1940187,2022-05-31,VUS,2022-05-31,VUS
1940244,2022-09-12,LB,2022-09-12,LB
1940545,2022-10-03,LB,2022-10-03,LB
1940650,2022-09-19,LB,2022-09-19,LB
1940769,2026-01-12,VUS,2026-01-12,VUS
1941044,2022-10-14,VUS,2022-10-17,VUS
1941115,2022-07-30,VUS,2022-07-30,VUS
1941186,2022-11-01,VUS,2022-11-01,VUS
1941271,2022-06-13,LB,2022-06-13,LB
1941351,2022-06-19,VUS,2022-06-19,VUS
1941634,2022-08-28,LB,2022-08-28,LB
1941764,2023-07-03,LB,2023-07-03,LB
1941825,2022-05-19,LB,2022-05-19,LB
1941925,2022-03-20,VUS,2022-03-20,VUS
1941945,2024-12-02,VUS,2024-12-02,VUS
1941946,2022-10-08,LB,2022-10-08,LB
1942052,2022-03-14,VUS,2022-03-14,VUS
1942286,2024-12-02,LB,2024-12-02,LB
1942626,2022-02-18,VUS,2022-02-18,VUS
1942779,2022-09-12,VUS,2022-09-12,VUS
1942820,2022-05-12,LB,2022-05-12,LB
1942835,2022-02-18,LB,2022-02-18,LB
1943039,2022-04-16,P,2022-04-16,P
1943282,2022-02-22,LB,2022-02-22,LB
1943484,2022-05-19,VUS,2023-12-11,VUS
1943574,2024-02-24,VUS,2024-02-24,VUS
1943863,2022-02-17,VUS,2022-02-17,VUS
1944008,2025-01-13,LB,2025-01-13,LB
1944074,2022-11-01,LB,2022-11-01,LB
1944121,2021-12-25,VUS,2021-12-25,VUS
1944156,2024-08-07,LB,2024-08-07,LB
1944363,2022-03-14,VUS,2023-08-05,VUS
1944806,2026-01-13,VUS,2026-01-13,VUS
1944810,2026-01-13,VUS,2026-01-13,VUS
1944824,2023-12-21,VUS,2023-12-21,VUS
1944838,2022-02-28,VUS,2022-02-28,VUS
1945094,2023-12-18,LB,2023-12-18,LB
1945470,2022-12-20,VUS,2025-02-27,VUS
1945524,2024-02-14,VUS,2024-02-14,VUS
1945857,2022-08-10,VUS,2022-08-10,VUS
1945947,2024-04-01,LB,2024-04-01,LB
1946263,2022-05-09,VUS,2022-05-09,VUS
1946281,2022-10-13,LB,2022-10-13,LB
1946329,2022-04-15,LB,2022-04-15,LB
1946330,2022-07-12,LB,2022-07-12,LB
1946429,2022-08-31,LB,2022-08-31,LB
1946478,2022-03-17,VUS,2024-02-22,VUS
1946638,2022-07-12,VUS,2022-07-12,VUS
1946694,2022-08-21,VUS,2024-10-25,VUS
1946750,2022-03-31,VUS,2022-03-31,VUS
1947211,2022-08-10,LB,2022-08-10,LB
1947558,2022-05-10,VUS,2022-05-10,VUS
1947719,2023-11-20,P,2025-10-24,P
1947965,2022-06-15,VUS,2022-06-15,VUS
1948095,2023-12-11,VUS,2023-12-11,VUS
1948177,2022-02-14,LB,2022-02-14,LB
1948214,2025-06-12,LB,2025-06-12,LB
1948314,2022-03-27,LB,2022-03-27,LB
1948496,2025-05-19,LB,2025-05-19,LB
1948551,2022-05-20,VUS,2022-05-20,VUS
1948597,2022-05-15,LB,2022-05-15,LB
1948771,2022-08-16,LB,2022-08-16,LB
1948928,2022-07-16,VUS,2022-07-16,VUS
1949083,2024-10-26,LB,2024-10-26,LB
1949116,2025-10-19,LB,2025-10-19,LB
1949159,2023-03-30,LP,2025-07-23,LP
1949168,2022-06-19,VUS,2022-06-19,VUS
1949501,2022-03-25,VUS,2022-03-25,VUS
1949531,2024-11-02,VUS,2024-11-02,VUS
1949609,2022-08-21,VUS,2022-08-21,VUS
1949861,2022-04-15,VUS,2022-04-15,VUS
1950015,2022-06-15,LB,2022-06-15,LB
1950290,2025-01-06,VUS,2025-01-06,VUS
1950467,2022-07-27,LB,2022-07-27,LB
1950644,2025-09-02,LB,2025-09-02,LB
1950693,2021-08-14,VUS,2024-01-24,VUS
1950824,2025-07-14,LB,2025-07-14,LB
1950979,2022-05-31,LB,2022-05-31,LB
1951033,2022-06-02,LB,2022-06-02,LB
1951069,2022-03-18,LP,2023-05-27,LP
1951087,2022-07-23,LB,2022-07-23,LB
1951104,2019-04-22,LB,2022-05-15,LB
1951353,2024-11-11,LB,2024-11-11,LB
1951451,2024-10-30,VUS,2024-10-30,VUS
1951966,2024-12-14,LB,2024-12-14,LB
1952016,2024-01-16,VUS,2025-03-31,VUS
1952027,2022-02-14,LB,2022-02-14,LB
1952029,2023-12-07,LB,2023-12-07,LB
1952077,2022-08-22,VUS,2022-08-22,VUS
1952149,2024-04-24,LB,2024-04-24,LB
1952337,2022-11-01,VUS,2022-11-01,VUS
1952451,2023-09-17,VUS,2023-09-17,VUS
1952561,2022-04-26,VUS,2022-04-26,VUS
1952801,2022-10-19,VUS,2022-10-19,VUS
1952802,2022-10-19,LP,2022-10-19,LP
1952815,2022-03-09,VUS,2024-05-12,VUS
1952894,2022-07-25,VUS,2022-07-25,VUS
1953117,2023-08-10,LB,2023-08-10,LB
1953193,2024-04-10,VUS,2026-01-12,VUS
1953262,2025-10-28,LB,2025-10-28,LB
1953593,2022-03-09,P,2022-03-09,P
1953741,2022-10-11,LP,2022-10-11,LP
1954010,2024-08-05,LB,2024-08-05,LB
1954442,2022-07-19,VUS,2022-07-19,VUS
1954572,2022-08-21,VUS,2022-08-21,VUS
1954807,2022-11-22,VUS,2022-11-22,VUS
1954820,2022-10-18,LB,2022-10-18,LB
1954920,2023-10-13,VUS,2023-10-13,VUS
1955010,2022-04-07,VUS,2022-04-07,VUS
1955021,2024-02-05,VUS,2024-02-05,VUS
1955023,2022-05-28,VUS,2022-05-28,VUS
1955298,2022-09-24,VUS,2022-09-24,VUS
1955662,2025-08-21,VUS,2025-08-21,VUS
1955690,2022-05-15,LB,2022-05-15,LB
1955772,2025-10-13,LB,2025-10-13,LB
1955774,2022-08-09,VUS,2024-05-06,VUS
1955943,2023-08-04,LB,2023-08-04,LB
1955970,2025-03-23,LB,2025-03-23,LB
1956004,2022-08-22,LB,2022-08-22,LB
1956063,2022-03-18,LB,2022-03-18,LB
1956068,2025-11-05,LB,2025-11-05,LB
1956073,2022-02-03,VUS,2024-03-27,VUS
1956081,2023-08-10,LP,2023-08-10,LP
1956490,2024-02-23,VUS,2024-02-23,VUS
1956497,2022-05-24,LB,2022-05-24,LB
1956579,2022-08-07,VUS,2024-05-18,VUS
1956591,2024-03-11,VUS,2024-06-09,VUS
1956597,2022-07-13,LB,2025-02-01,LB
1956775,2021-12-06,VUS,2021-12-06,VUS
1956910,2023-11-26,VUS,2024-01-08,VUS
1957077,2022-03-20,VUS,2022-03-20,VUS
1957079,2025-12-15,VUS,2025-12-15,VUS
1957504,2022-03-26,VUS,2022-03-26,VUS
1957610,2022-07-24,VUS,2022-07-24,VUS
1957632,2025-10-27,LB,2025-10-27,LB
1957692,2022-03-09,LB,2022-03-09,LB
1957716,2024-01-22,VUS,2024-01-22,VUS
1957909,2022-06-03,VUS,2022-06-03,VUS
1957952,2022-06-20,VUS,2022-06-20,VUS
1958012,2022-10-04,VUS,2025-10-29,VUS
1958023,2025-09-02,LB,2025-09-02,LB
1958275,2022-05-24,LB,2022-05-24,LB
1958460,2022-11-01,VUS,2022-11-01,VUS
1958851,2022-08-04,LB,2022-08-04,LB
1958869,2022-01-17,VUS,2025-08-30,VUS
1959364,2022-06-23,VUS,2022-06-23,VUS
1959445,2022-05-29,VUS,2022-05-29,VUS
1959491,2022-08-09,VUS,2022-08-09,VUS
1959533,2022-07-09,VUS,2022-07-09,VUS
1959644,2022-02-14,LB,2022-02-14,LB
1960099,2022-02-18,VUS,2022-02-18,VUS
1960188,2022-02-09,VUS,2022-02-09,VUS
1960421,2022-05-12,VUS,2022-05-12,VUS
1960441,2025-12-08,LB,2025-12-08,LB
1960640,2023-12-17,LB,2023-12-17,LB
1960690,2022-08-16,VUS,2022-08-16,VUS
1960745,2022-09-06,VUS,2022-09-06,VUS
1960750,2022-09-23,LB,2022-09-23,LB
1960808,2025-02-06,VUS,2025-02-06,VUS
1960984,2022-11-19,LB,2022-11-19,LB
1961309,2022-05-06,VUS,2022-08-19,VUS
1961679,2021-12-22,LB,2021-12-22,LB
1961688,2024-11-11,LB,2024-11-11,LB
1961701,2022-03-22,VUS,2023-12-30,VUS
1961843,2024-02-24,VUS,2024-02-24,VUS
1961848,2022-05-03,VUS,2022-05-03,VUS
1961877,2022-05-20,LB,2022-05-20,LB
1961923,2025-06-12,B,2025-06-12,B
1962168,2023-11-14,LB,2023-11-14,LB
1962175,2022-10-12,LB,2022-10-12,LB
1962255,2024-01-09,VUS,2025-06-19,VUS
1962312,2022-08-22,VUS,2022-08-22,VUS
1962355,2025-10-14,LB,2025-10-14,LB
1962440,2022-07-06,VUS,2022-07-06,VUS
1962702,2022-04-04,VUS,2022-04-04,VUS
1962775,2022-06-20,VUS,2022-06-20,VUS
1963315,2022-03-14,LB,2022-03-14,LB
1963422,2022-07-13,VUS,2022-07-13,VUS
1963502,2023-11-27,P,2023-11-27,P
1963588,2023-08-20,VUS,2024-04-02,VUS
1963734,2022-03-29,LB,2022-03-29,LB
1963878,2023-08-08,LB,2023-08-08,LB
1964028,2022-04-24,VUS,2022-04-24,VUS
1964152,2022-11-15,LB,2025-04-09,LB
1964183,2022-03-19,VUS,2022-03-19,VUS
1964218,2022-06-10,VUS,2022-06-10,VUS
1964224,2023-07-10,LB,2023-07-10,LB
1964378,2024-02-23,LB,2024-02-23,LB
1964450,2022-06-24,LB,2022-06-24,LB
1964638,2024-03-20,LB,2024-03-20,LB
1964825,2022-07-23,VUS,2022-07-23,VUS
1964893,2024-01-21,LB,2024-01-21,LB
1965058,2025-09-02,VUS,2025-09-02,VUS
1965328,2022-03-09,VUS,2022-03-09,VUS
1965390,2023-06-13,VUS,2023-06-13,VUS
1965438,2022-03-27,VUS,2022-03-27,VUS
1965647,2021-12-08,VUS,2021-12-08,VUS
1965792,2022-07-19,VUS,2022-07-19,VUS
1965818,2023-09-11,LB,2023-09-11,LB
1965841,2022-03-04,VUS,2022-03-04,VUS
1965869,2022-09-13,VUS,2022-09-13,VUS
1965880,2022-08-01,LB,2022-08-01,LB
1965917,2026-01-26,VUS,2026-01-26,VUS
1966204,2022-10-17,VUS,2022-10-17,VUS
1966306,2023-08-10,LB,2023-08-10,LB
1966327,2022-07-12,LB,2022-07-12,LB
1966368,2022-07-03,VUS,2022-07-03,VUS
1966378,2022-01-08,VUS,2022-01-08,VUS
1966421,2025-06-06,LB,2025-06-06,LB
1966422,2025-02-25,LB,2025-02-25,LB
1966476,2025-06-16,VUS,2025-06-16,VUS
1966709,2025-10-27,LB,2025-10-27,LB
1966772,2023-05-18,VUS,2024-04-23,VUS
1967006,2022-05-03,VUS,2022-05-03,VUS
1967050,2022-04-12,VUS,2022-04-12,VUS
1967301,2022-05-24,LB,2022-05-24,LB
1967436,2022-11-15,VUS,2022-11-15,VUS
1967496,2022-07-08,LB,2024-01-01,LB
1967553,2025-09-02,LB,2025-09-02,LB
1967783,2022-03-11,VUS,2025-05-17,VUS
1967804,2022-07-20,VUS,2025-12-16,VUS
1967929,2022-05-25,VUS,2022-05-25,VUS
1968038,2025-05-27,LB,2025-05-27,LB
1968111,2022-01-03,VUS,2022-01-03,VUS
1968137,2022-02-12,VUS,2024-05-01,VUS
1968251,2023-08-17,LB,2023-08-17,LB
1968260,2022-04-03,LB,2022-04-03,LB
1968531,2022-07-11,LB,2022-07-11,LB
1968555,2022-12-15,P,2022-12-15,P
1968588,2024-11-18,LB,2024-11-18,LB
1968666,2022-03-15,VUS,2022-03-15,VUS
1968678,2022-04-29,LB,2022-04-29,LB
1968797,2025-11-25,LB,2025-11-25,LB
1968888,2019-03-29,LB,2025-09-03,LB
1969252,2022-11-22,VUS,2022-11-22,VUS
1969317,2025-10-13,VUS,2025-10-13,VUS
1969321,2022-09-01,VUS,2022-09-01,VUS
1969601,2022-01-19,LB,2026-03-01,LB
1969625,2022-10-05,VUS,2022-10-05,VUS
1969748,2024-04-03,LB,2024-04-03,LB
1969763,2024-01-24,VUS,2024-01-24,VUS
1970004,2022-03-30,LB,2022-03-30,LB
1970007,2022-02-22,LB,2022-02-22,LB
1970020,2021-06-25,VUS,2024-01-05,VUS
1970293,2023-03-08,B,2023-03-08,B
1970458,2025-09-30,LB,2025-09-30,LB
1970775,2022-04-09,VUS,2022-04-09,VUS
1971021,2022-09-27,VUS,2022-09-27,VUS
1971053,2022-08-09,VUS,2022-08-09,VUS
1971086,2024-12-02,LB,2024-12-02,LB
1971160,2024-03-25,LB,2024-03-25,LB
1971241,2022-04-18,LB,2022-04-18,LB
1971343,2022-08-06,P,2022-08-06,P
1971367,2023-10-23,LB,2023-10-23,LB
1971603,2022-04-15,LB,2022-04-15,LB
1971718,2022-03-09,VUS,2022-03-09,VUS
1971933,2024-01-28,LB,2024-01-28,LB
1971955,2022-04-17,VUS,2022-04-17,VUS
1972007,2023-06-23,LB,2023-06-23,LB
1972255,2024-02-02,P,2024-02-02,P
1972257,2022-11-15,VUS,2022-11-15,VUS
1972259,2022-05-12,VUS,2022-05-12,VUS
1972287,2022-06-01,VUS,2022-06-01,VUS
1972370,2022-07-27,LB,2022-07-27,LB
1972705,2022-07-17,LB,2022-07-17,LB
1972798,2026-01-19,LB,2026-01-19,LB
1973099,2022-07-06,VUS,2022-07-06,VUS
1973100,2023-01-24,LB,2023-01-24,LB
1973197,2022-08-08,VUS,2022-08-08,VUS
1973297,2021-11-08,VUS,2024-05-20,VUS
1973509,2022-08-09,VUS,2022-08-09,VUS
1973548,2022-04-28,VUS,2022-04-28,VUS
1973568,2022-07-21,VUS,2022-07-21,VUS
1973571,2022-07-06,VUS,2022-07-06,VUS
1973898,2020-08-24,LB,2022-07-20,LB
1974237,2024-06-18,VUS,2024-12-24,VUS
1974594,2022-10-13,VUS,2022-10-13,VUS
1974655,2021-12-29,LB,2021-12-29,LB
1974656,2021-12-29,P,2021-12-29,P
1974782,2025-02-24,VUS,2025-02-24,VUS
1974891,2022-07-25,VUS,2022-07-25,VUS
1975033,2024-04-25,VUS,2024-04-25,VUS
1975123,2025-02-11,LB,2025-02-11,LB
1975247,2026-01-21,B,2026-01-21,B
1975680,2022-02-22,VUS,2022-02-22,VUS
1975718,2023-11-27,VUS,2023-11-27,VUS
1976433,2024-05-15,LB,2024-05-15,LB
1976512,2022-07-19,VUS,2025-12-22,VUS
1976581,2022-06-14,P,2022-06-14,P
1976778,2022-08-23,VUS,2022-08-23,VUS
1976984,2022-07-29,VUS,2022-07-29,VUS
1977132,2022-06-28,VUS,2022-06-28,VUS
1977159,2023-08-10,LB,2023-08-10,LB
1977378,2025-04-16,LB,2025-04-16,LB
1977386,2022-10-31,P,2022-10-31,P
1977554,2024-08-12,LB,2024-08-12,LB
1977904,2023-08-04,LB,2023-08-04,LB
1978383,2022-10-05,LB,2022-10-05,LB
1978571,2022-03-28,LB,2022-03-28,LB
1978686,2022-08-22,P,2022-08-22,P
1978735,2022-04-15,VUS,2024-05-13,VUS
1978772,2022-04-12,VUS,2022-04-12,VUS
1978801,2024-04-16,LP,2025-12-17,LP
1978831,2022-03-02,VUS,2022-03-02,VUS
1978834,2022-02-21,LB,2022-02-21,LB
1978847,2022-10-10,VUS,2022-10-10,VUS
1978888,2025-04-28,LB,2025-04-28,LB
1978907,2022-08-19,VUS,2022-08-19,VUS
1978950,2023-02-28,LB,2023-02-28,LB
1979033,2024-06-28,LB,2024-06-28,LB
1979159,2022-05-21,VUS,2024-05-12,VUS
1979187,2023-11-09,VUS,2024-12-02,VUS
1979224,2025-06-17,LB,2025-06-17,LB
1979227,2022-07-06,VUS,2022-07-06,VUS
1979246,2022-07-24,VUS,2022-07-24,VUS
1979293,2022-07-01,VUS,2024-01-08,VUS
1979302,2023-12-22,LB,2023-12-22,LB
1979314,2024-01-29,LB,2024-01-29,LB
1979325,2019-07-11,VUS,2022-07-06,VUS
1979400,2023-10-03,LB,2023-10-03,LB
1979452,2024-06-03,VUS,2024-06-03,VUS
1979454,2023-11-06,LB,2023-11-06,LB
1979587,2023-12-14,LB,2023-12-14,LB
1979739,2024-12-09,LB,2024-12-09,LB
1979809,2024-10-23,VUS,2024-10-23,VUS
1979898,2021-12-17,VUS,2021-12-17,VUS
1980091,2022-09-22,VUS,2022-09-22,VUS
1980137,2024-02-19,LB,2024-02-19,LB
1980224,2022-04-20,LB,2022-04-20,LB
1980334,2023-10-28,LP,2025-09-01,LP
1980344,2022-10-03,LB,2022-10-03,LB
1980397,2022-08-20,LB,2022-08-20,LB
1980465,2022-03-10,VUS,2022-03-10,VUS
1980572,2025-03-05,LB,2025-03-05,LB
1980598,2024-02-24,VUS,2024-02-24,VUS
1980606,2024-02-27,VUS,2025-07-21,VUS
1980638,2022-09-27,VUS,2022-09-27,VUS
1980722,2022-05-29,VUS,2022-05-29,VUS
1980724,2021-12-21,VUS,2021-12-21,VUS
1980734,2022-08-05,VUS,2022-08-05,VUS
1980780,2024-04-23,VUS,2024-12-22,VUS
1980920,2024-02-22,VUS,2026-01-19,VUS
1980939,2024-02-09,LB,2024-09-25,LB
1980945,2024-03-13,LB,2024-03-13,LB
1981061,2022-10-12,VUS,2024-08-07,VUS
1981092,2025-04-21,LB,2025-04-21,LB
1981235,2021-08-31,VUS,2021-08-31,VUS
1981358,2022-10-17,VUS,2022-10-17,VUS
1981411,2024-06-29,LB,2024-06-29,LB
1981460,2023-05-29,LB,2023-05-29,LB
1981868,2022-03-27,VUS,2022-03-27,VUS
1981974,2022-04-22,VUS,2022-04-22,VUS
1982021,2023-08-11,LB,2023-08-11,LB
1982035,2022-07-15,VUS,2022-07-15,VUS
1982214,2026-01-19,LB,2026-01-19,LB
1982217,2022-08-16,VUS,2024-08-14,VUS
1982387,2025-03-10,VUS,2025-03-10,VUS
1982475,2022-08-12,VUS,2022-08-12,VUS
1982541,2024-04-18,VUS,2025-08-18,VUS
1982543,2022-02-10,VUS,2024-05-22,VUS
1982552,2025-11-17,LB,2025-11-17,LB
1982559,2022-04-04,VUS,2022-04-04,VUS
1982560,2025-10-13,LB,2025-10-13,LB
1982565,2022-01-15,VUS,2022-01-15,VUS
1982606,2022-02-11,VUS,2022-02-11,VUS
1982803,2022-07-13,VUS,2025-10-06,VUS
1982999,2022-07-14,LB,2022-07-14,LB
1983129,2023-08-01,VUS,2023-08-01,VUS
1983146,2024-08-08,LB,2024-08-08,LB
1983152,2022-04-07,VUS,2024-07-12,VUS
1983171,2024-02-02,LB,2024-02-02,LB
1983187,2022-08-30,LB,2022-08-30,LB
1983213,2024-04-15,VUS,2024-04-15,VUS
1983308,2022-07-12,VUS,2022-07-12,VUS
1983311,2022-06-04,VUS,2025-01-31,VUS
1983358,2022-05-04,P,2023-10-20,P
1983433,2024-03-13,LB,2024-03-13,LB
1983493,2022-05-24,VUS,2024-08-19,VUS
1983528,2023-08-14,VUS,2025-08-04,VUS
1983569,2023-01-16,LB,2023-01-16,LB
1983612,2022-05-23,LP,2023-03-07,LP
1983719,2022-05-25,VUS,2023-04-13,VUS
1983722,2022-03-16,VUS,2025-06-12,VUS
1983835,2022-08-17,VUS,2022-08-17,VUS
1983887,2024-11-27,LB,2024-11-27,LB
1983909,2022-05-28,VUS,2022-05-28,VUS
1984023,2022-08-06,VUS,2022-08-06,VUS
1984086,2024-01-22,LP,2024-09-26,LP
1984101,2022-09-16,LB,2022-09-16,LB
1984105,2022-02-28,LB,2022-02-28,LB
1984107,2022-11-01,VUS,2022-11-01,VUS
1984272,2022-03-04,LB,2022-03-04,LB
1984335,2025-12-27,P,2025-12-27,P
1984355,2026-01-18,VUS,2026-01-18,VUS
1984364,2022-08-28,LB,2022-08-28,LB
1984484,2022-08-12,VUS,2022-08-12,VUS
1984555,2022-06-09,VUS,2025-06-17,VUS
1984583,2022-06-19,VUS,2024-03-23,VUS
1984694,2023-08-04,VUS,2023-08-04,VUS
1984801,2023-08-04,VUS,2023-08-04,VUS
1984907,2022-02-14,VUS,2025-12-16,VUS
1985128,2024-05-21,VUS,2025-06-12,VUS
1985166,2025-06-10,LB,2025-06-10,LB
1985173,2025-10-21,LB,2025-10-21,LB
1985221,2023-08-19,LB,2023-08-19,LB
1985317,2024-10-21,VUS,2025-07-31,VUS
1985343,2022-03-17,VUS,2022-03-17,VUS
1985432,2022-06-17,VUS,2022-06-17,VUS
1985499,2025-06-14,LB,2025-06-14,LB
1985519,2022-09-27,LB,2022-09-27,LB
1985539,2022-08-05,VUS,2024-02-11,VUS
1985625,2024-05-21,LB,2024-05-21,LB
1985626,2022-01-17,LB,2022-01-17,LB
1985703,2022-02-04,VUS,2025-01-08,VUS
1985751,2025-01-02,VUS,2025-01-02,VUS
1985765,2022-06-14,VUS,2022-06-14,VUS
1985826,2022-02-21,LB,2022-02-21,LB
1986053,2022-03-24,LB,2022-03-24,LB
1986065,2024-12-09,VUS,2024-12-09,VUS
1986459,2023-08-01,LB,2023-08-01,LB
1986597,2022-08-04,LP,2026-01-26,LP
1986634,2022-07-31,LB,2022-07-31,LB
1986636,2022-10-14,P,2022-10-14,P
1986644,2023-09-05,LB,2023-09-05,LB
1986689,2021-12-19,VUS,2021-12-19,VUS
1986693,2022-01-21,VUS,2022-08-19,VUS
1986797,2022-10-23,LB,2022-10-23,LB
1986817,2022-07-09,VUS,2024-04-04,VUS
1986933,2022-02-12,VUS,2022-07-27,VUS
1986981,2021-12-13,VUS,2025-08-08,VUS
1987005,2022-10-06,VUS,2022-10-06,VUS
1987074,2022-08-16,LB,2022-08-16,LB
1987130,2023-08-24,VUS,2023-08-24,VUS
1987205,2024-06-03,LB,2024-06-03,LB
1987687,2022-04-10,VUS,2022-04-10,VUS
1987699,2024-10-25,LB,2024-10-25,LB
1987703,2025-03-17,LB,2025-03-17,LB
1987716,2022-06-10,VUS,2022-06-10,VUS
1987727,2022-02-09,VUS,2022-02-09,VUS
1987895,2022-07-23,VUS,2024-08-27,VUS
1987915,2022-09-27,VUS,2023-01-12,VUS
1988073,2022-07-07,LB,2022-07-07,LB
1988434,2025-03-31,LB,2025-03-31,LB
1988497,2024-09-03,LB,2024-09-03,LB
1988833,2024-04-16,VUS,2024-04-16,VUS
1989125,2022-07-24,LB,2022-07-24,LB
1989226,2022-08-12,VUS,2022-08-12,VUS
1989260,2022-03-10,LB,2022-03-10,LB
1989322,2022-06-10,VUS,2024-11-13,VUS
1989328,2022-04-13,VUS,2024-08-24,VUS
1989340,2024-03-11,VUS,2024-03-11,VUS
1989609,2022-05-03,VUS,2022-05-03,VUS
1989746,2023-07-17,LB,2023-07-17,LB
1989839,2021-12-28,VUS,2021-12-28,VUS
1989872,2022-11-01,VUS,2024-11-25,VUS
1990051,2023-10-13,VUS,2023-10-13,VUS
1990097,2025-05-05,B,2025-05-05,B
1990115,2023-07-26,LB,2023-07-26,LB
1990211,2022-05-24,VUS,2022-05-24,VUS
1990537,2022-10-04,VUS,2024-06-15,VUS
1990543,2025-10-01,LB,2025-10-01,LB
1990544,2024-02-24,VUS,2024-02-24,VUS
1990590,2022-01-14,LB,2022-01-14,LB
1990597,2022-08-17,VUS,2022-08-17,VUS
1990747,2022-08-08,VUS,2022-08-08,VUS
1990785,2022-05-31,VUS,2022-05-31,VUS
1990910,2022-09-06,VUS,2022-09-06,VUS
1990927,2024-02-06,LB,2024-02-06,LB
1991207,2022-02-06,VUS,2025-04-08,VUS
1991248,2022-08-20,VUS,2022-08-20,VUS
1991508,2023-01-02,P,2023-01-02,P
1991540,2025-07-30,LB,2025-07-30,LB
1991714,2022-05-17,LB,2022-05-17,LB
1992215,2022-07-05,VUS,2022-07-05,VUS
1992294,2022-07-04,VUS,2025-02-02,VUS
1992504,2022-05-09,VUS,2022-05-09,VUS
1992527,2022-10-28,LB,2022-10-28,LB
1992551,2023-12-19,LB,2023-12-19,LB
1992590,2023-10-24,LB,2023-10-24,LB
1992637,2022-05-10,LP,2022-05-10,LP
1992642,2022-05-10,LB,2022-05-10,LB
1992647,2022-05-10,VUS,2022-05-10,VUS
1992655,2022-05-10,VUS,2022-05-10,VUS
1992685,2023-12-04,LB,2023-12-04,LB
1992893,2022-05-10,LB,2022-05-10,LB
1993124,2022-05-11,VUS,2022-05-11,VUS
1993167,2025-03-31,LB,2025-03-31,LB
1993176,2022-05-11,VUS,2022-05-11,VUS
1993177,2022-05-11,VUS,2022-05-11,VUS
1993185,2022-05-19,LB,2022-05-19,LB
1993274,2023-12-29,LB,2023-12-29,LB
1993329,2022-05-12,P,2022-05-12,P
1993338,2022-05-12,VUS,2022-05-12,VUS
1993455,2022-05-12,LP,2022-05-12,LP
1993567,2022-05-12,LB,2022-05-12,LB
1993598,2024-02-07,LB,2024-02-07,LB
1993816,2022-07-05,VUS,2022-07-05,VUS
1993850,2022-05-12,VUS,2022-05-12,VUS
1993877,2022-08-22,P,2022-08-22,P
1993995,2022-08-31,LB,2022-08-31,LB
1994101,2024-11-11,VUS,2024-11-11,VUS
1994419,2022-11-01,LB,2022-11-01,LB
1994428,2022-05-14,VUS,2022-05-14,VUS
1994525,2022-05-15,VUS,2022-05-15,VUS
1994559,2022-05-15,VUS,2022-05-15,VUS
1995052,2022-05-16,LB,2022-05-16,LB
1995142,2023-07-07,LB,2023-07-07,LB
1995144,2023-06-17,LB,2023-06-17,LB
1995253,2022-05-20,LB,2022-05-20,LB
1995329,2022-05-16,LB,2022-05-16,LB
1995361,2022-05-16,LB,2022-05-16,LB
1995418,2023-09-21,LB,2023-09-21,LB
1995528,2022-05-17,LB,2022-05-17,LB
1995634,2022-05-17,VUS,2022-05-17,VUS
1995641,2022-05-17,VUS,2022-05-17,VUS
1995741,2023-07-15,LB,2023-07-15,LB
1995772,2025-09-15,VUS,2025-09-15,VUS
1995979,2022-05-25,LB,2022-05-25,LB
1996005,2022-05-18,LP,2023-09-10,LP
1996007,2022-05-18,LB,2022-05-18,LB
1996064,2025-04-17,LB,2025-04-17,LB
1996073,2022-05-18,VUS,2022-05-18,VUS
1996074,2022-05-18,LB,2022-05-18,LB
1996200,2022-05-18,VUS,2022-05-18,VUS
1996249,2022-10-25,VUS,2022-10-25,VUS
1996299,2022-09-27,P,2022-09-27,P
1996316,2024-02-28,LB,2024-02-28,LB
1996337,2022-06-07,VUS,2022-06-07,VUS
1996386,2022-03-14,VUS,2022-03-14,VUS
1996834,2022-05-29,P,2022-05-29,P
1996886,2025-07-21,VUS,2025-07-21,VUS
1996924,2022-05-20,VUS,2022-05-20,VUS
1997012,2022-08-17,VUS,2022-08-17,VUS
1997052,2022-05-20,LB,2022-05-20,LB
1997068,2022-05-20,LB,2022-05-20,LB
1997275,2023-05-24,LB,2023-05-24,LB
1997333,2022-05-24,VUS,2022-05-24,VUS
1997363,2022-06-07,VUS,2022-06-07,VUS
1997417,2022-07-10,LB,2022-07-10,LB
1997495,2023-10-13,LB,2023-10-13,LB
1997497,2022-05-31,LB,2022-05-31,LB
1997505,2025-11-12,P,2025-11-12,P
1997673,2023-09-13,LB,2023-09-13,LB
1997981,2023-02-27,VUS,2024-08-13,VUS
1998165,2022-05-31,LB,2022-05-31,LB
1998216,2022-05-24,VUS,2022-05-24,VUS
1998351,2022-10-24,VUS,2022-10-24,VUS
1998481,2022-05-30,LB,2022-05-30,LB
1998753,2026-01-27,LB,2026-01-27,LB
1998949,2024-03-04,VUS,2024-03-04,VUS
1998976,2022-10-24,VUS,2022-10-24,VUS
1999421,2024-04-30,LB,2024-04-30,LB
1999426,2022-05-27,VUS,2022-05-27,VUS
1999508,2022-05-27,P,2022-05-27,P
1999592,2022-05-27,LB,2022-05-27,LB
1999636,2022-05-27,P,2022-05-27,P
1999862,2022-10-24,P,2022-10-24,P
1999903,2022-05-28,VUS,2022-05-28,VUS
1999920,2022-05-28,LB,2022-05-28,LB
1999954,2024-02-24,LB,2024-02-24,LB
1999963,2024-10-29,VUS,2024-10-29,VUS
1999975,2022-05-28,VUS,2022-05-28,VUS
2000105,2023-11-14,LB,2023-11-14,LB
2000209,2022-05-29,VUS,2022-05-29,VUS
2000221,2022-07-22,LB,2022-07-22,LB
2000239,2022-05-29,VUS,2022-05-29,VUS
2000302,2022-05-29,VUS,2022-05-29,VUS
2000327,2022-05-29,P,2022-05-29,P
2000366,2022-05-29,LB,2022-05-29,LB
2000590,2022-05-29,LB,2022-05-29,LB
2000640,2024-10-29,VUS,2024-10-29,VUS
2000665,2022-05-29,LP,2022-05-29,LP
2000680,2022-06-02,VUS,2022-06-02,VUS
2000767,2022-05-29,VUS,2022-05-29,VUS
2000954,2022-05-30,P,2022-05-30,P
2000973,2025-06-16,LB,2025-06-16,LB
2000982,2022-09-07,VUS,2024-05-08,VUS
2001013,2022-06-03,P,2022-06-03,P
2001062,2022-03-15,P,2022-03-15,P
2001108,2023-10-23,LB,2023-10-23,LB
2001252,2022-06-09,VUS,2022-06-09,VUS
2001515,2022-05-31,VUS,2022-05-31,VUS
2001573,2022-09-04,LP,2023-10-22,LP
2001798,2023-08-10,VUS,2023-08-10,VUS
2001882,2022-06-13,LB,2022-06-13,LB
2002015,2022-10-17,VUS,2022-10-17,VUS
2002044,2023-08-24,LB,2023-08-24,LB
2002477,2022-06-05,VUS,2022-06-05,VUS
2002521,2023-10-03,VUS,2023-10-03,VUS
2002682,2025-01-27,LB,2025-01-27,LB
2002713,2024-10-21,VUS,2024-10-21,VUS
2002776,2022-06-08,VUS,2022-06-08,VUS
2003008,2022-11-22,LB,2022-11-22,LB
2003036,2023-08-24,VUS,2023-08-24,VUS
2003153,2022-06-07,VUS,2022-06-07,VUS
2003226,2022-06-14,P,2022-06-14,P
2003283,2022-11-22,LB,2022-11-22,LB
2003287,2023-05-22,VUS,2023-05-22,VUS
2003369,2022-06-08,LB,2022-06-08,LB
2003639,2023-12-24,LB,2023-12-24,LB
2003736,2023-07-29,LB,2023-07-29,LB
2003836,2022-06-05,VUS,2022-06-05,VUS
2003869,2022-06-09,LB,2022-06-09,LB
2003898,2022-06-09,LP,2022-06-09,LP
2003928,2022-06-10,VUS,2022-06-10,VUS
2004250,2025-01-06,VUS,2025-01-06,VUS
2004264,2022-06-10,LB,2022-06-10,LB
2004308,2022-06-10,LB,2022-06-10,LB
2004347,2022-10-04,VUS,2022-10-04,VUS
2004394,2022-06-10,VUS,2022-06-10,VUS
2004408,2022-06-13,LB,2022-06-13,LB
2004530,2025-06-12,VUS,2025-06-12,VUS
2004534,2025-06-12,LB,2025-06-12,LB
2004688,2025-06-12,VUS,2025-06-12,VUS
2004749,2022-06-11,VUS,2022-06-11,VUS
2004793,2021-11-27,LB,2021-11-27,LB
2005177,2022-06-23,VUS,2022-06-23,VUS
2005184,2022-06-12,VUS,2022-06-12,VUS
2005280,2022-06-12,LB,2022-06-12,LB
2005342,2022-06-13,LB,2022-06-13,LB
2005379,2022-06-27,LB,2022-06-27,LB
2005447,2024-09-02,P,2024-09-02,P
2005590,2026-01-14,LB,2026-01-14,LB
2005617,2025-07-31,LB,2025-07-31,LB
2006026,2022-06-14,VUS,2022-06-14,VUS
2006056,2020-11-10,VUS,2022-06-14,VUS
2006065,2022-06-14,VUS,2022-06-14,VUS
2006183,2022-06-14,LB,2022-06-14,LB
2006191,2022-02-10,LB,2022-02-10,LB
2006392,2022-06-14,VUS,2022-06-14,VUS
2006424,2022-12-18,VUS,2022-12-18,VUS
2006425,2022-12-18,VUS,2022-12-18,VUS
2006501,2024-12-02,P,2024-12-02,P
2006730,2022-06-14,LB,2022-06-14,LB
2006732,2022-06-14,LB,2022-06-14,LB
2006790,2022-06-15,LB,2022-06-15,LB
2006838,2022-11-08,LP,2022-11-08,LP
2006883,2023-05-19,LB,2023-05-19,LB
2007026,2024-02-24,P,2024-02-24,P
2007065,2022-06-15,VUS,2022-06-15,VUS
2007083,2024-05-22,VUS,2024-05-22,VUS
2007125,2022-06-15,VUS,2022-06-15,VUS
2007172,2022-06-17,VUS,2022-06-17,VUS
2007225,2022-06-15,VUS,2022-06-15,VUS
2007321,2022-06-22,VUS,2024-04-17,VUS
2007531,2022-06-16,LB,2022-06-16,LB
2007653,2026-01-05,LB,2026-01-05,LB
2007734,2025-03-31,VUS,2025-03-31,VUS
2007823,2022-06-18,P,2022-06-18,P
2007857,2022-06-18,VUS,2022-06-18,VUS
2007894,2021-10-02,VUS,2024-03-19,VUS
2007938,2022-07-15,VUS,2022-07-15,VUS
2008101,2022-06-18,LB,2022-06-18,LB
2008284,2025-02-03,VUS,2025-02-03,VUS
2008332,2022-06-19,VUS,2022-06-19,VUS
2008419,2022-06-19,VUS,2022-06-19,VUS
2008421,2022-06-25,LB,2022-06-25,LB
2008548,2024-10-29,LB,2024-10-29,LB
2008679,2022-06-20,LB,2022-06-20,LB
2008734,2022-06-20,LB,2022-06-20,LB
2008737,2022-06-20,VUS,2022-06-20,VUS
2008982,2022-07-19,LB,2022-07-19,LB
2009008,2022-06-22,VUS,2022-06-22,VUS
2009055,2023-05-22,LB,2025-07-30,LB
2009063,2022-08-16,VUS,2022-08-16,VUS
2009075,2022-12-14,LB,2022-12-14,LB
2009095,2022-06-22,LB,2022-06-22,LB
2009225,2023-05-08,VUS,2023-05-08,VUS
2009231,2022-09-22,P,2022-09-22,P
2009362,2022-06-22,VUS,2022-06-22,VUS
2009519,2022-06-23,VUS,2022-06-23,VUS
2009544,2022-10-03,VUS,2022-10-03,VUS
2009577,2022-06-23,VUS,2022-06-23,VUS
2009674,2022-06-23,LB,2022-06-23,LB
2009719,2022-08-06,VUS,2022-08-06,VUS
2009827,2022-06-23,VUS,2022-06-23,VUS
2009831,2022-06-23,VUS,2022-06-23,VUS
2009850,2022-06-23,P,2022-06-23,P
2010162,2022-06-24,VUS,2022-06-24,VUS
2010227,2025-01-15,VUS,2025-01-15,VUS
2010258,2023-08-30,VUS,2023-08-30,VUS
2010323,2022-06-24,LB,2022-06-24,LB
2010350,2022-10-25,VUS,2022-10-25,VUS
2010481,2022-10-19,VUS,2024-05-26,VUS
2010852,2022-06-26,P,2022-06-26,P
2010931,2025-01-13,VUS,2025-01-13,VUS
2010994,2022-11-06,VUS,2022-11-06,VUS
2011005,2022-06-29,VUS,2022-06-29,VUS
2011057,2022-06-26,P,2022-06-26,P
2011142,2024-10-26,LB,2024-10-26,LB
2011155,2023-02-08,LB,2023-02-08,LB
2011316,2025-06-12,P,2025-06-12,P
2011472,2022-09-27,P,2022-09-27,P
2011492,2022-12-02,LB,2022-12-02,LB
2011521,2022-06-27,LB,2022-06-27,LB
2011550,2025-11-28,LB,2025-11-28,LB
2011555,2022-06-27,VUS,2022-06-27,VUS
2011941,2022-06-28,VUS,2022-06-28,VUS
2011984,2024-02-24,VUS,2024-02-24,VUS
2012241,2022-06-29,VUS,2022-06-29,VUS
2012250,2024-02-02,LB,2024-02-02,LB
2012272,2022-06-29,VUS,2022-06-29,VUS
2012344,2022-06-29,VUS,2022-06-29,VUS
2012396,2022-06-30,LB,2022-06-30,LB
2012432,2022-07-31,VUS,2022-07-31,VUS
2012434,2022-06-30,VUS,2022-06-30,VUS
2012486,2022-06-30,VUS,2022-06-30,VUS
2012576,2025-03-31,LB,2025-03-31,LB
2012974,2022-07-01,LB,2022-07-01,LB
2013089,2022-09-21,VUS,2022-09-21,VUS
2013387,2022-07-05,LB,2022-07-05,LB
2013407,2022-07-03,VUS,2022-07-03,VUS
2013668,2022-07-03,VUS,2022-07-03,VUS
2013689,2024-07-15,LB,2024-07-15,LB
2013716,2025-08-22,VUS,2025-08-22,VUS
2013753,2022-07-03,LB,2022-07-03,LB
2013788,2021-11-28,VUS,2021-11-28,VUS
2013793,2022-07-03,VUS,2022-07-03,VUS
2014077,2022-07-04,VUS,2022-07-04,VUS
2014103,2022-09-27,VUS,2022-09-27,VUS
2014296,2022-07-06,VUS,2022-07-06,VUS
2014297,2022-07-06,LB,2022-07-06,LB
2014339,2022-07-14,VUS,2022-07-14,VUS
2014388,2025-03-17,LB,2025-03-17,LB
2014405,2022-07-06,VUS,2022-07-06,VUS
2014421,2022-07-06,VUS,2022-07-06,VUS
2014674,2023-07-14,LB,2023-07-14,LB
2014753,2022-07-06,VUS,2023-12-13,VUS
2014863,2024-03-06,VUS,2024-03-06,VUS
2014938,2024-11-05,P,2024-11-05,P
2015061,2022-10-24,VUS,2022-10-24,VUS
2015127,2022-07-08,LB,2022-07-08,LB
2015155,2025-03-17,LB,2025-03-17,LB
2015201,2022-10-05,VUS,2022-10-05,VUS
2015258,2022-07-12,VUS,2022-07-12,VUS
2015259,2022-07-12,VUS,2022-07-12,VUS
2015429,2022-07-09,VUS,2022-07-09,VUS
2015465,2022-07-17,VUS,2022-07-17,VUS
2015552,2022-07-09,VUS,2022-07-09,VUS
2015573,2022-07-09,VUS,2022-07-09,VUS
2015688,2023-09-21,LB,2023-09-21,LB
2015717,2022-08-24,LB,2022-08-24,LB
2015734,2022-07-10,LB,2022-07-10,LB
2015819,2022-07-14,P,2022-07-14,P
2015823,2024-12-02,VUS,2024-12-02,VUS
2015909,2022-07-20,LB,2022-07-20,LB
2015916,2024-10-26,P,2024-10-26,P
2016029,2024-12-02,VUS,2024-12-02,VUS
2016060,2024-06-03,P,2024-06-03,P
2016104,2022-07-11,LB,2022-07-11,LB
2016442,2022-07-13,LB,2025-03-01,LB
2016478,2022-07-09,VUS,2022-07-09,VUS
2016502,2022-08-29,LB,2022-08-29,LB
2016695,2022-07-13,LB,2022-07-13,LB
2016851,2022-07-16,VUS,2022-07-16,VUS
2017042,2025-03-17,P,2025-03-17,P
2017351,2022-09-13,LB,2022-09-13,LB
2017473,2023-01-31,P,2023-01-31,P
2017572,2023-12-11,LB,2023-12-11,LB
2017616,2022-07-16,P,2022-07-16,P
2017833,2022-07-17,P,2022-07-17,P
2018099,2024-10-16,VUS,2024-10-16,VUS
2018102,2022-11-15,LB,2022-11-15,LB
2018465,2022-07-20,P,2022-07-20,P
2018837,2023-08-21,LB,2023-08-21,LB
2018941,2022-07-22,LB,2022-07-22,LB
2019081,2024-08-22,LB,2024-08-22,LB
2019323,2022-07-23,LB,2022-07-23,LB
2019324,2022-07-23,LB,2022-07-23,LB
2019407,2024-08-28,P,2025-04-17,P
2019607,2022-09-21,LB,2022-09-21,LB
2019663,2022-03-11,VUS,2024-08-21,VUS
2019696,2022-07-25,LB,2022-07-25,LB
2019744,2022-07-26,P,2022-07-26,P
2019816,2025-06-12,P,2025-06-12,P
2019819,2022-07-26,LB,2022-07-26,LB
2019832,2022-07-26,P,2022-07-26,P
2020372,2023-10-03,LB,2023-10-03,LB
2020436,2023-06-12,LB,2023-06-12,LB
2020561,2024-10-25,VUS,2024-10-25,VUS
2020604,2022-07-30,P,2022-07-30,P
2020675,2024-06-21,LB,2024-06-21,LB
2020683,2022-08-21,LB,2022-08-21,LB
2020909,2022-08-01,LP,2022-08-01,LP
2021318,2022-11-01,VUS,2022-11-01,VUS
2021375,2023-12-07,LB,2023-12-07,LB
2021382,2022-08-03,LB,2022-08-03,LB
2021428,2025-07-14,LB,2025-07-14,LB
2021546,2023-11-06,LB,2023-11-06,LB
2021585,2022-08-04,P,2022-08-04,P
2021623,2022-08-05,LB,2022-08-05,LB
2021632,2022-08-11,LB,2022-08-11,LB
2021644,2022-08-19,LB,2022-08-19,LB
2021802,2022-08-05,P,2022-08-05,P
2021915,2022-08-05,LB,2022-08-05,LB
2022124,2022-11-22,VUS,2022-11-22,VUS
2022127,2022-08-06,LB,2022-08-06,LB
2022309,2022-03-19,VUS,2022-03-19,VUS
2022354,2022-08-08,LB,2022-08-08,LB
2022480,2022-11-02,VUS,2022-11-02,VUS
2022531,2021-12-01,VUS,2025-02-07,VUS
2022556,2023-08-10,LB,2023-08-10,LB
2022663,2024-11-11,LB,2024-11-11,LB
2022664,2022-08-08,LB,2022-08-08,LB
2022666,2022-08-22,VUS,2022-08-22,VUS
2022890,2022-08-08,LB,2022-08-08,LB
2022909,2023-09-22,LB,2023-09-22,LB
2023001,2024-04-17,LP,2024-04-17,LP
2023186,2023-09-18,P,2023-09-18,P
2023439,2022-11-08,LB,2022-11-08,LB
2023555,2022-08-11,VUS,2022-08-11,VUS
2023634,2023-06-13,LB,2023-06-13,LB
2023655,2024-12-02,VUS,2024-12-02,VUS
2023838,2022-08-12,P,2022-08-12,P
2024075,2024-02-24,LB,2024-02-24,LB
2024101,2022-08-13,VUS,2022-08-13,VUS
2024145,2022-11-01,LB,2022-11-01,LB
2024314,2023-07-10,LB,2023-07-10,LB
2024389,2024-11-03,LB,2024-11-03,LB
2024655,2022-08-31,P,2022-08-31,P
2024866,2022-08-19,LB,2022-08-19,LB
2024887,2023-05-23,P,2023-05-23,P
2024935,2022-08-19,LB,2022-08-19,LB
2025029,2022-08-19,LB,2022-08-19,LB
2025068,2022-08-20,P,2022-08-20,P
2025089,2023-11-14,VUS,2023-11-27,VUS
2025146,2024-10-23,VUS,2024-10-23,VUS
2025159,2022-08-20,LB,2022-08-20,LB
2025231,2022-08-20,LB,2022-08-20,LB
2025274,2022-08-20,LB,2022-08-20,LB
2025645,2022-11-08,LB,2022-11-08,LB
2025887,2022-08-21,LB,2022-08-21,LB
2025952,2022-08-23,LB,2022-08-23,LB
2026029,2022-08-22,P,2022-08-22,P
2026153,2025-12-19,B,2025-12-19,B
2026228,2022-08-22,LB,2022-08-22,LB
2026229,2022-08-22,LB,2022-08-22,LB
2026384,2021-06-21,VUS,2025-11-10,VUS
2026410,2022-08-22,LB,2022-08-22,LB
2026548,2021-12-02,VUS,2021-12-02,VUS
2026694,2021-12-02,VUS,2021-12-02,VUS
2026752,2022-08-24,P,2022-08-24,P
2026883,2022-08-24,LB,2022-08-24,LB
2026911,2022-08-24,P,2022-08-24,P
2027077,2021-12-02,LP,2021-12-02,LP
2027368,2025-07-13,LB,2025-07-13,LB
2027483,2022-08-27,P,2022-08-27,P
2027537,2022-08-28,LB,2022-08-28,LB
2027543,2024-10-22,LP,2024-10-22,LP
2027785,2022-06-08,VUS,2025-12-02,VUS
2027807,2022-08-29,LB,2022-08-29,LB
2027905,2022-08-30,LB,2022-08-30,LB
2027964,2022-03-19,LB,2022-03-19,LB
2028278,2022-08-31,LB,2022-08-31,LB
2028313,2022-09-01,LB,2022-09-01,LB
2028358,2024-12-28,LP,2024-12-28,LP
2028405,2023-10-30,LB,2023-10-30,LB
2028520,2022-11-25,LB,2022-11-25,LB
2028945,2022-10-05,P,2022-10-05,P
2029075,2022-09-05,LB,2022-09-05,LB
2029094,2022-09-15,LB,2022-09-15,LB
2029316,2022-09-06,LP,2022-09-06,LP
2029524,2023-08-20,LB,2023-08-20,LB
2029561,2022-09-08,LP,2024-04-30,LP
2029697,2022-09-09,P,2022-09-09,P
2029698,2022-07-01,VUS,2022-07-01,VUS
2029771,2022-09-09,LB,2022-09-09,LB
2029937,2022-09-10,LB,2022-09-10,LB
2030119,2022-09-12,LB,2022-09-12,LB
2030277,2025-09-25,P,2025-09-25,P
2030399,2022-09-14,LB,2022-09-14,LB
2030479,2023-04-05,LB,2023-04-05,LB
2030580,2022-09-15,P,2022-09-15,P
2030714,2024-06-03,LB,2024-06-03,LB
2030722,2022-09-15,LB,2022-09-15,LB
2030738,2024-01-19,LB,2024-01-19,LB
2030797,2022-09-16,LB,2022-09-16,LB
2030835,2022-09-26,P,2022-09-26,P
2031066,2022-09-18,LB,2022-09-18,LB
2031348,2022-09-19,LB,2022-09-19,LB
2031643,2023-11-27,LB,2023-11-27,LB
2032059,2022-11-08,LB,2022-11-08,LB
2032349,2022-10-19,LB,2022-10-19,LB
2032392,2022-09-24,LB,2022-09-24,LB
2032401,2022-09-24,LB,2022-09-24,LB
2032412,2022-09-24,LB,2022-09-24,LB
2032428,2024-02-24,VUS,2024-02-24,VUS
2032935,2022-09-27,LB,2022-09-27,LB
2032954,2022-09-27,LB,2022-09-27,LB
2033081,2022-09-28,LB,2022-09-28,LB
2033169,2022-09-28,LB,2022-09-28,LB
2033198,2022-09-28,LB,2022-09-28,LB
2033234,2022-09-28,LB,2022-09-28,LB
2033282,2023-08-09,LB,2023-08-09,LB
2033368,2022-09-29,LB,2022-09-29,LB
2033405,2022-10-08,LB,2022-10-08,LB
2033571,2022-10-01,LB,2022-10-01,LB
2033718,2022-10-08,P,2022-10-08,P
2033848,2023-11-17,LB,2023-11-17,LB
2034109,2022-10-04,LB,2022-10-04,LB
2034189,2024-02-12,LB,2024-02-12,LB
2034233,2022-10-05,LB,2022-10-05,LB
2034282,2024-10-29,LB,2024-10-29,LB
2034367,2022-10-07,LB,2022-10-07,LB
2034576,2022-10-07,LP,2022-10-07,LP
2034683,2023-10-03,LB,2023-10-03,LB
2034779,2024-11-27,LB,2024-11-27,LB
2034850,2022-01-01,VUS,2024-09-11,VUS
2035099,2025-06-12,LB,2025-06-12,LB
2035754,2022-10-16,LB,2022-10-16,LB
2035876,2022-10-17,P,2022-10-17,P
2035982,2025-12-07,P,2025-12-07,P
2036273,2022-10-20,LB,2022-10-20,LB
2036536,2025-08-14,LB,2025-08-14,LB
2036687,2022-10-23,LB,2022-10-23,LB
2036819,2022-10-26,P,2022-10-26,P
2036918,2022-04-12,LB,2022-04-12,LB
2036986,2022-05-23,LP,2022-05-23,LP
2037180,2022-06-03,LB,2022-06-03,LB
2037279,2022-04-01,LB,2022-04-01,LB
2037434,2022-03-23,VUS,2022-03-23,VUS
2037638,2024-08-07,LB,2026-01-21,LB
2037644,2023-07-17,LB,2023-07-17,LB
2037706,2022-08-22,LB,2022-08-22,LB
2037893,2022-04-02,LB,2022-04-02,LB
2037896,2025-04-17,VUS,2025-04-17,VUS
2037917,2022-07-12,P,2022-07-12,P
2037967,2022-08-22,VUS,2022-08-22,VUS
2037978,2022-07-18,VUS,2022-07-18,VUS
2038016,2021-08-29,VUS,2026-03-23,VUS
2038136,2022-08-03,VUS,2022-08-03,VUS
2038251,2025-03-13,LB,2025-03-13,LB
2038417,2022-08-16,LB,2022-08-16,LB
2038418,2022-11-03,VUS,2022-12-28,VUS
2038519,2022-08-16,VUS,2024-03-19,VUS
2038526,2023-10-30,P,2023-10-30,P
2038609,2022-07-01,VUS,2024-03-18,VUS
2038661,2022-08-09,VUS,2022-08-09,VUS
2038666,2022-10-07,LB,2022-10-07,LB
2038671,2023-12-31,LB,2023-12-31,LB
2038792,2021-12-09,VUS,2021-12-09,VUS
2039013,2025-08-30,LB,2025-08-30,LB
2039074,2024-02-22,LB,2024-02-22,LB
2039095,2022-05-31,VUS,2022-05-31,VUS
2039147,2022-09-23,LB,2022-09-23,LB
2039596,2025-01-21,VUS,2025-01-21,VUS
2039981,2022-02-19,LB,2022-02-19,LB
2039998,2024-11-05,VUS,2024-11-05,VUS
2040002,2024-06-05,LB,2024-06-05,LB
2040011,2024-07-29,LB,2024-07-29,LB
2040020,2024-07-29,LB,2024-07-29,LB
2040078,2025-02-04,LB,2025-02-04,LB
2040192,2021-08-24,VUS,2021-08-24,VUS
2040212,2025-07-03,LB,2025-07-03,LB
2040219,2025-06-12,LB,2025-06-12,LB
2040387,2021-12-18,P,2021-12-18,P
2040404,2022-09-27,VUS,2022-09-27,VUS
2040482,2023-05-16,VUS,2023-05-16,VUS
2040548,2022-01-27,VUS,2022-01-27,VUS
2040557,2023-09-28,LB,2023-09-28,LB
2040601,2025-01-06,VUS,2025-01-06,VUS
2040658,2024-02-15,LP,2024-02-15,LP
2040707,2025-07-14,VUS,2025-07-14,VUS
2040811,2025-05-12,LB,2025-05-12,LB
2040878,2023-10-12,VUS,2026-01-25,VUS
2040978,2024-04-10,VUS,2025-12-04,VUS
2041112,2024-06-04,VUS,2025-10-27,VUS
2041138,2021-08-16,VUS,2024-10-08,VUS
2041146,2021-12-12,LB,2021-12-12,LB
2041151,2022-03-20,VUS,2022-03-20,VUS
2041164,2023-03-04,P,2023-03-04,P
2041219,2024-03-20,VUS,2024-04-30,VUS
2041291,2021-12-13,LB,2021-12-13,LB
2041293,2021-12-13,VUS,2021-12-13,VUS
2041482,2022-10-17,LB,2022-10-17,LB
2041530,2022-03-10,LB,2024-10-16,LB
2041533,2022-11-15,P,2022-11-15,P
2041574,2025-09-05,LB,2025-09-05,LB
2041649,2021-12-13,LB,2021-12-13,LB
2041793,2022-06-04,VUS,2022-06-04,VUS
2042322,2024-09-01,LB,2024-09-01,LB
2042347,2022-03-22,LB,2022-03-22,LB
2042355,2024-03-11,VUS,2024-03-11,VUS
2042418,2022-06-27,VUS,2022-06-27,VUS
2042527,2024-04-26,VUS,2025-07-07,VUS
2042717,2022-04-10,VUS,2024-06-25,VUS
2042725,2022-10-24,VUS,2022-10-24,VUS
2042781,2025-11-23,B,2025-11-23,B
2042920,2021-12-14,LB,2021-12-14,LB
2043014,2021-12-15,LB,2021-12-15,LB
2043060,2024-05-09,LB,2024-05-09,LB
2043082,2023-11-27,LB,2023-11-27,LB
2043083,2023-11-27,VUS,2025-08-13,VUS
2043086,2025-02-17,VUS,2025-02-17,VUS
2043124,2022-06-01,LB,2024-02-24,LB
2043148,2022-12-05,P,2022-12-05,P
2043199,2022-10-07,LB,2022-10-07,LB
2043396,2022-09-16,LB,2022-09-16,LB
2043519,2021-09-02,VUS,2024-01-28,VUS
2043572,2021-12-29,VUS,2021-12-29,VUS
2043623,2022-01-16,VUS,2025-08-04,VUS
2043743,2022-02-11,VUS,2022-02-11,VUS
2043785,2022-08-20,VUS,2022-08-20,VUS
2044102,2022-06-23,VUS,2024-04-26,VUS
2044170,2024-09-18,LB,2025-08-18,LB
2044294,2022-03-04,VUS,2022-03-04,VUS
2044321,2022-03-18,LB,2022-03-18,LB
2044333,2022-08-09,VUS,2022-08-09,VUS
2044357,2022-03-10,VUS,2022-03-10,VUS
2044605,2024-10-29,B,2024-10-29,B
2044668,2024-05-14,VUS,2025-01-29,VUS
2044673,2022-08-09,VUS,2025-05-16,VUS
2044677,2022-04-01,VUS,2022-04-01,VUS
2045034,2024-03-23,VUS,2026-02-27,VUS
2045207,2023-09-07,VUS,2023-09-07,VUS
2045338,2025-10-31,LB,2025-10-31,LB
2045340,2021-12-20,VUS,2021-12-20,VUS
2045482,2021-12-17,VUS,2021-12-17,VUS
2045569,2022-02-28,VUS,2022-02-28,VUS
2045578,2025-09-02,LB,2025-09-02,LB
2045674,2025-07-28,VUS,2025-07-28,VUS
2045717,2026-01-05,LP,2026-01-05,LP
2045888,2022-06-10,VUS,2022-06-10,VUS
2045896,2024-03-27,VUS,2025-01-22,VUS
2045897,2024-03-27,VUS,2025-01-22,VUS
2046120,2022-03-23,LB,2024-01-15,LB
2046141,2024-08-10,LB,2024-08-10,LB
2046399,2025-07-22,LB,2025-07-22,LB
2046401,2022-08-01,LB,2022-08-01,LB
2046474,2021-12-18,LB,2021-12-18,LB
2046694,2025-06-12,LB,2025-06-12,LB
2046735,2025-12-17,VUS,2025-12-17,VUS
2046742,2023-12-14,LB,2023-12-14,LB
2046776,2024-04-30,VUS,2024-10-15,VUS
2046837,2021-12-27,LB,2021-12-27,LB
2046940,2021-12-18,VUS,2021-12-18,VUS
2046968,2024-02-24,P,2024-02-24,P
2046976,2024-11-18,VUS,2024-11-18,VUS
2046987,2021-12-18,LB,2021-12-18,LB
2047139,2024-09-26,LB,2024-09-26,LB
2047423,2024-12-02,LB,2024-12-02,LB
2047458,2022-07-14,VUS,2022-07-14,VUS
2047461,2025-07-27,LB,2025-07-27,LB
2047569,2020-07-23,LB,2025-10-05,LB
2047699,2022-01-18,VUS,2024-05-08,VUS
2047759,2021-12-19,VUS,2021-12-19,VUS
2047903,2022-06-14,VUS,2022-06-14,VUS
2047992,2022-09-10,VUS,2022-09-10,VUS
2048053,2025-12-08,VUS,2025-12-08,VUS
2048130,2023-12-14,VUS,2023-12-14,VUS
2048151,2024-08-08,LB,2024-08-08,LB
2048272,2022-04-11,LB,2022-04-11,LB
2048394,2022-07-30,VUS,2022-07-30,VUS
2048425,2021-12-19,LB,2021-12-19,LB
2048438,2022-12-23,LB,2022-12-23,LB
2048606,2024-02-23,VUS,2025-04-07,VUS
2048826,2022-03-07,P,2026-01-14,P
2048838,2022-02-20,VUS,2022-02-20,VUS
2048893,2022-03-12,LB,2022-03-12,LB
2049237,2021-12-30,LB,2021-12-30,LB
2049342,2022-03-09,VUS,2022-03-09,VUS
2049386,2025-10-21,LB,2025-10-21,LB
2049556,2021-12-27,VUS,2023-12-18,VUS
2049563,2022-07-30,VUS,2024-10-29,VUS
2049583,2022-06-19,VUS,2024-02-08,VUS
2049608,2022-08-22,VUS,2022-08-22,VUS
2049621,2024-02-24,VUS,2024-07-02,VUS
2049749,2021-12-20,VUS,2021-12-20,VUS
2049815,2021-12-20,LB,2021-12-20,LB
2049894,2021-12-20,LB,2021-12-20,LB
2050012,2021-12-20,LB,2021-12-20,LB
2050191,2022-07-12,P,2022-07-12,P
2050265,2024-01-24,VUS,2024-06-24,VUS
2050347,2022-06-04,VUS,2022-06-04,VUS
2050539,2022-10-13,VUS,2022-10-13,VUS
2050596,2022-09-07,VUS,2022-09-07,VUS
2050608,2021-12-20,LB,2021-12-20,LB
2050793,2021-08-10,VUS,2023-09-05,VUS
2050964,2024-06-08,LB,2024-06-08,LB
2051222,2022-08-16,LB,2022-08-16,LB
2051242,2024-09-09,LB,2024-09-09,LB
2051495,2022-08-16,VUS,2022-08-16,VUS
2051498,2022-08-16,VUS,2022-08-16,VUS
2051563,2022-08-05,LB,2022-08-05,LB
2051677,2022-11-01,VUS,2024-01-20,VUS
2051869,2022-03-04,VUS,2022-03-04,VUS
2051883,2022-08-13,VUS,2022-08-13,VUS
2051884,2022-08-07,VUS,2022-08-07,VUS
2052154,2025-05-13,LB,2025-05-13,LB
2052249,2025-04-19,LB,2025-04-19,LB
2052294,2022-06-17,VUS,2024-05-12,VUS
2052339,2022-07-26,VUS,2022-07-26,VUS
2052417,2025-09-02,LB,2025-09-02,LB
2052429,2021-12-22,LB,2021-12-22,LB
2052547,2022-10-17,VUS,2022-10-17,VUS
2052552,2022-06-04,LB,2022-06-04,LB
2052841,2021-12-29,LB,2021-12-29,LB
2052851,2022-03-19,LB,2022-03-19,LB
2052921,2021-12-22,P,2021-12-22,P
2052935,2021-12-22,VUS,2021-12-22,VUS
2052969,2021-12-22,VUS,2021-12-22,VUS
2053162,2022-10-26,LB,2022-10-26,LB
2053176,2021-12-23,VUS,2024-01-17,VUS
2053254,2021-12-22,P,2021-12-22,P
2053284,2022-08-09,VUS,2022-08-09,VUS
2053371,2022-05-12,LB,2024-08-26,LB
2053489,2024-02-23,P,2024-02-23,P
2053506,2024-11-07,LB,2024-11-07,LB
2053607,2024-04-17,VUS,2024-11-11,VUS
2053651,2025-03-31,VUS,2025-03-31,VUS
2053700,2023-09-22,LB,2023-09-22,LB
2053843,2024-10-26,VUS,2024-10-26,VUS
2053866,2025-02-03,LB,2025-02-03,LB
2053910,2022-05-31,VUS,2022-05-31,VUS
2054003,2021-12-24,B,2021-12-24,B
2054154,2022-07-26,VUS,2022-07-26,VUS
2054185,2021-12-23,VUS,2021-12-23,VUS
2054201,2022-09-27,LB,2022-09-27,LB
2054202,2022-03-19,VUS,2022-03-19,VUS
2054306,2022-03-19,VUS,2025-04-15,VUS
2054338,2022-01-03,VUS,2025-04-04,VUS
2054408,2021-12-23,VUS,2021-12-23,VUS
2054593,2022-07-25,LB,2022-07-25,LB
2054693,2022-08-20,LB,2022-08-20,LB
2054776,2025-04-17,VUS,2025-04-17,VUS
2054911,2022-08-16,LB,2022-08-16,LB
2054947,2023-07-10,VUS,2023-07-10,VUS
2054953,2023-12-06,VUS,2023-12-06,VUS
2054985,2025-05-12,LB,2025-05-12,LB
2055070,2023-07-12,B,2023-07-12,B
2055233,2021-12-15,LB,2021-12-15,LB
2055312,2022-10-17,VUS,2022-10-17,VUS
2055381,2025-04-19,P,2025-04-19,P
2055659,2021-12-23,P,2021-12-23,P
2055709,2022-01-01,LB,2022-01-01,LB
2055938,2023-08-24,VUS,2025-08-12,VUS
2056035,2024-09-06,VUS,2024-09-06,VUS
2056125,2024-08-13,LB,2024-08-13,LB
2056228,2021-12-23,LB,2021-12-23,LB
2056341,2021-12-24,LB,2021-12-24,LB
2056360,2021-12-23,VUS,2021-12-23,VUS
2056388,2022-10-17,VUS,2022-10-17,VUS
2056401,2023-06-01,LB,2026-01-18,LB
2056440,2023-10-13,LB,2023-10-13,LB
2056546,2021-12-19,VUS,2021-12-19,VUS
2056623,2025-12-15,LB,2025-12-15,LB
2056784,2022-05-16,VUS,2025-10-07,VUS
2056859,2022-08-07,VUS,2022-08-07,VUS
2056914,2022-04-01,P,2022-04-01,P
2056918,2021-12-24,VUS,2021-12-24,VUS
2056957,2024-08-29,B,2024-08-29,B
2057027,2022-08-08,VUS,2024-01-09,VUS
2057453,2023-08-03,LB,2023-11-21,LB
2057454,2023-03-30,LB,2023-03-30,LB
2057458,2022-02-01,VUS,2022-02-01,VUS
2057459,2024-01-15,LB,2024-01-15,LB
2057487,2023-11-27,LB,2023-11-27,LB
2057535,2024-11-16,LB,2024-11-16,LB
2057618,2021-12-24,LB,2021-12-24,LB
2057635,2022-03-29,VUS,2022-03-29,VUS
2057742,2021-12-22,VUS,2021-12-22,VUS
2058040,2022-06-13,VUS,2022-11-17,VUS
2058318,2022-01-01,VUS,2025-02-24,VUS
2058398,2021-12-24,VUS,2021-12-24,VUS
2058418,2022-11-08,VUS,2022-11-08,VUS
2058506,2021-12-24,VUS,2021-12-24,VUS
2058529,2024-10-24,LB,2024-10-24,LB
2058757,2022-10-16,LB,2022-10-16,LB
2058777,2025-03-17,VUS,2025-03-17,VUS
2059006,2025-10-05,LB,2025-10-05,LB
2059035,2022-03-12,VUS,2022-03-12,VUS
2059119,2021-12-24,VUS,2021-12-24,VUS
2059240,2021-12-24,LB,2021-12-24,LB
2059653,2022-10-05,VUS,2024-05-20,VUS
2059677,2022-03-01,LB,2022-03-01,LB
2059743,2022-06-07,VUS,2022-06-07,VUS
2060052,2022-04-28,VUS,2022-04-28,VUS
2060192,2022-06-04,VUS,2022-06-04,VUS
2060315,2024-12-02,VUS,2024-12-02,VUS
2060652,2022-06-29,VUS,2022-06-29,VUS
2060703,2022-03-30,VUS,2022-03-30,VUS
2060931,2021-12-25,VUS,2021-12-25,VUS
2060935,2022-04-08,LB,2022-04-08,LB
2061139,2025-06-11,LB,2025-06-11,LB
2061229,2025-10-11,LB,2025-10-11,LB
2061319,2024-05-29,VUS,2024-05-29,VUS
2061462,2025-06-12,LB,2025-06-12,LB
2061533,2025-09-13,LB,2025-09-13,LB
2061576,2021-12-26,VUS,2021-12-26,VUS
2061674,2022-06-04,LB,2022-06-04,LB
2061784,2023-06-25,LP,2023-08-23,LP
2061886,2022-02-01,LB,2022-02-01,LB
2061920,2021-12-27,VUS,2023-02-14,VUS
2061929,2025-10-20,LB,2025-10-20,LB
2061932,2023-11-03,LB,2023-11-03,LB
2062043,2022-08-21,VUS,2022-08-21,VUS
2062107,2024-10-28,VUS,2024-10-28,VUS
2062366,2024-03-19,LB,2024-03-19,LB
2062479,2022-05-16,VUS,2022-05-16,VUS
2062519,2025-03-17,VUS,2025-03-17,VUS
2062532,2021-12-24,VUS,2021-12-24,VUS
2062552,2024-01-25,LB,2024-01-25,LB
2062663,2024-01-24,VUS,2025-09-18,VUS
2062687,2020-01-24,LB,2025-12-03,LB
2062723,2022-03-11,VUS,2024-02-07,VUS
2062873,2022-06-03,VUS,2022-06-03,VUS
2062887,2022-07-19,VUS,2024-12-14,VUS
2063032,2022-09-17,LB,2022-09-17,LB
2063131,2022-05-05,VUS,2022-05-05,VUS
2063187,2022-01-27,VUS,2022-01-27,VUS
2063206,2022-07-25,LB,2022-07-25,LB
2063213,2022-09-06,VUS,2022-09-06,VUS
2063335,2024-10-24,VUS,2025-04-28,VUS
2063461,2022-10-05,VUS,2022-10-05,VUS
2063629,2021-12-28,LB,2021-12-28,LB
2063630,2021-12-28,VUS,2021-12-28,VUS
2063680,2024-10-24,LB,2024-10-24,LB
2063827,2025-02-03,LB,2025-02-03,LB
2063951,2022-05-28,LB,2022-05-28,LB
2064098,2022-03-20,VUS,2022-03-20,VUS
2064334,2022-08-17,VUS,2022-08-17,VUS
2064344,2025-01-15,VUS,2025-01-15,VUS
2064345,2020-05-04,LB,2023-12-27,LB
2064352,2022-11-01,VUS,2022-11-01,VUS
2064360,2022-03-12,VUS,2022-03-12,VUS
2064394,2022-09-03,VUS,2025-01-29,VUS
2064458,2022-11-21,VUS,2024-04-10,VUS
2064586,2021-01-09,VUS,2024-03-25,VUS
2064827,2021-12-29,LB,2021-12-29,LB
2065006,2022-02-22,VUS,2022-02-22,VUS
2065254,2024-04-09,VUS,2025-03-17,VUS
2065268,2022-09-19,VUS,2022-09-19,VUS
2065359,2021-12-29,VUS,2021-12-29,VUS
2065484,2022-09-24,LB,2022-09-24,LB
2065530,2021-12-13,VUS,2025-09-09,VUS
2065785,2025-02-18,LB,2025-02-18,LB
2065864,2022-08-08,VUS,2024-01-09,VUS
2065868,2022-04-26,VUS,2022-04-26,VUS
2066094,2024-01-16,LB,2024-01-16,LB
2066340,2022-08-09,VUS,2022-08-09,VUS
2066495,2023-08-22,LB,2023-08-22,LB
2066583,2021-12-20,LB,2021-12-20,LB
2066586,2022-10-01,VUS,2024-06-01,VUS
2066614,2022-08-22,VUS,2022-08-22,VUS
2066641,2021-12-31,VUS,2021-12-31,VUS
2066687,2023-11-27,VUS,2023-11-27,VUS
2066859,2022-07-15,VUS,2022-07-15,VUS
2067053,2022-10-25,VUS,2022-10-25,VUS
2067075,2022-07-19,VUS,2022-07-19,VUS
2067215,2022-08-09,LB,2022-08-09,LB
2067322,2022-05-21,LB,2022-05-21,LB
2067351,2022-06-17,VUS,2023-05-24,VUS
2067413,2022-08-01,VUS,2022-08-01,VUS
2067462,2022-07-09,VUS,2024-05-13,VUS
2067504,2022-03-08,LB,2022-03-08,LB
2067529,2022-03-09,VUS,2022-03-09,VUS
2067930,2022-04-29,VUS,2022-04-29,VUS
2068220,2022-02-20,P,2022-02-20,P
2068235,2022-06-01,VUS,2025-12-10,VUS
2068251,2025-11-10,LB,2025-11-10,LB
2068383,2022-05-03,VUS,2023-12-01,VUS
2068443,2022-06-28,VUS,2022-06-28,VUS
2068540,2022-05-06,VUS,2022-05-06,VUS
2068570,2020-04-30,VUS,2023-07-07,VUS
2068696,2023-12-11,VUS,2023-12-11,VUS
2068704,2025-01-06,VUS,2025-01-06,VUS
2068750,2022-11-15,LB,2022-11-15,LB
2068881,2022-01-19,VUS,2022-01-19,VUS
2068960,2024-01-23,VUS,2025-12-20,VUS
2069030,2022-02-23,VUS,2023-05-24,VUS
2069171,2022-07-30,VUS,2022-07-30,VUS
2069232,2022-09-27,VUS,2022-09-27,VUS
2069379,2024-12-02,VUS,2024-12-02,VUS
2069407,2022-05-16,VUS,2025-08-12,VUS
2069526,2022-07-21,VUS,2022-07-21,VUS
2069556,2022-07-12,VUS,2022-07-12,VUS
2069578,2022-08-20,LB,2022-08-20,LB
2069643,2022-03-25,LB,2022-03-25,LB
2069800,2022-06-04,VUS,2022-06-04,VUS
2069995,2025-03-23,LB,2025-03-23,LB
2070198,2025-11-23,LB,2025-11-23,LB
2070390,2025-09-28,LB,2025-09-28,LB
2070428,2022-08-20,VUS,2022-08-20,VUS
2070540,2025-10-26,LB,2025-10-26,LB
2070580,2024-04-01,LB,2024-04-01,LB
2070714,2022-01-03,VUS,2022-01-03,VUS
2070763,2022-09-13,VUS,2024-03-04,VUS
2070765,2022-03-26,VUS,2022-03-26,VUS
2070773,2022-06-14,VUS,2022-06-14,VUS
2070795,2024-09-18,LB,2025-01-27,LB
2071146,2022-01-02,LB,2022-01-02,LB
2071157,2024-01-29,VUS,2024-10-22,VUS
2071234,2022-01-03,VUS,2022-01-03,VUS
2071316,2025-05-21,LB,2025-05-21,LB
2071351,2022-07-11,VUS,2022-07-11,VUS
2071421,2025-10-06,LB,2025-10-06,LB
2071433,2023-11-11,VUS,2026-01-24,VUS
2071516,2024-10-21,LB,2024-10-21,LB
2071530,2022-01-03,LB,2022-01-03,LB
2071643,2023-12-29,VUS,2025-12-08,VUS
2071644,2022-07-15,VUS,2022-07-15,VUS
2072176,2022-07-06,VUS,2022-07-06,VUS
2072298,2022-05-12,VUS,2022-05-12,VUS
2072325,2025-12-16,LB,2025-12-16,LB
2072411,2024-01-22,VUS,2025-10-01,VUS
2072447,2022-12-06,VUS,2022-12-06,VUS
2072496,2022-07-27,VUS,2022-07-27,VUS
2072571,2022-08-20,VUS,2022-08-20,VUS
2072656,2024-01-30,VUS,2024-10-08,VUS
2072832,2022-05-08,LB,2022-05-08,LB
2073313,2022-10-17,VUS,2022-10-17,VUS
2073411,2025-06-12,VUS,2025-06-12,VUS
2073496,2022-08-27,VUS,2025-01-25,VUS
2073544,2024-09-06,LB,2025-09-08,LB
2073597,2021-12-19,VUS,2024-01-28,VUS
2073602,2024-04-15,VUS,2024-04-15,VUS
2073691,2022-02-25,LB,2022-02-25,LB
2073733,2021-12-16,VUS,2023-10-01,VUS
2073814,2022-01-04,LB,2022-01-04,LB
2074091,2022-03-12,VUS,2022-03-12,VUS
2074171,2022-11-01,VUS,2022-11-01,VUS
2074202,2022-10-13,VUS,2022-10-13,VUS
2074374,2019-01-01,P,2022-01-04,P
2074383,2024-11-18,VUS,2024-11-18,VUS
2074493,2022-01-04,VUS,2022-01-04,VUS
2074576,2022-06-18,VUS,2024-02-11,VUS
2074666,2025-05-05,VUS,2025-05-05,VUS
2074998,2023-11-27,LB,2023-11-27,LB
2074999,2025-03-19,LB,2025-03-19,LB
2075137,2022-07-29,VUS,2022-07-29,VUS
2075208,2022-06-03,VUS,2022-06-03,VUS
2075357,2023-12-13,LB,2023-12-13,LB
2075398,2022-01-26,VUS,2022-01-26,VUS
2075399,2022-01-26,VUS,2022-01-26,VUS
2075621,2024-10-03,P,2024-10-03,P
2075640,2019-03-20,LB,2024-06-02,LB
2075762,2022-01-05,VUS,2022-01-05,VUS
2076117,2025-08-02,LB,2025-08-02,LB
2076134,2022-07-26,LB,2022-07-26,LB
2076376,2024-10-29,LB,2024-10-29,LB
2076390,2022-08-08,VUS,2024-08-27,VUS
2076419,2022-06-23,VUS,2022-06-23,VUS
2076426,2022-07-14,LB,2022-07-14,LB
2076849,2022-01-06,VUS,2022-01-06,VUS
2076863,2022-07-19,VUS,2022-07-19,VUS
2076872,2023-10-03,VUS,2023-10-03,VUS
2076928,2022-07-05,VUS,2024-06-24,VUS
2077058,2022-06-20,VUS,2022-06-20,VUS
2077092,2024-08-05,VUS,2024-08-05,VUS
2077216,2022-03-27,VUS,2022-03-27,VUS
2077251,2022-09-07,VUS,2022-09-07,VUS
2077284,2025-03-17,LB,2025-03-17,LB
2077292,2024-01-25,LB,2024-01-25,LB
2077293,2025-02-04,B,2025-02-04,B
2077339,2022-01-07,VUS,2022-01-07,VUS
2077390,2022-06-03,LB,2022-06-03,LB
2077493,2023-08-04,LB,2023-08-04,LB
2077507,2022-01-07,VUS,2022-01-07,VUS
2077512,2022-09-23,LB,2022-09-23,LB
2077641,2022-10-17,P,2022-10-17,P
2077894,2025-04-21,VUS,2025-04-21,VUS
2077961,2022-02-19,LB,2022-02-19,LB
2078171,2024-02-25,LB,2024-02-25,LB
2078299,2023-03-01,LB,2023-03-01,LB
2078300,2022-02-14,P,2022-02-14,P
2078453,2024-07-24,P,2024-07-24,P
2078487,2022-05-06,LB,2022-05-06,LB
2078641,2023-07-21,VUS,2024-08-24,VUS
2078989,2025-09-23,VUS,2025-09-23,VUS
2079318,2024-03-18,LB,2024-03-18,LB
2079401,2022-01-28,VUS,2022-01-28,VUS
2079441,2022-01-11,VUS,2022-01-11,VUS
2079664,2022-01-27,VUS,2022-01-27,VUS
2079665,2022-01-27,VUS,2022-01-27,VUS
2079690,2022-06-24,VUS,2022-06-24,VUS
2079738,2023-05-17,LB,2023-05-17,LB
2079871,2022-10-04,P,2022-10-04,P
2079890,2024-11-05,VUS,2024-11-05,VUS
2079918,2023-08-10,LB,2023-08-10,LB
2080053,2019-08-27,LB,2021-12-30,LB
2080254,2024-03-07,LB,2024-03-07,LB
2080279,2022-07-06,VUS,2024-08-21,VUS
2080409,2023-07-07,VUS,2024-05-30,VUS
2080418,2024-12-16,VUS,2024-12-16,VUS
2080851,2022-01-31,VUS,2022-01-31,VUS
2080877,2024-11-13,B,2024-11-13,B
2080908,2025-10-17,LB,2025-10-17,LB
2080969,2022-04-12,VUS,2024-05-18,VUS
2080974,2024-11-05,VUS,2025-11-08,VUS
2081192,2025-09-15,VUS,2025-09-15,VUS
2081217,2024-03-03,B,2024-03-03,B
2081357,2022-03-09,VUS,2022-03-09,VUS
2081433,2025-04-30,LB,2025-04-30,LB
2081513,2023-12-13,LB,2023-12-13,LB
2081709,2022-07-12,VUS,2025-01-07,VUS
2081719,2022-01-13,LB,2022-01-13,LB
2081986,2023-12-12,LB,2023-12-12,LB
2082065,2021-12-19,VUS,2021-12-19,VUS
2082068,2022-03-04,VUS,2022-03-04,VUS
2082279,2022-05-25,LB,2022-05-25,LB
2082530,2025-09-09,LB,2025-09-09,LB
2082752,2024-03-20,LB,2024-03-20,LB
2082914,2024-10-15,B,2024-10-15,B
2082923,2023-08-04,LB,2023-08-04,LB
2082989,2020-01-27,LB,2025-06-12,LB
2082990,2022-05-17,LB,2022-05-17,LB
2083079,2022-11-15,VUS,2022-11-15,VUS
2083158,2022-08-31,VUS,2022-08-31,VUS
2083288,2022-04-14,LB,2022-04-14,LB
2083332,2023-01-20,LB,2023-01-20,LB
2083395,2024-06-14,VUS,2025-10-27,VUS
2083454,2025-08-20,LB,2025-08-20,LB
2083539,2022-08-16,LB,2022-08-16,LB
2083737,2025-06-12,VUS,2025-06-12,VUS
2083751,2022-06-03,VUS,2025-03-27,VUS
2083809,2022-08-13,LB,2022-08-13,LB
2083844,2022-07-20,LB,2022-07-20,LB
2083853,2022-05-15,VUS,2022-06-13,VUS
2083985,2022-05-10,VUS,2022-05-10,VUS
2084017,2022-03-24,VUS,2022-03-24,VUS
2084117,2022-11-22,VUS,2025-12-02,VUS
2084214,2022-03-18,VUS,2022-03-18,VUS
2084394,2022-09-08,LB,2022-09-08,LB
2084452,2022-04-15,VUS,2025-10-15,VUS
2084521,2022-02-23,LB,2022-02-23,LB
2084638,2022-01-16,LB,2022-01-16,LB
2084901,2022-04-20,VUS,2022-04-20,VUS
2085138,2022-01-24,LB,2022-01-24,LB
2085475,2025-09-02,LB,2025-09-02,LB
2085480,2023-10-14,LB,2023-10-14,LB
2085496,2023-02-03,LB,2023-02-03,LB
2085497,2024-01-19,LB,2024-01-19,LB
2085512,2019-06-20,LB,2024-03-25,LB
2085597,2026-02-01,LB,2026-02-01,LB
2085614,2022-01-04,VUS,2022-01-04,VUS
2086015,2021-08-26,VUS,2025-08-14,VUS
2086034,2022-11-01,VUS,2022-11-01,VUS
2086047,2025-12-31,LB,2025-12-31,LB
2086049,2022-05-05,VUS,2022-05-05,VUS
2086136,2022-05-17,VUS,2022-05-17,VUS
2086218,2024-03-12,LB,2024-03-12,LB
2086245,2024-12-03,VUS,2024-12-03,VUS
2086266,2021-10-14,VUS,2025-01-08,VUS
2086334,2025-09-03,LB,2025-09-03,LB
2086336,2022-07-26,VUS,2022-07-26,VUS
2086365,2022-10-21,VUS,2022-10-21,VUS
2086464,2022-01-16,LB,2022-01-16,LB
2086532,2024-10-29,VUS,2024-10-29,VUS
2086538,2022-01-16,LB,2022-01-16,LB
2086546,2022-01-16,P,2022-01-16,P
2086857,2022-07-12,VUS,2022-07-12,VUS
2086867,2022-01-17,VUS,2022-01-17,VUS
2086868,2022-09-20,LB,2022-09-20,LB
2086892,2022-01-17,VUS,2022-01-17,VUS
2087337,2022-01-17,LB,2022-01-17,LB
2087427,2022-01-18,VUS,2024-05-14,VUS
2087728,2022-04-15,VUS,2022-04-15,VUS
2087751,2022-01-18,P,2022-01-18,P
2087776,2022-01-18,VUS,2022-01-18,VUS
2087798,2022-05-08,VUS,2024-02-29,VUS
2087874,2025-10-01,VUS,2025-10-01,VUS
2087996,2022-08-19,VUS,2022-08-19,VUS
2088304,2023-10-13,P,2023-10-13,P
2088327,2022-09-06,VUS,2022-09-06,VUS
2088433,2024-01-16,LB,2024-01-16,LB
2088497,2022-03-23,VUS,2022-03-23,VUS
2088530,2022-07-19,LB,2022-07-19,LB
2088604,2022-07-06,VUS,2022-07-06,VUS
2088865,2022-07-25,VUS,2022-07-25,VUS
2088925,2025-02-28,LB,2025-02-28,LB
2088939,2022-01-21,P,2022-01-21,P
2089085,2023-11-27,LB,2023-11-27,LB
2089577,2022-02-16,VUS,2022-02-16,VUS
2089606,2022-01-26,LB,2022-01-26,LB
2089766,2025-05-26,LB,2025-05-26,LB
2089809,2023-11-27,VUS,2023-11-27,VUS
2089868,2022-01-26,VUS,2024-09-18,VUS
2090186,2024-10-08,VUS,2024-10-08,VUS
2090372,2022-01-27,P,2022-01-27,P
2090526,2022-01-28,P,2022-01-28,P
2090610,2025-05-22,LB,2025-05-22,LB
2091030,2024-06-03,LP,2024-06-03,LP
2091169,2022-01-31,LB,2022-01-31,LB
2091213,2022-01-31,VUS,2022-01-31,VUS
2091387,2024-04-27,LB,2024-04-27,LB
2091423,2024-11-11,LB,2024-11-11,LB
2091441,2022-02-01,VUS,2022-02-01,VUS
2091781,2022-02-18,VUS,2022-02-18,VUS
2091808,2022-02-02,VUS,2022-02-02,VUS
2092035,2023-12-07,LB,2023-12-07,LB
2092077,2022-08-16,LB,2022-08-16,LB
2092127,2022-11-01,VUS,2022-11-01,VUS
2092239,2025-04-16,B,2025-04-16,B
2092288,2022-02-03,VUS,2022-02-03,VUS
2092292,2024-01-02,LB,2024-01-02,LB
2092297,2022-09-01,VUS,2022-09-01,VUS
2092483,2022-02-03,LB,2022-02-03,LB
2092737,2022-02-11,VUS,2022-02-11,VUS
2092783,2022-03-25,LB,2022-03-25,LB
2092860,2024-09-08,LB,2025-01-06,LB
2092934,2022-02-21,LB,2022-02-21,LB
2093151,2022-08-13,VUS,2022-08-13,VUS
2093156,2023-10-13,LB,2023-10-13,LB
2093222,2022-02-17,LP,2022-02-17,LP
2093292,2023-07-21,LB,2023-07-21,LB
2093297,2022-10-05,LP,2024-03-06,LP
2093301,2022-08-16,LB,2022-08-16,LB
2093308,2023-10-03,LB,2023-10-03,LB
2093380,2022-04-01,VUS,2025-08-25,VUS
2093384,2022-11-29,VUS,2022-11-29,VUS
2093509,2022-04-05,LB,2022-04-05,LB
2093993,2022-07-14,LB,2022-07-14,LB
2094041,2022-02-06,LB,2022-02-06,LB
2094311,2024-05-05,LP,2024-05-05,LP
2094410,2022-08-09,LB,2022-08-09,LB
2094554,2022-02-08,P,2022-02-08,P
2094614,2023-06-13,LP,2023-11-18,LP
2094949,2022-05-27,VUS,2022-05-27,VUS
2095283,2024-12-16,VUS,2024-12-16,VUS
2095284,2024-12-16,VUS,2024-12-16,VUS
2095382,2022-09-27,LB,2022-09-27,LB
2095392,2022-07-23,LB,2022-07-23,LB
2095466,2023-06-29,LB,2023-06-29,LB
2095640,2022-02-09,VUS,2022-02-09,VUS
2095694,2022-04-07,VUS,2022-04-07,VUS
2095768,2023-10-15,LP,2023-10-15,LP
2095903,2025-09-20,LB,2025-09-20,LB
2095919,2022-04-13,VUS,2022-04-13,VUS
2096070,2022-07-12,VUS,2022-07-12,VUS
2096244,2023-07-17,LB,2023-07-17,LB
2096284,2026-01-12,P,2026-01-12,P
2096293,2022-02-10,VUS,2022-02-10,VUS
2096338,2024-03-11,VUS,2024-03-11,VUS
2096371,2022-02-16,VUS,2022-02-16,VUS
2096383,2022-02-11,VUS,2024-09-03,VUS
2096401,2022-02-17,LB,2022-02-17,LB
2096612,2022-03-13,VUS,2025-01-03,VUS
2096684,2022-02-19,VUS,2022-02-19,VUS
2096795,2022-02-11,VUS,2022-02-11,VUS
2096797,2023-12-19,LB,2023-12-19,LB
2096800,2022-02-11,VUS,2022-02-11,VUS
2096810,2022-10-04,VUS,2022-10-04,VUS
2096849,2022-02-11,LB,2022-02-11,LB
2096981,2022-09-01,VUS,2022-09-01,VUS
2097048,2022-07-19,VUS,2022-07-19,VUS
2097202,2022-02-12,VUS,2022-02-12,VUS
2097384,2023-07-10,VUS,2023-07-10,VUS
2097526,2022-02-14,VUS,2022-02-14,VUS
2097687,2024-01-15,VUS,2024-01-15,VUS
2097729,2023-04-24,VUS,2023-04-24,VUS
2097792,2022-02-17,VUS,2022-02-17,VUS
2097842,2022-02-17,VUS,2022-02-17,VUS
2097950,2026-01-09,VUS,2026-01-09,VUS
2098212,2022-04-22,VUS,2022-04-22,VUS
2098327,2022-10-13,VUS,2022-10-13,VUS
2098401,2025-06-12,LB,2025-06-12,LB
2098678,2022-02-18,VUS,2022-02-18,VUS
2098679,2022-02-18,VUS,2022-02-18,VUS
2098834,2022-02-18,LB,2022-02-18,LB
2099004,2022-02-18,VUS,2022-02-18,VUS
2099035,2024-02-24,VUS,2024-02-24,VUS
2099304,2022-02-28,LB,2022-02-28,LB
2099354,2022-06-04,VUS,2022-06-04,VUS
2099433,2025-07-31,VUS,2025-07-31,VUS
2099488,2022-02-21,B,2022-02-21,B
2099561,2023-07-10,VUS,2023-07-10,VUS
2099785,2022-02-19,VUS,2022-02-19,VUS
2099913,2023-07-03,VUS,2023-07-03,VUS
2099937,2022-02-20,LB,2022-02-20,LB
2099945,2022-11-29,VUS,2022-11-29,VUS
2100006,2022-02-01,LB,2022-02-01,LB
2100019,2022-02-20,LB,2022-02-20,LB
2100190,2022-06-15,VUS,2022-06-15,VUS
2100193,2022-02-20,VUS,2022-02-20,VUS
2100283,2022-04-06,LB,2022-04-06,LB
2100451,2022-03-12,P,2022-03-12,P
2100519,2022-02-22,LB,2022-02-22,LB
2100626,2022-02-20,LB,2022-02-20,LB
2100711,2022-03-13,VUS,2022-03-13,VUS
2101004,2022-10-16,LB,2022-10-16,LB
2101023,2022-05-12,LB,2022-05-12,LB
2101050,2022-02-21,LB,2022-02-21,LB
2101175,2023-03-23,VUS,2023-03-23,VUS
2101230,2025-12-24,LB,2025-12-24,LB
2101231,2022-09-21,LB,2022-09-21,LB
2101349,2022-02-21,P,2022-02-21,P
2101424,2022-03-29,VUS,2022-03-29,VUS
2101522,2025-06-12,VUS,2025-06-12,VUS
2101933,2022-10-25,LB,2022-10-25,LB
2101942,2022-10-13,VUS,2022-10-13,VUS
2102094,2022-02-22,VUS,2022-02-22,VUS
2102166,2024-07-29,LB,2024-07-29,LB
2102299,2022-02-23,P,2022-02-23,P
2102346,2022-02-23,VUS,2022-02-23,VUS
2102399,2024-01-08,LB,2024-01-08,LB
2102523,2024-01-21,LP,2024-01-21,LP
2102525,2024-06-03,LB,2024-09-25,LB
2102544,2022-02-23,P,2022-02-23,P
2102611,2022-08-16,VUS,2022-08-16,VUS
2102703,2022-05-12,VUS,2024-05-07,VUS
2102804,2023-02-14,VUS,2023-07-17,VUS
2103057,2022-02-24,LB,2022-02-24,LB
2103061,2025-06-12,LB,2025-06-12,LB
2103070,2022-02-24,VUS,2025-08-12,VUS
2103282,2022-05-20,LB,2022-05-20,LB
2103497,2022-02-25,VUS,2022-02-25,VUS
2103510,2023-05-07,LP,2023-05-07,LP
2103546,2024-10-25,VUS,2024-10-25,VUS
2103551,2023-12-18,VUS,2023-12-18,VUS
2103557,2023-12-06,LB,2023-12-06,LB
2103858,2025-10-13,VUS,2025-10-13,VUS
2103925,2022-08-17,LB,2022-08-17,LB
2103950,2022-02-27,P,2022-02-27,P
2104141,2022-03-04,LB,2022-03-04,LB
2104261,2022-02-28,LB,2022-02-28,LB
2104352,2022-02-28,VUS,2025-03-31,VUS
2104481,2022-02-28,VUS,2022-02-28,VUS
2104482,2022-02-28,VUS,2022-02-28,VUS
2104569,2023-11-28,VUS,2023-11-28,VUS
2104717,2022-10-31,P,2022-10-31,P
2105133,2024-02-23,LB,2024-02-23,LB
2105441,2022-03-01,LB,2022-03-01,LB
2105448,2022-03-01,VUS,2022-03-01,VUS
2105508,2024-02-05,VUS,2024-02-05,VUS
2105663,2022-03-02,P,2022-03-02,P
2105864,2023-10-30,VUS,2023-10-30,VUS
2105868,2022-03-04,VUS,2022-03-04,VUS
2106170,2022-03-04,VUS,2022-03-04,VUS
2106181,2022-03-15,VUS,2022-03-15,VUS
2106314,2022-03-03,LB,2022-03-03,LB
2106338,2023-07-31,LB,2023-07-31,LB
2106429,2024-12-02,LB,2024-12-02,LB
2106519,2022-08-16,VUS,2022-08-16,VUS
2106797,2022-03-14,VUS,2022-03-14,VUS
2106850,2022-03-15,LB,2022-03-15,LB
2106860,2022-03-04,LB,2022-03-04,LB
2107221,2023-09-21,LB,2023-09-21,LB
2107305,2023-11-27,VUS,2023-11-27,VUS
2107418,2022-03-06,VUS,2022-03-06,VUS
2107482,2022-11-26,LB,2022-11-26,LB
2107548,2023-05-11,LB,2023-05-11,LB
2107565,2022-03-08,LB,2022-03-08,LB
2107605,2022-03-08,P,2022-03-08,P
2107746,2022-03-20,LP,2022-03-20,LP
2107774,2022-10-13,VUS,2022-10-13,VUS
2107816,2022-08-01,VUS,2022-08-01,VUS
2107929,2022-12-20,VUS,2022-12-20,VUS
2107988,2022-03-09,P,2022-03-09,P
2108185,2022-03-15,LB,2022-03-15,LB
2108195,2025-11-05,VUS,2025-11-05,VUS
2108215,2022-03-10,VUS,2022-03-10,VUS
2108219,2022-03-10,VUS,2022-03-10,VUS
2108223,2022-06-13,VUS,2022-06-13,VUS
2108303,2022-03-20,VUS,2022-03-20,VUS
2108307,2022-03-10,VUS,2022-03-10,VUS
2108332,2024-11-12,LB,2024-11-12,LB
2108434,2024-07-01,LB,2024-07-01,LB
2108575,2024-05-14,LB,2024-05-14,LB
2108679,2022-05-03,LB,2022-05-03,LB
2108693,2022-11-01,VUS,2022-11-01,VUS
2108708,2022-03-11,VUS,2022-03-11,VUS
2108751,2022-03-11,VUS,2022-03-11,VUS
2108782,2022-03-11,LB,2022-03-11,LB
2108788,2022-10-13,LB,2022-10-13,LB
2108899,2022-07-30,VUS,2022-07-30,VUS
2108925,2022-03-28,VUS,2022-03-28,VUS
2108928,2023-12-11,VUS,2023-12-11,VUS
2109154,2022-03-11,VUS,2022-03-11,VUS
2109235,2022-08-19,LB,2022-08-19,LB
2109287,2023-08-19,LB,2023-08-19,LB
2109619,2022-11-08,P,2022-11-08,P
2109795,2022-08-10,VUS,2022-08-10,VUS
2110073,2023-05-23,VUS,2023-05-23,VUS
2110266,2022-08-22,VUS,2022-08-22,VUS
2110276,2022-03-12,VUS,2022-03-12,VUS
2110277,2022-03-12,VUS,2022-03-12,VUS
2110331,2022-03-12,P,2022-03-12,P
2110348,2022-06-24,VUS,2024-02-09,VUS
2110514,2023-07-17,VUS,2023-07-17,VUS
2110743,2022-03-13,VUS,2024-08-06,VUS
2110751,2022-03-13,VUS,2022-03-13,VUS
2110862,2022-03-23,VUS,2022-03-23,VUS
2110877,2022-03-13,LB,2022-03-13,LB
2110949,2022-03-13,LB,2022-03-13,LB
2111054,2022-03-13,VUS,2023-03-22,VUS
2111084,2022-03-13,VUS,2022-03-13,VUS
2111199,2022-03-13,P,2022-03-13,P
2111212,2024-02-09,LB,2024-02-09,LB
2111467,2023-08-04,VUS,2023-08-04,VUS
2111480,2022-09-06,VUS,2022-09-06,VUS
2111494,2024-10-15,VUS,2024-10-15,VUS
2111548,2023-12-22,LB,2023-12-22,LB
2111684,2022-05-19,LB,2022-05-19,LB
2111890,2022-03-14,VUS,2022-03-14,VUS
2112269,2024-05-20,VUS,2024-05-20,VUS
2112450,2024-10-08,LB,2024-10-08,LB
2112541,2023-03-17,LP,2023-03-17,LP
2112592,2022-08-16,VUS,2022-08-16,VUS
2112961,2022-11-07,LB,2022-11-07,LB
2113090,2022-03-16,LB,2022-03-16,LB
2113268,2022-10-26,LB,2022-10-26,LB
2113402,2022-04-13,VUS,2022-04-13,VUS
2113485,2024-03-11,VUS,2024-12-02,VUS
2113567,2022-07-03,VUS,2022-07-03,VUS
2113631,2022-03-18,LB,2022-03-18,LB
2113839,2022-09-04,LB,2022-09-04,LB
2113859,2022-03-18,LB,2022-03-18,LB
2114010,2022-03-18,VUS,2022-03-18,VUS
2114049,2022-03-18,LB,2022-03-18,LB
2114320,2022-03-27,VUS,2022-03-27,VUS
2114408,2022-03-19,LB,2022-03-19,LB
2114621,2022-10-13,VUS,2022-10-13,VUS
2114641,2022-11-22,VUS,2025-11-26,VUS
2114918,2022-02-18,LP,2023-07-04,LP
2114924,2023-07-07,VUS,2023-07-07,VUS
2115314,2022-03-20,LB,2022-03-20,LB
2115519,2025-06-02,P,2025-06-02,P
2115525,2022-08-09,VUS,2022-08-09,VUS
2115652,2022-08-23,VUS,2022-08-23,VUS
2115954,2022-03-23,VUS,2022-03-23,VUS
2116041,2022-03-23,VUS,2022-03-23,VUS
2116099,2025-11-17,LB,2025-11-17,LB
2116159,2022-03-23,VUS,2022-03-23,VUS
2116240,2022-07-19,LB,2022-07-19,LB
2116328,2022-03-23,VUS,2022-03-23,VUS
2116435,2022-03-24,VUS,2022-03-24,VUS
2116441,2022-03-24,VUS,2022-03-24,VUS
2116462,2022-03-31,LB,2022-03-31,LB
2116473,2022-03-24,LB,2022-03-24,LB
2116622,2022-03-24,LB,2022-03-24,LB
2116665,2024-10-03,VUS,2024-10-03,VUS
2116764,2025-03-31,LB,2025-03-31,LB
2116766,2022-07-29,VUS,2022-07-29,VUS
2117007,2022-08-06,VUS,2022-08-06,VUS
2117033,2022-03-26,P,2022-03-26,P
2117132,2022-03-30,LB,2022-03-30,LB
2117202,2022-03-26,VUS,2022-03-26,VUS
2117432,2023-12-07,LB,2023-12-07,LB
2117526,2022-03-26,LB,2022-03-26,LB
2117605,2025-01-19,LB,2025-01-19,LB
2117926,2025-10-27,LB,2025-10-27,LB
2117976,2023-08-17,VUS,2023-08-17,VUS
2117988,2023-07-07,LB,2023-07-07,LB
2118125,2023-05-16,LB,2023-05-16,LB
2118127,2022-03-27,LB,2022-03-27,LB
2118145,2022-03-27,LB,2022-03-27,LB
2118170,2022-03-27,LB,2022-03-27,LB
2118341,2022-03-27,LB,2022-03-27,LB
2118582,2024-05-20,VUS,2024-05-20,VUS
2118764,2022-03-28,P,2022-03-28,P
2118788,2022-03-28,VUS,2022-03-28,VUS
2118789,2022-03-28,VUS,2022-03-28,VUS
2118802,2022-03-28,VUS,2022-03-28,VUS
2118880,2022-03-28,VUS,2022-03-28,VUS
2118949,2023-08-04,VUS,2023-08-04,VUS
2119034,2022-06-14,VUS,2022-06-14,VUS
2119085,2022-04-07,VUS,2022-04-07,VUS
2119103,2022-04-06,VUS,2022-04-06,VUS
2119150,2022-10-05,VUS,2022-10-05,VUS
2119268,2022-03-29,P,2022-03-29,P
2119316,2023-12-11,VUS,2023-12-11,VUS
2119429,2022-03-29,VUS,2022-03-29,VUS
2119488,2022-11-08,VUS,2022-11-08,VUS
2119548,2022-12-06,VUS,2022-12-06,VUS
2119567,2022-03-29,LB,2022-03-29,LB
2119602,2022-03-29,VUS,2022-03-29,VUS
2119606,2022-07-28,VUS,2022-07-28,VUS
2119760,2025-04-28,LB,2025-04-28,LB
2119807,2023-08-24,VUS,2023-08-24,VUS
2119808,2023-08-24,LB,2023-08-24,LB
2119836,2022-04-11,VUS,2022-04-11,VUS
2119926,2022-08-19,VUS,2022-08-19,VUS
2119957,2025-02-18,LB,2025-02-18,LB
2120325,2024-02-24,LB,2024-02-24,LB
2120382,2024-02-05,VUS,2024-02-16,VUS
2120516,2022-10-24,LB,2022-10-24,LB
2120571,2024-10-16,P,2024-10-16,P
2120658,2022-05-13,VUS,2022-05-13,VUS
2120686,2023-09-20,LB,2023-09-20,LB
2120783,2022-04-01,LP,2024-03-27,LP
2120860,2024-10-17,LB,2024-10-17,LB
2120895,2023-11-27,VUS,2023-11-27,VUS
2120919,2022-11-08,LB,2022-11-08,LB
2120951,2024-10-26,LB,2024-10-26,LB
2121077,2022-04-03,VUS,2022-04-03,VUS
2121180,2022-05-12,VUS,2022-05-12,VUS
2121213,2023-07-17,VUS,2023-07-17,VUS
2121666,2024-02-12,LB,2024-02-12,LB
2121677,2022-09-27,LB,2022-09-27,LB
2121841,2022-04-05,LB,2022-04-05,LB
2121917,2022-11-01,LP,2022-11-01,LP
2121930,2022-04-06,LB,2022-04-06,LB
2122027,2022-04-10,LB,2022-04-10,LB
2122053,2022-04-06,VUS,2022-04-06,VUS
2122101,2022-04-06,VUS,2022-04-06,VUS
2122158,2022-04-06,VUS,2022-04-06,VUS
2122201,2022-10-17,VUS,2022-10-17,VUS
2122223,2025-08-19,LB,2025-08-19,LB
2122277,2026-01-05,VUS,2026-01-05,VUS
2122279,2024-01-08,LB,2024-01-08,LB
2122508,2022-04-07,LP,2022-04-07,LP
2122512,2022-06-11,VUS,2022-06-11,VUS
2122570,2022-04-26,VUS,2022-04-26,VUS
2122572,2022-08-08,VUS,2022-08-08,VUS
2122757,2022-04-07,VUS,2022-04-07,VUS
2122758,2022-04-07,P,2022-04-07,P
2122778,2022-04-07,VUS,2022-04-07,VUS
2122786,2024-02-24,VUS,2024-02-24,VUS
2122847,2022-04-08,LB,2022-04-08,LB
2122926,2024-07-01,LB,2024-07-01,LB
2123090,2022-02-28,VUS,2025-04-13,VUS
2123187,2022-04-14,VUS,2022-04-14,VUS
2123294,2022-04-08,LB,2022-04-08,LB
2123490,2022-04-09,VUS,2022-04-09,VUS
2123491,2022-04-09,VUS,2022-04-09,VUS
2123546,2024-10-16,LB,2024-10-16,LB
2123572,2022-06-11,LB,2022-06-11,LB
2123827,2022-04-09,LB,2022-04-09,LB
2123868,2022-12-18,P,2022-12-18,P
2123908,2024-08-17,LB,2024-08-17,LB
2123919,2022-04-22,LP,2022-04-22,LP
2124071,2022-11-08,VUS,2022-11-08,VUS
2124077,2022-04-12,LB,2022-04-12,LB
2124093,2023-12-05,P,2023-12-05,P
2124131,2023-07-07,LB,2023-07-07,LB
2124136,2022-04-11,P,2022-04-11,P
2124203,2025-06-16,VUS,2025-06-16,VUS
2124289,2022-04-10,LB,2022-04-10,LB
2124322,2022-11-01,VUS,2022-11-01,VUS
2124405,2022-04-10,VUS,2022-04-10,VUS
2124439,2023-11-13,P,2023-11-13,P
2124611,2024-04-17,LB,2024-04-17,LB
2124631,2022-08-08,VUS,2022-08-08,VUS
2124651,2022-09-07,LB,2022-09-07,LB
2125053,2022-04-12,P,2022-04-12,P
2125065,2022-04-12,VUS,2022-04-12,VUS
2125196,2024-10-15,LB,2024-10-15,LB
2125376,2025-06-17,LB,2025-06-17,LB
2125502,2024-11-05,VUS,2024-11-05,VUS
2125566,2023-10-03,VUS,2023-10-03,VUS
2125914,2022-09-01,LB,2022-09-01,LB
2125974,2022-05-17,VUS,2022-05-17,VUS
2126111,2022-07-25,LB,2022-07-25,LB
2126113,2022-07-21,P,2022-07-21,P
2126226,2022-04-15,LB,2022-04-15,LB
2126687,2022-04-16,P,2022-04-16,P
2126945,2022-04-16,VUS,2022-04-16,VUS
2126960,2022-04-16,VUS,2022-04-16,VUS
2127028,2022-04-16,LB,2022-04-16,LB
2127042,2022-04-16,P,2022-04-16,P
2127193,2024-10-14,LB,2024-10-14,LB
2127290,2022-04-17,VUS,2022-04-17,VUS
2127337,2026-01-14,LB,2026-01-14,LB
2127338,2022-05-13,VUS,2022-05-13,VUS
2127377,2022-04-19,VUS,2022-04-19,VUS
2127428,2022-09-19,LB,2022-09-19,LB
2127433,2023-09-25,LB,2023-09-25,LB
2127533,2025-06-12,LB,2025-06-12,LB
2128020,2023-11-27,VUS,2023-11-27,VUS
2128243,2022-07-05,VUS,2022-07-05,VUS
2128511,2023-07-03,LB,2023-07-03,LB
2128641,2022-10-04,VUS,2022-10-04,VUS
2128679,2022-04-21,VUS,2022-04-21,VUS
2128872,2023-08-04,VUS,2023-08-04,VUS
2128995,2022-04-21,LB,2022-04-21,LB
2129120,2022-09-03,LB,2022-09-03,LB
2129215,2022-06-13,VUS,2022-06-13,VUS
2129216,2022-07-08,LB,2022-07-08,LB
2129310,2023-03-27,LB,2023-03-27,LB
2129426,2024-04-22,LB,2024-04-22,LB
2129635,2023-12-11,VUS,2023-12-11,VUS
2129680,2022-04-23,VUS,2022-04-23,VUS
2129724,2022-04-23,VUS,2022-04-23,VUS
2129760,2022-04-23,LB,2022-04-23,LB
2130115,2022-05-01,P,2022-05-01,P
2130129,2024-10-21,VUS,2024-10-21,VUS
2130173,2023-11-27,VUS,2024-06-17,VUS
2130204,2022-04-24,LP,2022-04-24,LP
2130338,2022-11-08,VUS,2022-11-08,VUS
2130466,2024-10-22,LB,2024-10-22,LB
2130627,2024-11-18,LB,2024-11-18,LB
2130675,2022-04-25,LP,2022-04-25,LP
2130848,2025-12-03,B,2025-12-03,B
2130874,2023-07-07,LB,2023-07-07,LB
2130937,2025-07-29,LB,2025-07-29,LB
2131115,2022-04-28,VUS,2022-04-28,VUS
2131149,2022-04-28,VUS,2022-04-28,VUS
2131288,2022-04-28,VUS,2022-04-28,VUS
2131352,2022-04-28,VUS,2022-04-28,VUS
2131404,2022-04-28,VUS,2022-04-28,VUS
2131606,2023-10-03,LB,2023-10-03,LB
2131767,2022-04-29,VUS,2022-04-29,VUS
2132070,2022-04-30,P,2022-04-30,P
2132390,2022-08-23,VUS,2024-05-10,VUS
2132592,2024-02-23,VUS,2024-02-23,VUS
2132626,2026-01-06,LP,2026-01-06,LP
2132689,2022-05-03,VUS,2022-05-03,VUS
2132899,2022-05-03,VUS,2022-05-03,VUS
2133111,2022-09-28,LB,2022-09-28,LB
2133253,2025-01-27,VUS,2025-01-27,VUS
2133405,2022-10-17,LB,2022-10-17,LB
2133521,2023-08-04,VUS,2023-08-04,VUS
2133593,2023-12-11,VUS,2023-12-11,VUS
2133685,2025-02-17,VUS,2025-02-17,VUS
2133687,2022-05-04,VUS,2022-05-04,VUS
2133795,2022-05-04,VUS,2022-05-04,VUS
2133880,2022-06-19,P,2022-06-19,P
2133919,2022-05-04,VUS,2022-05-04,VUS
2134077,2022-05-05,LB,2022-05-05,LB
2134258,2022-05-05,VUS,2022-05-05,VUS
2134270,2022-05-05,VUS,2022-05-05,VUS
2134403,2022-05-05,LB,2022-05-05,LB
2134488,2024-02-16,LB,2024-02-16,LB
2134548,2025-11-10,LB,2025-11-10,LB
2134553,2022-05-06,LB,2022-05-06,LB
2134745,2022-05-10,LB,2022-05-10,LB
2134833,2025-09-02,LB,2025-09-02,LB
2134845,2022-05-06,VUS,2022-05-06,VUS
2134881,2022-05-06,VUS,2022-05-06,VUS
2135012,2024-11-05,LB,2024-11-05,LB
2135033,2024-02-24,VUS,2024-02-24,VUS
2135057,2022-11-28,P,2022-11-28,P
2135178,2022-05-07,VUS,2022-05-07,VUS
2135197,2022-11-08,VUS,2022-11-08,VUS
2135257,2022-05-07,LB,2022-05-07,LB
2135368,2024-03-26,LB,2024-03-26,LB
2135420,2022-08-06,VUS,2022-08-06,VUS
2135449,2022-05-14,LB,2022-05-14,LB
2135713,2022-11-08,VUS,2022-11-08,VUS
2135714,2022-05-08,VUS,2022-05-08,VUS
2135792,2022-05-09,LB,2022-05-09,LB
2135869,2022-08-23,LB,2022-08-23,LB
2135886,2022-10-24,LB,2022-10-24,LB
2135922,2022-05-09,VUS,2022-05-09,VUS
2135929,2022-05-09,LB,2022-05-09,LB
2137091,2024-10-21,VUS,2024-10-21,VUS
2137113,2023-07-03,LB,2023-07-03,LB
2137287,2022-05-03,VUS,2024-07-15,VUS
2137395,2024-05-31,P,2025-01-12,P
2137397,2023-10-03,P,2025-08-08,P
2137398,2022-09-28,P,2022-09-28,P
2137475,2024-01-02,VUS,2025-12-11,VUS
2137505,2022-02-23,VUS,2022-02-23,VUS
2137581,2022-01-11,P,2022-01-11,P
2137610,2023-08-28,LB,2023-08-28,LB
2137806,2022-03-11,LB,2022-03-11,LB
2137810,2024-05-21,LP,2025-10-31,LP
2137811,2022-09-23,P,2022-09-23,P
2138235,2022-04-09,VUS,2024-08-21,VUS
2138611,2023-03-31,VUS,2025-06-20,VUS
2138863,2022-07-12,VUS,2024-08-22,VUS
2138868,2022-05-27,LB,2022-05-27,LB
2139107,2020-05-27,VUS,2020-05-27,VUS
2139430,2022-08-16,VUS,2022-08-16,VUS
2139552,2022-07-12,LB,2022-07-12,LB
2139670,2022-02-15,VUS,2025-08-19,VUS
2139800,2024-09-27,LB,2024-09-27,LB
2139911,2022-05-17,VUS,2024-03-05,VUS
2139914,2025-03-18,LP,2025-03-18,LP
2139918,2022-10-13,VUS,2022-10-13,VUS
2139922,2022-01-31,VUS,2024-12-17,VUS
2139925,2022-05-16,LB,2022-05-16,LB
2139933,2022-04-12,VUS,2022-04-12,VUS
2139946,2025-06-19,LB,2025-06-19,LB
2139966,2025-12-08,LB,2025-12-08,LB
2140028,2022-05-21,VUS,2022-05-21,VUS
2140059,2022-03-11,VUS,2022-03-11,VUS
2140075,2025-10-27,LB,2025-10-27,LB
2140173,2024-09-05,LB,2025-09-29,LB
2140187,2024-05-06,LB,2024-05-06,LB
2140288,2022-05-29,VUS,2022-05-29,VUS
2140289,2022-04-30,LP,2022-04-30,LP
2140327,2021-12-18,LB,2021-12-18,LB
2140345,2022-05-15,VUS,2022-05-15,VUS
2140382,2022-02-12,VUS,2022-02-12,VUS
2140502,2022-05-04,VUS,2022-05-04,VUS
2140525,2025-07-29,LB,2025-07-29,LB
2140533,2022-07-17,VUS,2022-07-17,VUS
2140572,2023-12-07,VUS,2023-12-07,VUS
2140688,2022-01-16,LB,2022-01-16,LB
2140759,2025-06-27,LB,2025-06-27,LB
2140811,2022-02-10,VUS,2024-05-07,VUS
2140816,2022-07-26,VUS,2024-03-21,VUS
2140909,2023-04-01,LB,2023-04-01,LB
2140923,2023-12-07,VUS,2023-12-07,VUS
2140930,2022-06-17,VUS,2022-06-17,VUS
2141163,2022-09-13,LB,2022-09-13,LB
2141269,2021-12-30,VUS,2021-12-30,VUS
2141449,2025-04-11,LB,2025-04-11,LB
2141463,2022-09-27,VUS,2025-05-23,VUS
2141646,2025-09-13,LB,2025-09-13,LB
2141714,2021-12-09,VUS,2021-12-09,VUS
2141723,2022-09-22,LB,2022-09-22,LB
2141791,2025-11-09,LB,2025-11-09,LB
2141855,2022-05-28,VUS,2022-05-28,VUS
2141956,2022-03-23,VUS,2022-03-23,VUS
2141980,2021-04-22,VUS,2024-01-04,VUS
2142072,2025-01-02,LB,2025-01-02,LB
2142155,2024-10-04,LB,2024-10-04,LB
2142160,2024-02-23,LB,2024-08-28,LB
2142217,2022-03-28,VUS,2025-05-20,VUS
2142250,2022-06-13,VUS,2022-06-13,VUS
2142322,2022-02-01,VUS,2022-02-01,VUS
2142323,2022-02-01,LB,2022-02-01,LB
2142533,2023-10-13,LB,2023-10-13,LB
2142541,2022-04-24,LB,2022-04-24,LB
2142594,2022-10-19,P,2022-10-19,P
2142601,2022-08-22,VUS,2022-08-22,VUS
2142625,2022-03-28,LB,2022-03-28,LB
2142707,2024-01-29,LB,2024-01-29,LB
2142848,2022-10-13,VUS,2022-10-13,VUS
2142892,2024-10-28,LB,2024-10-28,LB
2142974,2022-03-20,VUS,2024-06-11,VUS
2143127,2022-01-22,VUS,2025-06-04,VUS
2143131,2022-10-13,VUS,2022-10-13,VUS
2143225,2024-07-23,LB,2024-08-24,LB
2143238,2022-09-30,LB,2022-09-30,LB
2143294,2022-07-19,VUS,2023-02-15,VUS
2143371,2022-05-16,VUS,2022-05-16,VUS
2143453,2024-02-09,VUS,2024-11-18,VUS
2143514,2025-10-01,LB,2025-10-01,LB
2143600,2022-02-28,VUS,2024-09-08,VUS
2143743,2024-06-03,LB,2024-06-03,LB
2143803,2025-04-21,LB,2025-04-21,LB
2143880,2024-11-14,VUS,2024-11-14,VUS
2143917,2022-08-19,LB,2022-08-19,LB
2143926,2026-01-22,LB,2026-01-22,LB
2143933,2025-02-17,LB,2025-02-17,LB
2143959,2025-09-13,P,2025-09-13,P
2143975,2022-08-16,LB,2022-08-16,LB
2144107,2022-09-15,VUS,2024-07-09,VUS
2144174,2024-04-29,LB,2024-04-29,LB
2144218,2025-07-14,LB,2025-07-14,LB
2144394,2023-08-30,VUS,2024-07-25,VUS
2144556,2022-04-01,LB,2022-04-01,LB
2144609,2023-08-24,LB,2023-08-24,LB
2144711,2023-07-06,VUS,2023-07-06,VUS
2144837,2025-11-27,VUS,2025-11-27,VUS
2144898,2022-04-30,LB,2022-04-30,LB
2144966,2023-11-27,VUS,2023-11-27,VUS
2145071,2025-09-15,VUS,2025-09-15,VUS
2145085,2025-08-11,VUS,2025-08-11,VUS
2145088,2023-04-13,LB,2023-04-13,LB
2145308,2022-08-13,VUS,2023-09-20,VUS
2145407,2022-01-13,LB,2022-05-23,LB
2145415,2022-09-27,VUS,2022-09-27,VUS
2145467,2024-01-22,VUS,2024-01-22,VUS
2145585,2022-01-16,LB,2022-01-16,LB
2145883,2023-01-13,LB,2023-01-13,LB
2145908,2022-10-31,LB,2022-10-31,LB
2145990,2025-04-28,VUS,2025-04-28,VUS
2146001,2022-09-12,VUS,2022-09-12,VUS
2146204,2022-02-07,VUS,2022-02-07,VUS
2146219,2023-10-13,LB,2023-10-13,LB
2146234,2025-10-23,LB,2025-10-23,LB
2146266,2024-02-23,LB,2024-02-23,LB
2146285,2022-05-21,LB,2022-05-21,LB
2146320,2022-01-27,VUS,2022-01-27,VUS
2146397,2025-06-22,LB,2025-06-22,LB
2146556,2022-05-28,VUS,2022-05-28,VUS
2146700,2023-11-06,LB,2023-11-06,LB
2146725,2022-10-05,VUS,2024-04-30,VUS
2146739,2026-02-01,LB,2026-02-01,LB
2146864,2022-10-04,VUS,2022-10-04,VUS
2146867,2025-06-12,VUS,2025-06-12,VUS
2147019,2024-05-29,VUS,2024-05-29,VUS
2147092,2022-10-17,VUS,2025-04-12,VUS
2147114,2024-11-19,LB,2024-11-19,LB
2147128,2022-05-21,VUS,2022-05-21,VUS
2147139,2022-08-30,VUS,2022-08-30,VUS
2147170,2025-06-12,LB,2025-06-12,LB
2147269,2024-03-13,LB,2024-03-13,LB
2147304,2023-05-29,LB,2023-05-29,LB
2147309,2022-05-10,VUS,2022-05-10,VUS
2147311,2022-05-10,VUS,2022-05-10,VUS
2147312,2025-06-01,LB,2025-06-01,LB
2147321,2022-07-21,LB,2022-07-21,LB
2147329,2021-12-14,VUS,2022-07-27,VUS
2147401,2022-10-05,VUS,2022-10-05,VUS
2147434,2022-08-15,VUS,2022-08-15,VUS
2147536,2023-10-16,VUS,2023-10-16,VUS
2147542,2023-07-07,VUS,2023-07-07,VUS
2147559,2021-08-28,VUS,2021-08-28,VUS
2147594,2024-10-29,VUS,2024-10-29,VUS
2147604,2023-11-27,VUS,2023-11-27,VUS
2147659,2025-08-19,LB,2025-08-19,LB
2147720,2021-12-17,LP,2021-12-17,LP
2147833,2026-01-27,LB,2026-01-27,LB
2147878,2022-10-13,VUS,2024-05-10,VUS
2147895,2025-12-18,VUS,2025-12-18,VUS
2148082,2024-08-04,LB,2024-08-04,LB
2148094,2021-12-03,VUS,2021-12-03,VUS
2148123,2022-06-09,VUS,2022-06-09,VUS
2148206,2022-02-07,VUS,2022-02-07,VUS
2148377,2022-05-30,LP,2022-05-30,LP
2148490,2022-02-19,LB,2022-02-19,LB
2148838,2022-05-14,P,2022-05-14,P
2149079,2021-10-06,VUS,2026-01-19,VUS
2149097,2022-03-31,P,2022-03-31,P
2149100,2026-01-24,LB,2026-01-24,LB
2149125,2022-08-15,VUS,2022-08-15,VUS
2149171,2024-09-05,P,2024-09-05,P
2149237,2022-07-21,VUS,2024-05-16,VUS
2149255,2024-12-17,LB,2024-12-17,LB
2149322,2023-08-08,LB,2023-08-08,LB
2149495,2022-05-17,VUS,2022-05-17,VUS
2149549,2024-10-26,VUS,2024-10-26,VUS
2149587,2022-06-14,LB,2022-06-14,LB
2149842,2025-04-28,LB,2025-04-28,LB
2149904,2022-11-13,VUS,2025-05-27,VUS
2149916,2022-10-13,LB,2022-10-13,LB
2149935,2024-01-05,VUS,2025-01-13,VUS
2150022,2024-10-29,LB,2024-10-29,LB
2150107,2023-08-14,VUS,2023-08-14,VUS
2150135,2021-12-09,VUS,2023-05-08,VUS
2150176,2025-07-27,LB,2025-07-27,LB
2150236,2022-01-27,LB,2022-01-27,LB
2150252,2022-10-19,VUS,2022-10-19,VUS
2150341,2022-06-04,LB,2022-06-04,LB
2150377,2024-02-06,VUS,2024-11-05,VUS
2150626,2022-03-11,VUS,2025-04-16,VUS
2150861,2022-08-30,LB,2022-08-30,LB
2150865,2024-04-10,LB,2024-04-10,LB
2150921,2022-10-25,VUS,2022-10-25,VUS
2151024,2021-12-09,VUS,2021-12-09,VUS
2151034,2022-11-22,VUS,2022-11-22,VUS
2151060,2022-04-12,VUS,2022-04-12,VUS
2151085,2022-08-16,VUS,2025-05-18,VUS
2151170,2024-04-01,VUS,2024-04-01,VUS
2151185,2025-03-03,VUS,2025-03-03,VUS
2151191,2022-07-21,LB,2022-07-21,LB
2151234,2022-09-15,LB,2022-09-15,LB
2151265,2024-02-02,LB,2024-02-02,LB
2151319,2023-06-23,LB,2023-06-23,LB
2151326,2023-09-21,LB,2023-09-21,LB
2151337,2022-08-12,VUS,2023-06-21,VUS
2151346,2022-05-13,VUS,2024-03-21,VUS
2151381,2024-10-25,VUS,2024-10-25,VUS
2151522,2022-04-29,VUS,2024-03-27,VUS
2151533,2022-09-26,LP,2024-05-09,LP
2151787,2021-06-18,LB,2024-07-08,LB
2151827,2024-08-12,LB,2025-10-18,LB
2151836,2024-05-07,LB,2024-05-07,LB
2152062,2022-03-15,LB,2022-03-15,LB
2152064,2022-07-23,VUS,2022-07-23,VUS
2152091,2024-12-27,LB,2024-12-27,LB
2152103,2025-03-17,LB,2025-03-17,LB
2152120,2022-09-20,LB,2022-09-20,LB
2152158,2022-03-01,P,2022-03-01,P
2152183,2024-07-27,LB,2024-07-27,LB
2152228,2025-06-12,VUS,2025-06-12,VUS
2152236,2023-11-16,VUS,2024-08-30,VUS
2152400,2024-01-13,VUS,2024-10-26,VUS
2152401,2023-10-13,VUS,2023-10-13,VUS
2152430,2022-06-09,LB,2022-06-09,LB
2152453,2024-01-22,VUS,2024-01-22,VUS
2152508,2024-04-13,LB,2024-04-13,LB
2152561,2024-04-22,LB,2024-04-22,LB
2152768,2025-07-06,LB,2025-07-06,LB
2152791,2025-03-31,VUS,2025-03-31,VUS
2152938,2022-06-28,VUS,2025-08-31,VUS
2152999,2022-03-11,VUS,2022-03-11,VUS
2153013,2024-10-25,LB,2024-10-25,LB
2153387,2023-02-02,LB,2023-02-02,LB
2153417,2022-05-10,P,2022-05-10,P
2153448,2021-12-28,VUS,2021-12-28,VUS
2153784,2022-01-27,LB,2022-01-27,LB
2153841,2022-06-30,VUS,2022-06-30,VUS
2153850,2022-07-05,LB,2022-07-05,LB
2154069,2024-01-13,LB,2024-01-13,LB
2154134,2022-04-04,VUS,2022-04-04,VUS
2154211,2025-07-13,LB,2025-07-13,LB
2154248,2025-08-12,LB,2025-08-12,LB
2154350,2022-02-22,VUS,2022-02-22,VUS
2154365,2022-07-18,LP,2022-07-18,LP
2154531,2022-08-24,LB,2022-08-24,LB
2154535,2022-05-19,LB,2022-05-19,LB
2154592,2025-06-04,LB,2025-06-04,LB
2154835,2022-04-29,VUS,2025-04-02,VUS
2155326,2022-02-02,LB,2022-02-02,LB
2155397,2022-03-13,VUS,2022-03-13,VUS
2155678,2022-02-09,LP,2024-04-08,LP
2155701,2024-01-02,VUS,2024-10-17,VUS
2155710,2023-09-23,LB,2023-09-23,LB
2155744,2022-03-18,LB,2022-03-18,LB
2155762,2024-05-25,LB,2024-05-25,LB
2155857,2023-06-19,LB,2023-06-19,LB
2156076,2022-07-19,VUS,2022-07-19,VUS
2156095,2022-04-30,VUS,2022-04-30,VUS
2156101,2022-04-23,VUS,2024-12-25,VUS
2156121,2025-09-29,LB,2025-09-29,LB
2156200,2022-07-03,VUS,2025-05-21,VUS
2156241,2022-10-19,LB,2022-10-19,LB
2156251,2022-07-05,VUS,2022-07-05,VUS
2156254,2022-04-09,VUS,2022-04-09,VUS
2156262,2022-09-01,VUS,2025-03-22,VUS
2156263,2024-01-04,VUS,2025-03-31,VUS
2156264,2025-03-31,LB,2025-03-31,LB
2156279,2022-06-22,VUS,2022-06-22,VUS
2156358,2025-12-06,LB,2025-12-06,LB
2156659,2022-05-11,VUS,2022-05-11,VUS
2156764,2025-08-15,LB,2025-08-15,LB
2156812,2022-10-17,LB,2022-10-17,LB
2156864,2025-07-27,LB,2025-07-27,LB
2156865,2025-07-27,LB,2025-07-27,LB
2156866,2025-07-27,LB,2025-07-27,LB
2156945,2025-03-17,VUS,2025-03-17,VUS
2156974,2023-02-08,P,2023-02-08,P
2157068,2022-03-11,LB,2022-03-11,LB
2157110,2025-08-10,LB,2025-08-10,LB
2157141,2022-10-14,VUS,2022-10-14,VUS
2157147,2024-09-27,LB,2024-09-27,LB
2157320,2023-12-14,VUS,2024-11-09,VUS
2157372,2024-01-16,LB,2024-01-16,LB
2157405,2024-01-19,VUS,2024-01-19,VUS
2157417,2022-07-24,LB,2022-07-24,LB
2157459,2025-03-17,LB,2025-03-17,LB
2157503,2023-01-17,VUS,2023-01-17,VUS
2157507,2022-05-25,VUS,2022-05-25,VUS
2157508,2022-08-21,LB,2022-08-21,LB
2157521,2024-08-28,LB,2025-09-10,LB
2157572,2025-04-30,LB,2025-04-30,LB
2157638,2022-02-28,VUS,2022-02-28,VUS
2157651,2022-08-22,VUS,2023-03-01,VUS
2157654,2025-08-25,LB,2025-08-25,LB
2157784,2022-06-28,VUS,2023-02-02,VUS
2157884,2024-02-17,VUS,2024-02-17,VUS
2158021,2024-07-12,VUS,2024-07-12,VUS
2158048,2024-01-19,LB,2024-01-19,LB
2158056,2024-10-08,VUS,2024-10-08,VUS
2158260,2024-12-30,LB,2024-12-30,LB
2158315,2024-11-11,LB,2024-11-11,LB
2158316,2024-11-11,LB,2024-11-11,LB
2158344,2022-04-19,VUS,2024-02-13,VUS
2158356,2022-03-20,VUS,2025-04-03,VUS
2158364,2025-06-08,LB,2025-06-08,LB
2158381,2021-09-02,VUS,2024-08-26,VUS
2158399,2022-03-01,VUS,2022-03-01,VUS
2158412,2024-11-05,VUS,2024-11-05,VUS
2158474,2022-10-18,VUS,2022-10-18,VUS
2158518,2022-04-01,VUS,2022-04-01,VUS
2158631,2022-06-14,VUS,2022-06-14,VUS
2158741,2022-03-24,LB,2022-03-24,LB
2158843,2022-09-06,LB,2022-09-06,LB
2158904,2026-01-28,LB,2026-01-28,LB
2158972,2022-11-01,VUS,2022-11-01,VUS
2158979,2022-03-14,VUS,2022-03-14,VUS
2159014,2025-10-03,VUS,2025-10-03,VUS
2159016,2022-03-27,LB,2022-03-27,LB
2159018,2024-07-27,VUS,2024-07-27,VUS
2159020,2024-03-11,LB,2024-03-11,LB
2159051,2024-08-12,LB,2024-08-12,LB
2159126,2024-04-30,LB,2024-04-30,LB
2159134,2022-09-27,VUS,2022-09-27,VUS
2159239,2022-05-25,VUS,2022-05-25,VUS
2159289,2023-07-19,LB,2023-07-19,LB
2159303,2022-04-09,P,2022-04-09,P
2159528,2025-01-13,VUS,2025-01-13,VUS
2159620,2023-08-04,VUS,2023-08-04,VUS
2159723,2022-04-03,VUS,2022-04-03,VUS
2159920,2021-12-23,LB,2021-12-23,LB
2160069,2022-09-13,P,2022-09-13,P
2160071,2022-10-05,LB,2022-10-05,LB
2160075,2023-08-10,VUS,2025-05-19,VUS
2160151,2024-09-04,LB,2024-09-04,LB
2160328,2023-12-27,LB,2023-12-27,LB
2160370,2025-08-03,B,2025-08-03,B
2160387,2024-10-21,VUS,2024-10-21,VUS
2160391,2025-04-13,LB,2025-04-13,LB
2160659,2022-03-03,LB,2022-03-03,LB
2160945,2024-11-13,LB,2024-11-13,LB
2161137,2022-09-13,LB,2022-09-13,LB
2161199,2022-04-17,VUS,2022-04-17,VUS
2161394,2022-05-21,LB,2022-05-21,LB
2161489,2019-09-03,LB,2025-12-01,LB
2161493,2025-08-11,LB,2025-08-11,LB
2161689,2022-05-15,LB,2022-05-15,LB
2161856,2024-10-08,VUS,2024-10-08,VUS
2161931,2023-08-31,LB,2023-08-31,LB
2161932,2022-07-15,VUS,2024-05-03,VUS
2161951,2024-04-22,LB,2024-04-22,LB
2162113,2024-10-14,LB,2024-10-14,LB
2162207,2022-03-10,LB,2022-03-10,LB
2162230,2022-08-16,VUS,2024-09-06,VUS
2162347,2022-01-01,VUS,2025-10-22,VUS
2162418,2022-01-25,LB,2022-01-25,LB
2162518,2022-07-04,VUS,2022-07-04,VUS
2162621,2022-06-14,VUS,2022-08-23,VUS
2162632,2022-03-09,VUS,2024-04-10,VUS
2162670,2022-08-23,VUS,2024-03-13,VUS
2162748,2023-03-14,LB,2023-03-14,LB
2162878,2022-08-29,LB,2022-08-29,LB
2163059,2023-12-09,LB,2023-12-09,LB
2163278,2022-06-09,VUS,2022-06-09,VUS
2163328,2024-07-29,LB,2024-07-29,LB
2163523,2024-03-01,VUS,2025-04-28,VUS
2163525,2022-09-27,LB,2022-09-27,LB
2163561,2026-01-17,LB,2026-01-17,LB
2163572,2024-05-04,LP,2025-03-31,LP
2163609,2024-02-26,VUS,2024-02-26,VUS
2163699,2025-05-21,LB,2025-05-21,LB
2163785,2024-05-29,VUS,2024-05-29,VUS
2163799,2026-01-26,LB,2026-01-26,LB
2163817,2022-03-01,LB,2023-08-04,LB
2163826,2024-03-22,VUS,2024-10-15,VUS
2163838,2022-09-06,VUS,2023-03-02,VUS
2163921,2024-01-11,LB,2024-01-11,LB
2163935,2023-08-04,VUS,2023-08-04,VUS
2164019,2022-09-07,LB,2022-09-07,LB
2164050,2022-10-13,VUS,2024-07-18,VUS
2164111,2024-04-13,VUS,2024-05-20,VUS
2164376,2022-03-05,LB,2022-03-05,LB
2164423,2021-08-28,VUS,2021-08-28,VUS
2164435,2022-03-19,VUS,2022-03-19,VUS
2164480,2022-07-05,LB,2022-07-05,LB
2164630,2024-10-29,VUS,2024-10-29,VUS
2164691,2022-07-09,VUS,2022-07-09,VUS
2164930,2023-08-06,LB,2023-08-06,LB
2164995,2024-02-16,VUS,2025-10-22,VUS
2164998,2023-06-04,LB,2023-06-04,LB
2165043,2022-02-24,VUS,2025-01-18,VUS
2165096,2022-07-25,VUS,2022-07-25,VUS
2165200,2023-06-20,LB,2023-06-20,LB
2165217,2022-05-04,VUS,2022-05-04,VUS
2165356,2022-10-17,VUS,2022-10-17,VUS
2165370,2025-12-09,LB,2025-12-09,LB
2165405,2023-12-10,LB,2023-12-10,LB
2165474,2021-09-08,VUS,2024-01-29,VUS
2165617,2022-07-06,VUS,2022-07-06,VUS
2165653,2022-01-21,VUS,2022-01-21,VUS
2165810,2021-12-28,VUS,2021-12-28,VUS
2165831,2022-07-21,VUS,2022-07-21,VUS
2165997,2022-10-19,LB,2022-10-19,LB
2166051,2023-07-31,LB,2023-07-31,LB
2166217,2022-02-27,VUS,2022-02-27,VUS
2166256,2022-05-06,LB,2022-05-06,LB
2166311,2024-10-28,VUS,2024-10-28,VUS
2166661,2022-08-06,LB,2022-08-06,LB
2166699,2022-05-30,LB,2022-05-30,LB
2166846,2024-05-28,VUS,2024-12-16,VUS
2166935,2022-09-06,VUS,2022-09-06,VUS
2166947,2023-05-19,LB,2023-05-19,LB
2167004,2022-01-26,LB,2022-01-26,LB
2167137,2022-07-05,VUS,2025-02-13,VUS
2167157,2025-07-14,LB,2025-07-14,LB
2167170,2022-07-17,LB,2022-07-17,LB
2167172,2025-01-06,VUS,2025-01-06,VUS
2167193,2019-10-15,LB,2019-10-15,LB
2167260,2024-01-24,LB,2024-01-24,LB
2167491,2021-09-17,VUS,2021-09-17,VUS
2167516,2025-05-25,LB,2025-05-25,LB
2167683,2025-05-07,LB,2025-05-07,LB
2167796,2021-12-29,VUS,2024-05-29,VUS
2167797,2022-08-12,VUS,2022-08-12,VUS
2167808,2024-06-03,LB,2024-06-03,LB
2167828,2022-03-04,VUS,2024-11-14,VUS
2167893,2025-11-03,LB,2025-11-03,LB
2167905,2023-02-14,LB,2023-02-14,LB
2168113,2022-08-22,LB,2022-08-22,LB
2168140,2022-03-27,VUS,2024-06-03,VUS
2168163,2022-07-25,VUS,2022-07-25,VUS
2168174,2022-03-29,VUS,2023-10-20,VUS
2168279,2022-03-13,VUS,2025-11-03,VUS
2168317,2022-02-18,LB,2022-02-18,LB
2168326,2022-06-11,VUS,2022-06-11,VUS
2168372,2021-12-19,VUS,2021-12-19,VUS
2168524,2022-08-09,VUS,2022-08-09,VUS
2168868,2022-10-13,VUS,2022-10-13,VUS
2168932,2021-12-02,VUS,2021-12-02,VUS
2169209,2023-07-15,LB,2023-07-15,LB
2169365,2023-08-04,LB,2023-08-04,LB
2169367,2022-05-29,VUS,2025-08-22,VUS
2169371,2022-05-10,VUS,2022-05-10,VUS
2169733,2021-08-27,VUS,2023-11-06,VUS
2169970,2022-07-15,VUS,2022-07-15,VUS
2170129,2021-12-29,LB,2021-12-29,LB
2170935,2022-07-18,VUS,2022-07-18,VUS
2171000,2022-06-27,VUS,2024-03-06,VUS
2171139,2020-07-09,LB,2026-01-02,LB
2171300,2022-08-05,VUS,2022-08-05,VUS
2171500,2022-01-20,VUS,2022-01-20,VUS
2171505,2022-06-14,VUS,2022-06-14,VUS
2171560,2022-08-19,VUS,2022-08-19,VUS
2171564,2024-07-31,VUS,2024-07-31,VUS
2172390,2024-05-06,VUS,2024-05-06,VUS
2172396,2024-08-28,LB,2024-08-28,LB
2172402,2024-08-28,LB,2024-08-28,LB
2172586,2025-04-21,VUS,2025-04-21,VUS
2172628,2025-12-01,LB,2025-12-01,LB
2172772,2026-01-12,LB,2026-01-12,LB
2172777,2022-10-23,LB,2022-10-23,LB
2172849,2021-12-14,VUS,2021-12-14,VUS
2172952,2024-02-12,VUS,2024-02-12,VUS
2172954,2025-10-07,LB,2025-10-07,LB
2173261,2022-08-10,VUS,2022-08-10,VUS
2173283,2022-11-23,VUS,2025-07-16,VUS
2173370,2022-07-30,VUS,2022-07-30,VUS
2173686,2022-06-23,VUS,2024-01-18,VUS
2173763,2023-10-03,VUS,2023-10-03,VUS
2173814,2022-07-18,VUS,2023-12-17,VUS
2173829,2025-03-31,LB,2025-03-31,LB
2173840,2022-05-19,VUS,2022-05-19,VUS
2173957,2022-02-24,VUS,2022-02-24,VUS
2173994,2022-10-17,VUS,2022-10-17,VUS
2174008,2025-07-21,LB,2025-07-21,LB
2174014,2025-09-08,LB,2025-09-08,LB
2174208,2022-07-15,P,2022-07-15,P
2174236,2022-07-27,VUS,2022-07-27,VUS
2174360,2023-04-22,LB,2023-04-22,LB
2174446,2025-07-27,LB,2025-07-27,LB
2174672,2022-12-29,P,2025-10-30,P
2174955,2022-08-16,LB,2022-08-16,LB
2174965,2022-08-19,VUS,2022-08-19,VUS
2175212,2025-04-17,LB,2025-04-17,LB
2175232,2025-04-15,LB,2025-04-15,LB
2175528,2024-09-09,LB,2024-09-09,LB
2175602,2023-01-16,VUS,2024-01-08,VUS
2175702,2022-08-16,LB,2022-08-16,LB
2175717,2023-05-22,LB,2023-05-22,LB
2175724,2022-07-15,LB,2022-07-15,LB
2175989,2022-09-27,VUS,2022-09-27,VUS
2176034,2020-09-23,LB,2025-01-21,LB
2176088,2022-05-11,VUS,2025-08-10,VUS
2176103,2022-06-18,VUS,2022-06-18,VUS
2176454,2023-05-05,VUS,2025-06-12,VUS
2176595,2022-07-15,VUS,2024-01-20,VUS
2176781,2024-02-23,LB,2024-02-23,LB
2176785,2022-07-23,LB,2022-07-23,LB
2177035,2022-09-27,VUS,2022-09-27,VUS
2177290,2022-08-09,VUS,2022-08-09,VUS
2177309,2022-09-27,VUS,2024-09-25,VUS
2177368,2026-01-28,LB,2026-01-28,LB
2177378,2022-08-23,LB,2022-08-23,LB
2177483,2022-08-22,VUS,2022-08-22,VUS
2177484,2022-08-24,LB,2022-08-24,LB
2177525,2021-11-03,LB,2024-01-15,LB
2177745,2022-09-19,VUS,2025-08-07,VUS
2177861,2024-06-03,VUS,2024-06-03,VUS
2178310,2022-02-25,VUS,2022-02-25,VUS
2178323,2023-05-17,LP,2024-12-20,LP
2178361,2023-05-22,LB,2023-05-22,LB
2178396,2022-08-21,VUS,2022-08-21,VUS
2178406,2024-04-16,B,2024-04-16,B
2178433,2022-06-02,LB,2022-06-02,LB
2178561,2025-11-10,LB,2025-11-10,LB
2178878,2022-03-11,P,2022-03-11,P
2178891,2022-05-09,VUS,2022-05-09,VUS
2179151,2024-03-27,VUS,2024-10-15,VUS
2179208,2022-07-21,VUS,2022-07-21,VUS
2179233,2022-08-16,VUS,2022-08-16,VUS
2179243,2022-03-01,VUS,2022-03-01,VUS
2179324,2023-05-19,P,2024-01-09,P
2179578,2022-05-04,VUS,2024-08-07,VUS
2179585,2024-12-16,VUS,2024-12-16,VUS
2179683,2022-09-13,LB,2022-09-13,LB
2179960,2022-04-28,VUS,2024-03-15,VUS
2179967,2024-04-06,LB,2024-04-06,LB
2180231,2022-06-13,LB,2022-06-13,LB
2180250,2023-03-27,VUS,2024-09-04,VUS
2180280,2025-08-03,LB,2025-08-03,LB
2180428,2022-07-06,LP,2022-07-06,LP
2180623,2023-10-13,LB,2023-10-13,LB
2180789,2022-08-09,LB,2022-08-09,LB
2180942,2022-07-05,LB,2022-07-05,LB
2181080,2025-12-30,LB,2025-12-30,LB
2181241,2022-06-20,VUS,2025-11-08,VUS
2181388,2024-02-24,LB,2024-02-24,LB
2181593,2022-08-17,VUS,2022-08-17,VUS
2181746,2022-02-20,LB,2022-02-20,LB
2181753,2024-01-17,LB,2024-01-17,LB
2181864,2024-11-11,LB,2024-11-11,LB
2182361,2025-07-08,LB,2025-07-08,LB
2182522,2022-03-10,VUS,2024-04-15,VUS
2182629,2024-02-16,VUS,2024-02-16,VUS
2182664,2022-07-24,VUS,2025-06-03,VUS
2182896,2022-07-09,VUS,2023-03-13,VUS
2182919,2022-05-30,VUS,2024-08-22,VUS
2182921,2025-10-02,VUS,2025-10-02,VUS
2183047,2025-06-12,VUS,2025-06-12,VUS
2183127,2023-06-14,LB,2023-06-14,LB
2183152,2026-01-12,LB,2026-01-12,LB
2183222,2022-08-21,VUS,2022-08-21,VUS
2183268,2022-05-05,P,2022-05-05,P
2183650,2025-03-03,LB,2025-03-03,LB
2183815,2022-06-27,LB,2022-06-27,LB
2183817,2022-08-22,VUS,2022-08-22,VUS
2183965,2023-06-12,LB,2023-06-12,LB
2184131,2022-09-27,VUS,2022-09-27,VUS
2184144,2023-07-17,LB,2023-07-17,LB
2184280,2025-02-10,LB,2025-02-10,LB
2184322,2021-12-07,LB,2025-04-20,LB
2184520,2022-11-01,LB,2022-11-01,LB
2184562,2023-10-13,VUS,2023-10-13,VUS
2184643,2022-07-23,VUS,2022-07-23,VUS
2184718,2024-10-24,LB,2024-10-24,LB
2185310,2024-10-15,VUS,2024-10-15,VUS
2185510,2024-02-28,LB,2024-02-28,LB
2185557,2024-04-22,LB,2024-04-22,LB
2185684,2022-10-13,VUS,2022-10-13,VUS
2185688,2024-10-30,LB,2024-10-30,LB
2185694,2024-01-08,LB,2025-08-23,LB
2185945,2023-12-21,VUS,2023-12-21,VUS
2186024,2024-10-24,LB,2024-10-24,LB
2186069,2025-06-12,LB,2025-06-12,LB
2186372,2022-05-17,VUS,2025-08-21,VUS
2186554,2024-02-24,LB,2024-02-24,LB
2186656,2025-03-17,VUS,2025-03-17,VUS
2186863,2022-07-30,VUS,2022-07-30,VUS
2186922,2022-06-22,LB,2022-06-22,LB
2186970,2022-02-12,LB,2022-02-12,LB
2187016,2023-12-17,LB,2023-12-17,LB
2187358,2025-06-12,LB,2025-06-12,LB
2187442,2022-01-19,VUS,2022-01-19,VUS
2187697,2022-04-17,LB,2022-04-17,LB
2187717,2024-09-18,P,2024-09-18,P
2187750,2024-05-19,VUS,2025-04-17,VUS
2187895,2022-03-04,VUS,2022-03-04,VUS
2188105,2025-10-20,LB,2025-10-20,LB
2188240,2022-03-08,LB,2022-03-08,LB
2188274,2021-07-28,VUS,2022-08-01,VUS
2188328,2022-01-18,VUS,2022-01-18,VUS
2188408,2022-07-12,VUS,2022-07-12,VUS
2188590,2021-01-01,VUS,2024-10-07,VUS
2188900,2025-03-17,LB,2025-03-17,LB
2188936,2021-12-05,VUS,2021-12-05,VUS
2189120,2020-08-28,LB,2022-09-27,LB
2189245,2024-10-15,VUS,2024-10-15,VUS
2189246,2022-06-02,LB,2022-06-02,LB
2189584,2023-03-19,LB,2023-03-19,LB
2189607,2022-06-27,LB,2022-06-27,LB
2189730,2022-06-04,VUS,2024-07-05,VUS
2190009,2022-05-17,LB,2022-05-17,LB
2190019,2025-02-10,LB,2025-02-10,LB
2190054,2023-01-26,P,2023-01-26,P
2190534,2022-03-11,LB,2022-03-11,LB
2190566,2021-12-14,VUS,2021-12-14,VUS
2191020,2022-06-09,VUS,2022-06-09,VUS
2191347,2024-07-29,LB,2024-07-29,LB
2191362,2022-02-19,VUS,2022-02-19,VUS
2191419,2024-10-07,LB,2024-10-07,LB
2191503,2022-12-29,VUS,2024-04-10,VUS
2191508,2024-10-11,LB,2024-10-11,LB
2191518,2022-09-27,LB,2022-09-27,LB
2191733,2024-12-15,VUS,2024-12-15,VUS
2191795,2022-02-01,VUS,2022-02-01,VUS
2191910,2024-11-05,LB,2024-11-05,LB
2191953,2022-03-20,LB,2022-03-20,LB
2191963,2024-12-02,VUS,2024-12-02,VUS
2191972,2022-02-03,LB,2022-02-03,LB
2192086,2023-04-22,LB,2023-04-22,LB
2192108,2022-10-24,VUS,2024-09-27,VUS
2192119,2025-11-18,LB,2025-11-18,LB
2192203,2022-04-11,VUS,2022-04-11,VUS
2192261,2022-07-30,VUS,2024-04-08,VUS
2192271,2024-12-12,LB,2024-12-12,LB
2192277,2022-08-19,VUS,2024-09-18,VUS
2192481,2024-01-02,VUS,2024-09-30,VUS
2192495,2021-09-02,LB,2021-09-02,LB
2193292,2022-08-09,VUS,2025-04-20,VUS
2193331,2022-09-04,LB,2022-09-04,LB
2193433,2022-04-28,VUS,2022-04-28,VUS
2193504,2025-04-30,LB,2025-04-30,LB
2193571,2022-11-03,VUS,2025-01-08,VUS
2193583,2022-06-04,VUS,2022-06-04,VUS
2193768,2022-03-26,VUS,2022-03-26,VUS
2193769,2025-12-02,LB,2025-12-02,LB
2193774,2025-08-26,LB,2025-08-26,LB
2193813,2024-09-26,VUS,2024-09-26,VUS
2193816,2023-12-28,VUS,2025-04-04,VUS
2193936,2022-08-25,VUS,2024-07-03,VUS
2193951,2022-02-08,VUS,2022-02-08,VUS
2193961,2022-07-12,VUS,2022-07-12,VUS
2193976,2021-12-26,VUS,2021-12-26,VUS
2194083,2021-12-22,VUS,2024-06-15,VUS
2194086,2023-07-07,LB,2023-07-07,LB
2194326,2022-06-08,LB,2022-06-08,LB
2194342,2022-06-28,VUS,2022-06-28,VUS
2194346,2024-03-11,VUS,2025-05-05,VUS
2194354,2025-06-12,LB,2025-06-12,LB
2194382,2019-08-06,LB,2025-06-10,LB
2194425,2025-02-16,LB,2025-09-01,LB
2194426,2023-05-15,VUS,2024-10-28,VUS
2194494,2024-05-20,P,2024-05-20,P
2194635,2025-01-13,LB,2025-01-13,LB
2194637,2022-09-01,VUS,2022-09-01,VUS
2194752,2022-02-03,LB,2022-02-03,LB
2194905,2022-07-08,VUS,2022-07-08,VUS
2195039,2024-03-18,VUS,2024-10-23,VUS
2195063,2022-09-15,LP,2022-09-15,LP
2195067,2022-05-16,VUS,2025-09-01,VUS
2195270,2022-08-05,VUS,2024-03-26,VUS
2195301,2022-06-14,VUS,2022-06-14,VUS
2195376,2022-09-09,VUS,2022-09-09,VUS
2195394,2024-11-18,LB,2024-11-18,LB
2195514,2024-01-19,LB,2024-09-05,LB
2195517,2023-12-19,LB,2023-12-19,LB
2195568,2022-05-28,VUS,2022-05-28,VUS
2195829,2024-05-15,VUS,2026-01-21,VUS
2196092,2022-03-29,VUS,2022-03-29,VUS
2196163,2022-10-13,VUS,2022-10-13,VUS
2196330,2025-02-20,LB,2025-02-20,LB
2196348,2022-05-29,LB,2022-05-29,LB
2196507,2022-04-12,VUS,2022-04-12,VUS
2196512,2026-01-12,LB,2026-01-12,LB
2196575,2022-07-13,VUS,2022-07-13,VUS
2196597,2022-08-22,LB,2022-08-22,LB
2196701,2022-02-20,VUS,2022-02-20,VUS
2196882,2021-11-20,VUS,2021-11-20,VUS
2196913,2019-05-13,LB,2025-10-29,LB
2196938,2023-11-27,VUS,2024-10-08,VUS
2197011,2024-07-13,LB,2024-07-13,LB
2197162,2025-02-24,VUS,2025-02-24,VUS
2197380,2022-06-17,LB,2022-06-17,LB
2197431,2022-08-01,LB,2022-08-01,LB
2197956,2023-10-30,LB,2023-10-30,LB
2198036,2023-03-02,LB,2023-03-02,LB
2198203,2022-05-05,VUS,2024-05-27,VUS
2198287,2021-12-23,VUS,2025-02-28,VUS
2198309,2022-05-07,VUS,2022-05-07,VUS
2198327,2023-08-16,LB,2023-08-16,LB
2198341,2022-03-13,P,2022-03-13,P
2198414,2021-12-21,VUS,2021-12-21,VUS
2198425,2022-06-01,VUS,2025-04-12,VUS
2198518,2022-02-18,VUS,2022-02-18,VUS
2198541,2025-04-07,LB,2025-04-07,LB
2198666,2025-07-28,VUS,2025-07-28,VUS
2198986,2022-05-06,VUS,2025-08-09,VUS
2198991,2022-07-17,VUS,2022-07-17,VUS
2199203,2023-10-14,VUS,2025-04-16,VUS
2199466,2023-05-20,LB,2023-05-20,LB
2199550,2022-04-24,VUS,2022-04-24,VUS
2199585,2023-07-24,LP,2023-07-24,LP
2199955,2022-06-22,VUS,2024-01-23,VUS
2200123,2022-03-19,LB,2022-03-19,LB
2200129,2022-03-23,VUS,2023-06-21,VUS
2200244,2025-12-26,LB,2025-12-26,LB
2200352,2022-07-25,P,2022-07-25,P
2200369,2022-05-18,B,2022-05-18,B
2200480,2024-10-17,LB,2024-10-17,LB
2200490,2022-08-19,VUS,2022-08-19,VUS
2200504,2024-10-08,VUS,2024-10-08,VUS
2200818,2025-01-06,VUS,2025-01-06,VUS
2200830,2021-12-18,VUS,2021-12-18,VUS
2201121,2025-07-14,VUS,2025-07-14,VUS
2201418,2024-11-14,VUS,2025-06-07,VUS
2201437,2025-03-17,VUS,2025-03-17,VUS
2201534,2024-04-07,LB,2024-04-07,LB
2201806,2022-11-01,VUS,2022-11-01,VUS
2201840,2022-05-12,LB,2022-05-12,LB
2201855,2021-12-02,LB,2021-12-02,LB
2201910,2026-01-12,LB,2026-01-12,LB
2202029,2024-08-18,VUS,2025-05-12,VUS
2202255,2022-10-20,LB,2022-10-20,LB
2202327,2022-05-17,VUS,2022-05-17,VUS
2202328,2022-06-27,VUS,2022-06-27,VUS
2202478,2023-03-23,LB,2023-03-23,LB
2202561,2022-01-17,VUS,2025-03-18,VUS
2202624,2022-01-11,VUS,2022-01-11,VUS
2202657,2025-09-25,LB,2025-09-25,LB
2202685,2022-04-30,VUS,2022-04-30,VUS
2202693,2023-10-11,P,2026-02-09,P
2202941,2023-06-30,P,2023-06-30,P
2203016,2025-01-15,P,2025-01-15,P
2203130,2022-05-03,VUS,2022-05-03,VUS
2203131,2023-07-17,P,2025-10-01,P
2203167,2022-11-10,VUS,2022-11-10,VUS
2203168,2022-08-11,VUS,2022-08-11,VUS
2203170,2021-08-30,VUS,2021-08-30,VUS
2203410,2022-01-31,LP,2022-01-31,LP
2203493,2023-08-04,VUS,2023-08-04,VUS
2203879,2022-12-20,VUS,2022-12-20,VUS
2203970,2022-12-06,VUS,2022-12-06,VUS
2206129,2022-01-26,VUS,2022-01-26,VUS
2206637,2021-09-01,VUS,2023-12-28,VUS
2207905,2021-07-13,VUS,2024-02-12,VUS
2209665,2023-08-14,VUS,2025-07-15,VUS
2213717,2022-11-08,VUS,2022-11-08,VUS
2216491,2022-02-03,VUS,2022-02-03,VUS
2218737,2022-12-01,VUS,2025-12-29,VUS
2219626,2022-05-16,VUS,2022-05-16,VUS
2220283,2021-09-14,VUS,2021-09-14,VUS
2220839,2024-09-24,VUS,2024-09-24,VUS
2222750,2021-08-10,VUS,2024-09-25,VUS
2225957,2021-09-17,VUS,2021-09-17,VUS
2229826,2025-08-27,VUS,2025-08-27,VUS
2230667,2021-04-13,VUS,2021-04-13,VUS
2231723,2021-07-20,VUS,2021-07-20,VUS
2232091,2021-07-08,VUS,2021-07-08,VUS
2233725,2021-08-14,VUS,2021-08-14,VUS
2235110,2021-07-06,VUS,2021-07-06,VUS
2235905,2021-07-09,VUS,2021-07-09,VUS
2236641,2021-07-13,VUS,2021-07-13,VUS
2237876,2021-07-15,VUS,2021-07-15,VUS
2239611,2021-07-27,VUS,2021-07-27,VUS
2239746,2021-07-28,VUS,2021-07-28,VUS
2240712,2025-02-24,VUS,2025-02-24,VUS
2241857,2021-12-02,VUS,2021-12-02,VUS
2242365,2021-08-10,LB,2021-08-10,LB
2242373,2021-08-10,VUS,2021-08-10,VUS
2244525,2021-08-13,VUS,2024-03-31,VUS
2245544,2021-08-16,VUS,2021-08-16,VUS
2245727,2021-08-16,VUS,2021-08-16,VUS
2246604,2021-08-23,LB,2021-08-23,LB
2247425,2021-08-30,VUS,2021-08-30,VUS
2249230,2022-02-10,VUS,2022-02-10,VUS
2249484,2021-09-15,VUS,2021-09-15,VUS
2249920,2021-09-16,VUS,2021-09-16,VUS
2250408,2021-09-16,VUS,2025-07-01,VUS
2251248,2021-09-17,VUS,2021-09-17,VUS
2251889,2021-10-27,VUS,2021-10-27,VUS
2252124,2021-09-27,VUS,2021-09-27,VUS
2252154,2021-09-27,VUS,2024-08-23,VUS
2252975,2021-11-09,VUS,2021-11-09,VUS
2257185,2021-10-26,VUS,2021-10-26,VUS
2257991,2021-10-29,VUS,2021-10-29,VUS
2258387,2021-10-29,VUS,2021-10-29,VUS
2258395,2021-10-29,VUS,2021-10-29,VUS
2258424,2021-10-29,VUS,2021-10-29,VUS
2258962,2021-11-05,VUS,2021-11-05,VUS
2262501,2021-12-16,LB,2021-12-16,LB
2262591,2021-11-30,VUS,2021-11-30,VUS
2265007,2021-12-06,VUS,2021-12-06,VUS
2265264,2021-12-06,VUS,2021-12-06,VUS
2265456,2022-02-04,VUS,2022-02-04,VUS
2266195,2024-02-26,VUS,2025-07-31,VUS
2266579,2021-12-13,VUS,2021-12-13,VUS
2267590,2021-12-16,VUS,2021-12-16,VUS
2267620,2021-12-16,VUS,2021-12-16,VUS
2268246,2021-12-20,VUS,2021-12-20,VUS
2269698,2025-09-28,VUS,2025-09-28,VUS
2270072,2022-01-05,VUS,2022-01-05,VUS
2270685,2022-01-07,VUS,2022-01-07,VUS
2271066,2022-01-07,VUS,2022-01-07,VUS
2271829,2022-01-18,VUS,2022-01-18,VUS
2271874,2022-01-18,VUS,2022-01-18,VUS
2272808,2025-10-22,VUS,2025-10-22,VUS
2272930,2022-01-26,VUS,2022-01-26,VUS
2276182,2024-02-21,VUS,2024-02-21,VUS
2277361,2022-02-11,VUS,2022-02-11,VUS
2277915,2022-02-24,VUS,2022-02-24,VUS
2280394,2022-03-29,VUS,2022-03-29,VUS
2280599,2022-03-29,VUS,2024-01-20,VUS
2281153,2022-03-31,VUS,2022-03-31,VUS
2281405,2022-04-06,VUS,2022-04-06,VUS
2283824,2022-04-13,VUS,2025-07-07,VUS
2283911,2022-04-14,VUS,2022-04-14,VUS
2284715,2022-04-22,VUS,2022-04-22,VUS
2285656,2022-04-25,VUS,2022-04-25,VUS
2286055,2022-04-25,VUS,2024-05-03,VUS
2288860,2022-05-11,VUS,2022-05-11,VUS
2289823,2022-05-16,VUS,2022-05-16,VUS
2290173,2022-05-18,VUS,2022-05-18,VUS
2290829,2022-05-25,VUS,2022-05-25,VUS
2291897,2022-05-27,VUS,2022-05-27,VUS
2292909,2022-05-27,VUS,2022-05-27,VUS
2293253,2022-05-31,VUS,2022-05-31,VUS
2293855,2025-09-26,VUS,2025-09-26,VUS
2294356,2022-06-09,VUS,2022-06-09,VUS
2294751,2022-06-09,VUS,2024-04-25,VUS
2295843,2022-06-17,LB,2022-06-17,LB
2296092,2022-06-21,VUS,2022-06-21,VUS
2296134,2022-06-21,VUS,2022-09-16,VUS
2297805,2022-06-27,VUS,2022-06-27,VUS
2299157,2022-06-29,VUS,2022-06-29,VUS
2299368,2022-06-30,VUS,2022-06-30,VUS
2299437,2022-06-30,VUS,2022-06-30,VUS
2300027,2022-07-07,VUS,2022-07-07,VUS
2301376,2022-07-13,VUS,2022-07-13,VUS
2301612,2022-07-13,VUS,2024-04-08,VUS
2302344,2022-07-19,VUS,2022-07-19,VUS
2304221,2022-08-01,VUS,2022-08-01,VUS
2305032,2022-08-02,VUS,2022-08-02,VUS
2308043,2022-08-17,VUS,2022-08-17,VUS
2309702,2022-08-30,VUS,2022-08-30,VUS
2310689,2022-09-06,VUS,2022-09-06,VUS
2310898,2022-09-06,VUS,2024-07-11,VUS
2311744,2022-09-14,VUS,2022-09-14,VUS
2312011,2022-09-14,LB,2022-09-14,LB
2313009,2022-09-22,VUS,2022-09-22,VUS
2313153,2022-09-22,VUS,2022-09-22,VUS
2313969,2022-09-27,VUS,2026-04-27,VUS
2314021,2022-09-27,VUS,2022-09-27,VUS
2314266,2022-09-28,VUS,2022-09-28,VUS
2316753,2022-10-04,VUS,2022-10-04,VUS
2317872,2022-10-12,VUS,2022-10-12,VUS
2322163,2022-11-03,VUS,2022-11-03,VUS
2322991,2022-11-08,VUS,2022-11-08,VUS
2323069,2022-11-08,VUS,2022-11-08,VUS
2323997,2022-11-08,VUS,2022-11-08,VUS
2325502,2022-11-10,VUS,2024-05-13,VUS
2325541,2022-11-10,VUS,2022-11-10,VUS
2326339,2022-11-17,VUS,2022-11-17,VUS
2327074,2022-11-17,VUS,2022-11-17,VUS
2327689,2022-11-18,VUS,2022-11-18,VUS
2329023,2022-11-22,VUS,2026-01-21,VUS
2330455,2022-12-01,VUS,2022-12-01,VUS
2330639,2022-12-01,VUS,2022-12-01,VUS
2331518,2022-12-01,VUS,2022-12-01,VUS
2331807,2022-12-02,VUS,2022-12-02,VUS
2332429,2022-12-05,VUS,2022-12-05,VUS
2332564,2025-05-06,VUS,2025-05-06,VUS
2333265,2022-12-06,VUS,2022-12-06,VUS
2333943,2022-12-13,VUS,2022-12-13,VUS
2334780,2022-12-14,VUS,2022-12-14,VUS
2335316,2022-12-15,VUS,2022-12-15,VUS
2335346,2024-04-01,VUS,2025-01-08,VUS
2336089,2022-12-16,VUS,2022-12-16,VUS
2336108,2022-12-16,VUS,2022-12-16,VUS
2336655,2022-12-19,VUS,2022-12-19,VUS
2337627,2022-12-19,VUS,2022-12-19,VUS
2339071,2022-12-21,VUS,2022-12-21,VUS
2340128,2022-12-28,VUS,2022-12-28,VUS
2345020,2022-12-27,VUS,2025-05-12,VUS
2346187,2021-12-21,VUS,2021-12-21,VUS
2347660,2021-10-06,VUS,2021-10-06,VUS
2355467,2022-01-10,VUS,2022-01-10,VUS
2372270,2022-08-19,VUS,2024-11-08,VUS
2374569,2025-05-29,VUS,2025-08-13,VUS
2376204,2021-09-17,VUS,2021-09-17,VUS
2378151,2022-10-05,VUS,2024-05-14,VUS
2378984,2022-01-18,VUS,2022-01-18,VUS
2379878,2023-10-03,VUS,2024-07-18,VUS
2381057,2022-11-10,LB,2022-11-10,LB
2381914,2021-10-11,VUS,2024-05-31,VUS
2382182,2024-04-22,VUS,2025-07-01,VUS
2388431,2022-06-29,VUS,2024-03-02,VUS
2389002,2021-07-09,VUS,2021-07-09,VUS
2390244,2022-08-16,VUS,2022-08-16,VUS
2396738,2022-04-28,VUS,2022-04-28,VUS
2397460,2024-02-27,VUS,2025-10-03,VUS
2399245,2023-03-24,VUS,2025-08-06,VUS
2404866,2021-12-13,VUS,2021-12-13,VUS
2404986,2022-12-15,VUS,2022-12-15,VUS
2407989,2021-08-10,VUS,2024-06-05,VUS
2410130,2022-11-08,VUS,2024-06-06,VUS
2412744,2023-01-25,LP,2023-01-25,LP
2412908,2023-01-27,VUS,2024-02-19,VUS
2413415,2023-07-17,VUS,2023-07-17,VUS
2413440,2023-10-30,VUS,2024-04-22,VUS
2414059,2022-10-05,LP,2022-10-05,LP
2414112,2024-11-25,LB,2024-11-25,LB
2414481,2026-01-26,LB,2026-01-26,LB
2414516,2024-01-04,LP,2025-11-05,LP
2414528,2022-07-30,VUS,2022-07-30,VUS
2414594,2022-05-11,VUS,2022-05-11,VUS
2414625,2022-11-01,VUS,2022-11-01,VUS
2414635,2024-10-08,VUS,2024-10-08,VUS
2414977,2024-12-05,LB,2024-12-05,LB
2414985,2022-06-18,VUS,2022-06-18,VUS
2415045,2023-08-10,LB,2023-08-10,LB
2415159,2022-02-19,VUS,2022-02-19,VUS
2415169,2022-03-28,VUS,2022-03-28,VUS
2415173,2022-09-06,LB,2022-09-06,LB
2415212,2025-03-17,LB,2025-03-17,LB
2415300,2022-03-12,VUS,2022-03-12,VUS
2415455,2022-08-05,LB,2022-08-05,LB
2415476,2024-02-13,VUS,2025-12-22,VUS
2415519,2022-03-21,VUS,2022-03-21,VUS
2415663,2022-05-29,VUS,2024-03-28,VUS
2415869,2022-01-13,VUS,2022-01-13,VUS
2416105,2024-01-22,VUS,2024-01-22,VUS
2416185,2024-05-08,VUS,2024-12-02,VUS
2416454,2022-07-09,VUS,2024-04-04,VUS
2416469,2022-10-31,VUS,2022-10-31,VUS
2416571,2022-05-03,VUS,2022-05-03,VUS
2416592,2022-02-12,VUS,2022-02-12,VUS
2416612,2022-07-12,VUS,2024-03-04,VUS
2416882,2024-02-23,LB,2024-02-23,LB
2417024,2022-07-26,VUS,2022-07-26,VUS
2417080,2024-03-07,P,2024-03-07,P
2417112,2023-12-11,LP,2023-12-11,LP
2417145,2022-06-01,P,2022-06-01,P
2417270,2022-03-26,LB,2022-03-26,LB
2417407,2022-07-08,VUS,2022-07-08,VUS
2417409,2022-04-29,VUS,2022-04-29,VUS
2417416,2022-08-20,VUS,2022-08-20,VUS
2417443,2022-08-03,LB,2022-08-03,LB
2417539,2023-11-18,VUS,2025-12-18,VUS
2417588,2022-06-08,VUS,2022-06-08,VUS
2417629,2025-08-18,LB,2025-08-18,LB
2417701,2022-11-15,VUS,2022-11-15,VUS
2417788,2024-06-08,B,2024-06-08,B
2417880,2022-08-22,VUS,2022-08-22,VUS
2417987,2022-05-19,VUS,2022-05-19,VUS
2418008,2024-09-27,LB,2024-09-27,LB
2418023,2025-02-17,VUS,2025-02-17,VUS
2418126,2022-06-27,VUS,2022-06-27,VUS
2418220,2026-01-05,VUS,2026-01-05,VUS
2418263,2022-12-21,LB,2022-12-21,LB
2418339,2022-06-22,VUS,2022-06-22,VUS
2418498,2022-08-19,VUS,2025-08-29,VUS
2418518,2022-07-29,LB,2022-07-29,LB
2418644,2023-06-27,LB,2023-06-27,LB
2418730,2022-02-03,LB,2022-02-03,LB
2418733,2024-03-04,VUS,2024-03-04,VUS
2418880,2022-08-07,VUS,2022-08-07,VUS
2418997,2025-06-09,LB,2025-06-09,LB
2419243,2022-08-12,VUS,2022-08-12,VUS
2419294,2022-04-09,LB,2022-04-09,LB
2419318,2022-07-26,LB,2022-07-26,LB
2419580,2023-12-11,VUS,2023-12-11,VUS
2419885,2022-11-22,LB,2022-11-22,LB
2420196,2022-11-15,VUS,2024-01-23,VUS
2420420,2022-07-15,VUS,2025-08-24,VUS
2420446,2022-06-01,VUS,2022-06-01,VUS
2420503,2022-07-20,VUS,2022-07-20,VUS
2420550,2022-10-05,LB,2022-10-05,LB
2420677,2024-01-22,VUS,2024-01-22,VUS
2420921,2025-03-17,LB,2025-03-17,LB
2420970,2026-01-03,LB,2026-01-03,LB
2421139,2022-03-14,VUS,2022-03-14,VUS
2421169,2022-02-05,LB,2022-02-05,LB
2421170,2025-01-30,LB,2025-01-30,LB
2421200,2022-03-18,VUS,2022-03-18,VUS
2421205,2023-10-23,P,2023-10-23,P
2421223,2025-10-29,LB,2025-10-29,LB
2421775,2022-07-19,LB,2022-07-19,LB
2421942,2022-01-11,VUS,2022-01-11,VUS
2422303,2022-06-19,VUS,2022-09-19,VUS
2422557,2022-07-11,VUS,2022-07-11,VUS
2423002,2022-08-09,VUS,2022-08-09,VUS
2423343,2022-10-13,VUS,2022-10-13,VUS
2423482,2022-10-13,VUS,2022-10-13,VUS
2423483,2022-06-16,P,2022-06-16,P
2423484,2022-04-26,P,2022-04-26,P
2423909,2022-09-29,P,2022-09-29,P
2423911,2022-01-13,VUS,2022-01-13,VUS
2424587,2022-05-09,P,2022-05-09,P
2424589,2022-08-23,VUS,2022-08-23,VUS
2425037,2022-10-13,VUS,2022-10-13,VUS
2425098,2022-10-13,VUS,2022-10-13,VUS
2425182,2022-06-22,VUS,2022-08-10,VUS
2425303,2021-12-02,VUS,2021-12-02,VUS
2425356,2022-10-20,P,2022-10-20,P
2425626,2022-03-09,P,2022-03-09,P
2425627,2021-12-08,VUS,2021-12-08,VUS
2425628,2022-08-08,VUS,2022-08-08,VUS
2425629,2022-02-09,VUS,2022-02-09,VUS
2425630,2022-03-14,VUS,2022-03-14,VUS
2425952,2022-02-06,VUS,2022-02-06,VUS
2425956,2022-07-20,VUS,2023-03-07,VUS
2426022,2022-06-18,VUS,2022-06-18,VUS
2426023,2022-09-02,VUS,2022-09-02,VUS
2426024,2022-07-12,LP,2022-07-12,LP
2426025,2022-04-12,VUS,2022-04-12,VUS
2426049,2022-03-11,VUS,2022-03-11,VUS
2426050,2022-03-28,VUS,2022-03-28,VUS
2426064,2022-06-18,P,2022-06-18,P
2426065,2023-06-23,P,2023-06-23,P
2426110,2022-08-18,P,2022-08-18,P
2426111,2022-01-24,P,2022-01-24,P
2426112,2022-03-14,P,2022-03-14,P
2426113,2022-04-24,P,2022-04-24,P
2426114,2022-04-03,P,2022-04-03,P
2426115,2023-07-17,P,2023-07-17,P
2426116,2023-09-21,P,2023-09-21,P
2426117,2022-09-05,P,2022-09-05,P
2426118,2023-09-06,P,2023-09-06,P
2426119,2022-03-11,VUS,2022-03-11,VUS
2426120,2023-07-17,LP,2023-07-17,LP
2426121,2022-02-01,P,2022-02-01,P
2426122,2022-07-06,VUS,2022-07-06,VUS
2426473,2022-02-28,VUS,2022-02-28,VUS
2426880,2022-02-17,P,2022-02-17,P
2426911,2022-07-22,P,2022-07-22,P
2426912,2023-07-07,P,2023-07-07,P
2426913,2023-08-04,P,2023-08-04,P
2426914,2022-07-29,LP,2022-07-29,LP
2426915,2022-06-03,VUS,2022-06-03,VUS
2426916,2022-04-09,P,2022-04-09,P
2426917,2023-10-03,P,2023-10-03,P
2426918,2022-03-29,VUS,2022-03-29,VUS
2427184,2022-08-07,VUS,2022-08-07,VUS
2427428,2022-06-13,P,2022-06-13,P
2427439,2022-03-20,P,2022-03-20,P
2427440,2022-06-14,P,2022-06-14,P
2427441,2022-10-05,P,2022-10-05,P
2427442,2022-03-01,VUS,2022-03-01,VUS
2427443,2022-06-05,P,2022-06-05,P
2427542,2022-03-06,VUS,2022-03-06,VUS
2427727,2022-09-19,VUS,2022-09-19,VUS
2427861,2024-11-27,LB,2024-11-27,LB
2428003,2022-10-05,VUS,2025-07-04,VUS
2428065,2023-08-10,LB,2023-08-10,LB
2428133,2023-12-06,VUS,2023-12-06,VUS
2428139,2022-02-08,LB,2022-02-08,LB
2428394,2023-11-28,VUS,2025-08-27,VUS
2428419,2023-09-23,LB,2023-09-23,LB
2428477,2022-05-01,VUS,2022-05-01,VUS
2428821,2022-08-03,VUS,2022-08-03,VUS
2429222,2023-01-31,LP,2023-01-31,LP
2429287,2022-08-03,LP,2025-06-30,LP
2429313,2023-01-18,LP,2023-01-18,LP
2430612,2022-01-01,VUS,2025-08-24,VUS
2430833,2021-11-29,VUS,2022-08-16,VUS
2430844,2023-02-14,VUS,2023-02-14,VUS
2431201,2022-01-01,P,2025-10-21,P
2431213,2022-01-01,P,2022-01-01,P
2431214,2022-01-01,P,2024-04-19,P
2431221,2022-01-01,P,2022-01-01,P
2431230,2022-01-01,LP,2024-01-31,LP
2432859,2021-11-22,VUS,2021-11-22,VUS
2432991,2022-12-17,LP,2022-12-17,LP
2434174,2021-12-22,LP,2021-12-22,LP
2434415,2021-10-04,VUS,2021-10-04,VUS
2434416,2020-04-15,VUS,2020-04-15,VUS
2434417,2022-03-10,VUS,2022-03-10,VUS
2437118,2020-09-17,VUS,2020-09-17,VUS
2438684,2022-12-16,VUS,2022-12-16,VUS
2439004,2023-12-20,LP,2023-12-20,LP
2439017,2022-01-04,LP,2022-01-04,LP
2439906,2020-04-17,VUS,2020-04-17,VUS
2439908,2020-07-31,VUS,2024-05-20,VUS
2439909,2020-03-19,VUS,2023-05-05,VUS
2439911,2021-09-16,VUS,2021-09-16,VUS
2439912,2021-11-19,VUS,2021-11-19,VUS
2441666,2021-01-06,VUS,2021-01-06,VUS
2442071,2022-03-30,VUS,2022-03-30,VUS
2442173,2021-01-06,VUS,2021-01-06,VUS
2442694,2022-03-09,LB,2022-03-09,LB
2443179,2022-08-12,VUS,2022-08-12,VUS
2443187,2022-11-21,VUS,2022-11-21,VUS
2444262,2023-02-23,P,2023-02-23,P
2444315,2023-02-23,VUS,2023-02-23,VUS
2444833,2022-09-19,VUS,2024-04-15,VUS
2445929,2023-02-20,LP,2023-02-20,LP
2445933,2023-02-20,LP,2023-02-20,LP
2445937,2022-04-08,LP,2023-02-21,LP
2446563,2022-10-03,VUS,2024-01-10,VUS
2446820,2020-03-31,P,2020-03-31,P
2463453,2023-01-23,VUS,2023-01-23,VUS
2465006,2023-02-23,VUS,2023-02-23,VUS
2470450,2023-03-07,VUS,2024-03-08,VUS
2473098,2023-02-27,VUS,2025-06-10,VUS
2477130,2023-01-23,VUS,2025-06-29,VUS
2477358,2023-01-23,LB,2023-01-23,LB
2477381,2023-01-23,VUS,2023-01-23,VUS
2477964,2023-01-23,VUS,2023-03-31,VUS
2478110,2025-12-02,VUS,2025-12-02,VUS
2479769,2023-01-26,VUS,2023-01-26,VUS
2479956,2023-01-31,VUS,2023-01-31,VUS
2480018,2025-06-12,VUS,2025-06-12,VUS
2482176,2023-02-07,VUS,2024-04-12,VUS
2483870,2023-02-14,VUS,2023-02-14,VUS
2484836,2023-02-15,VUS,2023-02-15,VUS
2484999,2023-02-15,VUS,2023-02-15,VUS
2485515,2023-02-16,VUS,2023-02-16,VUS
2488443,2023-02-23,VUS,2023-02-23,VUS
2488594,2025-02-27,VUS,2025-11-19,VUS
2490544,2023-02-28,VUS,2023-02-28,VUS
2490926,2023-02-28,VUS,2023-02-28,VUS
2491518,2025-08-14,VUS,2025-08-14,VUS
2491770,2023-02-28,VUS,2023-02-28,VUS
2491808,2023-03-01,VUS,2023-03-01,VUS
2492175,2023-03-01,VUS,2023-03-01,VUS
2492216,2023-03-01,VUS,2023-03-01,VUS
2493129,2023-03-02,VUS,2023-03-02,VUS
2493149,2023-03-02,VUS,2023-03-02,VUS
2495099,2023-03-07,VUS,2023-03-07,VUS
2498047,2022-10-06,VUS,2022-10-06,VUS
2498123,2021-07-07,P,2021-07-07,P
2498124,2021-07-07,P,2021-07-07,P
2498129,2021-06-17,LP,2021-06-17,LP
2498130,2021-06-18,LP,2021-06-18,LP
2498164,2023-03-23,LP,2023-03-23,LP
2498938,2023-02-01,LP,2023-02-01,LP
2498965,2023-03-01,VUS,2023-03-01,VUS
2499097,2023-01-01,VUS,2024-05-30,VUS
2499182,2023-04-11,LP,2025-07-31,LP
2499220,2022-10-14,VUS,2022-10-14,VUS
2499747,2022-10-20,VUS,2022-10-20,VUS
2499840,2021-05-20,LB,2021-05-20,LB
2499956,2023-04-17,VUS,2023-04-17,VUS
2500150,2023-06-02,VUS,2023-06-02,VUS
2500152,2023-06-02,VUS,2024-06-14,VUS
2500748,2022-03-31,LP,2022-03-31,LP
2501212,2023-03-22,LP,2023-03-22,LP
2501259,2023-03-30,LP,2024-06-14,LP
2501444,2025-12-03,VUS,2025-12-03,VUS
2501458,2022-11-02,VUS,2022-11-02,VUS
2501784,2023-05-08,LP,2023-05-08,LP
2502208,2022-03-14,VUS,2022-03-14,VUS
2502259,2022-02-11,VUS,2022-02-11,VUS
2502417,2021-11-18,P,2021-11-18,P
2503864,2023-04-14,VUS,2023-04-14,VUS
2503865,2023-04-03,VUS,2023-04-03,VUS
2504030,2023-04-05,VUS,2023-04-05,VUS
2504093,2023-04-25,VUS,2023-04-25,VUS
2504094,2023-04-25,VUS,2023-04-25,VUS
2504441,2022-12-05,VUS,2022-12-05,VUS
2505040,2022-12-06,VUS,2022-12-06,VUS
2506391,2023-06-21,LP,2023-06-21,LP
2506392,2023-06-21,VUS,2023-06-21,VUS
2506482,2022-11-25,LP,2022-11-25,LP
2506527,2023-05-26,P,2023-05-26,P
2506582,2023-06-14,VUS,2023-06-14,VUS
2508639,2023-06-13,VUS,2023-06-13,VUS
2510068,2023-06-02,VUS,2023-06-02,VUS
2510975,2022-11-22,VUS,2025-08-10,VUS
2512829,2023-05-18,VUS,2023-05-18,VUS
2513248,2023-06-06,VUS,2023-06-06,VUS
2513402,2023-06-13,VUS,2023-06-13,VUS
2513492,2023-05-23,VUS,2023-05-23,VUS
2513535,2023-03-22,VUS,2023-03-22,VUS
2515259,2023-05-03,VUS,2025-06-30,VUS
2515469,2023-06-07,VUS,2023-06-07,VUS
2515776,2025-08-09,VUS,2025-08-09,VUS
2517812,2025-09-05,VUS,2025-09-05,VUS
2518881,2023-04-20,VUS,2024-03-29,VUS
2519204,2025-05-15,VUS,2025-05-15,VUS
2519950,2023-03-17,VUS,2023-03-17,VUS
2520460,2023-05-26,VUS,2023-12-27,VUS
2521730,2023-04-28,VUS,2023-04-28,VUS
2522121,2023-06-02,VUS,2024-03-06,VUS
2523080,2023-04-25,VUS,2023-04-25,VUS
2524926,2023-03-27,VUS,2025-01-07,VUS
2527230,2023-03-20,VUS,2023-03-20,VUS
2527402,2023-03-21,VUS,2023-03-21,VUS
2530841,2024-05-15,VUS,2024-05-15,VUS
2531010,2023-03-29,VUS,2023-03-29,VUS
2531081,2024-05-09,VUS,2025-06-07,VUS
2531363,2023-03-29,VUS,2023-03-29,VUS
2531493,2023-03-29,VUS,2023-03-29,VUS
2532366,2023-04-04,VUS,2023-04-04,VUS
2533387,2023-04-05,VUS,2023-04-05,VUS
2537124,2023-04-17,VUS,2023-04-17,VUS
2537835,2023-04-18,VUS,2023-04-18,VUS
2539235,2023-04-20,VUS,2023-04-20,VUS
2540288,2023-04-25,VUS,2023-04-25,VUS
2540764,2023-04-26,VUS,2023-04-26,VUS
2540933,2023-04-26,VUS,2023-04-26,VUS
2542534,2023-05-03,VUS,2023-05-03,VUS
2544769,2023-05-05,VUS,2025-07-01,VUS
2545879,2023-05-09,VUS,2023-05-09,VUS
2547665,2023-05-17,VUS,2023-05-17,VUS
2549436,2023-05-22,VUS,2025-01-06,VUS
2549930,2023-05-23,VUS,2025-12-15,VUS
2550528,2023-05-23,VUS,2023-05-23,VUS
2553020,2023-05-30,VUS,2023-05-30,VUS
2553218,2023-05-31,VUS,2023-05-31,VUS
2554371,2023-05-31,VUS,2023-05-31,VUS
2554381,2023-05-31,VUS,2023-05-31,VUS
2555541,2025-12-03,VUS,2025-12-03,VUS
2555853,2023-06-02,VUS,2023-06-02,VUS
2556369,2023-06-05,VUS,2023-06-05,VUS
2558841,2023-06-07,VUS,2023-06-07,VUS
2570762,2023-07-01,P,2023-07-01,P
2571713,2023-10-03,VUS,2024-04-09,VUS
2571805,2023-07-05,VUS,2023-07-05,VUS
2571847,2023-01-04,VUS,2023-01-04,VUS
2571959,2024-01-16,VUS,2025-11-11,VUS
2572821,2023-01-12,VUS,2023-01-12,VUS
2572872,2023-01-13,VUS,2023-01-13,VUS
2573848,2023-01-20,P,2026-01-11,P
2574302,2023-01-31,VUS,2023-01-31,VUS
2574341,2023-01-30,VUS,2023-01-30,VUS
2574473,2023-01-27,VUS,2024-05-16,VUS
2574764,2023-02-07,VUS,2025-12-30,VUS
2574953,2023-02-06,VUS,2023-02-06,VUS
2575524,2023-08-09,VUS,2023-08-09,VUS
2575788,2023-02-08,VUS,2023-02-08,VUS
2577196,2023-11-17,VUS,2023-11-17,VUS
2577197,2023-07-21,P,2023-07-21,P
2577458,2023-03-22,P,2023-03-22,P
2577715,2023-02-23,VUS,2023-02-23,VUS
2578903,2023-07-01,P,2023-07-01,P
2579066,2023-08-01,VUS,2023-08-01,VUS
2579069,2023-07-01,LB,2025-03-10,LB
2579172,2023-08-24,P,2023-08-24,P
2579173,2023-08-24,P,2023-08-24,P
2579174,2023-08-24,P,2023-08-24,P
2579175,2023-08-24,P,2023-08-24,P
2579194,2023-08-24,P,2023-08-24,P
2579272,2023-08-24,P,2023-08-24,P
2579277,2023-08-24,P,2023-08-24,P
2579286,2023-08-24,P,2023-08-24,P
2579289,2023-08-24,P,2023-08-24,P
2579308,2023-09-09,LP,2023-09-09,LP
2579360,2023-09-05,LP,2025-07-09,LP
2579441,2023-03-08,VUS,2023-03-08,VUS
2579870,2023-03-15,VUS,2023-03-15,VUS
2580348,2023-03-07,VUS,2023-03-07,VUS
2581020,2021-05-18,P,2021-05-18,P
2581159,2023-07-03,VUS,2023-07-03,VUS
2581499,2023-08-04,LP,2023-08-04,LP
2581586,2023-08-08,VUS,2023-08-08,VUS
2581806,2023-03-27,LP,2023-03-27,LP
2582439,2023-02-01,VUS,2023-02-01,VUS
2582457,2023-01-06,VUS,2024-08-29,VUS
2582785,2023-10-03,P,2023-10-03,P
2582786,2023-10-03,P,2023-10-03,P
2592172,2023-06-16,VUS,2023-06-16,VUS
2592765,2023-08-04,VUS,2024-03-08,VUS
2598072,2023-07-19,VUS,2024-03-06,VUS
2600065,2025-08-20,VUS,2025-08-20,VUS
2602638,2023-08-20,VUS,2024-01-20,VUS
2607458,2023-06-29,LB,2023-06-29,LB
2608160,2023-06-29,VUS,2023-06-29,VUS
2608280,2021-08-11,VUS,2023-06-29,VUS
2609132,2023-06-30,VUS,2023-06-30,VUS
2609447,2021-07-30,VUS,2023-07-05,VUS
2610441,2023-07-11,VUS,2023-07-11,VUS
2612588,2023-07-19,VUS,2023-07-19,VUS
2613283,2023-07-19,VUS,2023-07-19,VUS
2614269,2023-07-25,VUS,2023-07-25,VUS
2615187,2023-08-02,VUS,2023-08-02,VUS
2615407,2023-08-02,VUS,2023-08-02,VUS
2616005,2021-11-12,VUS,2023-08-04,VUS
2616321,2023-08-04,VUS,2023-08-04,VUS
2617743,2023-08-10,VUS,2023-08-10,VUS
2619284,2023-08-15,VUS,2024-02-08,VUS
2622662,2023-09-12,VUS,2023-09-12,VUS
2623189,2023-09-13,VUS,2023-09-13,VUS
2623236,2023-09-13,VUS,2023-09-13,VUS
2623276,2023-09-13,VUS,2023-09-13,VUS
2627377,2007-01-01,P,2007-01-01,P
2628062,2023-01-01,LP,2023-01-01,LP
2628354,2023-11-10,VUS,2023-11-10,VUS
2628466,2022-10-20,VUS,2022-10-20,VUS
2628593,2023-08-17,VUS,2023-08-17,VUS
2628703,2024-01-04,VUS,2025-07-14,VUS
2628913,2022-11-09,VUS,2022-11-09,VUS
2628978,2022-11-07,VUS,2022-11-07,VUS
2629079,2023-02-16,VUS,2023-02-16,VUS
2629464,2022-11-15,VUS,2022-11-15,VUS
2630019,2023-07-26,VUS,2025-08-14,VUS
2630676,2023-08-14,VUS,2023-08-14,VUS
2630911,2023-09-01,VUS,2023-09-01,VUS
2630934,2023-08-22,VUS,2023-08-22,VUS
2630976,2023-09-15,VUS,2025-04-01,VUS
2631065,2023-09-18,LP,2023-09-18,LP
2631301,2024-08-19,LP,2024-08-19,LP
2631477,2023-07-01,VUS,2023-07-01,VUS
2631532,2024-02-19,VUS,2024-02-19,VUS
2631587,2023-07-18,VUS,2023-07-18,VUS
2631654,2023-08-01,LP,2023-08-01,LP
2631678,2023-08-17,VUS,2023-08-17,VUS
2631873,2022-11-17,VUS,2024-06-17,VUS
2631898,2023-07-31,VUS,2023-07-31,VUS
2631986,2022-12-09,VUS,2022-12-09,VUS
2632247,2023-06-15,P,2023-06-15,P
2632845,2023-07-28,VUS,2023-07-28,VUS
2633453,2023-03-28,LP,2024-02-08,LP
2633809,2023-03-23,VUS,2023-03-23,VUS
2634016,2023-09-29,LP,2023-09-29,LP
2634153,2023-07-14,VUS,2023-07-14,VUS
2634165,2023-04-28,VUS,2023-04-28,VUS
2634166,2023-02-14,VUS,2023-02-14,VUS
2634197,2024-07-08,VUS,2024-07-08,VUS
2634236,2023-05-24,VUS,2023-05-24,VUS
2634473,2023-07-14,VUS,2023-07-14,VUS
2634742,2023-10-11,VUS,2023-10-11,VUS
2634964,2024-01-15,VUS,2024-02-21,VUS
2634994,2023-03-31,LP,2023-03-31,LP
2635343,2022-11-14,VUS,2022-11-14,VUS
2635381,2023-04-16,VUS,2023-04-16,VUS
2635443,2022-11-03,VUS,2022-11-03,VUS
2635543,2023-02-21,VUS,2023-02-21,VUS
2635557,2022-12-11,VUS,2025-01-21,VUS
2635636,2024-07-10,VUS,2024-07-10,VUS
2636629,2023-03-02,VUS,2025-12-05,VUS
2636786,2023-08-09,VUS,2023-08-23,VUS
2636819,2023-01-26,VUS,2023-01-26,VUS
2636941,2022-09-15,VUS,2022-09-15,VUS
2637532,2023-10-29,VUS,2023-10-29,VUS
2638111,2022-11-01,VUS,2022-11-01,VUS
2643203,2023-08-01,LB,2023-08-01,LB
2643205,2023-04-01,LB,2023-04-01,LB
2643206,2023-06-01,LB,2023-08-01,LB
2643207,2022-10-01,VUS,2022-10-01,VUS
2643208,2022-10-01,VUS,2022-10-01,VUS
2643209,2023-02-01,LB,2023-02-01,LB
2646502,2023-09-01,VUS,2023-09-01,VUS
2646503,2022-10-01,VUS,2023-02-15,VUS
2646504,2023-07-01,VUS,2023-07-01,VUS
2647602,2022-12-01,LB,2024-09-14,LB
2651263,2022-06-01,LB,2022-06-01,LB
2651264,2023-06-01,B,2023-06-01,B
2651265,2022-12-01,LB,2022-12-01,LB
2652123,2023-11-01,P,2023-11-01,P
2652124,2023-10-01,VUS,2023-10-01,VUS
2658688,2023-06-01,LB,2023-06-01,LB
2658689,2023-10-01,VUS,2023-10-01,VUS
2658690,2023-01-01,LB,2023-01-01,LB
2658691,2022-05-01,LB,2022-05-01,LB
2659347,2023-04-01,VUS,2025-06-08,VUS
2659348,2023-04-01,VUS,2023-04-01,VUS
2662315,2023-05-17,VUS,2023-05-17,VUS
2663158,2023-05-10,VUS,2023-05-10,VUS
2663265,2023-03-31,VUS,2023-05-12,VUS
2664871,2023-12-12,P,2023-12-12,P
2671591,2023-03-16,P,2023-03-16,P
2671625,2023-06-06,P,2023-06-06,P
2676168,2023-09-28,LP,2023-09-28,LP
2676169,2023-08-16,LP,2023-08-16,LP
2676170,2023-08-05,LP,2023-08-05,LP
2676171,2023-07-22,LP,2023-07-22,LP
2676172,2023-07-18,LP,2023-07-18,LP
2676173,2023-07-13,LP,2023-07-13,LP
2676174,2023-06-24,LP,2023-06-24,LP
2676175,2023-05-02,LP,2024-05-17,LP
2676176,2023-12-26,LP,2023-12-26,LP
2676177,2023-03-29,LP,2023-03-29,LP
2676178,2023-02-17,LP,2023-02-17,LP
2676179,2023-02-15,LP,2023-02-15,LP
2676180,2023-01-28,LP,2023-01-28,LP
2676181,2022-08-01,LP,2022-08-01,LP
2676182,2021-11-10,LP,2021-11-10,LP
2677256,2024-03-01,LP,2024-03-01,LP
2677257,2023-10-05,LP,2023-10-05,LP
2677258,2023-09-28,LP,2023-09-28,LP
2677259,2024-03-18,LP,2024-03-18,LP
2677260,2023-09-06,LP,2023-09-06,LP
2677261,2023-08-29,P,2023-08-29,P
2677262,2023-08-28,P,2023-08-28,P
2677263,2023-08-22,LP,2023-08-22,LP
2677265,2023-06-20,LP,2023-06-20,LP
2677266,2023-06-13,LP,2023-06-13,LP
2677268,2023-05-09,LP,2023-05-09,LP
2677269,2023-04-18,LP,2023-04-18,LP
2677271,2023-03-21,LP,2023-03-21,LP
2677272,2023-03-06,LP,2023-03-06,LP
2677273,2023-02-02,LP,2023-02-02,LP
2677274,2023-01-03,LP,2024-02-23,LP
2677275,2022-12-04,LP,2022-12-04,LP
2677276,2022-10-24,LP,2022-10-24,LP
2677277,2022-09-28,LP,2022-09-28,LP
2677278,2022-09-27,LP,2022-09-27,LP
2677280,2022-07-06,LP,2023-06-16,LP
2677281,2022-06-07,LP,2022-06-07,LP
2677282,2022-05-18,LP,2022-05-18,LP
2677283,2022-05-17,LP,2022-05-17,LP
2677284,2022-02-20,LP,2022-02-20,LP
2677285,2022-01-12,LP,2022-01-12,LP
2680568,2023-10-29,LP,2024-03-11,LP
2680569,2023-10-28,LP,2023-10-28,LP
2680571,2023-10-25,LP,2023-10-25,LP
2680572,2023-10-25,LP,2023-10-25,LP
2680574,2023-10-05,LP,2023-10-05,LP
2680575,2024-01-24,LP,2024-01-24,LP
2680576,2012-01-01,P,2024-01-21,P
2680577,2023-10-02,LP,2023-10-02,LP
2680579,2023-09-28,LP,2023-09-28,LP
2680581,2023-12-05,LP,2023-12-05,LP
2680582,2023-09-22,LP,2024-05-23,LP
2680583,2023-09-13,LP,2023-09-13,LP
2680584,2023-09-10,LP,2024-05-15,LP
2680586,2023-08-28,LP,2023-08-28,LP
2680587,2023-08-25,LP,2023-08-25,LP
2680588,2023-08-25,LP,2023-08-25,LP
2680589,2023-08-23,LP,2023-08-23,LP
2680590,2023-08-22,LP,2023-08-22,LP
2680591,2023-08-19,LP,2023-08-19,LP
2680593,2023-08-05,LP,2023-08-05,LP
2680594,2023-08-02,P,2025-12-15,P
2680595,2023-08-01,LP,2023-08-01,LP
2680598,2023-07-22,LP,2023-07-22,LP
2680599,2023-07-21,LP,2023-07-21,LP
2680602,2023-07-18,P,2025-09-22,P
2680603,2023-07-06,LP,2023-07-06,LP
2680604,2023-07-04,LP,2023-07-04,LP
2680605,2023-07-03,LP,2024-09-04,LP
2680606,2023-06-22,LP,2023-06-22,LP
2680607,2023-06-19,LP,2023-06-19,LP
2680608,2023-06-15,LP,2023-06-15,LP
2680609,2023-06-13,P,2023-06-13,P
2680610,2023-06-07,LP,2023-06-07,LP
2680611,2023-06-01,LP,2023-06-01,LP
2680612,2023-05-28,LP,2023-05-28,LP
2680613,2023-12-26,LP,2024-01-16,LP
2680614,2023-05-23,P,2024-05-26,P
2680615,2023-05-20,P,2024-01-27,P
2680616,2023-05-17,LP,2023-05-17,LP
2680617,2023-04-23,LP,2023-04-23,LP
2680618,2023-04-17,LP,2023-04-17,LP
2680619,2023-04-12,LP,2023-04-12,LP
2680620,2023-04-06,LP,2023-04-06,LP
2680621,2023-04-04,P,2023-04-04,P
2680622,2023-03-29,LP,2025-03-31,LP
2680623,2023-03-27,LP,2023-03-27,LP
2680625,2023-03-21,P,2023-03-21,P
2680626,2023-03-18,LP,2023-03-18,LP
2680627,2023-03-14,LP,2023-03-14,LP
2680629,2023-03-06,LP,2023-03-06,LP
2680630,2023-03-04,LP,2023-03-04,LP
2680633,2023-02-15,LP,2023-02-15,LP
2680634,2023-02-12,LP,2023-02-28,LP
2680635,2023-02-07,LP,2023-02-07,LP
2680636,2023-02-01,LP,2023-02-01,LP
2680637,2023-01-19,LP,2023-01-19,LP
2680638,2023-01-18,LP,2023-01-18,LP
2680639,2023-01-15,P,2024-02-05,P
2680640,2023-01-08,LP,2024-06-22,LP
2680641,2023-01-05,LP,2023-01-05,LP
2680642,2023-01-02,LP,2023-01-02,LP
2680644,2022-11-15,LP,2025-03-03,LP
2680645,2022-11-07,LP,2022-11-07,LP
2680646,2022-10-26,LP,2022-10-26,LP
2680647,2022-10-25,LP,2022-10-25,LP
2680649,2022-08-09,LP,2022-08-09,LP
2680650,2022-07-26,LP,2022-07-26,LP
2680651,2022-07-18,LP,2022-07-18,LP
2680652,2022-06-28,LP,2022-06-28,LP
2680653,2023-12-14,LP,2025-04-03,LP
2680654,2022-04-18,P,2022-04-18,P
2680655,2022-04-03,LP,2022-04-03,LP
2680657,2022-03-30,LP,2022-03-30,LP
2680658,2022-03-30,LP,2022-03-30,LP
2680659,2022-03-16,LP,2022-03-16,LP
2680660,2022-03-11,LP,2022-03-11,LP
2680661,2022-02-15,LP,2022-02-15,LP
2680662,2022-02-09,LP,2022-02-09,LP
2680663,2022-01-02,LP,2025-08-07,LP
2680664,2021-11-25,LP,2021-11-25,LP
2680665,2021-11-22,P,2021-11-22,P
2680666,2021-11-10,LP,2021-11-10,LP
2681745,2023-12-01,P,2023-12-01,P
2681746,2023-12-01,LP,2023-12-01,LP
2681747,2023-12-01,LP,2023-12-01,LP
2681748,2023-12-01,VUS,2023-12-01,VUS
2681749,2023-12-01,P,2023-12-01,P
2681751,2023-12-01,VUS,2023-12-01,VUS
2681759,2022-04-24,P,2023-12-01,P
2681763,2023-12-01,LP,2023-12-01,LP
2681764,2023-12-01,VUS,2023-12-01,VUS
2681765,2023-12-01,P,2023-12-01,P
2681766,2023-12-01,VUS,2023-12-01,VUS
2681767,2023-12-01,VUS,2023-12-01,VUS
2681774,2023-12-01,VUS,2023-12-01,VUS
2682743,2022-05-10,VUS,2022-05-10,VUS
2682844,2023-01-12,VUS,2023-01-12,VUS
2682845,2023-02-09,VUS,2023-02-09,VUS
2683168,2023-01-30,VUS,2024-06-03,VUS
2683366,2022-11-21,VUS,2022-11-21,VUS
2683368,2023-05-26,VUS,2023-05-26,VUS
2683690,2022-02-25,VUS,2022-02-25,VUS
2683691,2023-03-08,VUS,2023-03-08,VUS
2684546,2022-12-21,P,2022-12-21,P
2684548,2022-12-02,VUS,2022-12-02,VUS
2684642,2023-06-06,P,2023-06-06,P
2684806,2022-12-16,VUS,2022-12-16,VUS
2685244,2023-02-13,P,2023-02-13,P
2685299,2022-08-18,VUS,2022-08-18,VUS
2685315,2023-04-07,P,2023-04-07,P
2685316,2023-01-04,VUS,2023-01-04,VUS
2685793,2023-03-22,VUS,2023-03-22,VUS
2685840,2023-06-06,P,2023-06-06,P
2685842,2022-10-07,VUS,2022-10-07,VUS
2685861,2023-05-11,VUS,2023-05-11,VUS
2690626,2023-05-17,LP,2023-05-17,LP
2692623,2023-06-05,LB,2023-06-05,LB
2693039,2023-11-03,LB,2023-11-03,LB
2693222,2024-01-03,LB,2024-01-03,LB
2694096,2023-11-13,LB,2023-11-13,LB
2694098,2024-04-15,LB,2024-04-15,LB
2694329,2023-11-08,LB,2023-11-08,LB
2694866,2023-11-10,LB,2023-11-10,LB
2694888,2023-11-10,LB,2023-11-10,LB
2695212,2023-12-09,LB,2023-12-09,LB
2695853,2023-11-14,LB,2023-11-14,LB
2696184,2024-01-18,LB,2024-01-18,LB
2696532,2023-11-25,LB,2023-11-25,LB
2696805,2023-11-25,LB,2023-11-25,LB
2697045,2023-12-14,P,2023-12-14,P
2697610,2023-11-20,LB,2023-11-20,LB
2697781,2023-11-20,LP,2023-11-20,LP
2698003,2023-12-07,LB,2023-12-07,LB
2698582,2023-10-31,LB,2023-10-31,LB
2698612,2025-11-19,LB,2025-11-19,LB
2699425,2025-05-12,LB,2025-05-12,LB
2699797,2024-02-09,LB,2024-02-09,LB
2699798,2024-02-09,LB,2024-02-09,LB
2699800,2024-02-09,LB,2024-02-09,LB
2700394,2023-12-02,LB,2023-12-02,LB
2700569,2023-12-06,LB,2023-12-06,LB
2700891,2023-12-04,LB,2023-12-04,LB
2701098,2023-12-05,LB,2023-12-05,LB
2701479,2023-12-09,LB,2023-12-09,LB
2701650,2025-03-17,LB,2025-03-17,LB
2702748,2024-01-12,LB,2024-01-12,LB
2703211,2023-12-14,LB,2023-12-14,LB
2703224,2023-12-14,LB,2023-12-14,LB
2703383,2023-12-15,LP,2023-12-15,LP
2703929,2023-12-18,LB,2023-12-18,LB
2704202,2023-12-19,LB,2023-12-19,LB
2704222,2023-12-19,LB,2023-12-19,LB
2704283,2023-12-09,LB,2023-12-09,LB
2704475,2023-12-20,LB,2023-12-20,LB
2705204,2023-08-17,LB,2023-08-17,LB
2705704,2023-12-26,LB,2023-12-26,LB
2705937,2023-12-27,LB,2023-12-27,LB
2706059,2023-12-28,LB,2023-12-28,LB
2706184,2023-12-28,LB,2023-12-28,LB
2706602,2023-12-30,LB,2023-12-30,LB
2707162,2024-01-21,LB,2024-01-21,LB
2707376,2024-03-21,P,2024-03-21,P
2707816,2024-01-05,LB,2024-01-05,LB
2708168,2024-01-07,LB,2024-01-07,LB
2708528,2024-01-09,P,2024-01-09,P
2708555,2024-01-09,LB,2024-01-09,LB
2708919,2023-02-06,LB,2023-02-06,LB
2708980,2024-01-11,LB,2024-01-11,LB
2709679,2024-01-16,VUS,2024-01-16,VUS
2709888,2024-01-17,LB,2024-01-17,LB
2710885,2025-03-07,LB,2025-03-07,LB
2711096,2023-06-10,LP,2023-06-10,LP
2711490,2025-12-13,LB,2025-12-13,LB
2711977,2023-05-05,LB,2023-05-05,LB
2712101,2023-11-19,B,2023-11-19,B
2712194,2025-01-27,LB,2025-01-27,LB
2712418,2023-11-10,LB,2023-11-10,LB
2712537,2023-12-14,LB,2023-12-14,LB
2712571,2023-07-31,LB,2023-07-31,LB
2712588,2023-06-12,P,2023-06-12,P
2713262,2019-05-02,LB,2024-01-04,LB
2713483,2024-02-03,LB,2024-02-03,LB
2713575,2025-10-16,LB,2025-10-16,LB
2713666,2025-06-12,LB,2025-06-12,LB
2713717,2024-10-24,P,2024-10-24,P
2714027,2024-01-29,LB,2024-01-29,LB
2714060,2023-06-16,LB,2023-06-16,LB
2714200,2022-12-20,LB,2022-12-20,LB
2715240,2024-06-19,LB,2024-06-19,LB
2715297,2024-05-10,B,2024-05-10,B
2715517,2023-06-15,LB,2023-06-15,LB
2716019,2023-10-18,LB,2023-10-18,LB
2716410,2023-08-10,LB,2023-08-10,LB
2716543,2025-08-20,LB,2025-08-20,LB
2716580,2025-03-17,LB,2025-03-17,LB
2716690,2023-10-24,LB,2023-10-24,LB
2716723,2024-03-03,LB,2024-03-03,LB
2717565,2025-12-16,LB,2025-12-16,LB
2717808,2025-06-03,LB,2025-06-03,LB
2717809,2025-06-03,LB,2025-06-03,LB
2717814,2025-10-16,LB,2025-10-16,LB
2717908,2023-10-16,LB,2023-10-16,LB
2718064,2026-01-24,LB,2026-01-24,LB
2718728,2022-11-28,LB,2022-11-28,LB
2719132,2025-10-01,LB,2025-10-01,LB
2719359,2023-10-18,LB,2023-12-14,LB
2720460,2024-01-04,VUS,2024-01-04,VUS
2720704,2023-08-29,LB,2023-08-29,LB
2720966,2024-03-12,LB,2024-03-12,LB
2721289,2023-01-22,LB,2023-01-22,LB
2721466,2023-10-11,LB,2023-10-11,LB
2721490,2023-06-21,LB,2023-06-21,LB
2721655,2019-10-28,LB,2025-11-15,LB
2721669,2025-01-15,LB,2025-01-15,LB
2721880,2025-01-23,LB,2025-01-23,LB
2722198,2026-01-04,LP,2026-01-04,LP
2722353,2024-07-23,LB,2024-07-23,LB
2722371,2023-08-10,LB,2023-08-10,LB
2722565,2023-10-27,LB,2023-10-27,LB
2722601,2023-06-13,VUS,2024-04-10,VUS
2723249,2024-08-05,VUS,2024-08-05,VUS
2723359,2023-09-24,LB,2023-09-24,LB
2723547,2023-07-03,LB,2023-07-03,LB
2723564,2026-02-01,LB,2026-02-01,LB
2723953,2023-06-22,LB,2023-06-22,LB
2724019,2024-08-14,LB,2024-08-14,LB
2724040,2023-12-16,LB,2023-12-16,LB
2724241,2025-12-03,LB,2025-12-03,LB
2724488,2024-01-29,LB,2024-01-29,LB
2724921,2023-09-22,LB,2023-09-22,LB
2724981,2023-08-17,P,2023-08-17,P
2725347,2023-08-06,P,2023-08-06,P
2725953,2023-07-12,LB,2023-07-12,LB
2726298,2023-11-27,LB,2023-11-27,LB
2727008,2023-11-27,LB,2023-11-27,LB
2727138,2023-05-27,LP,2023-05-27,LP
2727431,2023-10-07,LB,2023-10-07,LB
2727496,2023-07-12,LB,2023-07-12,LB
2727703,2023-10-17,LB,2023-10-17,LB
2727712,2023-06-24,LP,2023-06-24,LP
2727901,2024-01-31,LB,2024-01-31,LB
2728473,2023-11-13,VUS,2023-11-13,VUS
2728474,2023-11-13,VUS,2023-11-13,VUS
2728753,2025-04-12,LB,2025-04-12,LB
2728846,2023-10-15,VUS,2023-10-15,VUS
2729180,2024-01-24,LB,2024-01-24,LB
2729467,2023-03-22,LB,2024-09-04,LB
2729599,2023-02-21,LB,2023-02-21,LB
2729692,2024-06-03,LP,2025-09-22,LP
2729800,2023-02-04,LB,2023-02-04,LB
2730060,2023-06-27,LB,2023-06-27,LB
2730078,2023-08-31,LB,2023-08-31,LB
2730088,2023-04-08,LB,2023-04-08,LB
2730871,2023-09-20,LB,2023-09-20,LB
2731010,2023-07-14,LB,2023-07-14,LB
2731036,2024-07-29,LB,2024-07-29,LB
2732036,2023-06-28,LB,2023-06-28,LB
2732090,2024-01-17,LB,2024-01-17,LB
2732167,2025-01-29,VUS,2025-01-29,VUS
2732303,2023-09-29,LB,2023-09-29,LB
2732654,2025-12-02,LB,2025-12-02,LB
2733095,2023-04-18,VUS,2023-04-18,VUS
2733248,2026-01-24,LB,2026-01-24,LB
2733325,2023-12-17,LB,2023-12-17,LB
2733347,2022-12-04,LB,2022-12-04,LB
2733441,2023-06-29,LB,2023-06-29,LB
2733771,2023-12-28,LB,2023-12-28,LB
2733821,2023-10-06,LP,2023-10-06,LP
2734116,2023-07-25,LB,2023-07-25,LB
2734257,2023-06-19,P,2024-05-06,P
2734849,2025-12-31,LB,2025-12-31,LB
2734857,2023-07-03,LB,2023-07-03,LB
2735918,2023-10-17,LB,2023-10-17,LB
2736754,2023-07-07,LB,2023-07-07,LB
2738160,2023-09-25,LB,2023-09-25,LB
2738314,2023-01-19,LB,2023-01-19,LB
2738464,2023-07-08,LB,2023-07-08,LB
2738488,2024-12-30,LB,2024-12-30,LB
2738521,2023-08-30,LB,2023-08-30,LB
2738522,2022-10-27,LB,2022-10-27,LB
2738526,2022-11-11,LB,2022-11-11,LB
2738537,2023-11-20,B,2023-11-20,B
2739085,2023-06-07,LB,2023-06-07,LB
2739186,2023-11-20,LP,2023-11-20,LP
2739321,2022-12-26,LB,2022-12-26,LB
2739859,2023-04-25,LB,2023-04-25,LB
2739860,2023-04-25,LB,2023-04-25,LB
2740105,2024-10-23,VUS,2025-07-01,VUS
2740372,2023-07-10,LB,2023-07-10,LB
2740530,2023-09-06,LB,2023-09-06,LB
2740919,2023-07-10,P,2023-07-10,P
2740922,2023-07-10,P,2023-07-10,P
2741174,2024-10-15,P,2024-10-15,P
2741348,2025-02-10,LB,2025-02-10,LB
2741389,2022-06-06,LB,2023-08-27,LB
2741418,2025-09-09,LB,2025-09-09,LB
2741811,2023-04-21,LB,2023-04-21,LB
2741967,2023-01-05,LB,2023-01-05,LB
2741995,2023-05-15,LB,2023-05-15,LB
2742483,2024-09-30,VUS,2024-09-30,VUS
2742780,2023-07-12,P,2023-07-12,P
2742789,2023-07-12,P,2023-07-12,P
2743163,2023-07-13,P,2023-07-13,P
2743492,2023-07-15,LB,2023-07-15,LB
2743560,2023-10-08,P,2023-10-08,P
2743691,2023-07-16,LB,2023-07-16,LB
2744962,2023-07-19,P,2023-07-19,P
2745213,2023-07-19,LB,2023-07-19,LB
2745373,2024-03-01,VUS,2024-03-01,VUS
2745411,2025-09-28,LB,2025-09-28,LB
2745488,2025-03-31,LB,2025-03-31,LB
2745597,2023-09-21,LB,2023-09-21,LB
2745648,2023-06-14,LB,2023-06-14,LB
2745697,2023-11-14,P,2023-11-14,P
2745698,2023-12-10,LP,2023-12-10,LP
2745849,2025-01-27,VUS,2025-01-27,VUS
2746232,2023-07-25,P,2023-07-25,P
2746681,2023-07-25,LB,2023-07-25,LB
2747118,2023-07-26,LB,2023-07-26,LB
2747409,2023-07-27,LP,2023-07-27,LP
2747699,2023-07-28,LB,2023-07-28,LB
2747972,2023-07-28,LB,2023-07-28,LB
2748082,2023-07-29,LB,2023-07-29,LB
2748194,2023-07-29,LB,2023-07-29,LB
2748709,2023-07-31,LB,2023-07-31,LB
2749322,2023-08-02,LB,2023-08-02,LB
2751353,2023-08-09,P,2023-08-09,P
2751504,2023-09-27,B,2023-09-27,B
2751520,2023-08-10,LB,2023-08-10,LB
2751611,2023-08-10,LB,2023-08-10,LB
2751913,2023-08-11,LP,2023-08-11,LP
2752090,2019-07-22,LB,2022-10-19,LB
2752564,2025-07-21,LB,2025-07-21,LB
2752975,2023-12-19,LB,2023-12-19,LB
2753307,2026-01-12,LB,2026-01-12,LB
2753357,2023-12-04,LB,2023-12-04,LB
2754489,2023-11-03,LB,2023-11-03,LB
2754576,2023-08-23,LB,2023-08-23,LB
2754654,2023-08-31,P,2023-08-31,P
2754707,2023-08-23,LB,2023-08-23,LB
2755192,2026-01-13,LB,2026-01-13,LB
2755600,2025-03-17,LB,2025-03-17,LB
2755666,2024-05-23,LB,2024-05-23,LB
2756231,2023-08-29,LB,2023-08-29,LB
2756343,2023-09-30,LB,2023-09-30,LB
2756621,2023-09-08,P,2023-09-08,P
2756737,2023-08-30,LB,2023-08-30,LB
2757076,2024-02-03,LB,2024-02-03,LB
2757390,2023-09-03,LB,2023-09-03,LB
2757465,2023-09-03,LB,2023-09-03,LB
2757488,2023-09-03,LB,2023-09-03,LB
2757511,2025-01-17,LB,2025-01-17,LB
2758624,2023-10-04,LB,2023-10-04,LB
2758932,2023-09-08,LB,2023-09-08,LB
2759006,2023-05-23,VUS,2023-05-23,VUS
2759166,2023-09-08,LB,2023-09-08,LB
2759393,2023-11-29,LB,2023-11-29,LB
2759922,2022-12-15,LB,2022-12-15,LB
2760352,2023-06-15,LP,2024-04-15,LP
2760428,2023-09-12,P,2023-09-12,P
2760484,2023-12-07,LB,2023-12-07,LB
2760525,2025-10-13,LB,2025-10-13,LB
2760712,2023-06-03,P,2023-06-03,P
2761979,2026-01-31,B,2026-01-31,B
2762296,2023-09-21,LB,2023-09-21,LB
2762396,2023-10-11,VUS,2023-10-11,VUS
2762521,2023-09-22,LB,2023-09-22,LB
2762594,2023-09-22,LB,2023-09-22,LB
2762694,2023-09-22,P,2023-09-22,P
2762841,2024-04-25,P,2024-04-25,P
2763018,2025-04-17,LB,2025-04-17,LB
2763075,2023-09-26,LB,2023-09-26,LB
2763764,2023-09-27,LB,2023-09-27,LB
2763947,2024-02-29,P,2024-02-29,P
2763952,2023-09-27,LB,2023-09-27,LB
2764030,2023-09-28,LB,2023-09-28,LB
2764590,2023-09-30,LB,2023-09-30,LB
2764941,2023-10-24,LB,2023-10-24,LB
2765470,2023-10-04,LB,2023-10-04,LB
2765632,2023-10-04,LB,2023-10-04,LB
2765701,2022-12-23,LB,2022-12-23,LB
2765722,2023-10-05,VUS,2023-10-05,VUS
2766080,2023-02-07,LP,2023-02-07,LP
2766135,2023-10-05,VUS,2023-10-05,VUS
2766991,2023-10-08,LB,2023-10-08,LB
2767413,2023-10-10,LB,2023-10-10,LB
2767826,2023-10-12,LB,2023-10-12,LB
2767832,2024-01-04,P,2024-01-04,P
2768120,2024-04-13,LB,2024-04-13,LB
2769155,2023-10-16,LB,2023-10-16,LB
2769203,2023-10-16,LB,2023-10-16,LB
2769489,2023-11-14,VUS,2023-11-14,VUS
2769507,2025-09-21,LB,2025-09-21,LB
2769866,2023-10-22,LB,2023-10-22,LB
2770297,2023-10-20,B,2023-10-20,B
2771598,2023-11-02,LB,2023-11-02,LB
2771944,2025-03-13,B,2025-03-13,B
2772012,2023-10-27,LB,2023-10-27,LB
2772146,2025-07-28,LB,2025-07-28,LB
2772261,2023-10-28,LB,2023-10-28,LB
2772357,2023-01-26,LB,2023-01-26,LB
2772534,2023-10-29,LB,2023-10-29,LB
2772685,2023-10-29,LB,2023-10-29,LB
2772733,2023-11-13,LB,2023-11-13,LB
2772742,2023-10-29,LB,2023-10-29,LB
2772998,2023-04-06,LB,2023-04-06,LB
2773025,2023-10-30,P,2023-10-30,P
2773085,2023-10-31,P,2023-10-31,P
2775850,2023-03-21,LB,2023-03-21,LB
2776583,2023-06-07,LB,2023-06-07,LB
2777219,2023-08-07,LB,2023-08-07,LB
2777485,2023-04-25,P,2023-04-25,P
2777566,2023-02-26,LB,2023-02-26,LB
2777753,2023-05-19,LB,2023-05-19,LB
2778010,2023-04-30,LB,2023-04-30,LB
2778640,2025-12-28,LB,2025-12-28,LB
2778766,2023-12-01,LB,2023-12-01,LB
2779386,2023-06-09,P,2024-06-22,P
2780604,2023-04-12,LB,2023-04-12,LB
2780875,2024-02-22,LB,2024-02-22,LB
2781285,2023-05-03,LB,2023-05-03,LB
2781390,2023-12-14,LB,2023-12-14,LB
2781514,2023-09-01,LB,2023-09-01,LB
2782571,2023-11-17,LB,2023-11-17,LB
2783456,2023-05-19,LB,2023-05-19,LB
2783515,2024-03-23,LB,2024-03-23,LB
2783650,2024-03-05,LP,2025-05-14,LP
2786938,2022-12-20,LB,2022-12-20,LB
2788352,2023-03-01,LB,2023-03-01,LB
2789819,2021-04-21,LB,2023-10-23,LB
2790023,2023-09-06,LB,2023-09-06,LB
2790543,2023-10-03,LB,2023-10-03,LB
2791387,2023-09-01,LB,2023-09-01,LB
2792500,2023-03-24,LB,2023-03-24,LB
2793565,2023-12-13,LB,2023-12-13,LB
2793752,2024-01-22,LB,2024-01-22,LB
2793999,2023-05-03,LB,2023-05-03,LB
2794557,2023-02-16,LB,2023-02-16,LB
2794573,2023-01-03,LB,2023-01-03,LB
2795685,2024-01-16,LB,2024-01-16,LB
2795756,2023-05-17,LB,2023-05-17,LB
2795867,2023-07-12,LB,2023-07-12,LB
2796189,2023-03-09,LB,2023-03-09,LB
2796499,2023-04-28,LB,2023-11-20,LB
2796918,2023-01-23,LB,2023-01-23,LB
2797038,2023-07-28,LB,2023-07-28,LB
2797370,2023-06-20,P,2023-06-20,P
2797732,2022-11-12,LB,2022-11-12,LB
2797949,2023-08-01,LB,2023-08-01,LB
2799338,2023-12-19,LB,2023-12-19,LB
2799547,2023-09-01,VUS,2023-09-01,VUS
2799713,2023-03-08,LB,2023-03-08,LB
2800195,2026-01-26,LB,2026-01-26,LB
2800965,2022-12-22,LB,2022-12-22,LB
2801045,2024-04-06,LB,2024-04-06,LB
2801135,2024-08-30,LB,2024-08-30,LB
2801958,2023-09-13,LB,2023-09-13,LB
2802461,2023-08-21,LB,2023-08-21,LB
2803516,2024-01-29,LB,2024-01-29,LB
2804280,2023-04-06,LB,2023-04-06,LB
2804823,2023-03-03,LB,2023-03-03,LB
2805423,2024-01-18,VUS,2024-01-18,VUS
2805671,2025-09-28,LB,2025-09-28,LB
2806100,2023-05-13,P,2023-05-13,P
2806505,2023-10-05,LB,2023-10-05,LB
2806680,2023-07-07,LB,2023-07-07,LB
2806850,2023-07-08,LB,2023-07-08,LB
2806869,2024-08-09,LB,2024-08-09,LB
2807767,2025-09-02,VUS,2025-09-02,VUS
2807799,2024-01-18,LB,2024-01-18,LB
2807898,2023-09-04,LB,2023-09-04,LB
2808598,2025-09-13,LB,2025-09-13,LB
2809759,2022-10-26,LB,2022-10-26,LB
2809799,2023-01-12,LB,2023-01-12,LB
2810298,2023-07-10,LB,2023-07-10,LB
2810616,2023-07-20,LB,2023-07-20,LB
2810631,2023-04-27,P,2023-04-27,P
2810786,2022-10-30,LB,2022-10-30,LB
2810999,2023-09-06,P,2023-09-06,P
2811732,2025-07-13,LB,2025-07-13,LB
2811806,2025-10-08,LB,2025-10-08,LB
2811956,2022-11-04,LB,2022-11-04,LB
2812341,2022-11-06,LB,2022-11-06,LB
2812382,2022-11-06,VUS,2022-11-06,VUS
2812581,2025-11-12,LB,2025-11-12,LB
2813279,2023-11-13,P,2023-11-13,P
2813942,2023-12-30,LB,2023-12-30,LB
2814299,2022-11-14,LB,2022-11-14,LB
2815092,2024-09-09,LB,2024-09-09,LB
2815136,2023-06-30,P,2023-06-30,P
2816438,2024-01-28,LB,2024-01-28,LB
2817396,2023-10-05,LB,2023-10-05,LB
2817429,2022-12-05,LB,2022-12-05,LB
2817530,2022-11-29,LB,2022-11-29,LB
2817689,2024-05-23,P,2024-05-23,P
2818071,2025-04-17,LB,2025-04-17,LB
2818588,2025-08-24,LB,2025-08-24,LB
2819080,2023-06-09,LB,2023-06-09,LB
2819242,2023-08-04,LB,2023-08-04,LB
2819542,2023-09-12,LB,2023-09-12,LB
2819948,2022-12-10,LP,2022-12-10,LP
2820390,2022-12-12,P,2022-12-12,P
2820472,2022-12-20,LB,2022-12-20,LB
2820841,2023-09-27,LB,2023-09-27,LB
2821717,2022-12-17,P,2022-12-17,P
2822212,2022-12-19,LB,2022-12-19,LB
2822364,2023-03-11,P,2023-03-11,P
2823292,2023-02-22,P,2023-02-22,P
2823413,2023-03-11,LB,2023-03-11,LB
2823770,2022-12-24,LB,2022-12-24,LB
2824102,2023-03-03,LP,2023-03-03,LP
2824754,2022-12-29,LB,2022-12-29,LB
2825167,2024-01-29,LB,2024-01-29,LB
2825209,2023-10-28,LB,2023-10-28,LB
2825257,2023-04-23,VUS,2023-04-23,VUS
2825266,2022-12-31,LB,2022-12-31,LB
2825488,2022-12-31,LB,2022-12-31,LB
2825538,2023-01-08,LB,2023-01-08,LB
2825845,2023-01-01,LB,2023-01-01,LB
2825884,2023-02-22,LB,2023-02-22,LB
2826069,2023-01-03,LB,2023-01-03,LB
2826441,2023-04-28,LB,2023-04-28,LB
2826495,2023-01-06,P,2023-01-06,P
2826938,2023-10-19,LB,2023-10-19,LB
2827158,2023-01-08,LB,2023-01-08,LB
2827189,2023-01-09,LB,2023-01-09,LB
2827592,2024-01-29,LB,2024-01-29,LB
2828015,2023-09-17,VUS,2023-09-17,VUS
2828355,2023-01-14,LB,2023-01-14,LB
2828375,2023-01-14,LB,2023-01-14,LB
2828394,2025-09-17,LB,2025-09-17,LB
2829084,2023-08-21,LB,2023-08-21,LB
2829246,2023-04-10,LB,2023-04-10,LB
2830136,2023-01-19,LB,2023-01-19,LB
2830469,2023-01-24,LB,2023-01-24,LB
2830980,2023-01-22,LB,2023-01-22,LB
2831309,2023-01-23,LB,2023-01-23,LB
2831839,2023-01-25,P,2023-01-25,P
2832416,2024-01-06,LB,2024-01-06,LB
2832561,2023-07-16,LB,2023-07-16,LB
2833102,2023-04-14,P,2023-04-14,P
2833154,2023-01-31,LB,2023-01-31,LB
2833182,2023-02-16,LB,2023-02-16,LB
2833302,2023-05-12,LB,2023-05-12,LB
2833585,2023-02-03,LB,2023-02-03,LB
2833865,2023-02-14,B,2023-02-14,B
2833912,2023-09-29,LB,2023-09-29,LB
2834720,2023-02-05,LB,2023-02-05,LB
2834735,2023-02-05,LB,2023-02-05,LB
2835233,2023-02-07,P,2023-02-07,P
2835485,2025-10-02,LB,2025-10-02,LB
2835524,2023-02-22,LB,2023-02-22,LB
2836046,2023-12-21,LB,2023-12-21,LB
2836086,2023-02-10,LB,2023-02-10,LB
2837419,2023-06-09,VUS,2023-06-09,VUS
2837679,2023-02-15,LB,2023-02-15,LB
2837751,2023-02-16,LB,2023-02-16,LB
2837799,2023-02-16,LB,2023-02-16,LB
2837912,2023-03-02,LB,2023-03-02,LB
2838186,2023-02-16,P,2023-02-16,P
2838264,2024-10-16,LB,2024-10-16,LB
2838354,2023-03-10,LB,2023-03-10,LB
2838799,2023-06-23,LB,2023-06-23,LB
2838858,2023-12-18,LB,2023-12-18,LB
2839191,2023-10-17,VUS,2023-10-17,VUS
2839513,2023-02-21,LB,2023-02-21,LB
2839693,2024-12-16,LB,2024-12-16,LB
2839969,2023-02-22,LB,2023-02-22,LB
2840083,2023-12-30,LB,2023-12-30,LB
2840465,2023-02-24,LB,2023-02-24,LB
2840914,2023-02-26,LB,2023-02-26,LB
2840973,2023-02-26,LB,2023-02-26,LB
2841043,2023-02-26,LP,2024-03-18,LP
2841224,2023-07-07,LB,2023-07-07,LB
2841552,2023-03-07,LB,2023-03-07,LB
2842407,2025-11-18,P,2025-11-18,P
2842500,2023-03-03,LB,2023-03-03,LB
2842716,2023-03-04,LB,2023-03-04,LB
2842797,2023-03-04,LB,2023-03-04,LB
2843314,2023-12-10,LB,2023-12-10,LB
2843810,2023-03-08,LB,2023-03-08,LB
2844007,2023-03-08,LB,2023-03-08,LB
2844103,2023-12-27,VUS,2023-12-27,VUS
2844210,2023-09-28,LB,2023-09-28,LB
2844305,2023-03-08,LB,2023-03-08,LB
2844310,2024-01-31,LB,2024-01-31,LB
2845283,2023-03-12,LB,2023-03-12,LB
2845914,2023-03-15,LB,2023-03-15,LB
2846024,2023-03-15,LB,2023-03-15,LB
2846236,2023-03-16,LB,2023-03-16,LB
2846449,2023-03-17,P,2023-03-17,P
2846950,2023-07-26,LB,2023-07-26,LB
2847121,2023-03-18,VUS,2023-03-18,VUS
2848044,2023-03-21,LB,2023-03-21,LB
2848136,2023-03-21,LB,2023-03-21,LB
2849184,2023-03-24,LB,2023-03-24,LB
2849505,2023-08-07,LB,2023-08-07,LB
2849811,2023-03-26,VUS,2023-03-26,VUS
2850165,2023-03-27,LB,2023-03-27,LB
2850323,2023-03-27,LB,2023-03-27,LB
2852360,2023-06-03,LB,2023-06-03,LB
2852365,2023-04-06,LB,2023-04-06,LB
2852503,2024-10-29,LB,2024-10-29,LB
2852579,2023-04-15,LB,2023-04-15,LB
2852696,2023-04-06,LB,2023-04-06,LB
2852719,2023-06-16,P,2023-06-16,P
2853247,2023-04-07,LB,2023-04-07,LB
2853764,2023-04-09,LB,2023-04-09,LB
2853859,2025-12-14,LB,2025-12-14,LB
2853861,2023-05-16,LB,2023-05-16,LB
2854055,2023-04-09,LB,2023-04-09,LB
2854321,2023-10-12,LB,2023-10-12,LB
2854473,2023-04-17,LB,2023-04-17,LB
2854673,2023-04-10,LP,2023-04-10,LP
2855850,2023-04-13,LB,2023-04-13,LB
2856190,2023-07-10,LB,2023-07-10,LB
2856191,2023-07-10,LB,2023-07-10,LB
2857360,2023-04-18,P,2023-04-18,P
2857975,2023-06-24,LB,2023-06-24,LB
2858130,2023-03-07,LB,2023-03-07,LB
2859400,2023-04-26,LB,2023-04-26,LB
2859518,2023-04-26,LB,2023-04-26,LB
2860184,2023-04-28,LB,2023-04-28,LB
2860206,2023-04-28,LB,2023-04-28,LB
2860383,2023-12-25,LB,2023-12-25,LB
2860595,2023-04-29,LB,2023-04-29,LB
2861138,2023-05-01,LB,2023-05-01,LB
2862567,2023-07-09,VUS,2024-04-19,VUS
2862673,2023-08-29,LB,2023-08-29,LB
2863084,2023-05-11,LB,2023-05-11,LB
2863091,2023-05-11,LB,2023-05-11,LB
2863132,2023-05-10,LB,2023-05-10,LB
2863158,2023-12-19,LB,2023-12-19,LB
2863627,2023-12-13,P,2023-12-13,P
2864037,2024-02-08,LB,2024-02-08,LB
2864163,2024-01-10,LB,2024-01-10,LB
2864240,2023-05-14,LB,2023-05-14,LB
2864496,2023-11-27,LB,2023-11-27,LB
2864536,2023-04-24,LB,2023-04-24,LB
2864682,2023-10-29,LB,2023-10-29,LB
2866331,2023-06-14,LB,2023-06-14,LB
2866440,2023-09-06,LB,2023-09-06,LB
2866854,2023-06-03,P,2023-06-03,P
2866915,2023-05-24,LB,2023-05-24,LB
2866917,2023-07-13,LB,2023-07-13,LB
2867555,2026-01-23,LB,2026-01-23,LB
2869548,2023-08-29,LB,2023-08-29,LB
2869702,2024-02-08,LB,2024-02-08,LB
2870060,2023-11-13,LP,2023-11-13,LP
2870182,2024-11-18,LB,2024-11-18,LB
2870270,2023-07-07,LB,2023-07-07,LB
2871729,2025-03-12,LB,2025-03-12,LB
2872340,2023-10-22,LB,2023-10-22,LB
2872636,2022-12-03,LB,2022-12-03,LB
2872916,2023-10-22,LB,2023-10-22,LB
2873955,2023-06-23,LB,2023-06-23,LB
2874309,2024-01-30,LB,2024-01-30,LB
2874866,2023-04-19,LB,2023-04-19,LB
2875456,2025-08-15,LB,2025-08-15,LB
2877650,2023-12-02,LB,2023-12-02,LB
2877838,2024-02-07,LB,2024-02-07,LB
2877883,2024-03-16,LB,2024-03-16,LB
2877982,2023-11-07,LB,2023-11-07,LB
2879708,2023-11-19,LB,2023-11-19,LB
2879858,2024-09-30,VUS,2024-09-30,VUS
2880592,2023-10-27,LB,2023-10-27,LB
2880638,2024-10-23,LB,2024-10-23,LB
2881274,2022-10-09,P,2022-10-09,P
2882036,2022-12-18,LB,2022-12-18,LB
2882235,2024-01-31,LB,2024-01-31,LB
2882389,2024-02-08,LB,2024-02-08,LB
2882518,2022-12-29,P,2022-12-29,P
2882732,2024-06-03,LB,2024-06-03,LB
2883037,2023-11-20,LB,2023-11-20,LB
2883103,2023-11-24,LB,2023-11-24,LB
2883182,2023-08-04,LB,2023-08-04,LB
2883386,2024-12-04,P,2024-12-04,P
2883526,2023-10-09,LB,2024-08-13,LB
2883880,2024-12-20,LB,2024-12-20,LB
2884181,2023-07-31,LB,2023-07-31,LB
2884609,2023-01-16,LB,2023-01-16,LB
2884878,2023-12-20,LB,2023-12-20,LB
2885077,2024-05-24,VUS,2024-11-14,VUS
2885343,2023-09-09,LB,2023-09-09,LB
2885520,2023-05-22,LB,2023-05-22,LB
2885568,2023-10-07,LB,2023-10-07,LB
2886064,2022-11-11,LB,2022-11-11,LB
2886134,2023-12-21,P,2023-12-21,P
2886528,2024-03-23,VUS,2024-03-23,VUS
2887619,2023-03-04,LB,2023-03-04,LB
2887650,2023-03-27,LB,2023-03-27,LB
2887821,2023-08-09,LB,2023-08-09,LB
2887957,2023-07-15,LB,2023-07-15,LB
2887958,2023-07-15,LB,2023-07-15,LB
2888350,2023-07-17,VUS,2025-10-22,VUS
2888722,2023-01-25,LB,2023-01-25,LB
2888803,2023-05-05,LB,2023-05-05,LB
2889456,2025-09-03,LB,2025-09-03,LB
2889784,2023-07-29,LB,2023-07-29,LB
2889873,2024-12-23,LB,2024-12-23,LB
2890398,2022-12-31,LB,2022-12-31,LB
2890604,2023-11-30,LB,2023-11-30,LB
2890731,2023-10-15,LB,2023-10-15,LB
2890906,2022-10-30,LB,2022-10-30,LB
2891390,2023-04-29,VUS,2025-08-21,VUS
2891564,2023-11-25,LB,2023-11-25,LB
2892137,2023-03-03,LB,2023-03-03,LB
2893346,2023-12-14,LB,2023-12-14,LB
2893508,2023-11-18,P,2023-11-18,P
2893791,2023-05-12,LB,2023-05-12,LB
2894190,2022-12-15,LB,2022-12-15,LB
2894499,2023-06-30,LB,2023-06-30,LB
2894507,2023-10-10,LB,2023-10-10,LB
2894756,2025-03-27,LB,2025-03-27,LB
2894805,2023-12-13,LB,2025-11-26,LB
2895325,2024-01-24,P,2024-01-24,P
2895380,2022-11-23,LB,2022-11-23,LB
2895454,2023-05-24,VUS,2023-05-24,VUS
2896088,2025-03-31,LB,2025-03-31,LB
2896458,2021-04-28,LB,2026-01-27,LB
2896498,2023-10-22,LB,2023-10-22,LB
2896977,2023-05-02,LB,2023-05-02,LB
2897160,2023-09-13,P,2023-09-13,P
2897599,2023-08-11,LB,2023-08-11,LB
2897699,2025-10-07,LB,2025-10-07,LB
2897703,2023-08-27,P,2023-08-27,P
2897857,2023-08-25,LB,2023-08-25,LB
2898335,2023-11-17,LB,2023-11-17,LB
2898582,2023-12-26,VUS,2025-05-03,VUS
2898630,2023-02-22,LB,2023-02-22,LB
2899224,2022-11-15,LB,2022-11-15,LB
2899572,2024-01-29,LB,2024-01-29,LB
2899838,2023-11-03,LB,2023-11-03,LB
2899933,2023-06-30,LB,2023-06-30,LB
2900004,2023-07-17,LB,2023-07-17,LB
2900055,2022-10-27,LB,2022-10-27,LB
2900137,2024-02-29,LB,2024-02-29,LB
2900478,2022-12-21,LB,2022-12-21,LB
2900598,2024-01-27,LB,2024-01-27,LB
2900919,2024-02-12,LB,2024-02-12,LB
2901171,2023-02-14,LB,2023-02-14,LB
2901732,2023-03-12,LB,2023-03-12,LB
2902507,2023-12-09,LB,2023-12-09,LB
2902688,2024-01-18,LB,2024-01-18,LB
2902921,2023-11-28,LB,2023-11-28,LB
2903063,2023-06-15,LB,2023-06-15,LB
2903946,2023-01-06,LB,2023-01-06,LB
2904234,2024-02-02,LB,2024-02-02,LB
2904413,2025-08-14,LB,2025-08-14,LB
2904477,2023-06-26,LB,2023-06-26,LB
2904594,2024-11-13,LB,2024-11-13,LB
2904629,2023-09-09,LB,2023-09-09,LB
2904782,2023-08-11,LB,2023-08-11,LB
2904995,2025-06-12,LB,2025-06-12,LB
2904996,2023-04-08,LB,2023-04-08,LB
2905019,2023-11-19,LB,2023-11-19,LB
2905020,2023-06-14,LB,2023-06-14,LB
2905125,2023-08-05,LB,2023-08-05,LB
2905154,2023-11-19,LB,2023-11-19,LB
2905423,2023-07-11,LB,2023-07-11,LB
2906123,2025-04-08,LB,2025-04-08,LB
2906137,2023-09-29,LB,2023-09-29,LB
2906471,2023-08-24,LB,2023-08-24,LB
2906827,2023-08-17,LB,2023-08-17,LB
2907303,2023-08-22,LB,2023-08-22,LB
2908346,2023-04-03,LB,2023-04-03,LB
2908666,2023-10-28,LB,2023-10-28,LB
2909082,2023-03-23,LB,2023-03-23,LB
2910080,2023-08-16,LB,2023-08-16,LB
2910173,2023-07-21,P,2023-12-14,P
2910499,2023-11-11,LB,2023-11-11,LB
2911074,2023-06-17,LB,2023-06-17,LB
2911302,2023-09-15,LB,2023-09-15,LB
2911331,2023-11-27,LB,2023-11-27,LB
2911448,2023-08-14,VUS,2023-08-14,VUS
2911705,2025-12-06,LB,2025-12-06,LB
2911969,2023-01-05,LB,2023-01-05,LB
2912492,2024-03-13,LB,2024-03-13,LB
2912663,2023-07-09,LB,2023-07-09,LB
2913018,2023-11-10,VUS,2023-11-10,VUS
2913019,2023-11-10,VUS,2023-11-10,VUS
2913137,2023-02-21,LB,2023-02-21,LB
2913173,2022-11-13,VUS,2022-11-13,VUS
2913258,2021-03-31,LB,2023-05-01,LB
2913592,2023-04-26,LB,2023-04-26,LB
2913594,2023-11-24,LB,2023-11-24,LB
2913969,2023-01-27,LB,2023-01-27,LB
2913990,2023-12-01,LB,2023-12-01,LB
2914090,2024-02-21,LB,2025-11-16,LB
2914159,2023-09-20,LB,2023-09-20,LB
2914349,2023-04-28,LB,2023-04-28,LB
2914947,2024-07-10,P,2024-07-10,P
2915024,2023-05-09,LB,2023-05-09,LB
2915337,2022-11-28,LB,2022-11-28,LB
2915371,2023-05-30,LB,2023-05-30,LB
2915410,2023-11-24,P,2023-11-24,P
2916005,2023-06-16,LB,2023-06-16,LB
2916038,2023-11-16,LB,2023-11-16,LB
2916054,2025-07-07,LB,2025-07-07,LB
2916094,2024-10-15,VUS,2024-10-15,VUS
2916225,2022-12-31,LB,2022-12-31,LB
2916551,2023-04-23,VUS,2024-11-12,VUS
2916553,2024-01-18,LB,2024-01-18,LB
2916781,2023-11-19,LB,2023-11-19,LB
2917306,2023-03-17,LB,2023-03-17,LB
2917331,2023-01-24,LB,2023-01-24,LB
2917349,2019-05-10,LB,2019-05-10,LB
2917786,2023-07-08,LB,2023-07-08,LB
2917915,2022-06-07,LB,2023-05-05,LB
2918163,2025-10-24,LB,2025-10-24,LB
2918863,2023-08-31,LB,2023-08-31,LB
2918936,2023-02-23,LB,2023-02-23,LB
2919162,2026-01-27,LB,2026-01-27,LB
2919171,2025-07-31,LB,2025-07-31,LB
2919426,2024-02-11,LB,2024-02-11,LB
2919588,2023-10-18,LB,2023-10-18,LB
2919830,2023-08-03,LB,2023-08-03,LB
2919893,2023-02-09,LP,2023-02-09,LP
2920553,2023-05-05,LB,2023-05-05,LB
2920578,2023-12-26,LB,2023-12-26,LB
2921302,2023-12-10,LB,2023-12-10,LB
2921305,2023-12-10,LP,2024-04-18,LP
2921319,2023-12-11,LB,2023-12-11,LB
2921323,2023-12-12,LB,2023-12-12,LB
2921324,2024-10-21,LB,2024-10-21,LB
2921347,2023-12-12,LB,2023-12-12,LB
2921353,2023-12-20,LB,2023-12-20,LB
2921358,2023-12-13,LB,2023-12-13,LB
2921413,2023-12-22,P,2023-12-22,P
2921416,2023-12-14,LB,2023-12-14,LB
2921427,2023-12-14,P,2023-12-14,P
2921457,2023-04-20,LB,2023-04-20,LB
2921540,2023-12-25,LB,2023-12-25,LB
2921570,2023-12-19,LB,2023-12-19,LB
2921592,2023-12-20,LB,2023-12-20,LB
2921597,2023-12-21,P,2023-12-21,P
2921626,2023-12-22,LB,2023-12-22,LB
2921632,2023-12-22,P,2023-12-22,P
2921640,2023-12-22,P,2023-12-22,P
2921646,2023-12-22,LB,2023-12-22,LB
2921650,2023-12-22,LB,2023-12-22,LB
2921719,2023-12-26,LB,2023-12-26,LB
2921724,2023-12-26,LB,2023-12-26,LB
2921728,2023-12-26,LB,2023-12-26,LB
2921731,2023-12-26,LB,2023-12-26,LB
2921753,2023-12-28,LB,2023-12-28,LB
2921796,2023-12-30,P,2023-12-30,P
2921817,2024-01-15,LB,2024-01-15,LB
2921836,2023-12-31,LB,2023-12-31,LB
2921860,2023-12-31,LB,2023-12-31,LB
2921887,2024-01-02,LB,2024-01-02,LB
2921888,2024-01-02,P,2024-01-02,P
2921893,2024-01-08,LB,2024-01-08,LB
2921894,2024-01-02,LP,2024-01-02,LP
2921903,2024-01-03,LB,2024-01-03,LB
2921960,2024-01-04,LB,2024-01-04,LB
2922043,2024-01-08,LB,2024-01-08,LB
2922063,2024-01-16,P,2024-01-16,P
2922113,2024-02-26,LB,2024-02-26,LB
2922120,2024-01-11,LB,2024-01-11,LB
2922138,2024-01-11,LB,2024-01-11,LB
2922139,2023-10-14,LB,2023-10-14,LB
2922181,2024-01-13,LB,2024-01-13,LB
2922187,2024-01-13,LB,2024-01-13,LB
2922194,2024-01-29,LB,2024-01-29,LB
2922203,2024-01-21,LB,2024-01-21,LB
2922211,2024-01-15,LB,2024-01-15,LB
2922223,2022-11-07,LB,2022-11-07,LB
2922229,2024-01-16,LB,2024-01-16,LB
2922265,2024-01-17,LP,2024-01-17,LP
2922268,2024-01-19,LP,2024-01-19,LP
2922309,2024-01-19,P,2024-01-19,P
2922313,2024-01-19,LB,2024-01-19,LB
2922333,2024-01-20,P,2024-01-20,P
2922361,2024-01-21,LB,2024-01-21,LB
2922362,2024-01-21,LB,2024-01-21,LB
2922366,2023-04-04,P,2023-04-04,P
2922399,2024-07-01,LB,2024-07-01,LB
2922514,2024-01-04,P,2024-01-04,P
2922537,2024-04-17,LB,2024-04-17,LB
2922539,2023-12-22,LB,2023-12-22,LB
2922545,2024-01-03,LB,2024-01-03,LB
2922674,2024-01-28,LB,2024-01-28,LB
2922678,2025-12-02,LB,2025-12-02,LB
2922721,2024-01-30,LB,2024-01-30,LB
2922723,2024-01-30,P,2024-01-30,P
2922790,2023-08-10,LB,2023-08-10,LB
2922833,2023-10-06,LB,2023-10-06,LB
2922856,2026-01-11,LB,2026-01-11,LB
2922862,2023-04-22,P,2023-04-22,P
2922881,2025-11-18,LP,2025-11-18,LP
2923010,2023-12-01,LB,2023-12-01,LB
2923046,2026-01-03,LB,2026-01-03,LB
2923079,2024-05-13,LB,2024-05-13,LB
2923112,2023-04-24,LB,2023-04-24,LB
2923128,2025-09-02,LB,2025-09-02,LB
2923135,2024-08-04,VUS,2024-10-07,VUS
2923221,2023-04-18,LB,2023-04-18,LB
2923261,2025-05-13,LB,2025-05-13,LB
2923263,2023-10-05,LB,2023-10-05,LB
2923306,2023-02-06,LB,2023-02-06,LB
2923308,2024-05-18,LB,2024-05-18,LB
2923374,2023-12-21,VUS,2025-05-21,VUS
2923388,2023-12-05,VUS,2023-12-05,VUS
2923424,2022-12-02,LB,2022-12-02,LB
2923449,2023-03-22,LB,2023-03-22,LB
2923456,2024-07-29,LB,2024-07-29,LB
2923557,2023-05-09,LB,2023-05-09,LB
2923591,2023-07-26,LB,2023-07-26,LB
2923601,2023-10-14,LB,2023-10-14,LB
2923636,2026-01-12,P,2026-01-12,P
2923681,2023-06-14,VUS,2023-06-14,VUS
2923689,2023-04-28,LB,2023-04-28,LB
2923692,2023-08-25,LB,2023-08-25,LB
2923715,2023-01-09,LB,2023-01-09,LB
2923791,2023-01-12,LB,2023-01-12,LB
2923814,2023-09-09,LB,2023-09-09,LB
2923815,2023-10-08,LB,2023-10-08,LB
2923825,2025-02-03,LB,2025-02-03,LB
2923900,2023-03-13,LB,2023-03-13,LB
2923943,2023-09-28,LB,2023-09-28,LB
2923971,2025-10-16,LB,2025-10-16,LB
2924008,2026-01-19,LB,2026-01-19,LB
2924037,2023-11-20,LB,2023-11-20,LB
2924082,2022-11-15,VUS,2022-11-15,VUS
2924097,2025-03-31,LB,2025-03-31,LB
2924121,2024-02-25,LB,2024-02-25,LB
2924138,2025-06-23,LB,2025-06-23,LB
2924162,2024-12-02,VUS,2024-12-02,VUS
2924209,2024-10-07,LB,2024-10-07,LB
2924224,2023-11-15,LB,2023-11-15,LB
2924227,2023-12-22,VUS,2024-01-22,VUS
2924231,2023-10-30,LB,2023-10-30,LB
2924350,2023-11-25,LB,2023-11-25,LB
2924359,2023-12-12,LB,2023-12-12,LB
2924376,2023-09-26,LB,2024-09-25,LB
2924382,2026-01-13,LB,2026-01-13,LB
2924383,2023-04-15,LB,2023-04-15,LB
2924412,2022-12-02,LB,2022-12-02,LB
2924443,2023-04-16,LB,2023-04-16,LB
2924444,2025-05-30,LB,2025-05-30,LB
2924445,2023-09-01,VUS,2024-02-09,VUS
2924492,2023-07-18,LB,2023-07-18,LB
2924602,2023-05-13,LB,2023-05-13,LB
2924665,2023-04-22,LB,2023-04-22,LB
2924672,2023-08-04,LB,2023-08-04,LB
2924732,2023-09-09,LB,2023-09-09,LB
2924743,2025-03-31,P,2025-03-31,P
2924752,2023-11-13,P,2023-11-13,P
2924813,2025-03-31,LB,2025-03-31,LB
2924842,2023-04-28,LB,2023-04-28,LB
2924843,2025-01-29,LB,2025-01-29,LB
2924913,2026-01-13,P,2026-01-13,P
2924970,2023-07-21,LB,2023-07-21,LB
2924971,2023-07-21,LB,2023-07-21,LB
2924977,2023-05-18,LB,2023-05-18,LB
2924979,2023-08-28,LB,2023-08-28,LB
2925005,2024-06-19,LB,2024-06-19,LB
2925069,2024-07-01,LB,2024-07-01,LB
2925079,2023-04-09,LB,2023-04-09,LB
2925083,2023-03-17,LB,2023-03-17,LB
2925100,2023-10-06,LB,2024-08-24,LB
2925120,2023-04-06,LB,2023-04-06,LB
2925162,2023-03-08,LB,2023-03-08,LB
2925167,2023-11-20,LB,2023-11-20,LB
2925246,2023-07-21,LB,2023-07-21,LB
2925257,2023-04-24,VUS,2023-04-24,VUS
2925259,2023-12-22,LB,2023-12-22,LB
2925321,2024-03-19,LB,2024-03-19,LB
2925336,2022-12-18,LB,2022-12-18,LB
2925437,2024-05-02,P,2025-10-30,P
2925438,2023-08-04,P,2023-08-04,P
2925439,2023-03-03,LP,2023-03-03,LP
2925441,2023-04-08,P,2025-09-10,P
2925442,2023-12-11,LP,2023-12-11,LP
2925497,2023-05-20,P,2023-05-20,P
2925498,2023-03-08,P,2023-03-08,P
2925499,2024-06-25,P,2024-12-09,P
2925500,2023-10-18,P,2023-10-18,P
2925501,2022-11-02,P,2022-11-02,P
2925521,2023-06-14,LB,2023-06-14,LB
2925562,2024-11-16,LB,2024-11-16,LB
2925576,2023-12-11,LB,2023-12-11,LB
2925724,2025-03-17,LB,2025-03-17,LB
2925798,2023-12-12,LB,2023-12-12,LB
2925815,2022-12-18,LB,2022-12-18,LB
2925837,2025-04-17,LB,2025-04-17,LB
2925880,2023-01-16,LB,2023-01-16,LB
2925882,2023-01-16,LB,2023-01-16,LB
2925887,2025-07-21,LB,2025-07-21,LB
2925888,2024-02-10,LB,2024-02-10,LB
2925928,2024-09-02,LB,2024-09-02,LB
2925969,2023-08-16,LB,2023-08-16,LB
2925976,2023-02-04,LP,2023-02-04,LP
2925992,2023-04-07,LB,2023-04-07,LB
2926017,2023-12-14,B,2023-12-14,B
2926079,2023-09-19,LP,2023-09-19,LP
2926087,2025-09-22,LB,2025-09-22,LB
2926088,2023-05-12,LB,2024-01-04,LB
2926140,2024-11-18,LB,2024-11-18,LB
2926142,2023-09-27,LB,2023-09-27,LB
2926214,2024-02-14,VUS,2024-05-15,VUS
2926249,2023-08-30,P,2023-08-30,P
2926269,2024-09-16,LB,2026-01-28,LB
2926307,2023-07-28,LB,2023-07-28,LB
2926310,2025-05-27,LB,2025-05-27,LB
2926312,2023-03-29,B,2023-03-29,B
2926362,2023-08-18,LB,2023-08-18,LB
2926414,2024-02-06,LB,2024-02-06,LB
2926482,2025-09-07,LB,2025-09-07,LB
2926507,2023-11-17,LB,2023-11-17,LB
2926532,2025-06-09,LB,2025-06-09,LB
2926558,2025-05-12,P,2025-05-12,P
2926566,2023-12-17,LB,2023-12-17,LB
2926624,2025-11-28,LB,2025-11-28,LB
2926735,2023-10-23,LB,2023-10-23,LB
2926762,2024-09-27,LB,2024-09-27,LB
2926768,2023-01-17,LB,2023-01-17,LB
2926775,2024-02-16,LB,2024-02-16,LB
2926778,2025-02-06,LB,2025-02-06,LB
2926779,2023-04-01,LP,2024-03-22,LP
2926781,2024-02-23,LB,2024-02-23,LB
2926828,2023-11-11,LB,2023-11-11,LB
2926836,2023-04-12,LB,2023-04-12,LB
2926849,2023-03-18,LB,2023-03-18,LB
2926871,2023-04-22,LB,2023-04-22,LB
2926877,2024-01-04,LB,2024-01-04,LB
2926889,2026-01-11,LB,2026-01-11,LB
2926890,2026-01-11,LB,2026-01-11,LB
2926897,2023-05-02,LB,2023-05-02,LB
2926909,2023-04-29,LB,2023-04-29,LB
2926961,2023-08-01,B,2023-08-01,B
2927048,2023-06-30,LB,2023-06-30,LB
2927058,2023-08-28,LB,2023-08-28,LB
2927080,2023-05-21,LB,2023-05-21,LB
2927107,2023-12-09,LB,2023-12-09,LB
2927131,2024-04-03,LB,2024-04-03,LB
2927132,2025-10-23,LB,2025-10-23,LB
2927151,2023-06-25,LB,2023-06-25,LB
2927204,2019-09-11,LB,2023-05-20,LB
2927337,2024-06-06,LB,2024-06-06,LB
2927347,2023-03-20,LB,2023-03-20,LB
2927376,2025-11-22,LB,2025-11-22,LB
2927392,2024-02-13,B,2024-02-13,B
2927394,2023-12-27,LB,2023-12-27,LB
2927401,2023-02-05,LB,2023-02-05,LB
2927472,2023-12-03,LB,2023-12-03,LB
2927473,2024-03-16,LB,2024-03-16,LB
2927475,2023-11-20,LB,2023-11-20,LB
2927492,2025-12-23,LB,2025-12-23,LB
2927509,2023-05-09,LB,2023-05-09,LB
2927530,2024-03-14,LB,2024-03-14,LB
2927550,2023-07-07,LB,2023-07-07,LB
2927597,2023-10-05,LB,2023-10-05,LB
2927630,2024-03-13,B,2024-03-13,B
2927654,2024-05-23,LB,2024-05-23,LB
2927727,2024-01-01,VUS,2024-01-01,VUS
2927736,2025-02-13,LB,2025-02-13,LB
2927739,2023-01-24,LB,2023-01-24,LB
2927752,2023-02-28,LB,2023-02-28,LB
2927757,2023-03-01,P,2023-03-01,P
2927758,2023-12-29,LB,2023-12-29,LB
2927762,2025-12-07,LB,2025-12-07,LB
2927792,2025-06-12,LB,2025-06-12,LB
2927795,2024-02-22,LB,2024-02-22,LB
2927797,2024-01-06,VUS,2024-01-06,VUS
2927815,2023-08-29,LB,2023-08-29,LB
2927825,2025-09-14,LB,2025-09-14,LB
2927888,2023-11-16,VUS,2025-12-02,VUS
2927903,2024-01-15,LB,2024-01-15,LB
2927919,2026-01-20,LB,2026-01-20,LB
2927932,2023-11-21,LB,2023-11-21,LB
2927933,2023-06-16,LB,2023-06-16,LB
2927982,2023-10-30,LB,2023-10-30,LB
2928005,2024-01-22,VUS,2024-01-22,VUS
2928040,2024-02-19,B,2024-02-19,B
2928068,2023-08-02,LB,2023-08-02,LB
2928070,2023-08-16,LB,2023-08-16,LB
2928073,2024-02-02,LB,2024-02-02,LB
2928094,2023-05-26,LB,2023-05-26,LB
2928154,2023-08-18,LB,2023-08-18,LB
2928197,2023-09-05,LB,2023-09-05,LB
2928216,2023-07-17,LB,2023-07-17,LB
2928325,2024-08-12,LB,2024-08-12,LB
2928399,2023-09-06,LB,2023-09-06,LB
2928402,2023-10-18,LB,2023-10-18,LB
2928425,2025-06-12,LB,2025-06-12,LB
2928448,2025-08-11,LB,2025-08-11,LB
2928541,2022-12-09,VUS,2022-12-09,VUS
2928549,2024-03-12,LB,2024-03-12,LB
2928639,2024-01-19,LB,2024-01-19,LB
2928672,2023-11-07,LB,2023-11-07,LB
2928687,2023-12-24,LB,2023-12-24,LB
2928698,2023-01-17,LB,2023-01-17,LB
2928732,2024-02-11,P,2024-02-11,P
2928733,2023-01-24,LB,2023-01-24,LB
2928772,2023-02-02,LB,2023-02-02,LB
2928777,2023-02-21,LB,2023-02-21,LB
2928781,2023-11-06,LP,2023-12-18,LP
2928806,2023-04-22,LB,2023-04-22,LB
2928833,2024-04-30,LB,2024-04-30,LB
2928882,2023-07-14,LB,2023-07-14,LB
2928894,2023-08-29,LB,2023-08-29,LB
2928896,2023-03-12,LB,2023-03-12,LB
2928902,2023-05-22,LB,2023-05-22,LB
2928910,2025-01-20,LB,2025-01-20,LB
2928960,2023-11-15,LB,2023-11-15,LB
2928989,2021-11-08,LB,2023-11-20,LB
2929033,2023-02-16,LB,2023-02-16,LB
2929045,2023-11-19,P,2023-11-19,P
2929129,2023-09-03,LB,2023-09-03,LB
2929156,2023-10-05,LB,2023-10-05,LB
2929163,2023-02-06,B,2023-02-06,B
2929168,2023-04-22,LB,2023-04-22,LB
2929169,2023-12-12,LB,2023-12-12,LB
2929209,2025-04-10,LB,2025-04-10,LB
2929219,2023-03-22,LB,2023-03-22,LB
2929247,2023-03-10,LB,2023-03-10,LB
2929276,2024-02-16,LB,2024-02-16,LB
2929320,2024-02-09,LB,2024-02-09,LB
2929367,2023-11-15,LB,2023-11-15,LB
2929373,2025-04-28,LB,2025-04-28,LB
2929395,2023-11-30,LB,2023-11-30,LB
2929435,2024-02-13,B,2024-02-13,B
2929470,2023-03-14,LB,2023-03-14,LB
2929472,2021-03-10,LB,2023-07-14,LB
2929531,2022-12-05,LB,2022-12-05,LB
2929542,2023-06-06,LB,2023-06-06,LB
2929611,2023-03-04,LB,2023-03-04,LB
2929642,2024-02-03,LB,2024-02-03,LB
2929692,2023-05-16,P,2023-05-16,P
2929710,2023-11-24,LB,2023-11-24,LB
2929723,2025-12-10,LB,2025-12-10,LB
2929733,2024-03-10,LB,2024-03-10,LB
2929761,2023-07-03,LB,2023-07-03,LB
2929860,2023-12-23,LB,2023-12-23,LB
2929865,2024-01-17,LB,2024-01-17,LB
2929898,2023-07-26,LB,2023-07-26,LB
2929910,2023-10-26,LB,2023-10-26,LB
2929928,2023-08-03,P,2023-08-03,P
2929937,2025-12-02,LB,2025-12-02,LB
2929952,2024-01-29,VUS,2024-09-06,VUS
2929954,2023-12-13,LB,2023-12-13,LB
2930032,2023-06-03,LB,2023-06-03,LB
2930053,2023-06-17,LB,2023-06-17,LB
2930072,2023-05-24,LB,2023-05-24,LB
2930078,2023-06-14,LB,2023-06-14,LB
2930191,2023-03-08,P,2023-03-08,P
2930193,2023-11-03,LB,2023-11-03,LB
2930194,2024-11-05,LB,2024-11-05,LB
2930320,2025-03-21,LB,2025-03-21,LB
2930322,2025-08-07,LB,2025-08-07,LB
2930327,2023-12-02,LB,2023-12-02,LB
2930404,2025-08-09,LB,2025-08-09,LB
2930424,2023-10-22,LB,2023-10-22,LB
2930533,2026-01-21,LB,2026-01-21,LB
2930542,2023-06-03,LB,2023-06-03,LB
2930577,2023-10-16,VUS,2024-03-30,VUS
2930578,2023-02-01,LB,2023-02-01,LB
2930582,2023-01-31,LB,2023-01-31,LB
2930594,2025-11-17,LB,2025-11-17,LB
2930700,2023-09-21,LB,2023-09-21,LB
2930712,2023-02-05,LB,2023-02-05,LB
2930715,2025-04-08,LB,2025-04-08,LB
2930761,2023-09-15,LB,2023-09-15,LB
2930804,2024-01-04,LB,2024-01-04,LB
2930808,2023-06-14,LB,2023-06-14,LB
2930843,2023-06-15,VUS,2025-04-10,VUS
2930867,2023-11-08,LB,2025-11-05,LB
2930870,2023-02-07,LB,2023-02-07,LB
2930918,2025-02-13,LB,2025-02-13,LB
2930924,2023-04-13,LP,2023-04-13,LP
2930931,2023-09-29,LP,2023-09-29,LP
2930933,2025-10-13,LB,2025-10-13,LB
2930938,2023-02-16,LB,2023-02-16,LB
2930988,2024-01-25,LB,2024-01-25,LB
2930994,2025-06-12,LB,2025-06-12,LB
2930995,2023-04-20,LP,2023-04-20,LP
2931011,2023-06-09,LB,2023-06-09,LB
2931040,2024-01-04,LB,2024-01-04,LB
2931088,2023-03-16,VUS,2023-03-16,VUS
2931104,2023-12-09,VUS,2023-12-19,VUS
2931138,2026-01-28,LB,2026-01-28,LB
2931203,2023-06-23,LB,2023-06-23,LB
2931272,2024-01-30,LB,2024-01-30,LB
2931287,2025-05-15,LB,2025-05-15,LB
2931324,2023-09-05,LP,2023-09-05,LP
2931333,2023-07-28,LB,2023-07-28,LB
2931354,2023-06-15,LB,2023-06-15,LB
2931380,2022-11-29,LB,2022-11-29,LB
2931396,2023-08-18,LB,2023-08-18,LB
2931398,2023-04-28,LB,2023-04-28,LB
2931423,2023-07-25,LB,2023-07-25,LB
2931456,2023-01-05,LB,2023-01-05,LB
2931464,2023-04-18,LB,2023-05-19,LB
2931479,2025-02-13,LB,2025-02-13,LB
2931481,2023-10-04,LB,2023-10-04,LB
2931486,2021-11-19,LB,2023-06-24,LB
2931487,2023-05-12,LB,2023-05-12,LB
2931520,2023-01-20,LB,2023-01-20,LB
2931596,2024-02-28,LB,2024-02-28,LB
2931616,2023-02-16,LB,2023-02-16,LB
2931703,2024-03-21,LB,2024-03-21,LB
2931711,2022-12-25,LB,2022-12-25,LB
2931725,2022-12-29,LP,2022-12-29,LP
2931727,2023-12-20,LB,2023-12-20,LB
2931728,2023-08-05,LB,2023-08-05,LB
2931745,2024-03-27,LB,2024-03-27,LB
2931750,2023-11-18,LB,2023-11-18,LB
2931768,2025-10-01,LB,2025-10-01,LB
2931802,2023-01-20,LB,2023-01-20,LB
2931894,2026-01-06,LB,2026-01-06,LB
2931915,2025-12-23,LB,2025-12-23,LB
2931932,2024-05-29,LB,2024-05-29,LB
2931942,2023-01-27,LB,2023-01-27,LB
2931948,2023-04-06,LB,2023-04-06,LB
2931974,2023-09-27,LB,2023-09-27,LB
2931991,2023-08-04,LB,2023-08-04,LB
2932026,2024-01-03,LB,2024-01-03,LB
2932070,2022-12-20,VUS,2022-12-20,VUS
2932091,2023-02-11,LB,2023-02-11,LB
2932101,2023-12-21,LP,2023-12-21,LP
2932182,2023-06-28,LB,2023-06-28,LB
2932214,2023-07-31,LB,2023-07-31,LB
2932323,2024-05-14,LB,2024-05-14,LB
2932401,2023-09-12,LB,2024-05-29,LB
2932426,2025-08-24,P,2025-08-24,P
2932538,2024-05-15,LB,2024-05-15,LB
2932550,2023-11-28,LP,2023-11-28,LP
2932643,2023-12-07,LB,2024-10-07,LB
2932711,2023-10-06,LB,2023-10-06,LB
2932810,2023-11-13,LB,2023-11-13,LB
2932860,2023-06-23,LB,2023-06-23,LB
2932939,2023-07-16,LB,2023-07-16,LB
2932943,2022-11-05,LB,2022-11-05,LB
2932953,2023-09-05,LB,2024-02-13,LB
2932981,2023-11-14,LB,2023-11-14,LB
2932983,2023-04-25,LB,2023-04-25,LB
2933039,2023-11-15,VUS,2023-11-15,VUS
2933052,2024-02-19,LB,2024-02-19,LB
2933083,2025-09-10,LB,2025-09-10,LB
2933128,2023-02-05,LB,2023-02-05,LB
2933132,2022-12-20,LB,2022-12-20,LB
2933176,2022-12-23,LB,2022-12-23,LB
2933198,2023-03-07,LB,2023-03-07,LB
2933217,2022-12-13,LB,2022-12-13,LB
2933219,2023-01-25,LB,2023-01-25,LB
2933224,2023-08-28,LB,2023-08-28,LB
2933237,2024-12-10,LB,2024-12-10,LB
2933296,2026-01-16,LB,2026-01-16,LB
2933334,2023-01-08,LB,2023-01-08,LB
2933377,2023-01-28,LB,2023-01-28,LB
2933392,2023-05-20,LB,2023-05-20,LB
2933463,2023-04-20,P,2023-04-20,P
2933469,2023-10-28,LB,2023-10-28,LB
2933471,2022-12-23,LB,2022-12-23,LB
2933476,2023-12-20,LB,2023-12-20,LB
2933480,2023-09-27,LB,2023-09-27,LB
2933489,2023-09-14,LB,2023-09-14,LB
2933536,2025-12-29,LB,2025-12-29,LB
2933579,2023-07-12,B,2023-07-12,B
2933583,2026-01-22,LB,2026-01-22,LB
2933591,2023-04-19,LB,2023-04-19,LB
2933609,2023-10-04,LB,2023-10-04,LB
2933627,2023-12-21,P,2023-12-21,P
2933630,2023-11-06,P,2024-01-17,P
2933673,2023-10-20,LB,2023-10-20,LB
2933690,2023-06-02,P,2023-06-02,P
2933691,2023-06-04,LB,2023-06-04,LB
2933780,2022-11-06,LB,2022-11-06,LB
2933806,2023-05-30,B,2023-05-30,B
2933808,2023-07-03,LB,2023-07-03,LB
2933824,2023-04-20,LB,2023-04-20,LB
2933880,2023-01-17,LB,2023-01-17,LB
2933911,2023-05-01,VUS,2023-05-01,VUS
2933931,2023-04-30,LB,2023-04-30,LB
2933942,2023-08-29,LB,2023-08-29,LB
2933986,2024-12-10,LB,2024-12-10,LB
2934037,2023-12-26,LB,2023-12-26,LB
2934042,2023-12-17,VUS,2023-12-17,VUS
2934067,2023-09-18,LB,2023-09-18,LB
2934069,2023-01-06,VUS,2023-01-06,VUS
2934113,2024-07-10,VUS,2024-07-10,VUS
2934153,2023-02-14,LB,2023-02-14,LB
2934201,2023-11-09,LB,2023-11-09,LB
2934309,2024-01-02,LB,2024-01-02,LB
2934313,2023-09-27,LB,2023-09-27,LB
2934320,2023-11-02,LB,2023-11-02,LB
2934358,2025-01-08,LB,2025-01-08,LB
2934368,2023-12-01,LB,2023-12-01,LB
2934433,2022-12-05,B,2022-12-05,B
2934552,2023-08-29,LB,2023-08-29,LB
2934555,2021-05-04,LB,2023-03-13,LB
2934565,2023-12-06,LB,2023-12-06,LB
2934612,2023-08-23,VUS,2023-08-23,VUS
2934707,2023-09-26,LB,2023-09-26,LB
2934724,2023-09-30,LB,2023-09-30,LB
2934774,2025-06-12,LB,2025-06-12,LB
2934775,2022-12-10,LB,2022-12-10,LB
2934878,2023-04-30,LB,2023-04-30,LB
2934917,2024-02-14,LB,2024-02-14,LB
2934922,2023-06-30,LB,2023-06-30,LB
2934955,2022-12-12,LB,2022-12-12,LB
2934971,2023-12-21,LP,2023-12-22,LP
2934982,2024-01-29,LB,2024-01-29,LB
2935008,2024-01-30,LB,2024-01-30,LB
2935041,2023-07-19,P,2023-07-19,P
2935058,2023-04-17,LB,2023-04-17,LB
2935069,2023-12-02,LB,2023-12-02,LB
2935078,2023-01-21,P,2023-01-21,P
2935109,2023-03-07,LB,2023-03-07,LB
2935123,2023-08-16,LB,2023-08-16,LB
2935126,2023-03-03,LB,2023-03-03,LB
2935155,2023-07-06,B,2023-07-06,B
2935159,2023-02-05,LP,2023-02-05,LP
2935171,2023-04-13,LB,2023-04-13,LB
2935244,2023-12-01,LB,2023-12-01,LB
2935298,2024-02-04,LB,2024-02-04,LB
2935336,2024-01-22,LB,2024-01-22,LB
2935355,2023-04-26,LB,2023-04-26,LB
2935366,2023-01-13,LB,2023-01-13,LB
2935394,2025-01-20,LB,2025-01-20,LB
2935397,2025-04-07,B,2025-04-07,B
2935411,2023-06-27,LB,2023-06-27,LB
2935422,2023-09-30,LB,2023-09-30,LB
2935441,2023-10-18,LB,2023-10-18,LB
2935484,2022-12-23,LB,2022-12-23,LB
2935512,2023-10-06,LB,2023-10-06,LB
2935589,2023-05-23,LB,2023-05-23,LB
2935714,2023-05-21,LB,2023-05-21,LB
2935719,2023-07-19,LB,2023-07-19,LB
2935721,2023-08-17,LB,2023-08-17,LB
2935735,2026-01-05,P,2026-01-05,P
2935762,2023-01-20,LB,2023-01-20,LB
2935790,2023-05-07,LB,2023-05-07,LB
2935810,2023-12-16,LB,2023-12-16,LB
2935856,2022-12-23,LB,2022-12-23,LB
2935876,2023-09-21,LB,2023-09-21,LB
2935888,2023-02-18,LB,2023-02-18,LB
2935942,2022-12-17,LB,2022-12-17,LB
2935969,2022-11-23,LB,2022-11-23,LB
2936003,2023-05-15,LB,2023-05-15,LB
2936004,2023-05-13,LB,2023-05-13,LB
2936017,2023-05-17,LB,2023-05-17,LB
2936065,2023-11-24,LB,2023-11-24,LB
2936077,2026-01-13,LB,2026-01-13,LB
2936093,2023-01-28,LB,2023-01-28,LB
2936181,2023-11-07,LB,2023-11-07,LB
2936202,2024-02-08,LB,2024-02-08,LB
2936292,2024-11-06,LB,2024-11-06,LB
2936301,2022-11-01,LB,2022-11-01,LB
2936344,2024-01-18,LB,2024-01-18,LB
2936365,2024-01-09,VUS,2024-01-09,VUS
2936381,2023-09-08,LB,2023-09-08,LB
2936389,2023-11-10,LB,2023-11-10,LB
2936428,2024-01-24,LB,2024-01-24,LB
2936435,2023-02-08,LB,2023-02-08,LB
2936482,2022-12-05,LB,2022-12-05,LB
2936483,2020-12-15,LB,2025-02-06,LB
2936510,2023-12-27,LB,2023-12-27,LB
2936514,2025-02-27,LB,2025-02-27,LB
2936538,2023-04-14,LB,2023-04-14,LB
2936540,2023-12-09,LB,2023-12-09,LB
2936630,2024-01-10,LB,2024-01-10,LB
2936635,2023-07-16,LB,2023-07-16,LB
2936653,2025-10-02,VUS,2025-10-02,VUS
2936656,2023-04-25,LB,2023-04-25,LB
2936657,2023-11-28,LB,2023-11-28,LB
2936664,2023-06-16,LB,2023-06-16,LB
2936673,2023-10-20,LB,2023-10-20,LB
2936675,2024-05-14,LB,2024-05-14,LB
2936684,2023-05-11,LB,2023-05-11,LB
2936687,2023-11-17,LP,2023-11-17,LP
2936696,2025-09-26,LB,2025-09-26,LB
2936715,2023-07-25,LB,2023-07-25,LB
2936729,2023-07-26,LB,2023-07-26,LB
2936773,2023-09-03,LB,2023-09-03,LB
2936774,2025-09-02,LB,2025-09-02,LB
2936786,2023-02-14,LB,2023-02-14,LB
2936836,2023-03-22,LB,2023-03-22,LB
2936857,2024-01-25,LB,2024-01-25,LB
2936867,2023-09-21,LB,2023-09-21,LB
2936893,2023-12-09,LB,2023-12-09,LB
2936906,2023-02-02,LB,2023-02-02,LB
2936958,2023-12-10,LB,2023-12-10,LB
2936989,2024-07-17,LB,2024-07-17,LB
2937032,2023-12-18,LB,2023-12-18,LB
2937062,2024-01-25,LB,2024-01-25,LB
2937091,2025-07-14,LB,2025-07-14,LB
2937097,2023-10-30,LB,2023-10-30,LB
2937132,2023-06-03,LB,2023-06-03,LB
2937133,2023-08-10,LB,2023-08-10,LB
2937323,2025-02-16,LB,2025-02-16,LB
2937324,2026-01-26,LB,2026-01-26,LB
2937350,2023-03-08,LB,2023-03-08,LB
2937362,2025-10-02,P,2025-10-02,P
2937386,2019-06-03,LB,2023-04-30,LB
2937425,2024-02-26,LB,2024-02-26,LB
2937656,2024-03-03,LB,2024-03-03,LB
2937657,2023-08-24,LB,2023-08-24,LB
2937672,2024-05-08,P,2024-07-30,P
2937700,2023-07-28,LB,2023-07-28,LB
2937792,2024-01-25,LB,2024-01-25,LB
2937797,2023-04-19,LB,2023-04-19,LB
2937845,2024-02-14,LB,2024-02-14,LB
2937874,2023-12-26,LB,2023-12-26,LB
2937901,2022-12-05,LB,2022-12-05,LB
2937911,2023-09-15,LB,2023-09-15,LB
2937912,2023-02-13,LB,2023-02-13,LB
2937917,2023-08-30,LB,2023-08-30,LB
2937918,2023-04-12,LB,2023-04-12,LB
2937967,2022-10-14,VUS,2022-10-14,VUS
2938018,2023-05-24,P,2023-05-24,P
2938102,2023-10-28,LB,2023-10-28,LB
2938109,2023-02-21,P,2024-02-21,P
2938168,2024-12-07,LB,2024-12-07,LB
2938188,2023-05-15,LB,2023-05-15,LB
2938205,2024-01-19,LB,2024-01-19,LB
2938243,2023-07-19,LB,2023-07-19,LB
2938249,2023-10-05,LB,2023-10-05,LB
2938254,2023-04-22,LB,2023-04-22,LB
2938282,2024-01-15,LB,2024-01-15,LB
2938323,2023-02-02,LB,2023-02-02,LB
2938364,2023-03-03,LB,2023-03-03,LB
2938368,2023-07-28,LB,2023-07-28,LB
2938387,2023-11-08,LB,2023-11-08,LB
2938407,2024-05-09,LB,2024-05-09,LB
2938409,2023-11-27,LB,2023-11-27,LB
2938424,2023-02-26,LB,2023-02-26,LB
2938428,2023-04-09,P,2023-04-09,P
2938461,2023-03-18,LB,2023-03-18,LB
2938467,2022-12-03,LP,2024-06-25,LP
2938530,2022-11-24,LB,2022-11-24,LB
2938533,2023-04-10,LB,2023-04-10,LB
2938557,2024-11-05,VUS,2024-11-05,VUS
2938564,2023-09-24,LB,2023-09-24,LB
2938569,2023-06-17,LB,2023-06-17,LB
2938642,2023-11-15,P,2023-11-15,P
2938674,2023-01-25,LB,2023-01-25,LB
2938685,2023-12-30,VUS,2023-12-30,VUS
2938692,2023-05-13,LB,2023-05-13,LB
2938693,2023-09-04,LB,2023-09-04,LB
2938735,2023-01-11,LP,2023-01-11,LP
2938817,2023-07-27,LP,2024-01-04,LP
2938873,2025-08-11,VUS,2025-08-11,VUS
2938957,2026-01-11,LB,2026-01-11,LB
2938958,2023-02-04,LB,2023-02-04,LB
2938965,2023-12-09,LB,2023-12-09,LB
2938971,2023-03-16,LB,2023-03-16,LB
2939008,2024-08-06,LB,2024-08-06,LB
2939032,2023-06-20,LB,2023-06-20,LB
2939043,2023-05-02,LP,2023-05-02,LP
2939048,2023-02-08,LB,2023-02-08,LB
2939126,2023-02-16,P,2023-02-16,P
2939134,2023-04-26,LB,2023-04-26,LB
2939185,2024-01-11,LB,2024-01-11,LB
2939241,2023-12-12,LB,2023-12-12,LB
2939244,2022-12-14,P,2022-12-14,P
2939330,2023-01-22,LB,2023-01-22,LB
2939333,2023-03-17,LB,2023-03-17,LB
2939347,2023-11-24,B,2023-11-24,B
2939370,2023-02-18,LB,2023-02-18,LB
2939376,2022-12-16,LB,2022-12-16,LB
2939404,2023-01-25,LB,2023-01-25,LB
2939413,2024-01-31,LB,2024-01-31,LB
2939425,2023-06-17,LB,2023-06-17,LB
2939445,2025-04-19,LB,2025-04-19,LB
2939461,2022-12-19,LB,2022-12-19,LB
2939527,2023-05-18,LB,2023-05-18,LB
2939577,2023-06-21,LB,2023-06-21,LB
2939587,2023-09-01,LB,2023-09-01,LB
2939590,2023-11-11,P,2023-11-11,P
2939612,2023-06-17,LB,2023-06-17,LB
2939636,2023-07-06,B,2023-07-06,B
2939667,2025-06-05,LB,2025-06-05,LB
2939678,2022-11-12,LB,2022-11-12,LB
2939695,2023-03-13,LB,2023-03-13,LB
2939709,2023-05-11,LB,2023-05-11,LB
2939781,2023-09-11,LB,2023-09-11,LB
2939797,2023-07-21,LB,2023-07-21,LB
2939822,2024-09-15,LB,2024-09-15,LB
2939832,2025-06-12,LB,2025-06-12,LB
2939923,2024-02-22,LB,2024-02-22,LB
2939976,2023-11-06,LB,2023-11-06,LB
2939993,2023-09-24,LB,2023-09-24,LB
2940026,2023-09-14,B,2023-09-14,B
2940037,2023-12-21,LB,2023-12-21,LB
2940044,2023-04-22,LB,2023-04-22,LB
2940101,2022-12-20,P,2022-12-20,P
2940126,2023-12-19,LB,2023-12-19,LB
2940200,2023-07-26,LB,2023-07-26,LB
2940226,2024-01-10,LB,2024-01-10,LB
2940235,2025-06-02,VUS,2025-06-02,VUS
2940240,2023-09-03,LB,2023-09-03,LB
2940276,2024-01-22,LB,2024-01-22,LB
2940309,2023-07-24,LB,2023-07-24,LB
2940338,2023-09-23,LB,2023-09-23,LB
2940353,2023-08-28,LB,2023-08-28,LB
2940354,2023-08-18,LB,2023-08-18,LB
2940364,2024-11-23,LB,2024-11-23,LB
2940390,2023-12-13,LB,2023-12-13,LB
2940392,2023-11-27,LB,2023-11-27,LB
2940430,2025-05-21,LB,2025-05-21,LB
2940444,2023-04-13,LB,2023-04-13,LB
2940455,2023-06-14,P,2023-06-14,P
2940469,2023-09-27,LB,2023-09-27,LB
2940478,2023-01-02,LB,2023-01-02,LB
2940522,2023-12-28,LB,2023-12-28,LB
2940526,2023-04-15,LB,2023-04-15,LB
2940558,2023-12-24,LB,2023-12-24,LB
2940607,2023-08-16,LB,2023-08-16,LB
2940638,2024-02-23,LB,2024-02-23,LB
2940648,2023-10-06,LB,2023-10-06,LB
2940655,2022-11-17,VUS,2022-11-17,VUS
2940692,2023-07-17,LB,2023-07-17,LB
2940722,2023-08-14,LB,2023-08-14,LB
2940732,2023-11-18,LB,2023-11-18,LB
2940748,2023-09-27,P,2023-09-27,P
2940779,2023-09-08,LB,2023-09-08,LB
2940801,2023-10-28,LB,2023-10-28,LB
2940830,2023-03-07,LB,2023-03-07,LB
2940864,2022-11-30,LB,2022-11-30,LB
2940868,2023-05-26,LB,2023-05-26,LB
2940869,2023-05-26,LB,2023-05-26,LB
2940873,2023-09-26,LB,2023-09-26,LB
2940989,2022-10-25,VUS,2022-10-25,VUS
2940996,2023-03-26,LB,2023-03-26,LB
2941023,2023-09-30,VUS,2023-09-30,VUS
2941074,2022-10-28,LB,2022-10-28,LB
2941101,2023-04-26,LB,2023-04-26,LB
2941161,2022-10-31,LB,2022-10-31,LB
2941186,2022-11-01,P,2022-11-01,P
2941244,2022-11-02,LB,2022-11-02,LB
2941245,2023-10-29,LB,2023-10-29,LB
2941261,2024-01-03,LB,2024-01-03,LB
2941269,2025-03-03,LB,2025-03-03,LB
2941380,2022-11-07,P,2022-11-07,P
2941397,2022-11-08,LB,2022-11-08,LB
2941517,2023-04-14,LB,2023-04-14,LB
2941601,2023-01-03,VUS,2023-01-03,VUS
2941621,2025-01-20,LB,2025-01-20,LB
2941688,2022-11-20,LB,2022-11-20,LB
2941689,2022-11-20,LB,2022-11-20,LB
2941697,2023-06-27,LB,2023-06-27,LB
2941717,2022-11-23,LB,2022-11-23,LB
2941735,2023-07-17,LB,2023-07-17,LB
2941762,2022-11-23,LB,2022-11-23,LB
2941806,2022-11-24,P,2022-11-24,P
2941820,2023-02-10,P,2023-02-10,P
2941862,2022-11-26,LB,2022-11-26,LB
2941868,2022-11-26,P,2022-11-26,P
2941872,2022-11-29,LB,2022-11-29,LB
2941885,2023-02-16,LB,2023-02-16,LB
2941941,2025-04-16,LB,2025-04-16,LB
2941944,2022-11-30,LP,2022-11-30,LP
2941950,2022-11-30,LB,2022-11-30,LB
2941962,2023-12-15,LP,2023-12-15,LP
2942020,2023-08-17,LB,2023-08-17,LB
2942035,2023-09-20,LB,2023-09-20,LB
2942075,2022-12-05,LB,2022-12-05,LB
2942087,2022-12-06,P,2022-12-06,P
2942088,2022-12-06,P,2022-12-06,P
2942096,2022-12-06,LB,2022-12-06,LB
2942141,2022-12-08,LB,2022-12-08,LB
2942153,2023-06-20,LB,2023-06-20,LB
2942195,2023-06-05,LB,2023-06-05,LB
2942216,2022-12-11,LB,2022-12-11,LB
2942249,2022-12-12,LB,2022-12-12,LB
2942259,2022-12-12,P,2022-12-12,P
2942298,2022-12-14,LB,2022-12-14,LB
2942313,2022-12-14,P,2022-12-14,P
2942314,2022-12-14,LB,2022-12-14,LB
2942318,2023-09-12,LB,2023-09-12,LB
2942366,2022-12-16,LB,2022-12-16,LB
2942371,2023-09-12,LB,2023-09-12,LB
2942395,2022-12-16,LB,2022-12-16,LB
2942398,2022-12-16,LB,2022-12-16,LB
2942451,2022-12-18,LB,2022-12-18,LB
2942452,2022-12-18,LB,2022-12-18,LB
2942469,2022-12-19,LB,2022-12-19,LB
2942470,2025-11-10,LB,2025-11-10,LB
2942482,2022-12-30,LB,2022-12-30,LB
2942504,2022-12-26,LB,2022-12-26,LB
2942505,2022-12-20,P,2022-12-20,P
2942537,2022-12-21,LB,2022-12-21,LB
2942545,2022-12-29,P,2022-12-29,P
2942546,2022-12-21,LB,2022-12-21,LB
2942556,2022-12-21,P,2022-12-21,P
2942559,2022-12-21,LB,2022-12-21,LB
2942585,2023-10-20,LP,2023-10-20,LP
2942587,2022-12-22,P,2022-12-22,P
2942591,2022-12-22,LB,2022-12-22,LB
2942632,2022-12-23,LB,2022-12-23,LB
2942633,2022-12-23,P,2022-12-23,P
2942634,2022-12-23,LB,2022-12-23,LB
2942644,2023-05-12,LB,2023-05-12,LB
2942645,2023-09-27,LB,2023-09-27,LB
2942738,2023-01-04,LB,2023-01-04,LB
2942746,2022-12-27,P,2022-12-27,P
2942748,2023-12-13,P,2023-12-13,P
2942749,2023-12-13,LP,2023-12-13,LP
2942792,2022-12-30,LB,2022-12-30,LB
2942839,2022-12-31,P,2022-12-31,P
2942874,2023-09-08,LB,2023-09-08,LB
2942886,2023-01-03,LB,2023-01-03,LB
2942919,2023-01-09,LB,2023-01-09,LB
2942931,2023-01-05,LB,2023-01-05,LB
2942932,2023-09-15,LB,2023-09-15,LB
2942935,2025-08-14,LB,2025-08-14,LB
2942992,2023-01-07,P,2023-01-07,P
2942993,2023-01-07,P,2023-01-07,P
2943067,2023-01-10,LB,2023-01-10,LB
2943130,2023-01-12,LB,2023-01-12,LB
2943134,2023-01-13,LB,2023-01-13,LB
2943145,2024-10-14,VUS,2024-10-14,VUS
2943153,2023-01-13,B,2023-01-13,B
2943185,2025-10-13,LB,2025-10-13,LB
2943194,2023-01-14,LB,2023-01-14,LB
2943209,2023-01-14,P,2023-01-14,P
2943210,2023-01-14,LB,2023-01-14,LB
2943218,2023-03-01,LB,2023-03-01,LB
2943226,2023-01-15,LB,2023-01-15,LB
2943248,2023-01-15,LB,2023-01-15,LB
2943253,2023-07-16,LB,2023-07-16,LB
2943290,2023-01-16,LP,2023-01-16,LP
2943312,2023-01-17,LB,2023-01-17,LB
2943330,2023-01-17,P,2023-01-17,P
2943333,2023-01-17,LB,2023-01-17,LB
2943335,2023-01-17,LB,2023-01-17,LB
2943338,2023-01-17,LB,2023-01-17,LB
2943343,2023-01-22,LB,2023-01-22,LB
2943347,2023-01-17,LB,2023-01-17,LB
2943362,2023-01-17,LB,2023-01-17,LB
2943387,2023-11-24,LB,2023-11-24,LB
2943485,2023-01-21,LB,2023-01-21,LB
2943490,2023-01-21,P,2023-01-21,P
2943496,2023-01-21,VUS,2023-01-21,VUS
2943515,2023-01-31,LB,2023-01-31,LB
2943558,2024-01-29,LB,2024-01-29,LB
2943568,2023-01-24,LB,2023-01-24,LB
2943643,2023-01-26,LB,2023-01-26,LB
2943662,2023-01-27,LB,2023-01-27,LB
2943667,2023-06-07,LB,2023-06-07,LB
2943680,2023-01-28,LB,2023-01-28,LB
2943689,2023-01-28,LB,2023-01-28,LB
2943711,2023-12-16,LB,2023-12-16,LB
2943753,2023-06-23,LB,2023-06-23,LB
2943794,2025-03-30,LB,2025-03-30,LB
2943821,2023-02-16,LB,2023-02-16,LB
2943831,2023-02-01,LB,2023-02-01,LB
2943832,2023-07-31,LB,2023-07-31,LB
2943835,2023-04-20,LP,2023-04-20,LP
2943898,2023-02-03,LB,2023-02-03,LB
2943899,2023-02-03,LB,2023-02-03,LB
2943901,2023-02-15,P,2023-02-15,P
2943909,2023-02-03,LB,2023-02-03,LB
2943939,2023-02-04,LB,2023-02-04,LB
2943951,2024-02-07,LB,2024-02-07,LB
2943971,2023-02-05,LB,2023-02-05,LB
2944021,2022-11-26,LB,2022-11-26,LB
2944036,2023-02-20,LB,2023-02-20,LB
2944049,2023-02-08,P,2023-02-08,P
2944126,2023-11-11,LP,2025-03-19,LP
2944137,2023-09-05,LB,2023-09-05,LB
2944153,2023-02-11,LB,2023-02-11,LB
2944154,2023-02-11,LB,2023-02-11,LB
2944194,2023-02-14,P,2023-02-14,P
2944203,2023-02-13,P,2023-02-13,P
2944217,2023-12-06,LB,2023-12-06,LB
2944231,2023-02-24,LB,2023-02-24,LB
2944254,2023-02-14,VUS,2023-02-14,VUS
2944290,2025-12-29,LB,2025-12-29,LB
2944319,2023-02-14,LB,2023-02-14,LB
2944333,2023-02-16,LB,2023-02-16,LB
2944334,2023-02-16,P,2023-02-16,P
2944338,2023-09-27,LB,2023-09-27,LB
2944397,2023-02-16,LB,2023-02-16,LB
2944465,2023-02-21,LB,2023-02-21,LB
2944467,2023-02-18,LB,2023-02-18,LB
2944501,2023-02-18,LB,2023-02-18,LB
2944573,2023-02-21,P,2023-02-21,P
2944579,2023-03-01,P,2023-03-01,P
2944590,2022-12-20,VUS,2022-12-20,VUS
2944615,2023-02-22,LB,2023-02-22,LB
2944685,2023-02-24,P,2023-02-24,P
2944738,2023-02-26,LB,2023-02-26,LB
2944762,2024-08-05,LB,2024-08-05,LB
2944770,2023-02-27,LB,2023-02-27,LB
2944815,2023-02-28,LB,2023-02-28,LB
2944824,2023-10-30,LP,2023-10-30,LP
2944828,2023-03-08,LB,2023-03-08,LB
2944839,2024-01-07,LB,2024-01-07,LB
2944847,2023-12-02,P,2023-12-02,P
2944849,2023-03-01,LB,2023-03-01,LB
2944855,2017-01-01,P,2025-04-01,P
2944856,2023-11-20,LB,2023-11-20,LB
2944858,2023-03-01,P,2023-03-01,P
2944877,2023-03-02,LB,2023-03-02,LB
2944903,2023-03-02,LB,2023-03-02,LB
2944922,2023-03-03,P,2023-03-03,P
2944924,2025-11-08,LB,2025-11-08,LB
2944952,2023-03-04,LB,2023-03-04,LB
2944971,2023-07-03,LP,2023-07-03,LP
2944974,2023-03-04,LB,2023-03-04,LB
2944990,2023-04-08,LB,2023-04-08,LB
2945003,2023-12-30,LB,2023-12-30,LB
2945017,2023-09-08,LB,2023-09-08,LB
2945020,2023-03-07,LB,2023-03-07,LB
2945047,2023-03-07,LB,2023-03-07,LB
2945075,2023-03-08,P,2023-03-08,P
2945082,2023-03-19,LB,2023-03-19,LB
2945133,2023-03-08,P,2023-03-08,P
2945149,2023-03-08,LB,2023-03-08,LB
2945167,2023-03-11,LB,2023-03-11,LB
2945223,2023-03-11,LB,2023-03-11,LB
2945228,2023-12-02,P,2023-12-02,P
2945236,2023-10-05,LB,2023-10-05,LB
2945242,2023-03-12,LB,2023-03-12,LB
2945299,2023-03-14,LB,2023-03-14,LB
2945300,2025-11-17,LB,2025-11-17,LB
2945302,2023-11-30,LB,2023-11-30,LB
2945322,2025-03-17,LB,2025-03-17,LB
2945333,2023-03-26,LB,2023-03-26,LB
2945385,2023-03-17,LB,2023-03-17,LB
2945449,2023-04-07,LB,2023-04-07,LB
2945453,2023-12-04,LB,2023-12-04,LB
2945454,2023-03-18,LB,2023-03-18,LB
2945475,2023-04-25,LB,2023-04-25,LB
2945488,2023-03-19,LB,2023-03-19,LB
2945489,2023-03-19,LP,2023-03-19,LP
2945586,2023-03-21,LB,2023-03-21,LB
2945619,2025-03-31,P,2025-03-31,P
2945672,2023-03-23,LB,2023-03-23,LB
2945673,2023-03-23,LB,2023-03-23,LB
2945757,2026-01-21,B,2026-01-21,B
2945799,2023-03-26,LB,2023-03-26,LB
2945826,2023-03-26,LP,2023-03-26,LP
2945845,2023-03-27,LB,2023-03-27,LB
2945868,2023-03-27,LB,2023-03-27,LB
2945871,2023-03-27,LB,2023-03-27,LB
2945874,2023-03-27,LB,2023-03-27,LB
2945876,2023-03-27,LB,2023-03-27,LB
2945900,2025-12-17,LB,2025-12-17,LB
2945915,2023-03-28,LB,2023-03-28,LB
2945922,2023-03-28,LB,2023-03-28,LB
2945975,2023-11-15,VUS,2023-11-15,VUS
2945979,2023-11-21,P,2023-11-21,P
2945994,2023-03-30,LB,2023-03-30,LB
2946039,2023-03-31,LB,2023-03-31,LB
2946055,2023-04-02,LB,2023-04-02,LB
2946077,2023-04-03,LB,2023-04-03,LB
2946153,2023-04-06,LB,2023-04-06,LB
2946171,2024-01-05,LB,2024-01-05,LB
2946175,2023-04-06,LB,2023-04-06,LB
2946177,2023-04-06,LP,2023-04-06,LP
2946193,2024-01-04,LB,2024-01-04,LB
2946231,2023-07-16,LB,2023-07-16,LB
2946264,2024-05-20,LB,2024-05-20,LB
2946292,2023-04-07,LB,2023-04-07,LB
2946324,2024-10-22,LB,2024-10-22,LB
2946332,2023-04-08,LB,2023-04-08,LB
2946351,2023-04-08,LB,2023-04-08,LB
2946416,2023-04-09,LB,2023-04-09,LB
2946433,2023-04-09,LB,2023-04-09,LB
2946443,2024-02-09,LB,2024-02-09,LB
2946458,2023-04-09,LP,2023-04-09,LP
2946470,2023-08-28,LB,2023-08-28,LB
2946485,2023-09-24,LB,2023-09-24,LB
2946491,2023-04-13,LB,2023-04-13,LB
2946496,2023-09-19,VUS,2023-09-19,VUS
2946527,2023-07-30,LB,2023-07-30,LB
2946550,2023-04-11,LB,2023-04-11,LB
2946576,2023-04-11,LB,2023-04-11,LB
2946659,2023-11-06,LB,2023-11-06,LB
2946680,2023-04-13,P,2023-04-13,P
2946695,2025-07-20,LB,2025-07-20,LB
2946710,2023-04-14,LB,2023-04-14,LB
2946714,2023-11-24,LB,2023-11-24,LB
2946761,2023-03-31,LB,2023-03-31,LB
2946790,2023-04-15,LB,2023-04-15,LB
2946798,2023-04-15,LB,2023-04-15,LB
2946806,2025-11-01,LB,2025-11-01,LB
2946848,2023-04-17,LB,2023-04-17,LB
2946895,2023-04-18,P,2023-04-18,P
2946913,2023-04-19,LB,2023-04-19,LB
2946915,2023-04-20,LB,2023-04-20,LB
2946922,2023-04-19,P,2023-04-19,P
2947009,2023-09-21,LB,2023-09-21,LB
2947019,2023-04-22,LB,2023-04-22,LB
2947020,2023-04-22,LB,2023-04-22,LB
2947058,2025-01-23,VUS,2025-01-23,VUS
2947148,2023-04-26,LB,2023-04-26,LB
2947173,2023-04-26,LB,2023-04-26,LB
2947203,2023-08-28,LB,2023-08-28,LB
2947225,2025-06-06,LB,2025-06-06,LB
2947237,2023-04-28,LB,2023-04-28,LB
2947246,2024-02-19,LB,2024-02-19,LB
2947253,2023-05-18,LB,2023-05-18,LB
2947278,2024-11-05,LB,2024-11-05,LB
2947315,2023-04-30,LB,2023-04-30,LB
2947329,2023-04-30,LB,2023-04-30,LB
2947364,2023-06-15,LB,2023-06-15,LB
2947379,2023-05-17,LB,2023-05-17,LB
2947385,2023-05-01,LB,2023-05-01,LB
2947412,2023-05-02,LB,2023-05-02,LB
2947414,2023-07-17,LB,2023-07-17,LB
2947434,2023-05-02,LB,2023-05-02,LB
2947450,2024-01-08,LB,2024-01-08,LB
2947537,2023-05-16,LB,2023-05-16,LB
2947538,2023-05-23,LB,2023-05-23,LB
2947591,2023-07-12,LB,2023-07-12,LB
2947598,2023-05-19,VUS,2023-05-19,VUS
2947619,2023-09-30,LB,2023-09-30,LB
2947622,2023-05-11,P,2023-05-11,P
2947659,2025-03-06,LB,2025-03-06,LB
2947683,2023-05-12,P,2023-05-12,P
2947703,2023-05-13,P,2023-05-13,P
2947715,2023-05-17,LB,2023-05-17,LB
2947716,2023-11-01,B,2023-11-01,B
2947775,2023-05-15,LB,2023-05-15,LB
2947781,2023-05-15,LB,2023-05-15,LB
2947785,2025-08-06,LB,2025-08-06,LB
2947801,2023-05-16,LB,2023-05-16,LB
2947849,2023-05-16,VUS,2023-05-16,VUS
2947874,2023-12-30,LB,2023-12-30,LB
2947954,2023-05-19,LB,2023-05-19,LB
2948001,2022-11-25,LB,2022-11-25,LB
2948010,2023-06-14,LB,2023-06-14,LB
2948070,2023-05-22,LB,2023-05-22,LB
2948072,2023-05-22,P,2023-05-22,P
2948088,2023-05-22,P,2023-05-22,P
2948102,2023-05-22,LB,2023-05-22,LB
2948142,2023-11-17,LB,2023-11-17,LB
2948183,2023-05-24,LB,2023-05-24,LB
2948194,2023-05-24,P,2023-05-24,P
2948221,2023-07-31,P,2023-07-31,P
2948256,2023-06-02,LB,2023-06-02,LB
2948262,2022-12-18,P,2022-12-18,P
2948263,2023-05-26,LB,2023-05-26,LB
2948274,2023-05-27,LB,2023-05-27,LB
2948313,2023-05-28,LB,2023-05-28,LB
2948359,2023-09-03,P,2023-09-03,P
2948379,2023-05-30,LB,2023-05-30,LB
2948409,2023-05-31,LB,2023-05-31,LB
2948438,2023-06-02,LB,2023-06-02,LB
2948448,2023-06-02,LB,2023-06-02,LB
2948455,2023-06-02,LB,2023-06-02,LB
2948479,2023-06-29,LB,2023-06-29,LB
2948493,2023-06-03,LB,2023-06-03,LB
2948495,2024-03-16,LB,2024-03-16,LB
2948498,2023-09-26,LB,2023-09-26,LB
2948499,2023-06-03,LB,2023-06-03,LB
2948500,2023-06-11,LB,2023-06-11,LB
2948600,2023-11-02,B,2023-11-02,B
2948611,2023-06-05,LB,2023-06-05,LB
2948656,2023-06-07,LB,2023-06-07,LB
2948755,2023-08-16,LB,2023-08-16,LB
2948834,2023-06-29,LB,2023-06-29,LB
2948843,2023-06-14,LB,2023-06-14,LB
2948854,2023-07-26,LB,2023-07-26,LB
2948863,2023-06-14,P,2023-06-14,P
2948864,2023-06-14,LB,2023-06-14,LB
2948892,2023-08-16,P,2023-08-16,P
2948895,2023-06-15,LB,2023-06-15,LB
2948903,2025-05-08,LB,2025-05-08,LB
2948908,2023-06-15,LB,2023-06-15,LB
2948910,2023-06-16,LB,2023-06-16,LB
2948937,2023-06-16,P,2023-06-16,P
2948975,2023-06-17,P,2023-06-17,P
2948985,2024-01-16,LB,2024-01-16,LB
2949017,2023-06-19,P,2023-06-19,P
2949030,2023-12-07,LP,2023-12-07,LP
2949044,2023-06-20,LB,2023-06-20,LB
2949064,2023-06-28,LP,2023-06-28,LP
2949066,2023-06-20,P,2023-06-20,P
2949067,2023-06-20,LB,2023-06-20,LB
2949071,2023-06-20,LB,2023-06-20,LB
2949199,2023-06-20,LB,2023-06-20,LB
2949260,2023-06-26,LB,2023-06-26,LB
2949301,2023-06-25,P,2023-06-25,P
2949335,2023-06-27,LB,2023-06-27,LB
2949413,2023-06-28,LB,2023-06-28,LB
2949417,2023-06-28,LB,2023-06-28,LB
2949497,2024-01-11,LB,2024-01-11,LB
2949505,2026-01-28,LB,2026-01-28,LB
2949550,2024-03-02,P,2024-03-02,P
2949558,2023-07-13,LB,2023-07-13,LB
2949582,2025-02-06,LB,2025-02-06,LB
2949621,2023-07-07,P,2023-07-07,P
2949628,2023-07-07,LB,2023-07-07,LB
2949666,2023-09-28,VUS,2023-09-28,VUS
2949667,2023-09-28,VUS,2023-09-28,VUS
2949756,2023-07-10,LB,2023-07-10,LB
2949758,2023-07-10,LB,2023-07-10,LB
2949759,2023-07-10,LB,2023-07-10,LB
2949765,2025-05-25,LB,2025-05-25,LB
2949809,2023-07-13,LB,2023-07-13,LB
2949816,2023-07-12,LB,2023-07-12,LB
2949829,2023-07-13,LB,2023-07-13,LB
2949860,2023-07-14,LB,2023-07-14,LB
2949864,2023-07-14,P,2023-07-14,P
2949876,2023-07-15,LB,2023-07-15,LB
2949880,2023-07-16,LB,2023-07-16,LB
2949889,2023-07-16,P,2023-07-16,P
2949908,2023-07-25,VUS,2023-07-25,VUS
2949939,2023-07-16,LB,2023-07-16,LB
2949973,2023-07-17,LB,2023-07-17,LB
2950019,2023-11-24,LB,2023-11-24,LB
2950044,2023-07-18,LB,2023-07-18,LB
2950050,2023-07-19,LB,2023-07-19,LB
2950064,2023-07-19,P,2023-07-19,P
2950078,2023-07-19,LB,2023-07-19,LB
2950087,2024-01-11,LB,2024-01-11,LB
2950089,2023-07-19,P,2023-07-19,P
2950101,2023-07-19,LB,2023-07-19,LB
2950145,2023-07-20,LB,2023-07-20,LB
2950199,2023-12-01,LP,2023-12-01,LP
2950222,2023-07-24,P,2023-07-24,P
2950259,2023-07-25,LB,2023-07-25,LB
2950280,2023-07-27,LB,2023-07-27,LB
2950289,2023-07-25,LB,2023-07-25,LB
2950297,2023-06-27,LB,2023-06-27,LB
2950298,2025-03-05,LB,2025-03-05,LB
2950300,2023-10-19,LB,2023-10-19,LB
2950321,2023-07-31,LB,2023-07-31,LB
2950327,2023-03-18,LB,2023-03-18,LB
2950360,2023-07-27,LB,2023-07-27,LB
2950361,2023-07-27,LB,2023-07-27,LB
2950388,2023-07-28,LB,2023-07-28,LB
2950423,2023-11-19,LB,2023-11-19,LB
2950434,2023-07-29,LB,2023-07-29,LB
2950442,2023-08-07,LB,2023-08-07,LB
2950443,2023-07-29,LB,2023-07-29,LB
2950450,2023-07-29,LB,2023-07-29,LB
2950458,2023-07-29,P,2023-07-29,P
2950501,2023-07-30,LB,2023-07-30,LB
2950518,2023-08-06,LB,2023-08-06,LB
2950527,2023-09-18,LB,2023-09-18,LB
2950539,2023-08-01,LB,2023-08-01,LB
2950555,2023-08-01,LB,2023-08-01,LB
2950578,2023-08-02,LB,2023-08-02,LB
2950641,2023-08-03,LB,2023-08-03,LB
2950642,2023-08-04,LB,2023-08-04,LB
2950720,2023-08-05,P,2023-08-05,P
2950738,2023-10-05,LB,2023-10-05,LB
2950767,2023-08-08,LB,2023-08-08,LB
2950781,2023-08-07,LB,2023-08-07,LB
2950799,2023-08-14,LB,2023-08-14,LB
2950810,2023-08-08,LP,2023-08-08,LP
2950846,2023-08-10,P,2023-08-10,P
2950852,2023-08-10,LB,2023-08-10,LB
2950884,2023-08-11,LB,2023-08-11,LB
2950886,2023-11-13,LB,2023-11-13,LB
2950948,2023-08-14,P,2023-08-14,P
2950968,2023-02-01,LB,2023-02-01,LB
2950999,2023-08-16,LB,2023-08-16,LB
2951008,2023-09-01,LB,2023-09-01,LB
2951050,2023-10-22,LP,2023-10-22,LP
2951103,2023-08-25,LB,2023-08-25,LB
2951131,2023-08-19,P,2023-08-19,P
2951179,2023-08-22,LB,2023-08-22,LB
2951236,2023-08-24,LB,2023-08-24,LB
2951245,2023-08-24,P,2023-08-24,P
2951246,2023-08-24,LB,2023-08-24,LB
2951314,2023-08-28,LB,2023-08-28,LB
2951346,2023-08-29,P,2023-08-29,P
2951372,2023-08-29,LB,2023-08-29,LB
2951423,2023-08-30,LB,2023-08-30,LB
2951430,2023-08-30,LB,2023-08-30,LB
2951435,2023-08-30,LB,2023-08-30,LB
2951442,2024-01-22,VUS,2024-01-22,VUS
2951443,2023-11-07,LB,2023-11-07,LB
2951448,2023-11-08,LB,2023-11-08,LB
2951465,2023-08-31,P,2023-08-31,P
2951483,2023-08-31,P,2023-08-31,P
2951552,2025-12-11,LB,2025-12-11,LB
2951567,2023-09-03,P,2023-09-03,P
2951574,2023-09-10,LB,2023-09-10,LB
2951584,2023-09-03,LB,2023-09-03,LB
2951585,2023-09-03,P,2023-09-03,P
2951639,2023-09-05,LB,2023-09-05,LB
2951663,2023-09-06,P,2023-09-06,P
2951690,2023-09-06,LB,2023-09-06,LB
2951711,2024-01-17,LB,2024-01-17,LB
2951731,2023-09-13,VUS,2023-09-13,VUS
2951741,2023-09-19,LB,2023-09-19,LB
2951771,2023-09-28,VUS,2023-09-28,VUS
2951812,2024-09-30,LB,2024-09-30,LB
2951815,2023-09-10,P,2023-09-10,P
2951816,2023-09-12,LB,2023-09-12,LB
2951828,2023-10-29,LB,2023-10-29,LB
2951835,2023-09-10,LB,2023-09-10,LB
2951840,2023-09-23,LB,2023-09-23,LB
2951847,2023-09-11,LB,2023-09-11,LB
2951852,2023-09-11,LB,2023-09-11,LB
2951908,2025-10-12,LB,2025-10-12,LB
2951932,2023-09-25,LB,2023-09-25,LB
2951934,2023-09-15,LB,2023-09-15,LB
2951955,2023-09-22,LB,2023-09-22,LB
2951971,2023-09-15,LB,2023-09-15,LB
2951983,2023-09-17,LB,2023-09-17,LB
2951991,2023-09-18,LB,2023-09-18,LB
2952030,2023-11-12,LB,2023-11-12,LB
2952037,2023-09-19,VUS,2023-09-19,VUS
2952060,2022-01-06,LB,2023-06-04,LB
2952067,2023-09-19,LB,2023-09-19,LB
2952068,2023-09-19,LB,2023-09-19,LB
2952081,2025-04-27,LB,2025-04-27,LB
2952118,2023-09-21,LB,2023-09-21,LB
2952128,2023-09-21,P,2023-09-21,P
2952133,2023-11-27,LB,2023-11-27,LB
2952146,2023-10-07,P,2023-10-07,P
2952219,2023-09-23,LB,2023-09-23,LB
2952229,2023-09-24,LB,2023-09-24,LB
2952235,2023-09-24,P,2023-09-24,P
2952261,2023-09-25,LB,2023-09-25,LB
2952286,2023-09-26,LB,2023-09-26,LB
2952324,2023-09-27,LB,2023-09-27,LB
2952337,2023-09-27,P,2023-09-27,P
2952357,2023-09-29,LB,2023-09-29,LB
2952373,2023-09-29,LB,2023-09-29,LB
2952383,2023-09-29,LB,2023-09-29,LB
2952392,2023-09-30,LB,2023-09-30,LB
2952406,2025-01-27,P,2025-01-27,P
2952414,2023-10-02,LP,2023-10-02,LP
2952421,2023-11-05,LB,2023-11-05,LB
2952451,2023-10-04,LB,2023-10-04,LB
2952459,2023-10-04,P,2023-10-04,P
2952461,2023-10-04,LB,2023-10-04,LB
2952489,2023-10-04,LB,2023-10-04,LB
2952517,2023-10-04,LB,2024-08-07,LB
2952569,2023-10-20,P,2023-10-20,P
2952598,2023-10-06,LB,2023-10-06,LB
2952601,2023-10-06,LB,2023-10-06,LB
2952691,2023-10-08,LB,2023-10-08,LB
2952707,2023-10-09,LB,2023-10-09,LB
2952715,2023-05-15,LB,2023-05-15,LB
2952736,2024-11-11,LB,2024-11-11,LB
2952799,2023-10-12,LB,2023-10-12,LB
2952807,2024-03-11,LB,2024-03-11,LB
2952820,2023-10-13,LB,2023-10-13,LB
2952869,2023-10-14,P,2023-10-14,P
2952872,2023-10-14,LB,2023-10-14,LB
2952874,2023-10-14,LB,2023-10-14,LB
2952890,2024-06-25,B,2024-06-25,B
2952914,2023-06-10,LB,2023-06-10,LB
2952924,2023-10-16,LB,2023-10-16,LB
2952942,2023-10-16,LB,2023-10-16,LB
2952964,2025-10-23,LB,2025-10-23,LB
2952969,2023-10-16,LB,2023-10-16,LB
2952993,2023-10-17,LB,2023-10-17,LB
2953004,2023-10-17,LB,2023-10-17,LB
2953020,2023-10-18,LB,2023-10-18,LB
2953095,2023-10-20,P,2023-10-20,P
2953100,2023-10-20,LP,2023-10-20,LP
2953102,2023-10-20,P,2023-10-20,P
2953103,2023-10-20,LB,2023-10-20,LB
2953107,2024-02-08,LB,2024-02-08,LB
2953132,2023-10-23,LB,2023-10-23,LB
2953133,2024-01-22,LB,2024-01-22,LB
2953134,2023-11-16,LB,2023-11-16,LB
2953183,2023-11-07,LB,2023-11-07,LB
2953187,2023-10-22,LB,2023-10-22,LB
2953224,2023-10-23,LB,2023-10-23,LB
2953231,2023-10-23,P,2023-10-23,P
2953234,2023-10-23,LB,2023-10-23,LB
2953237,2023-10-23,P,2023-10-23,P
2953256,2023-10-24,LB,2023-10-24,LB
2953257,2023-10-24,LB,2023-10-24,LB
2953279,2023-10-25,LP,2023-10-25,LP
2953309,2023-10-27,LB,2023-10-27,LB
2953367,2025-02-17,LB,2025-02-17,LB
2953390,2024-05-20,LB,2024-05-20,LB
2953394,2023-03-02,LB,2023-03-02,LB
2953420,2023-10-30,LB,2023-10-30,LB
2953434,2023-10-31,LB,2023-10-31,LB
2953436,2023-10-31,P,2023-10-31,P
2953458,2023-11-08,LB,2023-11-08,LB
2953459,2023-11-08,LB,2023-11-08,LB
2953519,2023-11-03,LP,2023-11-03,LP
2953572,2023-11-05,LP,2023-11-05,LP
2953578,2023-11-05,LB,2023-11-05,LB
2953597,2023-11-05,P,2023-11-05,P
2953607,2023-11-17,LB,2023-11-17,LB
2953613,2023-11-06,P,2023-11-06,P
2953616,2023-11-06,P,2023-11-06,P
2953618,2023-11-06,LB,2023-11-06,LB
2953639,2025-06-02,LB,2025-06-02,LB
2953668,2023-11-05,LB,2023-11-05,LB
2953690,2023-11-08,LB,2023-11-08,LB
2953700,2023-11-08,LB,2023-11-08,LB
2953713,2023-11-17,P,2023-11-17,P
2953714,2023-11-09,LB,2023-11-09,LB
2953737,2023-11-10,LB,2023-11-10,LB
2953738,2023-11-10,P,2023-11-10,P
2953818,2026-01-11,LB,2026-01-11,LB
2953831,2023-11-13,LP,2023-11-13,LP
2953850,2023-11-15,LB,2023-11-15,LB
2953865,2023-11-14,P,2023-11-14,P
2953866,2023-11-14,LB,2023-11-14,LB
2953879,2023-11-14,P,2023-11-14,P
2953937,2023-11-17,LB,2023-11-17,LB
2953938,2023-11-17,LB,2023-11-17,LB
2953953,2023-11-17,LP,2023-11-17,LP
2953957,2023-11-17,LB,2023-11-17,LB
2954045,2026-01-20,LB,2026-01-20,LB
2954053,2023-11-19,LB,2023-11-19,LB
2954104,2023-04-28,P,2023-04-28,P
2954164,2023-11-24,LB,2023-11-24,LB
2954167,2023-11-24,LB,2023-11-24,LB
2954172,2024-10-14,LB,2024-10-14,LB
2954178,2025-05-26,LB,2025-05-26,LB
2954189,2024-02-05,LB,2024-02-05,LB
2954191,2023-11-24,LB,2023-11-24,LB
2954259,2023-11-28,P,2023-11-28,P
2954267,2023-06-23,LB,2023-06-23,LB
2954276,2023-11-28,P,2023-11-28,P
2954284,2023-01-07,LB,2023-01-07,LB
2954295,2024-01-08,LB,2024-01-08,LB
2954298,2023-11-28,LB,2023-11-28,LB
2954306,2023-11-29,LB,2023-11-29,LB
2954316,2023-11-30,LP,2023-11-30,LP
2954338,2023-12-01,LB,2023-12-01,LB
2954446,2023-12-05,LB,2023-12-05,LB
2954475,2023-12-06,LP,2023-12-06,LP
2954513,2023-12-17,LB,2023-12-17,LB
2954556,2023-12-10,LB,2023-12-10,LB
2955072,2023-10-15,LB,2023-10-15,LB
2955543,2025-08-18,LP,2025-08-18,LP
2956154,2023-02-11,P,2023-02-11,P
2956720,2023-10-03,LB,2023-10-03,LB
2957053,2025-05-18,LB,2025-05-18,LB
2957242,2023-11-04,LB,2023-11-04,LB
2957569,2023-01-18,LB,2023-01-18,LB
2957877,2024-01-11,VUS,2024-03-28,VUS
2958079,2022-08-26,LB,2026-01-21,LB
2958122,2025-03-25,LB,2025-03-25,LB
2958439,2023-12-09,LB,2023-12-09,LB
2958943,2021-05-11,LB,2025-03-06,LB
2959329,2024-11-11,LB,2024-11-11,LB
2959632,2023-08-30,LB,2023-08-30,LB
2960019,2024-01-24,LB,2024-01-24,LB
2960626,2023-08-10,LB,2023-08-10,LB
2960771,2026-02-01,LB,2026-02-01,LB
2960866,2023-03-01,LB,2023-03-01,LB
2961161,2024-01-04,LB,2024-01-04,LB
2961280,2025-02-20,LB,2025-02-20,LB
2961296,2023-09-11,LB,2023-09-11,LB
2961343,2022-10-27,LB,2022-10-27,LB
2961793,2023-09-12,LB,2023-09-12,LB
2962519,2024-07-04,LB,2024-07-04,LB
2962617,2023-11-20,LB,2023-11-20,LB
2962657,2022-11-24,LB,2022-11-24,LB
2962818,2023-10-06,LB,2023-10-06,LB
2962964,2025-08-26,LB,2025-08-26,LB
2963775,2023-05-23,LB,2023-05-23,LB
2963860,2025-02-17,LB,2025-04-21,LB
2963985,2025-03-13,LB,2025-03-13,LB
2964018,2024-09-08,LB,2024-09-08,LB
2965195,2023-02-17,LB,2023-02-17,LB
2965479,2023-08-30,LB,2023-08-30,LB
2965564,2024-02-02,LB,2024-02-02,LB
2965994,2023-12-18,P,2023-12-18,P
2966976,2023-02-16,LB,2023-02-16,LB
2967132,2024-04-29,LB,2024-04-29,LB
2967236,2024-10-22,LB,2024-10-22,LB
2967475,2022-11-10,LB,2022-11-10,LB
2968464,2023-08-16,LB,2023-08-16,LB
2970479,2023-02-24,LB,2023-02-24,LB
2974123,2023-08-14,LB,2023-08-14,LB
2974870,2024-10-16,VUS,2024-10-16,VUS
2974988,2022-11-10,LB,2022-11-10,LB
2975333,2023-11-20,P,2023-11-20,P
2975401,2023-05-21,LB,2023-05-21,LB
2976746,2024-04-01,LB,2024-04-01,LB
2977300,2023-11-28,LB,2023-11-28,LB
2977517,2023-01-19,LB,2023-01-19,LB
2978952,2023-06-14,LB,2023-06-14,LB
2979264,2022-10-31,LB,2022-10-31,LB
2979388,2022-12-14,LB,2022-12-14,LB
2981261,2024-06-29,LB,2024-06-29,LB
2982013,2023-07-31,LB,2023-07-31,LB
2982283,2024-06-03,P,2024-06-03,P
2982522,2023-11-19,LB,2023-11-19,LB
2984538,2023-05-05,LB,2023-05-05,LB
2985497,2023-04-19,LB,2023-04-19,LB
2985758,2024-05-13,LB,2024-05-13,LB
2985883,2025-02-03,LB,2025-02-03,LB
2986424,2024-09-30,VUS,2025-12-15,VUS
2987477,2023-04-28,LB,2023-04-28,LB
2987816,2023-07-19,LB,2023-07-19,LB
2988496,2024-08-14,LB,2024-08-14,LB
2992405,2023-08-04,LB,2023-08-04,LB
2992711,2023-10-05,LB,2023-10-05,LB
2993027,2023-07-24,LB,2023-07-24,LB
2993910,2024-05-19,LB,2024-05-19,LB
2994532,2023-11-20,LB,2023-11-20,LB
2995558,2023-04-22,LB,2023-04-22,LB
2995925,2023-06-25,LB,2023-06-25,LB
2996386,2023-10-26,LB,2023-10-26,LB
2996949,2023-12-18,LB,2023-12-18,LB
2998786,2024-12-04,LB,2024-12-04,LB
3000453,2024-01-22,LP,2024-01-22,LP
3000841,2023-09-08,LB,2023-09-08,LB
3001017,2023-08-06,P,2023-08-06,P
3001569,2023-02-08,LB,2023-02-08,LB
3002714,2025-03-04,LB,2025-03-04,LB
3002723,2023-08-10,LB,2023-08-10,LB
3003294,2025-12-19,LB,2025-12-19,LB
3004230,2022-12-14,LB,2022-12-14,LB
3004709,2023-11-10,LB,2023-11-10,LB
3004726,2023-03-14,LB,2023-03-14,LB
3004765,2025-09-21,VUS,2025-09-21,VUS
3004797,2023-06-08,LB,2023-06-08,LB
3005020,2023-10-15,P,2023-10-15,P
3005771,2026-01-04,LB,2026-01-04,LB
3005912,2023-08-07,LB,2023-08-07,LB
3006435,2023-03-18,LB,2023-03-18,LB
3006515,2023-03-03,LB,2023-03-03,LB
3006860,2022-11-19,LB,2022-11-19,LB
3006915,2023-05-17,LB,2023-05-17,LB
3007042,2024-01-25,LB,2024-01-25,LB
3008992,2024-04-08,LB,2024-04-08,LB
3011041,2023-06-05,LB,2023-06-05,LB
3011161,2019-05-02,LB,2023-07-20,LB
3011765,2023-07-15,LB,2023-07-15,LB
3012026,2024-01-29,LB,2024-01-29,LB
3012237,2025-04-14,LB,2025-04-14,LB
3012675,2025-09-06,LB,2025-09-06,LB
3013024,2023-12-13,LB,2023-12-13,LB
3013798,2022-03-16,LB,2025-10-25,LB
3014140,2023-10-13,LB,2023-10-13,LB
3014559,2024-01-02,LB,2024-01-02,LB
3014710,2023-02-15,LB,2023-02-15,LB
3015258,2024-01-25,LB,2024-01-25,LB
3015376,2023-04-26,LB,2023-04-26,LB
3016346,2023-06-14,LB,2023-06-14,LB
3016407,2023-05-12,LB,2023-05-12,LB
3016410,2023-09-04,LB,2023-09-04,LB
3016513,2025-06-08,LB,2025-06-08,LB
3016545,2023-02-19,LB,2023-02-19,LB
3016979,2024-02-01,LB,2024-02-01,LB
3016982,2023-03-21,LB,2023-03-21,LB
3016989,2024-10-24,LB,2024-10-24,LB
3017128,2021-06-26,LB,2024-02-23,LB
3017197,2023-08-10,LB,2023-08-10,LB
3017521,2023-09-08,LB,2023-09-08,LB
3017575,2023-02-01,P,2023-02-01,P
3017673,2023-03-14,LB,2023-03-14,LB
3017890,2023-03-04,LB,2023-03-04,LB
3018171,2023-11-17,LB,2023-11-17,LB
3018512,2023-06-24,LB,2023-06-24,LB
3018555,2024-11-18,LB,2024-11-18,LB
3018725,2025-09-02,P,2025-09-02,P
3018792,2023-10-07,LB,2023-10-07,LB
3019092,2023-07-23,P,2023-07-23,P
3019105,2025-02-17,LB,2025-02-17,LB
3019143,2023-10-08,P,2024-03-26,P
3019406,2023-11-13,LB,2023-11-13,LB
3019498,2023-04-08,LB,2023-04-08,LB
3019838,2023-01-25,LB,2023-01-25,LB
3019927,2023-08-24,VUS,2023-08-24,VUS
3020530,2023-07-06,LB,2023-07-06,LB
3020672,2023-04-05,LB,2023-04-05,LB
3021363,2024-07-31,LB,2024-07-31,LB
3021503,2023-11-02,LB,2023-11-02,LB
3021911,2025-02-10,LB,2025-02-10,LB
3022020,2023-04-06,LB,2023-04-06,LB
3022642,2024-03-23,P,2024-03-23,P
3024595,2024-01-01,P,2024-01-01,P
3024613,2024-01-01,VUS,2024-01-01,VUS
3024614,2024-01-01,P,2024-01-01,P
3026146,2024-02-01,VUS,2024-02-01,VUS
3026829,2024-01-01,LB,2024-01-01,LB
3027104,2024-02-01,VUS,2024-02-01,VUS
3027132,2024-02-01,LB,2024-03-20,LB
3027191,2024-08-01,LB,2024-08-01,LB
3028238,2023-10-01,VUS,2023-10-01,VUS
3028239,2023-10-01,VUS,2023-10-01,VUS
3028240,2023-10-01,VUS,2023-10-01,VUS
3028242,2023-10-01,LP,2023-10-01,LP
3028243,2023-10-01,VUS,2023-10-01,VUS
3028244,2023-10-01,VUS,2023-10-01,VUS
3028246,2023-10-01,VUS,2023-10-01,VUS
3028247,2023-10-01,VUS,2023-10-01,VUS
3028248,2023-10-01,VUS,2023-10-01,VUS
3028250,2023-10-01,VUS,2023-10-01,VUS
3028251,2023-10-01,VUS,2023-10-01,VUS
3028252,2023-10-01,VUS,2025-05-30,VUS
3028254,2023-10-01,P,2023-10-01,P
3028255,2023-10-01,VUS,2023-10-01,VUS
3028256,2023-10-01,VUS,2023-10-01,VUS
3028257,2023-10-01,VUS,2023-10-01,VUS
3028258,2023-10-01,VUS,2023-10-01,VUS
3028259,2023-10-01,VUS,2023-10-01,VUS
3028260,2023-10-01,VUS,2023-10-01,VUS
3028262,2023-10-01,VUS,2023-10-01,VUS
3028263,2023-10-01,VUS,2023-10-01,VUS
3028264,2023-10-01,VUS,2023-10-01,VUS
3028265,2023-10-01,LP,2023-10-01,LP
3028266,2023-10-01,VUS,2023-10-01,VUS
3028267,2023-10-01,VUS,2023-10-01,VUS
3028268,2023-10-01,LP,2023-10-01,LP
3028270,2023-10-01,VUS,2023-10-01,VUS
3028271,2023-10-01,VUS,2023-10-01,VUS
3028979,2023-11-21,LB,2023-11-21,LB
3029007,2024-02-08,LB,2024-02-08,LB
3029114,2021-07-12,LB,2021-07-12,LB
3029518,2024-01-11,VUS,2024-01-11,VUS
3029595,2021-07-12,LB,2021-07-12,LB
3029597,2022-01-07,LB,2022-01-07,LB
3029794,2021-07-16,LB,2021-07-16,LB
3029854,2023-12-17,VUS,2023-12-31,VUS
3029884,2023-12-19,LB,2025-12-25,LB
3029979,2021-03-29,LB,2021-03-29,LB
3029984,2023-11-14,LP,2024-05-13,LP
3030074,2021-07-09,LB,2021-07-09,LB
3030217,2023-12-12,VUS,2023-12-12,VUS
3030338,2023-11-21,VUS,2023-11-21,VUS
3030541,2024-01-30,VUS,2024-01-30,VUS
3030671,2023-06-16,LB,2023-06-16,LB
3030745,2021-03-10,LB,2021-03-10,LB
3030753,2023-10-26,VUS,2023-10-26,VUS
3030955,2023-06-16,LB,2023-06-16,LB
3031024,2022-10-21,LB,2025-03-26,LB
3031157,2021-04-01,LB,2021-04-01,LB
3031263,2021-04-29,LB,2021-04-29,LB
3031300,2021-03-10,LB,2021-03-10,LB
3031375,2020-11-09,LB,2020-11-09,LB
3031489,2022-05-03,LB,2022-05-03,LB
3031544,2024-01-04,LB,2024-01-04,LB
3031727,2024-01-05,VUS,2024-01-05,VUS
3031868,2023-10-24,VUS,2023-10-24,VUS
3032190,2020-10-16,LB,2020-10-16,LB
3032329,2020-09-28,LB,2020-09-28,LB
3032365,2020-10-14,LB,2020-10-14,LB
3032442,2020-08-26,LB,2020-08-26,LB
3032655,2020-10-19,LB,2024-07-19,LB
3032756,2020-08-31,LB,2020-08-31,LB
3032777,2020-11-03,LB,2020-11-03,LB
3033050,2020-09-01,LB,2020-09-01,LB
3033086,2023-10-18,VUS,2023-10-18,VUS
3033325,2023-12-19,VUS,2023-12-19,VUS
3033403,2023-12-15,VUS,2023-12-15,VUS
3033780,2019-06-17,LB,2019-06-17,LB
3034484,2020-10-20,LB,2020-10-20,LB
3034566,2019-08-12,LB,2024-07-10,LB
3035024,2022-12-29,LB,2022-12-29,LB
3035066,2023-12-27,LP,2023-12-27,LP
3035710,2022-12-29,LB,2022-12-29,LB
3035763,2022-12-29,LB,2022-12-29,LB
3036026,2020-07-07,LB,2020-07-07,LB
3036160,2024-01-30,VUS,2024-01-30,VUS
3037065,2021-05-10,LB,2021-05-10,LB
3037117,2020-06-26,LB,2020-06-26,LB
3037747,2019-05-02,LB,2019-05-02,LB
3040186,2019-11-15,LB,2019-11-15,LB
3040575,2023-09-21,LB,2023-09-21,LB
3041703,2019-04-26,LB,2019-04-26,LB
3041828,2024-02-23,VUS,2025-10-01,VUS
3042085,2019-05-13,LB,2019-05-13,LB
3042711,2022-01-17,LB,2026-01-03,LB
3043185,2019-11-13,LB,2019-11-13,LB
3043406,2019-10-16,B,2019-10-16,B
3044361,2023-12-18,LB,2023-12-18,LB
3044694,2020-02-10,LB,2020-02-10,LB
3044819,2023-06-05,LB,2023-06-05,LB
3045116,2023-04-27,LB,2023-04-27,LB
3045671,2022-05-05,LB,2022-05-05,LB
3046047,2023-08-24,LB,2025-01-07,LB
3046194,2023-08-29,LB,2023-08-29,LB
3047203,2023-05-17,LB,2023-05-17,LB
3047328,2023-08-18,LB,2023-08-18,LB
3047564,2021-03-30,LB,2021-03-30,LB
3047604,2024-02-21,LB,2024-02-21,LB
3047761,2023-10-17,LB,2023-10-17,LB
3047807,2022-08-31,LB,2024-06-23,LB
3047954,2022-05-06,LB,2022-05-06,LB
3048667,2023-06-11,LB,2023-06-11,LB
3048681,2022-03-10,LB,2022-03-10,LB
3048686,2022-06-08,LB,2024-07-19,LB
3048945,2022-05-06,LB,2022-05-06,LB
3049777,2023-07-30,LB,2025-10-16,LB
3049929,2019-07-12,LB,2025-03-30,LB
3050548,2024-01-31,VUS,2024-01-31,VUS
3051117,2022-12-22,LB,2022-12-22,LB
3051162,2024-02-15,VUS,2024-02-15,VUS
3051244,2023-08-24,LB,2024-03-13,LB
3051325,2020-02-11,LB,2020-02-11,LB
3051616,2023-10-25,VUS,2023-10-25,VUS
3052212,2022-10-31,LB,2022-10-31,LB
3052253,2022-08-06,LB,2022-08-06,LB
3053395,2019-09-04,LB,2025-07-15,LB
3053731,2023-05-16,LB,2023-05-16,LB
3054296,2024-02-10,VUS,2024-03-20,VUS
3054503,2024-01-31,VUS,2024-01-31,VUS
3054696,2022-09-19,LB,2022-09-19,LB
3054942,2020-11-27,LB,2020-11-27,LB
3056674,2021-06-18,LB,2021-06-18,LB
3057039,2022-01-16,LB,2022-01-16,LB
3057372,2024-01-04,VUS,2025-08-28,VUS
3058176,2022-02-19,LB,2022-02-19,LB
3058224,2022-01-20,LB,2022-01-20,LB
3058509,2021-06-03,LB,2021-06-03,LB
3058889,2019-05-02,LB,2019-05-02,LB
3059798,2020-04-17,LB,2020-04-17,LB
3060132,2023-09-21,LB,2023-09-21,LB
3060240,2021-12-23,LB,2021-12-23,LB
3060396,2024-01-11,VUS,2024-01-11,VUS
3061084,2024-02-27,LP,2024-02-27,LP
3061194,2024-03-01,LB,2024-03-01,LB
3061259,2024-02-27,LB,2024-02-27,LB
3061351,2024-02-20,VUS,2024-02-20,VUS
3061406,2024-02-06,VUS,2024-02-06,VUS
3061435,2024-02-27,VUS,2024-02-27,VUS
3061581,2024-01-08,VUS,2025-04-10,VUS
3063597,2022-03-02,P,2022-03-02,P
3063842,2024-01-11,VUS,2024-01-11,VUS
3064818,2024-03-25,VUS,2024-03-25,VUS
3064978,2024-03-25,VUS,2024-03-25,VUS
3065000,2024-03-25,VUS,2024-03-25,VUS
3065199,2024-03-26,VUS,2024-03-26,VUS
3065725,2024-03-29,LB,2024-03-29,LB
3065772,2024-03-29,VUS,2025-08-12,VUS
3065827,2024-03-29,LP,2024-03-29,LP
3065864,2024-03-29,VUS,2024-03-29,VUS
3066043,2022-03-02,LP,2022-03-02,LP
3066093,2023-07-17,VUS,2023-07-17,VUS
3066152,2023-09-05,VUS,2025-08-01,VUS
3066276,2024-02-09,P,2024-02-09,P
3066340,2022-08-11,VUS,2022-08-11,VUS
3067547,2024-03-01,VUS,2024-03-01,VUS
3067629,2024-03-01,P,2024-03-01,P
3067977,2024-04-04,LP,2024-04-04,LP
3068206,2024-04-04,VUS,2024-04-04,VUS
3068539,2024-04-09,P,2024-04-09,P
3075695,2022-04-24,P,2022-04-24,P
3075955,2023-09-12,LP,2023-09-12,LP
3100256,2024-02-27,VUS,2024-02-27,VUS
3100257,2024-01-19,VUS,2024-01-19,VUS
3100258,2024-01-16,VUS,2024-01-16,VUS
3100259,2024-01-17,VUS,2024-01-17,VUS
3100260,2023-12-21,VUS,2023-12-21,VUS
3100262,2024-01-02,VUS,2024-01-02,VUS
3100263,2024-01-24,VUS,2024-01-24,VUS
3100264,2024-01-04,VUS,2024-02-13,VUS
3100266,2024-02-21,VUS,2024-02-21,VUS
3100267,2024-01-02,VUS,2024-06-17,VUS
3100268,2022-10-25,VUS,2022-10-25,VUS
3110262,2024-02-21,VUS,2024-02-21,VUS
3110263,2024-01-16,VUS,2024-01-16,VUS
3110264,2023-12-26,VUS,2023-12-26,VUS
3110265,2024-03-07,VUS,2024-03-07,VUS
3110266,2023-12-12,VUS,2023-12-12,VUS
3110267,2024-02-28,VUS,2025-12-30,VUS
3110269,2023-12-26,VUS,2024-05-24,VUS
3110270,2024-03-07,VUS,2024-03-07,VUS
3110271,2023-12-27,VUS,2023-12-27,VUS
3110272,2024-01-22,VUS,2024-01-22,VUS
3110397,2023-09-23,VUS,2023-09-23,VUS
3110399,2024-02-28,VUS,2024-02-28,VUS
3127019,2023-12-13,VUS,2025-05-14,VUS
3127020,2023-10-20,VUS,2023-10-20,VUS
3127021,2023-12-28,VUS,2023-12-28,VUS
3127022,2024-03-01,VUS,2024-03-01,VUS
3127023,2023-12-12,VUS,2023-12-12,VUS
3127024,2023-12-26,VUS,2023-12-26,VUS
3127025,2025-05-16,VUS,2025-05-16,VUS
3127026,2024-02-13,VUS,2024-02-13,VUS
3127027,2024-01-09,VUS,2024-01-09,VUS
3127028,2023-10-17,VUS,2023-10-17,VUS
3127029,2023-11-29,VUS,2023-11-29,VUS
3127030,2023-09-29,VUS,2023-09-29,VUS
3127031,2023-11-03,VUS,2023-11-03,VUS
3127032,2024-05-09,VUS,2024-05-09,VUS
3127033,2023-12-18,VUS,2026-01-14,VUS
3142619,2023-11-28,LB,2023-11-28,LB
3142620,2024-01-09,VUS,2024-01-09,VUS
3142621,2024-01-03,VUS,2024-01-03,VUS
3142623,2023-11-18,VUS,2024-02-01,VUS
3142624,2023-11-17,VUS,2023-11-17,VUS
3142626,2024-02-17,VUS,2024-02-17,VUS
3142627,2024-01-22,VUS,2024-01-22,VUS
3142628,2024-01-29,VUS,2026-01-08,VUS
3142630,2023-09-20,VUS,2023-09-20,VUS
3142631,2023-12-20,VUS,2023-12-20,VUS
3142792,2024-01-04,VUS,2024-01-04,VUS
3142793,2023-12-28,VUS,2023-12-28,VUS
3142794,2023-12-12,VUS,2023-12-12,VUS
3142796,2023-10-04,VUS,2023-10-04,VUS
3142797,2023-10-17,VUS,2023-10-17,VUS
3142799,2024-01-30,VUS,2024-01-30,VUS
3142800,2023-11-17,VUS,2023-11-17,VUS
3155989,2024-02-28,VUS,2024-02-28,VUS
3155990,2024-01-04,VUS,2024-01-04,VUS
3155992,2023-09-26,VUS,2023-09-26,VUS
3155993,2023-10-05,VUS,2023-10-05,VUS
3158889,2023-11-14,VUS,2023-11-14,VUS
3158890,2024-01-30,VUS,2025-10-22,VUS
3158891,2023-12-13,VUS,2023-12-13,VUS
3179614,2021-06-15,VUS,2021-06-15,VUS
3179615,2024-02-13,VUS,2024-02-13,VUS
3179616,2024-03-04,VUS,2024-03-04,VUS
3179617,2024-01-29,VUS,2024-01-29,VUS
3184161,2024-02-21,VUS,2024-07-18,VUS
3184164,2023-10-03,VUS,2023-10-03,VUS
3184166,2024-02-05,VUS,2024-02-05,VUS
3184167,2023-12-12,VUS,2023-12-12,VUS
3184168,2023-12-11,VUS,2023-12-11,VUS
3184170,2023-10-05,VUS,2023-10-05,VUS
3184171,2024-03-05,VUS,2024-03-05,VUS
3189880,2023-11-29,VUS,2023-11-29,VUS
3189881,2024-02-28,VUS,2024-02-28,VUS
3189882,2024-02-26,VUS,2024-02-26,VUS
3189883,2023-12-21,VUS,2024-04-18,VUS
3189884,2023-12-31,VUS,2023-12-31,VUS
3189885,2023-10-04,VUS,2023-10-04,VUS
3189886,2023-11-02,VUS,2023-11-02,VUS
3189887,2023-12-19,VUS,2023-12-19,VUS
3189888,2023-09-20,VUS,2023-09-20,VUS
3192344,2023-12-20,VUS,2024-01-31,VUS
3192358,2023-12-17,VUS,2023-12-17,VUS
3192361,2024-03-04,VUS,2024-03-04,VUS
3192384,2023-12-27,VUS,2023-12-27,VUS
3192417,2023-12-22,VUS,2023-12-22,VUS
3192426,2024-03-01,VUS,2024-03-01,VUS
3195655,2024-02-27,VUS,2024-02-27,VUS
3195656,2023-09-29,VUS,2023-09-29,VUS
3195657,2023-11-07,VUS,2024-12-12,VUS
3195658,2024-01-23,VUS,2024-01-23,VUS
3195659,2023-09-26,VUS,2023-09-26,VUS
3195660,2023-10-17,VUS,2023-10-17,VUS
3195661,2024-01-22,VUS,2025-01-21,VUS
3201639,2023-12-31,VUS,2023-12-31,VUS
3201640,2023-12-17,VUS,2023-12-17,VUS
3201641,2024-01-23,VUS,2024-01-23,VUS
3201642,2024-01-04,VUS,2024-01-04,VUS
3201643,2023-12-19,VUS,2023-12-19,VUS
3201644,2024-03-04,VUS,2024-03-04,VUS
3201645,2024-02-28,VUS,2024-02-28,VUS
3201646,2024-02-21,VUS,2024-02-21,VUS
3201648,2024-01-02,VUS,2024-01-02,VUS
3201650,2024-02-05,VUS,2024-02-05,VUS
3201651,2023-12-20,VUS,2023-12-20,VUS
3201652,2024-01-31,VUS,2024-01-31,VUS
3201653,2023-11-07,VUS,2023-11-07,VUS
3201654,2024-06-15,VUS,2025-09-22,VUS
3201655,2023-12-18,VUS,2023-12-18,VUS
3201656,2023-12-21,LB,2023-12-21,LB
3201657,2023-12-16,VUS,2023-12-21,VUS
3201659,2024-02-06,LB,2024-02-06,LB
3201661,2024-01-03,LB,2024-01-03,LB
3201662,2023-09-22,VUS,2023-09-22,VUS
3220927,2024-03-14,LP,2024-03-14,LP
3234097,2023-08-21,P,2023-08-21,P
3234717,2024-04-01,VUS,2024-04-01,VUS
3236030,2022-04-12,VUS,2022-04-12,VUS
3236203,2022-02-09,VUS,2022-02-09,VUS
3236239,2023-10-25,VUS,2026-01-21,VUS
3236364,2024-03-12,VUS,2024-03-12,VUS
3236677,2024-05-22,VUS,2024-05-22,VUS
3236798,2024-02-21,VUS,2024-02-21,VUS
3239949,2024-02-29,LP,2024-02-29,LP
3239951,2024-02-02,LP,2024-02-02,LP
3239953,2023-11-22,LP,2023-11-22,LP
3241083,2024-03-30,LP,2024-03-30,LP
3241085,2024-03-27,LP,2024-03-27,LP
3241086,2024-03-23,LP,2024-03-23,LP
3241087,2024-03-19,LP,2024-03-19,LP
3241088,2024-03-18,LP,2024-03-18,LP
3241089,2024-03-18,LP,2024-03-18,LP
3241090,2024-03-14,LP,2025-01-29,LP
3241091,2024-03-14,LP,2024-03-14,LP
3241092,2024-01-24,LP,2024-05-31,LP
3241093,2024-03-10,LP,2024-03-10,LP
3241094,2024-03-09,LP,2024-03-09,LP
3241095,2024-03-07,LP,2024-03-07,LP
3241096,2024-03-05,P,2024-03-05,P
3241097,2024-03-02,LP,2024-03-02,LP
3241098,2024-02-28,LP,2024-02-28,LP
3241099,2024-02-28,LP,2024-02-28,LP
3241100,2024-02-25,LP,2024-02-25,LP
3241101,2024-02-22,LP,2024-02-22,LP
3241102,2024-02-22,LP,2024-02-22,LP
3241103,2024-02-21,LP,2024-02-21,LP
3241104,2024-02-20,LP,2024-02-20,LP
3241105,2024-02-17,LP,2024-02-17,LP
3241106,2024-02-17,LP,2024-02-17,LP
3241107,2024-02-09,LP,2024-02-09,LP
3241108,2024-02-04,LP,2024-02-04,LP
3241109,2024-02-04,LP,2024-02-04,LP
3241111,2024-01-23,LP,2024-01-23,LP
3241112,2024-01-16,LP,2024-01-16,LP
3241113,2023-12-29,LP,2023-12-29,LP
3241115,2023-12-24,LP,2023-12-24,LP
3241116,2023-12-20,LP,2023-12-20,LP
3241118,2023-12-19,LP,2023-12-19,LP
3241119,2023-12-14,LP,2023-12-14,LP
3241120,2023-12-14,LP,2023-12-14,LP
3241122,2023-12-07,LP,2023-12-07,LP
3241123,2023-11-27,LP,2023-11-27,LP
3241124,2023-11-22,LP,2023-11-22,LP
3241125,2023-11-18,LP,2023-11-18,LP
3241126,2023-11-15,LP,2023-11-15,LP
3241127,2023-11-14,LP,2023-11-14,LP
3241128,2023-11-07,LP,2023-11-07,LP
3241773,2024-03-26,P,2024-03-26,P
3241774,2024-03-21,LP,2024-03-21,LP
3241775,2024-03-17,P,2024-03-17,P
3241776,2024-03-12,P,2024-03-12,P
3241778,2024-02-22,LP,2024-02-22,LP
3241779,2024-01-11,P,2024-01-11,P
3241780,2023-12-27,LP,2023-12-27,LP
3241781,2023-12-15,LP,2023-12-15,LP
3241782,2023-11-28,LP,2023-11-28,LP
3241783,2023-11-03,LP,2023-11-03,LP
3242274,2017-08-03,P,2017-08-03,P
3242282,2021-05-11,P,2021-05-11,P
3243369,2023-11-06,P,2023-11-06,P
3243370,2023-05-21,P,2023-05-21,P
3243372,2023-08-08,P,2023-08-08,P
3243373,2020-01-14,LP,2020-01-14,LP
3244267,2020-09-21,LP,2020-09-21,LP
3244268,2023-06-16,P,2023-06-16,P
3244269,2023-05-13,P,2023-05-13,P
3244270,2023-03-28,P,2023-03-28,P
3244272,2023-04-23,P,2023-04-23,P
3244273,2023-02-16,P,2023-02-16,P
3244274,2023-03-04,P,2023-03-04,P
3244275,2023-08-11,LP,2023-08-11,LP
3244276,2020-07-25,LP,2020-07-25,LP
3244277,2023-08-17,P,2023-08-17,P
3244278,2023-11-19,P,2023-11-19,P
3244450,2023-05-22,P,2023-05-22,P
3244666,2022-09-01,VUS,2022-09-01,VUS
3245128,2023-04-20,LB,2023-04-20,LB
3245129,2023-09-19,P,2023-09-19,P
3245130,2023-11-09,P,2023-11-09,P
3245131,2023-03-01,P,2023-03-01,P
3245132,2023-08-09,LP,2023-08-09,LP
3245133,2023-12-30,P,2023-12-30,P
3245134,2023-09-09,LP,2023-09-09,LP
3245137,2023-02-10,P,2023-02-10,P
3245503,2023-01-03,P,2023-01-03,P
3245504,2023-03-18,P,2023-03-18,P
3246692,2022-11-24,P,2022-11-24,P
3246870,2022-12-12,P,2022-12-12,P
3247192,2023-04-09,P,2023-04-09,P
3247200,2023-12-10,P,2023-12-10,P
3247201,2023-12-31,P,2023-12-31,P
3247202,2023-02-28,P,2023-02-28,P
3247203,2024-01-31,B,2024-01-31,B
3247205,2023-12-14,LP,2023-12-14,LP
3247696,2023-08-28,LP,2023-08-28,LP
3247836,2022-02-05,P,2022-02-05,P
3247837,2022-12-27,P,2022-12-27,P
3247838,2023-10-05,VUS,2023-10-05,VUS
3247839,2023-10-05,P,2023-10-05,P
3247844,2023-10-03,VUS,2023-10-03,VUS
3247845,2023-03-09,VUS,2023-03-09,VUS
3247965,2022-03-16,VUS,2022-03-16,VUS
3248036,2022-10-25,VUS,2022-10-25,VUS
3248712,2021-01-01,VUS,2021-01-01,VUS
3248829,2020-01-01,P,2020-01-01,P
3248840,2021-01-01,VUS,2021-01-01,VUS
3248871,2022-01-01,LP,2022-01-01,LP
3248917,2022-01-01,VUS,2022-01-01,VUS
3248932,2020-01-01,VUS,2020-01-01,VUS
3248937,2020-01-01,P,2020-01-01,P
3248971,2022-01-01,P,2022-01-01,P
3249123,2022-01-01,VUS,2022-01-01,VUS
3249154,2013-01-01,VUS,2013-01-01,VUS
3249162,2022-01-01,VUS,2022-01-01,VUS
3249209,2022-01-01,VUS,2022-01-01,VUS
3249274,2022-01-01,VUS,2022-01-01,VUS
3249336,2022-01-01,VUS,2022-01-01,VUS
3249378,2022-01-01,VUS,2022-01-01,VUS
3249389,2022-01-01,VUS,2022-01-01,VUS
3249397,2022-01-01,VUS,2022-01-01,VUS
3249484,2023-01-01,VUS,2025-07-24,VUS
3249502,2023-01-01,VUS,2023-01-01,VUS
3249527,2023-01-01,VUS,2023-01-01,VUS
3249538,2023-01-01,VUS,2023-01-01,VUS
3249566,2023-01-01,VUS,2023-01-01,VUS
3249576,2023-01-01,VUS,2023-01-01,VUS
3249647,2023-01-01,P,2023-01-01,P
3249695,2023-01-01,VUS,2023-01-01,VUS
3249966,2012-01-01,VUS,2012-01-01,VUS
3249969,2012-01-01,VUS,2012-01-01,VUS
3249985,2007-01-01,P,2007-01-01,P
3249994,2009-01-01,P,2009-01-01,P
3250000,2010-01-01,P,2025-05-08,P
3250079,2021-01-01,P,2021-01-01,P
3250093,2022-01-01,VUS,2022-01-01,VUS
3250111,2022-01-01,VUS,2024-04-15,VUS
3250116,2022-01-01,VUS,2022-01-01,VUS
3250131,2023-01-01,VUS,2023-01-01,VUS
3250139,2023-01-01,VUS,2023-01-01,VUS
3250164,2023-01-01,VUS,2023-01-01,VUS
3250204,2018-01-01,VUS,2018-01-01,VUS
3250321,2018-01-01,VUS,2018-01-01,VUS
3250333,2022-01-01,P,2022-01-01,P
3250345,2019-01-01,P,2023-12-20,P
3251909,2024-04-17,VUS,2024-04-17,VUS
3253087,2023-12-07,VUS,2023-12-07,VUS
3254675,2023-07-17,VUS,2023-07-17,VUS
3254726,2023-07-17,VUS,2023-07-17,VUS
3255478,2024-07-04,LP,2024-07-04,LP
3255568,2021-08-03,LP,2025-09-15,LP
3255577,2020-02-25,LP,2020-02-25,LP
3255590,2023-08-04,LP,2023-08-04,LP
3256580,2024-01-09,LP,2024-01-09,LP
3256581,2024-01-09,LP,2024-01-09,LP
3256606,2024-08-08,P,2024-08-08,P
3256607,2025-09-30,P,2025-09-30,P
3266042,2024-03-15,VUS,2024-03-15,VUS
3266043,2024-05-10,VUS,2024-05-10,VUS
3266045,2024-05-12,VUS,2024-05-12,VUS
3266046,2024-05-24,VUS,2024-05-24,VUS
3266047,2024-06-16,VUS,2024-06-16,VUS
3266143,2024-03-21,VUS,2024-03-21,VUS
3266144,2024-03-21,VUS,2024-03-21,VUS
3266145,2024-03-12,VUS,2024-04-08,VUS
3266146,2024-04-09,VUS,2024-04-09,VUS
3266147,2024-04-09,VUS,2024-04-09,VUS
3266148,2024-04-19,VUS,2024-04-19,VUS
3266149,2024-04-20,VUS,2024-04-20,VUS
3266151,2024-04-26,VUS,2024-04-26,VUS
3266152,2024-04-27,VUS,2024-04-27,VUS
3266153,2024-06-11,VUS,2024-06-11,VUS
3266154,2024-05-15,VUS,2024-05-15,VUS
3266155,2024-06-17,VUS,2024-06-17,VUS
3266156,2024-01-09,VUS,2024-06-17,VUS
3281597,2024-04-15,VUS,2024-04-15,VUS
3281598,2024-05-02,VUS,2024-05-02,VUS
3281599,2024-04-20,VUS,2024-04-20,VUS
3281600,2024-05-30,LB,2024-05-30,LB
3281601,2024-05-26,VUS,2024-05-26,VUS
3286272,2024-04-15,VUS,2024-04-29,VUS
3286273,2024-04-22,VUS,2024-04-22,VUS
3286274,2024-04-26,VUS,2024-04-26,VUS
3286275,2024-05-01,VUS,2024-05-01,VUS
3286276,2024-05-29,VUS,2024-05-29,VUS
3298380,2024-03-25,LB,2024-03-25,LB
3298393,2024-05-10,VUS,2024-05-10,VUS
3298412,2024-03-18,VUS,2024-03-18,VUS
3298421,2024-03-19,LB,2024-03-19,LB
3298432,2024-04-16,VUS,2024-04-16,VUS
3299236,2024-04-24,VUS,2024-04-24,VUS
3299237,2024-04-20,VUS,2024-04-20,VUS
3299239,2024-06-07,VUS,2024-06-07,VUS
3300781,2024-03-19,VUS,2024-03-19,VUS
3300782,2024-06-18,VUS,2024-06-18,VUS
3300783,2024-04-15,LB,2024-04-15,LB
3300784,2024-06-02,LB,2024-06-02,LB
3300785,2024-06-17,VUS,2024-06-17,VUS
3300786,2024-05-20,VUS,2024-05-20,VUS
3300788,2024-03-25,VUS,2024-03-25,VUS
3300789,2024-04-18,VUS,2024-04-18,VUS
3300790,2024-04-26,VUS,2024-04-26,VUS
3300791,2024-05-14,VUS,2024-05-14,VUS
3300792,2024-05-20,VUS,2024-05-20,VUS
3300796,2024-03-26,VUS,2024-03-26,VUS
3300797,2024-05-29,VUS,2024-05-29,VUS
3300798,2024-03-28,VUS,2024-03-28,VUS
3300799,2024-05-02,VUS,2024-05-02,VUS
3315156,2024-04-12,VUS,2024-04-12,VUS
3315158,2024-04-30,VUS,2024-04-30,VUS
3316794,2024-03-18,VUS,2024-03-18,VUS
3316795,2024-03-19,VUS,2024-03-19,VUS
3316796,2024-03-30,VUS,2024-03-30,VUS
3316797,2024-03-30,VUS,2024-03-30,VUS
3316798,2024-06-03,VUS,2024-06-03,VUS
3327170,2024-04-08,VUS,2024-04-08,VUS
3329806,2024-03-30,VUS,2024-03-30,VUS
3329807,2024-06-18,VUS,2024-06-18,VUS
3332738,2024-05-31,VUS,2024-05-31,VUS
3332739,2024-03-23,VUS,2024-03-23,VUS
3332740,2024-03-25,VUS,2024-03-25,VUS
3332741,2024-05-22,VUS,2024-05-22,VUS
3332742,2024-05-10,VUS,2024-05-10,VUS
3332743,2024-05-16,VUS,2024-05-16,VUS
3332744,2024-06-10,VUS,2024-06-10,VUS
3335718,2024-04-08,VUS,2024-04-08,VUS
3335719,2024-03-22,VUS,2024-03-22,VUS
3335720,2024-03-16,VUS,2024-03-16,VUS
3335721,2024-04-26,VUS,2024-04-26,VUS
3335722,2024-05-20,VUS,2024-05-20,VUS
3336290,2025-12-09,VUS,2025-12-09,VUS
3337182,2022-05-27,LP,2022-05-27,LP
3337697,2022-05-27,VUS,2022-05-27,VUS
3337802,2023-03-01,VUS,2023-03-01,VUS
3339142,2024-07-03,P,2024-07-03,P
3339385,2024-07-31,P,2024-07-31,P
3339443,2024-07-19,B,2024-07-19,B
3339996,2024-06-18,VUS,2024-06-18,VUS
3339999,2024-06-18,VUS,2024-06-18,VUS
3341360,2023-05-20,VUS,2023-05-20,VUS
3341790,2024-08-01,VUS,2024-08-01,VUS
3342859,2023-08-24,LP,2023-08-24,LP
3343016,2023-04-07,VUS,2025-09-02,VUS
3343241,2023-04-28,VUS,2023-04-28,VUS
3343276,2023-05-05,VUS,2023-05-05,VUS
3344073,2024-09-06,VUS,2024-11-01,VUS
3344108,2024-08-08,LB,2024-08-08,LB
3344126,2024-08-21,VUS,2024-08-21,VUS
3344129,2024-09-18,VUS,2024-09-18,VUS
3344169,2024-05-27,VUS,2024-05-27,VUS
3344244,2024-04-09,VUS,2024-04-09,VUS
3344254,2024-09-16,LP,2024-09-16,LP
3344267,2024-05-15,LB,2024-05-15,LB
3344365,2024-09-25,VUS,2024-09-25,VUS
3344399,2024-06-06,LB,2024-06-06,LB
3344427,2024-09-06,VUS,2024-09-06,VUS
3344433,2024-09-03,LP,2024-09-03,LP
3344439,2024-04-29,VUS,2024-08-02,VUS
3344485,2024-04-19,VUS,2024-04-19,VUS
3344543,2024-07-10,VUS,2024-07-10,VUS
3344577,2024-06-12,LB,2024-06-12,LB
3344620,2024-08-22,VUS,2024-08-22,VUS
3344622,2024-09-16,VUS,2024-09-16,VUS
3344643,2024-08-23,LB,2024-08-23,LB
3344673,2024-06-25,VUS,2024-06-25,VUS
3344674,2024-05-14,VUS,2024-05-14,VUS
3344779,2024-08-26,VUS,2024-08-26,VUS
3344802,2024-08-10,VUS,2024-08-10,VUS
3344806,2024-09-25,VUS,2024-09-25,VUS
3344842,2024-04-18,LB,2024-04-18,LB
3344885,2024-08-24,LB,2024-08-24,LB
3344895,2024-08-13,VUS,2024-08-13,VUS
3344921,2024-04-08,VUS,2024-04-08,VUS
3345083,2024-09-15,VUS,2024-09-15,VUS
3345088,2024-04-22,VUS,2024-04-22,VUS
3345093,2024-07-30,VUS,2024-07-30,VUS
3345101,2024-07-01,VUS,2024-07-01,VUS
3345114,2024-07-29,VUS,2024-07-29,VUS
3345132,2024-08-07,LB,2024-08-07,LB
3345138,2024-08-20,VUS,2024-08-20,VUS
3345243,2024-07-03,LP,2024-07-03,LP
3345259,2024-08-20,VUS,2024-08-20,VUS
3345356,2024-08-05,VUS,2024-08-05,VUS
3345404,2024-04-25,LP,2024-04-25,LP
3345438,2024-06-06,VUS,2025-02-03,VUS
3345472,2023-11-27,LP,2023-11-27,LP
3345473,2024-09-06,VUS,2024-09-06,VUS
3345486,2024-09-12,LB,2024-09-12,LB
3345546,2024-04-13,VUS,2025-02-10,VUS
3345581,2024-08-22,VUS,2024-08-22,VUS
3345635,2024-09-06,VUS,2024-09-06,VUS
3345638,2024-05-03,VUS,2024-05-03,VUS
3345747,2024-07-29,VUS,2024-07-29,VUS
3345754,2024-05-03,VUS,2024-10-07,VUS
3345763,2024-08-16,LP,2024-08-16,LP
3345804,2024-08-28,LB,2024-08-28,LB
3346002,2024-06-17,VUS,2024-07-27,VUS
3346028,2024-09-20,VUS,2024-09-20,VUS
3346099,2024-08-29,LB,2024-08-29,LB
3346110,2024-07-30,LB,2024-07-30,LB
3346192,2024-05-10,VUS,2024-05-10,VUS
3346198,2024-08-13,VUS,2024-08-13,VUS
3346252,2024-06-25,LP,2024-06-25,LP
3346279,2024-07-31,VUS,2024-07-31,VUS
3346301,2024-08-22,VUS,2024-08-22,VUS
3346318,2024-07-11,VUS,2024-07-11,VUS
3346393,2024-06-18,VUS,2024-06-18,VUS
3346412,2024-04-25,VUS,2024-04-25,VUS
3346421,2024-08-06,VUS,2024-08-06,VUS
3346454,2024-06-10,LP,2024-06-10,LP
3346562,2024-08-30,VUS,2024-08-30,VUS
3346587,2024-08-24,LB,2024-08-24,LB
3346600,2024-09-10,VUS,2024-09-10,VUS
3346676,2024-05-28,LB,2024-05-28,LB
3346741,2024-07-24,P,2024-07-24,P
3346800,2024-08-06,VUS,2024-08-06,VUS
3346821,2024-09-12,VUS,2024-09-12,VUS
3346835,2024-06-19,VUS,2024-06-19,VUS
3346841,2024-08-06,VUS,2024-08-06,VUS
3346874,2024-07-26,VUS,2024-07-26,VUS
3346891,2024-08-20,LB,2024-08-20,LB
3346918,2024-08-02,VUS,2024-08-02,VUS
3346919,2024-05-27,VUS,2024-05-27,VUS
3346922,2024-08-30,VUS,2024-08-30,VUS
3346959,2024-04-07,VUS,2024-04-23,VUS
3346966,2024-05-06,LP,2024-05-06,LP
3346988,2024-06-20,LB,2024-06-20,LB
3347008,2024-07-25,VUS,2024-07-25,VUS
3347055,2024-05-14,VUS,2024-05-14,VUS
3347067,2024-06-25,VUS,2024-06-25,VUS
3347103,2024-09-11,P,2024-09-11,P
3347189,2024-04-03,VUS,2024-04-03,VUS
3347201,2024-07-10,VUS,2024-07-10,VUS
3347281,2024-07-19,LB,2024-07-19,LB
3347314,2024-09-25,VUS,2024-09-25,VUS
3347328,2024-07-15,VUS,2024-07-15,VUS
3347340,2024-09-11,VUS,2024-09-11,VUS
3347371,2024-08-27,VUS,2024-08-27,VUS
3347518,2024-08-08,LB,2024-08-08,LB
3347523,2024-05-17,VUS,2024-05-17,VUS
3347540,2024-07-29,VUS,2024-07-29,VUS
3347615,2024-05-31,VUS,2024-05-31,VUS
3347619,2024-08-06,VUS,2024-08-06,VUS
3347635,2024-04-02,VUS,2024-04-16,VUS
3347645,2024-08-24,VUS,2024-08-24,VUS
3347649,2024-08-08,LB,2024-08-08,LB
3347655,2024-07-29,VUS,2024-07-29,VUS
3347695,2024-06-26,VUS,2024-06-26,VUS
3347729,2024-09-09,LB,2024-09-09,LB
3347738,2024-07-17,VUS,2024-07-17,VUS
3347739,2024-03-27,VUS,2024-05-07,VUS
3347753,2024-06-01,LB,2024-06-01,LB
3347785,2024-01-01,VUS,2024-07-05,VUS
3347823,2024-05-01,VUS,2024-05-01,VUS
3347874,2024-07-03,VUS,2024-07-03,VUS
3347903,2024-07-22,VUS,2024-07-22,VUS
3347920,2024-06-10,LB,2024-06-10,LB
3347938,2024-05-03,VUS,2024-05-03,VUS
3347998,2024-02-14,VUS,2024-02-14,VUS
3348005,2024-07-15,VUS,2024-07-15,VUS
3348014,2024-08-15,VUS,2024-08-15,VUS
3348015,2024-06-08,LB,2024-06-08,LB
3348078,2023-10-31,LB,2023-10-31,LB
3348089,2024-05-18,VUS,2024-08-07,VUS
3348097,2024-01-02,LB,2024-01-02,LB
3348133,2024-03-05,VUS,2024-03-05,VUS
3348144,2024-03-15,VUS,2024-03-15,VUS
3348170,2023-10-25,VUS,2023-10-25,VUS
3348178,2024-03-28,VUS,2024-03-28,VUS
3348199,2024-09-06,VUS,2024-09-06,VUS
3348278,2024-02-08,VUS,2024-02-08,VUS
3348290,2023-11-28,VUS,2025-02-17,VUS
3348311,2023-12-27,VUS,2023-12-27,VUS
3348334,2024-02-14,VUS,2024-03-15,VUS
3348337,2024-01-05,LB,2024-01-05,LB
3348338,2024-01-03,VUS,2024-12-20,VUS
3348351,2024-03-23,VUS,2024-03-23,VUS
3348378,2024-07-29,VUS,2025-09-27,VUS
3348403,2024-03-15,VUS,2024-03-15,VUS
3348445,2024-01-17,VUS,2024-01-17,VUS
3348457,2024-03-28,VUS,2024-03-28,VUS
3348518,2024-02-21,VUS,2024-02-21,VUS
3348651,2023-11-27,VUS,2023-11-27,VUS
3348653,2024-03-05,P,2024-03-05,P
3348655,2023-11-12,VUS,2023-11-12,VUS
3348679,2024-07-03,VUS,2024-07-03,VUS
3348729,2023-12-19,VUS,2023-12-19,VUS
3348745,2024-04-04,VUS,2024-04-04,VUS
3348788,2024-03-06,VUS,2024-05-28,VUS
3348926,2024-02-07,VUS,2024-02-07,VUS
3348948,2023-10-31,VUS,2024-07-16,VUS
3348956,2024-03-18,LB,2024-03-18,LB
3348975,2024-03-08,LP,2024-03-08,LP
3349001,2023-11-15,VUS,2023-11-15,VUS
3349021,2023-11-14,VUS,2023-11-14,VUS
3349068,2024-01-25,VUS,2024-01-25,VUS
3349103,2024-08-12,VUS,2025-01-08,VUS
3349156,2024-02-16,VUS,2024-02-16,VUS
3349222,2024-05-08,LP,2024-05-08,LP
3349244,2024-08-21,LB,2024-08-21,LB
3349267,2024-02-22,VUS,2024-02-22,VUS
3349287,2024-07-29,LB,2024-07-29,LB
3349319,2024-01-18,VUS,2024-01-18,VUS
3349332,2024-02-23,VUS,2024-02-23,VUS
3349396,2024-01-22,P,2024-01-22,P
3349494,2024-08-09,LB,2024-08-09,LB
3349580,2024-03-23,VUS,2024-03-23,VUS
3349583,2023-11-30,VUS,2023-11-30,VUS
3349661,2024-02-16,VUS,2024-02-28,VUS
3349680,2023-10-18,VUS,2023-10-18,VUS
3349728,2023-10-18,LB,2023-10-18,LB
3349734,2023-11-15,VUS,2023-11-15,VUS
3349738,2023-11-08,VUS,2023-11-08,VUS
3349779,2024-03-15,VUS,2024-03-15,VUS
3349811,2024-03-05,LB,2024-03-05,LB
3349857,2024-04-01,LP,2024-04-01,LP
3349859,2023-08-28,LB,2023-08-28,LB
3349915,2024-03-08,VUS,2024-03-08,VUS
3349984,2024-02-07,VUS,2024-02-21,VUS
3349994,2023-12-23,VUS,2024-03-07,VUS
3349995,2023-08-16,LB,2023-08-16,LB
3350015,2023-11-13,VUS,2023-11-13,VUS
3350072,2024-02-06,VUS,2024-02-06,VUS
3350095,2024-07-15,VUS,2024-09-27,VUS
3350120,2024-04-09,VUS,2024-08-22,VUS
3350130,2024-03-25,VUS,2024-03-25,VUS
3350155,2024-03-22,VUS,2024-03-22,VUS
3350162,2024-02-21,VUS,2024-02-21,VUS
3350235,2024-04-01,VUS,2024-04-01,VUS
3350248,2024-04-18,LB,2024-04-18,LB
3350249,2024-07-10,VUS,2024-07-10,VUS
3350282,2023-06-15,VUS,2025-08-23,VUS
3350314,2024-05-08,VUS,2024-05-08,VUS
3350328,2024-08-19,VUS,2024-08-19,VUS
3350439,2024-08-23,VUS,2024-08-23,VUS
3350590,2024-08-05,VUS,2024-08-05,VUS
3350592,2023-12-01,VUS,2023-12-01,VUS
3350625,2023-12-12,VUS,2023-12-12,VUS
3350655,2024-03-27,LB,2024-03-27,LB
3350956,2024-06-12,VUS,2025-05-20,VUS
3351170,2024-05-20,LP,2024-05-20,LP
3351171,2024-08-14,VUS,2024-08-14,VUS
3351177,2022-12-27,LB,2022-12-27,LB
3351311,2024-06-18,VUS,2024-06-18,VUS
3351342,2023-01-27,LB,2023-01-27,LB
3351388,2024-07-05,VUS,2024-07-05,VUS
3351393,2023-01-27,LB,2023-01-27,LB
3351416,2024-06-06,VUS,2024-06-06,VUS
3351478,2024-04-09,VUS,2024-04-09,VUS
3351665,2024-06-07,VUS,2024-06-07,VUS
3351678,2023-01-27,LB,2023-01-27,LB
3351686,2022-01-18,LB,2022-01-18,LB
3351925,2024-08-29,VUS,2025-08-11,VUS
3351971,2023-12-15,VUS,2023-12-15,VUS
3352014,2024-08-05,VUS,2024-08-05,VUS
3352093,2024-04-26,VUS,2024-05-03,VUS
3352102,2020-07-02,LB,2020-07-02,LB
3352134,2024-06-30,VUS,2024-06-30,VUS
3352172,2024-04-17,VUS,2024-04-17,VUS
3352175,2024-09-18,LB,2024-09-18,LB
3352270,2024-09-18,VUS,2024-09-18,VUS
3352273,2024-09-05,VUS,2024-09-05,VUS
3352367,2024-08-05,LB,2024-08-05,LB
3352375,2024-09-11,VUS,2024-09-11,VUS
3352385,2024-08-21,VUS,2024-08-21,VUS
3352454,2024-08-07,LB,2024-08-07,LB
3352529,2023-10-18,VUS,2023-10-18,VUS
3352571,2024-04-16,LB,2024-04-16,LB
3352629,2024-07-15,VUS,2024-07-15,VUS
3352650,2024-07-17,LP,2024-07-17,LP
3352833,2024-07-02,VUS,2024-07-02,VUS
3352872,2024-06-19,VUS,2024-06-19,VUS
3352969,2024-04-23,VUS,2024-08-31,VUS
3353011,2024-05-17,LB,2024-07-15,LB
3353108,2024-04-10,VUS,2024-11-07,VUS
3353125,2024-05-07,VUS,2025-03-24,VUS
3353163,2024-08-07,VUS,2024-08-07,VUS
3353247,2023-11-27,VUS,2023-11-27,VUS
3353306,2024-04-18,VUS,2024-04-18,VUS
3353429,2024-04-04,VUS,2024-04-04,VUS
3353462,2023-11-02,VUS,2023-11-02,VUS
3353476,2022-10-07,LB,2022-10-07,LB
3353482,2024-07-01,VUS,2024-07-01,VUS
3353517,2024-02-01,VUS,2026-01-07,VUS
3353563,2022-06-16,LB,2022-06-16,LB
3353649,2024-03-14,VUS,2024-08-14,VUS
3353699,2024-03-04,LB,2024-03-04,LB
3353708,2022-04-28,LB,2022-04-28,LB
3353735,2024-06-21,VUS,2024-06-21,VUS
3353771,2022-06-28,LB,2022-06-28,LB
3353897,2024-01-31,VUS,2024-01-31,VUS
3353948,2023-12-08,VUS,2023-12-08,VUS
3353958,2024-07-30,VUS,2024-07-30,VUS
3353964,2022-03-21,LB,2022-03-21,LB
3353986,2024-08-31,VUS,2024-08-31,VUS
3354025,2023-11-06,VUS,2023-11-06,VUS
3354146,2024-03-28,VUS,2024-03-28,VUS
3354248,2024-04-09,VUS,2024-04-09,VUS
3354249,2023-12-19,LP,2024-06-26,LP
3354387,2024-07-15,VUS,2024-07-15,VUS
3354398,2022-09-09,LB,2022-09-09,LB
3354463,2024-06-25,VUS,2024-06-25,VUS
3354604,2024-03-11,VUS,2024-03-11,VUS
3354655,2024-04-18,VUS,2025-12-01,VUS
3354677,2024-07-26,LB,2024-07-26,LB
3354789,2024-05-23,LB,2024-05-23,LB
3354842,2024-05-24,LP,2024-05-24,LP
3354959,2021-10-18,LB,2026-01-26,LB
3354978,2021-12-14,LB,2021-12-14,LB
3355004,2024-08-07,VUS,2024-08-07,VUS
3355058,2024-09-14,VUS,2024-09-14,VUS
3355259,2024-06-11,VUS,2025-07-03,VUS
3355260,2023-10-31,VUS,2023-10-31,VUS
3355286,2022-11-29,LB,2022-11-29,LB
3355360,2024-06-28,VUS,2024-06-28,VUS
3355380,2021-12-29,LB,2021-12-29,LB
3355381,2024-05-09,LB,2025-04-30,LB
3355413,2021-12-20,LB,2021-12-20,LB
3355459,2024-09-11,VUS,2024-09-11,VUS
3355474,2021-11-04,LB,2021-11-04,LB
3355475,2023-03-03,LB,2023-03-03,LB
3355490,2021-09-13,LB,2021-09-13,LB
3355507,2024-01-09,LB,2024-01-09,LB
3355515,2024-09-25,VUS,2025-10-18,VUS
3355520,2022-02-08,LB,2022-02-08,LB
3355569,2023-12-15,VUS,2023-12-15,VUS
3355573,2024-04-30,VUS,2024-04-30,VUS
3355600,2022-03-14,LB,2022-03-14,LB
3355635,2024-02-14,VUS,2025-04-07,VUS
3355659,2024-09-25,VUS,2024-09-25,VUS
3355662,2024-09-06,VUS,2024-09-06,VUS
3355687,2024-07-25,VUS,2024-07-25,VUS
3355752,2024-04-29,VUS,2024-04-29,VUS
3355799,2024-08-05,LB,2024-08-05,LB
3355806,2023-12-20,VUS,2024-01-09,VUS
3355845,2021-10-26,LB,2021-10-26,LB
3355850,2024-03-05,VUS,2024-03-05,VUS
3355897,2024-09-02,LB,2024-09-02,LB
3355969,2024-07-08,VUS,2024-07-08,VUS
3356017,2023-03-16,LB,2023-03-16,LB
3356018,2024-08-29,LB,2024-08-29,LB
3356088,2023-12-05,LB,2023-12-05,LB
3356112,2024-01-03,VUS,2024-01-03,VUS
3356119,2024-08-20,VUS,2024-08-20,VUS
3356147,2024-07-31,VUS,2024-07-31,VUS
3356164,2024-08-19,VUS,2024-08-19,VUS
3356166,2024-01-01,VUS,2025-11-13,VUS
3356178,2024-08-09,VUS,2024-08-09,VUS
3356180,2024-09-18,VUS,2024-09-18,VUS
3356288,2023-07-18,LB,2023-07-18,LB
3356343,2024-07-10,VUS,2024-07-10,VUS
3356344,2024-05-22,VUS,2024-05-22,VUS
3356378,2024-08-07,VUS,2024-08-07,VUS
3356407,2023-03-07,LB,2023-03-07,LB
3356409,2023-06-16,LB,2023-06-16,LB
3356412,2024-06-22,VUS,2025-05-23,VUS
3356469,2024-08-09,LB,2024-08-09,LB
3356552,2024-08-30,VUS,2024-08-30,VUS
3356573,2024-03-12,VUS,2024-03-12,VUS
3356591,2024-03-06,VUS,2024-10-16,VUS
3356602,2024-04-22,VUS,2024-04-22,VUS
3356654,2023-02-17,LB,2023-02-17,LB
3356741,2023-02-01,LB,2023-02-01,LB
3356772,2024-05-22,VUS,2024-05-22,VUS
3356788,2024-08-05,VUS,2024-08-05,VUS
3356794,2024-07-29,VUS,2024-07-29,VUS
3356910,2024-03-26,LP,2025-09-18,LP
3356916,2024-06-26,LB,2024-06-26,LB
3356918,2024-08-27,VUS,2024-08-27,VUS
3356922,2022-09-30,LB,2022-09-30,LB
3356953,2024-06-01,VUS,2024-06-01,VUS
3356971,2024-09-04,VUS,2024-09-04,VUS
3356978,2024-09-04,VUS,2024-09-04,VUS
3357276,2024-08-13,VUS,2024-08-13,VUS
3357280,2021-05-18,LB,2021-05-18,LB
3357371,2024-09-03,VUS,2024-09-03,VUS
3357372,2024-07-12,VUS,2024-07-12,VUS
3357379,2024-06-22,LB,2024-06-22,LB
3357391,2021-05-24,LB,2021-05-24,LB
3357418,2023-10-20,LB,2023-10-20,LB
3357420,2021-06-27,LB,2021-06-27,LB
3357421,2024-07-30,LB,2025-12-30,LB
3357447,2021-07-12,LB,2021-07-12,LB
3357638,2024-07-02,VUS,2024-07-02,VUS
3357659,2024-04-03,VUS,2024-04-03,VUS
3357669,2024-01-31,VUS,2024-01-31,VUS
3357680,2024-08-05,LB,2024-08-05,LB
3357686,2024-08-11,VUS,2024-08-11,VUS
3357810,2024-08-27,LB,2024-08-27,LB
3357909,2023-10-24,VUS,2023-10-24,VUS
3357969,2024-07-17,LB,2024-07-17,LB
3358051,2024-09-18,VUS,2025-05-20,VUS
3358072,2024-08-15,LB,2026-01-23,LB
3358090,2024-06-04,VUS,2024-06-04,VUS
3358152,2024-06-28,VUS,2024-06-28,VUS
3358176,2024-05-28,VUS,2024-05-28,VUS
3358238,2024-05-02,VUS,2024-05-02,VUS
3358251,2024-08-24,VUS,2024-08-24,VUS
3358358,2024-04-17,LB,2024-04-17,LB
3358367,2024-08-01,P,2024-08-01,P
3358372,2020-12-16,LB,2020-12-16,LB
3358380,2024-09-17,VUS,2024-09-17,VUS
3358492,2020-12-31,LB,2020-12-31,LB
3358494,2024-06-01,VUS,2024-06-01,VUS
3358533,2024-03-19,VUS,2024-03-19,VUS
3358563,2024-09-20,LB,2024-09-20,LB
3358614,2024-04-03,VUS,2024-04-03,VUS
3358638,2024-08-22,VUS,2024-08-22,VUS
3358719,2024-08-06,LB,2024-08-06,LB
3358786,2024-07-01,VUS,2024-07-01,VUS
3358822,2021-12-09,LB,2021-12-09,LB
3360437,2023-06-26,VUS,2023-06-26,VUS
3360998,2023-07-19,VUS,2023-07-19,VUS
3361188,2023-07-25,VUS,2023-07-25,VUS
3362176,2023-05-31,VUS,2023-05-31,VUS
3362581,2024-09-22,LP,2024-09-22,LP
3363269,2023-10-22,VUS,2023-10-22,VUS
3363279,2023-10-25,VUS,2023-10-25,VUS
3363714,2023-11-08,VUS,2023-11-08,VUS
3363798,2023-11-08,VUS,2023-11-08,VUS
3364035,2023-11-15,VUS,2023-11-15,VUS
3364620,2023-11-21,VUS,2023-11-21,VUS
3364622,2023-11-22,VUS,2023-11-22,VUS
3365399,2024-04-16,LP,2024-11-22,LP
3365535,2023-12-13,VUS,2024-04-29,VUS
3365906,2023-12-28,VUS,2023-12-28,VUS
3366411,2024-08-07,P,2024-08-07,P
3366562,2024-08-27,VUS,2024-08-27,VUS
3366570,2024-08-27,VUS,2024-08-27,VUS
3366571,2024-08-27,VUS,2024-08-27,VUS
3366574,2024-08-27,VUS,2024-08-27,VUS
3366578,2024-08-27,P,2024-08-27,P
3366626,2024-08-31,VUS,2024-08-31,VUS
3366660,2024-08-22,LP,2024-08-22,LP
3366760,2024-08-16,P,2024-08-16,P
3366791,2024-08-14,P,2024-08-14,P
3367819,2024-01-12,VUS,2024-05-31,VUS
3368051,2024-01-24,VUS,2024-01-24,VUS
3368063,2024-01-18,VUS,2024-01-18,VUS
3369311,2024-02-23,VUS,2024-02-23,VUS
3369312,2024-02-23,VUS,2024-02-23,VUS
3369547,2024-02-27,VUS,2024-02-27,VUS
3369563,2024-02-26,VUS,2024-02-26,VUS
3369715,2024-02-22,VUS,2024-02-22,VUS
3370183,2023-12-26,VUS,2023-12-26,VUS
3370212,2023-12-27,VUS,2023-12-27,VUS
3370326,2024-02-09,LP,2024-02-09,LP
3372258,2024-04-11,VUS,2024-04-11,VUS
3374811,2024-09-13,VUS,2024-09-13,VUS
3375008,2024-09-06,VUS,2024-09-06,VUS
3375372,2024-09-19,P,2024-09-19,P
3375616,2024-05-04,VUS,2024-05-09,VUS
3375875,2024-05-07,VUS,2024-05-07,VUS
3378192,2024-05-14,VUS,2024-05-14,VUS
3379496,2024-02-26,VUS,2024-02-26,VUS
3379826,2024-05-07,VUS,2024-05-07,VUS
3379827,2024-09-25,VUS,2024-09-25,VUS
3379828,2024-09-13,VUS,2024-09-13,VUS
3379829,2023-12-14,VUS,2023-12-14,VUS
3379881,2023-08-15,VUS,2024-01-23,VUS
3379883,2023-10-06,VUS,2024-05-06,VUS
3380116,2024-01-23,VUS,2024-05-08,VUS
3380117,2024-01-17,VUS,2024-01-17,VUS
3380368,2024-03-06,VUS,2025-05-07,VUS
3380390,2023-10-10,VUS,2023-10-10,VUS
3380392,2024-08-14,VUS,2024-08-14,VUS
3380563,2024-05-03,VUS,2024-05-03,VUS
3380785,2024-06-14,VUS,2024-06-14,VUS
3380845,2023-12-06,VUS,2024-02-03,VUS
3380846,2023-10-25,VUS,2023-10-25,VUS
3380847,2024-10-22,VUS,2024-10-22,VUS
3381474,2024-05-15,VUS,2024-05-15,VUS
3381528,2024-05-20,VUS,2024-05-20,VUS
3381537,2024-05-20,VUS,2024-05-20,VUS
3381773,2024-05-27,P,2024-05-27,P
3382690,2024-11-09,LP,2024-11-09,LP
3383239,2024-10-17,VUS,2024-10-17,VUS
3383491,2024-02-16,VUS,2024-05-30,VUS
3383684,2024-05-29,VUS,2025-04-24,VUS
3383742,2024-05-30,VUS,2024-05-30,VUS
3383883,2025-10-08,VUS,2025-10-08,VUS
3384788,2024-10-10,LP,2024-10-10,LP
3388616,2024-10-01,VUS,2024-10-01,VUS
3388704,2024-10-01,LB,2024-10-01,LB
3388748,2024-11-01,VUS,2025-02-12,VUS
3388954,2024-10-01,LB,2024-10-01,LB
3389512,2024-11-01,VUS,2024-11-01,VUS
3390055,2024-11-01,LB,2024-11-01,LB
3390485,2024-06-12,VUS,2024-06-12,VUS
3391158,2024-12-18,P,2024-12-18,P
3391542,2024-06-21,VUS,2024-06-21,VUS
3391855,2024-05-31,P,2024-05-31,P
3391856,2024-02-02,P,2024-02-02,P
3391869,2023-09-20,P,2023-09-20,P
3391873,2024-02-05,P,2024-02-05,P
3392795,2024-06-26,VUS,2024-06-26,VUS
3392877,2024-06-27,VUS,2024-06-27,VUS
3393039,2020-12-13,LP,2020-12-13,LP
3400115,2024-10-03,VUS,2024-10-03,VUS
3400117,2024-04-10,VUS,2024-06-25,VUS
3400118,2024-10-17,VUS,2024-10-17,VUS
3400122,2024-10-09,VUS,2024-10-09,VUS
3400124,2024-03-27,VUS,2024-09-04,VUS
3400126,2024-07-02,VUS,2024-07-02,VUS
3400133,2024-07-09,VUS,2024-07-09,VUS
3400137,2024-08-01,VUS,2024-08-01,VUS
3400142,2024-08-05,VUS,2024-08-05,VUS
3400150,2024-08-20,LB,2024-08-20,LB
3400153,2024-09-10,VUS,2024-09-10,VUS
3400161,2024-10-12,VUS,2024-10-12,VUS
3400169,2024-10-22,VUS,2024-10-22,VUS
3400178,2024-11-08,VUS,2024-11-08,VUS
3400198,2024-11-15,VUS,2024-11-15,VUS
3400207,2024-11-19,VUS,2024-11-19,VUS
3400219,2024-11-20,VUS,2024-11-20,VUS
3400229,2024-12-02,VUS,2024-12-02,VUS
3404238,2024-12-03,VUS,2025-12-02,VUS
3404239,2024-06-25,VUS,2024-06-25,VUS
3404241,2024-09-10,VUS,2024-09-10,VUS
3404242,2024-09-11,VUS,2024-09-11,VUS
3404243,2024-02-27,VUS,2025-02-07,VUS
3404244,2024-10-20,VUS,2024-10-20,VUS
3404245,2024-11-10,VUS,2025-10-03,VUS
3404246,2024-12-07,VUS,2024-12-07,VUS
3407369,2024-08-01,LB,2024-08-01,LB
3407370,2024-11-27,VUS,2024-11-27,VUS
3407371,2024-07-09,VUS,2024-07-09,VUS
3407372,2024-02-03,VUS,2024-08-05,VUS
3407373,2024-08-20,VUS,2024-08-20,VUS
3407374,2024-12-06,VUS,2024-12-06,VUS
3407375,2024-12-06,VUS,2024-12-06,VUS
3407376,2024-12-07,VUS,2024-12-07,VUS
3407377,2024-11-15,VUS,2024-11-15,VUS
3407379,2024-11-15,VUS,2024-11-15,VUS
3407380,2024-08-20,VUS,2024-08-20,VUS
3407381,2024-10-07,VUS,2024-10-07,VUS
3407382,2024-09-04,VUS,2024-09-04,VUS
3407383,2024-09-08,VUS,2024-09-08,VUS
3407384,2024-06-25,VUS,2024-06-25,VUS
3407385,2024-07-16,VUS,2024-07-16,VUS
3407386,2023-12-27,VUS,2024-08-12,VUS
3407387,2024-08-14,VUS,2024-08-14,VUS
3407388,2024-08-27,VUS,2024-08-27,VUS
3407389,2024-09-10,VUS,2024-09-10,VUS
3407390,2024-11-25,VUS,2024-11-25,VUS
3407391,2024-11-25,VUS,2024-11-25,VUS
3407392,2024-12-06,VUS,2024-12-06,VUS
3435096,2024-08-01,VUS,2024-08-01,VUS
3435097,2024-08-05,VUS,2024-08-05,VUS
3435098,2024-09-26,VUS,2024-09-26,VUS
3438631,2024-09-05,VUS,2024-09-05,VUS
3438632,2024-11-07,VUS,2024-11-07,VUS
3438633,2024-07-14,VUS,2024-07-14,VUS
3438634,2024-10-01,VUS,2024-10-01,VUS
3458539,2024-06-26,VUS,2024-06-26,VUS
3458540,2024-08-28,VUS,2024-08-28,VUS
3458541,2024-09-08,VUS,2024-09-08,VUS
3458542,2024-10-06,VUS,2024-10-06,VUS
3458544,2024-11-26,VUS,2024-11-26,VUS
3458545,2024-12-03,VUS,2024-12-03,VUS
3463243,2024-11-13,VUS,2024-12-14,VUS
3463244,2024-11-14,VUS,2024-11-14,VUS
3463246,2024-06-28,VUS,2024-06-28,VUS
3463247,2024-08-26,VUS,2024-08-26,VUS
3463248,2024-09-09,VUS,2024-09-09,VUS
3463249,2024-09-18,VUS,2024-09-18,VUS
3463251,2024-09-30,VUS,2024-09-30,VUS
3469261,2024-09-03,VUS,2024-09-03,VUS
3469262,2024-05-06,VUS,2024-11-26,VUS
3469263,2024-08-05,VUS,2024-08-05,VUS
3469264,2024-08-15,VUS,2024-08-15,VUS
3469265,2024-09-27,VUS,2024-09-27,VUS
3469266,2024-10-12,VUS,2024-10-12,VUS
3469268,2024-11-13,VUS,2024-11-13,VUS
3469269,2024-12-03,VUS,2024-12-03,VUS
3469270,2024-12-10,LB,2024-12-10,LB
3475803,2024-08-14,VUS,2024-08-14,VUS
3475804,2024-06-28,VUS,2024-06-28,VUS
3475805,2024-10-25,VUS,2024-10-25,VUS
3475806,2024-11-13,VUS,2024-11-13,VUS
3490559,2024-11-27,VUS,2024-11-27,VUS
3490560,2024-05-08,VUS,2024-07-06,VUS
3490561,2024-09-25,LB,2024-09-25,LB
3490562,2024-05-23,VUS,2024-07-17,VUS
3490563,2024-08-28,VUS,2024-08-28,VUS
3490564,2024-09-08,VUS,2024-09-08,VUS
3490565,2024-12-05,VUS,2024-12-05,VUS
3490696,2024-06-11,VUS,2024-10-25,VUS
3490697,2024-10-01,LB,2024-10-01,LB
3490698,2024-07-31,VUS,2024-07-31,VUS
3490700,2024-08-11,VUS,2024-08-11,VUS
3490701,2024-09-27,VUS,2024-09-27,VUS
3490702,2024-11-07,VUS,2024-11-07,VUS
3490704,2024-11-13,VUS,2024-11-13,VUS
3490705,2024-11-24,VUS,2024-11-24,VUS
3490706,2024-12-02,VUS,2024-12-02,VUS
3520573,2024-08-01,VUS,2024-08-01,VUS
3520574,2024-07-30,LB,2024-07-30,LB
3520576,2024-02-16,VUS,2024-07-25,VUS
3520577,2024-09-24,VUS,2024-09-24,VUS
3520578,2024-09-26,VUS,2024-09-26,VUS
3520580,2024-10-08,VUS,2024-10-08,VUS
3520581,2024-02-28,VUS,2024-10-20,VUS
3529526,2024-07-16,VUS,2024-07-16,VUS
3529527,2024-08-19,VUS,2024-08-19,VUS
3529528,2024-10-06,VUS,2024-10-06,VUS
3529529,2024-11-10,VUS,2024-11-10,VUS
3529530,2024-11-20,VUS,2024-11-20,VUS
3529531,2024-12-09,VUS,2024-12-09,VUS
3529679,2024-11-07,VUS,2024-11-07,VUS
3571437,2020-01-01,P,2020-01-01,P
3572582,2024-07-08,VUS,2024-07-08,VUS
3572699,2024-07-11,VUS,2024-07-11,VUS
3575342,2024-04-22,VUS,2024-04-22,VUS
3575344,2024-04-12,VUS,2024-04-12,VUS
3575345,2024-03-26,VUS,2024-03-26,VUS
3575346,2024-06-17,VUS,2024-06-17,VUS
3575348,2024-01-18,VUS,2024-01-18,VUS
3575349,2024-05-16,VUS,2024-05-16,VUS
3575350,2024-05-31,VUS,2024-05-31,VUS
3575351,2024-03-25,VUS,2024-03-25,VUS
3575352,2024-04-11,P,2024-04-11,P
3575353,2024-01-03,LP,2024-01-03,LP
3575354,2024-01-24,VUS,2024-01-24,VUS
3575355,2024-04-28,VUS,2024-04-28,VUS
3575357,2024-05-04,VUS,2024-05-04,VUS
3575358,2024-03-13,VUS,2024-03-13,VUS
3575359,2024-06-12,VUS,2024-06-12,VUS
3575360,2024-02-12,VUS,2024-02-12,VUS
3575361,2024-05-21,VUS,2024-05-21,VUS
3575362,2024-02-12,VUS,2024-02-12,VUS
3575363,2024-02-03,VUS,2024-02-03,VUS
3575364,2024-03-24,VUS,2024-03-24,VUS
3575365,2024-05-18,VUS,2024-05-18,VUS
3575366,2024-02-19,VUS,2025-04-20,VUS
3575368,2024-06-23,LP,2024-06-23,LP
3575369,2024-02-19,VUS,2024-02-19,VUS
3575370,2024-06-15,LP,2024-06-15,LP
3575371,2024-04-10,LP,2024-10-31,LP
3575372,2024-03-14,VUS,2024-03-14,VUS
3575373,2024-06-03,LP,2024-06-03,LP
3575374,2024-02-19,LP,2024-02-19,LP
3575375,2024-06-04,VUS,2024-06-04,VUS
3575376,2024-02-12,VUS,2024-02-12,VUS
3575377,2024-05-04,VUS,2024-05-04,VUS
3575378,2024-03-23,VUS,2024-03-23,VUS
3575379,2024-05-27,VUS,2024-05-27,VUS
3575380,2024-01-29,VUS,2024-01-29,VUS
3575381,2024-02-15,LP,2024-02-15,LP
3575382,2024-01-30,VUS,2024-01-30,VUS
3575383,2024-03-01,LP,2024-03-01,LP
3575385,2024-03-20,LP,2024-03-20,LP
3575386,2024-05-07,LP,2024-05-07,LP
3575387,2024-03-07,VUS,2024-03-07,VUS
3575388,2024-06-12,VUS,2024-06-12,VUS
3575390,2024-05-29,VUS,2024-05-29,VUS
3575391,2024-05-07,VUS,2024-05-07,VUS
3575392,2024-04-15,VUS,2025-04-10,VUS
3575393,2024-01-20,LP,2024-01-20,LP
3575394,2024-01-10,LP,2024-01-10,LP
3575395,2024-04-15,VUS,2024-04-15,VUS
3575396,2024-02-01,VUS,2024-02-01,VUS
3575397,2024-05-18,VUS,2024-05-18,VUS
3575398,2024-04-23,VUS,2024-04-23,VUS
3575399,2024-06-19,LP,2024-06-19,LP
3575400,2024-02-28,LP,2024-02-28,LP
3575401,2024-02-14,VUS,2024-02-14,VUS
3575402,2024-02-19,VUS,2024-02-19,VUS
3575403,2023-12-24,VUS,2023-12-24,VUS
3575404,2024-01-20,VUS,2024-01-20,VUS
3575405,2024-04-29,VUS,2024-04-29,VUS
3575406,2024-06-09,LP,2024-06-09,LP
3575407,2024-04-03,VUS,2024-04-03,VUS
3575408,2024-03-24,VUS,2024-03-24,VUS
3575409,2024-02-20,VUS,2024-02-20,VUS
3575410,2024-01-27,VUS,2024-01-27,VUS
3575412,2024-06-14,VUS,2024-06-14,VUS
3575413,2024-05-06,LP,2024-05-06,LP
3575414,2024-01-01,VUS,2024-01-01,VUS
3575415,2024-01-16,VUS,2024-01-16,VUS
3575416,2024-01-06,VUS,2024-01-06,VUS
3575417,2024-04-29,VUS,2024-04-29,VUS
3575418,2024-04-04,VUS,2024-04-04,VUS
3575419,2024-04-15,VUS,2024-04-15,VUS
3575420,2024-06-17,VUS,2024-06-17,VUS
3575421,2024-03-21,LP,2024-03-21,LP
3575422,2024-04-23,LP,2024-04-23,LP
3575423,2024-03-04,VUS,2024-03-04,VUS
3575424,2024-06-01,VUS,2024-06-01,VUS
3575426,2024-03-01,VUS,2024-03-01,VUS
3575428,2024-05-08,VUS,2024-05-08,VUS
3575429,2024-03-05,VUS,2024-03-05,VUS
3575430,2024-06-23,LP,2024-06-23,LP
3575431,2024-04-28,VUS,2024-04-28,VUS
3575432,2024-02-19,VUS,2024-02-19,VUS
3575433,2024-01-24,LP,2024-01-24,LP
3575435,2024-04-10,VUS,2024-04-10,VUS
3575436,2024-02-04,VUS,2024-02-04,VUS
3575437,2024-05-18,LP,2024-05-18,LP
3575438,2024-05-09,VUS,2024-05-09,VUS
3575439,2024-03-20,VUS,2024-03-20,VUS
3575440,2024-04-12,LP,2024-04-12,LP
3575441,2024-05-28,VUS,2024-05-28,VUS
3575442,2024-01-02,VUS,2024-01-02,VUS
3575443,2024-06-01,LP,2024-06-01,LP
3575444,2024-06-12,VUS,2024-06-12,VUS
3575445,2024-03-27,VUS,2024-03-27,VUS
3575446,2024-06-18,VUS,2024-06-18,VUS
3575448,2024-04-13,LP,2024-04-13,LP
3575449,2024-04-04,VUS,2024-04-04,VUS
3575450,2024-04-16,VUS,2024-04-16,VUS
3575451,2024-05-23,LP,2024-05-23,LP
3575452,2024-03-04,VUS,2024-03-04,VUS
3575453,2024-01-10,VUS,2024-01-10,VUS
3575454,2024-03-07,VUS,2024-03-07,VUS
3575455,2024-02-01,VUS,2024-02-01,VUS
3575456,2024-06-06,VUS,2024-06-06,VUS
3575458,2024-01-28,VUS,2024-01-28,VUS
3575459,2024-05-06,LP,2024-05-06,LP
3575460,2024-02-13,VUS,2024-02-13,VUS
3575462,2024-03-12,VUS,2024-05-09,VUS
3575463,2024-05-10,LP,2024-05-10,LP
3575464,2024-05-27,VUS,2024-05-27,VUS
3575465,2024-06-12,VUS,2024-06-12,VUS
3575466,2024-06-04,VUS,2025-08-21,VUS
3575467,2024-04-29,LP,2024-04-29,LP
3575468,2024-03-21,LP,2024-03-21,LP
3575469,2024-02-07,VUS,2024-02-07,VUS
3575470,2024-06-10,LP,2024-06-10,LP
3575471,2024-01-19,LP,2024-01-19,LP
3575472,2024-06-18,VUS,2024-06-18,VUS
3575473,2024-03-31,VUS,2024-03-31,VUS
3575475,2024-05-08,LP,2024-05-08,LP
3575476,2024-06-14,VUS,2024-06-14,VUS
3575478,2024-04-10,VUS,2024-04-10,VUS
3575479,2024-02-21,LP,2024-02-21,LP
3575480,2024-04-19,LP,2024-04-19,LP
3575481,2024-02-22,VUS,2024-02-22,VUS
3575482,2024-02-19,VUS,2024-02-19,VUS
3575483,2024-04-10,VUS,2024-04-10,VUS
3575484,2024-03-28,LP,2024-03-28,LP
3575485,2024-03-27,LP,2024-03-27,LP
3575486,2024-03-27,VUS,2024-03-27,VUS
3575487,2024-04-28,VUS,2024-04-28,VUS
3575488,2024-04-19,LP,2024-04-19,LP
3575490,2024-05-22,P,2024-05-22,P
3575491,2024-03-01,VUS,2024-03-01,VUS
3575492,2024-03-07,VUS,2024-03-07,VUS
3575493,2024-03-07,VUS,2024-03-07,VUS
3575495,2024-02-20,LP,2024-02-20,LP
3575496,2024-05-29,VUS,2024-05-29,VUS
3575497,2024-03-02,VUS,2024-03-02,VUS
3575498,2024-05-25,VUS,2024-05-25,VUS
3575499,2024-04-30,LP,2024-04-30,LP
3575501,2024-04-29,VUS,2024-04-29,VUS
3575502,2023-12-29,VUS,2023-12-29,VUS
3580681,2024-02-12,VUS,2024-02-12,VUS
3580682,2024-02-03,VUS,2024-02-03,VUS
3580683,2024-02-12,VUS,2024-02-12,VUS
3580684,2024-02-20,VUS,2024-02-20,VUS
3580685,2024-01-07,VUS,2024-01-07,VUS
3580686,2024-05-13,VUS,2024-05-13,VUS
3580688,2023-12-28,VUS,2023-12-28,VUS
3580689,2024-02-06,VUS,2024-02-06,VUS
3580690,2024-05-14,VUS,2024-05-14,VUS
3580691,2024-04-15,VUS,2024-04-15,VUS
3580692,2024-02-28,VUS,2024-02-28,VUS
3580693,2023-12-27,VUS,2023-12-27,VUS
3580694,2024-04-28,VUS,2024-04-28,VUS
3580696,2024-01-23,VUS,2025-04-12,VUS
3580697,2024-02-06,VUS,2024-02-06,VUS
3580698,2024-06-11,VUS,2024-06-11,VUS
3580699,2024-03-28,VUS,2024-03-28,VUS
3580700,2024-05-13,VUS,2024-05-13,VUS
3580701,2023-12-29,VUS,2023-12-29,VUS
3580703,2024-02-07,VUS,2024-02-07,VUS
3580704,2024-03-05,VUS,2024-03-05,VUS
3580705,2024-02-27,VUS,2024-02-27,VUS
3580706,2024-04-10,VUS,2024-04-10,VUS
3580707,2024-02-13,VUS,2024-02-13,VUS
3580708,2024-03-12,VUS,2024-03-12,VUS
3580709,2024-01-24,VUS,2024-01-24,VUS
3580710,2023-12-27,VUS,2023-12-27,VUS
3580711,2024-05-21,VUS,2024-05-21,VUS
3580713,2024-01-22,VUS,2025-04-28,VUS
3580714,2024-05-16,VUS,2024-05-16,VUS
3580715,2024-04-29,VUS,2024-04-29,VUS
3580716,2024-04-29,VUS,2024-04-29,VUS
3580717,2024-06-13,VUS,2025-10-22,VUS
3580718,2024-05-21,VUS,2024-05-21,VUS
3580719,2024-01-13,VUS,2024-01-13,VUS
3580721,2024-04-28,VUS,2024-04-28,VUS
3580722,2024-05-03,VUS,2024-05-03,VUS
3580723,2024-05-14,VUS,2025-10-23,VUS
3580724,2024-02-12,VUS,2024-02-12,VUS
3580725,2024-02-22,VUS,2024-02-22,VUS
3580727,2024-03-04,VUS,2024-03-04,VUS
3580728,2024-02-29,VUS,2024-02-29,VUS
3580729,2024-02-12,VUS,2024-02-12,VUS
3580731,2024-05-02,VUS,2024-05-02,VUS
3580733,2024-06-04,VUS,2024-06-04,VUS
3580734,2024-04-30,VUS,2025-05-04,VUS
3580735,2024-06-14,VUS,2024-06-14,VUS
3580736,2024-06-03,VUS,2024-06-03,VUS
3580800,2024-04-07,VUS,2024-04-07,VUS
3580801,2024-06-11,VUS,2024-06-11,VUS
3580802,2024-04-10,VUS,2024-04-10,VUS
3580804,2024-06-18,VUS,2024-06-18,VUS
3580805,2024-05-31,VUS,2024-05-31,VUS
3580806,2024-04-26,LP,2024-04-26,LP
3580807,2024-03-17,VUS,2024-03-17,VUS
3580808,2024-03-17,VUS,2025-01-04,VUS
3580809,2023-12-27,VUS,2023-12-27,VUS
3580810,2024-05-21,LP,2024-08-06,LP
3580811,2024-05-16,VUS,2024-05-16,VUS
3580812,2024-05-23,VUS,2024-05-23,VUS
3580813,2024-02-12,VUS,2024-02-12,VUS
3580814,2024-05-02,LP,2024-05-02,LP
3580816,2024-03-27,LP,2024-03-27,LP
3580817,2024-03-27,VUS,2024-03-27,VUS
3580818,2024-05-26,VUS,2024-05-26,VUS
3580819,2024-05-23,VUS,2024-05-23,VUS
3580820,2024-02-29,LP,2024-02-29,LP
3580821,2024-04-23,VUS,2024-04-23,VUS
3580822,2024-03-22,VUS,2024-03-22,VUS
3580823,2024-01-30,VUS,2024-01-30,VUS
3580825,2024-04-18,VUS,2024-04-18,VUS
3580826,2024-01-18,VUS,2025-01-08,VUS
3580827,2024-05-22,LP,2024-05-22,LP
3580828,2024-04-29,VUS,2024-04-29,VUS
3580829,2024-05-04,VUS,2024-05-04,VUS
3580830,2024-03-26,VUS,2024-03-26,VUS
3580832,2024-05-08,VUS,2024-05-08,VUS
3580833,2024-02-18,LP,2024-02-18,LP
3580834,2024-02-03,VUS,2024-02-03,VUS
3580836,2024-02-14,VUS,2024-02-14,VUS
3580838,2024-03-20,LP,2025-09-16,LP
3580839,2024-06-04,VUS,2024-06-04,VUS
3580840,2024-06-20,LP,2024-06-20,LP
3580842,2024-04-23,VUS,2024-04-23,VUS
3580843,2024-05-27,VUS,2024-05-27,VUS
3580844,2024-02-28,LP,2025-04-15,LP
3580845,2024-05-16,VUS,2024-05-16,VUS
3580846,2024-06-08,LP,2024-06-08,LP
3580847,2024-02-19,VUS,2024-02-19,VUS
3580848,2024-06-03,VUS,2024-06-03,VUS
3580850,2024-06-23,LP,2024-06-23,LP
3580851,2024-05-07,VUS,2024-05-07,VUS
3580852,2024-02-04,VUS,2024-02-04,VUS
3580854,2024-06-07,VUS,2024-06-07,VUS
3580855,2024-03-20,VUS,2024-03-20,VUS
3580856,2024-06-21,LP,2024-06-21,LP
3580857,2024-02-28,VUS,2024-02-28,VUS
3580858,2024-04-28,LP,2024-04-28,LP
3580859,2024-01-02,LP,2024-01-02,LP
3580861,2024-05-08,LP,2025-06-23,LP
3580862,2024-05-31,LP,2024-05-31,LP
3580863,2024-02-26,LP,2024-02-26,LP
3580864,2024-01-02,VUS,2024-01-02,VUS
3580865,2024-03-24,VUS,2024-03-24,VUS
3580866,2024-04-11,LP,2024-04-11,LP
3580867,2024-02-20,VUS,2024-02-20,VUS
3580868,2024-05-18,VUS,2024-05-18,VUS
3580870,2024-06-18,VUS,2024-06-18,VUS
3580871,2024-05-17,LP,2025-10-29,LP
3580873,2024-04-20,LP,2024-04-20,LP
3580874,2024-03-11,VUS,2024-03-11,VUS
3580875,2024-02-10,VUS,2024-02-10,VUS
3580877,2024-01-05,VUS,2024-01-05,VUS
3580878,2024-02-28,VUS,2024-02-28,VUS
3580879,2024-05-31,VUS,2024-05-31,VUS
3580880,2024-04-16,VUS,2024-04-16,VUS
3580881,2024-04-27,VUS,2024-04-27,VUS
3580883,2024-03-01,VUS,2024-03-01,VUS
3580884,2024-02-01,VUS,2024-02-01,VUS
3580886,2024-04-30,LP,2024-04-30,LP
3580887,2024-05-31,VUS,2024-05-31,VUS
3580889,2024-01-03,VUS,2024-01-03,VUS
3580890,2024-05-04,VUS,2024-05-04,VUS
3581734,2024-02-23,VUS,2024-02-23,VUS
3581736,2024-03-07,VUS,2024-03-07,VUS
3581737,2024-03-20,VUS,2024-03-20,VUS
3581738,2024-01-13,VUS,2024-01-13,VUS
3581739,2024-03-27,VUS,2024-03-27,VUS
3581740,2024-02-26,VUS,2024-02-26,VUS
3581741,2024-02-26,VUS,2024-02-26,VUS
3581742,2024-02-28,VUS,2024-02-28,VUS
3581744,2024-01-05,VUS,2024-01-05,VUS
3581745,2024-06-15,VUS,2024-06-15,VUS
3581746,2024-06-17,VUS,2024-06-17,VUS
3581747,2024-01-09,VUS,2024-01-09,VUS
3581748,2024-02-26,VUS,2025-04-03,VUS
3581749,2024-01-02,VUS,2024-01-02,VUS
3581751,2024-03-24,VUS,2024-03-24,VUS
3581752,2024-06-11,VUS,2024-06-11,VUS
3581753,2024-03-14,VUS,2024-03-14,VUS
3581754,2024-05-17,VUS,2024-05-17,VUS
3581755,2024-05-29,VUS,2024-05-29,VUS
3581756,2024-05-31,LP,2024-05-31,LP
3581758,2024-02-12,VUS,2024-02-12,VUS
3581759,2024-05-04,VUS,2024-05-04,VUS
3581760,2024-01-09,VUS,2024-01-09,VUS
3581762,2024-01-20,VUS,2024-01-20,VUS
3581763,2024-03-02,VUS,2024-03-02,VUS
3581764,2024-06-17,VUS,2025-08-10,VUS
3581765,2024-03-28,LP,2024-03-28,LP
3581766,2023-12-24,VUS,2023-12-24,VUS
3581767,2024-03-10,LP,2024-03-10,LP
3581769,2024-06-09,VUS,2024-06-09,VUS
3581770,2024-01-30,VUS,2024-01-30,VUS
3581771,2024-01-25,VUS,2025-10-26,VUS
3581772,2024-06-21,LP,2024-06-21,LP
3581773,2024-01-29,VUS,2025-07-30,VUS
3581775,2024-03-31,VUS,2024-03-31,VUS
3581776,2024-02-19,VUS,2024-02-19,VUS
3581777,2024-04-24,VUS,2025-07-04,VUS
3581778,2024-05-24,VUS,2024-05-24,VUS
3581779,2024-03-16,VUS,2024-03-16,VUS
3581780,2024-04-27,VUS,2024-04-27,VUS
3581781,2024-04-19,VUS,2025-12-24,VUS
3581783,2023-12-29,VUS,2025-01-29,VUS
3581784,2024-01-26,VUS,2025-08-08,VUS
3581786,2024-05-07,VUS,2024-05-07,VUS
3581787,2024-03-20,VUS,2025-06-12,VUS
3581788,2024-02-12,VUS,2024-02-12,VUS
3581789,2024-06-24,VUS,2024-06-24,VUS
3581791,2024-04-12,VUS,2024-04-12,VUS
3581792,2024-04-20,VUS,2024-04-20,VUS
3581793,2024-05-18,VUS,2024-05-18,VUS
3581794,2024-03-07,VUS,2024-03-07,VUS
3581795,2024-03-31,VUS,2024-03-31,VUS
3581796,2024-04-25,VUS,2024-04-25,VUS
3581797,2024-04-20,LP,2024-04-20,LP
3581799,2024-04-15,VUS,2025-06-09,VUS
3581800,2024-04-15,VUS,2024-04-15,VUS
3581801,2024-03-24,VUS,2024-03-24,VUS
3581802,2023-12-29,VUS,2023-12-29,VUS
3581803,2024-05-07,VUS,2024-05-07,VUS
3581804,2024-05-16,VUS,2024-05-16,VUS
3581805,2024-05-21,VUS,2024-05-21,VUS
3581806,2024-03-27,VUS,2024-03-27,VUS
3581807,2024-01-23,VUS,2024-01-23,VUS
3581809,2023-12-29,VUS,2023-12-29,VUS
3581810,2024-06-04,VUS,2024-06-04,VUS
3581811,2024-06-21,VUS,2024-06-21,VUS
3582338,2024-01-24,LP,2024-01-24,LP
3582341,2024-03-27,LP,2024-03-27,LP
3582342,2024-02-06,VUS,2024-02-06,VUS
3582346,2024-06-03,LP,2024-06-03,LP
3582348,2024-05-21,LP,2024-05-21,LP
3582352,2024-05-18,VUS,2024-05-18,VUS
3582355,2024-06-04,VUS,2024-06-04,VUS
3582358,2024-02-14,VUS,2025-05-04,VUS
3582364,2024-01-24,VUS,2024-01-24,VUS
3582375,2024-06-12,VUS,2024-06-12,VUS
3582378,2024-05-08,VUS,2024-05-08,VUS
3582381,2024-03-27,VUS,2024-03-27,VUS
3582383,2024-05-12,VUS,2024-05-12,VUS
3582385,2024-03-12,VUS,2025-05-20,VUS
3582393,2024-01-20,VUS,2024-01-20,VUS
3582396,2024-02-20,VUS,2024-02-20,VUS
3582397,2024-04-12,LP,2024-04-12,LP
3582404,2024-04-10,VUS,2024-04-10,VUS
3582450,2024-05-03,VUS,2024-05-03,VUS
3582478,2024-06-11,VUS,2024-06-11,VUS
3582484,2024-05-14,VUS,2024-05-14,VUS
3582511,2024-06-04,LP,2024-06-04,LP
3582519,2024-03-29,VUS,2025-04-28,VUS
3582533,2024-05-13,VUS,2024-05-13,VUS
3582543,2024-05-07,LP,2024-05-07,LP
3582579,2024-06-21,LP,2024-06-21,LP
3582590,2024-04-02,P,2024-06-07,P
3582605,2024-04-10,VUS,2024-04-10,VUS
3582626,2024-02-20,LP,2024-02-20,LP
3582643,2024-05-08,LP,2024-05-08,LP
3582652,2024-03-14,VUS,2024-03-14,VUS
3582660,2024-04-15,VUS,2024-04-15,VUS
3582675,2024-01-01,VUS,2024-01-01,VUS
3582694,2024-01-08,VUS,2024-01-08,VUS
3582702,2024-03-07,VUS,2024-03-07,VUS
3582713,2024-03-04,LP,2024-03-04,LP
3582718,2024-04-28,VUS,2024-04-28,VUS
3582721,2024-01-20,VUS,2024-01-20,VUS
3582728,2024-03-06,VUS,2024-03-06,VUS
3582758,2024-05-14,VUS,2024-05-14,VUS
3582765,2024-04-29,VUS,2024-04-29,VUS
3582789,2024-05-22,VUS,2025-05-20,VUS
3582797,2024-03-16,VUS,2024-03-16,VUS
3582800,2024-01-25,LP,2024-01-25,LP
3582802,2024-06-03,LP,2024-06-03,LP
3582805,2024-02-07,VUS,2024-02-07,VUS
3582808,2024-03-28,VUS,2024-03-28,VUS
3582809,2024-01-03,LP,2024-01-03,LP
3582811,2024-05-14,VUS,2025-01-22,VUS
3582815,2024-03-14,LP,2024-03-14,LP
3582823,2024-04-12,VUS,2024-04-12,VUS
3582829,2024-04-28,LP,2024-04-28,LP
3582830,2024-05-12,VUS,2024-05-12,VUS
3582855,2024-02-16,VUS,2024-02-16,VUS
3582858,2024-05-15,VUS,2025-12-10,VUS
3582867,2024-05-07,VUS,2024-05-07,VUS
3582893,2024-01-30,VUS,2024-01-30,VUS
3584229,2024-01-30,VUS,2024-01-30,VUS
3584230,2024-05-18,VUS,2024-05-18,VUS
3584231,2024-05-11,LP,2024-05-11,LP
3584232,2024-01-30,VUS,2024-01-30,VUS
3584233,2024-02-20,VUS,2024-02-20,VUS
3584234,2024-05-21,VUS,2024-05-21,VUS
3584235,2024-01-02,VUS,2024-01-02,VUS
3584236,2024-01-22,VUS,2024-01-22,VUS
3584237,2024-06-15,LP,2024-06-15,LP
3584238,2024-03-20,VUS,2024-03-20,VUS
3584239,2024-01-14,VUS,2024-01-14,VUS
3584240,2024-05-07,VUS,2024-05-07,VUS
3584241,2024-03-01,LP,2024-03-01,LP
3584242,2024-02-28,VUS,2024-02-28,VUS
3584243,2024-03-04,VUS,2024-03-04,VUS
3584244,2024-05-09,LP,2024-05-09,LP
3584245,2024-01-10,LP,2024-01-10,LP
3584246,2024-04-08,VUS,2024-04-08,VUS
3584247,2024-01-04,VUS,2024-01-04,VUS
3584248,2024-04-07,VUS,2024-04-07,VUS
3584249,2024-04-11,LP,2024-04-11,LP
3584250,2024-06-01,VUS,2024-06-01,VUS
3584251,2024-01-24,VUS,2024-01-24,VUS
3584252,2024-02-03,VUS,2024-02-03,VUS
3584253,2024-05-07,LP,2024-05-07,LP
3584254,2024-05-17,VUS,2024-05-17,VUS
3584255,2024-06-17,VUS,2024-06-17,VUS
3584256,2024-04-08,VUS,2024-04-08,VUS
3584257,2024-05-31,LP,2024-05-31,LP
3584258,2024-05-06,LP,2024-05-06,LP
3584259,2024-02-20,VUS,2024-02-20,VUS
3584260,2024-05-21,VUS,2024-05-21,VUS
3584261,2024-06-10,VUS,2024-06-10,VUS
3584263,2024-02-29,VUS,2024-02-29,VUS
3584264,2024-03-27,LP,2024-03-27,LP
3584265,2024-03-31,VUS,2024-03-31,VUS
3584266,2024-02-19,VUS,2024-02-19,VUS
3584267,2024-06-20,VUS,2024-06-20,VUS
3584268,2024-01-30,LP,2024-01-30,LP
3584269,2024-06-12,VUS,2024-06-12,VUS
3584270,2024-03-19,VUS,2024-03-19,VUS
3584271,2024-04-28,VUS,2024-04-28,VUS
3584272,2024-05-30,VUS,2025-05-28,VUS
3584274,2024-03-14,LP,2024-03-14,LP
3584275,2024-03-28,VUS,2024-03-28,VUS
3584277,2024-02-06,VUS,2025-10-24,VUS
3584279,2024-05-20,VUS,2024-05-20,VUS
3584280,2024-02-13,VUS,2024-02-13,VUS
3584281,2024-04-02,VUS,2024-04-02,VUS
3584282,2024-01-31,VUS,2024-01-31,VUS
3584283,2024-03-17,VUS,2024-03-17,VUS
3584284,2024-05-04,VUS,2024-05-04,VUS
3584285,2024-01-24,VUS,2024-01-24,VUS
3584286,2024-03-08,VUS,2024-03-08,VUS
3584288,2024-02-01,LP,2024-02-01,LP
3584289,2024-05-25,LP,2024-05-25,LP
3584585,2024-04-25,VUS,2024-04-25,VUS
3584586,2024-05-30,VUS,2024-05-30,VUS
3584587,2024-04-16,LP,2024-04-16,LP
3584588,2024-06-11,VUS,2024-06-11,VUS
3584589,2024-01-31,VUS,2025-01-31,VUS
3584590,2024-02-07,VUS,2024-02-07,VUS
3584591,2024-01-04,LP,2024-01-04,LP
3584592,2024-04-12,VUS,2024-04-12,VUS
3584593,2024-06-03,VUS,2024-06-03,VUS
3584594,2024-05-18,VUS,2024-05-18,VUS
3584595,2024-01-20,VUS,2024-01-20,VUS
3584596,2024-01-31,VUS,2024-01-31,VUS
3584597,2023-12-29,VUS,2023-12-29,VUS
3584598,2024-03-10,VUS,2024-03-10,VUS
3584599,2024-04-20,VUS,2024-04-20,VUS
3584600,2024-06-20,VUS,2024-06-20,VUS
3584601,2024-03-01,VUS,2024-03-01,VUS
3584602,2024-04-29,VUS,2024-04-29,VUS
3584603,2024-06-21,LP,2025-11-17,LP
3584604,2024-02-19,VUS,2024-02-19,VUS
3584605,2024-05-27,VUS,2024-05-27,VUS
3584606,2024-02-25,VUS,2024-02-25,VUS
3584607,2024-01-09,VUS,2024-01-09,VUS
3584608,2024-06-17,VUS,2024-06-17,VUS
3584610,2024-01-11,LP,2024-01-11,LP
3584611,2024-01-22,VUS,2024-01-22,VUS
3584613,2024-04-16,VUS,2024-04-16,VUS
3584614,2024-02-13,VUS,2024-02-13,VUS
3584616,2024-04-20,VUS,2024-04-20,VUS
3584617,2024-01-20,VUS,2024-01-20,VUS
3584618,2023-12-28,VUS,2023-12-28,VUS
3584619,2024-01-29,VUS,2024-01-29,VUS
3584620,2024-04-14,LP,2024-04-14,LP
3584621,2024-04-01,VUS,2025-06-27,VUS
3584622,2024-06-14,VUS,2024-06-14,VUS
3584623,2024-03-01,VUS,2025-11-05,VUS
3584624,2024-01-27,VUS,2024-01-27,VUS
3584625,2024-05-13,VUS,2025-11-26,VUS
3584626,2024-04-03,VUS,2024-04-03,VUS
3584627,2023-12-24,VUS,2023-12-24,VUS
3584628,2023-12-29,VUS,2023-12-29,VUS
3584629,2024-01-20,VUS,2024-01-20,VUS
3584630,2024-02-19,VUS,2024-02-19,VUS
3584631,2024-05-18,LP,2024-05-18,LP
3584632,2023-12-27,VUS,2023-12-27,VUS
3584633,2024-02-28,VUS,2024-02-28,VUS
3584634,2024-01-29,LP,2024-01-29,LP
3584636,2024-02-12,VUS,2024-02-12,VUS
3584637,2024-05-17,VUS,2024-05-17,VUS
3584638,2024-03-27,LP,2024-03-27,LP
3584639,2024-05-01,VUS,2024-05-01,VUS
3584640,2024-05-18,VUS,2024-05-18,VUS
3584641,2024-05-28,VUS,2025-01-23,VUS
3584642,2024-06-17,VUS,2024-06-17,VUS
3584643,2024-05-25,LP,2024-05-25,LP
3584644,2024-05-17,VUS,2024-05-17,VUS
3584645,2024-04-07,VUS,2024-04-07,VUS
3584647,2024-06-17,VUS,2024-06-17,VUS
3584648,2024-02-29,LP,2024-02-29,LP
3584649,2024-03-31,VUS,2024-03-31,VUS
3584650,2024-05-13,VUS,2024-05-13,VUS
3584651,2024-04-16,VUS,2024-04-16,VUS
3586058,2023-12-27,LP,2023-12-27,LP
3586085,2024-03-10,VUS,2024-03-10,VUS
3586092,2024-01-14,VUS,2025-06-10,VUS
3586119,2024-04-10,VUS,2024-04-10,VUS
3586136,2024-06-09,VUS,2025-08-29,VUS
3586147,2024-02-28,VUS,2024-02-28,VUS
3586161,2024-06-10,LP,2024-06-10,LP
3586164,2024-05-21,VUS,2024-05-21,VUS
3586193,2024-03-23,VUS,2024-03-23,VUS
3586197,2024-03-28,VUS,2024-03-28,VUS
3586205,2024-03-04,VUS,2024-03-04,VUS
3586215,2024-05-07,VUS,2024-05-07,VUS
3586239,2024-05-03,VUS,2024-05-03,VUS
3586241,2024-02-14,LP,2024-02-14,LP
3586268,2024-03-21,VUS,2024-03-21,VUS
3586276,2024-05-14,VUS,2024-05-14,VUS
3586277,2023-12-28,VUS,2023-12-28,VUS
3586280,2024-05-08,VUS,2024-05-08,VUS
3586313,2024-02-06,VUS,2024-02-06,VUS
3586318,2024-01-14,VUS,2024-01-14,VUS
3586329,2024-04-20,LP,2024-04-20,LP
3586351,2023-12-27,VUS,2023-12-27,VUS
3586360,2024-06-14,LP,2024-06-14,LP
3586365,2024-02-06,LP,2024-02-06,LP
3586370,2024-04-08,VUS,2024-04-08,VUS
3586374,2024-05-04,VUS,2024-05-04,VUS
3586378,2024-06-18,VUS,2024-06-18,VUS
3586390,2024-04-02,LP,2024-04-02,LP
3586399,2024-05-25,VUS,2024-05-25,VUS
3586402,2024-06-11,VUS,2025-07-01,VUS
3586423,2024-04-05,VUS,2024-04-05,VUS
3586437,2024-05-21,VUS,2024-05-21,VUS
3586473,2024-03-01,VUS,2024-03-01,VUS
3586505,2024-03-07,VUS,2024-03-07,VUS
3586509,2024-06-21,LP,2024-06-21,LP
3586532,2024-03-29,VUS,2024-03-29,VUS
3586540,2024-04-15,VUS,2024-04-15,VUS
3586562,2024-03-28,LP,2024-03-28,LP
3586571,2024-04-29,VUS,2024-04-29,VUS
3586588,2024-05-22,VUS,2024-05-22,VUS
3586603,2024-02-12,VUS,2024-02-12,VUS
3586635,2024-05-14,VUS,2024-05-14,VUS
3586682,2024-02-03,VUS,2024-02-03,VUS
3586695,2024-05-04,VUS,2024-05-04,VUS
3586720,2024-04-04,LP,2024-04-04,LP
3586728,2024-02-04,VUS,2024-02-04,VUS
3586738,2024-06-04,VUS,2024-06-04,VUS
3586759,2024-03-08,VUS,2024-03-08,VUS
3586765,2024-05-18,VUS,2024-05-18,VUS
3586796,2024-03-04,LP,2024-03-04,LP
3586802,2024-02-20,VUS,2024-02-20,VUS
3586804,2024-06-10,VUS,2024-06-10,VUS
3586818,2024-04-10,VUS,2024-04-10,VUS
3586824,2024-02-19,VUS,2024-02-19,VUS
3586843,2023-12-28,VUS,2023-12-28,VUS
3586855,2024-06-19,VUS,2024-06-19,VUS
3586879,2024-01-20,VUS,2024-01-20,VUS
3586890,2023-12-28,VUS,2023-12-28,VUS
3586913,2024-04-01,VUS,2024-04-01,VUS
3586929,2024-06-15,VUS,2025-12-01,VUS
3586935,2024-01-23,VUS,2024-01-23,VUS
3586939,2024-03-07,VUS,2024-03-07,VUS
3586967,2023-12-27,VUS,2025-08-24,VUS
3586986,2024-03-13,LP,2024-03-13,LP
3587004,2024-04-29,VUS,2024-04-29,VUS
3587028,2024-02-07,VUS,2024-02-07,VUS
3587031,2024-06-05,VUS,2024-06-05,VUS
3587049,2024-03-04,VUS,2025-10-23,VUS
3587056,2024-02-20,VUS,2024-02-20,VUS
3587058,2024-04-08,VUS,2024-04-08,VUS
3587061,2024-01-12,VUS,2024-01-12,VUS
3587080,2024-01-27,VUS,2024-01-27,VUS
3587092,2024-04-22,VUS,2024-04-22,VUS
3587100,2023-12-24,VUS,2023-12-24,VUS
3587106,2024-03-13,VUS,2024-03-13,VUS
3587110,2024-05-17,VUS,2024-05-17,VUS
3587115,2024-03-18,VUS,2024-03-18,VUS
3587146,2024-01-22,LP,2024-01-22,LP
3587181,2023-12-27,VUS,2023-12-27,VUS
3587184,2024-01-24,VUS,2024-01-24,VUS
3587191,2024-05-04,VUS,2024-05-04,VUS
3587193,2024-04-27,LP,2025-01-13,LP
3587201,2024-05-07,VUS,2024-05-07,VUS
3587212,2024-03-17,VUS,2024-03-17,VUS
3587218,2024-05-30,VUS,2024-05-30,VUS
3587225,2024-06-07,VUS,2024-06-07,VUS
3587239,2023-12-29,VUS,2023-12-29,VUS
3587242,2024-05-18,P,2024-12-18,P
3587248,2024-05-16,LP,2024-05-16,LP
3587255,2024-05-16,VUS,2024-05-16,VUS
3587259,2024-04-10,LP,2024-04-10,LP
3588299,2024-04-16,VUS,2024-04-16,VUS
3588300,2024-03-27,VUS,2024-03-27,VUS
3588301,2024-03-07,VUS,2024-03-07,VUS
3588302,2024-04-08,VUS,2024-04-08,VUS
3588303,2023-12-25,VUS,2023-12-25,VUS
3588304,2024-01-22,VUS,2024-12-15,VUS
3588305,2024-03-07,VUS,2024-03-07,VUS
3588306,2024-04-23,VUS,2024-04-23,VUS
3588307,2024-04-12,VUS,2024-04-12,VUS
3588308,2024-03-14,VUS,2024-03-14,VUS
3588309,2024-05-07,VUS,2024-05-07,VUS
3588310,2024-04-22,VUS,2024-04-22,VUS
3588311,2023-12-28,VUS,2023-12-28,VUS
3588312,2024-05-16,LP,2024-05-16,LP
3588313,2023-12-28,VUS,2023-12-28,VUS
3588314,2024-01-20,VUS,2025-10-24,VUS
3588315,2024-05-14,VUS,2024-05-14,VUS
3588316,2024-05-07,VUS,2024-05-07,VUS
3588317,2023-12-23,VUS,2023-12-23,VUS
3588318,2024-04-15,VUS,2024-04-15,VUS
3588319,2024-01-03,VUS,2024-01-03,VUS
3588320,2024-03-19,VUS,2024-03-19,VUS
3588321,2024-02-06,VUS,2024-02-06,VUS
3588322,2024-06-22,VUS,2024-06-22,VUS
3588323,2024-02-19,VUS,2024-02-19,VUS
3588324,2024-04-28,VUS,2024-04-28,VUS
3588325,2024-05-23,VUS,2024-05-23,VUS
3588326,2024-04-18,VUS,2024-04-18,VUS
3588327,2024-01-16,VUS,2024-01-16,VUS
3588328,2024-05-16,VUS,2024-05-16,VUS
3588329,2024-03-23,VUS,2024-03-23,VUS
3588330,2024-04-06,LP,2024-04-06,LP
3588331,2024-01-14,VUS,2024-01-14,VUS
3588332,2024-02-04,VUS,2024-02-04,VUS
3588333,2024-03-06,VUS,2024-03-06,VUS
3588334,2024-03-12,LP,2024-03-12,LP
3588335,2024-01-30,VUS,2024-01-30,VUS
3588336,2024-04-08,VUS,2024-04-08,VUS
3588337,2024-05-16,VUS,2024-05-16,VUS
3588338,2024-04-19,VUS,2024-04-19,VUS
3588339,2024-02-06,VUS,2024-02-06,VUS
3588510,2024-04-10,VUS,2024-04-10,VUS
3588511,2024-04-15,VUS,2024-04-15,VUS
3588512,2024-02-19,VUS,2024-02-19,VUS
3588513,2024-01-31,VUS,2024-01-31,VUS
3588514,2024-04-28,VUS,2024-04-28,VUS
3588515,2024-02-20,VUS,2024-02-20,VUS
3588516,2024-06-04,VUS,2024-06-04,VUS
3588518,2024-05-14,LP,2024-05-14,LP
3588519,2024-01-08,VUS,2024-01-08,VUS
3588520,2024-03-11,VUS,2024-03-11,VUS
3588521,2024-06-09,VUS,2024-06-09,VUS
3588522,2024-04-30,VUS,2024-04-30,VUS
3588523,2024-04-07,VUS,2024-04-07,VUS
3588524,2024-01-18,VUS,2024-01-18,VUS
3588525,2024-05-17,LP,2025-11-13,LP
3588526,2023-12-27,VUS,2023-12-27,VUS
3588527,2024-02-22,VUS,2024-02-22,VUS
3588528,2024-03-01,VUS,2024-03-01,VUS
3588529,2024-05-06,VUS,2024-11-26,VUS
3588530,2024-05-16,VUS,2024-05-16,VUS
3588531,2024-01-09,VUS,2024-01-09,VUS
3588532,2024-02-13,VUS,2024-02-13,VUS
3588533,2024-03-25,VUS,2024-03-25,VUS
3588534,2024-04-15,VUS,2024-04-15,VUS
3588535,2024-06-20,VUS,2024-06-20,VUS
3588536,2024-06-04,VUS,2024-06-04,VUS
3588537,2024-02-23,VUS,2024-02-23,VUS
3588538,2024-03-08,VUS,2024-03-08,VUS
3588539,2024-05-13,VUS,2026-01-06,VUS
3588540,2024-05-27,VUS,2024-05-27,VUS
3588541,2024-04-03,VUS,2024-04-03,VUS
3588542,2024-01-14,VUS,2024-01-14,VUS
3588543,2024-03-07,VUS,2024-03-07,VUS
3588544,2024-06-11,VUS,2024-06-11,VUS
3588545,2024-06-04,VUS,2024-06-04,VUS
3588546,2023-12-27,VUS,2023-12-27,VUS
3588547,2024-06-06,LP,2024-06-06,LP
3588549,2024-04-30,VUS,2024-04-30,VUS
3588550,2024-02-14,VUS,2024-02-14,VUS
3588551,2024-02-12,VUS,2024-02-12,VUS
3588552,2024-03-23,VUS,2024-03-23,VUS
3588553,2024-03-26,VUS,2024-03-26,VUS
3588554,2024-03-18,LP,2024-03-18,LP
3588555,2024-05-27,VUS,2024-05-27,VUS
3588556,2024-06-10,VUS,2025-11-13,VUS
3588557,2024-05-17,VUS,2024-05-17,VUS
3588558,2024-06-12,VUS,2024-06-12,VUS
3588559,2024-04-08,VUS,2024-04-08,VUS
3588560,2024-01-31,VUS,2024-01-31,VUS
3588561,2024-03-28,VUS,2024-03-28,VUS
3588562,2024-01-18,VUS,2024-01-18,VUS
3588563,2024-05-14,VUS,2024-05-14,VUS
3588564,2024-05-14,VUS,2024-05-14,VUS
3588565,2024-04-17,VUS,2025-05-16,VUS
3588566,2024-03-27,VUS,2024-03-27,VUS
3588567,2024-06-04,VUS,2024-06-04,VUS
3588568,2024-05-14,VUS,2024-05-14,VUS
3588569,2024-02-19,VUS,2024-02-19,VUS
3588570,2024-06-04,VUS,2024-06-04,VUS
3588571,2024-04-13,LP,2024-04-13,LP
3588572,2024-05-21,VUS,2024-05-21,VUS
3588573,2024-05-14,LP,2024-05-14,LP
3588574,2024-01-28,VUS,2024-01-28,VUS
3588575,2024-05-08,VUS,2024-05-08,VUS
3588576,2023-12-28,LP,2023-12-28,LP
3588577,2024-04-08,LP,2024-04-08,LP
3588578,2024-03-14,VUS,2024-03-14,VUS
3588579,2024-03-13,VUS,2024-03-13,VUS
3588580,2024-06-14,VUS,2024-06-14,VUS
3588581,2024-06-09,VUS,2024-06-09,VUS
3588582,2024-05-17,VUS,2024-05-17,VUS
3588583,2024-02-22,VUS,2024-02-22,VUS
3588584,2024-02-06,LP,2024-02-06,LP
3588585,2024-02-21,VUS,2024-02-21,VUS
3588586,2024-04-22,VUS,2024-04-22,VUS
3588587,2024-02-19,VUS,2024-02-19,VUS
3588588,2024-04-24,VUS,2024-04-24,VUS
3588589,2024-05-13,VUS,2024-05-13,VUS
3588590,2024-02-20,VUS,2024-02-20,VUS
3588591,2024-04-23,VUS,2024-04-23,VUS
3588592,2024-06-20,VUS,2024-06-20,VUS
3588593,2024-04-20,VUS,2024-04-20,VUS
3590485,2024-05-11,VUS,2024-05-11,VUS
3590486,2024-03-26,LP,2024-03-26,LP
3590487,2024-05-13,VUS,2024-05-13,VUS
3590488,2024-04-12,VUS,2024-04-12,VUS
3590490,2024-04-28,VUS,2024-04-28,VUS
3590491,2024-02-28,VUS,2024-02-28,VUS
3590492,2024-05-14,VUS,2024-05-14,VUS
3590493,2024-01-24,LP,2024-01-24,LP
3590494,2024-02-19,VUS,2024-02-19,VUS
3590495,2024-02-22,VUS,2024-02-22,VUS
3590496,2024-02-05,LP,2024-02-05,LP
3590498,2024-02-27,LP,2024-02-27,LP
3590499,2024-06-09,VUS,2024-06-09,VUS
3590500,2024-03-13,LP,2024-03-13,LP
3590501,2024-02-15,VUS,2024-02-15,VUS
3590502,2024-04-15,VUS,2024-04-15,VUS
3590504,2024-05-28,VUS,2024-05-28,VUS
3590505,2024-01-16,LP,2024-01-16,LP
3590506,2024-03-20,VUS,2024-03-20,VUS
3590507,2024-02-22,VUS,2024-02-22,VUS
3590508,2024-04-12,VUS,2024-04-12,VUS
3590509,2024-01-14,LP,2024-01-14,LP
3590510,2024-02-09,VUS,2024-02-09,VUS
3590511,2024-05-11,VUS,2024-05-11,VUS
3590512,2024-06-01,VUS,2024-06-01,VUS
3590514,2024-05-19,LP,2024-05-19,LP
3590515,2024-06-05,LP,2025-06-24,LP
3590516,2024-05-28,LP,2024-05-28,LP
3590517,2024-05-18,VUS,2024-05-18,VUS
3590520,2024-04-29,VUS,2024-04-29,VUS
3590521,2024-03-04,VUS,2024-03-04,VUS
3590522,2024-05-12,VUS,2024-05-12,VUS
3590523,2023-12-30,VUS,2023-12-30,VUS
3590525,2024-04-15,VUS,2024-04-15,VUS
3590526,2024-03-08,LP,2024-03-08,LP
3590527,2024-04-27,VUS,2024-04-27,VUS
3590528,2024-05-04,VUS,2024-05-04,VUS
3590529,2024-02-12,VUS,2024-02-12,VUS
3590530,2024-01-24,VUS,2024-01-24,VUS
3590531,2024-02-10,VUS,2024-02-10,VUS
3590533,2024-03-18,VUS,2024-03-18,VUS
3590534,2024-05-03,VUS,2024-05-03,VUS
3590535,2024-02-03,VUS,2024-02-03,VUS
3590536,2024-04-15,VUS,2024-04-15,VUS
3590538,2024-06-19,VUS,2024-06-19,VUS
3590539,2024-06-15,LP,2024-06-15,LP
3590540,2024-06-19,LP,2024-06-19,LP
3590541,2024-04-15,VUS,2024-04-15,VUS
3590542,2024-01-09,LP,2024-01-09,LP
3590543,2024-06-11,VUS,2024-06-11,VUS
3590544,2024-01-31,VUS,2024-01-31,VUS
3590545,2024-02-28,VUS,2024-02-28,VUS
3590546,2024-03-02,VUS,2024-03-02,VUS
3590547,2024-04-24,VUS,2025-11-13,VUS
3590549,2024-03-04,LP,2024-03-04,LP
3590550,2024-04-27,VUS,2024-04-27,VUS
3590552,2024-04-17,LP,2024-04-17,LP
3590553,2024-05-31,VUS,2024-05-31,VUS
3590554,2024-03-13,VUS,2024-03-13,VUS
3590555,2024-02-20,VUS,2024-02-20,VUS
3590556,2024-03-11,VUS,2024-03-11,VUS
3590558,2024-05-22,LP,2024-05-22,LP
3590559,2024-04-02,LP,2024-04-02,LP
3590560,2024-06-04,VUS,2024-06-04,VUS
3590561,2024-04-19,VUS,2024-04-19,VUS
3590562,2024-03-28,VUS,2024-03-28,VUS
3590563,2024-01-10,LP,2024-01-10,LP
3590564,2024-01-05,VUS,2024-09-22,VUS
3590565,2024-02-17,VUS,2024-02-17,VUS
3590566,2024-02-06,VUS,2024-02-06,VUS
3590567,2024-04-22,VUS,2024-04-22,VUS
3590568,2024-05-03,LP,2024-05-03,LP
3590571,2024-02-26,LP,2024-02-26,LP
3590572,2024-02-20,VUS,2024-02-20,VUS
3590573,2024-05-15,VUS,2024-05-15,VUS
3595950,2024-05-04,LP,2024-05-04,LP
3595951,2024-01-30,VUS,2024-01-30,VUS
3595952,2024-03-07,VUS,2024-03-07,VUS
3595954,2024-03-22,LP,2024-03-22,LP
3595955,2024-04-28,VUS,2024-04-28,VUS
3595956,2024-05-28,VUS,2024-05-28,VUS
3595957,2024-04-03,LP,2024-04-03,LP
3595961,2024-05-07,VUS,2024-05-07,VUS
3595962,2024-02-06,VUS,2024-02-06,VUS
3595963,2024-06-18,VUS,2024-06-18,VUS
3595964,2024-05-17,VUS,2024-05-17,VUS
3595966,2024-06-17,VUS,2024-06-17,VUS
3595967,2024-01-29,VUS,2024-01-29,VUS
3595968,2024-05-08,VUS,2024-05-08,VUS
3595969,2024-02-07,VUS,2024-02-07,VUS
3595970,2024-05-21,LP,2024-05-21,LP
3595971,2024-06-18,VUS,2024-06-18,VUS
3595972,2024-02-15,VUS,2024-02-15,VUS
3595973,2024-02-02,LP,2024-02-02,LP
3595975,2024-01-08,LP,2024-01-08,LP
3595976,2024-06-12,VUS,2024-06-12,VUS
3595977,2024-05-21,VUS,2024-05-21,VUS
3595979,2024-06-08,VUS,2024-06-08,VUS
3595980,2024-03-06,LP,2024-03-06,LP
3595982,2024-01-01,VUS,2024-01-01,VUS
3595983,2024-02-06,VUS,2024-02-06,VUS
3595984,2024-01-02,VUS,2024-01-02,VUS
3595985,2024-03-28,LP,2024-03-28,LP
3595986,2024-06-18,VUS,2024-06-18,VUS
3595988,2024-03-26,VUS,2024-03-26,VUS
3595989,2024-02-12,VUS,2024-02-12,VUS
3595990,2023-12-28,VUS,2023-12-28,VUS
3595991,2024-01-04,LP,2024-01-04,LP
3595993,2024-01-04,VUS,2024-01-04,VUS
3595994,2024-06-04,VUS,2024-06-04,VUS
3595995,2024-05-31,VUS,2024-05-31,VUS
3595996,2024-04-25,VUS,2024-04-25,VUS
3595997,2024-04-07,VUS,2024-04-07,VUS
3595998,2024-01-28,VUS,2024-01-28,VUS
3595999,2024-06-20,VUS,2024-06-20,VUS
3596000,2024-01-20,VUS,2024-01-20,VUS
3596002,2024-01-03,VUS,2024-01-03,VUS
3596003,2024-04-13,VUS,2024-04-13,VUS
3596004,2024-05-11,VUS,2024-05-11,VUS
3596005,2024-03-28,VUS,2024-03-28,VUS
3596007,2024-01-04,VUS,2024-01-04,VUS
3596008,2024-05-22,VUS,2024-05-22,VUS
3596019,2024-03-01,VUS,2024-03-01,VUS
3596021,2023-04-24,VUS,2024-02-08,VUS
3596022,2024-02-17,VUS,2024-02-17,VUS
3596023,2023-12-27,VUS,2023-12-27,VUS
3596024,2024-01-20,VUS,2024-01-20,VUS
3596025,2024-05-12,VUS,2024-05-12,VUS
3596026,2024-01-09,VUS,2024-01-09,VUS
3596028,2024-06-07,VUS,2024-06-13,VUS
3596029,2024-01-13,VUS,2024-01-13,VUS
3596030,2024-01-31,VUS,2024-01-31,VUS
3596031,2024-04-29,VUS,2024-04-29,VUS
3596032,2024-04-03,VUS,2024-04-03,VUS
3596033,2024-03-05,VUS,2024-03-05,VUS
3596035,2024-03-28,LP,2024-03-28,LP
3596036,2024-04-04,VUS,2024-04-04,VUS
3596037,2024-05-21,VUS,2024-05-21,VUS
3596038,2024-04-05,VUS,2025-09-28,VUS
3596039,2024-01-18,LP,2024-01-18,LP
3596041,2024-04-22,VUS,2024-04-22,VUS
3596042,2024-03-26,VUS,2024-03-26,VUS
3596043,2023-12-24,VUS,2023-12-24,VUS
3596044,2024-02-07,VUS,2024-02-07,VUS
3596045,2024-03-01,VUS,2024-03-01,VUS
3596046,2024-03-14,VUS,2024-03-14,VUS
3596047,2024-04-29,VUS,2024-04-29,VUS
3596048,2024-02-11,VUS,2024-02-11,VUS
3596050,2024-04-15,VUS,2024-04-15,VUS
3596051,2024-01-05,VUS,2024-01-05,VUS
3596052,2024-04-15,VUS,2024-04-15,VUS
3596053,2024-01-20,VUS,2025-11-26,VUS
3596054,2024-02-19,VUS,2024-02-19,VUS
3596055,2024-05-08,VUS,2024-05-08,VUS
3596056,2024-02-28,VUS,2024-02-28,VUS
3596058,2024-05-21,VUS,2025-05-29,VUS
3596059,2024-01-20,VUS,2024-01-20,VUS
3596060,2024-05-16,VUS,2024-05-16,VUS
3596061,2024-04-02,VUS,2024-04-02,VUS
3596062,2024-02-17,VUS,2024-02-17,VUS
3596063,2024-05-17,VUS,2024-05-17,VUS
3596064,2024-01-14,VUS,2024-01-14,VUS
3596066,2024-05-11,VUS,2024-05-11,VUS
3596067,2024-01-06,VUS,2024-01-06,VUS
3596068,2024-05-16,VUS,2024-05-16,VUS
3596069,2024-01-22,VUS,2024-01-22,VUS
3596070,2024-04-15,VUS,2024-04-15,VUS
3596071,2024-04-18,LP,2024-04-18,LP
3596072,2024-06-15,VUS,2024-06-15,VUS
3596074,2024-04-12,VUS,2024-04-12,VUS
3596075,2024-04-09,VUS,2024-04-09,VUS
3596076,2024-04-07,VUS,2024-04-07,VUS
3596077,2024-05-09,VUS,2024-05-09,VUS
3596078,2024-06-20,VUS,2024-06-20,VUS
3596079,2024-04-15,VUS,2024-04-15,VUS
3596081,2024-04-21,VUS,2024-04-21,VUS
3596082,2024-01-29,VUS,2024-01-29,VUS
3596083,2024-05-17,VUS,2025-08-26,VUS
3596084,2024-03-24,VUS,2024-03-24,VUS
3596085,2024-06-20,VUS,2024-06-20,VUS
3596086,2024-05-13,LP,2024-05-13,LP
3596089,2024-02-06,VUS,2024-02-06,VUS
3596090,2024-03-22,VUS,2024-03-22,VUS
3596091,2024-04-01,VUS,2024-12-16,VUS
3596092,2024-01-31,VUS,2024-01-31,VUS
3596093,2024-04-10,VUS,2024-04-10,VUS
3596094,2024-06-13,VUS,2025-09-25,VUS
3596096,2024-06-13,VUS,2024-06-13,VUS
3596097,2024-05-01,VUS,2024-05-01,VUS
3596098,2024-04-23,VUS,2024-04-23,VUS
3596099,2024-05-03,VUS,2025-02-21,VUS
3596100,2024-03-07,VUS,2025-07-31,VUS
3596101,2024-05-12,VUS,2024-05-12,VUS
3596102,2024-04-08,VUS,2024-04-08,VUS
3596104,2024-03-31,VUS,2024-03-31,VUS
3596105,2024-03-21,VUS,2024-03-21,VUS
3596106,2024-02-20,VUS,2025-05-07,VUS
3596107,2024-03-22,VUS,2024-03-22,VUS
3596108,2024-02-04,VUS,2024-02-04,VUS
3596109,2024-01-05,LP,2024-01-05,LP
3596110,2024-05-09,VUS,2024-05-09,VUS
3596111,2024-01-22,VUS,2024-01-22,VUS
3596113,2024-05-14,VUS,2024-05-14,VUS
3596114,2024-06-01,LP,2024-06-01,LP
3596116,2024-06-15,LP,2024-06-15,LP
3596117,2024-04-20,VUS,2025-06-06,VUS
3596118,2024-03-06,VUS,2024-03-06,VUS
3596119,2024-02-12,VUS,2024-02-12,VUS
3596121,2024-05-12,VUS,2024-05-12,VUS
3596122,2024-02-22,VUS,2024-02-22,VUS
3596123,2024-06-15,VUS,2024-06-15,VUS
3596124,2024-04-30,VUS,2024-04-30,VUS
3596125,2024-05-18,VUS,2024-05-18,VUS
3596126,2024-02-26,VUS,2024-02-26,VUS
3596127,2024-01-03,VUS,2025-04-01,VUS
3596132,2024-01-03,LP,2024-01-03,LP
3596133,2024-03-19,VUS,2024-03-19,VUS
3596134,2024-04-20,VUS,2024-04-20,VUS
3596137,2024-01-05,LP,2024-01-05,LP
3596138,2024-05-07,LP,2024-05-07,LP
3596139,2023-12-30,VUS,2023-12-30,VUS
3596140,2024-02-14,VUS,2025-11-25,VUS
3596141,2024-06-01,VUS,2024-06-01,VUS
3596142,2024-03-05,LP,2024-03-05,LP
3596144,2024-06-03,VUS,2024-06-03,VUS
3596145,2024-01-01,VUS,2024-01-01,VUS
3596147,2024-01-05,VUS,2024-01-05,VUS
3596148,2024-03-07,VUS,2024-03-07,VUS
3596149,2024-02-20,VUS,2024-02-20,VUS
3596150,2024-03-07,VUS,2024-03-07,VUS
3596151,2024-01-23,VUS,2024-01-23,VUS
3596152,2024-04-27,LP,2024-04-27,LP
3596154,2024-04-23,VUS,2024-04-23,VUS
3596155,2024-03-04,VUS,2024-03-04,VUS
3596156,2024-05-22,LP,2024-05-22,LP
3596157,2024-04-07,VUS,2024-04-07,VUS
3596158,2024-05-27,VUS,2024-05-27,VUS
3596159,2024-03-18,VUS,2024-03-18,VUS
3596160,2024-02-18,VUS,2024-02-18,VUS
3596162,2024-05-24,LP,2024-05-24,LP
3596163,2024-06-07,VUS,2024-06-07,VUS
3596164,2024-01-19,LP,2024-01-19,LP
3596165,2024-02-06,VUS,2024-02-06,VUS
3596166,2024-01-20,VUS,2024-01-20,VUS
3596167,2024-01-20,VUS,2024-01-20,VUS
3596168,2024-03-28,VUS,2024-03-28,VUS
3596169,2024-02-28,VUS,2024-02-28,VUS
3596170,2024-06-18,LP,2024-06-18,LP
3596171,2024-05-13,VUS,2024-05-13,VUS
3596172,2024-06-03,VUS,2024-06-03,VUS
3596175,2024-03-24,VUS,2024-03-24,VUS
3596176,2024-03-27,VUS,2024-03-27,VUS
3596178,2024-06-11,VUS,2024-06-11,VUS
3596179,2024-06-03,LP,2024-06-03,LP
3596180,2024-01-02,VUS,2024-01-02,VUS
3596183,2024-05-14,LP,2024-05-14,LP
3596184,2024-02-22,VUS,2024-02-22,VUS
3596185,2024-04-15,VUS,2024-04-15,VUS
3596186,2024-05-08,VUS,2024-05-08,VUS
3596188,2024-03-31,VUS,2024-03-31,VUS
3596189,2024-05-13,VUS,2024-05-13,VUS
3596190,2024-03-07,VUS,2024-03-07,VUS
3596191,2024-06-09,VUS,2024-06-09,VUS
3596193,2024-01-06,VUS,2024-01-06,VUS
3596194,2024-05-31,VUS,2024-05-31,VUS
3596195,2024-05-29,VUS,2024-05-29,VUS
3596196,2024-02-20,VUS,2024-02-20,VUS
3599016,2024-05-14,VUS,2024-05-14,VUS
3599017,2024-06-11,VUS,2024-06-11,VUS
3599018,2024-04-24,LP,2024-04-24,LP
3599019,2024-03-07,VUS,2024-03-07,VUS
3599020,2024-04-22,VUS,2024-04-22,VUS
3599021,2024-04-03,VUS,2024-04-03,VUS
3599022,2024-05-17,LP,2024-05-17,LP
3599023,2024-03-09,LP,2024-03-09,LP
3599024,2023-12-28,VUS,2023-12-28,VUS
3599025,2024-06-20,VUS,2024-06-20,VUS
3599026,2024-03-30,LP,2024-03-30,LP
3599027,2024-01-30,VUS,2024-01-30,VUS
3599028,2024-03-19,VUS,2024-03-19,VUS
3599029,2024-04-22,VUS,2024-04-22,VUS
3599030,2024-03-23,VUS,2024-03-23,VUS
3599031,2024-04-23,LP,2024-04-23,LP
3599032,2024-03-07,LP,2024-03-07,LP
3599033,2024-04-02,VUS,2024-04-02,VUS
3599034,2024-02-09,VUS,2024-02-09,VUS
3599035,2024-02-28,VUS,2024-02-28,VUS
3599036,2024-05-15,LP,2024-05-15,LP
3599037,2024-02-14,VUS,2024-02-14,VUS
3599038,2023-12-29,VUS,2023-12-29,VUS
3599039,2024-06-18,VUS,2024-06-18,VUS
3599040,2024-02-21,VUS,2024-02-21,VUS
3599041,2024-02-13,VUS,2024-02-13,VUS
3599042,2024-01-13,VUS,2024-01-13,VUS
3599043,2024-01-02,VUS,2024-01-02,VUS
3599044,2024-01-16,VUS,2024-01-16,VUS
3599046,2024-02-03,VUS,2024-02-03,VUS
3599047,2024-03-13,VUS,2025-08-14,VUS
3599048,2024-04-26,LP,2024-04-26,LP
3599050,2024-03-28,VUS,2024-03-28,VUS
3599051,2024-03-13,VUS,2024-03-13,VUS
3599052,2024-06-12,VUS,2024-06-12,VUS
3599053,2024-05-13,VUS,2024-05-13,VUS
3599054,2024-02-28,VUS,2024-02-28,VUS
3599055,2024-04-25,VUS,2024-04-25,VUS
3599058,2024-02-18,VUS,2024-02-18,VUS
3599059,2024-03-14,VUS,2024-03-14,VUS
3599060,2024-02-06,VUS,2024-02-06,VUS
3599061,2024-03-13,VUS,2024-03-13,VUS
3599062,2024-05-02,LP,2024-05-02,LP
3599064,2024-02-06,VUS,2024-02-06,VUS
3599065,2024-02-28,VUS,2024-02-28,VUS
3599066,2024-03-27,VUS,2024-03-27,VUS
3599067,2024-03-28,VUS,2024-03-28,VUS
3599068,2024-05-08,VUS,2024-05-08,VUS
3599069,2024-06-10,LP,2024-06-10,LP
3599070,2024-01-02,VUS,2024-01-02,VUS
3599071,2024-04-23,VUS,2024-04-23,VUS
3599073,2024-01-13,VUS,2024-01-13,VUS
3599075,2024-06-14,VUS,2024-06-14,VUS
3599076,2024-02-07,VUS,2024-02-07,VUS
3599077,2024-01-22,VUS,2024-01-22,VUS
3599079,2024-03-18,VUS,2024-03-18,VUS
3599080,2024-01-14,VUS,2024-01-14,VUS
3599081,2024-05-12,VUS,2024-05-12,VUS
3599082,2024-02-16,VUS,2024-02-16,VUS
3599083,2024-04-10,VUS,2024-04-10,VUS
3599084,2024-03-29,VUS,2024-03-29,VUS
3599085,2024-04-23,VUS,2024-04-23,VUS
3599086,2024-04-28,VUS,2024-04-28,VUS
3599087,2024-06-03,VUS,2024-06-03,VUS
3599088,2024-02-12,VUS,2024-02-12,VUS
3599090,2023-12-24,VUS,2023-12-24,VUS
3599091,2024-03-18,VUS,2024-03-18,VUS
3599092,2024-04-16,VUS,2024-04-16,VUS
3599093,2024-02-14,VUS,2024-02-14,VUS
3599094,2024-03-19,VUS,2024-03-19,VUS
3599095,2024-05-02,VUS,2024-05-02,VUS
3599096,2024-01-20,VUS,2024-01-20,VUS
3599098,2024-06-01,VUS,2024-06-01,VUS
3599100,2024-03-23,VUS,2024-03-23,VUS
3599101,2024-05-24,VUS,2024-05-24,VUS
3599102,2024-04-22,VUS,2024-04-22,VUS
3599104,2024-02-06,VUS,2024-02-06,VUS
3599105,2024-02-03,VUS,2024-02-03,VUS
3599107,2024-06-04,VUS,2024-06-04,VUS
3599108,2024-05-25,VUS,2024-05-25,VUS
3599109,2024-03-12,VUS,2024-03-12,VUS
3599110,2024-04-15,LP,2024-04-15,LP
3599111,2024-03-13,VUS,2024-05-09,VUS
3599113,2024-01-09,VUS,2024-01-09,VUS
3599114,2024-03-18,VUS,2024-03-18,VUS
3600784,2024-07-24,VUS,2024-07-24,VUS
3602083,2024-12-17,LP,2024-12-17,LP
3602946,2024-08-08,VUS,2024-08-08,VUS
3603928,2024-12-07,LB,2024-12-07,LB
3604003,2024-04-22,LB,2024-04-22,LB
3604599,2024-03-14,LB,2024-03-14,LB
3604924,2024-09-23,LB,2024-09-23,LB
3604933,2024-06-20,LB,2024-06-20,LB
3605804,2025-02-24,LB,2025-02-24,LB
3606543,2024-08-31,VUS,2024-08-31,VUS
3607189,2025-11-25,LB,2025-11-25,LB
3607305,2025-02-10,VUS,2025-02-10,VUS
3607681,2024-05-06,LB,2024-05-06,LB
3608234,2024-02-15,LB,2024-02-15,LB
3608932,2024-08-01,VUS,2024-08-01,VUS
3609109,2025-08-21,LB,2025-08-21,LB
3609170,2024-12-02,LB,2024-12-02,LB
3609302,2024-05-20,LB,2024-05-20,LB
3609581,2025-12-01,LB,2025-12-01,LB
3609664,2024-04-25,P,2024-04-25,P
3610619,2024-03-24,LB,2024-03-24,LB
3610634,2024-02-14,LB,2024-02-14,LB
3610925,2025-10-01,LB,2025-10-01,LB
3610930,2024-05-12,LB,2024-05-12,LB
3611051,2024-02-20,LB,2024-02-20,LB
3611564,2024-07-25,LB,2024-07-25,LB
3612493,2024-06-30,LB,2024-06-30,LB
3613547,2025-01-31,LB,2025-01-31,LB
3613845,2024-05-14,LB,2024-05-14,LB
3613907,2025-06-22,LB,2025-06-22,LB
3614600,2024-04-06,LB,2024-04-06,LB
3615212,2024-02-12,LB,2024-02-12,LB
3615890,2024-08-11,LB,2024-08-11,LB
3616747,2024-09-12,LB,2024-09-12,LB
3617545,2025-08-10,LB,2025-08-10,LB
3617597,2024-02-04,LB,2024-02-04,LB
3617598,2024-09-10,LB,2024-09-10,LB
3618161,2024-08-29,LB,2024-08-29,LB
3618650,2024-12-13,VUS,2024-12-13,VUS
3618891,2025-07-23,P,2025-07-23,P
3618928,2025-12-21,LB,2025-12-21,LB
3619362,2025-06-09,LB,2025-06-09,LB
3620623,2024-08-20,VUS,2024-08-20,VUS
3621327,2025-01-07,LB,2025-01-07,LB
3621761,2024-06-19,LB,2024-06-19,LB
3622101,2024-02-01,P,2024-02-01,P
3622753,2025-10-27,B,2025-10-27,B
3622944,2024-10-20,VUS,2024-10-20,VUS
3623169,2024-08-20,LB,2024-08-20,LB
3623907,2024-08-07,LB,2024-08-07,LB
3623960,2024-12-10,VUS,2024-12-10,VUS
3624236,2026-02-02,LB,2026-02-02,LB
3624325,2024-02-06,LB,2024-02-06,LB
3624539,2024-06-16,LB,2024-06-16,LB
3625261,2024-08-20,P,2024-08-20,P
3625295,2025-11-28,VUS,2026-02-26,VUS
3625575,2024-08-09,VUS,2024-08-09,VUS
3625664,2024-11-30,LB,2024-11-30,LB
3626140,2024-06-05,LB,2024-06-05,LB
3626659,2024-06-20,LB,2024-06-20,LB
3626705,2025-02-28,LB,2025-02-28,LB
3626970,2025-05-04,LB,2025-05-04,LB
3627075,2024-08-15,LB,2024-08-15,LB
3627603,2024-10-16,LB,2024-10-16,LB
3628141,2024-08-21,LB,2024-08-21,LB
3628539,2024-06-22,LB,2024-06-22,LB
3628990,2024-08-11,LB,2024-08-11,LB
3629386,2025-10-11,LB,2025-10-11,LB
3629435,2024-02-01,LB,2024-02-01,LB
3629922,2024-11-22,VUS,2024-11-22,VUS
3630141,2024-12-04,LB,2024-12-04,LB
3630469,2024-02-23,LB,2024-02-23,LB
3631263,2024-06-30,VUS,2024-06-30,VUS
3631585,2024-02-28,LB,2024-02-28,LB
3631599,2024-09-29,LB,2024-09-29,LB
3632112,2024-07-27,LB,2024-07-27,LB
3632646,2024-05-20,LB,2024-05-20,LB
3632713,2024-08-14,LB,2024-08-14,LB
3633101,2025-01-07,VUS,2025-01-07,VUS
3633318,2024-02-08,LB,2024-02-08,LB
3633662,2025-06-22,LB,2025-06-22,LB
3633691,2024-03-01,LB,2024-03-01,LB
3636400,2024-02-10,LB,2024-02-10,LB
3637501,2024-01-31,LB,2024-01-31,LB
3637858,2024-01-31,LB,2024-01-31,LB
3637859,2024-01-31,P,2024-01-31,P
3638143,2024-12-25,LB,2024-12-25,LB
3638449,2026-01-12,P,2026-01-12,P
3638763,2024-11-11,LB,2024-11-11,LB
3638821,2024-02-04,LB,2024-02-04,LB
3638997,2024-02-05,LB,2024-02-05,LB
3639117,2024-05-13,LB,2024-05-13,LB
3639589,2024-03-15,B,2024-03-15,B
3639920,2024-02-09,LB,2024-02-09,LB
3640371,2024-02-16,LB,2024-02-16,LB
3640610,2024-02-14,LB,2024-02-14,LB
3640753,2024-02-14,LB,2024-02-14,LB
3640898,2024-02-15,LB,2024-02-15,LB
3640899,2024-02-14,LB,2024-02-14,LB
3641203,2024-02-16,P,2024-02-16,P
3641615,2025-12-12,LB,2025-12-12,LB
3641722,2024-02-24,LB,2024-02-24,LB
3642173,2024-04-08,LB,2024-04-08,LB
3642293,2024-02-29,LB,2024-02-29,LB
3642554,2024-02-22,LB,2024-02-22,LB
3642578,2024-02-22,P,2024-02-22,P
3642811,2024-02-23,LB,2024-02-23,LB
3642889,2024-02-23,LB,2024-02-23,LB
3643082,2024-02-24,LB,2024-02-24,LB
3643108,2024-02-24,VUS,2024-02-24,VUS
3644132,2024-03-02,LB,2024-03-02,LB
3644636,2024-10-04,LB,2024-10-04,LB
3644640,2025-01-15,LB,2025-01-15,LB
3644675,2024-09-24,LB,2024-09-24,LB
3645195,2024-03-09,P,2024-03-09,P
3645831,2024-03-13,LB,2024-03-13,LB
3645848,2024-03-13,P,2024-03-13,P
3645998,2024-03-14,P,2024-03-14,P
3646271,2024-11-05,VUS,2024-11-05,VUS
3646607,2024-03-18,LB,2024-03-18,LB
3647051,2024-03-20,LP,2024-03-20,LP
3647270,2024-03-21,P,2024-03-21,P
3649004,2024-04-06,LB,2024-04-06,LB
3649239,2024-04-09,LB,2024-04-09,LB
3649319,2024-04-15,LB,2024-04-15,LB
3649836,2024-04-14,LP,2024-04-14,LP
3650013,2024-04-25,LB,2024-04-25,LB
3650014,2024-04-25,LB,2024-04-25,LB
3650414,2024-04-18,LB,2024-04-18,LB
3651167,2024-05-06,LB,2024-05-06,LB
3652570,2024-05-07,P,2024-05-07,P
3652593,2026-01-27,LB,2026-01-27,LB
3652716,2024-05-28,LB,2024-05-28,LB
3652755,2024-05-09,LB,2024-05-09,LB
3653357,2024-05-14,LB,2024-05-14,LB
3654534,2024-06-03,LB,2024-06-03,LB
3656000,2024-06-19,LB,2024-06-19,LB
3656001,2024-12-28,LB,2024-12-28,LB
3657008,2024-06-19,LB,2024-06-19,LB
3657766,2024-06-25,P,2024-06-25,P
3657810,2024-06-25,LB,2024-06-25,LB
3657897,2024-11-04,LB,2024-11-04,LB
3658555,2025-01-23,VUS,2025-01-23,VUS
3659177,2024-07-15,LB,2024-07-15,LB
3659453,2024-07-13,P,2024-07-13,P
3659731,2024-10-24,LB,2024-10-24,LB
3660122,2024-08-05,LB,2024-08-05,LB
3660994,2024-10-16,VUS,2024-10-16,VUS
3661505,2024-11-11,VUS,2024-11-11,VUS
3661824,2024-08-28,P,2024-08-28,P
3662042,2024-08-22,LB,2024-08-22,LB
3662672,2024-12-17,LB,2024-12-17,LB
3663375,2024-06-20,VUS,2024-06-20,VUS
3663438,2024-08-27,VUS,2024-08-27,VUS
3663655,2024-08-28,P,2024-08-28,P
3664899,2025-06-12,LB,2025-06-12,LB
3664931,2024-11-25,LP,2024-11-25,LP
3665637,2024-03-25,LB,2024-03-25,LB
3665926,2025-01-26,LB,2025-01-26,LB
3666505,2024-09-16,LB,2024-09-16,LB
3666716,2024-06-20,VUS,2024-06-20,VUS
3666937,2024-05-22,LB,2024-05-22,LB
3667449,2025-06-23,LB,2025-06-23,LB
3668396,2024-07-08,VUS,2024-07-08,VUS
3669064,2024-12-31,LB,2024-12-31,LB
3669376,2024-03-17,LB,2024-03-17,LB
3670169,2024-03-21,LB,2024-03-21,LB
3670256,2024-09-30,LB,2024-09-30,LB
3670295,2024-07-03,LB,2024-07-03,LB
3670470,2024-06-03,LB,2024-06-03,LB
3670648,2024-10-22,LB,2024-10-22,LB
3670702,2025-01-29,LB,2025-01-29,LB
3671466,2025-10-18,VUS,2025-10-18,VUS
3671620,2024-05-20,LB,2024-05-20,LB
3671635,2024-03-29,VUS,2024-03-29,VUS
3672045,2024-08-31,LB,2024-08-31,LB
3672472,2024-09-18,LB,2024-09-18,LB
3672504,2025-02-11,P,2025-02-11,P
3673021,2024-09-18,P,2024-09-18,P
3674006,2024-08-21,LB,2024-08-21,LB
3674331,2024-06-25,LB,2024-06-25,LB
3674376,2024-09-11,VUS,2024-09-11,VUS
3674599,2024-02-29,LB,2024-02-29,LB
3675026,2025-01-16,VUS,2025-01-16,VUS
3676146,2024-11-04,LB,2024-11-04,LB
3676326,2024-03-28,VUS,2024-03-28,VUS
3676833,2024-05-23,LB,2024-05-23,LB
3677133,2024-11-07,LB,2024-11-07,LB
3677137,2024-11-19,LB,2024-11-19,LB
3677298,2024-06-10,LB,2024-06-10,LB
3677319,2025-12-10,LB,2025-12-10,LB
3677603,2024-05-10,LB,2024-05-10,LB
3677885,2024-08-20,VUS,2024-08-20,VUS
3677997,2026-01-05,LB,2026-01-05,LB
3678457,2024-07-19,LB,2024-07-19,LB
3678929,2024-11-13,LB,2024-11-13,LB
3679337,2024-06-09,LB,2024-06-09,LB
3679706,2024-06-19,LB,2024-06-19,LB
3679710,2024-10-26,LB,2024-10-26,LB
3680036,2025-09-05,VUS,2025-09-05,VUS
3680131,2024-07-23,LB,2024-07-23,LB
3680696,2024-04-17,LB,2024-04-17,LB
3680706,2024-04-10,VUS,2025-02-23,VUS
3680875,2024-11-14,LB,2024-11-14,LB
3680968,2024-10-16,LB,2024-10-16,LB
3681211,2024-04-08,LB,2024-04-08,LB
3683507,2024-04-25,LB,2024-04-25,LB
3684108,2024-04-10,LB,2024-04-10,LB
3684384,2024-04-10,VUS,2025-02-23,VUS
3684808,2024-05-07,P,2024-05-07,P
3684854,2025-01-07,LB,2025-01-07,LB
3685151,2025-02-24,LB,2025-02-24,LB
3685569,2024-04-16,LB,2024-04-16,LB
3686325,2024-02-17,LB,2024-02-17,LB
3686362,2024-07-08,P,2024-07-08,P
3686363,2024-07-08,VUS,2024-07-08,VUS
3687419,2024-09-06,VUS,2024-09-06,VUS
3688307,2024-12-03,LB,2024-12-03,LB
3688599,2025-01-31,LB,2025-01-31,LB
3689245,2024-11-05,VUS,2024-11-05,VUS
3689307,2024-10-10,P,2024-10-10,P
3690089,2024-09-20,VUS,2024-09-20,VUS
3690205,2025-10-16,LB,2025-10-16,LB
3690237,2025-01-01,LB,2025-01-01,LB
3690496,2024-04-08,LB,2024-04-08,LB
3691236,2024-02-25,LB,2024-02-25,LB
3691628,2024-03-03,LB,2024-03-03,LB
3692763,2024-04-17,LB,2024-04-17,LB
3693028,2024-12-18,LB,2024-12-18,LB
3693921,2024-11-16,LB,2024-11-16,LB
3695034,2024-11-18,LB,2024-11-18,LB
3695423,2024-11-21,LB,2024-11-21,LB
3696006,2024-09-05,LB,2024-09-05,LB
3696790,2025-12-15,LB,2025-12-15,LB
3697756,2025-06-12,LB,2025-06-12,LB
3698053,2025-01-11,LB,2025-01-11,LB
3698085,2025-01-27,VUS,2025-01-27,VUS
3698324,2024-06-20,LB,2024-06-20,LB
3701424,2024-03-13,LB,2024-03-13,LB
3701613,2024-09-19,LB,2024-09-19,LB
3702371,2024-02-29,LB,2024-02-29,LB
3702488,2024-04-03,LB,2024-04-03,LB
3702709,2025-12-01,LB,2025-12-01,LB
3702763,2024-08-07,LB,2024-08-07,LB
3702886,2026-01-08,LB,2026-01-08,LB
3703004,2025-02-07,LB,2025-02-07,LB
3703145,2024-06-25,LB,2024-06-25,LB
3703684,2025-01-20,LB,2025-01-20,LB
3703722,2024-11-27,LB,2024-11-27,LB
3703926,2024-04-25,LP,2024-04-25,LP
3703927,2024-04-25,VUS,2024-04-25,VUS
3704243,2025-08-14,LB,2025-08-14,LB
3704947,2025-04-02,LB,2025-04-02,LB
3705427,2024-06-25,LB,2024-06-25,LB
3705462,2024-01-31,LB,2024-01-31,LB
3705510,2025-12-02,LB,2025-12-02,LB
3705603,2025-04-17,LB,2025-04-17,LB
3706274,2024-09-12,P,2024-09-12,P
3706429,2024-09-23,LP,2024-09-23,LP
3706951,2024-08-12,LB,2024-08-12,LB
3707338,2024-02-14,LB,2024-02-14,LB
3707741,2024-12-10,LB,2024-12-10,LB
3707855,2024-12-23,LB,2024-12-23,LB
3707955,2025-02-20,LB,2025-02-20,LB
3707995,2024-12-15,LB,2024-12-15,LB
3708143,2024-02-08,LB,2024-02-08,LB
3708187,2024-10-15,LB,2024-10-15,LB
3708451,2024-06-22,LB,2024-06-22,LB
3709509,2024-10-07,VUS,2024-10-07,VUS
3710412,2025-12-01,P,2025-12-01,P
3711290,2024-12-21,LB,2024-12-21,LB
3711446,2024-06-28,LB,2024-06-28,LB
3712094,2024-06-28,LB,2024-06-28,LB
3712600,2024-04-07,LB,2024-04-07,LB
3713049,2024-12-10,LB,2024-12-10,LB
3713122,2024-07-24,LB,2024-07-24,LB
3713525,2024-11-20,LB,2024-11-20,LB
3713622,2024-08-06,LB,2024-08-06,LB
3713652,2024-07-26,LB,2024-07-26,LB
3713754,2024-05-15,VUS,2024-05-15,VUS
3713818,2025-01-13,VUS,2025-01-13,VUS
3714253,2024-06-19,LB,2024-06-19,LB
3714487,2024-05-06,VUS,2024-05-06,VUS
3714828,2024-05-22,LB,2024-05-22,LB
3714885,2024-06-08,LB,2024-06-08,LB
3715169,2024-08-01,LB,2024-08-01,LB
3715495,2024-04-20,LB,2024-04-20,LB
3715585,2025-10-05,LB,2025-10-05,LB
3715969,2025-01-19,VUS,2025-01-19,VUS
3716059,2025-11-18,LB,2025-11-18,LB
3716162,2025-02-10,LB,2025-02-10,LB
3716264,2024-06-11,P,2024-06-11,P
3717207,2024-05-01,LB,2024-05-01,LB
3717463,2024-09-22,LB,2024-09-22,LB
3718090,2025-08-14,LB,2025-08-14,LB
3718183,2024-02-01,LB,2024-02-01,LB
3718538,2024-07-16,LP,2024-07-16,LP
3718715,2024-11-26,LB,2024-11-26,LB
3719014,2025-11-02,LB,2025-11-02,LB
3720065,2024-07-06,LB,2024-07-06,LB
3720222,2024-04-30,LB,2024-04-30,LB
3720719,2025-12-01,LB,2025-12-01,LB
3721787,2024-09-29,P,2024-09-29,P
3723159,2025-03-04,P,2025-03-04,P
3723288,2024-10-25,LB,2024-10-25,LB
3723668,2024-10-24,LB,2024-10-24,LB
3723813,2024-10-26,LB,2024-10-26,LB
3724273,2025-09-24,LB,2025-09-24,LB
3724432,2024-12-06,LB,2024-12-06,LB
3724563,2024-11-03,P,2024-11-03,P
3725277,2025-01-13,VUS,2025-01-13,VUS
3725613,2024-11-19,LB,2024-11-19,LB
3725651,2024-11-19,P,2024-11-19,P
3725672,2024-11-28,LB,2024-11-28,LB
3726411,2025-05-12,LB,2025-05-12,LB
3726424,2024-11-30,LB,2024-11-30,LB
3726543,2024-08-29,LB,2024-08-29,LB
3726618,2024-12-04,LB,2024-12-04,LB
3726679,2024-12-09,LB,2024-12-09,LB
3726920,2024-12-09,LB,2024-12-09,LB
3727100,2024-08-13,LB,2024-08-13,LB
3727221,2025-09-08,P,2025-09-08,P
3727232,2025-06-12,LB,2025-06-12,LB
3727278,2025-06-12,LB,2025-06-12,LB
3727369,2024-12-15,P,2024-12-15,P
3727531,2025-05-09,P,2025-05-09,P
3728205,2024-12-28,LB,2024-12-28,LB
3728478,2024-08-31,LB,2024-08-31,LB
3729549,2025-01-29,LB,2025-01-29,LB
3729747,2024-02-10,VUS,2024-02-10,VUS
3729957,2025-03-18,P,2025-03-18,P
3729979,2024-11-19,VUS,2025-04-11,VUS
3730424,2024-09-15,LB,2024-09-15,LB
3730507,2024-05-13,LB,2024-05-13,LB
3730515,2024-05-13,LB,2024-05-13,LB
3730813,2024-03-09,LB,2024-03-09,LB
3731291,2023-06-22,VUS,2023-06-22,VUS
3731522,2023-06-22,LP,2023-06-22,LP
3747885,2025-09-08,VUS,2025-09-08,VUS
3748113,2024-02-23,LB,2024-02-23,LB
3748127,2024-03-05,LB,2024-03-05,LB
3748130,2024-06-15,VUS,2024-06-15,VUS
3748205,2025-02-13,LB,2025-02-13,LB
3748228,2024-02-14,LB,2024-02-14,LB
3748262,2024-04-20,LB,2024-04-20,LB
3748398,2025-12-06,LB,2025-12-06,LB
3748400,2025-02-09,LB,2025-02-09,LB
3748411,2024-06-30,P,2024-06-30,P
3748419,2024-06-11,LB,2024-06-11,LB
3748421,2024-01-31,LB,2024-01-31,LB
3748462,2025-06-12,VUS,2025-06-12,VUS
3748559,2024-08-28,LB,2024-08-28,LB
3748561,2024-03-21,P,2024-03-21,P
3748606,2025-10-29,LB,2025-10-29,LB
3748660,2024-05-26,VUS,2024-05-26,VUS
3748728,2024-02-05,LB,2024-02-05,LB
3748730,2024-12-08,P,2024-12-08,P
3748745,2025-01-13,LB,2025-01-13,LB
3748861,2025-02-01,LB,2025-02-01,LB
3748908,2024-10-30,VUS,2024-10-30,VUS
3748930,2025-01-30,LB,2025-01-30,LB
3749031,2024-02-17,LB,2024-02-17,LB
3749060,2024-07-11,LB,2024-07-11,LB
3749082,2024-07-09,B,2024-07-09,B
3749276,2024-02-09,LB,2024-02-09,LB
3749333,2025-09-02,LB,2025-09-02,LB
3749372,2024-02-29,LB,2024-02-29,LB
3749541,2024-04-22,LB,2024-04-22,LB
3749593,2024-04-17,P,2024-04-17,P
3749629,2024-02-04,P,2024-02-04,P
3749692,2024-02-07,LB,2024-02-07,LB
3749766,2024-10-12,LB,2024-10-12,LB
3749905,2024-09-21,LB,2024-09-21,LB
3749925,2024-09-21,LB,2024-09-21,LB
3749943,2024-02-10,LB,2024-02-10,LB
3749979,2024-05-15,VUS,2024-05-15,VUS
3750032,2024-05-09,LB,2024-05-09,LB
3750066,2025-03-18,P,2025-03-18,P
3750098,2024-02-11,P,2024-02-11,P
3750138,2025-04-16,LB,2025-04-16,LB
3750203,2024-07-22,LB,2024-07-22,LB
3750244,2024-11-14,VUS,2024-11-14,VUS
3750303,2024-06-25,LB,2024-06-25,LB
3750320,2024-05-24,VUS,2025-04-15,VUS
3750343,2024-11-06,P,2024-11-06,P
3750355,2024-02-08,LB,2024-02-08,LB
3750358,2024-05-10,LP,2024-05-10,LP
3750401,2024-03-19,LB,2024-03-19,LB
3750415,2024-11-11,VUS,2024-11-11,VUS
3750534,2024-04-25,LB,2024-04-25,LB
3750536,2024-02-26,LB,2024-02-26,LB
3750601,2024-08-08,LB,2024-08-08,LB
3750689,2024-06-30,LP,2024-06-30,LP
3750741,2024-02-22,LB,2024-02-22,LB
3750758,2024-12-28,LB,2024-12-28,LB
3750839,2024-07-03,VUS,2024-07-03,VUS
3750897,2025-11-16,LB,2025-11-16,LB
3750904,2024-02-06,LB,2024-02-06,LB
3750958,2025-01-21,LB,2025-01-21,LB
3751048,2024-06-21,VUS,2024-06-21,VUS
3751060,2024-12-17,LB,2024-12-17,LB
3751107,2025-01-19,VUS,2025-01-19,VUS
3751156,2024-05-14,P,2024-05-14,P
3751210,2024-02-24,LB,2024-02-24,LB
3751283,2024-02-10,LB,2024-02-10,LB
3751302,2024-02-23,LB,2024-02-23,LB
3751329,2024-10-02,B,2024-10-02,B
3751335,2025-01-20,LB,2025-01-20,LB
3751434,2024-02-29,LB,2024-02-29,LB
3751453,2024-07-06,LB,2024-07-06,LB
3751628,2024-07-25,LB,2024-07-25,LB
3751703,2024-03-16,LB,2024-03-16,LB
3751713,2024-07-09,LB,2024-07-09,LB
3751745,2024-04-29,LB,2024-04-29,LB
3751749,2025-09-16,LB,2025-09-16,LB
3751781,2024-03-14,LB,2024-03-14,LB
3751863,2025-01-06,VUS,2025-01-06,VUS
3751884,2026-01-29,LB,2026-01-29,LB
3751979,2024-06-20,VUS,2024-06-20,VUS
3752146,2024-01-28,P,2024-01-28,P
3752183,2024-05-01,LB,2024-05-01,LB
3752184,2024-06-08,VUS,2024-06-08,VUS
3752270,2024-08-13,LB,2024-08-13,LB
3752292,2024-12-15,LB,2024-12-15,LB
3752443,2024-12-31,LB,2024-12-31,LB
3752455,2024-01-25,LB,2024-01-25,LB
3752525,2024-03-08,LP,2024-03-08,LP
3752527,2025-12-21,LB,2025-12-21,LB
3752538,2024-08-31,LB,2024-08-31,LB
3752637,2024-10-12,LB,2024-10-12,LB
3752658,2024-03-26,LB,2024-03-26,LB
3752662,2024-06-20,LB,2024-06-20,LB
3752853,2024-09-15,LB,2024-09-15,LB
3752894,2024-08-13,VUS,2024-08-13,VUS
3752897,2024-08-13,VUS,2024-08-13,VUS
3752975,2024-04-25,LB,2024-04-25,LB
3753048,2024-10-27,LB,2024-10-27,LB
3753104,2024-08-10,LB,2024-08-10,LB
3753131,2025-10-04,LB,2025-10-04,LB
3753148,2024-08-31,P,2024-08-31,P
3753188,2024-07-12,LB,2024-07-12,LB
3753219,2024-04-16,VUS,2024-04-16,VUS
3753220,2025-09-02,P,2025-09-02,P
3753265,2024-12-31,P,2024-12-31,P
3753311,2024-01-04,LB,2024-01-04,LB
3753343,2024-05-13,LB,2024-05-13,LB
3753359,2024-05-27,LB,2024-05-27,LB
3753397,2024-04-03,P,2024-04-03,P
3753447,2024-01-07,LB,2024-01-07,LB
3753450,2024-03-04,LB,2024-03-04,LB
3753478,2024-04-17,LB,2024-04-17,LB
3753488,2024-03-28,LB,2024-03-28,LB
3753494,2024-01-17,LB,2024-01-17,LB
3753546,2024-01-25,P,2024-01-25,P
3753565,2024-01-25,LB,2024-01-25,LB
3753792,2024-11-27,LB,2024-11-27,LB
3754140,2024-01-27,LB,2024-01-27,LB
3754226,2024-04-14,LP,2024-04-14,LP
3754243,2024-02-08,P,2024-02-08,P
3754323,2024-02-01,P,2024-02-01,P
3754327,2024-02-01,LB,2024-02-01,LB
3754335,2024-02-05,LB,2024-02-05,LB
3754337,2024-02-01,P,2024-02-01,P
3754380,2024-02-02,LB,2024-02-02,LB
3754401,2024-02-03,LB,2024-02-03,LB
3754419,2024-02-05,B,2024-02-05,B
3754444,2024-02-06,LB,2024-02-06,LB
3754448,2024-02-06,P,2024-02-06,P
3754449,2024-02-06,LB,2024-02-06,LB
3754462,2024-02-06,LB,2024-02-06,LB
3754467,2024-02-06,LB,2024-02-06,LB
3754512,2024-02-12,P,2024-02-12,P
3754516,2024-02-08,LB,2024-02-08,LB
3754527,2025-06-04,LB,2025-06-04,LB
3754539,2024-02-09,LB,2024-02-09,LB
3754542,2024-02-09,LB,2024-02-09,LB
3754569,2024-02-11,LB,2024-02-11,LB
3754594,2024-02-12,LB,2024-02-12,LB
3754598,2025-08-15,VUS,2025-08-15,VUS
3754637,2025-06-12,VUS,2025-06-12,VUS
3754661,2024-02-14,P,2024-02-14,P
3754709,2024-02-16,LB,2024-02-16,LB
3754781,2024-02-24,P,2024-02-24,P
3754815,2024-02-19,LB,2024-02-19,LB
3754816,2024-02-19,P,2024-02-19,P
3754835,2024-02-20,LP,2024-02-20,LP
3754860,2024-02-22,P,2024-02-22,P
3754868,2025-06-09,LB,2025-06-09,LB
3754883,2025-05-04,B,2025-05-04,B
3754890,2024-12-19,LB,2024-12-19,LB
3754896,2024-03-01,LB,2024-03-01,LB
3754924,2024-02-24,LB,2024-02-24,LB
3754938,2025-09-15,LB,2025-09-15,LB
3754949,2024-02-25,LB,2024-02-25,LB
3754968,2025-11-17,LB,2025-11-17,LB
3755003,2024-02-29,LB,2024-02-29,LB
3755012,2024-02-29,LB,2024-02-29,LB
3755058,2024-03-02,LB,2024-03-02,LB
3755082,2024-03-03,LP,2024-03-03,LP
3755088,2024-03-03,VUS,2024-03-03,VUS
3755158,2024-03-07,LB,2024-03-07,LB
3755195,2024-03-09,P,2024-03-09,P
3755200,2024-03-09,LB,2024-03-09,LB
3755231,2024-04-01,LB,2024-04-01,LB
3755281,2024-03-13,P,2024-03-13,P
3755298,2024-03-14,P,2024-03-14,P
3755299,2024-03-14,LB,2024-03-14,LB
3755359,2024-03-17,LB,2024-03-17,LB
3755427,2024-03-20,LB,2024-03-20,LB
3755459,2024-03-21,LB,2024-03-21,LB
3755505,2024-03-24,LB,2024-03-24,LB
3755513,2024-03-25,LB,2024-03-25,LB
3755657,2024-10-30,LB,2024-10-30,LB
3755681,2024-05-11,VUS,2024-05-11,VUS
3755683,2024-04-03,P,2024-04-03,P
3755732,2024-05-01,LB,2024-05-01,LB
3755839,2024-05-02,LB,2024-05-02,LB
3755877,2024-04-15,LB,2024-04-15,LB
3755930,2024-06-04,LB,2024-06-04,LB
3755966,2024-04-22,LB,2024-04-22,LB
3756055,2024-06-07,VUS,2024-06-07,VUS
3756126,2024-04-30,VUS,2024-04-30,VUS
3756146,2024-05-03,LB,2024-05-03,LB
3756220,2024-05-06,LB,2024-05-06,LB
3756221,2024-11-02,P,2024-11-02,P
3756257,2025-08-18,LP,2025-08-18,LP
3756260,2024-05-08,LB,2024-05-08,LB
3756267,2024-08-16,LB,2024-08-16,LB
3756304,2024-05-14,LB,2024-05-14,LB
3756352,2024-05-15,LB,2024-05-15,LB
3756391,2024-05-16,VUS,2024-05-16,VUS
3756442,2024-10-31,LB,2024-10-31,LB
3756511,2024-05-23,LB,2024-05-23,LB
3756559,2024-05-26,LB,2024-05-26,LB
3756619,2024-05-31,VUS,2024-05-31,VUS
3756685,2024-06-05,P,2024-06-05,P
3756719,2024-09-06,LB,2024-09-06,LB
3756751,2024-06-09,LB,2024-06-09,LB
3756781,2025-11-12,LB,2025-11-12,LB
3756814,2024-06-19,LB,2024-06-19,LB
3757011,2024-09-06,VUS,2024-09-06,VUS
3757067,2024-07-24,LB,2024-07-24,LB
3757186,2024-11-21,LB,2024-11-21,LB
3757484,2024-07-31,P,2024-07-31,P
3757525,2024-08-04,P,2024-08-04,P
3757534,2024-08-04,P,2024-08-04,P
3757584,2024-08-08,LB,2024-08-08,LB
3757652,2024-08-12,LP,2024-08-12,LP
3757689,2024-02-23,LB,2024-02-23,LB
3757708,2025-07-29,LB,2025-07-29,LB
3757755,2024-08-20,LB,2024-08-20,LB
3757785,2025-10-23,LB,2025-10-23,LB
3757822,2024-08-27,VUS,2024-08-27,VUS
3757855,2024-08-28,LB,2024-08-28,LB
3757905,2024-02-17,LB,2024-02-17,LB
3757915,2024-08-31,LB,2024-08-31,LB
3757927,2025-01-29,VUS,2025-01-29,VUS
3758063,2024-04-29,LB,2024-04-29,LB
3758098,2024-02-29,LB,2024-02-29,LB
3758101,2024-09-06,LB,2024-09-06,LB
3758123,2024-07-04,LB,2024-07-04,LB
3758147,2024-05-20,LB,2024-05-20,LB
3758155,2024-04-04,LB,2024-04-04,LB
3758201,2024-12-23,LB,2024-12-23,LB
3758363,2025-03-06,LB,2025-03-06,LB
3758426,2025-01-18,VUS,2025-01-18,VUS
3758547,2024-09-10,LB,2024-09-10,LB
3758616,2024-05-04,LB,2024-05-04,LB
3758694,2024-12-07,LB,2024-12-07,LB
3758737,2025-11-11,LB,2025-11-11,LB
3758744,2024-12-10,LB,2024-12-10,LB
3758822,2024-09-14,LP,2024-09-14,LP
3758844,2025-02-10,LB,2025-02-10,LB
3758855,2024-09-16,LB,2024-09-16,LB
3758857,2024-09-27,LB,2024-09-27,LB
3759061,2024-04-01,P,2024-04-01,P
3759123,2024-09-26,VUS,2024-09-26,VUS
3759132,2024-02-19,P,2024-02-19,P
3759172,2024-02-29,P,2024-02-29,P
3759221,2024-09-23,LB,2024-09-23,LB
3759276,2024-09-28,LB,2024-09-28,LB
3759332,2024-10-02,LP,2024-10-02,LP
3759453,2024-10-13,LB,2024-10-13,LB
3759500,2024-10-17,LB,2024-10-17,LB
3759538,2024-12-02,B,2024-12-02,B
3759539,2024-11-27,LB,2024-11-27,LB
3759695,2024-11-03,LB,2024-11-03,LB
3759745,2024-11-10,LB,2024-11-10,LB
3759748,2024-11-11,LB,2024-11-11,LB
3759861,2025-12-25,LB,2025-12-25,LB
3759862,2025-12-25,LB,2025-12-25,LB
3759898,2024-12-07,LB,2024-12-07,LB
3759902,2024-11-27,LB,2024-11-27,LB
3760064,2024-08-23,LB,2024-08-23,LB
3760087,2024-12-17,LB,2024-12-17,LB
3760092,2024-12-17,LB,2024-12-17,LB
3760128,2024-12-21,LB,2024-12-21,LB
3760167,2024-12-24,LB,2024-12-24,LB
3760170,2024-12-24,LB,2024-12-24,LB
3760232,2024-07-30,VUS,2024-07-30,VUS
3760341,2025-06-05,P,2025-06-05,P
3760428,2024-12-08,P,2024-12-08,P
3760573,2024-07-08,LB,2024-07-08,LB
3760636,2025-01-19,VUS,2025-01-19,VUS
3760669,2024-02-16,LB,2024-02-16,LB
3760672,2024-09-04,LB,2024-09-04,LB
3760711,2025-02-09,LB,2025-02-09,LB
3760732,2024-02-10,LB,2024-02-10,LB
3760739,2024-08-17,LB,2024-08-17,LB
3760764,2024-12-25,LB,2024-12-25,LB
3760978,2024-11-13,LB,2024-11-13,LB
3760984,2024-06-08,LB,2024-06-08,LB
3761035,2024-02-11,LP,2024-02-11,LP
3761054,2024-06-03,LB,2024-06-03,LB
3761102,2024-06-13,LB,2024-06-13,LB
3761161,2024-10-29,LB,2024-10-29,LB
3761204,2024-02-17,LB,2024-02-17,LB
3761275,2024-11-19,LB,2024-11-19,LB
3761328,2024-12-04,LB,2024-12-04,LB
3761343,2024-04-27,LB,2024-04-27,LB
3761361,2025-01-01,LB,2025-01-01,LB
3761396,2024-04-22,LB,2024-04-22,LB
3761404,2024-04-12,LB,2024-04-12,LB
3761410,2024-03-25,B,2024-03-25,B
3761445,2024-06-21,LB,2024-06-21,LB
3761448,2025-01-23,LB,2025-01-23,LB
3761540,2024-03-21,VUS,2024-03-21,VUS
3761561,2024-07-05,LB,2024-07-05,LB
3761661,2025-06-02,LB,2025-06-02,LB
3761717,2025-06-06,LB,2025-06-06,LB
3761724,2024-02-17,LB,2024-02-17,LB
3761735,2024-02-15,LB,2024-02-15,LB
3761752,2024-05-04,LP,2024-05-04,LP
3761815,2024-04-30,LB,2024-04-30,LB
3761931,2024-07-26,LB,2024-07-26,LB
3762023,2024-10-16,LB,2024-10-16,LB
3762065,2024-03-28,VUS,2024-03-28,VUS
3762066,2024-03-28,P,2024-03-28,P
3762101,2024-06-15,VUS,2024-06-15,VUS
3762237,2025-04-17,VUS,2025-04-17,VUS
3762334,2024-05-31,LB,2024-05-31,LB
3762353,2025-01-15,P,2025-01-15,P
3762371,2024-10-30,LB,2024-10-30,LB
3762398,2025-10-22,LB,2025-10-22,LB
3762430,2024-02-12,LB,2024-02-12,LB
3762556,2024-02-12,LB,2024-02-12,LB
3762560,2024-02-01,LB,2024-02-01,LB
3762585,2024-10-17,VUS,2024-10-17,VUS
3762616,2024-05-22,LP,2024-05-22,LP
3762685,2024-02-04,LB,2024-02-04,LB
3762692,2024-10-08,LB,2024-10-08,LB
3762709,2024-03-25,LB,2024-03-25,LB
3762716,2024-06-30,VUS,2024-06-30,VUS
3762752,2024-09-28,LB,2024-09-28,LB
3762823,2024-10-16,LB,2024-10-16,LB
3762829,2026-01-25,LB,2026-01-25,LB
3762890,2025-08-24,LB,2025-08-24,LB
3762894,2024-05-10,LB,2024-05-10,LB
3763138,2024-06-19,LB,2024-06-19,LB
3763190,2024-03-07,LB,2024-03-07,LB
3763199,2024-02-20,LB,2024-02-20,LB
3763237,2024-03-16,LB,2024-03-16,LB
3763470,2024-12-22,LB,2024-12-22,LB
3763493,2024-05-01,LB,2024-05-01,LB
3763498,2024-06-30,P,2024-06-30,P
3763508,2024-02-16,LB,2024-02-16,LB
3763530,2025-01-29,VUS,2025-01-29,VUS
3763531,2024-11-08,LB,2024-11-08,LB
3763561,2024-03-16,LB,2024-03-16,LB
3763583,2024-04-25,LB,2024-04-25,LB
3763597,2025-10-02,VUS,2025-10-02,VUS
3763789,2024-10-24,P,2024-10-24,P
3763824,2025-08-18,VUS,2025-08-18,VUS
3763839,2024-07-06,LB,2024-07-06,LB
3763914,2025-01-20,LB,2025-01-20,LB
3763944,2024-08-23,LB,2024-08-23,LB
3764635,2024-01-01,P,2024-01-01,P
3764792,2025-02-06,VUS,2025-02-06,VUS
3766129,2024-08-27,VUS,2024-08-27,VUS
3766741,2024-07-24,LB,2024-07-24,LB
3767347,2025-02-05,LP,2025-02-05,LP
3768051,2024-12-14,VUS,2024-12-14,VUS
3769035,2025-02-17,P,2025-02-17,P
3769141,2025-12-23,VUS,2025-12-23,VUS
3769202,2025-01-07,P,2025-01-07,P
3769272,2025-01-06,P,2025-01-06,P
3769543,2025-01-19,VUS,2025-01-19,VUS
3770224,2025-01-11,P,2025-01-11,P
3771825,2024-12-01,VUS,2024-12-01,VUS
3772012,2024-12-01,LB,2024-12-01,LB
3772343,2025-01-01,VUS,2025-01-01,VUS
3774377,2025-03-04,P,2025-03-04,P
3774413,2025-02-21,P,2025-02-21,P
3775520,2024-01-11,P,2024-01-11,P
3776525,2024-10-03,VUS,2024-10-03,VUS
3776648,2024-10-07,VUS,2024-10-07,VUS
3777090,2021-03-31,VUS,2021-03-31,VUS
3777704,2025-04-16,VUS,2025-04-16,VUS
3778325,2025-02-01,LB,2025-02-01,LB
3778618,2025-04-01,VUS,2025-04-01,VUS
3779048,2022-04-20,VUS,2025-04-28,VUS
3779049,2022-11-22,VUS,2022-11-22,VUS
3779508,2022-09-19,LP,2022-09-19,LP
3779770,2020-06-09,LP,2020-06-09,LP
3780014,2022-09-15,LP,2022-09-15,LP
3780039,2021-03-25,VUS,2021-03-25,VUS
3780041,2022-05-19,LP,2026-01-13,LP
3780716,2021-12-16,VUS,2021-12-16,VUS
3780717,2023-02-20,LP,2023-02-20,LP
3780761,2023-04-04,LP,2023-04-04,LP
3780796,2022-11-21,LP,2022-11-21,LP
3780814,2021-04-01,VUS,2021-04-01,VUS
3781106,2024-10-15,VUS,2024-10-15,VUS
3790340,2024-12-11,VUS,2025-01-10,VUS
3790341,2024-12-11,VUS,2024-12-11,VUS
3790342,2024-12-20,VUS,2024-12-20,VUS
3790343,2024-12-21,VUS,2024-12-21,VUS
3790344,2025-01-18,VUS,2025-01-18,VUS
3790345,2025-02-09,VUS,2025-02-09,VUS
3793492,2024-12-24,VUS,2024-12-24,VUS
3793493,2025-01-09,VUS,2025-01-09,VUS
3793495,2025-02-25,VUS,2025-02-25,VUS
3808442,2024-12-31,VUS,2024-12-31,VUS
3811818,2025-02-08,VUS,2025-02-08,VUS
3811819,2024-12-23,VUS,2024-12-23,VUS
3811820,2024-12-30,VUS,2024-12-30,VUS
3811821,2025-01-10,VUS,2025-01-10,VUS
3811822,2025-03-01,VUS,2025-03-01,VUS
3815870,2025-02-07,VUS,2025-02-07,VUS
3815871,2024-12-22,VUS,2024-12-22,VUS
3815873,2025-03-05,VUS,2025-03-05,VUS
3820844,2024-12-16,VUS,2024-12-16,VUS
3820846,2025-01-08,VUS,2025-01-08,VUS
3820847,2025-02-03,VUS,2025-02-03,VUS
3820848,2025-02-27,VUS,2025-02-27,VUS
3820849,2025-03-01,LB,2025-03-01,LB
3820850,2025-03-06,VUS,2025-03-06,VUS
3820851,2025-03-11,VUS,2025-03-11,VUS
3831735,2025-01-16,VUS,2025-01-16,VUS
3831736,2025-02-13,VUS,2025-02-13,VUS
3831737,2025-03-05,VUS,2025-03-05,VUS
3831738,2025-03-10,VUS,2025-03-10,VUS
3831824,2024-12-22,VUS,2024-12-22,VUS
3831825,2025-01-13,LB,2025-01-13,LB
3831826,2025-01-04,VUS,2025-01-04,VUS
3831827,2025-01-19,VUS,2025-01-19,VUS
3831828,2025-02-13,VUS,2025-02-13,VUS
3831830,2025-01-19,VUS,2025-01-19,VUS
3831831,2025-02-08,VUS,2025-02-08,VUS
3831832,2025-03-03,VUS,2025-03-03,VUS
3831833,2025-03-10,VUS,2025-03-10,VUS
3854262,2024-12-21,VUS,2024-12-21,VUS
3854263,2025-02-19,VUS,2025-02-19,VUS
3854264,2025-01-19,VUS,2025-01-19,VUS
3854265,2025-01-21,VUS,2025-01-21,VUS
3854266,2025-03-07,VUS,2025-03-07,VUS
3860893,2025-02-07,VUS,2025-02-07,VUS
3860894,2025-02-22,VUS,2025-02-22,VUS
3860895,2025-03-14,VUS,2025-03-14,VUS
3874589,2025-02-19,VUS,2025-02-19,VUS
3874599,2025-02-26,VUS,2025-02-26,VUS
3874610,2025-02-04,VUS,2025-11-15,VUS
3874640,2025-01-08,VUS,2025-01-08,VUS
3874650,2024-12-15,VUS,2024-12-15,VUS
3874668,2025-01-02,VUS,2025-01-02,VUS
3874686,2025-02-05,VUS,2025-02-05,VUS
3874695,2025-02-05,VUS,2025-02-05,VUS
3874706,2025-02-04,VUS,2025-02-04,VUS
3874715,2025-02-06,VUS,2025-02-06,VUS
3874726,2025-02-27,VUS,2025-02-27,VUS
3874737,2025-03-05,VUS,2025-03-05,VUS
3878763,2025-01-03,VUS,2025-01-03,VUS
3878764,2025-01-16,VUS,2025-01-16,VUS
3878765,2025-01-18,VUS,2025-01-18,VUS
3878766,2025-02-27,P,2025-02-27,P
3880738,2025-01-01,VUS,2025-01-01,VUS
3880739,2024-12-15,VUS,2024-12-15,VUS
3880740,2025-01-14,VUS,2025-01-14,VUS
3880741,2025-01-28,VUS,2025-01-28,VUS
3880742,2025-03-08,VUS,2025-03-08,VUS
3880743,2024-12-13,VUS,2024-12-13,VUS
3880744,2025-01-22,VUS,2025-01-22,VUS
3880745,2025-02-08,VUS,2025-02-08,VUS
3880746,2025-02-12,VUS,2025-02-12,VUS
3880747,2025-02-22,VUS,2025-02-22,VUS
3880748,2025-03-07,VUS,2025-03-07,VUS
3880749,2025-03-08,VUS,2025-03-08,VUS
3880750,2025-03-14,VUS,2025-03-14,VUS
3880751,2025-03-14,VUS,2025-03-14,VUS
3891397,2023-04-18,VUS,2023-04-18,VUS
3891399,2022-11-02,VUS,2025-08-25,VUS
3891400,2022-11-14,LP,2022-11-14,LP
3891853,2020-05-31,VUS,2020-05-31,VUS
3892667,2022-04-14,VUS,2022-04-14,VUS
3892928,2022-05-10,VUS,2022-05-10,VUS
3893046,2023-05-29,LP,2023-05-29,LP
3894549,2025-04-02,LP,2025-04-02,LP
3896191,2025-04-17,VUS,2025-04-17,VUS
3896422,2025-04-08,VUS,2025-04-08,VUS
3897990,2024-02-01,VUS,2024-05-13,VUS
3897991,2024-02-01,VUS,2024-02-01,VUS
3898443,2025-04-01,VUS,2025-04-01,VUS
3898523,2025-04-01,VUS,2025-04-01,VUS
3898640,2025-04-01,VUS,2025-04-01,VUS
3898683,2025-04-01,VUS,2025-04-01,VUS
3898927,2024-11-08,VUS,2024-11-08,VUS
3898928,2024-11-08,VUS,2024-11-08,VUS
3899098,2024-11-07,VUS,2024-11-07,VUS
3899099,2024-11-07,VUS,2024-11-07,VUS
3899259,2024-08-14,LP,2024-08-14,LP
3899305,2025-05-16,LP,2025-05-16,LP
3900016,2024-11-05,LP,2024-11-05,LP
3900024,2024-11-05,P,2024-11-05,P
3900025,2024-11-05,P,2024-11-05,P
3901052,2023-08-03,VUS,2023-08-03,VUS
3901607,2024-11-27,LP,2024-11-27,LP
3901854,2025-03-27,LP,2025-03-27,LP
3902444,2025-05-07,P,2025-05-07,P
3905164,2025-05-01,B,2025-05-01,B
3905206,2025-05-01,LB,2025-05-01,LB
3905630,2025-04-01,P,2025-04-01,P
3906640,2024-12-17,VUS,2024-12-17,VUS
3907286,2025-06-09,VUS,2025-06-09,VUS
3910321,2025-02-16,B,2025-02-16,B
3910908,2025-02-16,LB,2025-02-16,LB
3910909,2025-02-16,LB,2025-02-16,LB
3910981,2025-02-16,B,2025-02-16,B
3910982,2025-02-16,LB,2025-02-16,LB
3910983,2025-02-16,LB,2025-02-16,LB
3911169,2025-02-16,LB,2025-02-16,LB
3918506,2025-04-24,VUS,2025-04-24,VUS
3918536,2025-05-21,VUS,2025-05-21,VUS
3918539,2025-05-21,VUS,2025-05-21,VUS
3918568,2025-05-23,VUS,2025-05-23,VUS
3918577,2025-06-10,LB,2025-06-10,LB
3918588,2025-04-11,VUS,2025-04-11,VUS
3918598,2025-04-14,VUS,2025-04-14,VUS
3918606,2025-05-01,VUS,2025-05-01,VUS
3918617,2025-05-19,VUS,2025-05-19,VUS
3918625,2025-05-20,VUS,2025-05-20,VUS
3918636,2025-05-21,VUS,2025-05-21,VUS
3918638,2025-05-29,VUS,2025-05-29,VUS
3918780,2025-04-01,VUS,2025-04-01,VUS
3918782,2025-04-10,VUS,2025-12-29,VUS
3918783,2025-04-07,VUS,2025-04-07,VUS
3918784,2025-04-25,VUS,2025-04-25,VUS
3918785,2025-05-16,VUS,2025-05-16,VUS
3918786,2025-06-03,VUS,2025-06-03,VUS
3918787,2025-06-07,VUS,2025-06-07,VUS
3921377,2025-04-03,VUS,2025-04-03,VUS
3921378,2025-04-18,VUS,2025-04-18,VUS
3921379,2025-05-18,VUS,2025-05-18,VUS
3921380,2025-05-19,VUS,2025-05-19,VUS
3921382,2025-03-27,VUS,2025-03-27,VUS
3921383,2025-04-12,VUS,2025-04-12,VUS
3921384,2025-04-18,VUS,2025-04-18,VUS
3921385,2025-04-19,VUS,2025-04-19,VUS
3921386,2025-04-28,VUS,2025-04-28,VUS
3921388,2025-03-17,VUS,2025-03-17,VUS
3921390,2025-04-13,VUS,2025-04-13,VUS
3921391,2025-04-02,VUS,2025-04-02,VUS
3921392,2025-03-28,VUS,2025-03-28,VUS
3921394,2025-04-04,VUS,2025-04-04,VUS
3921395,2025-05-16,VUS,2025-05-16,VUS
3921396,2025-05-26,VUS,2025-05-26,VUS
3921397,2025-05-28,VUS,2025-05-28,VUS
3921398,2025-06-10,VUS,2025-06-10,VUS
3947407,2025-05-17,VUS,2025-05-17,VUS
3947410,2025-06-12,VUS,2025-06-12,VUS
3947411,2025-03-27,VUS,2025-03-27,VUS
3947412,2025-04-03,VUS,2025-04-03,VUS
3947413,2025-04-11,VUS,2025-04-11,VUS
3947414,2025-04-25,VUS,2025-04-25,VUS
3947415,2025-05-01,VUS,2025-05-01,VUS
3947417,2025-05-26,VUS,2025-05-26,VUS
3951284,2025-05-03,VUS,2025-05-03,VUS
3951285,2025-04-01,VUS,2025-04-01,VUS
3951287,2025-05-04,VUS,2025-05-04,VUS
3970801,2025-03-25,VUS,2025-03-25,VUS
3970802,2025-04-06,VUS,2025-04-06,VUS
3970803,2025-05-19,VUS,2025-05-19,VUS
3970804,2025-05-20,VUS,2025-05-20,VUS
3975281,2025-04-01,VUS,2025-04-01,VUS
3975282,2025-05-18,VUS,2025-05-18,VUS
3975283,2025-03-20,VUS,2025-03-20,VUS
3975284,2025-03-17,VUS,2025-03-17,VUS
3975285,2025-04-12,VUS,2025-04-12,VUS
3975286,2025-05-13,VUS,2025-05-13,VUS
3975287,2025-06-03,VUS,2025-06-03,VUS
3975288,2025-06-06,VUS,2025-06-06,VUS
3980832,2025-06-09,VUS,2025-06-09,VUS
3980833,2025-03-17,VUS,2025-03-17,VUS
3980834,2025-03-24,VUS,2025-03-24,VUS
3980835,2025-04-12,VUS,2025-04-12,VUS
3980836,2025-05-05,VUS,2025-05-05,VUS
3987024,2025-04-21,VUS,2025-04-21,VUS
3987027,2025-06-03,VUS,2025-06-03,VUS
3987028,2025-04-06,VUS,2025-04-06,VUS
3987029,2025-04-24,VUS,2025-04-24,VUS
3987030,2025-05-05,VUS,2025-05-05,VUS
3987031,2025-05-25,VUS,2025-05-25,VUS
3987033,2025-06-03,VUS,2025-06-03,VUS
3987034,2025-06-03,VUS,2025-06-03,VUS
4000691,2025-06-10,VUS,2025-06-10,VUS
4000693,2025-05-29,VUS,2025-05-29,VUS
4000694,2025-03-22,VUS,2025-03-22,VUS
4000695,2025-03-31,VUS,2025-03-31,VUS
4000696,2025-04-01,VUS,2025-04-01,VUS
4000697,2025-05-02,LB,2025-05-02,LB
4000699,2025-04-22,VUS,2025-04-22,VUS
4000700,2025-05-01,VUS,2025-05-01,VUS
4000701,2025-05-18,VUS,2025-05-18,VUS
4000702,2025-05-23,VUS,2025-05-23,VUS
4000842,2025-03-18,VUS,2025-03-18,VUS
4000843,2025-02-27,VUS,2025-03-22,VUS
4000844,2025-03-25,VUS,2025-03-25,VUS
4000845,2025-04-01,VUS,2025-04-01,VUS
4000846,2025-04-10,VUS,2025-04-10,VUS
4000847,2025-04-12,VUS,2025-04-12,VUS
4000848,2025-04-14,VUS,2025-04-14,VUS
4000849,2025-04-16,VUS,2025-04-16,VUS
4000851,2025-04-18,VUS,2025-04-18,VUS
4000852,2025-04-29,VUS,2025-04-29,VUS
4000853,2025-04-30,VUS,2025-04-30,VUS
4000854,2025-05-05,VUS,2025-05-05,VUS
4000855,2025-06-06,LB,2025-06-06,LB
4000856,2025-05-23,VUS,2025-05-23,VUS
4000857,2025-06-10,LB,2025-06-10,LB
4030197,2025-05-19,VUS,2025-05-19,VUS
4030198,2025-06-10,VUS,2025-06-10,VUS
4030199,2025-04-11,VUS,2025-04-11,VUS
4030200,2025-04-17,VUS,2025-04-17,VUS
4030202,2025-05-06,VUS,2025-05-06,VUS
4039105,2025-05-18,VUS,2025-05-18,VUS
4039106,2025-04-12,VUS,2025-04-12,VUS
4039107,2025-05-05,VUS,2025-05-05,VUS
4039108,2025-04-15,VUS,2025-04-15,VUS
4039109,2025-04-16,VUS,2025-04-16,VUS
4039110,2025-05-29,VUS,2025-05-29,VUS
4039111,2025-06-03,VUS,2025-06-03,VUS
4039112,2025-06-03,VUS,2025-06-03,VUS
4039113,2025-06-07,VUS,2025-06-07,VUS
4039114,2025-06-07,VUS,2025-06-07,VUS
4039115,2025-06-07,VUS,2025-06-07,VUS
4039239,2025-04-03,VUS,2025-04-03,VUS
4039240,2025-04-03,VUS,2025-04-03,VUS
4060816,2025-05-21,VUS,2025-05-21,VUS
4060818,2025-05-21,VUS,2025-05-21,VUS
4060819,2025-05-17,VUS,2025-05-17,VUS
4060820,2025-05-12,VUS,2025-05-12,VUS
4060821,2025-05-08,VUS,2025-05-08,VUS
4060822,2025-05-08,VUS,2025-05-08,VUS
4060823,2025-05-05,VUS,2025-05-05,VUS
4060825,2025-05-05,VUS,2025-05-05,VUS
4060826,2025-05-01,VUS,2025-05-01,VUS
4060827,2025-04-30,VUS,2025-04-30,VUS
4060828,2025-04-30,VUS,2025-04-30,VUS
4060829,2025-04-25,VUS,2025-04-25,VUS
4060830,2025-04-23,VUS,2025-04-23,VUS
4060831,2025-04-20,VUS,2025-04-20,VUS
4060833,2025-04-17,LP,2025-04-17,LP
4060834,2025-04-14,VUS,2025-04-14,VUS
4060835,2025-04-14,P,2025-04-14,P
4060836,2025-04-13,VUS,2025-04-13,VUS
4060837,2025-04-11,VUS,2025-04-11,VUS
4060839,2025-04-10,VUS,2025-04-10,VUS
4060840,2025-04-10,VUS,2025-04-10,VUS
4060841,2025-04-10,VUS,2025-04-10,VUS
4060842,2025-04-04,VUS,2025-04-04,VUS
4060843,2025-04-04,VUS,2025-04-04,VUS
4060844,2025-04-03,VUS,2025-04-03,VUS
4060845,2025-03-31,VUS,2025-03-31,VUS
4060846,2025-03-30,VUS,2025-03-30,VUS
4060847,2025-03-27,VUS,2025-10-07,VUS
4060848,2025-03-24,VUS,2025-03-24,VUS
4060849,2025-03-24,VUS,2025-03-24,VUS
4060850,2025-03-24,VUS,2025-03-24,VUS
4060851,2025-03-23,VUS,2025-03-23,VUS
4060852,2025-03-10,VUS,2025-03-10,VUS
4060853,2025-03-10,VUS,2025-03-10,VUS
4060854,2025-03-10,VUS,2025-03-10,VUS
4060856,2025-03-07,VUS,2025-03-07,VUS
4060857,2025-02-27,VUS,2025-02-27,VUS
4060858,2025-02-25,VUS,2025-02-25,VUS
4060859,2025-02-22,VUS,2025-02-22,VUS
4060860,2025-02-21,VUS,2025-02-21,VUS
4060861,2025-02-20,VUS,2025-02-20,VUS
4060863,2025-02-18,VUS,2025-02-18,VUS
4060864,2025-02-18,VUS,2025-02-18,VUS
4060865,2025-02-18,VUS,2025-02-18,VUS
4060866,2025-02-17,VUS,2025-02-17,VUS
4060867,2025-02-17,VUS,2025-02-17,VUS
4060868,2025-02-13,P,2026-01-24,P
4060869,2025-02-13,VUS,2025-02-13,VUS
4060870,2025-02-12,VUS,2025-02-12,VUS
4060872,2025-02-11,VUS,2025-02-11,VUS
4060873,2025-02-06,VUS,2025-02-06,VUS
4060874,2025-02-03,VUS,2025-02-03,VUS
4060875,2025-02-03,VUS,2025-02-03,VUS
4060876,2025-01-30,VUS,2025-01-30,VUS
4060878,2025-01-27,VUS,2025-01-27,VUS
4060879,2025-01-27,VUS,2025-01-27,VUS
4060880,2025-01-27,VUS,2025-01-27,VUS
4060881,2025-01-24,VUS,2025-01-24,VUS
4060882,2025-01-24,VUS,2025-01-24,VUS
4060883,2025-01-21,VUS,2025-01-21,VUS
4060884,2025-01-20,VUS,2025-01-20,VUS
4060885,2025-01-18,VUS,2025-01-18,VUS
4060886,2025-01-18,VUS,2025-01-18,VUS
4060887,2025-01-17,VUS,2025-01-17,VUS
4060889,2025-01-16,VUS,2025-01-16,VUS
4060890,2025-01-16,VUS,2025-01-16,VUS
4060891,2025-01-13,LP,2025-01-13,LP
4060892,2025-01-09,VUS,2025-01-09,VUS
4060893,2025-01-03,VUS,2025-01-03,VUS
4064214,2025-05-29,VUS,2025-05-29,VUS
4064215,2025-05-27,VUS,2025-05-27,VUS
4064216,2025-05-25,VUS,2025-05-25,VUS
4064217,2025-05-22,VUS,2025-05-22,VUS
4064218,2025-05-22,VUS,2025-05-22,VUS
4064219,2025-05-19,VUS,2025-05-19,VUS
4064222,2025-05-19,VUS,2025-05-19,VUS
4064223,2025-05-19,VUS,2025-05-19,VUS
4064224,2025-05-17,VUS,2025-05-17,VUS
4064225,2025-05-15,VUS,2025-05-15,VUS
4064226,2025-05-14,VUS,2025-05-14,VUS
4064227,2025-05-14,VUS,2025-05-14,VUS
4064228,2025-05-13,VUS,2025-05-13,VUS
4064229,2025-05-12,VUS,2025-05-12,VUS
4064231,2025-05-12,VUS,2025-05-12,VUS
4064232,2025-05-12,VUS,2025-05-12,VUS
4064233,2025-05-09,LP,2025-05-09,LP
4064234,2025-05-09,VUS,2025-05-09,VUS
4064235,2025-05-08,VUS,2025-05-08,VUS
4064236,2025-05-07,VUS,2025-05-07,VUS
4064237,2025-05-04,LP,2025-05-04,LP
4064238,2025-05-03,VUS,2025-05-03,VUS
4064239,2025-05-02,VUS,2025-05-02,VUS
4064240,2025-04-30,VUS,2025-04-30,VUS
4064241,2025-04-28,VUS,2025-04-28,VUS
4064243,2025-04-24,VUS,2025-04-24,VUS
4064244,2025-04-24,VUS,2025-04-24,VUS
4064246,2025-04-24,VUS,2025-04-24,VUS
4064247,2025-04-23,VUS,2025-04-23,VUS
4064248,2025-04-23,LP,2025-04-23,LP
4064249,2025-04-23,VUS,2025-04-23,VUS
4064250,2025-04-22,VUS,2025-04-22,VUS
4064251,2025-04-21,VUS,2025-04-21,VUS
4064252,2025-04-21,VUS,2025-04-21,VUS
4064253,2025-04-21,VUS,2025-04-21,VUS
4064255,2025-04-19,VUS,2025-04-19,VUS
4064256,2025-04-19,VUS,2025-04-19,VUS
4064257,2025-04-18,VUS,2025-04-18,VUS
4064258,2025-04-17,VUS,2025-04-17,VUS
4064259,2025-04-17,VUS,2025-04-17,VUS
4064260,2025-04-17,VUS,2025-04-17,VUS
4064261,2025-04-13,VUS,2025-04-13,VUS
4064262,2025-04-13,VUS,2025-04-13,VUS
4064264,2025-04-13,VUS,2025-04-13,VUS
4064265,2025-04-11,VUS,2025-04-11,VUS
4064266,2025-04-10,VUS,2025-04-10,VUS
4064267,2025-04-10,VUS,2025-04-10,VUS
4064268,2025-04-10,VUS,2025-04-10,VUS
4064269,2025-04-10,VUS,2025-04-10,VUS
4064270,2025-04-10,VUS,2025-04-10,VUS
4064271,2025-04-10,VUS,2025-04-10,VUS
4064272,2025-04-10,VUS,2025-04-10,VUS
4064273,2025-04-10,VUS,2025-04-10,VUS
4064274,2025-04-06,VUS,2025-04-06,VUS
4064276,2025-04-04,VUS,2025-04-04,VUS
4064277,2025-04-03,LP,2025-04-03,LP
4064278,2025-04-03,VUS,2025-04-03,VUS
4064279,2025-04-02,VUS,2025-04-02,VUS
4064280,2025-03-31,VUS,2025-03-31,VUS
4064281,2025-03-29,VUS,2025-03-29,VUS
4064282,2025-03-28,VUS,2025-03-28,VUS
4064283,2025-03-27,VUS,2025-03-27,VUS
4064285,2025-03-27,LP,2025-03-27,LP
4064286,2025-03-26,VUS,2025-03-26,VUS
4064287,2025-03-24,VUS,2025-03-24,VUS
4064288,2025-03-24,VUS,2025-03-24,VUS
4064289,2025-03-24,VUS,2025-03-24,VUS
4064290,2025-03-24,VUS,2025-03-24,VUS
4064291,2025-03-23,VUS,2025-03-23,VUS
4064293,2025-03-20,VUS,2025-03-20,VUS
4064294,2025-03-20,VUS,2025-03-20,VUS
4064295,2025-03-20,VUS,2025-03-20,VUS
4064296,2025-03-20,VUS,2025-03-20,VUS
4064297,2025-03-19,VUS,2025-03-19,VUS
4064298,2025-03-18,VUS,2025-03-18,VUS
4064299,2025-03-17,VUS,2025-03-17,VUS
4064300,2025-03-17,LP,2025-03-17,LP
4064301,2025-03-17,VUS,2025-03-17,VUS
4064304,2025-03-17,LP,2025-03-17,LP
4064305,2025-03-15,VUS,2025-03-15,VUS
4064306,2025-03-13,VUS,2025-03-13,VUS
4064307,2025-03-13,VUS,2025-03-13,VUS
4064308,2025-03-13,VUS,2025-03-13,VUS
4064309,2025-03-11,VUS,2025-03-11,VUS
4064310,2025-03-11,VUS,2025-03-11,VUS
4064311,2025-03-10,VUS,2025-03-10,VUS
4064312,2025-03-08,VUS,2025-03-08,VUS
4064314,2025-03-06,VUS,2025-03-06,VUS
4064315,2025-03-06,VUS,2025-03-06,VUS
4064316,2025-03-05,VUS,2025-03-05,VUS
4064317,2025-03-03,VUS,2025-03-03,VUS
4064318,2025-03-03,VUS,2025-03-03,VUS
4064319,2025-02-28,VUS,2025-02-28,VUS
4064320,2025-02-27,VUS,2025-02-27,VUS
4064321,2025-02-27,VUS,2025-02-27,VUS
4064322,2025-02-25,VUS,2025-02-25,VUS
4064323,2025-02-24,VUS,2025-02-24,VUS
4064324,2025-02-23,VUS,2025-02-23,VUS
4064325,2025-02-20,VUS,2025-02-20,VUS
4064326,2025-02-20,VUS,2025-02-20,VUS
4064327,2025-02-20,VUS,2025-02-20,VUS
4064329,2025-02-18,VUS,2025-02-18,VUS
4064330,2025-02-17,VUS,2025-02-17,VUS
4064331,2025-02-16,VUS,2025-02-16,VUS
4064332,2025-02-13,LB,2025-02-13,LB
4064333,2025-02-10,VUS,2025-02-10,VUS
4064335,2025-02-09,VUS,2025-02-09,VUS
4064336,2025-02-07,VUS,2025-02-07,VUS
4064337,2025-02-04,VUS,2025-02-04,VUS
4064338,2025-01-29,VUS,2025-01-29,VUS
4064339,2025-01-29,LP,2025-01-29,LP
4064341,2025-01-27,VUS,2025-01-27,VUS
4064342,2025-01-24,VUS,2025-01-24,VUS
4064343,2025-01-23,VUS,2025-01-23,VUS
4064344,2025-01-22,VUS,2025-07-12,VUS
4064345,2025-01-21,VUS,2025-01-21,VUS
4064346,2025-01-21,VUS,2025-01-21,VUS
4064347,2025-01-20,VUS,2025-01-20,VUS
4064348,2025-01-17,VUS,2025-01-17,VUS
4064350,2025-01-16,VUS,2025-01-16,VUS
4064351,2025-01-16,VUS,2025-01-16,VUS
4064352,2025-01-16,VUS,2025-01-16,VUS
4064353,2025-01-14,VUS,2025-01-14,VUS
4064354,2025-01-10,VUS,2025-01-10,VUS
4064355,2025-01-07,VUS,2025-01-07,VUS
4064358,2025-01-03,VUS,2025-01-03,VUS
4064359,2025-01-02,VUS,2025-01-02,VUS
4064360,2025-01-02,VUS,2025-01-02,VUS
4064361,2025-01-01,VUS,2025-01-01,VUS
4070880,2025-01-20,VUS,2025-01-20,VUS
4070903,2024-03-27,LP,2024-03-27,LP
4072092,2025-06-28,LP,2025-06-28,LP
4072306,2025-01-24,VUS,2025-01-24,VUS
4072411,2024-04-03,LP,2024-04-03,LP
4072759,2025-01-31,VUS,2025-01-31,VUS
4076613,2025-02-24,VUS,2025-02-24,VUS
4077139,2025-09-02,VUS,2025-09-02,VUS
4077470,2025-03-06,LP,2025-03-06,LP
4077489,2024-12-13,LP,2024-12-13,LP
4077490,2025-03-25,LP,2025-03-25,LP
4077698,2023-09-01,LP,2023-09-01,LP
4077738,2025-06-12,LP,2025-06-12,LP
4079425,2024-09-27,VUS,2024-09-27,VUS
4079448,2025-03-26,VUS,2025-03-26,VUS
4080547,2024-02-05,VUS,2024-02-05,VUS
4080617,2024-07-25,VUS,2024-07-25,VUS
4080618,2025-03-18,VUS,2025-03-18,VUS
4080619,2024-02-14,VUS,2024-02-14,VUS
4080623,2023-11-09,P,2023-11-09,P
4081238,2024-02-20,LP,2025-07-23,LP
4081239,2023-12-28,LP,2023-12-28,LP
4081240,2024-10-07,LP,2024-10-07,LP
4081557,2024-07-25,LP,2024-07-25,LP
4081558,2023-10-26,LP,2023-10-26,LP
4081559,2025-03-27,LP,2025-03-27,LP
4081609,2025-02-12,P,2025-02-12,P
4082470,2024-07-31,LP,2024-07-31,LP
4082537,2023-07-17,LP,2023-07-17,LP
4083028,2025-03-05,VUS,2025-03-05,VUS
4086525,2025-03-20,VUS,2025-03-20,VUS
4109634,2025-08-20,VUS,2025-08-20,VUS
4109654,2025-06-24,VUS,2025-06-24,VUS
4109675,2025-08-20,VUS,2025-08-20,VUS
4109708,2025-09-10,VUS,2025-09-10,VUS
4109717,2025-06-18,VUS,2025-06-18,VUS
4109727,2025-08-28,VUS,2025-08-28,VUS
4109731,2025-08-23,VUS,2025-08-23,VUS
4109738,2025-08-14,VUS,2025-08-14,VUS
4109745,2025-07-31,VUS,2025-07-31,VUS
4109755,2025-06-29,VUS,2025-06-29,VUS
4109761,2025-08-26,VUS,2025-08-26,VUS
4109771,2025-08-19,VUS,2025-08-19,VUS
4109787,2025-08-12,VUS,2025-08-12,VUS
4109798,2025-06-17,VUS,2025-06-17,VUS
4109809,2025-08-22,VUS,2025-08-22,VUS
4109818,2025-08-29,VUS,2025-08-29,VUS
4109837,2025-08-30,VUS,2025-08-30,VUS
4109843,2025-09-02,LB,2025-09-02,LB
4118691,2025-06-18,VUS,2025-09-21,VUS
4118692,2025-08-30,VUS,2025-08-30,VUS
4118693,2025-08-04,VUS,2025-08-04,VUS
4118694,2025-06-18,VUS,2025-06-18,VUS
4118695,2025-08-29,VUS,2025-08-29,VUS
4118696,2025-07-31,VUS,2025-07-31,VUS
4118697,2025-08-14,VUS,2025-08-14,VUS
4118698,2025-08-28,VUS,2025-08-28,VUS
4122079,2025-08-09,VUS,2025-08-09,VUS
4122080,2025-06-26,LB,2025-06-26,LB
4122081,2025-06-25,VUS,2025-06-25,VUS
4122082,2025-08-30,VUS,2025-08-30,VUS
4122083,2025-08-10,VUS,2025-08-10,VUS
4122084,2025-08-23,VUS,2025-08-23,VUS
4122085,2025-08-23,VUS,2025-08-23,VUS
4122086,2025-09-11,VUS,2025-09-11,VUS
4122087,2025-08-23,VUS,2025-08-23,VUS
4122088,2025-08-08,VUS,2025-08-08,VUS
4122089,2025-08-12,VUS,2025-08-12,VUS
4122090,2025-08-28,VUS,2025-08-28,VUS
4122092,2025-07-08,VUS,2025-07-08,VUS
4122093,2025-07-15,VUS,2025-07-15,VUS
4122094,2025-08-29,VUS,2025-08-29,VUS
4122095,2025-07-15,VUS,2025-07-15,VUS
4122096,2025-08-06,VUS,2025-08-06,VUS
4122097,2025-08-24,VUS,2025-08-24,VUS
4122098,2025-08-25,VUS,2025-08-25,VUS
4122099,2025-08-14,VUS,2025-08-14,VUS
4122100,2025-06-18,VUS,2025-06-18,VUS
4122102,2025-08-04,VUS,2025-08-04,VUS
4122103,2025-08-08,VUS,2025-08-08,VUS
4122104,2025-08-12,VUS,2025-08-12,VUS
4122105,2025-08-20,VUS,2025-08-20,VUS
4122106,2025-08-22,LB,2025-08-22,LB
4122107,2025-06-18,VUS,2025-06-18,VUS
4122108,2025-06-25,VUS,2025-06-25,VUS
4122109,2025-08-29,VUS,2025-08-29,VUS
4122110,2025-08-29,VUS,2025-08-29,VUS
4122111,2025-07-16,VUS,2025-07-16,VUS
4122112,2025-08-29,VUS,2025-08-29,VUS
4122113,2025-08-01,VUS,2025-08-01,VUS
4122115,2025-08-05,VUS,2025-08-05,VUS
4122116,2025-08-19,VUS,2025-08-19,VUS
4122117,2025-08-22,VUS,2025-08-22,VUS
4122118,2025-09-09,VUS,2025-09-09,VUS
4156444,2025-06-16,VUS,2025-06-16,VUS
4156446,2025-08-03,VUS,2025-08-03,VUS
4156447,2025-06-23,VUS,2025-06-23,VUS
4156448,2025-08-22,VUS,2025-08-22,VUS
4156449,2025-07-02,VUS,2025-07-02,VUS
4156450,2025-08-04,VUS,2025-08-04,VUS
4156451,2025-08-06,VUS,2025-08-06,VUS
4156452,2025-08-13,VUS,2025-08-13,VUS
4156453,2025-08-13,VUS,2025-08-13,VUS
4156454,2025-08-30,VUS,2025-08-30,VUS
4156456,2025-09-11,VUS,2025-09-11,VUS
4161127,2025-09-10,VUS,2025-09-10,VUS
4161128,2025-08-21,VUS,2025-08-21,VUS
4161130,2025-06-24,VUS,2025-06-24,VUS
4161131,2025-08-13,VUS,2025-08-13,VUS
4161132,2025-08-14,VUS,2025-08-14,VUS
4161133,2025-08-14,VUS,2025-08-14,VUS
4161134,2025-09-01,VUS,2025-09-01,VUS
4187170,2025-06-18,VUS,2025-06-18,VUS
4187171,2025-07-01,VUS,2025-07-01,VUS
4187172,2025-08-26,VUS,2025-08-26,VUS
4193003,2025-09-10,VUS,2025-09-10,VUS
4193004,2025-06-17,VUS,2025-06-17,VUS
4193006,2025-08-20,VUS,2025-08-20,VUS
4193007,2025-07-18,VUS,2025-07-18,VUS
4193008,2025-08-10,VUS,2025-08-10,VUS
4193009,2025-08-24,VUS,2025-08-24,VUS
4193010,2025-08-26,VUS,2025-08-26,VUS
4193011,2025-09-05,VUS,2025-09-05,VUS
4200485,2025-08-30,VUS,2025-08-30,VUS
4200487,2025-08-09,VUS,2025-08-09,VUS
4200488,2025-08-21,VUS,2025-08-21,VUS
4200489,2025-08-21,VUS,2025-08-21,VUS
4200490,2025-07-02,VUS,2025-07-02,VUS
4200491,2025-08-05,VUS,2025-08-05,VUS
4200492,2025-08-10,VUS,2025-08-10,VUS
4200493,2025-08-11,VUS,2025-08-11,VUS
4208690,2025-09-10,VUS,2025-12-08,VUS
4208691,2025-08-14,VUS,2025-08-14,VUS
4208693,2025-07-02,VUS,2025-07-02,VUS
4208694,2025-08-08,VUS,2025-08-08,VUS
4208695,2025-08-12,VUS,2025-08-12,VUS
4208696,2025-06-23,VUS,2025-06-23,VUS
4208697,2025-08-29,VUS,2025-08-29,VUS
4208699,2025-08-11,VUS,2025-08-11,VUS
4208700,2025-08-13,VUS,2025-08-13,VUS
4208701,2025-08-14,VUS,2025-08-14,VUS
4208702,2025-08-23,VUS,2025-08-23,VUS
4208703,2025-08-24,VUS,2025-08-24,VUS
4208704,2025-08-24,VUS,2025-08-24,VUS
4208705,2025-08-31,VUS,2025-08-31,VUS
4208706,2025-09-05,VUS,2025-09-05,VUS
4208707,2025-09-10,VUS,2025-09-10,VUS
4225992,2025-08-21,VUS,2025-08-21,VUS
4225994,2025-08-29,VUS,2025-08-29,VUS
4225995,2025-06-18,VUS,2025-06-18,VUS
4225996,2025-08-21,VUS,2025-08-21,VUS
4225998,2025-06-29,VUS,2025-06-29,VUS
4225999,2025-07-14,VUS,2025-07-14,VUS
4226000,2025-08-14,VUS,2025-08-14,VUS
4226001,2025-08-24,VUS,2025-08-24,VUS
4226002,2025-08-24,VUS,2025-08-24,VUS
4226003,2025-09-11,VUS,2025-09-11,VUS
4226161,2025-08-02,VUS,2025-08-02,VUS
4226163,2025-08-20,VUS,2025-08-20,VUS
4226164,2025-08-11,VUS,2025-08-11,VUS
4226165,2025-08-20,VUS,2025-08-20,VUS
4226166,2025-08-10,VUS,2025-08-10,VUS
4226168,2025-06-30,VUS,2025-06-30,VUS
4226169,2025-07-16,VUS,2025-07-16,VUS
4226170,2025-08-06,VUS,2025-08-06,VUS
4226171,2025-08-13,VUS,2025-08-13,VUS
4226172,2025-08-13,VUS,2025-08-13,VUS
4226174,2025-08-31,VUS,2025-08-31,VUS
4226175,2025-08-31,VUS,2025-08-31,VUS
4226176,2025-09-10,VUS,2025-09-10,VUS
4264204,2025-09-01,VUS,2025-09-01,VUS
4264205,2025-08-15,VUS,2025-08-15,VUS
4264207,2025-08-20,VUS,2025-08-20,VUS
4264208,2025-08-11,VUS,2025-08-11,VUS
4264209,2025-06-17,VUS,2025-06-17,VUS
4264210,2025-07-12,VUS,2025-07-12,VUS
4276072,2025-08-22,VUS,2025-08-22,VUS
4276074,2025-08-11,VUS,2025-08-11,VUS
4276075,2025-07-10,VUS,2025-07-10,VUS
4276076,2025-08-21,VUS,2025-08-21,VUS
4276077,2025-06-24,VUS,2025-06-24,VUS
4276078,2025-07-08,VUS,2025-07-08,VUS
4276079,2025-07-12,VUS,2025-07-12,VUS
4276080,2025-08-01,VUS,2025-08-01,VUS
4276082,2025-09-01,VUS,2025-09-01,VUS
4276247,2025-08-03,VUS,2025-08-03,VUS
4276248,2025-08-12,VUS,2025-08-12,VUS
4276249,2025-08-09,VUS,2025-08-09,VUS
4276250,2025-06-16,VUS,2025-06-16,VUS
4276252,2025-08-26,VUS,2025-08-26,VUS
4276253,2025-08-28,VUS,2025-08-28,VUS
4276254,2025-09-10,VUS,2025-09-10,VUS
4277275,2025-08-18,P,2025-08-18,P
4277434,2025-09-24,VUS,2025-09-24,VUS
4277435,2025-09-24,VUS,2025-09-24,VUS
4277493,2025-09-24,VUS,2025-09-24,VUS
4277586,2025-09-10,LP,2025-09-10,LP
4277776,2025-09-10,VUS,2025-09-10,VUS
4277799,2025-09-10,LP,2025-09-10,LP
4278291,2025-09-10,VUS,2025-09-10,VUS
4278310,2025-09-10,VUS,2025-09-10,VUS
4278386,2025-09-10,VUS,2025-09-10,VUS
4278411,2025-09-10,VUS,2025-09-10,VUS
4278436,2025-09-10,VUS,2025-09-10,VUS
4278446,2025-09-10,VUS,2025-09-10,VUS
4280324,2025-10-13,P,2025-10-13,P
4282042,2025-04-14,VUS,2025-04-14,VUS
4291949,2025-03-17,LP,2025-03-17,LP
4292038,2024-09-12,LP,2024-09-12,LP
4292120,2024-10-16,LP,2024-10-16,LP
4292187,2024-11-25,VUS,2024-11-25,VUS
4292308,2025-03-18,LP,2025-03-18,LP
4292407,2024-10-17,LP,2025-02-13,LP
4292528,2024-11-25,VUS,2024-11-25,VUS
4292780,2024-06-22,LP,2024-06-22,LP
4293008,2025-01-24,VUS,2025-01-24,VUS
4293231,2025-03-31,P,2025-03-31,P
4293733,2024-11-26,LP,2024-11-26,LP
4294076,2025-01-21,VUS,2025-01-21,VUS
4525698,2025-07-22,VUS,2025-07-22,VUS
4526379,2025-08-23,LP,2025-08-23,LP
4526602,2025-04-11,LP,2025-04-11,LP
4526716,2025-07-29,P,2025-07-29,P
4526732,2025-07-29,P,2025-07-29,P
4527246,2025-04-20,VUS,2025-04-20,VUS
4527506,2025-05-05,VUS,2025-05-05,VUS
4527730,2025-05-08,VUS,2025-05-30,VUS
4529655,2025-05-12,P,2025-05-12,P
4530577,2025-10-17,P,2025-10-17,P
4530628,2025-09-24,VUS,2025-09-24,VUS
4530980,2025-05-21,VUS,2025-05-21,VUS
4531095,2025-05-22,VUS,2025-05-22,VUS
4531168,2025-11-26,LP,2025-11-26,LP
4531512,2025-03-13,P,2025-12-03,P
4531515,2025-06-20,VUS,2025-06-20,VUS
4531643,2025-03-27,VUS,2025-03-27,VUS
4532226,2025-11-12,VUS,2025-11-12,VUS
4532458,2025-05-28,VUS,2025-05-28,VUS
4534755,2025-11-01,LB,2025-11-01,LB
4534852,2025-10-01,VUS,2025-10-01,VUS
4535182,2025-11-01,LB,2025-11-01,LB
4535760,2025-09-05,VUS,2025-09-05,VUS
4535926,2025-09-02,VUS,2025-09-02,VUS
4536662,2025-11-17,VUS,2025-11-17,VUS
4536930,2025-11-10,P,2025-11-10,P
4536940,2025-11-10,VUS,2025-11-10,VUS
4537267,2025-11-20,VUS,2025-11-20,VUS
4537630,2025-06-13,VUS,2025-06-13,VUS
4538011,2025-06-11,VUS,2025-06-11,VUS
4538188,2025-04-28,VUS,2025-04-28,VUS
4538191,2025-04-28,VUS,2025-04-28,VUS
4538471,2025-12-17,LP,2025-12-17,LP
4538512,2025-10-20,P,2025-10-20,P
4540657,2024-11-08,VUS,2024-11-08,VUS
4540909,2025-03-17,VUS,2025-03-17,VUS
4540925,2025-08-19,VUS,2025-08-19,VUS
4540926,2025-09-26,LP,2025-09-26,LP
4541383,2025-08-13,VUS,2025-08-13,VUS
4541597,2025-05-19,LP,2025-05-19,LP
4541738,2025-05-14,VUS,2025-05-14,VUS
4580847,2025-09-28,VUS,2025-09-28,VUS
4580856,2025-09-28,VUS,2025-09-28,VUS
4580874,2025-10-14,VUS,2025-10-14,VUS
4580883,2025-10-30,VUS,2025-10-30,VUS
4580890,2025-12-11,VUS,2025-12-11,VUS
4609734,2025-11-02,VUS,2025-11-02,VUS
4609735,2025-09-22,VUS,2025-09-22,VUS
4609736,2025-09-26,VUS,2025-09-26,VUS
4609737,2025-09-28,VUS,2025-09-28,VUS
4609738,2025-10-06,VUS,2025-10-06,VUS
4609739,2025-10-07,VUS,2025-10-07,VUS
4609740,2025-10-23,VUS,2025-10-23,VUS
4609741,2025-10-22,VUS,2025-10-22,VUS
4609742,2025-10-28,VUS,2025-10-28,VUS
4609744,2025-11-03,VUS,2025-11-03,VUS
4609745,2025-11-24,VUS,2025-11-24,VUS
4609746,2025-11-25,VUS,2025-11-25,VUS
4609747,2025-11-26,VUS,2025-11-26,VUS
4609748,2025-12-02,VUS,2025-12-02,VUS
4612946,2025-10-21,VUS,2025-10-21,VUS
4612971,2025-11-20,VUS,2025-11-20,VUS
4613009,2025-11-03,VUS,2025-11-03,VUS
4613037,2025-10-15,VUS,2025-10-15,VUS
4613056,2025-12-11,VUS,2025-12-11,VUS
4613085,2025-10-08,VUS,2025-10-08,VUS
4613096,2025-11-08,VUS,2025-11-08,VUS
4613104,2025-11-08,VUS,2025-11-08,VUS
4613115,2025-11-19,VUS,2025-11-19,VUS
4613126,2025-11-24,VUS,2025-11-24,VUS
4613137,2025-11-26,VUS,2025-11-26,VUS
4613156,2025-12-08,VUS,2025-12-08,VUS
4613165,2025-12-11,VUS,2025-12-11,VUS
4613254,2025-10-30,VUS,2025-10-30,VUS
4613269,2025-10-01,VUS,2025-10-01,VUS
4613313,2025-09-22,VUS,2025-09-22,VUS
4613320,2025-09-22,VUS,2025-09-22,VUS
4613323,2025-10-07,VUS,2025-10-07,VUS
4613332,2025-10-15,VUS,2025-10-15,VUS
4613340,2025-10-18,VUS,2025-10-18,VUS
4613352,2025-10-21,VUS,2025-10-21,VUS
4613356,2025-10-29,VUS,2025-10-29,VUS
4613366,2025-11-26,VUS,2025-11-26,VUS
4613372,2025-12-04,VUS,2025-12-04,VUS
4613373,2025-12-11,VUS,2025-12-11,VUS
4622162,2025-09-27,VUS,2025-09-27,VUS
4622163,2025-10-30,VUS,2025-10-30,VUS
4622164,2025-10-18,VUS,2025-10-18,VUS
4622165,2025-10-22,VUS,2025-10-22,VUS
4622166,2025-11-20,LB,2025-11-20,LB
4622167,2025-11-24,VUS,2025-11-24,VUS
4622168,2025-11-26,VUS,2025-11-26,VUS
4622169,2025-11-26,VUS,2025-11-26,VUS
4622170,2025-12-04,VUS,2025-12-04,VUS
4622182,2025-09-25,VUS,2025-09-25,VUS
4622183,2025-11-03,VUS,2025-11-03,VUS
4622184,2025-10-07,VUS,2025-10-07,VUS
4622185,2025-10-18,VUS,2025-10-18,VUS
4622186,2025-11-03,VUS,2025-11-03,VUS
4626043,2025-09-28,VUS,2025-09-28,VUS
4626044,2025-10-22,VUS,2025-10-22,VUS
4626045,2025-10-25,VUS,2025-10-25,VUS
4626046,2025-11-19,VUS,2025-11-19,VUS
4626047,2025-12-08,VUS,2025-12-08,VUS
4626322,2025-10-02,LB,2025-10-02,LB
4626323,2025-10-07,VUS,2025-10-07,VUS
4626324,2025-10-17,LB,2025-10-17,LB
4626325,2025-11-02,VUS,2025-11-02,VUS
4626326,2025-10-21,VUS,2025-10-21,VUS
4626327,2025-09-22,VUS,2025-09-22,VUS
4626328,2025-09-26,VUS,2025-09-26,VUS
4626329,2025-12-04,VUS,2025-12-04,VUS
4626330,2025-11-25,VUS,2025-11-25,VUS
4626331,2025-10-18,VUS,2025-10-18,VUS
4626332,2025-10-21,VUS,2025-10-21,VUS
4626333,2025-10-24,VUS,2025-10-24,VUS
4626334,2025-10-28,VUS,2025-10-28,VUS
4626335,2025-10-28,VUS,2025-10-28,VUS
4626336,2025-11-03,VUS,2025-11-03,VUS
4626337,2025-11-20,VUS,2025-11-20,VUS
4626338,2025-11-24,VUS,2025-11-24,VUS
4626339,2025-11-26,VUS,2025-11-26,VUS
4626340,2025-12-04,VUS,2025-12-04,VUS
4626341,2025-12-11,VUS,2025-12-11,VUS
4629438,2025-10-02,VUS,2025-10-02,VUS
4629439,2025-09-26,VUS,2025-09-26,VUS
4629440,2025-09-27,VUS,2025-09-27,VUS
4629441,2025-10-02,VUS,2025-10-02,VUS
4629442,2025-10-15,VUS,2025-10-15,VUS
4629443,2025-10-29,VUS,2025-10-29,VUS
4629444,2025-10-29,VUS,2025-10-29,VUS
4629445,2025-11-13,VUS,2025-11-13,VUS
4630401,2025-11-06,VUS,2025-11-06,VUS
4630403,2025-10-22,VUS,2025-10-22,VUS
4633250,2025-10-24,LB,2025-10-24,LB
4633251,2025-12-08,VUS,2025-12-08,VUS
4633252,2025-11-08,VUS,2025-11-08,VUS
4633253,2025-10-06,VUS,2025-10-06,VUS
4633254,2025-10-21,VUS,2025-10-21,VUS
4633255,2025-10-28,VUS,2025-10-28,VUS
4633256,2025-10-30,VUS,2025-10-30,VUS
4633257,2025-11-26,VUS,2025-11-26,VUS
4633881,2025-09-28,VUS,2025-09-28,VUS
4633882,2025-10-22,VUS,2025-10-22,VUS
4633883,2025-11-13,VUS,2025-11-13,VUS
4633884,2025-11-20,VUS,2025-11-20,VUS
4633885,2025-11-20,VUS,2025-11-20,VUS
4633886,2025-12-08,VUS,2025-12-08,VUS
4634671,2025-11-20,VUS,2025-11-20,VUS
4634672,2025-10-18,VUS,2025-10-18,VUS
4634673,2025-10-23,VUS,2025-10-23,VUS
4634674,2025-10-22,VUS,2025-10-22,VUS
4634675,2025-10-22,VUS,2025-10-22,VUS
4634676,2025-11-03,VUS,2025-11-03,VUS
4672174,2025-11-26,VUS,2025-11-26,VUS
4672175,2025-10-15,VUS,2025-10-15,VUS
4672176,2025-10-30,VUS,2025-10-30,VUS
4672177,2025-09-28,VUS,2025-09-28,VUS
4672178,2025-12-02,VUS,2025-12-02,VUS
4672179,2025-09-24,VUS,2025-09-24,VUS
4672180,2025-09-27,VUS,2025-09-27,VUS
4672181,2025-10-02,VUS,2025-10-02,VUS
4672182,2025-11-03,VUS,2025-11-03,VUS
4672183,2025-11-13,VUS,2025-11-13,VUS
4672184,2025-11-20,VUS,2025-11-20,VUS
4672185,2025-11-19,VUS,2025-11-19,VUS
4672186,2025-11-26,VUS,2025-11-26,VUS
4681197,2025-08-20,LP,2025-08-20,LP
4681529,2025-12-01,LB,2025-12-01,LB
4682499,2024-10-17,P,2024-10-17,P
4682502,2025-01-24,P,2025-01-24,P
4682503,2025-04-16,P,2025-04-16,P
4682508,2024-12-02,P,2024-12-02,P
4682512,2024-08-15,VUS,2024-08-15,VUS
4682517,2024-12-19,VUS,2024-12-19,VUS
4682553,2024-10-14,VUS,2024-10-14,VUS
4682793,2024-09-09,P,2024-09-09,P
4682925,2024-10-08,VUS,2024-10-08,VUS
4683407,2025-10-12,LB,2025-10-12,LB
4683408,2025-10-12,LB,2025-10-12,LB
4683410,2025-09-12,LB,2025-09-12,LB
4683411,2021-04-27,B,2021-04-27,B
4683412,2024-12-10,B,2024-12-10,B
4683984,2025-05-07,LB,2025-05-07,LB
4684031,2021-04-22,B,2021-04-22,B
4684077,2025-09-26,B,2025-09-26,B
4684100,2025-07-23,LB,2025-07-23,LB
4684144,2025-08-08,LB,2025-08-08,LB
4684186,2021-12-01,B,2021-12-01,B
4684216,2025-10-13,LB,2025-10-13,LB
4684259,2025-08-26,LB,2025-08-26,LB
4684274,2025-03-25,B,2025-03-25,B
4684586,2025-08-13,LB,2025-08-13,LB
4684587,2025-10-07,LB,2025-10-07,LB
4684722,2025-09-05,LB,2025-09-05,LB
4684723,2025-08-05,LB,2025-08-05,LB
4689061,2026-01-22,VUS,2026-01-22,VUS
4689235,2026-01-20,VUS,2026-01-20,VUS
4689305,2026-01-19,P,2026-01-19,P
4689930,2025-07-28,VUS,2025-07-28,VUS
4690395,2026-01-26,LB,2026-01-26,LB
4690837,2025-02-03,LB,2025-02-03,LB
4690897,2025-07-23,LB,2025-07-23,LB
4691352,2025-10-04,LB,2025-10-04,LB
4691553,2025-04-23,LB,2025-04-23,LB
4691583,2025-09-02,LB,2025-09-02,LB
4692043,2026-01-02,LB,2026-01-02,LB
4692635,2025-11-11,LB,2025-11-11,LB
4692953,2025-04-30,LB,2025-04-30,LB
4693316,2025-08-26,LB,2025-08-26,LB
4693590,2025-09-28,LB,2025-09-28,LB
4693866,2025-07-08,LB,2025-07-08,LB
4694263,2025-03-25,LB,2025-03-25,LB
4694669,2025-12-15,P,2025-12-15,P
4694887,2025-04-23,LP,2025-04-23,LP
4695348,2025-03-16,VUS,2025-03-16,VUS
4695387,2025-05-04,LB,2025-05-04,LB
4695463,2025-07-01,VUS,2025-07-01,VUS
4697411,2025-02-06,LB,2025-02-06,LB
4697879,2025-06-22,LB,2025-06-22,LB
4697992,2025-10-31,LB,2025-10-31,LB
4698464,2025-05-01,P,2025-05-01,P
4698700,2025-11-08,LP,2025-11-08,LP
4698713,2025-12-13,LB,2025-12-13,LB
4699924,2025-11-04,LB,2025-11-04,LB
4700008,2025-09-03,VUS,2025-09-03,VUS
4700062,2025-12-06,LB,2025-12-06,LB
4700375,2025-04-15,LB,2025-04-15,LB
4700449,2025-12-17,LB,2025-12-17,LB
4700689,2025-02-20,LB,2025-02-20,LB
4700812,2025-04-10,P,2025-04-10,P
4700880,2025-03-05,VUS,2025-03-05,VUS
4700888,2025-09-03,VUS,2025-09-03,VUS
4701029,2025-09-06,LB,2025-09-06,LB
4701046,2025-12-23,LB,2025-12-23,LB
4701099,2025-07-03,VUS,2025-07-03,VUS
4701388,2025-10-08,LB,2025-10-08,LB
4701505,2025-12-22,LB,2025-12-22,LB
4701538,2025-04-24,VUS,2025-04-24,VUS
4701710,2025-10-01,LB,2025-10-01,LB
4701862,2025-12-23,LB,2025-12-23,LB
4702277,2025-06-12,LB,2025-06-12,LB
4702308,2026-01-08,VUS,2026-01-08,VUS
4703274,2025-05-03,LB,2025-05-03,LB
4704381,2025-07-08,LB,2025-07-08,LB
4704480,2025-10-06,LB,2025-10-06,LB
4705018,2025-04-20,LB,2025-04-20,LB
4705110,2025-10-15,LB,2025-10-15,LB
4705902,2025-08-31,LB,2025-08-31,LB
4706371,2025-12-01,LB,2025-12-01,LB
4706372,2025-10-18,LB,2025-10-18,LB
4706416,2025-09-15,VUS,2025-09-15,VUS
4706514,2025-12-30,LB,2025-12-30,LB
4706623,2025-12-20,VUS,2025-12-20,VUS
4706719,2025-03-13,LB,2025-03-13,LB
4706847,2025-12-30,LB,2025-12-30,LB
4706973,2025-12-29,LB,2025-12-29,LB
4707231,2025-05-19,LB,2025-05-19,LB
4707294,2026-01-22,VUS,2026-01-22,VUS
4707501,2026-01-18,VUS,2026-01-18,VUS
4707575,2025-12-15,LB,2025-12-15,LB
4708020,2025-06-23,LB,2025-06-23,LB
4708357,2025-07-06,LB,2025-07-06,LB
4708488,2026-01-28,P,2026-01-28,P
4708615,2025-08-10,LB,2025-08-10,LB
4708616,2025-08-10,LB,2025-08-10,LB
4708791,2025-09-29,LB,2025-09-29,LB
4708848,2025-12-19,LB,2025-12-19,LB
4708966,2025-07-14,LB,2025-07-14,LB
4709348,2025-09-13,LB,2025-09-13,LB
4709506,2026-02-06,P,2026-02-06,P
4710193,2025-05-13,LB,2025-05-13,LB
4710527,2025-12-17,LB,2025-12-17,LB
4710704,2025-11-19,P,2025-11-19,P
4710715,2025-11-28,LB,2025-11-28,LB
4710772,2025-04-19,P,2025-04-19,P
4711243,2025-11-12,VUS,2025-11-12,VUS
4711290,2025-04-15,LB,2025-04-15,LB
4711322,2025-06-15,LB,2025-06-15,LB
4711712,2025-03-16,LB,2025-03-16,LB
4712194,2025-02-03,LB,2025-02-03,LB
4712674,2025-04-02,VUS,2025-04-02,VUS
4712768,2025-07-24,LB,2025-07-24,LB
4713142,2025-02-15,P,2025-02-15,P
4713209,2025-02-16,LB,2025-02-16,LB
4713271,2025-02-17,LB,2025-02-17,LB
4713395,2025-02-19,P,2025-02-19,P
4713668,2025-11-12,VUS,2025-11-12,VUS
4713715,2025-11-09,VUS,2025-11-09,VUS
4713932,2025-11-02,VUS,2025-11-02,VUS
4713995,2025-02-27,LB,2025-02-27,LB
4714411,2025-03-12,LB,2025-03-12,LB
4714567,2025-03-06,P,2025-03-06,P
4714963,2025-03-13,LB,2025-03-13,LB
4714982,2025-03-12,LB,2025-03-12,LB
4715696,2025-03-24,VUS,2025-03-24,VUS
4716205,2025-03-27,LB,2025-03-27,LB
4716456,2025-07-13,P,2025-07-13,P
4716530,2025-10-15,LB,2025-10-15,LB
4716740,2025-04-04,VUS,2025-04-04,VUS
4716904,2025-09-03,P,2025-09-03,P
4716964,2025-04-09,LB,2025-04-09,LB
4717277,2025-05-31,P,2025-05-31,P
4717311,2025-04-11,P,2025-04-11,P
4717446,2025-04-19,VUS,2025-04-19,VUS
4717483,2025-10-14,LB,2025-10-14,LB
4717996,2025-04-21,LB,2025-04-21,LB
4718130,2025-04-22,LB,2025-04-22,LB
4718271,2025-05-02,LB,2025-05-02,LB
4718899,2025-05-04,LB,2025-05-04,LB
4718921,2025-05-09,P,2025-05-09,P
4719100,2025-05-18,LB,2025-05-18,LB
4719173,2026-01-19,VUS,2026-01-19,VUS
4719373,2025-05-18,LB,2025-05-18,LB
4719532,2025-07-03,VUS,2025-07-03,VUS
4719577,2025-05-14,P,2025-05-14,P
4719704,2025-07-20,P,2025-07-20,P
4719706,2025-05-22,LB,2025-05-22,LB
4719872,2025-06-05,LB,2025-06-05,LB
4720362,2025-08-15,VUS,2025-08-15,VUS
4720689,2025-06-03,LP,2025-06-03,LP
4720785,2025-08-03,VUS,2025-08-03,VUS
4721491,2025-06-15,LB,2025-06-15,LB
4722660,2025-07-09,LB,2025-07-09,LB
4723005,2025-07-09,P,2025-07-09,P
4723126,2025-07-13,LB,2025-07-13,LB
4723475,2025-07-20,LB,2025-07-20,LB
4723880,2025-08-04,P,2025-08-04,P
4723966,2025-07-24,LB,2025-07-24,LB
4724142,2026-01-13,VUS,2026-01-13,VUS
4724258,2025-07-29,LB,2025-07-29,LB
4724368,2025-07-29,LB,2025-07-29,LB
4724791,2025-08-04,LB,2025-08-04,LB
4724815,2025-08-04,LB,2025-08-04,LB
4724977,2025-08-07,LB,2025-08-07,LB
4725140,2025-10-08,LB,2025-10-08,LB
4725162,2025-08-10,LB,2025-08-10,LB
4725325,2025-08-12,LB,2025-08-12,LB
4725752,2025-11-19,LB,2025-11-19,LB
4725866,2025-12-30,P,2025-12-30,P
4726119,2025-08-26,LB,2025-08-26,LB
4726399,2025-09-03,LB,2025-09-03,LB
4727266,2025-11-14,VUS,2025-11-14,VUS
4727358,2025-12-02,LB,2025-12-02,LB
4728407,2025-10-08,LB,2025-10-08,LB
4728462,2025-12-16,LB,2025-12-16,LB
4728719,2025-10-14,P,2025-10-14,P
4728852,2025-10-09,LP,2025-10-09,LP
4729083,2025-11-11,B,2025-11-11,B
4729444,2025-10-18,VUS,2025-10-18,VUS
4729579,2025-10-21,VUS,2025-10-21,VUS
4729699,2025-10-23,LB,2025-10-23,LB
4729937,2026-01-17,LB,2026-01-17,LB
4730722,2025-11-08,LB,2025-11-08,LB
4731042,2025-11-18,VUS,2025-11-18,VUS
4731258,2025-11-15,VUS,2025-11-15,VUS
4732025,2025-12-02,LB,2025-12-02,LB
4732315,2025-03-18,LB,2025-03-18,LB
4732444,2025-12-08,P,2025-12-08,P
4733140,2025-12-13,LB,2025-12-13,LB
4733325,2025-12-16,B,2025-12-16,B
4733554,2025-12-17,P,2025-12-17,P
4733694,2025-12-20,LB,2025-12-20,LB
4733827,2025-12-22,LB,2025-12-22,LB
4734090,2026-01-06,LB,2026-01-06,LB
4734200,2025-12-26,P,2025-12-26,P
4734959,2025-08-20,VUS,2025-08-20,VUS
4735111,2026-01-11,LB,2026-01-11,LB
4735137,2026-01-11,LB,2026-01-11,LB
4735715,2026-01-19,LP,2026-01-19,LP
4735795,2026-01-24,LB,2026-01-24,LB
4735899,2026-01-21,LB,2026-01-21,LB
4735993,2026-01-22,LB,2026-01-22,LB
4736865,2025-09-10,LB,2025-09-10,LB
4736915,2025-05-28,LB,2025-05-28,LB
4736997,2025-12-11,LB,2025-12-11,LB
4737467,2025-12-24,LB,2025-12-24,LB
4737488,2025-12-11,VUS,2025-12-11,VUS
4737555,2025-05-07,LB,2025-05-07,LB
4738303,2025-06-14,LB,2025-06-14,LB
4738594,2025-04-08,LB,2025-04-08,LB
4738809,2025-04-11,LB,2025-04-11,LB
4738884,2025-05-10,VUS,2025-05-10,VUS
4739017,2025-07-01,VUS,2025-07-01,VUS
4739087,2025-04-01,VUS,2025-04-01,VUS
4739095,2025-11-06,LB,2025-11-06,LB
4739455,2025-02-19,P,2025-02-19,P
4739457,2025-06-03,VUS,2025-06-03,VUS
4739599,2025-12-15,LB,2025-12-15,LB
4739615,2025-03-04,LB,2025-03-04,LB
4739616,2025-06-18,LB,2025-06-18,LB
4739659,2025-03-05,VUS,2025-03-05,VUS
4739805,2026-01-04,LB,2026-01-04,LB
4740223,2025-06-17,P,2025-06-17,P
4740235,2026-01-05,LB,2026-01-05,LB
4740265,2025-08-09,LB,2025-08-09,LB
4740363,2025-12-15,LB,2025-12-15,LB
4740381,2025-11-24,LB,2025-11-24,LB
4740430,2025-05-10,VUS,2025-05-10,VUS
4741382,2026-02-01,LB,2026-02-01,LB
4741508,2025-02-27,VUS,2025-02-27,VUS
4742031,2025-07-06,LB,2025-07-06,LB
4742468,2025-02-22,LB,2025-02-22,LB
4742483,2025-12-20,VUS,2025-12-20,VUS
4742620,2025-10-08,VUS,2025-10-08,VUS
4742792,2025-06-02,LB,2025-06-02,LB
4742800,2025-12-21,LB,2025-12-21,LB
4742851,2025-07-24,LB,2025-07-24,LB
4743062,2025-06-11,LB,2025-06-11,LB
4743385,2025-08-13,VUS,2025-08-13,VUS
4744233,2025-12-14,LB,2025-12-14,LB
4744445,2025-12-24,LB,2025-12-24,LB
4744888,2025-10-30,LB,2025-10-30,LB
4744998,2025-12-16,LB,2025-12-16,LB
4745035,2026-01-19,VUS,2026-01-19,VUS
4745132,2025-06-24,LB,2025-06-24,LB
4745610,2025-08-25,VUS,2025-08-25,VUS
4745729,2025-04-07,LB,2025-04-07,LB
4745748,2025-07-27,LB,2025-07-27,LB
4746927,2025-06-25,VUS,2025-06-25,VUS
4746970,2026-01-27,LB,2026-01-27,LB
4747599,2025-03-30,P,2025-03-30,P
4747647,2025-04-22,LB,2025-04-22,LB
4747668,2025-02-19,LP,2025-02-19,LP
4747878,2025-02-06,VUS,2025-02-06,VUS
4747879,2025-02-06,P,2025-02-06,P
4747880,2025-02-06,VUS,2025-02-06,VUS
4748272,2025-02-06,LB,2025-02-06,LB
4748313,2025-12-02,LB,2025-12-02,LB
4748640,2025-02-28,LB,2025-02-28,LB
4749022,2025-02-11,LB,2025-02-11,LB
4749378,2025-11-18,VUS,2025-11-18,VUS
4749389,2025-10-29,VUS,2025-10-29,VUS
4749521,2025-09-20,LB,2025-09-20,LB
4749551,2025-09-10,VUS,2025-09-10,VUS
4749925,2025-06-04,LB,2025-06-04,LB
4750374,2025-10-17,LP,2025-10-17,LP
4751407,2025-11-04,LB,2025-11-04,LB
4751909,2025-03-25,VUS,2025-03-25,VUS
4751914,2025-03-12,LB,2025-03-12,LB
4752054,2025-12-01,VUS,2025-12-01,VUS
4752408,2025-10-08,LB,2025-10-08,LB
4752570,2025-10-27,LB,2025-10-27,LB
4753090,2025-11-06,LB,2025-11-06,LB
4753107,2026-02-01,LB,2026-02-01,LB
4753164,2025-12-14,LB,2025-12-14,LB
4753178,2025-07-23,LB,2025-07-23,LB
4753263,2025-12-31,LB,2025-12-31,LB
4753846,2025-10-14,LB,2025-10-14,LB
4754007,2025-02-23,VUS,2025-02-23,VUS
4754120,2025-05-23,LB,2025-05-23,LB
4755091,2025-11-18,VUS,2025-11-18,VUS
4755220,2025-11-13,LB,2025-11-13,LB
4755339,2021-05-28,P,2021-05-28,P
4755343,2021-05-14,VUS,2021-05-14,VUS
4755442,2026-02-10,P,2026-02-10,P
4755451,2026-02-10,P,2026-02-10,P
4759467,2024-01-23,VUS,2024-01-23,VUS
4761421,2026-01-06,LB,2026-01-06,LB
4761503,2026-01-13,LB,2026-01-13,LB
4762176,2025-03-01,VUS,2025-03-01,VUS
4762259,2025-07-25,LB,2025-07-25,LB
4762590,2026-01-22,LB,2026-01-22,LB
4762711,2025-12-16,LB,2025-12-16,LB
4764500,2025-11-03,LB,2025-11-03,LB
4765268,2026-01-06,LB,2026-01-06,LB
4765726,2025-02-19,LB,2025-02-19,LB
4766280,2025-11-15,LB,2025-11-15,LB
4766357,2026-01-14,LB,2026-01-14,LB
4766531,2025-07-06,LB,2025-07-06,LB
4766700,2025-02-25,LB,2025-02-25,LB
4766803,2025-07-06,LB,2025-07-06,LB
4766860,2025-09-21,LB,2025-09-21,LB
4767067,2025-05-03,LB,2025-05-03,LB
4767227,2025-11-24,LB,2025-11-24,LB
4767842,2025-03-16,LB,2025-03-16,LB
4768471,2025-07-25,LB,2025-07-25,LB
4768815,2025-11-24,LB,2025-11-24,LB
4769065,2025-11-01,LB,2025-11-01,LB
4769287,2025-09-08,LB,2025-09-08,LB
4769520,2025-12-16,LB,2025-12-16,LB
4769629,2025-10-29,LB,2025-10-29,LB
4769942,2025-05-05,LB,2025-05-05,LB
4770343,2025-12-23,P,2025-12-23,P
4770953,2025-10-06,LB,2025-10-06,LB
4771411,2025-10-26,LB,2025-10-26,LB
4771697,2025-06-22,LB,2025-06-22,LB
4773365,2025-10-20,LB,2025-10-20,LB
4773600,2026-01-18,LB,2026-01-18,LB
4773870,2025-06-12,LB,2025-06-12,LB
4773911,2025-10-03,LB,2025-10-03,LB
4774940,2025-05-21,LB,2025-05-21,LB
4775211,2025-09-04,LB,2025-09-04,LB
4775233,2025-11-12,LB,2025-11-12,LB
4776012,2025-12-20,LB,2025-12-20,LB
4776053,2025-09-13,LB,2025-09-13,LB
4776082,2026-01-04,LB,2026-01-04,LB
4777351,2025-07-29,LB,2025-07-29,LB
4777585,2026-01-05,LB,2026-01-05,LB
4777873,2025-03-16,VUS,2025-03-16,VUS
4778276,2025-03-31,LB,2025-03-31,LB
4778301,2025-03-12,LB,2025-03-12,LB
4778479,2025-11-09,LB,2025-11-09,LB
4778620,2025-09-15,LB,2025-09-15,LB
4778949,2025-03-29,LB,2025-03-29,LB
4779265,2025-08-20,LB,2025-08-20,LB
4779505,2026-01-24,LB,2026-01-24,LB
4780009,2025-08-24,LB,2025-08-24,LB
4780027,2025-12-31,LB,2025-12-31,LB
4780326,2025-02-09,LB,2025-02-09,LB
4780741,2025-07-08,LB,2025-07-08,LB
4781806,2025-10-26,LB,2025-10-26,LB
4782375,2026-01-21,LB,2026-01-21,LB
4782402,2026-01-25,LB,2026-01-25,LB
4782536,2025-05-19,LB,2025-05-19,LB
4782580,2025-02-22,VUS,2025-02-22,VUS
4782587,2025-05-29,LB,2025-05-29,LB
4782622,2025-05-15,LB,2025-05-15,LB
4782714,2025-03-27,VUS,2025-03-27,VUS
4782717,2025-07-25,VUS,2025-07-25,VUS
4782851,2025-10-29,LB,2025-10-29,LB
4782889,2025-09-20,VUS,2025-09-20,VUS
4782891,2025-05-01,VUS,2025-05-01,VUS
4782935,2025-07-25,VUS,2025-07-25,VUS
4783371,2025-08-11,LB,2025-08-11,LB
4783373,2026-01-21,VUS,2026-01-21,VUS
4783474,2026-01-26,LB,2026-01-26,LB
4783486,2026-01-09,LB,2026-01-09,LB
4783667,2025-09-15,VUS,2025-09-15,VUS
4783847,2025-11-24,LB,2025-11-24,LB
4783905,2026-01-26,P,2026-01-26,P
4783956,2025-11-10,LB,2025-11-10,LB
4784017,2025-03-29,P,2025-03-29,P
4784214,2025-07-22,LB,2025-07-22,LB
4784218,2025-06-03,LB,2025-06-03,LB
4784224,2025-02-19,LB,2025-02-19,LB
4784297,2025-02-27,LP,2025-02-27,LP
4784620,2025-04-03,LB,2025-04-03,LB
4784745,2025-04-17,LB,2025-04-17,LB
4784803,2025-04-22,LB,2025-04-22,LB
4784841,2025-05-22,LB,2025-05-22,LB
4784861,2025-05-04,LB,2025-05-04,LB
4784927,2025-05-06,LB,2025-05-06,LB
4784976,2025-05-11,LB,2025-05-11,LB
4785025,2025-05-14,LB,2025-05-14,LB
4785066,2025-05-19,LB,2025-05-19,LB
4785111,2025-05-26,LB,2025-05-26,LB
4785140,2026-01-06,LP,2026-01-06,LP
4785161,2025-06-02,P,2025-06-02,P
4785184,2025-06-17,LB,2025-06-17,LB
4785203,2025-09-04,P,2025-09-04,P
4785265,2025-07-29,P,2025-07-29,P
4785267,2025-06-11,LB,2025-06-11,LB
4785374,2025-06-23,LB,2025-06-23,LB
4785410,2025-07-01,LB,2025-07-01,LB
4785496,2025-07-06,LB,2025-07-06,LB
4785603,2025-07-22,LB,2025-07-22,LB
4785648,2025-07-28,LB,2025-07-28,LB
4785694,2025-08-03,LB,2025-08-03,LB
4785723,2025-07-29,LB,2025-07-29,LB
4785783,2025-08-08,LB,2025-08-08,LB
4785959,2025-08-25,LB,2025-08-25,LB
4785964,2025-09-03,LB,2025-09-03,LB
4785979,2025-08-27,LB,2025-08-27,LB
4785981,2025-12-23,VUS,2025-12-23,VUS
4786003,2025-12-11,LB,2025-12-11,LB
4786015,2025-08-31,B,2025-08-31,B
4786026,2025-09-01,LB,2025-09-01,LB
4786075,2025-09-07,LB,2025-09-07,LB
4786139,2025-09-14,LB,2025-09-14,LB
4786165,2025-09-17,LB,2025-09-17,LB
4786194,2025-09-22,P,2025-09-22,P
4786218,2025-09-23,LB,2025-09-23,LB
4786321,2025-10-05,P,2025-10-05,P
4786331,2025-10-06,LB,2025-10-06,LB
4786384,2025-10-11,P,2025-10-11,P
4786389,2025-10-19,P,2025-10-19,P
4786441,2025-10-15,LB,2025-10-15,LB
4786463,2025-10-18,LB,2025-10-18,LB
4786519,2025-10-24,LB,2025-10-24,LB
4786526,2025-10-26,P,2025-10-26,P
4786631,2025-11-08,LB,2025-11-08,LB
4786636,2025-11-17,LB,2025-11-17,LB
4786660,2025-11-15,VUS,2025-11-15,VUS
4786667,2025-11-10,LB,2025-11-10,LB
4786686,2025-11-12,LB,2025-11-12,LB
4786698,2025-11-13,LB,2025-11-13,LB
4786720,2025-11-22,LB,2025-11-22,LB
4786730,2025-11-18,LB,2025-11-18,LB
4786809,2025-11-25,LB,2025-11-25,LB
4786825,2025-11-26,LB,2025-11-26,LB
4786826,2025-12-16,LB,2025-12-16,LB
4786852,2025-12-03,LB,2025-12-03,LB
4786883,2025-12-01,LB,2025-12-01,LB
4786919,2025-12-03,P,2025-12-03,P
4786970,2025-12-10,LB,2025-12-10,LB
4786975,2025-12-16,LB,2025-12-16,LB
4787009,2025-12-14,LB,2025-12-14,LB
4787042,2025-12-16,LB,2025-12-16,LB
4787088,2025-12-21,LB,2025-12-21,LB
4787146,2025-12-28,LB,2025-12-28,LB
4787147,2025-12-28,P,2025-12-28,P
4787170,2025-12-31,LB,2025-12-31,LB
4787191,2026-01-06,LB,2026-01-06,LB
4787224,2026-01-09,P,2026-01-09,P
4787229,2026-01-11,P,2026-01-11,P
4787230,2026-01-11,VUS,2026-01-11,VUS
4787231,2026-01-11,VUS,2026-01-11,VUS
4787251,2026-01-12,LB,2026-01-12,LB
4787264,2026-01-13,LB,2026-01-13,LB
4787266,2026-01-13,LB,2026-01-13,LB
4787280,2026-01-18,LB,2026-01-18,LB
4787298,2026-01-18,LB,2026-01-18,LB
4787324,2026-01-20,LB,2026-01-20,LB
4787329,2026-01-28,LB,2026-01-28,LB
4787347,2026-01-24,LB,2026-01-24,LB
4787402,2026-01-28,LB,2026-01-28,LB
4787420,2026-02-04,LB,2026-02-04,LB
4787436,2025-09-02,LB,2025-09-02,LB
4787496,2025-08-23,LB,2025-08-23,LB
4787637,2025-12-08,LB,2025-12-08,LB
4787713,2025-03-28,B,2025-03-28,B
4787820,2025-03-23,LB,2025-03-23,LB
4787872,2025-11-08,LB,2025-11-08,LB
4787881,2025-12-24,LB,2025-12-24,LB
4787918,2025-12-22,LB,2025-12-22,LB
4787952,2025-09-29,LB,2025-09-29,LB
4788024,2025-02-20,LB,2025-02-20,LB
4788033,2026-01-18,LB,2026-01-18,LB
4788105,2025-09-05,P,2025-09-05,P
4788106,2025-09-05,VUS,2025-09-05,VUS
4788177,2025-04-16,VUS,2025-04-16,VUS
4788293,2025-07-30,LB,2025-07-30,LB
4788304,2025-12-01,LB,2025-12-01,LB
4788370,2026-01-20,LB,2026-01-20,LB
4788543,2025-09-28,VUS,2025-09-28,VUS
4788681,2025-12-21,LB,2025-12-21,LB
4788739,2025-07-27,LB,2025-07-27,LB
4788748,2026-01-29,LB,2026-01-29,LB
4788778,2025-10-06,P,2025-10-06,P
4788823,2025-05-22,LB,2025-05-22,LB
4788936,2025-09-01,P,2025-09-01,P
4789003,2025-03-11,LB,2025-03-11,LB
4789051,2025-05-04,B,2025-05-04,B
4789127,2025-05-08,VUS,2025-05-08,VUS
4789152,2025-02-08,LB,2025-02-08,LB
4789180,2025-11-17,LB,2025-11-17,LB
4789222,2025-06-22,VUS,2025-06-22,VUS
4789246,2025-03-10,LB,2025-03-10,LB
4789781,2025-06-30,VUS,2025-06-30,VUS
4789999,2025-11-17,P,2025-11-17,P
4790021,2025-02-27,VUS,2025-02-27,VUS
4790048,2026-02-01,LB,2026-02-01,LB
4790061,2025-09-16,P,2025-09-16,P
4790065,2025-12-08,B,2025-12-08,B
4790071,2025-12-11,VUS,2025-12-11,VUS
4790250,2025-08-15,VUS,2025-08-15,VUS
4790253,2025-11-29,LB,2025-11-29,LB
4790325,2025-06-23,LB,2025-06-23,LB
4790372,2025-06-27,LB,2025-06-27,LB
4790440,2025-07-31,LB,2025-07-31,LB
4790479,2026-01-24,P,2026-01-24,P
4790492,2025-04-08,VUS,2025-04-08,VUS
4790527,2026-02-01,VUS,2026-02-01,VUS
4790559,2025-11-15,LB,2025-11-15,LB
4790567,2025-03-07,VUS,2025-03-07,VUS
4790579,2026-01-26,LB,2026-01-26,LB
4790741,2025-10-27,LB,2025-10-27,LB
4790753,2025-06-18,LB,2025-06-18,LB
4790793,2025-05-03,LB,2025-05-03,LB
4790879,2025-07-13,LB,2025-07-13,LB
4790892,2026-01-14,P,2026-01-14,P
4790980,2025-10-01,LB,2025-10-01,LB
4791106,2025-05-25,LB,2025-05-25,LB
4791145,2025-03-24,LB,2025-03-24,LB
4791162,2025-10-24,LB,2025-10-24,LB
4791199,2025-09-10,LP,2025-09-10,LP
4791203,2025-11-03,LB,2025-11-03,LB
4791215,2025-04-08,LB,2025-04-08,LB
4791258,2025-08-08,P,2025-08-08,P
4791270,2025-10-21,LB,2025-10-21,LB
4791298,2025-03-25,LB,2025-03-25,LB
4791301,2025-04-25,VUS,2025-04-25,VUS
4791327,2025-12-30,LB,2025-12-30,LB
4791337,2025-12-31,LB,2025-12-31,LB
4791415,2025-09-16,VUS,2025-09-16,VUS
4791483,2025-11-06,LB,2025-11-06,LB
4791544,2025-12-22,LB,2025-12-22,LB
4791565,2025-03-01,VUS,2025-03-01,VUS
4791573,2025-07-23,LB,2025-07-23,LB
4791651,2026-01-09,LB,2026-01-09,LB
4791676,2025-12-24,VUS,2025-12-24,VUS
4791735,2025-10-14,P,2025-10-14,P
4791762,2026-01-28,LB,2026-01-28,LB
4791895,2025-05-05,P,2025-05-05,P
4791949,2025-08-02,P,2025-08-02,P
4791987,2025-08-01,LB,2025-08-01,LB
4792127,2025-11-02,LB,2025-11-02,LB
4792214,2025-11-25,LB,2025-11-25,LB
4792236,2025-11-23,VUS,2025-11-23,VUS
4792329,2025-09-29,VUS,2025-09-29,VUS
4792343,2025-12-25,LP,2025-12-25,LP
4792375,2025-11-01,LB,2025-11-01,LB
4792409,2025-10-21,LB,2025-10-21,LB
4792427,2025-07-14,P,2025-07-14,P
4792455,2025-09-10,LB,2025-09-10,LB
4792469,2025-08-11,P,2025-08-11,P
4792484,2026-01-13,LB,2026-01-13,LB
4792553,2025-11-04,LB,2025-11-04,LB
4792579,2025-07-27,LB,2025-07-27,LB
4792582,2025-05-06,LB,2025-05-06,LB
4792723,2025-09-07,LB,2025-09-07,LB
4792795,2025-06-25,LB,2025-06-25,LB
4792867,2025-11-13,LB,2025-11-13,LB
4792871,2025-04-04,VUS,2025-04-04,VUS
4792894,2025-05-15,LB,2025-05-15,LB
4792947,2025-12-08,VUS,2025-12-08,VUS
4792953,2025-09-02,LB,2025-09-02,LB
4792977,2025-12-03,LB,2025-12-03,LB
4792992,2025-03-22,LB,2025-03-22,LB
4793009,2026-01-26,LB,2026-01-26,LB
4793012,2025-10-15,LB,2025-10-15,LB
4793017,2025-09-22,P,2025-09-22,P
4793027,2025-02-27,VUS,2025-02-27,VUS
4793035,2025-08-12,LB,2025-08-12,LB
4793039,2025-06-10,P,2025-06-10,P
4793107,2026-01-09,LB,2026-01-09,LB
4793109,2026-01-20,LB,2026-01-20,LB
4793205,2025-05-28,LB,2025-05-28,LB
4793212,2025-12-19,VUS,2025-12-19,VUS
4793283,2025-04-26,VUS,2025-04-26,VUS
4793340,2025-08-18,LB,2025-08-18,LB
4793372,2025-10-31,LB,2025-10-31,LB
4793427,2025-10-16,LB,2025-10-16,LB
4793439,2025-08-20,LB,2025-08-20,LB
4793459,2025-02-26,LB,2025-02-26,LB
4793460,2025-11-23,LB,2025-11-23,LB
4793465,2025-03-27,LB,2025-03-27,LB
4793470,2025-08-31,LB,2025-08-31,LB
4793510,2026-01-12,VUS,2026-01-12,VUS
4793523,2025-11-24,LB,2025-11-24,LB
4793538,2025-07-13,VUS,2025-07-13,VUS
4793551,2025-09-22,LB,2025-09-22,LB
4793584,2025-05-04,LB,2025-05-04,LB
4793620,2025-12-15,LB,2025-12-15,LB
4793700,2025-12-11,LP,2025-12-11,LP
4793757,2025-03-12,LB,2025-03-12,LB
4793771,2026-01-09,B,2026-01-09,B
4793888,2025-02-27,LB,2025-02-27,LB
4793920,2026-01-07,LB,2026-01-07,LB
4793937,2025-10-07,LB,2025-10-07,LB
4794027,2026-01-11,LB,2026-01-11,LB
4794034,2026-01-19,LB,2026-01-19,LB
4794140,2025-10-27,VUS,2025-10-27,VUS
4794192,2026-01-08,VUS,2026-01-08,VUS
4794292,2025-08-26,LB,2025-08-26,LB
4794325,2025-04-10,LB,2025-04-10,LB
4794326,2025-12-15,VUS,2025-12-15,VUS
4794362,2025-10-07,LB,2025-10-07,LB
4794403,2025-04-10,LB,2025-04-10,LB
4794453,2025-11-18,P,2025-11-18,P
4794468,2025-11-16,LB,2025-11-16,LB
4794565,2025-05-28,LB,2025-05-28,LB
4794583,2025-09-29,LB,2025-09-29,LB
4794607,2025-06-30,VUS,2025-06-30,VUS
4794658,2025-08-09,LB,2025-08-09,LB
4794857,2025-09-25,LB,2025-09-25,LB
4794876,2025-05-27,LB,2025-05-27,LB
4794951,2025-10-15,LB,2025-10-15,LB
4794984,2025-03-04,VUS,2025-03-04,VUS
4795085,2025-06-12,LB,2025-06-12,LB
4795462,2025-08-13,VUS,2025-08-13,VUS
4796175,2025-12-10,VUS,2025-12-10,VUS
4796201,2025-12-10,VUS,2025-12-10,VUS
4796218,2025-12-10,VUS,2025-12-10,VUS
4796223,2025-12-10,VUS,2025-12-10,VUS
4796224,2025-12-10,VUS,2025-12-10,VUS
4796282,2025-12-10,VUS,2025-12-10,VUS
4796304,2025-12-10,VUS,2025-12-10,VUS
4796410,2025-12-10,VUS,2025-12-10,VUS
4797427,2025-05-25,LB,2025-05-25,LB
4797873,2025-10-19,VUS,2025-10-19,VUS
4797949,2025-02-11,LB,2025-02-11,LB
4798926,2025-07-09,LB,2025-07-09,LB
4798953,2025-11-18,LB,2025-11-18,LB
4799078,2026-01-11,LB,2026-01-11,LB
4799292,2025-10-06,LB,2025-10-06,LB
4799455,2025-12-26,VUS,2025-12-26,VUS
4799456,2025-12-09,P,2025-12-09,P
4801628,2025-07-20,P,2025-07-20,P
4802512,2025-05-26,LB,2025-05-26,LB
4803567,2025-12-19,LB,2025-12-19,LB
4803760,2025-08-11,LB,2025-08-11,LB
4803956,2025-10-14,LB,2025-10-14,LB
4804431,2025-11-28,LB,2025-11-28,LB
4804718,2025-02-13,LB,2025-02-13,LB
4804804,2025-07-27,LB,2025-07-27,LB
4804909,2026-01-14,P,2026-01-14,P
4805415,2025-12-16,LB,2025-12-16,LB
4805854,2025-06-04,LB,2025-06-04,LB
4806005,2025-08-13,LB,2025-08-13,LB
4806207,2025-08-14,VUS,2025-08-14,VUS
4806436,2025-06-10,LB,2025-06-10,LB
4806769,2025-06-04,LB,2025-06-04,LB
4806944,2025-11-13,VUS,2025-11-13,VUS
4806949,2025-09-05,VUS,2025-09-05,VUS
4807100,2025-10-23,LB,2025-10-23,LB
4807186,2026-01-20,P,2026-01-20,P
4807290,2025-05-27,LB,2025-05-27,LB
4807931,2025-10-17,LB,2025-10-17,LB
4808015,2025-09-23,LB,2025-09-23,LB
4808608,2025-12-24,VUS,2025-12-24,VUS
4808729,2025-02-13,LB,2025-02-13,LB
4808992,2026-01-25,P,2026-01-25,P
4809017,2026-01-19,LB,2026-01-19,LB
4809459,2026-01-19,VUS,2026-01-19,VUS
4809730,2025-11-16,LB,2025-11-16,LB
4810216,2025-05-02,LB,2025-05-02,LB
4810283,2025-12-20,LB,2025-12-20,LB
4810322,2025-06-12,LB,2025-06-12,LB
4810323,2025-03-10,LB,2025-03-10,LB
4810627,2025-08-25,VUS,2025-08-25,VUS
4810649,2025-03-05,LB,2025-03-05,LB
4810881,2025-07-29,LB,2025-07-29,LB
4811063,2025-03-31,LB,2025-03-31,LB
4811486,2025-10-06,VUS,2025-10-06,VUS
4811508,2025-07-22,LB,2025-07-22,LB
4811534,2025-09-24,LB,2025-09-24,LB
4811614,2025-04-10,LB,2025-04-10,LB
4811823,2025-04-23,VUS,2025-04-23,VUS
4811845,2025-07-02,LB,2025-07-02,LB
4811851,2025-10-27,LB,2025-10-27,LB
4812176,2025-12-15,VUS,2025-12-15,VUS
4813048,2025-03-20,LP,2025-07-02,LP
4813499,2025-11-25,LP,2025-11-25,LP
4813866,2026-03-12,LP,2026-03-12,LP
4813870,2026-03-12,LP,2026-03-12,LP
4813871,2026-03-12,LP,2026-03-12,LP
4813872,2026-03-12,LP,2026-03-12,LP
4815821,2025-12-17,LP,2025-12-17,LP
4815822,2025-12-08,LP,2025-12-08,LP
4815823,2025-09-04,LP,2025-09-04,LP
4815824,2024-05-28,LP,2024-05-28,LP
4815825,2025-07-15,LP,2025-07-15,LP
4815826,2025-12-02,LP,2025-12-02,LP
4815827,2024-09-23,LP,2024-09-23,LP
4815828,2026-01-20,LP,2026-01-20,LP
4815829,2025-11-10,LP,2025-11-10,LP
4815830,2024-05-02,LP,2024-05-02,LP
4815831,2024-11-07,LP,2024-11-07,LP
4815832,2024-05-08,LP,2024-05-08,LP
4815833,2024-08-19,LP,2024-08-19,LP
4815834,2024-10-03,LP,2024-10-03,LP
4815835,2024-06-21,LP,2024-06-21,LP
4815836,2025-07-02,P,2025-07-02,P
4815837,2024-06-13,LP,2024-06-13,LP
4815838,2024-09-16,LP,2024-09-16,LP
4815839,2024-03-04,LP,2024-03-04,LP
4815840,2024-09-30,LP,2024-09-30,LP
4815841,2024-07-15,LP,2024-07-15,LP
4815842,2024-10-24,LP,2024-10-24,LP
4815843,2024-05-09,LP,2024-05-09,LP
4815844,2024-11-18,LP,2024-11-18,LP
4815845,2025-06-30,LP,2025-06-30,LP
4815846,2024-07-10,LP,2024-07-10,LP
4815847,2024-03-18,LP,2024-03-18,LP
4815848,2025-08-17,LP,2025-08-17,LP
4815849,2024-07-30,LP,2024-07-30,LP
4815850,2024-02-23,LP,2024-02-23,LP
4815851,2024-02-29,LP,2024-02-29,LP
4815852,2024-04-05,LP,2024-04-05,LP
4815853,2024-07-05,LP,2024-07-05,LP
4816192,2024-04-03,LP,2024-04-03,LP
4816193,2025-11-15,LP,2025-11-15,LP
4816194,2024-11-12,P,2024-11-12,P
4816195,2024-04-11,P,2024-04-11,P
4816196,2025-12-10,LP,2025-12-10,LP
4816197,2024-05-06,LP,2024-05-06,LP
4816198,2024-09-16,LP,2024-09-16,LP
4816199,2024-12-19,LP,2024-12-19,LP
4816200,2025-08-20,LP,2025-08-20,LP
4816201,2024-11-13,LP,2024-11-13,LP
4816203,2024-04-15,LP,2024-04-15,LP
4816204,2025-06-06,LP,2025-06-06,LP
4816205,2025-10-02,LP,2025-10-02,LP
4816206,2025-10-13,LP,2025-10-13,LP
4816207,2025-05-04,LP,2025-05-04,LP
4816208,2025-10-25,LP,2025-10-25,LP
4816209,2024-12-05,LP,2024-12-05,LP
4816210,2025-09-05,LP,2025-09-05,LP
4816211,2024-04-24,LP,2024-04-24,LP
4816212,2024-09-03,LP,2024-09-03,LP
4816213,2025-06-01,LP,2025-06-01,LP
4816214,2024-03-28,LP,2024-03-28,LP
4816215,2025-06-08,LP,2025-06-08,LP
4816216,2025-08-29,LP,2025-08-29,LP
4816217,2024-05-21,LP,2024-05-21,LP
4816218,2025-10-23,LP,2025-10-23,LP
4816219,2024-12-03,LP,2024-12-03,LP
4816220,2024-02-20,P,2024-02-20,P
4816221,2026-01-12,LP,2026-01-12,LP
4816222,2025-03-14,LP,2025-03-14,LP
4816224,2024-04-15,LP,2024-04-15,LP
4816225,2024-12-17,LP,2024-12-17,LP
4816226,2025-10-21,LP,2025-10-21,LP
4816227,2026-01-15,LP,2026-01-15,LP
4816228,2024-12-16,LP,2024-12-16,LP
4816229,2025-03-07,LP,2025-03-07,LP
4816230,2024-07-29,LP,2024-07-29,LP
4816231,2024-05-15,LP,2024-05-15,LP
4816232,2025-06-24,LP,2025-06-24,LP
4816233,2024-06-06,LP,2024-06-06,LP
4816234,2025-12-26,LP,2025-12-26,LP
4816235,2024-12-19,LP,2024-12-19,LP
4816236,2024-05-16,LP,2024-05-16,LP
4816238,2025-06-18,LP,2025-06-18,LP
4816239,2024-07-22,LP,2024-07-22,LP
4816240,2024-05-01,LP,2024-05-01,LP
4816241,2025-08-06,LP,2025-08-06,LP
4816242,2024-11-09,LP,2024-11-09,LP
4819005,2026-01-20,VUS,2026-01-20,VUS
4819208,2023-05-01,P,2023-05-01,P
4819801,2025-09-11,VUS,2025-09-11,VUS
4819873,2025-09-11,LP,2025-09-11,LP
4820144,2023-04-17,P,2023-04-17,P
4821999,2026-02-01,LB,2026-02-01,LB
4822184,2026-03-01,VUS,2026-03-01,VUS
4822528,2026-01-01,LB,2026-01-01,LB
4822918,2026-01-01,VUS,2026-01-01,VUS
4823487,2026-03-01,LB,2026-03-01,LB
4823806,2026-03-01,P,2026-03-01,P
4831481,2025-12-17,VUS,2025-12-17,VUS
4832536,2025-12-16,LB,2025-12-16,LB
4833225,2025-12-15,VUS,2025-12-15,VUS
4833424,2025-12-15,VUS,2025-12-15,VUS
4833475,2025-12-15,VUS,2025-12-15,VUS
4833660,2025-12-23,LB,2025-12-23,LB
4837170,2025-12-16,VUS,2025-12-16,VUS
4837557,2025-12-16,VUS,2025-12-16,VUS
4837704,2025-12-17,VUS,2025-12-17,VUS
4839656,2026-01-21,VUS,2026-01-21,VUS
4840179,2026-02-17,VUS,2026-02-17,VUS
4840188,2026-02-17,VUS,2026-02-17,VUS
4840364,2026-02-24,VUS,2026-02-24,VUS
4840769,2026-03-02,VUS,2026-03-02,VUS
4845749,2025-01-10,LP,2025-01-10,LP
4845852,2025-03-27,LP,2025-03-27,LP
4845887,2025-05-07,LP,2025-05-07,LP
4846739,2020-04-21,P,2020-04-21,P
4847954,2026-02-09,VUS,2026-02-09,VUS
4848212,2026-02-19,VUS,2026-02-19,VUS
4849528,2026-03-03,VUS,2026-03-03,VUS
4850045,2026-01-21,LP,2026-01-21,LP
4850192,2025-11-12,LP,2025-11-12,LP
4850357,2025-09-17,LP,2025-09-17,LP
4850462,2025-09-26,LP,2025-09-26,LP
4851938,2024-01-16,B,2024-01-16,B
4851971,2025-04-12,P,2025-04-12,P
4852045,2022-03-31,P,2022-03-31,P
4852053,2022-07-31,P,2022-07-31,P
4852126,2026-04-30,VUS,2026-04-30,VUS
4852475,2024-01-01,P,2024-01-01,P
4852477,2024-01-01,P,2024-01-01,P
