VariationID,gene,Name,protein_change,variant_type,consequence,current_class,review_status,first_class,first_date,latest_class,latest_date,n_submissions,n_submitters,reclassified,direction,first_year,latest_year
1578801,CEP290,NM_025114.4(CEP290):c.4707G>A (p.Glu1569=),,single nucleotide variant,synonymous variant,Benign/Likely benign,"criteria provided, multiple submitters, no conflicts",B,2025-02-16,LB,2025-07-23,2,2,True,toward_pathogenic,2025.0,2025.0
319233,GLIS2,NM_032575.3(GLIS2):c.*232T>G,,single nucleotide variant,3 prime UTR variant,Benign/Likely benign,"criteria provided, multiple submitters, no conflicts",B,2018-01-12,LB,2019-10-07,3,3,True,toward_pathogenic,2018.0,2019.0
198857,INVS,NM_014425.5(INVS):c.913G>A (p.Val305Ile),"V305I, V209I",single nucleotide variant,missense variant|5 prime UTR variant|non-coding transcript variant,Benign/Likely benign,"criteria provided, multiple submitters, no conflicts",B,2015-02-02,LB,2026-01-24,5,5,True,toward_pathogenic,2015.0,2026.0
889768,NEK8,NM_178170.3(NEK8):c.*19T>C,,single nucleotide variant,3 prime UTR variant,Benign/Likely benign,"criteria provided, multiple submitters, no conflicts",B,2018-01-12,LB,2021-03-05,3,3,True,toward_pathogenic,2018.0,2021.0
198703,NPHP1,NM_001128178.3(NPHP1):c.771+59G>A,R277Q,single nucleotide variant,missense variant|intron variant,Benign/Likely benign,"criteria provided, multiple submitters, no conflicts",B,2014-09-01,LB,2026-01-24,8,6,True,toward_pathogenic,2014.0,2026.0
197304,RPGRIP1L,NM_015272.5(RPGRIP1L):c.255A>G (p.Leu85=),,single nucleotide variant,synonymous variant,Benign/Likely benign,"criteria provided, multiple submitters, no conflicts",B,2015-02-19,LB,2024-10-22,3,3,True,toward_pathogenic,2015.0,2024.0
262739,TMEM67,NM_153704.6(TMEM67):c.*19T>C,,single nucleotide variant,3 prime UTR variant|non-coding transcript variant,Benign/Likely benign,"criteria provided, multiple submitters, no conflicts",B,2015-03-03,LB,2017-04-27,6,4,True,toward_pathogenic,2015.0,2017.0
126303,TMEM67,NM_153704.6(TMEM67):c.224-4_224-3del,,Deletion,intron variant,Benign,"criteria provided, single submitter",B,2013-09-03,LB,2024-09-16,2,2,True,toward_pathogenic,2013.0,2024.0
197816,ZNF423,NM_001379286.1(ZNF423):c.1986C>T (p.His662=),,single nucleotide variant,synonymous variant,Benign/Likely benign,"criteria provided, multiple submitters, no conflicts",B,2014-10-17,LB,2026-02-01,6,6,True,toward_pathogenic,2014.0,2026.0
707449,ZNF423,NM_001379286.1(ZNF423):c.630C>T (p.Ala210=),,single nucleotide variant,synonymous variant,Benign/Likely benign,"criteria provided, multiple submitters, no conflicts",B,2026-02-01,LB,2026-03-01,2,2,True,toward_pathogenic,2026.0,2026.0
541406,ANKS6,NM_173551.5(ANKS6):c.1008G>A (p.Thr336=),,single nucleotide variant,synonymous variant,Benign/Likely benign,"criteria provided, multiple submitters, no conflicts",LB,2019-04-05,B,2025-12-29,6,6,True,toward_benign,2019.0,2025.0
767282,ANKS6,NM_173551.5(ANKS6):c.1125T>C (p.Ile375=),,single nucleotide variant,synonymous variant,Benign/Likely benign,"criteria provided, multiple submitters, no conflicts",LB,2022-04-06,B,2025-12-13,2,2,True,toward_benign,2022.0,2025.0
262842,ANKS6,NM_173551.5(ANKS6):c.1533A>C (p.Ala511=),,single nucleotide variant,synonymous variant,Benign/Likely benign,"criteria provided, multiple submitters, no conflicts",LB,2018-05-24,B,2025-12-06,4,4,True,toward_benign,2018.0,2025.0
541404,ANKS6,NM_173551.5(ANKS6):c.1565A>G (p.Asn522Ser),N522S,single nucleotide variant,missense variant,Benign/Likely benign,"criteria provided, multiple submitters, no conflicts",LB,2020-09-08,B,2025-12-23,3,3,True,toward_benign,2020.0,2025.0
262844,ANKS6,NM_173551.5(ANKS6):c.1740C>T (p.Asn580=),,single nucleotide variant,synonymous variant,Benign/Likely benign,"criteria provided, multiple submitters, no conflicts",LB,2023-10-01,B,2026-02-01,5,5,True,toward_benign,2023.0,2026.0
262845,ANKS6,NM_173551.5(ANKS6):c.1767G>A (p.Ala589=),,single nucleotide variant,synonymous variant,Benign/Likely benign,"criteria provided, multiple submitters, no conflicts",LB,2020-12-26,B,2026-01-14,6,6,True,toward_benign,2020.0,2026.0
474444,ANKS6,NM_173551.5(ANKS6):c.1782C>T (p.Ala594=),,single nucleotide variant,synonymous variant,Benign/Likely benign,"criteria provided, multiple submitters, no conflicts",LB,2020-06-01,B,2026-01-02,4,4,True,toward_benign,2020.0,2026.0
262846,ANKS6,NM_173551.5(ANKS6):c.1854C>T (p.Leu618=),,single nucleotide variant,synonymous variant,Benign/Likely benign,"criteria provided, multiple submitters, no conflicts",LB,2021-08-04,B,2025-12-03,4,4,True,toward_benign,2021.0,2025.0
262848,ANKS6,NM_173551.5(ANKS6):c.2203C>G (p.Pro735Ala),P735A,single nucleotide variant,missense variant,Benign/Likely benign,"criteria provided, multiple submitters, no conflicts",LB,2020-12-26,B,2026-01-14,7,7,True,toward_benign,2020.0,2026.0
1191653,ANKS6,NM_173551.5(ANKS6):c.2327-19del,,Deletion,intron variant,Benign/Likely benign,"criteria provided, multiple submitters, no conflicts",LB,2020-05-10,B,2026-01-18,2,2,True,toward_benign,2020.0,2026.0
1601229,ANKS6,NM_173551.5(ANKS6):c.2327-19dup,,Duplication,intron variant,Benign/Likely benign,"criteria provided, multiple submitters, no conflicts",LB,2021-08-25,B,2026-01-12,2,2,True,toward_benign,2021.0,2026.0
262852,ANKS6,NM_173551.5(ANKS6):c.537A>G (p.Gln179=),,single nucleotide variant,synonymous variant,Benign/Likely benign,"criteria provided, multiple submitters, no conflicts",LB,2021-10-03,B,2026-01-06,4,4,True,toward_benign,2021.0,2026.0
262853,ANKS6,NM_173551.5(ANKS6):c.585G>A (p.Leu195=),,single nucleotide variant,synonymous variant,Benign/Likely benign,"criteria provided, multiple submitters, no conflicts",LB,2020-12-26,B,2026-01-14,6,6,True,toward_benign,2020.0,2026.0
541405,ANKS6,NM_173551.5(ANKS6):c.603C>T (p.His201=),,single nucleotide variant,synonymous variant,Benign/Likely benign,"criteria provided, multiple submitters, no conflicts",LB,2021-08-11,B,2026-01-14,2,2,True,toward_benign,2021.0,2026.0
262855,ANKS6,NM_173551.5(ANKS6):c.615C>T (p.Ala205=),,single nucleotide variant,synonymous variant,Benign/Likely benign,"criteria provided, multiple submitters, no conflicts",LB,2020-11-02,B,2026-02-01,4,4,True,toward_benign,2020.0,2026.0
262856,ANKS6,NM_173551.5(ANKS6):c.664C>T (p.Arg222Trp),R222W,single nucleotide variant,missense variant,Benign/Likely benign,"criteria provided, multiple submitters, no conflicts",LB,2021-05-19,B,2026-01-18,4,4,True,toward_benign,2021.0,2026.0
262857,ANKS6,NM_173551.5(ANKS6):c.862+20G>A,,single nucleotide variant,intron variant,Benign/Likely benign,"criteria provided, multiple submitters, no conflicts",LB,2021-07-26,B,2026-02-01,3,3,True,toward_benign,2021.0,2026.0
262858,ANKS6,NM_173551.5(ANKS6):c.908-16C>T,,single nucleotide variant,intron variant,Benign/Likely benign,"criteria provided, multiple submitters, no conflicts",LB,2021-11-09,B,2026-01-12,4,4,True,toward_benign,2021.0,2026.0
774996,ANKS6,NM_173551.5(ANKS6):c.975C>T (p.Asp325=),,single nucleotide variant,synonymous variant,Benign/Likely benign,"criteria provided, multiple submitters, no conflicts",LB,2021-10-14,B,2026-01-13,2,2,True,toward_benign,2021.0,2026.0
1165493,CEP164,NM_014956.5(CEP164):c.1399C>T (p.Leu467=),,single nucleotide variant,synonymous variant,Benign/Likely benign,"criteria provided, multiple submitters, no conflicts",LB,2021-12-14,B,2026-01-04,3,3,True,toward_benign,2021.0,2026.0
473078,CEP164,NM_014956.5(CEP164):c.1409+10G>A,,single nucleotide variant,splice donor variant|intron variant,Benign/Likely benign,"criteria provided, multiple submitters, no conflicts",LB,2022-01-06,B,2026-01-26,2,2,True,toward_benign,2022.0,2026.0
1169180,CEP164,NM_014956.5(CEP164):c.2362-15C>T,,single nucleotide variant,intron variant,Benign/Likely benign,"criteria provided, multiple submitters, no conflicts",LB,2021-10-01,B,2025-12-24,2,2,True,toward_benign,2021.0,2025.0
728373,CEP164,NM_014956.5(CEP164):c.2466T>C (p.Ser822=),,single nucleotide variant,synonymous variant,Benign/Likely benign,"criteria provided, multiple submitters, no conflicts",LB,2021-11-23,B,2025-09-13,2,2,True,toward_benign,2021.0,2025.0
260479,CEP164,NM_014956.5(CEP164):c.2655C>T (p.Thr885=),,single nucleotide variant,synonymous variant,Benign/Likely benign,"criteria provided, multiple submitters, no conflicts",LB,2021-08-31,B,2026-01-24,4,4,True,toward_benign,2021.0,2026.0
260480,CEP164,NM_014956.5(CEP164):c.2772C>G (p.Leu924=),,single nucleotide variant,synonymous variant,Benign/Likely benign,"criteria provided, multiple submitters, no conflicts",LB,2017-06-28,B,2026-02-04,9,9,True,toward_benign,2017.0,2026.0
707349,CEP164,NM_014956.5(CEP164):c.2920A>G (p.Thr974Ala),"T977A, T974A",single nucleotide variant,missense variant,Benign/Likely benign,"criteria provided, multiple submitters, no conflicts",LB,2023-11-14,B,2026-01-22,3,3,True,toward_benign,2023.0,2026.0
1164258,CEP164,NM_014956.5(CEP164):c.3147G>A (p.Glu1049=),,single nucleotide variant,synonymous variant,Benign/Likely benign,"criteria provided, multiple submitters, no conflicts",LB,2021-10-23,B,2025-12-15,2,2,True,toward_benign,2021.0,2025.0
473083,CEP164,NM_014956.5(CEP164):c.3216+20_3216+33del,,Microsatellite,intron variant,Benign/Likely benign,"criteria provided, multiple submitters, no conflicts",LB,2022-02-02,B,2026-02-04,4,4,True,toward_benign,2022.0,2026.0
707249,CEP164,NM_014956.5(CEP164):c.3225C>T (p.Thr1075=),,single nucleotide variant,synonymous variant,Benign/Likely benign,"criteria provided, multiple submitters, no conflicts",LB,2018-05-01,B,2026-01-19,4,4,True,toward_benign,2018.0,2026.0
235637,CEP164,NM_014956.5(CEP164):c.3364C>T (p.Arg1122Cys),"R1122C, R1125C",single nucleotide variant,missense variant,Benign/Likely benign,"criteria provided, multiple submitters, no conflicts",LB,2015-12-21,B,2026-02-02,3,3,True,toward_benign,2015.0,2026.0
779006,CEP164,NM_014956.5(CEP164):c.3484C>A (p.Arg1162Ser),"R1162S, R1165S",single nucleotide variant,missense variant,Benign,"criteria provided, single submitter",LB,2022-10-27,B,2026-01-27,2,2,True,toward_benign,2022.0,2026.0
772990,CEP164,NM_014956.5(CEP164):c.3556C>T (p.Leu1186=),,single nucleotide variant,synonymous variant,Benign/Likely benign,"criteria provided, multiple submitters, no conflicts",LB,2021-09-20,B,2026-01-05,2,2,True,toward_benign,2021.0,2026.0
260486,CEP164,NM_014956.5(CEP164):c.3716C>T (p.Pro1239Leu),"P1239L, P1242L",single nucleotide variant,missense variant,Benign/Likely benign,"criteria provided, multiple submitters, no conflicts",LB,2021-05-04,B,2026-02-02,6,6,True,toward_benign,2021.0,2026.0
1639548,CEP164,NM_014956.5(CEP164):c.687+15C>T,,single nucleotide variant,intron variant,Benign/Likely benign,"criteria provided, multiple submitters, no conflicts",LB,2021-12-17,B,2025-11-20,2,2,True,toward_benign,2021.0,2025.0
779720,CEP164,NM_014956.5(CEP164):c.688-7T>C,,single nucleotide variant,intron variant,Benign/Likely benign,"criteria provided, multiple submitters, no conflicts",LB,2022-03-18,B,2025-11-24,2,2,True,toward_benign,2022.0,2025.0
473087,CEP164,NM_014956.5(CEP164):c.748G>A (p.Gly250Ser),G250S,single nucleotide variant,missense variant,Benign,"criteria provided, multiple submitters, no conflicts",LB,2020-07-29,B,2026-01-02,3,3,True,toward_benign,2020.0,2026.0
1167931,CEP164,NM_014956.5(CEP164):c.828C>T (p.Ala276=),,single nucleotide variant,synonymous variant,Benign,"criteria provided, single submitter",LB,2019-09-19,B,2026-01-12,2,2,True,toward_benign,2019.0,2026.0
1562226,CEP290,NM_025114.4(CEP290):c.251-11del,,Deletion,intron variant,Benign/Likely benign,"criteria provided, multiple submitters, no conflicts",LB,2021-12-15,B,2026-01-22,2,2,True,toward_benign,2021.0,2026.0
261840,CEP290,NM_025114.4(CEP290):c.2587-19T>C,,single nucleotide variant,intron variant,Benign/Likely benign,"criteria provided, multiple submitters, no conflicts",LB,2021-11-27,B,2026-01-18,3,3,True,toward_benign,2021.0,2026.0
389097,CEP290,NM_025114.4(CEP290):c.2595C>T (p.Leu865=),,single nucleotide variant,synonymous variant,Benign/Likely benign,"criteria provided, multiple submitters, no conflicts",LB,2016-08-30,B,2026-01-13,3,3,True,toward_benign,2016.0,2026.0
310629,CEP290,NM_025114.4(CEP290):c.442-22dup,,Duplication,intron variant,Benign/Likely benign,"criteria provided, multiple submitters, no conflicts",LB,2019-08-28,B,2026-02-04,5,5,True,toward_benign,2019.0,2026.0
699782,CEP290,NM_025114.4(CEP290):c.4695A>G (p.Lys1565=),,single nucleotide variant,synonymous variant,Benign/Likely benign,"criteria provided, multiple submitters, no conflicts",LB,2021-06-24,B,2026-01-28,3,3,True,toward_benign,2021.0,2026.0
1164289,CEP290,NM_025114.4(CEP290):c.5227-23dup,,Duplication,intron variant,Benign/Likely benign,"criteria provided, multiple submitters, no conflicts",LB,2021-07-26,B,2026-01-21,4,4,True,toward_benign,2021.0,2026.0
700407,CEP290,NM_025114.4(CEP290):c.5227-9A>G,,single nucleotide variant,intron variant,Benign,"criteria provided, single submitter",LB,2019-09-19,B,2026-01-20,3,3,True,toward_benign,2019.0,2026.0
2413768,CEP290,NM_025114.4(CEP290):c.5364+14C>T,,single nucleotide variant,intron variant,Benign/Likely benign,"criteria provided, multiple submitters, no conflicts",LB,2023-12-29,B,2025-12-13,2,2,True,toward_benign,2023.0,2025.0
166832,CEP290,NM_025114.4(CEP290):c.5521G>A (p.Glu1841Lys),E1841K,single nucleotide variant,missense variant,Benign/Likely benign,"criteria provided, multiple submitters, no conflicts",LB,2016-03-02,B,2026-01-28,4,4,True,toward_benign,2016.0,2026.0
420349,CEP290,NM_025114.4(CEP290):c.6270+18del,,Deletion,intron variant,Benign/Likely benign,"criteria provided, multiple submitters, no conflicts",LB,2016-01-08,B,2025-07-09,2,2,True,toward_benign,2016.0,2025.0
391224,CEP290,NM_025114.4(CEP290):c.6960+10G>A,,single nucleotide variant,intron variant,Benign/Likely benign,"criteria provided, multiple submitters, no conflicts",LB,2016-12-01,B,2026-02-01,6,6,True,toward_benign,2016.0,2026.0
319216,GLIS2,NM_032575.3(GLIS2):c.1011G>A (p.Pro337=),,single nucleotide variant,synonymous variant,Benign/Likely benign,"criteria provided, multiple submitters, no conflicts",LB,2016-12-12,B,2026-01-26,6,6,True,toward_benign,2016.0,2026.0
462720,GLIS2,NM_032575.3(GLIS2):c.1464G>A (p.Leu488=),,single nucleotide variant,synonymous variant,Benign/Likely benign,"criteria provided, multiple submitters, no conflicts",LB,2018-06-01,B,2026-01-14,5,5,True,toward_benign,2018.0,2026.0
319225,GLIS2,NM_032575.3(GLIS2):c.1476G>A (p.Thr492=),,single nucleotide variant,synonymous variant,Benign/Likely benign,"criteria provided, multiple submitters, no conflicts",LB,2018-01-12,B,2026-01-19,6,6,True,toward_benign,2018.0,2026.0
241705,GLIS2,NM_032575.3(GLIS2):c.415G>A (p.Gly139Arg),G139R,single nucleotide variant,missense variant,Benign/Likely benign,"criteria provided, multiple submitters, no conflicts",LB,2024-08-03,B,2025-12-13,4,4,True,toward_benign,2024.0,2025.0
697095,GLIS2,NM_032575.3(GLIS2):c.477G>A (p.Ser159=),,single nucleotide variant,synonymous variant,Benign/Likely benign,"criteria provided, multiple submitters, no conflicts",LB,2019-04-04,B,2025-06-18,3,3,True,toward_benign,2019.0,2025.0
697059,GLIS2,NM_032575.3(GLIS2):c.849C>T (p.His283=),,single nucleotide variant,synonymous variant,Benign/Likely benign,"criteria provided, multiple submitters, no conflicts",LB,2021-10-21,B,2025-09-04,2,2,True,toward_benign,2021.0,2025.0
260406,INVS,NM_014425.5(INVS):c.1284T>C (p.His428=),,single nucleotide variant,synonymous variant|non-coding transcript variant,Benign/Likely benign,"criteria provided, multiple submitters, no conflicts",LB,2017-02-06,B,2026-01-28,5,5,True,toward_benign,2017.0,2026.0
1164592,INVS,NM_014425.5(INVS):c.2069-18_2069-16del,,Deletion,intron variant,Benign/Likely benign,"criteria provided, multiple submitters, no conflicts",LB,2024-07-11,B,2026-01-26,5,5,True,toward_benign,2024.0,2026.0
240910,INVS,NM_014425.5(INVS):c.2116A>G (p.Arg706Gly),"R706G, R380G, R610G",single nucleotide variant,missense variant,Benign/Likely benign,"criteria provided, multiple submitters, no conflicts",LB,2018-01-13,B,2026-02-01,5,5,True,toward_benign,2018.0,2026.0
287112,INVS,NM_014425.5(INVS):c.2193C>T (p.Gly731=),,single nucleotide variant,synonymous variant|non-coding transcript variant,Benign/Likely benign,"criteria provided, multiple submitters, no conflicts",LB,2016-03-23,B,2026-01-23,6,6,True,toward_benign,2016.0,2026.0
1168198,INVS,NM_014425.5(INVS):c.2582G>C (p.Arg861Thr),"R535T, R765T, R861T",single nucleotide variant,missense variant|non-coding transcript variant,Benign/Likely benign,"criteria provided, multiple submitters, no conflicts",LB,2021-09-15,B,2026-01-24,4,4,True,toward_benign,2021.0,2026.0
260415,INVS,NM_014425.5(INVS):c.3017-5T>G,,single nucleotide variant,intron variant,Benign/Likely benign,"criteria provided, multiple submitters, no conflicts",LB,2017-06-28,B,2026-01-24,8,8,True,toward_benign,2017.0,2026.0
698312,IQCB1,NM_001023570.4(IQCB1):c.1311A>G (p.Lys437=),,single nucleotide variant,synonymous variant|non-coding transcript variant,Benign/Likely benign,"criteria provided, multiple submitters, no conflicts",LB,2018-01-12,B,2026-01-05,3,3,True,toward_benign,2018.0,2026.0
901542,IQCB1,NM_001023570.4(IQCB1):c.1509C>G (p.Ala503=),,single nucleotide variant,synonymous variant|non-coding transcript variant,Benign/Likely benign,"criteria provided, multiple submitters, no conflicts",LB,2018-01-13,B,2025-11-09,4,4,True,toward_benign,2018.0,2025.0
219982,IQCB1,NM_001023570.4(IQCB1):c.424T>C (p.Phe142Leu),F142L,single nucleotide variant,missense variant|non-coding transcript variant,Benign/Likely benign,"criteria provided, multiple submitters, no conflicts",LB,2021-11-14,B,2026-02-01,6,6,True,toward_benign,2021.0,2026.0
1169541,IQCB1,NM_001023570.4(IQCB1):c.588-25dup,,Duplication,intron variant,Benign/Likely benign,"criteria provided, multiple submitters, no conflicts",LB,2021-08-25,B,2025-12-13,2,2,True,toward_benign,2021.0,2025.0
257093,IQCB1,NM_001023570.4(IQCB1):c.588T>C (p.Ser196=),,single nucleotide variant,synonymous variant|non-coding transcript variant|intron variant,Benign/Likely benign,"criteria provided, multiple submitters, no conflicts",LB,2017-04-27,B,2026-02-01,8,8,True,toward_benign,2017.0,2026.0
1166018,IQCB1,NM_001023570.4(IQCB1):c.776G>A (p.Arg259His),R259H,single nucleotide variant,missense variant|non-coding transcript variant|intron variant,Benign,"criteria provided, single submitter",LB,2022-03-21,B,2025-08-23,2,2,True,toward_benign,2022.0,2025.0
1167594,IQCB1,NM_001023570.4(IQCB1):c.987-17C>T,,single nucleotide variant,intron variant,Benign/Likely benign,"criteria provided, multiple submitters, no conflicts",LB,2021-09-22,B,2025-11-20,2,2,True,toward_benign,2021.0,2025.0
1164925,NEK8,NM_178170.3(NEK8):c.1489G>C (p.Ala497Pro),A497P,single nucleotide variant,missense variant,Benign/Likely benign,"criteria provided, multiple submitters, no conflicts",LB,2024-03-26,B,2026-01-12,3,3,True,toward_benign,2024.0,2026.0
700959,NEK8,NM_178170.3(NEK8):c.1632G>C (p.Val544=),,single nucleotide variant,synonymous variant,Benign/Likely benign,"criteria provided, multiple submitters, no conflicts",LB,2022-03-16,B,2025-01-06,2,2,True,toward_benign,2022.0,2025.0
262929,NEK8,NM_178170.3(NEK8):c.1770C>T (p.His590=),,single nucleotide variant,synonymous variant,Benign/Likely benign,"criteria provided, multiple submitters, no conflicts",LB,2018-01-12,B,2026-01-22,3,3,True,toward_benign,2018.0,2026.0
322486,NEK8,NM_178170.3(NEK8):c.1938A>C (p.Gly646=),,single nucleotide variant,synonymous variant,Benign/Likely benign,"criteria provided, multiple submitters, no conflicts",LB,2018-01-12,B,2026-01-26,3,3,True,toward_benign,2018.0,2026.0
255706,NPHP1,NM_001128178.3(NPHP1):c.1269+9G>A,,single nucleotide variant,intron variant,Benign/Likely benign,"criteria provided, multiple submitters, no conflicts",LB,2018-02-05,B,2026-01-28,4,4,True,toward_benign,2018.0,2026.0
462708,NPHP1,NM_001128178.3(NPHP1):c.438T>C (p.Asn146=),,single nucleotide variant,synonymous variant,Benign/Likely benign,"criteria provided, multiple submitters, no conflicts",LB,2018-01-12,B,2026-01-24,5,3,True,toward_benign,2018.0,2026.0
235470,NPHP1,NM_001128178.3(NPHP1):c.689C>T (p.Ala230Val),"A230V, A168V",single nucleotide variant,missense variant,Benign/Likely benign,"criteria provided, multiple submitters, no conflicts",LB,2015-06-04,B,2026-02-02,10,8,True,toward_benign,2015.0,2026.0
390374,NPHP3,NM_153240.5(NPHP3):c.1629-17C>A,,single nucleotide variant,intron variant,Benign/Likely benign,"criteria provided, multiple submitters, no conflicts",LB,2016-11-02,B,2026-01-14,2,2,True,toward_benign,2016.0,2026.0
262699,NPHP3,NM_153240.5(NPHP3):c.2693+17A>G,,single nucleotide variant,intron variant,Benign/Likely benign,"criteria provided, multiple submitters, no conflicts",LB,2017-10-27,B,2026-01-28,8,8,True,toward_benign,2017.0,2026.0
262700,NPHP3,NM_153240.5(NPHP3):c.2883+13G>C,,single nucleotide variant,intron variant,Benign/Likely benign,"criteria provided, multiple submitters, no conflicts",LB,2017-07-17,B,2026-01-20,5,5,True,toward_benign,2017.0,2026.0
695505,NPHP3,NM_153240.5(NPHP3):c.3126-8T>G,,single nucleotide variant,intron variant,Benign/Likely benign,"criteria provided, multiple submitters, no conflicts",LB,2021-07-15,B,2026-01-22,2,2,True,toward_benign,2021.0,2026.0
262703,NPHP3,NM_153240.5(NPHP3):c.3189A>G (p.Lys1063=),,single nucleotide variant,non-coding transcript variant|synonymous variant,Benign/Likely benign,"criteria provided, multiple submitters, no conflicts",LB,2017-02-06,B,2026-01-20,8,8,True,toward_benign,2017.0,2026.0
262707,NPHP3,NM_153240.5(NPHP3):c.3663C>T (p.Ala1221=),,single nucleotide variant,non-coding transcript variant|synonymous variant,Benign/Likely benign,"criteria provided, multiple submitters, no conflicts",LB,2017-02-06,B,2026-01-20,8,8,True,toward_benign,2017.0,2026.0
262708,NPHP3,NM_153240.5(NPHP3):c.3664T>C (p.Leu1222=),,single nucleotide variant,non-coding transcript variant|synonymous variant,Benign/Likely benign,"criteria provided, multiple submitters, no conflicts",LB,2016-02-05,B,2026-01-31,4,4,True,toward_benign,2016.0,2026.0
1164133,NPHP3,NM_153240.5(NPHP3):c.3813-10T>C,,single nucleotide variant,intron variant,Benign/Likely benign,"criteria provided, multiple submitters, no conflicts",LB,2021-07-27,B,2025-12-23,3,3,True,toward_benign,2021.0,2025.0
218850,NPHP3,NM_153240.5(NPHP3):c.3913C>T (p.Arg1305Cys),R1305C,single nucleotide variant,non-coding transcript variant|missense variant,Benign/Likely benign,"criteria provided, multiple submitters, no conflicts",LB,2015-03-06,B,2026-02-04,11,9,True,toward_benign,2015.0,2026.0
297825,NPHP4,NM_015102.5(NPHP4):c.1120-13G>T,,single nucleotide variant,intron variant,Benign/Likely benign,"criteria provided, multiple submitters, no conflicts",LB,2018-01-12,B,2025-11-18,5,4,True,toward_benign,2018.0,2025.0
1626035,NPHP4,NM_015102.5(NPHP4):c.122C>T (p.Pro41Leu),P41L,single nucleotide variant,5 prime UTR variant|missense variant|non-coding transcript variant|intron variant,Benign,"criteria provided, multiple submitters, no conflicts",LB,2024-09-16,B,2025-12-29,3,3,True,toward_benign,2024.0,2025.0
220231,NPHP4,NM_015102.5(NPHP4):c.136-4del,,Deletion,intron variant,Benign/Likely benign,"criteria provided, multiple submitters, no conflicts",LB,2019-08-01,B,2026-01-12,5,5,True,toward_benign,2019.0,2026.0
297819,NPHP4,NM_015102.5(NPHP4):c.1503+10G>A,,single nucleotide variant,intron variant,Benign/Likely benign,"criteria provided, multiple submitters, no conflicts",LB,2018-01-12,B,2026-02-02,7,6,True,toward_benign,2018.0,2026.0
235419,NPHP4,NM_015102.5(NPHP4):c.1705C>G (p.Gln569Glu),"Q569E, Q57E, Q56E",single nucleotide variant,missense variant|non-coding transcript variant,Benign/Likely benign,"criteria provided, multiple submitters, no conflicts",LB,2015-08-25,B,2026-01-18,9,8,True,toward_benign,2015.0,2026.0
462717,NPHP4,NM_015102.5(NPHP4):c.2681A>G (p.His894Arg),"H894R, H382R, H381R",single nucleotide variant,missense variant|non-coding transcript variant,Benign/Likely benign,"criteria provided, multiple submitters, no conflicts",LB,2018-01-12,B,2026-01-27,4,3,True,toward_benign,2018.0,2026.0
240969,NPHP4,NM_015102.5(NPHP4):c.2876G>A (p.Arg959Gln),"R959Q, R446Q, R447Q",single nucleotide variant,missense variant|non-coding transcript variant,Benign/Likely benign,"criteria provided, multiple submitters, no conflicts",LB,2017-04-28,B,2026-02-02,6,5,True,toward_benign,2017.0,2026.0
1164396,NPHP4,NM_015102.5(NPHP4):c.3044+20C>T,,single nucleotide variant,intron variant,Benign/Likely benign,"criteria provided, multiple submitters, no conflicts",LB,2025-11-24,B,2026-01-15,3,3,True,toward_benign,2025.0,2026.0
593682,NPHP4,NM_015102.5(NPHP4):c.3045-5C>T,,single nucleotide variant,intron variant,Benign/Likely benign,"criteria provided, multiple submitters, no conflicts",LB,2017-08-15,B,2026-01-02,4,3,True,toward_benign,2017.0,2026.0
499126,NPHP4,NM_015102.5(NPHP4):c.3144C>G (p.Ala1048=),,single nucleotide variant,synonymous variant|non-coding transcript variant,Benign/Likely benign,"criteria provided, multiple submitters, no conflicts",LB,2016-12-07,B,2026-01-23,2,2,True,toward_benign,2016.0,2026.0
1599216,NPHP4,NM_015102.5(NPHP4):c.3145C>T (p.Pro1049Ser),"P1049S, P536S, P537S",single nucleotide variant,missense variant|non-coding transcript variant,Benign,"criteria provided, single submitter",LB,2024-09-16,B,2025-02-06,2,2,True,toward_benign,2024.0,2025.0
287096,NPHP4,NM_015102.5(NPHP4):c.3777G>A (p.Arg1259=),,single nucleotide variant,synonymous variant|non-coding transcript variant,Benign/Likely benign,"criteria provided, multiple submitters, no conflicts",LB,2017-05-04,B,2026-01-15,7,6,True,toward_benign,2017.0,2026.0
1167868,NPHP4,NM_015102.5(NPHP4):c.3817-20C>T,,single nucleotide variant,intron variant,Benign/Likely benign,"criteria provided, multiple submitters, no conflicts",LB,2021-08-19,B,2026-02-01,2,2,True,toward_benign,2021.0,2026.0
235474,NPHP4,NM_015102.5(NPHP4):c.511G>A (p.Ala171Thr),A171T,single nucleotide variant,5 prime UTR variant|missense variant|non-coding transcript variant,Benign/Likely benign,"criteria provided, multiple submitters, no conflicts",LB,2015-08-25,B,2026-01-18,7,7,True,toward_benign,2015.0,2026.0
1164172,NPHP4,NM_015102.5(NPHP4):c.810+14A>C,,single nucleotide variant,intron variant,Benign/Likely benign,"criteria provided, multiple submitters, no conflicts",LB,2021-08-23,B,2025-12-23,2,2,True,toward_benign,2021.0,2025.0
500336,NPHP4,NM_015102.5(NPHP4):c.944C>T (p.Thr315Met),T315M,single nucleotide variant,5 prime UTR variant|missense variant|non-coding transcript variant,Benign/Likely benign,"criteria provided, multiple submitters, no conflicts",LB,2017-02-20,B,2026-02-02,6,6,True,toward_benign,2017.0,2026.0
698258,RPGRIP1L,NM_015272.5(RPGRIP1L):c.1120C>T (p.His374Tyr),H374Y,single nucleotide variant,missense variant,Benign/Likely benign,"criteria provided, multiple submitters, no conflicts",LB,2020-01-17,B,2026-01-28,3,3,True,toward_benign,2020.0,2026.0
695447,RPGRIP1L,NM_015272.5(RPGRIP1L):c.123A>G (p.Ala41=),,single nucleotide variant,synonymous variant,Benign/Likely benign,"criteria provided, multiple submitters, no conflicts",LB,2016-12-12,B,2026-01-28,3,3,True,toward_benign,2016.0,2026.0
1600336,RPGRIP1L,NM_015272.5(RPGRIP1L):c.1260C>T (p.Leu420=),,single nucleotide variant,synonymous variant,Benign/Likely benign,"criteria provided, multiple submitters, no conflicts",LB,2021-07-24,B,2025-09-15,3,3,True,toward_benign,2021.0,2025.0
1168197,RPGRIP1L,NM_015272.5(RPGRIP1L):c.1719C>T (p.Ala573=),,single nucleotide variant,synonymous variant,Benign/Likely benign,"criteria provided, multiple submitters, no conflicts",LB,2022-03-01,B,2026-01-26,3,3,True,toward_benign,2022.0,2026.0
194541,RPGRIP1L,NM_015272.5(RPGRIP1L):c.2030C>T (p.Thr677Ile),T677I,single nucleotide variant,missense variant,Benign/Likely benign,"criteria provided, multiple submitters, no conflicts",LB,2017-04-12,B,2026-01-31,4,4,True,toward_benign,2017.0,2026.0
530910,RPGRIP1L,NM_015272.5(RPGRIP1L):c.206G>A (p.Arg69His),R69H,single nucleotide variant,missense variant,Benign/Likely benign,"criteria provided, multiple submitters, no conflicts",LB,2021-07-20,B,2026-01-26,3,3,True,toward_benign,2021.0,2026.0
1170151,RPGRIP1L,NM_015272.5(RPGRIP1L):c.2522A>G (p.His841Arg),H841R,single nucleotide variant,missense variant,Benign/Likely benign,"criteria provided, multiple submitters, no conflicts",LB,2021-12-29,B,2026-01-14,3,3,True,toward_benign,2021.0,2026.0
2933210,RPGRIP1L,NM_015272.5(RPGRIP1L):c.3221-7dup,,Duplication,intron variant,Benign,"criteria provided, single submitter",LB,2021-11-10,B,2023-02-26,2,2,True,toward_benign,2021.0,2023.0
436677,SDCCAG8,NM_006642.5(SDCCAG8):c.1094G>C (p.Arg365Thr),"R365T, R267T, R64T, R397T",single nucleotide variant,missense variant,Benign/Likely benign,"criteria provided, multiple submitters, no conflicts",LB,2016-10-18,B,2026-01-27,4,4,True,toward_benign,2016.0,2026.0
703352,SDCCAG8,NM_006642.5(SDCCAG8):c.1761G>A (p.Leu587=),,single nucleotide variant,synonymous variant,Benign/Likely benign,"criteria provided, multiple submitters, no conflicts",LB,2021-07-23,B,2026-01-25,6,6,True,toward_benign,2021.0,2026.0
2086161,SDCCAG8,NM_006642.5(SDCCAG8):c.2113-5del,K465fs,Deletion,frameshift variant|3 prime UTR variant|intron variant,Benign,"criteria provided, single submitter",LB,2021-05-13,B,2025-05-15,2,2,True,toward_benign,2021.0,2025.0
260011,SDCCAG8,NM_006642.5(SDCCAG8):c.279G>A (p.Pro93=),,single nucleotide variant,5 prime UTR variant|synonymous variant,Benign/Likely benign,"criteria provided, multiple submitters, no conflicts",LB,2017-01-19,B,2026-02-01,10,9,True,toward_benign,2017.0,2026.0
1167182,SDCCAG8,NM_006642.5(SDCCAG8):c.929+18C>T,,single nucleotide variant,intron variant,Benign/Likely benign,"criteria provided, multiple submitters, no conflicts",LB,2021-07-30,B,2026-01-28,2,2,True,toward_benign,2021.0,2026.0
296911,SDCCAG8,NM_006642.5(SDCCAG8):c.986C>T (p.Thr329Met),"T329M, T231M, T361M, T28M",single nucleotide variant,missense variant,Benign/Likely benign,"criteria provided, multiple submitters, no conflicts",LB,2018-01-12,B,2026-01-26,6,5,True,toward_benign,2018.0,2026.0
363933,TMEM67,NM_153704.6(TMEM67):c.*852C>T,,single nucleotide variant,3 prime UTR variant,Benign/Likely benign,"criteria provided, single submitter",LB,2018-01-13,B,2018-01-13,3,1,True,toward_benign,2018.0,2018.0
262743,TMEM67,NM_153704.6(TMEM67):c.2010A>G (p.Thr670=),,single nucleotide variant,synonymous variant|non-coding transcript variant,Benign/Likely benign,"criteria provided, multiple submitters, no conflicts",LB,2020-10-07,B,2026-01-19,3,3,True,toward_benign,2020.0,2026.0
696787,TMEM67,NM_153704.6(TMEM67):c.2440-6T>C,,single nucleotide variant,intron variant,Benign/Likely benign,"criteria provided, multiple submitters, no conflicts",LB,2019-08-28,B,2026-01-28,3,3,True,toward_benign,2019.0,2026.0
680284,TMEM67,NM_153704.6(TMEM67):c.312+14A>G,,single nucleotide variant,intron variant,Benign/Likely benign,"criteria provided, multiple submitters, no conflicts",LB,2018-03-19,B,2026-01-20,3,3,True,toward_benign,2018.0,2026.0
675894,TMEM67,NM_153704.6(TMEM67):c.406+1379G>A,C42Y,single nucleotide variant,missense variant|intron variant,Likely benign,"criteria provided, multiple submitters, no conflicts",LB,2018-06-16,B,2019-11-19,5,5,True,toward_benign,2018.0,2019.0
262752,TMEM67,NM_153704.6(TMEM67):c.506+18G>T,,single nucleotide variant,intron variant,Benign/Likely benign,"criteria provided, multiple submitters, no conflicts",LB,2017-05-04,B,2026-02-01,5,5,True,toward_benign,2017.0,2026.0
682507,TMEM67,NM_153704.6(TMEM67):c.714+18A>T,,single nucleotide variant,intron variant,Benign/Likely benign,"criteria provided, multiple submitters, no conflicts",LB,2018-04-30,B,2026-01-27,2,2,True,toward_benign,2018.0,2026.0
241575,TTC21B,NM_024753.5(TTC21B):c.1571C>G (p.Ser524Cys),S524C,single nucleotide variant,missense variant,Benign/Likely benign,"criteria provided, multiple submitters, no conflicts",LB,2018-01-12,B,2026-01-21,7,6,True,toward_benign,2018.0,2026.0
261769,TTC21B,NM_024753.5(TTC21B):c.1867T>C (p.Leu623=),,single nucleotide variant,synonymous variant,Benign/Likely benign,"criteria provided, multiple submitters, no conflicts",LB,2021-04-08,B,2026-01-26,5,5,True,toward_benign,2021.0,2026.0
516545,TTC21B,NM_024753.5(TTC21B):c.262+16G>A,,single nucleotide variant,intron variant,Benign/Likely benign,"criteria provided, multiple submitters, no conflicts",LB,2018-02-06,B,2026-02-01,4,4,True,toward_benign,2018.0,2026.0
1565226,TTC21B,NM_024753.5(TTC21B):c.553-13del,,Deletion,intron variant,Benign/Likely benign,"criteria provided, multiple submitters, no conflicts",LB,2022-01-25,B,2025-12-14,2,2,True,toward_benign,2022.0,2025.0
380472,TTC21B,NM_024753.5(TTC21B):c.588T>G (p.Gly196=),,single nucleotide variant,synonymous variant,Benign/Likely benign,"criteria provided, multiple submitters, no conflicts",LB,2021-08-25,B,2025-12-01,2,2,True,toward_benign,2021.0,2025.0
1616395,TTC21B,NM_024753.5(TTC21B):c.895-9dup,,Duplication,intron variant,Benign,"criteria provided, single submitter",LB,2024-09-04,B,2025-04-17,2,2,True,toward_benign,2024.0,2025.0
1165987,WDR19,NM_025132.4(WDR19):c.1039C>T (p.Leu347=),,single nucleotide variant,synonymous variant,Benign/Likely benign,"criteria provided, multiple submitters, no conflicts",LB,2019-06-12,B,2026-01-27,4,4,True,toward_benign,2019.0,2026.0
348737,WDR19,NM_025132.4(WDR19):c.1595T>C (p.Ile532Thr),"I532T, I372T",single nucleotide variant,missense variant,Benign/Likely benign,"criteria provided, multiple submitters, no conflicts",LB,2018-01-13,B,2026-01-17,8,4,True,toward_benign,2018.0,2026.0
261861,WDR19,NM_025132.4(WDR19):c.1915A>G (p.Ser639Gly),"S639G, S479G",single nucleotide variant,missense variant,Benign/Likely benign,"criteria provided, multiple submitters, no conflicts",LB,2018-08-06,B,2026-01-24,9,6,True,toward_benign,2018.0,2026.0
348740,WDR19,NM_025132.4(WDR19):c.2142+12G>A,,single nucleotide variant,intron variant,Benign/Likely benign,"criteria provided, multiple submitters, no conflicts",LB,2018-01-12,B,2026-01-04,11,7,True,toward_benign,2018.0,2026.0
1168880,WDR19,NM_025132.4(WDR19):c.2364-4del,,Deletion,intron variant,Benign/Likely benign,"criteria provided, multiple submitters, no conflicts",LB,2021-09-25,B,2025-12-23,3,3,True,toward_benign,2021.0,2025.0
784911,WDR19,NM_025132.4(WDR19):c.3027C>T (p.Asp1009=),,single nucleotide variant,synonymous variant,Benign/Likely benign,"criteria provided, multiple submitters, no conflicts",LB,2018-01-13,B,2025-09-25,7,3,True,toward_benign,2018.0,2025.0
348746,WDR19,NM_025132.4(WDR19):c.3183+9G>A,,single nucleotide variant,intron variant,Benign/Likely benign,"criteria provided, multiple submitters, no conflicts",LB,2018-01-13,B,2026-01-20,9,5,True,toward_benign,2018.0,2026.0
1601288,WDR19,NM_025132.4(WDR19):c.3261+20C>T,,single nucleotide variant,intron variant,Benign/Likely benign,"criteria provided, multiple submitters, no conflicts",LB,2021-09-29,B,2026-01-14,2,2,True,toward_benign,2021.0,2026.0
348755,WDR19,NM_025132.4(WDR19):c.3722C>T (p.Pro1241Leu),"P1241L, P1081L",single nucleotide variant,missense variant,Benign/Likely benign,"criteria provided, multiple submitters, no conflicts",LB,2018-01-13,B,2025-12-29,10,6,True,toward_benign,2018.0,2025.0
540275,ZNF423,NM_001379286.1(ZNF423):c.1326G>A (p.Ala442=),,single nucleotide variant,synonymous variant,Benign/Likely benign,"criteria provided, multiple submitters, no conflicts",LB,2019-03-26,B,2025-12-22,7,7,True,toward_benign,2019.0,2025.0
1168545,ZNF423,NM_001379286.1(ZNF423):c.1365G>C (p.Leu455=),,single nucleotide variant,synonymous variant,Benign/Likely benign,"criteria provided, multiple submitters, no conflicts",LB,2025-07-01,B,2026-01-13,4,4,True,toward_benign,2025.0,2026.0
473056,ZNF423,NM_001379286.1(ZNF423):c.1560C>T (p.Asp520=),,single nucleotide variant,synonymous variant,Benign/Likely benign,"criteria provided, multiple submitters, no conflicts",LB,2019-07-26,B,2025-12-08,3,3,True,toward_benign,2019.0,2025.0
771067,ZNF423,NM_001379286.1(ZNF423):c.1677G>A (p.Pro559=),,single nucleotide variant,synonymous variant,Benign/Likely benign,"criteria provided, multiple submitters, no conflicts",LB,2021-11-12,B,2026-02-01,3,3,True,toward_benign,2021.0,2026.0
1166110,ZNF423,NM_001379286.1(ZNF423):c.1827C>T (p.Ala609=),,single nucleotide variant,synonymous variant,Benign,"criteria provided, single submitter",LB,2019-05-31,B,2025-12-22,2,2,True,toward_benign,2019.0,2025.0
260527,ZNF423,NM_001379286.1(ZNF423):c.2535C>T (p.Thr845=),,single nucleotide variant,synonymous variant,Benign/Likely benign,"criteria provided, multiple submitters, no conflicts",LB,2021-09-27,B,2026-02-02,6,6,True,toward_benign,2021.0,2026.0
260532,ZNF423,NM_001379286.1(ZNF423):c.3164C>T (p.Ala1055Val),"A1047V, A987V, A930V, A1055V",single nucleotide variant,missense variant,Benign/Likely benign,"criteria provided, multiple submitters, no conflicts",LB,2016-12-01,B,2026-03-01,7,7,True,toward_benign,2016.0,2026.0
283796,ZNF423,NM_001379286.1(ZNF423):c.3393C>T (p.Pro1131=),,single nucleotide variant,synonymous variant,Benign/Likely benign,"criteria provided, multiple submitters, no conflicts",LB,2015-10-08,B,2026-01-21,9,9,True,toward_benign,2015.0,2026.0
1168546,ZNF423,NM_001379286.1(ZNF423):c.453C>T (p.Cys151=),,single nucleotide variant,synonymous variant,Benign/Likely benign,"criteria provided, multiple submitters, no conflicts",LB,2025-07-01,B,2026-01-13,4,4,True,toward_benign,2025.0,2026.0
473063,ZNF423,NM_001379286.1(ZNF423):c.711C>T (p.Arg237=),,single nucleotide variant,synonymous variant,Benign/Likely benign,"criteria provided, multiple submitters, no conflicts",LB,2017-06-28,B,2026-02-01,6,6,True,toward_benign,2017.0,2026.0
853168,CEP164,NM_014956.5(CEP164):c.1934+3C>T,,single nucleotide variant,intron variant,Uncertain significance,"criteria provided, single submitter",LB,2024-08-07,VUS,2026-01-14,2,2,True,toward_pathogenic,2024.0,2026.0
1040366,CEP164,NM_014956.5(CEP164):c.3089+6G>A,,single nucleotide variant,intron variant,Uncertain significance,"criteria provided, multiple submitters, no conflicts",LB,2021-04-15,VUS,2025-03-19,3,3,True,toward_pathogenic,2021.0,2025.0
975664,CEP290,NM_025114.4(CEP290):c.1038T>G (p.Asp346Glu),D346E,single nucleotide variant,missense variant,Uncertain significance,"criteria provided, multiple submitters, no conflicts",LB,2019-01-01,VUS,2025-08-01,4,4,True,toward_pathogenic,2019.0,2025.0
2953834,CEP290,NM_025114.4(CEP290):c.1066-5T>C,,single nucleotide variant,intron variant,Likely benign,"criteria provided, single submitter",LB,2023-11-13,VUS,2025-04-09,2,2,True,toward_pathogenic,2023.0,2025.0
2114966,CEP290,NM_025114.4(CEP290):c.1365A>G (p.Val455=),,single nucleotide variant,synonymous variant,Likely benign,"criteria provided, single submitter",LB,2022-03-20,VUS,2025-02-18,2,2,True,toward_pathogenic,2022.0,2025.0
2113125,CEP290,NM_025114.4(CEP290):c.1389T>A (p.Val463=),,single nucleotide variant,synonymous variant,Likely benign,"criteria provided, single submitter",LB,2024-04-02,VUS,2025-01-30,2,2,True,toward_pathogenic,2024.0,2025.0
2933350,CEP290,NM_025114.4(CEP290):c.2097G>T (p.Leu699=),,single nucleotide variant,synonymous variant,Likely benign,"criteria provided, single submitter",LB,2023-10-04,VUS,2025-05-16,2,2,True,toward_pathogenic,2023.0,2025.0
1593374,CEP290,NM_025114.4(CEP290):c.2277T>C (p.Val759=),,single nucleotide variant,synonymous variant,Likely benign,"criteria provided, single submitter",LB,2022-04-20,VUS,2025-01-24,2,2,True,toward_pathogenic,2022.0,2025.0
975662,CEP290,NM_025114.4(CEP290):c.2320G>C (p.Ala774Pro),A774P,single nucleotide variant,missense variant,Uncertain significance,"criteria provided, multiple submitters, no conflicts",LB,2019-01-01,VUS,2023-10-05,3,3,True,toward_pathogenic,2019.0,2023.0
1079415,CEP290,NM_025114.4(CEP290):c.2367+8A>C,,single nucleotide variant,intron variant,Likely benign,"criteria provided, single submitter",LB,2023-10-06,VUS,2025-03-03,2,2,True,toward_pathogenic,2023.0,2025.0
1648720,CEP290,NM_025114.4(CEP290):c.2368-10C>T,,single nucleotide variant,intron variant,Likely benign,"criteria provided, single submitter",LB,2021-08-25,VUS,2025-02-05,2,2,True,toward_pathogenic,2021.0,2025.0
969581,CEP290,NM_025114.4(CEP290):c.2615C>T (p.Ser872Leu),S872L,single nucleotide variant,missense variant,Uncertain significance,"criteria provided, multiple submitters, no conflicts",LB,2019-01-01,VUS,2025-01-06,9,9,True,toward_pathogenic,2019.0,2025.0
2937693,CEP290,NM_025114.4(CEP290):c.3104-9T>C,,single nucleotide variant,intron variant,Likely benign,"criteria provided, single submitter",LB,2022-12-04,VUS,2025-04-10,2,2,True,toward_pathogenic,2022.0,2025.0
1613233,CEP290,NM_025114.4(CEP290):c.333G>T (p.Arg111=),,single nucleotide variant,synonymous variant,Likely benign,"criteria provided, single submitter",LB,2021-12-02,VUS,2025-01-16,2,2,True,toward_pathogenic,2021.0,2025.0
461780,CEP290,NM_025114.4(CEP290):c.3342G>A (p.Val1114=),,single nucleotide variant,synonymous variant,Likely benign,"criteria provided, single submitter",LB,2018-10-04,VUS,2024-07-24,2,2,True,toward_pathogenic,2018.0,2024.0
1103291,CEP290,NM_025114.4(CEP290):c.3669A>C (p.Ser1223=),,single nucleotide variant,synonymous variant,Likely benign,"criteria provided, single submitter",LB,2021-09-18,VUS,2025-04-13,2,2,True,toward_pathogenic,2021.0,2025.0
2927570,CEP290,NM_025114.4(CEP290):c.4035C>A (p.Ile1345=),,single nucleotide variant,synonymous variant,Likely benign,"criteria provided, single submitter",LB,2024-02-08,VUS,2025-04-28,2,2,True,toward_pathogenic,2024.0,2025.0
3356281,CEP290,NM_025114.4(CEP290):c.442-12_442-3del,,Deletion,intron variant,Uncertain significance,"criteria provided, single submitter",LB,2023-02-15,VUS,2024-01-13,2,2,True,toward_pathogenic,2023.0,2024.0
2020280,CEP290,NM_025114.4(CEP290):c.442-8T>G,,single nucleotide variant,intron variant,Likely benign,"criteria provided, single submitter",LB,2022-07-29,VUS,2025-04-13,2,2,True,toward_pathogenic,2022.0,2025.0
1555697,CEP290,NM_025114.4(CEP290):c.5040G>A (p.Val1680=),,single nucleotide variant,synonymous variant,Likely benign,"criteria provided, single submitter",LB,2021-06-30,VUS,2025-03-31,2,2,True,toward_pathogenic,2021.0,2025.0
3353729,CEP290,NM_025114.4(CEP290):c.516+6G>A,,single nucleotide variant,intron variant,Uncertain significance,"criteria provided, single submitter",LB,2022-05-02,VUS,2025-02-10,2,2,True,toward_pathogenic,2022.0,2025.0
1136274,CEP290,NM_025114.4(CEP290):c.5178A>G (p.Leu1726=),,single nucleotide variant,synonymous variant,Likely benign,"criteria provided, single submitter",LB,2020-10-09,VUS,2025-05-02,2,2,True,toward_pathogenic,2020.0,2025.0
1989767,CEP290,NM_025114.4(CEP290):c.5364+3G>A,,single nucleotide variant,intron variant,Uncertain significance,"criteria provided, multiple submitters, no conflicts",LB,2021-10-15,VUS,2024-05-20,3,3,True,toward_pathogenic,2021.0,2024.0
1974566,CEP290,NM_025114.4(CEP290):c.6138T>A (p.Ile2046=),,single nucleotide variant,synonymous variant,Likely benign,"criteria provided, single submitter",LB,2024-03-03,VUS,2025-01-09,2,2,True,toward_pathogenic,2024.0,2025.0
1964206,CEP290,NM_025114.4(CEP290):c.6258G>A (p.Leu2086=),,single nucleotide variant,synonymous variant,Likely benign,"criteria provided, single submitter",LB,2022-06-27,VUS,2025-05-12,2,2,True,toward_pathogenic,2022.0,2025.0
2198536,CEP290,NM_025114.4(CEP290):c.6358-17_6358-10del,,Deletion,intron variant,Uncertain significance,"criteria provided, single submitter",LB,2021-08-18,VUS,2022-02-10,2,2,True,toward_pathogenic,2021.0,2022.0
3353679,CEP290,NM_025114.4(CEP290):c.6645A>G (p.Lys2215=),,single nucleotide variant,synonymous variant,Uncertain significance,"criteria provided, single submitter",LB,2023-09-13,VUS,2025-09-08,2,2,True,toward_pathogenic,2023.0,2025.0
975663,CEP290,NM_025114.4(CEP290):c.6818+5G>A,,single nucleotide variant,intron variant,Uncertain significance,"criteria provided, multiple submitters, no conflicts",LB,2019-01-01,VUS,2024-06-05,4,4,True,toward_pathogenic,2019.0,2024.0
1667308,CEP290,NM_025114.4(CEP290):c.6837A>G (p.Leu2279=),,single nucleotide variant,synonymous variant,Likely benign,"criteria provided, single submitter",LB,2021-11-26,VUS,2025-05-01,2,2,True,toward_pathogenic,2021.0,2025.0
1098953,CEP290,NM_025114.4(CEP290):c.6876C>T (p.Ser2292=),,single nucleotide variant,synonymous variant,Likely benign,"criteria provided, single submitter",LB,2023-05-15,VUS,2025-02-26,2,2,True,toward_pathogenic,2023.0,2025.0
1573819,CEP290,NM_025114.4(CEP290):c.7188T>C (p.Asp2396=),,single nucleotide variant,synonymous variant,Likely benign,"criteria provided, single submitter",LB,2023-11-27,VUS,2025-05-29,2,2,True,toward_pathogenic,2023.0,2025.0
945143,CEP290,NM_025114.4(CEP290):c.7333G>A (p.Val2445Ile),V2445I,single nucleotide variant,missense variant|3 prime UTR variant,Uncertain significance,"criteria provided, single submitter",LB,2019-01-01,VUS,2025-01-06,4,4,True,toward_pathogenic,2019.0,2025.0
1464503,NPHP1,NM_001128178.3(NPHP1):c.330-4G>T,,single nucleotide variant,intron variant,Likely benign,"criteria provided, single submitter",LB,2024-01-22,VUS,2024-08-13,2,2,True,toward_pathogenic,2024.0,2024.0
998616,NPHP1,NM_001128178.3(NPHP1):c.69+4T>C,,single nucleotide variant,intron variant,Uncertain significance,"criteria provided, multiple submitters, no conflicts",LB,2021-05-04,VUS,2024-05-02,3,3,True,toward_pathogenic,2021.0,2024.0
999355,NPHP4,NM_015102.5(NPHP4):c.674-3C>T,,single nucleotide variant,intron variant,Uncertain significance,"criteria provided, single submitter",LB,2021-03-31,VUS,2023-05-08,2,2,True,toward_pathogenic,2021.0,2023.0
2940110,RPGRIP1L,NM_015272.5(RPGRIP1L):c.1077G>A (p.Lys359=),,single nucleotide variant,synonymous variant,Likely benign,"criteria provided, single submitter",LB,2022-12-23,VUS,2025-04-22,2,2,True,toward_pathogenic,2022.0,2025.0
1606429,RPGRIP1L,NM_015272.5(RPGRIP1L):c.2230C>A (p.Arg744=),,single nucleotide variant,synonymous variant,Likely benign,"criteria provided, single submitter",LB,2023-07-14,VUS,2025-03-19,2,2,True,toward_pathogenic,2023.0,2025.0
2428250,RPGRIP1L,NM_015272.5(RPGRIP1L):c.2304+6C>T,,single nucleotide variant,intron variant,Uncertain significance,"criteria provided, single submitter",LB,2020-12-04,VUS,2021-09-02,2,2,True,toward_pathogenic,2020.0,2021.0
2368126,RPGRIP1L,NM_015272.5(RPGRIP1L):c.2810G>A (p.Arg937His),R937H,single nucleotide variant,missense variant,Likely benign,"criteria provided, single submitter",LB,2022-05-04,VUS,2024-07-09,2,2,True,toward_pathogenic,2022.0,2024.0
1080178,RPGRIP1L,NM_015272.5(RPGRIP1L):c.2877A>G (p.Ala959=),,single nucleotide variant,synonymous variant,Likely benign,"criteria provided, single submitter",LB,2024-01-02,VUS,2025-05-07,2,2,True,toward_pathogenic,2024.0,2025.0
2030201,RPGRIP1L,NM_015272.5(RPGRIP1L):c.2988G>A (p.Lys996=),,single nucleotide variant,synonymous variant|intron variant,Likely benign,"criteria provided, single submitter",LB,2022-09-13,VUS,2025-05-22,2,2,True,toward_pathogenic,2022.0,2025.0
1097480,RPGRIP1L,NM_015272.5(RPGRIP1L):c.3492C>T (p.Thr1164=),,single nucleotide variant,synonymous variant,Likely benign,"criteria provided, single submitter",LB,2019-11-07,VUS,2025-05-14,2,2,True,toward_pathogenic,2019.0,2025.0
2144691,RPGRIP1L,NM_015272.5(RPGRIP1L):c.591C>A (p.Gly197=),,single nucleotide variant,synonymous variant,Likely benign,"criteria provided, single submitter",LB,2023-10-06,VUS,2025-02-13,2,2,True,toward_pathogenic,2023.0,2025.0
2937604,RPGRIP1L,NM_015272.5(RPGRIP1L):c.991T>C (p.Leu331=),,single nucleotide variant,synonymous variant,Likely benign,"criteria provided, single submitter",LB,2023-06-03,VUS,2025-04-28,2,2,True,toward_pathogenic,2023.0,2025.0
2930345,RPGRIP1L,NM_015272.5(RPGRIP1L):c.99A>G (p.Thr33=),,single nucleotide variant,synonymous variant,Likely benign,"criteria provided, single submitter",LB,2023-03-21,VUS,2025-04-18,2,2,True,toward_pathogenic,2023.0,2025.0
969829,SDCCAG8,NM_006642.5(SDCCAG8):c.66G>T (p.Arg22=),,single nucleotide variant,5 prime UTR variant|synonymous variant,Uncertain significance,"criteria provided, single submitter",LB,2020-07-17,VUS,2023-07-17,2,2,True,toward_pathogenic,2020.0,2023.0
1418678,TMEM67,NM_153704.6(TMEM67):c.978+5A>C,,single nucleotide variant,intron variant,Uncertain significance,"criteria provided, single submitter",LB,2021-12-08,VUS,2022-10-13,2,2,True,toward_pathogenic,2021.0,2022.0
1493761,TTC21B,NM_024753.5(TTC21B):c.1185G>A (p.Ala395=),,single nucleotide variant,synonymous variant,Uncertain significance,"criteria provided, single submitter",LB,2020-03-19,VUS,2022-08-31,2,2,True,toward_pathogenic,2020.0,2022.0
3596087,ANKS6,NM_173551.5(ANKS6):c.864del (p.Asp288fs),D288fs,Deletion,frameshift variant,Pathogenic/Likely pathogenic,"criteria provided, multiple submitters, no conflicts",LP,2024-06-06,P,2026-01-29,2,2,True,toward_pathogenic,2024.0,2026.0
1456625,CEP164,NM_014956.5(CEP164):c.1669dup (p.Glu557fs),"E557fs, E560fs",Duplication,frameshift variant,Pathogenic/Likely pathogenic,"criteria provided, multiple submitters, no conflicts",LP,2022-05-23,P,2025-09-16,2,2,True,toward_pathogenic,2022.0,2025.0
3599057,CEP164,NM_014956.5(CEP164):c.2110del (p.Glu704fs),"E704fs, E707fs",Deletion,frameshift variant,Pathogenic/Likely pathogenic,"criteria provided, multiple submitters, no conflicts",LP,2024-05-16,P,2025-11-01,2,2,True,toward_pathogenic,2024.0,2025.0
971548,CEP164,NM_014956.5(CEP164):c.2209C>T (p.Gln737Ter),"Q737*, Q740*",single nucleotide variant,nonsense,Pathogenic/Likely pathogenic,"criteria provided, multiple submitters, no conflicts",LP,2021-12-23,P,2024-11-11,2,2,True,toward_pathogenic,2021.0,2024.0
1362712,CEP164,NM_014956.5(CEP164):c.2509C>T (p.Arg837Ter),"R840*, R837*",single nucleotide variant,nonsense,Pathogenic/Likely pathogenic,"criteria provided, multiple submitters, no conflicts",LP,2022-03-03,P,2025-09-09,2,2,True,toward_pathogenic,2022.0,2025.0
1930533,CEP164,NM_014956.5(CEP164):c.2535_2536dup (p.Glu846fs),"E846fs, E849fs",Duplication,frameshift variant,Pathogenic/Likely pathogenic,"criteria provided, multiple submitters, no conflicts",LP,2024-01-03,P,2025-11-03,3,3,True,toward_pathogenic,2024.0,2025.0
2629648,CEP164,NM_014956.5(CEP164):c.2608G>T (p.Glu870Ter),"E870*, E873*",single nucleotide variant,nonsense,Pathogenic/Likely pathogenic,"criteria provided, multiple submitters, no conflicts",LP,2024-04-23,P,2024-09-28,3,3,True,toward_pathogenic,2024.0,2024.0
571715,CEP164,NM_014956.5(CEP164):c.2689C>T (p.Arg897Ter),"R897*, R900*",single nucleotide variant,nonsense,Pathogenic/Likely pathogenic,"criteria provided, multiple submitters, no conflicts",LP,2024-03-19,P,2025-12-23,2,2,True,toward_pathogenic,2024.0,2025.0
2900023,CEP164,NM_014956.5(CEP164):c.4006_4025del (p.Trp1336fs),"W1331fs, W1336fs",Deletion,frameshift variant,Pathogenic/Likely pathogenic,"criteria provided, multiple submitters, no conflicts",LP,2024-05-16,P,2025-07-21,2,2,True,toward_pathogenic,2024.0,2025.0
1053450,CEP164,NM_014956.5(CEP164):c.451C>T (p.Arg151Ter),R151*,single nucleotide variant,nonsense,Pathogenic/Likely pathogenic,"criteria provided, multiple submitters, no conflicts",LP,2022-05-09,P,2025-09-22,2,2,True,toward_pathogenic,2022.0,2025.0
1002558,CEP164,NM_014956.5(CEP164):c.749dup (p.Gly250_Asp251insTer),,Duplication,frameshift variant,Pathogenic/Likely pathogenic,"criteria provided, multiple submitters, no conflicts",LP,2024-04-26,P,2025-07-22,2,2,True,toward_pathogenic,2024.0,2025.0
1073200,CEP290,NM_025114.4(CEP290):c.1060C>T (p.Gln354Ter),Q354*,single nucleotide variant,nonsense,Pathogenic/Likely pathogenic,"criteria provided, multiple submitters, no conflicts",LP,2023-07-09,P,2025-04-25,4,4,True,toward_pathogenic,2023.0,2025.0
866808,CEP290,NM_025114.4(CEP290):c.1347dup (p.Asp450fs),D450fs,Duplication,frameshift variant,Pathogenic/Likely pathogenic,"criteria provided, multiple submitters, no conflicts",LP,2018-08-22,P,2025-12-28,4,4,True,toward_pathogenic,2018.0,2025.0
523768,CEP290,NM_025114.4(CEP290):c.1429C>T (p.Arg477Ter),R477*,single nucleotide variant,nonsense,Pathogenic/Likely pathogenic,"criteria provided, multiple submitters, no conflicts",LP,2018-12-04,P,2025-06-03,5,5,True,toward_pathogenic,2018.0,2025.0
635030,CEP290,NM_025114.4(CEP290):c.1606C>T (p.Gln536Ter),Q536*,single nucleotide variant,nonsense,Pathogenic/Likely pathogenic,"criteria provided, multiple submitters, no conflicts",LP,2018-06-15,P,2020-10-01,2,2,True,toward_pathogenic,2018.0,2020.0
934697,CEP290,NM_025114.4(CEP290):c.1753C>T (p.Gln585Ter),Q585*,single nucleotide variant,nonsense,Pathogenic/Likely pathogenic,"criteria provided, multiple submitters, no conflicts",LP,2024-03-12,P,2025-03-17,2,2,True,toward_pathogenic,2024.0,2025.0
2680624,CEP290,NM_025114.4(CEP290):c.1824+1G>A,,single nucleotide variant,splice donor variant,Likely pathogenic,"criteria provided, single submitter",LP,2023-03-25,P,2024-08-06,2,2,True,toward_pathogenic,2023.0,2024.0
1945139,CEP290,NM_025114.4(CEP290):c.1910-1G>A,,single nucleotide variant,splice acceptor variant,Pathogenic/Likely pathogenic,"criteria provided, multiple submitters, no conflicts",LP,2022-06-22,P,2024-11-12,3,3,True,toward_pathogenic,2022.0,2024.0
952801,CEP290,NM_025114.4(CEP290):c.1992del (p.Pro665fs),P665fs,Deletion,frameshift variant,Pathogenic/Likely pathogenic,"criteria provided, multiple submitters, no conflicts",LP,2022-07-13,P,2024-10-19,5,5,True,toward_pathogenic,2022.0,2024.0
2933822,CEP290,NM_025114.4(CEP290):c.2052+1G>A,,single nucleotide variant,splice donor variant,Pathogenic/Likely pathogenic,"criteria provided, multiple submitters, no conflicts",LP,2023-06-15,P,2025-09-22,4,4,True,toward_pathogenic,2023.0,2025.0
1406753,CEP290,NM_025114.4(CEP290):c.2140G>T (p.Glu714Ter),E714*,single nucleotide variant,nonsense,Pathogenic/Likely pathogenic,"criteria provided, multiple submitters, no conflicts",LP,2023-06-14,P,2025-08-03,3,3,True,toward_pathogenic,2023.0,2025.0
3234830,CEP290,NM_025114.4(CEP290):c.2387_2392delinsTCTTC (p.Lys796fs),K796fs,Indel,frameshift variant,Pathogenic/Likely pathogenic,"criteria provided, multiple submitters, no conflicts",LP,2024-07-02,P,2025-04-01,2,2,True,toward_pathogenic,2024.0,2025.0
1456534,CEP290,NM_025114.4(CEP290):c.2433del (p.Lys811fs),K811fs,Deletion,frameshift variant,Pathogenic/Likely pathogenic,"criteria provided, multiple submitters, no conflicts",LP,2023-02-21,P,2025-06-03,2,2,True,toward_pathogenic,2023.0,2025.0
1071060,CEP290,NM_025114.4(CEP290):c.2506_2507del (p.Glu836fs),E836fs,Deletion,frameshift variant,Pathogenic/Likely pathogenic,"criteria provided, multiple submitters, no conflicts",LP,2022-10-03,P,2025-07-17,5,5,True,toward_pathogenic,2022.0,2025.0
2680631,CEP290,NM_025114.4(CEP290):c.2510del (p.Ser837fs),S837fs,Deletion,frameshift variant,Pathogenic/Likely pathogenic,"criteria provided, multiple submitters, no conflicts",LP,2023-09-01,P,2024-02-06,3,3,True,toward_pathogenic,2023.0,2024.0
817418,CEP290,NM_025114.4(CEP290):c.2594_2595del (p.Leu865fs),L865fs,Deletion,frameshift variant,Pathogenic/Likely pathogenic,"criteria provided, multiple submitters, no conflicts",LP,2019-03-02,P,2025-06-20,5,4,True,toward_pathogenic,2019.0,2025.0
546718,CEP290,NM_025114.4(CEP290):c.2682dup (p.Ser895fs),S895fs,Duplication,frameshift variant,Pathogenic/Likely pathogenic,"criteria provided, multiple submitters, no conflicts",LP,2017-11-01,P,2020-01-09,2,2,True,toward_pathogenic,2017.0,2020.0
3346440,CEP290,NM_025114.4(CEP290):c.2737_2741del (p.Lys912_Glu913insTer),,Microsatellite,nonsense,Likely pathogenic,"criteria provided, single submitter",LP,2024-02-02,P,2024-06-12,2,2,True,toward_pathogenic,2024.0,2024.0
1711149,CEP290,NM_025114.4(CEP290):c.2954del (p.Met985fs),M985fs,Deletion,frameshift variant,Pathogenic/Likely pathogenic,"criteria provided, multiple submitters, no conflicts",LP,2022-09-01,P,2025-07-27,2,2,True,toward_pathogenic,2022.0,2025.0
829993,CEP290,NM_025114.4(CEP290):c.297+1G>A,,single nucleotide variant,splice donor variant,Pathogenic,"criteria provided, multiple submitters, no conflicts",LP,2019-07-19,P,2024-03-21,3,3,True,toward_pathogenic,2019.0,2024.0
504139,CEP290,NM_025114.4(CEP290):c.3012del (p.Glu1005fs),E1005fs,Deletion,frameshift variant,Pathogenic/Likely pathogenic,"criteria provided, multiple submitters, no conflicts",LP,2018-01-23,P,2024-09-30,5,5,True,toward_pathogenic,2018.0,2024.0
665874,CEP290,NM_025114.4(CEP290):c.3104-5T>G,,single nucleotide variant,intron variant,Pathogenic/Likely pathogenic,"criteria provided, multiple submitters, no conflicts",LP,2024-06-04,P,2024-08-12,2,2,True,toward_pathogenic,2024.0,2024.0
1324056,CEP290,NM_025114.4(CEP290):c.3167C>A (p.Ser1056Ter),S1056*,single nucleotide variant,nonsense,Pathogenic/Likely pathogenic,"criteria provided, multiple submitters, no conflicts",LP,2021-06-10,P,2023-04-14,3,3,True,toward_pathogenic,2021.0,2023.0
1069520,CEP290,NM_025114.4(CEP290):c.3488_3494dup (p.Val1166fs),V1166fs,Duplication,frameshift variant,Pathogenic/Likely pathogenic,"criteria provided, multiple submitters, no conflicts",LP,2021-10-20,P,2025-03-16,2,2,True,toward_pathogenic,2021.0,2025.0
817646,CEP290,NM_025114.4(CEP290):c.369del (p.Gln123fs),Q123fs,Deletion,frameshift variant,Pathogenic/Likely pathogenic,"criteria provided, multiple submitters, no conflicts",LP,2018-12-20,P,2024-03-17,4,4,True,toward_pathogenic,2018.0,2024.0
1098750,CEP290,NM_025114.4(CEP290):c.384_385del (p.Asp128fs),D128fs,Deletion,frameshift variant,Pathogenic/Likely pathogenic,"criteria provided, multiple submitters, no conflicts",LP,2021-04-21,P,2025-01-28,4,4,True,toward_pathogenic,2021.0,2025.0
1896180,CEP290,NM_025114.4(CEP290):c.3911_3915del (p.Met1304fs),M1304fs,Deletion,frameshift variant,Pathogenic/Likely pathogenic,"criteria provided, multiple submitters, no conflicts",LP,2024-02-22,P,2024-11-05,2,2,True,toward_pathogenic,2024.0,2024.0
2680656,CEP290,NM_025114.4(CEP290):c.3988G>T (p.Glu1330Ter),E1330*,single nucleotide variant,nonsense,Pathogenic/Likely pathogenic,"criteria provided, multiple submitters, no conflicts",LP,2022-03-30,P,2023-03-13,2,2,True,toward_pathogenic,2022.0,2023.0
4064356,CEP290,NM_025114.4(CEP290):c.3992del (p.Glu1330_Leu1331insTer),,Deletion,nonsense,Pathogenic/Likely pathogenic,"criteria provided, multiple submitters, no conflicts",LP,2025-08-11,P,2025-09-21,2,2,True,toward_pathogenic,2025.0,2025.0
813158,CEP290,NM_025114.4(CEP290):c.4029+1G>A,,single nucleotide variant,splice donor variant,Pathogenic/Likely pathogenic,"criteria provided, multiple submitters, no conflicts",LP,2019-05-01,P,2020-01-09,2,2,True,toward_pathogenic,2019.0,2020.0
2680596,CEP290,NM_025114.4(CEP290):c.4033del (p.Ile1345fs),I1345fs,Deletion,frameshift variant,Pathogenic/Likely pathogenic,"criteria provided, multiple submitters, no conflicts",LP,2023-07-30,P,2025-02-19,2,2,True,toward_pathogenic,2023.0,2025.0
1920474,CEP290,NM_025114.4(CEP290):c.4133_4134del (p.Ile1378fs),I1378fs,Deletion,frameshift variant,Pathogenic/Likely pathogenic,"criteria provided, multiple submitters, no conflicts",LP,2025-09-22,P,2025-11-03,2,2,True,toward_pathogenic,2025.0,2025.0
1403957,CEP290,NM_025114.4(CEP290):c.4651C>T (p.Gln1551Ter),Q1551*,single nucleotide variant,nonsense,Pathogenic/Likely pathogenic,"criteria provided, multiple submitters, no conflicts",LP,2024-02-06,P,2025-02-06,3,3,True,toward_pathogenic,2024.0,2025.0
635087,CEP290,NM_025114.4(CEP290):c.4792_4795del (p.Lys1598fs),K1598fs,Microsatellite,frameshift variant,Pathogenic/Likely pathogenic,"criteria provided, multiple submitters, no conflicts",LP,2018-06-15,P,2024-10-04,5,4,True,toward_pathogenic,2018.0,2024.0
1453253,CEP290,NM_025114.4(CEP290):c.4834_4835del (p.Thr1612fs),T1612fs,Deletion,frameshift variant,Pathogenic/Likely pathogenic,"criteria provided, multiple submitters, no conflicts",LP,2024-04-04,P,2025-11-18,4,4,True,toward_pathogenic,2024.0,2025.0
2680643,CEP290,NM_025114.4(CEP290):c.4879G>T (p.Glu1627Ter),E1627*,single nucleotide variant,nonsense,Pathogenic/Likely pathogenic,"criteria provided, multiple submitters, no conflicts",LP,2022-12-05,P,2023-07-30,2,2,True,toward_pathogenic,2022.0,2023.0
217632,CEP290,NM_025114.4(CEP290):c.4966_4967del (p.Glu1656fs),E1656fs,Microsatellite,frameshift variant,Pathogenic,"criteria provided, multiple submitters, no conflicts",LP,2014-04-18,P,2025-12-30,5,5,True,toward_pathogenic,2014.0,2025.0
99857,CEP290,NM_025114.4(CEP290):c.4966G>T (p.Glu1656Ter),E1656*,single nucleotide variant,nonsense,Pathogenic/Likely pathogenic,"criteria provided, multiple submitters, no conflicts",LP,2017-04-28,P,2026-01-19,13,11,True,toward_pathogenic,2017.0,2026.0
2020336,CEP290,NM_025114.4(CEP290):c.5098G>T (p.Glu1700Ter),E1700*,single nucleotide variant,nonsense,Pathogenic/Likely pathogenic,"criteria provided, multiple submitters, no conflicts",LP,2023-06-02,P,2025-07-01,4,4,True,toward_pathogenic,2023.0,2025.0
1069579,CEP290,NM_025114.4(CEP290):c.5235_5238del (p.Ser1745fs),S1745fs,Deletion,frameshift variant,Pathogenic/Likely pathogenic,"criteria provided, multiple submitters, no conflicts",LP,2023-10-16,P,2025-03-17,5,5,True,toward_pathogenic,2023.0,2025.0
2680628,CEP290,NM_025114.4(CEP290):c.5242del (p.Leu1748fs),L1748fs,Deletion,frameshift variant,Pathogenic/Likely pathogenic,"criteria provided, multiple submitters, no conflicts",LP,2023-03-11,P,2026-03-16,2,2,True,toward_pathogenic,2023.0,2026.0
866339,CEP290,NM_025114.4(CEP290):c.5254C>T (p.Arg1752Trp),R1752W,single nucleotide variant,missense variant,Pathogenic/Likely pathogenic,"criteria provided, multiple submitters, no conflicts",LP,2019-04-29,P,2025-08-28,7,7,True,toward_pathogenic,2019.0,2025.0
1074154,CEP290,NM_025114.4(CEP290):c.532C>T (p.Gln178Ter),Q178*,single nucleotide variant,nonsense,Pathogenic/Likely pathogenic,"criteria provided, multiple submitters, no conflicts",LP,2021-12-11,P,2022-04-28,2,2,True,toward_pathogenic,2021.0,2022.0
817139,CEP290,NM_025114.4(CEP290):c.5580del (p.Leu1861fs),L1861fs,Deletion,frameshift variant,Pathogenic,"criteria provided, multiple submitters, no conflicts",LP,2021-06-01,P,2022-08-09,4,4,True,toward_pathogenic,2021.0,2022.0
1677235,CEP290,NM_025114.4(CEP290):c.5582T>A (p.Leu1861Ter),L1861*,single nucleotide variant,nonsense,Pathogenic/Likely pathogenic,"criteria provided, multiple submitters, no conflicts",LP,2022-03-31,P,2022-08-09,2,2,True,toward_pathogenic,2022.0,2022.0
941423,CEP290,NM_025114.4(CEP290):c.5709+1G>A,,single nucleotide variant,splice donor variant,Pathogenic,"criteria provided, single submitter",LP,2021-02-11,P,2025-12-22,2,2,True,toward_pathogenic,2021.0,2025.0
665875,CEP290,NM_025114.4(CEP290):c.5728_5731del (p.Ile1910fs),I1910fs,Microsatellite,frameshift variant,Pathogenic/Likely pathogenic,"criteria provided, multiple submitters, no conflicts",LP,2022-06-08,P,2024-05-05,2,2,True,toward_pathogenic,2022.0,2024.0
2680648,CEP290,NM_025114.4(CEP290):c.574_577del (p.Glu192fs),E192fs,Microsatellite,frameshift variant,Pathogenic/Likely pathogenic,"criteria provided, multiple submitters, no conflicts",LP,2022-09-19,P,2023-04-18,2,2,True,toward_pathogenic,2022.0,2023.0
2947535,CEP290,NM_025114.4(CEP290):c.5750del (p.Lys1917fs),K1917fs,Deletion,frameshift variant,Pathogenic/Likely pathogenic,"criteria provided, multiple submitters, no conflicts",LP,2023-11-20,P,2025-12-13,2,2,True,toward_pathogenic,2023.0,2025.0
635021,CEP290,NM_025114.4(CEP290):c.5776C>T (p.Arg1926Ter),R1926*,single nucleotide variant,nonsense,Pathogenic/Likely pathogenic,"criteria provided, multiple submitters, no conflicts",LP,2018-06-15,P,2024-08-08,7,7,True,toward_pathogenic,2018.0,2024.0
659046,CEP290,NM_025114.4(CEP290):c.5777G>C (p.Arg1926Pro),R1926P,single nucleotide variant,missense variant,Pathogenic/Likely pathogenic,"criteria provided, multiple submitters, no conflicts",LP,2019-05-28,P,2026-01-12,8,8,True,toward_pathogenic,2019.0,2026.0
958391,CEP290,NM_025114.4(CEP290):c.635dup (p.Asn212fs),N212fs,Duplication,frameshift variant,Pathogenic/Likely pathogenic,"criteria provided, multiple submitters, no conflicts",LP,2023-06-13,P,2025-07-30,3,3,True,toward_pathogenic,2023.0,2025.0
631691,CEP290,NM_025114.4(CEP290):c.6447del (p.Glu2149fs),E2149fs,Deletion,frameshift variant,Pathogenic/Likely pathogenic,"criteria provided, multiple submitters, no conflicts",LP,2022-04-11,P,2025-02-10,3,3,True,toward_pathogenic,2022.0,2025.0
2137394,CEP290,NM_025114.4(CEP290):c.6640A>T (p.Lys2214Ter),K2214*,single nucleotide variant,nonsense,Pathogenic/Likely pathogenic,"criteria provided, multiple submitters, no conflicts",LP,2022-01-01,P,2024-12-31,4,4,True,toward_pathogenic,2022.0,2024.0
1453974,CEP290,NM_025114.4(CEP290):c.6703G>T (p.Glu2235Ter),E2235*,single nucleotide variant,nonsense,Pathogenic/Likely pathogenic,"criteria provided, multiple submitters, no conflicts",LP,2023-05-10,P,2025-11-26,3,3,True,toward_pathogenic,2023.0,2025.0
858111,CEP290,NM_025114.4(CEP290):c.6836T>A (p.Leu2279Ter),L2279*,single nucleotide variant,nonsense,Pathogenic/Likely pathogenic,"criteria provided, multiple submitters, no conflicts",LP,2018-01-30,P,2024-04-25,3,3,True,toward_pathogenic,2018.0,2024.0
636007,CEP290,NM_025114.4(CEP290):c.6871C>T (p.Gln2291Ter),Q2291*,single nucleotide variant,nonsense,Pathogenic,"criteria provided, single submitter",LP,2018-04-01,P,2022-04-29,2,2,True,toward_pathogenic,2018.0,2022.0
866450,CEP290,NM_025114.4(CEP290):c.6892C>T (p.Gln2298Ter),Q2298*,single nucleotide variant,nonsense,Pathogenic/Likely pathogenic,"criteria provided, multiple submitters, no conflicts",LP,2017-08-04,P,2023-12-27,3,3,True,toward_pathogenic,2017.0,2023.0
1459825,CEP290,NM_025114.4(CEP290):c.6917_6920del (p.Arg2306fs),R2306fs,Microsatellite,frameshift variant,Pathogenic/Likely pathogenic,"criteria provided, multiple submitters, no conflicts",LP,2023-02-12,P,2023-07-17,2,2,True,toward_pathogenic,2023.0,2023.0
1324057,CEP290,NM_025114.4(CEP290):c.6919_6920dup (p.Gln2308fs),Q2308fs,Microsatellite,frameshift variant,Pathogenic/Likely pathogenic,"criteria provided, multiple submitters, no conflicts",LP,2021-05-28,P,2021-07-25,2,2,True,toward_pathogenic,2021.0,2021.0
2680578,CEP290,NM_025114.4(CEP290):c.7024C>T (p.Gln2342Ter),Q2342*,single nucleotide variant,nonsense,Pathogenic/Likely pathogenic,"criteria provided, multiple submitters, no conflicts",LP,2023-09-29,P,2025-09-21,2,2,True,toward_pathogenic,2023.0,2025.0
2178392,CEP290,NM_025114.4(CEP290):c.7175_7176del (p.Leu2392fs),L2392fs,Deletion,frameshift variant,Pathogenic/Likely pathogenic,"criteria provided, multiple submitters, no conflicts",LP,2024-03-28,P,2025-02-11,2,2,True,toward_pathogenic,2024.0,2025.0
1339724,CEP290,NM_025114.4(CEP290):c.7198C>T (p.Gln2400Ter),Q2400*,single nucleotide variant,nonsense,Pathogenic/Likely pathogenic,"criteria provided, multiple submitters, no conflicts",LP,2022-04-06,P,2025-03-11,4,4,True,toward_pathogenic,2022.0,2025.0
418123,CEP290,NM_025114.4(CEP290):c.7220_7223del (p.Lys2407fs),K2407fs,Deletion,frameshift variant|3 prime UTR variant,Pathogenic/Likely pathogenic,"criteria provided, multiple submitters, no conflicts",LP,2018-06-13,P,2026-01-14,9,9,True,toward_pathogenic,2018.0,2026.0
956518,CEP290,NM_025114.4(CEP290):c.7283_7286dup (p.Tyr2429Ter),Y2429*,Duplication,nonsense|3 prime UTR variant,Pathogenic/Likely pathogenic,"criteria provided, multiple submitters, no conflicts",LP,2021-07-22,P,2025-09-07,6,6,True,toward_pathogenic,2021.0,2025.0
1071318,CEP290,NM_025114.4(CEP290):c.7287T>A (p.Tyr2429Ter),Y2429*,single nucleotide variant,nonsense|3 prime UTR variant,Pathogenic/Likely pathogenic,"criteria provided, multiple submitters, no conflicts",LP,2023-09-17,P,2025-06-27,3,3,True,toward_pathogenic,2023.0,2025.0
830333,CEP290,NM_025114.4(CEP290):c.7341_7344dup (p.Ser2449fs),S2449fs,Duplication,frameshift variant|3 prime UTR variant,Pathogenic/Likely pathogenic,"criteria provided, multiple submitters, no conflicts",LP,2017-09-03,P,2025-12-06,4,4,True,toward_pathogenic,2017.0,2025.0
1076473,CEP290,NM_025114.4(CEP290):c.7341del (p.Lys2447fs),K2447fs,Deletion,frameshift variant|3 prime UTR variant,Pathogenic/Likely pathogenic,"criteria provided, multiple submitters, no conflicts",LP,2021-11-15,P,2026-01-12,5,5,True,toward_pathogenic,2021.0,2026.0
804466,CEP290,NM_025114.4(CEP290):c.734_735del (p.Glu245fs),E245fs,Microsatellite,frameshift variant,Pathogenic/Likely pathogenic,"criteria provided, multiple submitters, no conflicts",LP,2019-06-20,P,2024-10-24,3,3,True,toward_pathogenic,2019.0,2024.0
813995,CEP290,NM_025114.4(CEP290):c.829G>T (p.Glu277Ter),E277*,single nucleotide variant,nonsense,Pathogenic/Likely pathogenic,"criteria provided, multiple submitters, no conflicts",LP,2018-12-03,P,2023-11-23,4,4,True,toward_pathogenic,2018.0,2023.0
690376,INVS,NM_014425.5(INVS):c.1789C>T (p.Arg597Ter),"R271*, R501*, R597*",single nucleotide variant,nonsense|non-coding transcript variant,Pathogenic/Likely pathogenic,"criteria provided, multiple submitters, no conflicts",LP,2018-12-14,P,2024-01-27,4,4,True,toward_pathogenic,2018.0,2024.0
3596174,INVS,NM_014425.5(INVS):c.2160del (p.Ser721fs),"S395fs, S625fs, S721fs",Deletion,frameshift variant|non-coding transcript variant,Pathogenic/Likely pathogenic,"criteria provided, multiple submitters, no conflicts",LP,2024-01-10,P,2024-02-11,2,2,True,toward_pathogenic,2024.0,2024.0
1458571,INVS,NM_014425.5(INVS):c.2501_2502del (p.Lys834fs),"K508fs, K834fs, K738fs",Deletion,frameshift variant|non-coding transcript variant,Pathogenic/Likely pathogenic,"criteria provided, multiple submitters, no conflicts",LP,2022-03-02,P,2023-12-14,2,2,True,toward_pathogenic,2022.0,2023.0
1067538,INVS,NM_014425.5(INVS):c.2786+1G>A,,single nucleotide variant,splice donor variant,Pathogenic/Likely pathogenic,"criteria provided, multiple submitters, no conflicts",LP,2021-09-03,P,2025-01-27,2,2,True,toward_pathogenic,2021.0,2025.0
834292,INVS,NM_014425.5(INVS):c.2972C>G (p.Ser991Ter),"S665*, S895*, S991*",single nucleotide variant,nonsense|non-coding transcript variant,Pathogenic/Likely pathogenic,"criteria provided, multiple submitters, no conflicts",LP,2024-02-12,P,2025-07-07,3,3,True,toward_pathogenic,2024.0,2025.0
1069181,INVS,NM_014425.5(INVS):c.497_512dup (p.His171fs),"H171fs, H75fs",Duplication,frameshift variant|5 prime UTR variant|non-coding transcript variant,Pathogenic/Likely pathogenic,"criteria provided, multiple submitters, no conflicts",LP,2024-06-09,P,2026-01-12,2,2,True,toward_pathogenic,2024.0,2026.0
2955923,IQCB1,NM_001023570.4(IQCB1):c.100G>T (p.Glu34Ter),E34*,single nucleotide variant,nonsense|non-coding transcript variant,Pathogenic/Likely pathogenic,"criteria provided, multiple submitters, no conflicts",LP,2023-12-07,P,2024-11-08,2,2,True,toward_pathogenic,2023.0,2024.0
285623,IQCB1,NM_001023570.4(IQCB1):c.214C>T (p.Arg72Ter),R72*,single nucleotide variant,nonsense|non-coding transcript variant,Pathogenic,"criteria provided, multiple submitters, no conflicts",LP,2015-01-01,P,2025-11-05,8,8,True,toward_pathogenic,2015.0,2025.0
1361531,IQCB1,NM_001023570.4(IQCB1):c.757del (p.Cys253fs),C253fs,Deletion,frameshift variant|non-coding transcript variant|intron variant,Pathogenic/Likely pathogenic,"criteria provided, multiple submitters, no conflicts",LP,2022-08-25,P,2024-10-02,3,3,True,toward_pathogenic,2022.0,2024.0
988123,IQCB1,NM_001023570.4(IQCB1):c.758del (p.Cys253fs),C253fs,Deletion,frameshift variant|non-coding transcript variant|intron variant,Pathogenic,"criteria provided, single submitter",LP,2018-03-02,P,2023-04-01,2,2,True,toward_pathogenic,2018.0,2023.0
2885979,NEK8,NM_178170.3(NEK8):c.1330G>T (p.Glu444Ter),E444*,single nucleotide variant,nonsense,Pathogenic/Likely pathogenic,"criteria provided, multiple submitters, no conflicts",LP,2022-11-30,P,2023-03-24,2,2,True,toward_pathogenic,2022.0,2023.0
1430306,NEK8,NM_178170.3(NEK8):c.1359_1360del (p.His454fs),H454fs,Microsatellite,frameshift variant,Pathogenic/Likely pathogenic,"criteria provided, multiple submitters, no conflicts",LP,2021-12-15,P,2021-12-25,2,2,True,toward_pathogenic,2021.0,2021.0
3581785,NEK8,NM_178170.3(NEK8):c.1495C>T (p.Arg499Ter),R499*,single nucleotide variant,nonsense,Pathogenic/Likely pathogenic,"criteria provided, multiple submitters, no conflicts",LP,2024-03-12,P,2025-07-21,2,2,True,toward_pathogenic,2024.0,2025.0
2677267,NPHP1,NM_001128178.3(NPHP1):c.1270-2A>G,,single nucleotide variant,splice acceptor variant,Pathogenic/Likely pathogenic,"criteria provided, multiple submitters, no conflicts",LP,2023-05-10,P,2023-11-08,2,2,True,toward_pathogenic,2023.0,2023.0
1075465,NPHP1,NM_001128178.3(NPHP1):c.1379dup (p.Thr461fs),"T398fs, T460fs, T461fs, T516fs, T517fs",Duplication,frameshift variant,Pathogenic/Likely pathogenic,"criteria provided, multiple submitters, no conflicts",LP,2023-06-01,P,2024-02-02,2,2,True,toward_pathogenic,2023.0,2024.0
3239950,NPHP1,NM_001128178.3(NPHP1):c.182del (p.Asn61fs),N61fs,Deletion,frameshift variant|intron variant,Pathogenic/Likely pathogenic,"criteria provided, multiple submitters, no conflicts",LP,2024-02-22,P,2024-05-06,3,3,True,toward_pathogenic,2024.0,2024.0
2677264,NPHP1,NM_001128178.3(NPHP1):c.1897_1906del (p.Thr633fs),"T570fs, T632fs, T633fs, T688fs, T689fs",Deletion,frameshift variant|3 prime UTR variant,Pathogenic/Likely pathogenic,"criteria provided, multiple submitters, no conflicts",LP,2023-07-15,P,2025-01-22,2,2,True,toward_pathogenic,2023.0,2025.0
3239952,NPHP1,NM_001128178.3(NPHP1):c.385_386del (p.Ser129fs),"S129fs, S67fs",Deletion,frameshift variant,Pathogenic/Likely pathogenic,"criteria provided, multiple submitters, no conflicts",LP,2023-12-29,P,2025-10-21,3,3,True,toward_pathogenic,2023.0,2025.0
838041,NPHP1,NM_001128178.3(NPHP1):c.643G>T (p.Glu215Ter),"E153*, E215*",single nucleotide variant,nonsense,Pathogenic/Likely pathogenic,"criteria provided, multiple submitters, no conflicts",LP,2021-08-31,P,2023-04-14,3,3,True,toward_pathogenic,2021.0,2023.0
2677279,NPHP1,NM_001128178.3(NPHP1):c.771+124C>T,Q299*,single nucleotide variant,nonsense|intron variant,Pathogenic/Likely pathogenic,"criteria provided, multiple submitters, no conflicts",LP,2022-08-16,P,2023-06-29,2,2,True,toward_pathogenic,2022.0,2023.0
2416723,NPHP3,NM_153240.5(NPHP3):c.1531C>T (p.Gln511Ter),Q511*,single nucleotide variant,non-coding transcript variant|nonsense,Pathogenic/Likely pathogenic,"criteria provided, multiple submitters, no conflicts",LP,2023-01-04,P,2025-06-12,2,2,True,toward_pathogenic,2023.0,2025.0
224989,NPHP3,NM_153240.5(NPHP3):c.1920T>G (p.Asp640Glu),D640E,single nucleotide variant,missense variant,Pathogenic/Likely pathogenic,"criteria provided, multiple submitters, no conflicts",LP,2013-12-09,P,2022-03-11,2,2,True,toward_pathogenic,2013.0,2022.0
96511,NPHP3,NM_153240.5(NPHP3):c.2369T>C (p.Leu790Pro),L790P,single nucleotide variant,non-coding transcript variant|missense variant,Pathogenic/Likely pathogenic,"criteria provided, multiple submitters, no conflicts",LP,2016-07-20,P,2024-09-20,7,7,True,toward_pathogenic,2016.0,2024.0
571559,NPHP3,NM_153240.5(NPHP3):c.2563C>T (p.Gln855Ter),Q855*,single nucleotide variant,non-coding transcript variant|nonsense,Pathogenic/Likely pathogenic,"criteria provided, multiple submitters, no conflicts",LP,2022-04-08,P,2025-06-17,5,5,True,toward_pathogenic,2022.0,2025.0
936828,NPHP3,NM_153240.5(NPHP3):c.2851C>T (p.Arg951Ter),R951*,single nucleotide variant,non-coding transcript variant|nonsense,Pathogenic/Likely pathogenic,"criteria provided, multiple submitters, no conflicts",LP,2024-01-05,P,2026-02-02,5,5,True,toward_pathogenic,2024.0,2026.0
571434,NPHP3,NM_153240.5(NPHP3):c.2956dup (p.Gln986fs),Q986fs,Duplication,non-coding transcript variant|frameshift variant,Pathogenic/Likely pathogenic,"criteria provided, multiple submitters, no conflicts",LP,2024-04-03,P,2024-10-16,2,2,True,toward_pathogenic,2024.0,2024.0
800889,NPHP3,NM_153240.5(NPHP3):c.3406C>T (p.Gln1136Ter),Q1136*,single nucleotide variant,non-coding transcript variant|nonsense,Pathogenic,"criteria provided, multiple submitters, no conflicts",LP,2019-09-26,P,2024-01-01,3,3,True,toward_pathogenic,2019.0,2024.0
1454640,NPHP3,NM_153240.5(NPHP3):c.3775C>T (p.Arg1259Ter),R1259*,single nucleotide variant,non-coding transcript variant|nonsense,Pathogenic/Likely pathogenic,"criteria provided, multiple submitters, no conflicts",LP,2022-02-17,P,2025-09-10,4,4,True,toward_pathogenic,2022.0,2025.0
988264,NPHP4,NM_015102.5(NPHP4):c.1075C>T (p.Gln359Ter),Q359*,single nucleotide variant,5 prime UTR variant|nonsense|non-coding transcript variant,Pathogenic,"criteria provided, single submitter",LP,2018-02-21,P,2023-10-03,2,2,True,toward_pathogenic,2018.0,2023.0
956880,NPHP4,NM_015102.5(NPHP4):c.1585_1586del (p.Gly529fs),G529fs,Deletion,frameshift variant|non-coding transcript variant|intron variant,Pathogenic/Likely pathogenic,"criteria provided, multiple submitters, no conflicts",LP,2024-04-16,P,2025-03-31,2,2,True,toward_pathogenic,2024.0,2025.0
3586786,NPHP4,NM_015102.5(NPHP4):c.1843C>T (p.Gln615Ter),"Q103*, Q102*, Q615*",single nucleotide variant,nonsense|non-coding transcript variant,Pathogenic/Likely pathogenic,"criteria provided, multiple submitters, no conflicts",LP,2024-01-23,P,2024-12-10,2,2,True,toward_pathogenic,2024.0,2024.0
562366,NPHP4,NM_015102.5(NPHP4):c.1889_1892del (p.Pro630fs),"P117fs, P630fs, P118fs",Deletion,frameshift variant|non-coding transcript variant,Pathogenic/Likely pathogenic,"criteria provided, multiple submitters, no conflicts",LP,2018-09-16,P,2025-09-02,4,4,True,toward_pathogenic,2018.0,2025.0
1068634,NPHP4,NM_015102.5(NPHP4):c.3083del (p.Gly1028fs),"G1028fs, G515fs, G516fs",Deletion,frameshift variant|non-coding transcript variant,Pathogenic/Likely pathogenic,"criteria provided, multiple submitters, no conflicts",LP,2021-11-12,P,2023-07-10,2,2,True,toward_pathogenic,2021.0,2023.0
2156394,NPHP4,NM_015102.5(NPHP4):c.3418G>T (p.Glu1140Ter),"E1140*, E628*, E627*",single nucleotide variant,nonsense|non-coding transcript variant,Pathogenic/Likely pathogenic,"criteria provided, multiple submitters, no conflicts",LP,2024-05-13,P,2025-10-01,2,2,True,toward_pathogenic,2024.0,2025.0
1071757,RPGRIP1L,NM_015272.5(RPGRIP1L):c.1372G>T (p.Glu458Ter),E458*,single nucleotide variant,nonsense,Pathogenic/Likely pathogenic,"criteria provided, multiple submitters, no conflicts",LP,2020-07-02,P,2026-01-27,5,5,True,toward_pathogenic,2020.0,2026.0
265300,RPGRIP1L,NM_015272.5(RPGRIP1L):c.1421del (p.Asn474fs),N474fs,Deletion,frameshift variant,Pathogenic/Likely pathogenic,"criteria provided, multiple submitters, no conflicts",LP,2021-11-29,P,2025-05-28,5,5,True,toward_pathogenic,2021.0,2025.0
640372,RPGRIP1L,NM_015272.5(RPGRIP1L):c.196C>T (p.Gln66Ter),Q66*,single nucleotide variant,nonsense,Pathogenic/Likely pathogenic,"criteria provided, multiple submitters, no conflicts",LP,2022-07-13,P,2025-12-14,6,6,True,toward_pathogenic,2022.0,2025.0
1323534,RPGRIP1L,NM_015272.5(RPGRIP1L):c.2027del (p.Asn676fs),N676fs,Deletion,frameshift variant,Pathogenic/Likely pathogenic,"criteria provided, multiple submitters, no conflicts",LP,2023-04-06,P,2024-02-22,2,2,True,toward_pathogenic,2023.0,2024.0
1499312,RPGRIP1L,NM_015272.5(RPGRIP1L):c.2304+1G>T,,single nucleotide variant,splice donor variant,Pathogenic/Likely pathogenic,"criteria provided, multiple submitters, no conflicts",LP,2021-10-14,P,2025-07-02,2,2,True,toward_pathogenic,2021.0,2025.0
1069014,RPGRIP1L,NM_015272.5(RPGRIP1L):c.2432del (p.Pro811fs),P811fs,Deletion,frameshift variant,Pathogenic/Likely pathogenic,"criteria provided, multiple submitters, no conflicts",LP,2024-04-09,P,2026-01-18,4,4,True,toward_pathogenic,2024.0,2026.0
620438,RPGRIP1L,NM_015272.5(RPGRIP1L):c.2451C>G (p.Tyr817Ter),Y817*,single nucleotide variant,nonsense,Pathogenic/Likely pathogenic,"criteria provided, multiple submitters, no conflicts",LP,2022-04-25,P,2025-09-15,3,3,True,toward_pathogenic,2022.0,2025.0
1446214,RPGRIP1L,NM_015272.5(RPGRIP1L):c.2493del (p.Ser832fs),S832fs,Deletion,frameshift variant,Pathogenic/Likely pathogenic,"criteria provided, multiple submitters, no conflicts",LP,2024-01-03,P,2025-06-17,2,2,True,toward_pathogenic,2024.0,2025.0
931964,RPGRIP1L,NM_015272.5(RPGRIP1L):c.2560C>T (p.Arg854Ter),R854*,single nucleotide variant,nonsense,Pathogenic/Likely pathogenic,"criteria provided, multiple submitters, no conflicts",LP,2016-01-01,P,2025-07-30,2,2,True,toward_pathogenic,2016.0,2025.0
4783260,RPGRIP1L,NM_015272.5(RPGRIP1L):c.2975del (p.Pro992fs),P992fs,Deletion,frameshift variant|intron variant,Pathogenic/Likely pathogenic,"criteria provided, multiple submitters, no conflicts",LP,2024-10-08,P,2025-08-24,2,2,True,toward_pathogenic,2024.0,2025.0
949732,RPGRIP1L,NM_015272.5(RPGRIP1L):c.310C>T (p.Arg104Ter),R104*,single nucleotide variant,nonsense,Pathogenic/Likely pathogenic,"criteria provided, multiple submitters, no conflicts",LP,2025-05-15,P,2025-06-12,2,2,True,toward_pathogenic,2025.0,2025.0
208609,RPGRIP1L,NM_015272.5(RPGRIP1L):c.3299_3300dup (p.Ala1101fs),"A1067fs, A1101fs",Microsatellite,frameshift variant|intron variant,Pathogenic/Likely pathogenic,"criteria provided, multiple submitters, no conflicts",LP,2015-01-30,P,2026-01-26,5,5,True,toward_pathogenic,2015.0,2026.0
2922490,RPGRIP1L,NM_015272.5(RPGRIP1L):c.3380del (p.Pro1127fs),"P1093fs, P1127fs",Deletion,frameshift variant|intron variant,Pathogenic/Likely pathogenic,"criteria provided, multiple submitters, no conflicts",LP,2024-11-19,P,2025-06-12,2,2,True,toward_pathogenic,2024.0,2025.0
1069456,RPGRIP1L,NM_015272.5(RPGRIP1L):c.3607del (p.Tyr1203fs),"Y1123fs, Y1157fs, Y1169fs, Y1203fs",Deletion,frameshift variant,Pathogenic/Likely pathogenic,"criteria provided, multiple submitters, no conflicts",LP,2023-12-29,P,2024-10-26,2,2,True,toward_pathogenic,2023.0,2024.0
1896983,RPGRIP1L,NM_015272.5(RPGRIP1L):c.3682C>T (p.Gln1228Ter),"Q1148*, Q1182*, Q1228*, Q1194*",single nucleotide variant,nonsense,Pathogenic/Likely pathogenic,"criteria provided, multiple submitters, no conflicts",LP,2024-05-30,P,2025-10-22,3,3,True,toward_pathogenic,2024.0,2025.0
1185042,RPGRIP1L,NM_015272.5(RPGRIP1L):c.427C>T (p.Gln143Ter),Q143*,single nucleotide variant,nonsense,Pathogenic,"criteria provided, single submitter",LP,2021-07-30,P,2025-06-12,2,2,True,toward_pathogenic,2021.0,2025.0
1065930,RPGRIP1L,NM_015272.5(RPGRIP1L):c.530-1G>C,,single nucleotide variant,splice acceptor variant,Pathogenic/Likely pathogenic,"criteria provided, multiple submitters, no conflicts",LP,2020-09-15,P,2023-07-17,2,2,True,toward_pathogenic,2020.0,2023.0
1451391,RPGRIP1L,NM_015272.5(RPGRIP1L):c.599T>G (p.Leu200Ter),L200*,single nucleotide variant,nonsense,Pathogenic/Likely pathogenic,"criteria provided, multiple submitters, no conflicts",LP,2022-01-27,P,2023-10-11,2,2,True,toward_pathogenic,2022.0,2023.0
1983613,RPGRIP1L,NM_015272.5(RPGRIP1L):c.632T>A (p.Leu211Ter),L211*,single nucleotide variant,nonsense,Pathogenic,"criteria provided, single submitter",LP,2022-05-23,P,2023-03-07,2,2,True,toward_pathogenic,2022.0,2023.0
530905,RPGRIP1L,NM_015272.5(RPGRIP1L):c.972del (p.Cys325fs),C325fs,Deletion,frameshift variant,Pathogenic/Likely pathogenic,"criteria provided, multiple submitters, no conflicts",LP,2021-09-30,P,2025-08-18,5,5,True,toward_pathogenic,2021.0,2025.0
635017,SDCCAG8,NM_006642.5(SDCCAG8):c.1120C>T (p.Arg374Ter),"R374*, R276*, R73*, R406*",single nucleotide variant,nonsense,Pathogenic/Likely pathogenic,"criteria provided, multiple submitters, no conflicts",LP,2018-06-15,P,2024-06-10,4,4,True,toward_pathogenic,2018.0,2024.0
3582752,SDCCAG8,NM_006642.5(SDCCAG8):c.1556_1557del (p.Glu519fs),"E421fs, E519fs, E551fs, E218fs",Microsatellite,frameshift variant,Pathogenic/Likely pathogenic,"criteria provided, multiple submitters, no conflicts",LP,2024-05-16,P,2025-09-13,2,2,True,toward_pathogenic,2024.0,2025.0
489261,SDCCAG8,NM_006642.5(SDCCAG8):c.1717C>T (p.Gln573Ter),"Q573*, Q272*, Q475*, Q605*",single nucleotide variant,nonsense,Pathogenic/Likely pathogenic,"criteria provided, multiple submitters, no conflicts",LP,2017-12-21,P,2025-03-31,4,4,True,toward_pathogenic,2017.0,2025.0
3582458,SDCCAG8,NM_006642.5(SDCCAG8):c.506_507del (p.Gln169fs),"Q169fs, Q71fs",Deletion,5 prime UTR variant|frameshift variant,Pathogenic/Likely pathogenic,"criteria provided, multiple submitters, no conflicts",LP,2024-06-21,P,2025-09-22,2,2,True,toward_pathogenic,2024.0,2025.0
3350620,SDCCAG8,NM_006642.5(SDCCAG8):c.511G>T (p.Glu171Ter),"E171*, E73*",single nucleotide variant,5 prime UTR variant|nonsense,Pathogenic/Likely pathogenic,"criteria provided, multiple submitters, no conflicts",LP,2024-03-27,P,2024-11-15,3,3,True,toward_pathogenic,2024.0,2024.0
1909369,SDCCAG8,NM_006642.5(SDCCAG8):c.523G>T (p.Glu175Ter),"E175*, E77*",single nucleotide variant,5 prime UTR variant|nonsense,Pathogenic/Likely pathogenic,"criteria provided, multiple submitters, no conflicts",LP,2024-05-21,P,2024-12-04,2,2,True,toward_pathogenic,2024.0,2024.0
3582650,SDCCAG8,NM_006642.5(SDCCAG8):c.985dup (p.Thr329fs),"T28fs, T329fs, T231fs, T361fs",Duplication,frameshift variant,Pathogenic/Likely pathogenic,"criteria provided, multiple submitters, no conflicts",LP,2024-01-18,P,2026-01-24,3,3,True,toward_pathogenic,2024.0,2026.0
642294,TMEM67,NM_153704.6(TMEM67):c.1318C>T (p.Arg440Trp),"R359W, R440W",single nucleotide variant,missense variant|non-coding transcript variant,Pathogenic/Likely pathogenic,"criteria provided, multiple submitters, no conflicts",LP,2024-05-06,P,2026-01-13,2,2,True,toward_pathogenic,2024.0,2026.0
56764,TMEM67,NM_153704.6(TMEM67):c.1319G>A (p.Arg440Gln),"R359Q, R440Q",single nucleotide variant,missense variant|non-coding transcript variant,Pathogenic/Likely pathogenic,"criteria provided, multiple submitters, no conflicts",LP,2018-04-02,P,2025-12-19,11,11,True,toward_pathogenic,2018.0,2025.0
225493,TMEM67,NM_153704.6(TMEM67):c.1353del (p.Glu452fs),"E371fs, E452fs",Deletion,frameshift variant|non-coding transcript variant,Pathogenic/Likely pathogenic,"criteria provided, multiple submitters, no conflicts",LP,2016-03-18,P,2025-12-31,5,5,True,toward_pathogenic,2016.0,2025.0
1374,TMEM67,NM_153704.6(TMEM67):c.1634G>A (p.Gly545Glu),"G545E, G464E",single nucleotide variant,missense variant|non-coding transcript variant,Pathogenic/Likely pathogenic,"criteria provided, multiple submitters, no conflicts",LP,2024-10-01,P,2026-01-13,2,2,True,toward_pathogenic,2024.0,2026.0
3355955,TMEM67,NM_153704.6(TMEM67):c.1660_1661del (p.Met554fs),"M473fs, M554fs",Deletion,frameshift variant|non-coding transcript variant,Pathogenic,"criteria provided, single submitter",LP,2024-07-24,P,2025-02-03,2,2,True,toward_pathogenic,2024.0,2025.0
1454712,TMEM67,NM_153704.6(TMEM67):c.1845T>A (p.Cys615Ter),"C615*, C534*",single nucleotide variant,nonsense|non-coding transcript variant,Pathogenic/Likely pathogenic,"criteria provided, multiple submitters, no conflicts",LP,2022-11-28,P,2024-12-02,2,2,True,toward_pathogenic,2022.0,2024.0
1723428,TMEM67,NM_153704.6(TMEM67):c.1964_1965dup (p.Gly656fs),"G575fs, G656fs",Duplication,frameshift variant|non-coding transcript variant,Pathogenic/Likely pathogenic,"criteria provided, multiple submitters, no conflicts",LP,2022-10-03,P,2025-10-09,2,2,True,toward_pathogenic,2022.0,2025.0
2926483,TMEM67,NM_153704.6(TMEM67):c.1968_1969del (p.Gly657fs),"G576fs, G657fs",Deletion,frameshift variant|non-coding transcript variant,Pathogenic/Likely pathogenic,"criteria provided, multiple submitters, no conflicts",LP,2022-05-27,P,2023-11-10,2,2,True,toward_pathogenic,2022.0,2023.0
1072098,TMEM67,NM_153704.6(TMEM67):c.1975C>T (p.Arg659Ter),"R578*, R659*",single nucleotide variant,nonsense|non-coding transcript variant,Pathogenic/Likely pathogenic,"criteria provided, multiple submitters, no conflicts",LP,2021-11-30,P,2025-12-08,4,4,True,toward_pathogenic,2021.0,2025.0
1328424,TMEM67,NM_153704.6(TMEM67):c.1981_1982delinsT (p.Ala661fs),"A580fs, A661fs",Indel,frameshift variant|non-coding transcript variant,Pathogenic/Likely pathogenic,"criteria provided, multiple submitters, no conflicts",LP,2021-12-15,P,2023-02-03,2,2,True,toward_pathogenic,2021.0,2023.0
1691207,TMEM67,NM_153704.6(TMEM67):c.224-2A>T,,single nucleotide variant,intron variant|splice acceptor variant,Pathogenic/Likely pathogenic,"criteria provided, multiple submitters, no conflicts",LP,2023-05-31,P,2025-02-13,2,2,True,toward_pathogenic,2023.0,2025.0
2178475,TMEM67,NM_153704.6(TMEM67):c.2521C>T (p.Gln841Ter),"Q841*, Q760*",single nucleotide variant,nonsense|non-coding transcript variant,Pathogenic/Likely pathogenic,"criteria provided, multiple submitters, no conflicts",LP,2024-06-19,P,2026-01-14,2,2,True,toward_pathogenic,2024.0,2026.0
56775,TMEM67,NM_153704.6(TMEM67):c.2528A>G (p.Tyr843Cys),"Y762C, Y843C",single nucleotide variant,missense variant|non-coding transcript variant,Pathogenic,"criteria provided, single submitter",LP,2024-01-09,P,2025-11-18,3,3,True,toward_pathogenic,2024.0,2025.0
3595953,TMEM67,NM_153704.6(TMEM67):c.312+1G>A,,single nucleotide variant,intron variant|splice donor variant,Pathogenic/Likely pathogenic,"criteria provided, multiple submitters, no conflicts",LP,2024-05-23,P,2025-06-27,2,2,True,toward_pathogenic,2024.0,2025.0
1691287,TMEM67,NM_153704.6(TMEM67):c.479_480del (p.Phe160fs),"F160fs, F79fs",Deletion,frameshift variant|non-coding transcript variant,Pathogenic/Likely pathogenic,"criteria provided, multiple submitters, no conflicts",LP,2021-12-24,P,2022-03-21,2,2,True,toward_pathogenic,2021.0,2022.0
219997,TMEM67,NM_153704.6(TMEM67):c.517T>C (p.Cys173Arg),"C92R, C173R",single nucleotide variant,missense variant|non-coding transcript variant,Pathogenic/Likely pathogenic,"criteria provided, multiple submitters, no conflicts",LP,2020-02-01,P,2023-06-06,2,2,True,toward_pathogenic,2020.0,2023.0
126306,TMEM67,NM_153704.6(TMEM67):c.748G>A (p.Gly250Arg),"G169R, G250R",single nucleotide variant,missense variant|non-coding transcript variant,Pathogenic/Likely pathogenic,"criteria provided, multiple submitters, no conflicts",LP,2013-09-13,P,2025-11-10,3,3,True,toward_pathogenic,2013.0,2025.0
1344652,TTC21B,NM_024753.5(TTC21B):c.1038G>A (p.Trp346Ter),W346*,single nucleotide variant,nonsense,Pathogenic,"criteria provided, single submitter",LP,2019-01-17,P,2022-01-18,2,2,True,toward_pathogenic,2019.0,2022.0
449860,TTC21B,NM_024753.5(TTC21B):c.1088-1G>C,,single nucleotide variant,splice acceptor variant,Pathogenic/Likely pathogenic,"criteria provided, multiple submitters, no conflicts",LP,2017-02-27,P,2024-01-06,3,3,True,toward_pathogenic,2017.0,2024.0
1363746,TTC21B,NM_024753.5(TTC21B):c.1377T>A (p.Cys459Ter),C459*,single nucleotide variant,nonsense,Pathogenic/Likely pathogenic,"criteria provided, multiple submitters, no conflicts",LP,2024-02-23,P,2025-01-07,2,2,True,toward_pathogenic,2024.0,2025.0
2927399,TTC21B,NM_024753.5(TTC21B):c.1479_1482del (p.Thr494fs),T494fs,Deletion,frameshift variant,Pathogenic/Likely pathogenic,"criteria provided, multiple submitters, no conflicts",LP,2021-07-30,P,2023-11-14,2,2,True,toward_pathogenic,2021.0,2023.0
1070283,TTC21B,NM_024753.5(TTC21B):c.1546C>T (p.Gln516Ter),Q516*,single nucleotide variant,nonsense,Pathogenic/Likely pathogenic,"criteria provided, multiple submitters, no conflicts",LP,2023-12-26,P,2025-03-18,2,2,True,toward_pathogenic,2023.0,2025.0
546034,TTC21B,NM_024753.5(TTC21B):c.1715C>A (p.Ser572Ter),S572*,single nucleotide variant,nonsense,Pathogenic/Likely pathogenic,"criteria provided, multiple submitters, no conflicts",LP,2018-05-17,P,2026-01-13,2,2,True,toward_pathogenic,2018.0,2026.0
2423415,TTC21B,NM_024753.5(TTC21B):c.1725_1726del (p.Lys575fs),K575fs,Deletion,frameshift variant,Pathogenic,"criteria provided, single submitter",LP,2024-09-01,P,2025-10-06,2,2,True,toward_pathogenic,2024.0,2025.0
996789,TTC21B,NM_024753.5(TTC21B):c.2209G>T (p.Glu737Ter),E737*,single nucleotide variant,nonsense,Pathogenic/Likely pathogenic,"criteria provided, multiple submitters, no conflicts",LP,2021-02-01,P,2022-06-22,2,2,True,toward_pathogenic,2021.0,2022.0
1453748,TTC21B,NM_024753.5(TTC21B):c.2482dup (p.Met828fs),M828fs,Duplication,frameshift variant,Pathogenic/Likely pathogenic,"criteria provided, multiple submitters, no conflicts",LP,2022-01-08,P,2022-05-15,2,2,True,toward_pathogenic,2022.0,2022.0
1983220,TTC21B,NM_024753.5(TTC21B):c.3130C>T (p.Arg1044Ter),R1044*,single nucleotide variant,nonsense,Pathogenic/Likely pathogenic,"criteria provided, multiple submitters, no conflicts",LP,2024-02-26,P,2024-04-16,2,2,True,toward_pathogenic,2024.0,2024.0
1071987,WDR19,NM_025132.4(WDR19):c.1122_1123insT (p.Pro375fs),"P215fs, P375fs",Insertion,frameshift variant,Pathogenic/Likely pathogenic,"criteria provided, multiple submitters, no conflicts",LP,2024-05-07,P,2026-01-18,4,4,True,toward_pathogenic,2024.0,2026.0
817180,WDR19,NM_025132.4(WDR19):c.142dup (p.Arg48fs),R48fs,Duplication,5 prime UTR variant|frameshift variant,Pathogenic/Likely pathogenic,"criteria provided, multiple submitters, no conflicts",LP,2018-08-30,P,2022-12-30,2,2,True,toward_pathogenic,2018.0,2022.0
266105,WDR19,NM_025132.4(WDR19):c.1434C>G (p.Ile478Met),"I478M, I318M",single nucleotide variant,missense variant,Pathogenic/Likely pathogenic,no assertion criteria provided,LP,2019-09-26,P,2021-04-29,3,2,True,toward_pathogenic,2019.0,2021.0
562401,WDR19,NM_025132.4(WDR19):c.14T>C (p.Phe5Ser),F5S,single nucleotide variant,5 prime UTR variant|missense variant,Pathogenic/Likely pathogenic,"criteria provided, multiple submitters, no conflicts",LP,2018-09-16,P,2025-09-02,5,5,True,toward_pathogenic,2018.0,2025.0
2925026,WDR19,NM_025132.4(WDR19):c.2138_2139del (p.Ile713fs),"I713fs, I553fs",Deletion,frameshift variant,Pathogenic/Likely pathogenic,"criteria provided, multiple submitters, no conflicts",LP,2024-04-29,P,2025-08-18,2,2,True,toward_pathogenic,2024.0,2025.0
1179139,WDR19,NM_025132.4(WDR19):c.2601_2602dup (p.Tyr868fs),"Y708fs, Y868fs",Microsatellite,frameshift variant,Pathogenic/Likely pathogenic,"criteria provided, multiple submitters, no conflicts",LP,2021-06-30,P,2025-09-02,2,2,True,toward_pathogenic,2021.0,2025.0
3590548,WDR19,NM_025132.4(WDR19):c.2716del (p.Glu906fs),"E906fs, E746fs",Deletion,frameshift variant,Pathogenic/Likely pathogenic,"criteria provided, multiple submitters, no conflicts",LP,2024-01-01,P,2025-10-18,3,3,True,toward_pathogenic,2024.0,2025.0
961687,WDR19,NM_025132.4(WDR19):c.275T>G (p.Leu92Ter),L92*,single nucleotide variant,5 prime UTR variant|nonsense,Pathogenic/Likely pathogenic,"criteria provided, multiple submitters, no conflicts",LP,2024-06-11,P,2025-11-16,3,3,True,toward_pathogenic,2024.0,2025.0
1382656,WDR19,NM_025132.4(WDR19):c.3319C>T (p.Gln1107Ter),"Q947*, Q1107*",single nucleotide variant,nonsense,Pathogenic/Likely pathogenic,"criteria provided, multiple submitters, no conflicts",LP,2022-01-10,P,2025-10-22,2,2,True,toward_pathogenic,2022.0,2025.0
632439,WDR19,NM_025132.4(WDR19):c.641T>A (p.Leu214Ter),"L214*, L54*",single nucleotide variant,nonsense,Pathogenic/Likely pathogenic,"criteria provided, multiple submitters, no conflicts",LP,2019-02-04,P,2026-04-15,10,10,True,toward_pathogenic,2019.0,2026.0
562444,NPHP3,NM_153240.5(NPHP3):c.703G>A (p.Gly235Arg),G235R,single nucleotide variant,non-coding transcript variant|missense variant,Uncertain significance,"criteria provided, multiple submitters, no conflicts",LP,2018-09-16,VUS,2025-11-20,5,5,True,toward_benign,2018.0,2025.0
562354,NPHP4,NM_015102.5(NPHP4):c.2579G>A (p.Gly860Glu),"G860E, G348E, G347E",single nucleotide variant,missense variant|non-coding transcript variant,Uncertain significance,"criteria provided, multiple submitters, no conflicts",LP,2018-09-16,VUS,2024-05-07,4,4,True,toward_benign,2018.0,2024.0
800830,SDCCAG8,NM_006642.5(SDCCAG8):c.1853+1G>A,,single nucleotide variant,splice donor variant,Uncertain significance,"criteria provided, single submitter",LP,2019-08-25,VUS,2024-03-17,2,2,True,toward_benign,2019.0,2024.0
432560,TTC21B,NM_024753.5(TTC21B):c.1495G>A (p.Ala499Thr),A499T,single nucleotide variant,missense variant,Uncertain significance,"criteria provided, multiple submitters, no conflicts",LP,2017-06-01,VUS,2022-02-16,4,4,True,toward_benign,2017.0,2022.0
446647,TTC21B,NM_024753.5(TTC21B):c.703G>C (p.Ala235Pro),A235P,single nucleotide variant,missense variant,Uncertain significance,"criteria provided, multiple submitters, no conflicts",LP,2017-06-01,VUS,2025-04-22,6,6,True,toward_benign,2017.0,2025.0
1344651,TTC21B,NM_024753.5(TTC21B):c.986A>T (p.Glu329Val),E329V,single nucleotide variant,missense variant,Uncertain significance,"criteria provided, multiple submitters, no conflicts",LP,2019-01-17,VUS,2022-01-18,3,3,True,toward_benign,2019.0,2022.0
800952,ZNF423,NM_001379286.1(ZNF423):c.3274G>A (p.Val1092Ile),"V1024I, V967I, V1084I, V1092I",single nucleotide variant,missense variant,Uncertain significance,"criteria provided, single submitter",LP,2019-09-26,VUS,2022-07-26,2,2,True,toward_benign,2019.0,2022.0
95675,NPHP4,NM_015102.5(NPHP4):c.2542C>T (p.Arg848Trp),"R848W, R335W, R336W",single nucleotide variant,missense variant|non-coding transcript variant,Benign/Likely benign,"criteria provided, multiple submitters, no conflicts",P,2002-11-01,B,2026-02-02,13,13,True,toward_benign,2002.0,2026.0
1078,RPGRIP1L,NM_015272.5(RPGRIP1L):c.685G>A (p.Ala229Thr),A229T,single nucleotide variant,missense variant,Benign,"criteria provided, multiple submitters, no conflicts",P,2012-03-29,B,2026-02-04,22,18,True,toward_benign,2012.0,2026.0
579608,ANKS6,NM_173551.5(ANKS6):c.1381C>T (p.Arg461Ter),R461*,single nucleotide variant,nonsense,Pathogenic/Likely pathogenic,"criteria provided, multiple submitters, no conflicts",P,2017-09-07,LP,2024-05-16,2,2,True,toward_benign,2017.0,2024.0
1710088,ANKS6,NM_173551.5(ANKS6):c.2394+1G>A,,single nucleotide variant,splice donor variant,Likely pathogenic,"criteria provided, single submitter",P,2022-10-08,LP,2023-12-01,2,2,True,toward_benign,2022.0,2023.0
2061214,CEP164,NM_014956.5(CEP164):c.1179_1180delinsCT (p.Lys393_Glu394delinsAsnTer),,Indel,nonsense,Pathogenic/Likely pathogenic,"criteria provided, multiple submitters, no conflicts",P,2023-06-13,LP,2024-03-13,2,2,True,toward_benign,2023.0,2024.0
2160660,CEP164,NM_014956.5(CEP164):c.1298del (p.Leu433fs),L433fs,Deletion,frameshift variant,Pathogenic/Likely pathogenic,"criteria provided, multiple submitters, no conflicts",P,2022-09-19,LP,2024-04-20,2,2,True,toward_benign,2022.0,2024.0
1405576,CEP164,NM_014956.5(CEP164):c.2688_2691del (p.Arg897fs),"R900fs, R897fs",Deletion,frameshift variant,Pathogenic/Likely pathogenic,"criteria provided, multiple submitters, no conflicts",P,2021-12-13,LP,2025-05-31,2,2,True,toward_benign,2021.0,2025.0
1902136,CEP164,NM_014956.5(CEP164):c.3039_3040dup (p.Gln1014fs),"Q1014fs, Q1017fs",Duplication,frameshift variant,Pathogenic/Likely pathogenic,"criteria provided, multiple submitters, no conflicts",P,2022-12-09,LP,2026-01-10,2,2,True,toward_benign,2022.0,2026.0
1935573,CEP164,NM_014956.5(CEP164):c.4001G>A (p.Trp1334Ter),"W1334*, W1329*",single nucleotide variant,nonsense,Pathogenic/Likely pathogenic,"criteria provided, multiple submitters, no conflicts",P,2023-11-13,LP,2024-02-22,2,2,True,toward_benign,2023.0,2024.0
450433,CEP290,NM_025114.4(CEP290):c.1190-2A>G,,single nucleotide variant,splice acceptor variant,Pathogenic/Likely pathogenic,"criteria provided, multiple submitters, no conflicts",P,2019-08-10,LP,2025-12-30,4,4,True,toward_benign,2019.0,2025.0
1363453,CEP290,NM_025114.4(CEP290):c.1225del (p.Ile409fs),I409fs,Deletion,frameshift variant,Pathogenic/Likely pathogenic,"criteria provided, multiple submitters, no conflicts",P,2021-05-13,LP,2023-10-09,2,2,True,toward_benign,2021.0,2023.0
957911,CEP290,NM_025114.4(CEP290):c.1390G>T (p.Glu464Ter),E464*,single nucleotide variant,nonsense,Pathogenic/Likely pathogenic,"criteria provided, multiple submitters, no conflicts",P,2020-02-14,LP,2022-08-08,2,2,True,toward_benign,2020.0,2022.0
56730,CEP290,NM_025114.4(CEP290):c.1451del (p.Lys484fs),K484fs,Deletion,frameshift variant,Pathogenic/Likely pathogenic,"criteria provided, multiple submitters, no conflicts",P,2015-02-25,LP,2024-04-30,6,5,True,toward_benign,2015.0,2024.0
236469,CEP290,NM_025114.4(CEP290):c.148C>T (p.His50Tyr),H50Y,single nucleotide variant,missense variant,Pathogenic/Likely pathogenic,"criteria provided, multiple submitters, no conflicts",P,2025-06-22,LP,2025-07-18,3,3,True,toward_benign,2025.0,2025.0
427865,CEP290,NM_025114.4(CEP290):c.1623+5G>A,,single nucleotide variant,intron variant,Likely pathogenic,"criteria provided, single submitter",P,2017-05-09,LP,2024-07-01,2,2,True,toward_benign,2017.0,2024.0
166837,CEP290,NM_025114.4(CEP290):c.1665_1666del (p.Lys555fs),K555fs,Deletion,frameshift variant,Pathogenic/Likely pathogenic,"criteria provided, multiple submitters, no conflicts",P,2014-01-09,LP,2025-03-10,3,3,True,toward_benign,2014.0,2025.0
1069639,CEP290,NM_025114.4(CEP290):c.1668del (p.Arg557fs),R557fs,Deletion,frameshift variant,Pathogenic/Likely pathogenic,"criteria provided, multiple submitters, no conflicts",P,2022-06-26,LP,2024-08-22,3,3,True,toward_benign,2022.0,2024.0
664921,CEP290,NM_025114.4(CEP290):c.166C>T (p.Gln56Ter),Q56*,single nucleotide variant,nonsense,Pathogenic/Likely pathogenic,"criteria provided, multiple submitters, no conflicts",P,2022-02-03,LP,2024-03-25,2,2,True,toward_benign,2022.0,2024.0
2944713,CEP290,NM_025114.4(CEP290):c.1790T>A (p.Leu597Ter),L597*,single nucleotide variant,nonsense,Pathogenic/Likely pathogenic,"criteria provided, multiple submitters, no conflicts",P,2023-02-25,LP,2024-02-24,2,2,True,toward_benign,2023.0,2024.0
282257,CEP290,NM_025114.4(CEP290):c.181-2A>G,,single nucleotide variant,splice acceptor variant,Pathogenic/Likely pathogenic,"criteria provided, multiple submitters, no conflicts",P,2015-08-12,LP,2025-10-05,5,5,True,toward_benign,2015.0,2025.0
2680632,CEP290,NM_025114.4(CEP290):c.1909+1G>T,,single nucleotide variant,splice donor variant,Likely pathogenic,"criteria provided, single submitter",P,2023-01-01,LP,2023-02-16,2,2,True,toward_benign,2023.0,2023.0
1457893,CEP290,NM_025114.4(CEP290):c.190C>T (p.Gln64Ter),Q64*,single nucleotide variant,nonsense,Pathogenic/Likely pathogenic,"criteria provided, multiple submitters, no conflicts",P,2022-05-27,LP,2025-09-29,2,2,True,toward_benign,2022.0,2025.0
452628,CEP290,NM_025114.4(CEP290):c.1915G>T (p.Glu639Ter),E639*,single nucleotide variant,nonsense,Pathogenic/Likely pathogenic,"criteria provided, multiple submitters, no conflicts",P,2016-11-18,LP,2024-10-24,7,7,True,toward_benign,2016.0,2024.0
2944614,CEP290,NM_025114.4(CEP290):c.1989dup (p.Asp664fs),D664fs,Duplication,frameshift variant,Pathogenic/Likely pathogenic,"criteria provided, multiple submitters, no conflicts",P,2023-02-22,LP,2024-09-01,2,2,True,toward_benign,2023.0,2024.0
2942390,CEP290,NM_025114.4(CEP290):c.2194C>T (p.Gln732Ter),Q732*,single nucleotide variant,nonsense,Pathogenic/Likely pathogenic,"criteria provided, multiple submitters, no conflicts",P,2022-12-16,LP,2024-05-29,2,2,True,toward_benign,2022.0,2024.0
2951102,CEP290,NM_025114.4(CEP290):c.2268_2284del (p.Asn757_Val758insTer),,Deletion,frameshift variant,Pathogenic/Likely pathogenic,"criteria provided, multiple submitters, no conflicts",P,2023-08-18,LP,2024-02-23,2,2,True,toward_benign,2023.0,2024.0
2947348,CEP290,NM_025114.4(CEP290):c.2484-2A>C,,single nucleotide variant,splice acceptor variant,Pathogenic/Likely pathogenic,"criteria provided, multiple submitters, no conflicts",P,2023-05-01,LP,2024-12-06,2,2,True,toward_benign,2023.0,2024.0
1806014,CEP290,NM_025114.4(CEP290):c.2506G>T (p.Glu836Ter),E836*,single nucleotide variant,nonsense,Pathogenic/Likely pathogenic,"criteria provided, multiple submitters, no conflicts",P,2022-09-02,LP,2023-12-20,2,2,True,toward_benign,2022.0,2023.0
1367157,CEP290,NM_025114.4(CEP290):c.254dup (p.Asn85fs),N85fs,Duplication,frameshift variant,Pathogenic/Likely pathogenic,"criteria provided, multiple submitters, no conflicts",P,2022-06-13,LP,2023-01-10,2,2,True,toward_benign,2022.0,2023.0
2038423,CEP290,NM_025114.4(CEP290):c.2587-1G>T,,single nucleotide variant,splice acceptor variant,Pathogenic/Likely pathogenic,"criteria provided, multiple submitters, no conflicts",P,2022-05-24,LP,2023-01-12,2,2,True,toward_benign,2022.0,2023.0
843406,CEP290,NM_025114.4(CEP290):c.2605C>T (p.Gln869Ter),Q869*,single nucleotide variant,nonsense,Pathogenic/Likely pathogenic,"criteria provided, multiple submitters, no conflicts",P,2021-07-10,LP,2025-02-11,3,3,True,toward_benign,2021.0,2025.0
2946692,CEP290,NM_025114.4(CEP290):c.2615C>A (p.Ser872Ter),S872*,single nucleotide variant,nonsense,Pathogenic/Likely pathogenic,"criteria provided, multiple submitters, no conflicts",P,2023-05-05,LP,2024-04-25,3,3,True,toward_benign,2023.0,2024.0
1032903,CEP290,NM_025114.4(CEP290):c.2632del (p.Ile878fs),I878fs,Deletion,frameshift variant,Pathogenic/Likely pathogenic,"criteria provided, multiple submitters, no conflicts",P,2018-05-22,LP,2024-11-12,6,5,True,toward_benign,2018.0,2024.0
1457067,CEP290,NM_025114.4(CEP290):c.272_276del (p.Val91fs),V91fs,Deletion,frameshift variant,Pathogenic/Likely pathogenic,"criteria provided, multiple submitters, no conflicts",P,2020-11-15,LP,2024-04-15,3,3,True,toward_benign,2020.0,2024.0
1454004,CEP290,NM_025114.4(CEP290):c.274_280del (p.Met92fs),M92fs,Deletion,frameshift variant,Pathogenic/Likely pathogenic,"criteria provided, multiple submitters, no conflicts",P,2023-10-16,LP,2024-03-18,2,2,True,toward_benign,2023.0,2024.0
969960,CEP290,NM_025114.4(CEP290):c.292_293insA (p.Leu98fs),L98fs,Insertion,frameshift variant,Pathogenic/Likely pathogenic,"criteria provided, multiple submitters, no conflicts",P,2019-11-15,LP,2023-02-09,2,2,True,toward_benign,2019.0,2023.0
2680600,CEP290,NM_025114.4(CEP290):c.2933del (p.Asp978fs),D978fs,Deletion,frameshift variant,Pathogenic/Likely pathogenic,"criteria provided, multiple submitters, no conflicts",P,2023-01-06,LP,2023-07-20,2,2,True,toward_benign,2023.0,2023.0
2945512,CEP290,NM_025114.4(CEP290):c.297+1G>C,,single nucleotide variant,splice donor variant,Pathogenic/Likely pathogenic,"criteria provided, multiple submitters, no conflicts",P,2023-09-29,LP,2024-03-21,2,2,True,toward_benign,2023.0,2024.0
1070079,CEP290,NM_025114.4(CEP290):c.3022G>T (p.Glu1008Ter),E1008*,single nucleotide variant,nonsense,Pathogenic/Likely pathogenic,"criteria provided, multiple submitters, no conflicts",P,2020-03-14,LP,2024-03-27,2,2,True,toward_benign,2020.0,2024.0
374210,CEP290,NM_025114.4(CEP290):c.3104-2A>G,,single nucleotide variant,splice acceptor variant,Pathogenic/Likely pathogenic,"criteria provided, multiple submitters, no conflicts",P,2014-01-29,LP,2023-10-04,3,3,True,toward_benign,2014.0,2023.0
958988,CEP290,NM_025114.4(CEP290):c.3212dup (p.Arg1072fs),R1072fs,Duplication,frameshift variant,Pathogenic/Likely pathogenic,"criteria provided, multiple submitters, no conflicts",P,2019-10-09,LP,2025-08-31,7,7,True,toward_benign,2019.0,2025.0
1385952,CEP290,NM_025114.4(CEP290):c.3240T>A (p.Tyr1080Ter),Y1080*,single nucleotide variant,nonsense,Pathogenic/Likely pathogenic,"criteria provided, multiple submitters, no conflicts",P,2022-10-05,LP,2024-04-06,2,2,True,toward_benign,2022.0,2024.0
963842,CEP290,NM_025114.4(CEP290):c.3240T>G (p.Tyr1080Ter),Y1080*,single nucleotide variant,nonsense,Pathogenic/Likely pathogenic,"criteria provided, multiple submitters, no conflicts",P,2019-09-24,LP,2021-07-30,2,2,True,toward_benign,2019.0,2021.0
1405608,CEP290,NM_025114.4(CEP290):c.3285del (p.Phe1095fs),F1095fs,Deletion,frameshift variant,Pathogenic/Likely pathogenic,"criteria provided, multiple submitters, no conflicts",P,2021-04-10,LP,2023-11-18,3,3,True,toward_benign,2021.0,2023.0
423910,CEP290,NM_025114.4(CEP290):c.3461+1G>A,,single nucleotide variant,splice donor variant,Pathogenic/Likely pathogenic,"criteria provided, multiple submitters, no conflicts",P,2017-09-22,LP,2022-04-11,2,2,True,toward_benign,2017.0,2022.0
1451514,CEP290,NM_025114.4(CEP290):c.3493C>T (p.Gln1165Ter),Q1165*,single nucleotide variant,nonsense,Pathogenic/Likely pathogenic,"criteria provided, multiple submitters, no conflicts",P,2021-11-18,LP,2023-01-02,2,2,True,toward_benign,2021.0,2023.0
2938883,CEP290,NM_025114.4(CEP290):c.3577C>T (p.Gln1193Ter),Q1193*,single nucleotide variant,nonsense,Pathogenic/Likely pathogenic,"criteria provided, multiple submitters, no conflicts",P,2023-04-06,LP,2024-05-14,2,2,True,toward_benign,2023.0,2024.0
842853,CEP290,NM_025114.4(CEP290):c.3593C>A (p.Ser1198Ter),S1198*,single nucleotide variant,nonsense,Pathogenic/Likely pathogenic,"criteria provided, multiple submitters, no conflicts",P,2023-11-19,LP,2025-05-27,2,2,True,toward_benign,2023.0,2025.0
2577442,CEP290,NM_025114.4(CEP290):c.366del (p.Lys122fs),K122fs,Deletion,frameshift variant,Likely pathogenic,"criteria provided, single submitter",P,2023-05-31,LP,2025-02-07,2,2,True,toward_benign,2023.0,2025.0
2033435,CEP290,NM_025114.4(CEP290):c.3721A>T (p.Lys1241Ter),K1241*,single nucleotide variant,nonsense,Pathogenic/Likely pathogenic,"criteria provided, multiple submitters, no conflicts",P,2023-06-05,LP,2024-03-12,2,2,True,toward_benign,2023.0,2024.0
1369524,CEP290,NM_025114.4(CEP290):c.3745_3748del (p.Leu1249fs),L1249fs,Microsatellite,frameshift variant,Pathogenic/Likely pathogenic,"criteria provided, multiple submitters, no conflicts",P,2022-01-11,LP,2022-12-22,2,2,True,toward_benign,2022.0,2022.0
961965,CEP290,NM_025114.4(CEP290):c.3783del (p.Lys1261fs),K1261fs,Deletion,frameshift variant,Pathogenic/Likely pathogenic,"criteria provided, multiple submitters, no conflicts",P,2019-09-12,LP,2025-05-01,3,3,True,toward_benign,2019.0,2025.0
1070250,CEP290,NM_025114.4(CEP290):c.3925C>T (p.Gln1309Ter),Q1309*,single nucleotide variant,nonsense,Pathogenic/Likely pathogenic,"criteria provided, multiple submitters, no conflicts",P,2023-10-30,LP,2025-08-26,3,3,True,toward_benign,2023.0,2025.0
1458468,CEP290,NM_025114.4(CEP290):c.3G>A (p.Met1Ile),M1I,single nucleotide variant,missense variant|initiator_codon_variant,Pathogenic/Likely pathogenic,"criteria provided, multiple submitters, no conflicts",P,2023-03-10,LP,2026-01-23,3,3,True,toward_benign,2023.0,2026.0
871060,CEP290,NM_025114.4(CEP290):c.4207del (p.Arg1403fs),R1403fs,Deletion,frameshift variant,Pathogenic/Likely pathogenic,"criteria provided, multiple submitters, no conflicts",P,2018-05-01,LP,2024-11-03,2,2,True,toward_benign,2018.0,2024.0
285948,CEP290,NM_025114.4(CEP290):c.4437+1G>A,,single nucleotide variant,splice donor variant,Pathogenic/Likely pathogenic,"criteria provided, multiple submitters, no conflicts",P,2016-02-05,LP,2025-12-22,9,9,True,toward_benign,2016.0,2025.0
126260,CEP290,NM_025114.4(CEP290):c.4621del (p.Thr1541fs),T1541fs,Deletion,frameshift variant,Pathogenic/Likely pathogenic,"criteria provided, multiple submitters, no conflicts",P,2013-12-11,LP,2025-07-01,4,4,True,toward_benign,2013.0,2025.0
1447314,CEP290,NM_025114.4(CEP290):c.4677T>G (p.Tyr1559Ter),Y1559*,single nucleotide variant,nonsense,Pathogenic/Likely pathogenic,"criteria provided, multiple submitters, no conflicts",P,2021-05-22,LP,2025-02-12,3,3,True,toward_benign,2021.0,2025.0
2023926,CEP290,NM_025114.4(CEP290):c.4714_4715del (p.Glu1572fs),E1572fs,Microsatellite,frameshift variant,Pathogenic/Likely pathogenic,"criteria provided, multiple submitters, no conflicts",P,2022-08-13,LP,2024-05-03,2,2,True,toward_benign,2022.0,2024.0
1381343,CEP290,NM_025114.4(CEP290):c.4737del (p.Asp1580fs),D1580fs,Deletion,frameshift variant,Pathogenic/Likely pathogenic,"criteria provided, multiple submitters, no conflicts",P,2022-07-19,LP,2024-04-08,3,3,True,toward_benign,2022.0,2024.0
1401867,CEP290,NM_025114.4(CEP290):c.4763T>G (p.Leu1588Ter),L1588*,single nucleotide variant,nonsense,Pathogenic/Likely pathogenic,"criteria provided, multiple submitters, no conflicts",P,2021-09-22,LP,2024-05-21,4,4,True,toward_benign,2021.0,2024.0
2184061,CEP290,NM_025114.4(CEP290):c.4855dup (p.His1619fs),H1619fs,Duplication,frameshift variant,Pathogenic/Likely pathogenic,"criteria provided, multiple submitters, no conflicts",P,2022-06-15,LP,2024-12-26,4,4,True,toward_benign,2022.0,2024.0
955127,CEP290,NM_025114.4(CEP290):c.4985_4986del (p.Val1662fs),V1662fs,Deletion,frameshift variant,Pathogenic/Likely pathogenic,"criteria provided, multiple submitters, no conflicts",P,2019-10-04,LP,2023-09-26,2,2,True,toward_benign,2019.0,2023.0
1947119,CEP290,NM_025114.4(CEP290):c.5029_5030del (p.Glu1677fs),E1677fs,Deletion,frameshift variant,Pathogenic/Likely pathogenic,"criteria provided, multiple submitters, no conflicts",P,2022-10-05,LP,2025-04-03,3,3,True,toward_benign,2022.0,2025.0
1071248,CEP290,NM_025114.4(CEP290):c.5136_5139del (p.Glu1713fs),E1713fs,Deletion,frameshift variant,Pathogenic/Likely pathogenic,"criteria provided, multiple submitters, no conflicts",P,2022-08-23,LP,2025-05-22,3,3,True,toward_benign,2022.0,2025.0
2127525,CEP290,NM_025114.4(CEP290):c.5147C>A (p.Ser1716Ter),S1716*,single nucleotide variant,nonsense,Pathogenic/Likely pathogenic,"criteria provided, multiple submitters, no conflicts",P,2023-04-25,LP,2024-12-24,5,5,True,toward_benign,2023.0,2024.0
1897303,CEP290,NM_025114.4(CEP290):c.5418_5422del (p.Lys1806_Thr1807insTer),,Deletion,frameshift variant,Pathogenic/Likely pathogenic,"criteria provided, multiple submitters, no conflicts",P,2022-06-13,LP,2025-12-09,4,4,True,toward_benign,2022.0,2025.0
2000349,CEP290,NM_025114.4(CEP290):c.5614del (p.Ser1872fs),S1872fs,Deletion,frameshift variant,Pathogenic/Likely pathogenic,"criteria provided, multiple submitters, no conflicts",P,2023-10-29,LP,2025-06-01,3,3,True,toward_benign,2023.0,2025.0
3575389,CEP290,NM_025114.4(CEP290):c.5659C>T (p.Gln1887Ter),Q1887*,single nucleotide variant,nonsense,Pathogenic/Likely pathogenic,"criteria provided, multiple submitters, no conflicts",P,2024-02-16,LP,2025-10-15,3,3,True,toward_benign,2024.0,2025.0
2177340,CEP290,NM_025114.4(CEP290):c.5709+2T>G,,single nucleotide variant,splice donor variant,Pathogenic/Likely pathogenic,"criteria provided, multiple submitters, no conflicts",P,2022-03-12,LP,2025-08-11,4,4,True,toward_benign,2022.0,2025.0
2947028,CEP290,NM_025114.4(CEP290):c.5754G>A (p.Trp1918Ter),W1918*,single nucleotide variant,nonsense,Pathogenic/Likely pathogenic,"criteria provided, multiple submitters, no conflicts",P,2023-04-23,LP,2025-02-28,3,3,True,toward_benign,2023.0,2025.0
1364154,CEP290,NM_025114.4(CEP290):c.5791_5794del (p.Glu1931fs),E1931fs,Deletion,frameshift variant,Pathogenic/Likely pathogenic,"criteria provided, multiple submitters, no conflicts",P,2022-01-02,LP,2023-10-10,2,2,True,toward_benign,2022.0,2023.0
2418782,CEP290,NM_025114.4(CEP290):c.5798_5799del (p.Glu1933fs),E1933fs,Microsatellite,frameshift variant,Pathogenic/Likely pathogenic,"criteria provided, multiple submitters, no conflicts",P,2022-01-22,LP,2025-11-12,3,3,True,toward_benign,2022.0,2025.0
282259,CEP290,NM_025114.4(CEP290):c.5803G>T (p.Glu1935Ter),E1935*,single nucleotide variant,nonsense,Pathogenic/Likely pathogenic,"criteria provided, multiple submitters, no conflicts",P,2015-08-11,LP,2025-06-20,7,7,True,toward_benign,2015.0,2025.0
1075280,CEP290,NM_025114.4(CEP290):c.583_584del (p.Leu195fs),L195fs,Deletion,frameshift variant,Pathogenic/Likely pathogenic,"criteria provided, multiple submitters, no conflicts",P,2021-03-26,LP,2021-12-16,2,2,True,toward_benign,2021.0,2021.0
1455287,CEP290,NM_025114.4(CEP290):c.5962G>T (p.Glu1988Ter),E1988*,single nucleotide variant,nonsense,Pathogenic/Likely pathogenic,"criteria provided, multiple submitters, no conflicts",P,2023-06-28,LP,2024-02-08,2,2,True,toward_benign,2023.0,2024.0
1452565,CEP290,NM_025114.4(CEP290):c.6084_6085del (p.Lys2028fs),K2028fs,Deletion,frameshift variant,Pathogenic/Likely pathogenic,"criteria provided, multiple submitters, no conflicts",P,2022-11-12,LP,2024-02-22,2,2,True,toward_benign,2022.0,2024.0
546716,CEP290,NM_025114.4(CEP290):c.6135+2T>A,,single nucleotide variant,splice donor variant,Likely pathogenic,"criteria provided, single submitter",P,2012-01-01,LP,2017-12-01,2,2,True,toward_benign,2012.0,2017.0
2169172,CEP290,NM_025114.4(CEP290):c.6249_6252del (p.Asn2083fs),N2083fs,Deletion,frameshift variant,Pathogenic/Likely pathogenic,"criteria provided, multiple submitters, no conflicts",P,2022-06-17,LP,2025-03-27,2,2,True,toward_benign,2022.0,2025.0
503613,CEP290,NM_025114.4(CEP290):c.6364A>T (p.Arg2122Ter),R2122*,single nucleotide variant,nonsense,Pathogenic/Likely pathogenic,"criteria provided, multiple submitters, no conflicts",P,2014-03-21,LP,2023-07-11,2,2,True,toward_benign,2014.0,2023.0
2947571,CEP290,NM_025114.4(CEP290):c.6417dup (p.Val2140fs),V2140fs,Duplication,frameshift variant,Pathogenic/Likely pathogenic,"criteria provided, multiple submitters, no conflicts",P,2023-05-16,LP,2025-10-22,2,2,True,toward_benign,2023.0,2025.0
855145,CEP290,NM_025114.4(CEP290):c.6448_6455del (p.Gln2150fs),Q2150fs,Deletion,frameshift variant,Pathogenic/Likely pathogenic,"criteria provided, multiple submitters, no conflicts",P,2020-10-23,LP,2025-06-09,8,8,True,toward_benign,2020.0,2025.0
1070003,CEP290,NM_025114.4(CEP290):c.6487dup (p.Met2163fs),M2163fs,Duplication,frameshift variant,Pathogenic/Likely pathogenic,"criteria provided, multiple submitters, no conflicts",P,2021-05-02,LP,2023-04-08,2,2,True,toward_benign,2021.0,2023.0
1070783,CEP290,NM_025114.4(CEP290):c.6624del (p.Arg2208fs),R2208fs,Deletion,frameshift variant,Pathogenic/Likely pathogenic,"criteria provided, multiple submitters, no conflicts",P,2023-01-10,LP,2023-09-15,2,2,True,toward_benign,2023.0,2023.0
3750624,CEP290,NM_025114.4(CEP290):c.6788del (p.Ser2263fs),S2263fs,Deletion,frameshift variant,Pathogenic/Likely pathogenic,"criteria provided, multiple submitters, no conflicts",P,2024-03-05,LP,2025-02-07,2,2,True,toward_benign,2024.0,2025.0
2935451,CEP290,NM_025114.4(CEP290):c.7031_7034+7delinsAT,,Indel,splice donor variant,Pathogenic/Likely pathogenic,"criteria provided, multiple submitters, no conflicts",P,2021-05-13,LP,2024-03-12,2,2,True,toward_benign,2021.0,2024.0
651557,CEP290,NM_025114.4(CEP290):c.7073_7077dup (p.His2360Ter),H2360*,Duplication,nonsense,Pathogenic/Likely pathogenic,"criteria provided, multiple submitters, no conflicts",P,2019-01-01,LP,2024-07-10,6,6,True,toward_benign,2019.0,2024.0
2680597,CEP290,NM_025114.4(CEP290):c.7209+1G>A,,single nucleotide variant,splice donor variant,Pathogenic/Likely pathogenic,"criteria provided, multiple submitters, no conflicts",P,2023-08-17,LP,2024-01-16,2,2,True,toward_benign,2023.0,2024.0
3756390,CEP290,NM_025114.4(CEP290):c.7209+2T>G,,single nucleotide variant,splice donor variant,Pathogenic/Likely pathogenic,"criteria provided, multiple submitters, no conflicts",P,2024-05-16,LP,2025-02-19,2,2,True,toward_benign,2024.0,2025.0
1419020,CEP290,NM_025114.4(CEP290):c.7233del (p.Glu2412fs),E2412fs,Deletion,frameshift variant|3 prime UTR variant,Pathogenic/Likely pathogenic,"criteria provided, multiple submitters, no conflicts",P,2023-09-12,LP,2024-03-11,2,2,True,toward_benign,2023.0,2024.0
2947800,CEP290,NM_025114.4(CEP290):c.7263del (p.Phe2421fs),F2421fs,Deletion,frameshift variant|3 prime UTR variant,Pathogenic/Likely pathogenic,"criteria provided, multiple submitters, no conflicts",P,2023-05-15,LP,2024-06-11,2,2,True,toward_benign,2023.0,2024.0
1387697,CEP290,NM_025114.4(CEP290):c.7263dup (p.Glu2422Ter),E2422*,Duplication,nonsense|3 prime UTR variant,Pathogenic/Likely pathogenic,"criteria provided, multiple submitters, no conflicts",P,2021-11-16,LP,2022-02-07,2,2,True,toward_benign,2021.0,2022.0
1075924,CEP290,NM_025114.4(CEP290):c.7282_7283dup (p.Tyr2429fs),Y2429fs,Duplication,frameshift variant|3 prime UTR variant,Pathogenic/Likely pathogenic,"criteria provided, multiple submitters, no conflicts",P,2023-09-12,LP,2025-06-20,6,6,True,toward_benign,2023.0,2025.0
1452299,CEP290,NM_025114.4(CEP290):c.7288_7289dup (p.Asn2430fs),N2430fs,Duplication,frameshift variant|3 prime UTR variant,Pathogenic/Likely pathogenic,"criteria provided, multiple submitters, no conflicts",P,2022-08-29,LP,2025-08-14,3,3,True,toward_benign,2022.0,2025.0
2783208,INVS,NM_014425.5(INVS):c.1367del (p.Gly456fs),"G130fs, G360fs, G456fs",Deletion,frameshift variant|non-coding transcript variant,Pathogenic/Likely pathogenic,"criteria provided, multiple submitters, no conflicts",P,2023-07-06,LP,2024-02-20,2,2,True,toward_benign,2023.0,2024.0
594813,INVS,NM_014425.5(INVS):c.1464+1G>T,,single nucleotide variant,splice donor variant,Pathogenic/Likely pathogenic,"criteria provided, multiple submitters, no conflicts",P,2017-11-02,LP,2025-10-03,2,2,True,toward_benign,2017.0,2025.0
2977398,INVS,NM_014425.5(INVS):c.2225dup (p.Lys743fs),"K647fs, K743fs, K417fs",Duplication,frameshift variant|non-coding transcript variant,Pathogenic/Likely pathogenic,"criteria provided, multiple submitters, no conflicts",P,2023-06-06,LP,2024-03-05,2,2,True,toward_benign,2023.0,2024.0
2793597,INVS,NM_014425.5(INVS):c.2449dup (p.Glu817fs),"E491fs, E817fs, E721fs",Duplication,frameshift variant|non-coding transcript variant,Pathogenic/Likely pathogenic,"criteria provided, multiple submitters, no conflicts",P,2023-09-10,LP,2024-05-30,2,2,True,toward_benign,2023.0,2024.0
2751391,INVS,NM_014425.5(INVS):c.2614C>T (p.Gln872Ter),"Q776*, Q872*, Q546*",single nucleotide variant,nonsense|non-coding transcript variant,Pathogenic/Likely pathogenic,"criteria provided, multiple submitters, no conflicts",P,2023-08-29,LP,2024-05-30,2,2,True,toward_benign,2023.0,2024.0
2900307,INVS,NM_014425.5(INVS):c.766C>T (p.Arg256Ter),"R160*, R256*",single nucleotide variant,nonsense|5 prime UTR variant|non-coding transcript variant,Pathogenic/Likely pathogenic,"criteria provided, multiple submitters, no conflicts",P,2023-01-19,LP,2023-07-18,2,2,True,toward_benign,2023.0,2023.0
3020908,INVS,NM_014425.5(INVS):c.833del (p.Asn278fs),"N182fs, N278fs",Deletion,frameshift variant|5 prime UTR variant|non-coding transcript variant,Pathogenic/Likely pathogenic,"criteria provided, multiple submitters, no conflicts",P,2023-12-10,LP,2024-06-14,2,2,True,toward_benign,2023.0,2024.0
156379,IQCB1,NM_001023570.4(IQCB1):c.1522_1523dup (p.Ala509fs),"A509fs, A376fs",Microsatellite,frameshift variant|non-coding transcript variant,Pathogenic/Likely pathogenic,"criteria provided, multiple submitters, no conflicts",P,2014-09-18,LP,2024-06-10,4,4,True,toward_benign,2014.0,2024.0
812120,IQCB1,NM_001023570.4(IQCB1):c.488-1G>A,,single nucleotide variant,splice acceptor variant,Pathogenic/Likely pathogenic,"criteria provided, multiple submitters, no conflicts",P,2019-02-01,LP,2024-05-02,4,4,True,toward_benign,2019.0,2024.0
199049,IQCB1,NM_001023570.4(IQCB1):c.817G>T (p.Glu273Ter),E273*,single nucleotide variant,nonsense|non-coding transcript variant|intron variant,Pathogenic/Likely pathogenic,"criteria provided, multiple submitters, no conflicts",P,2014-08-04,LP,2024-05-29,3,3,True,toward_benign,2014.0,2024.0
942614,IQCB1,NM_001023570.4(IQCB1):c.862G>T (p.Glu288Ter),E288*,single nucleotide variant,nonsense|non-coding transcript variant|intron variant,Pathogenic/Likely pathogenic,"criteria provided, multiple submitters, no conflicts",P,2019-06-13,LP,2023-02-22,2,2,True,toward_benign,2019.0,2023.0
872596,IQCB1,NM_001023570.4(IQCB1):c.983dup (p.Arg329fs),R329fs,Duplication,frameshift variant|intron variant,Pathogenic/Likely pathogenic,"criteria provided, multiple submitters, no conflicts",P,2019-08-01,LP,2023-03-31,2,2,True,toward_benign,2019.0,2023.0
490177,NEK8,NM_178170.3(NEK8):c.2076dup (p.Ter693LeuextTer?),,Duplication,frameshift variant|stop lost,Likely pathogenic,"criteria provided, single submitter",P,2018-02-14,LP,2022-04-21,2,2,True,toward_benign,2018.0,2022.0
92716,NPHP1,NM_001128178.3(NPHP1):c.1016dup (p.Leu340fs),"L277fs, L340fs, L395fs, L396fs, L339fs",Duplication,frameshift variant,Pathogenic/Likely pathogenic,"criteria provided, multiple submitters, no conflicts",P,2013-01-21,LP,2023-12-28,3,3,True,toward_benign,2013.0,2023.0
3507,NPHP1,NM_001128178.3(NPHP1):c.1716+1G>T,,single nucleotide variant,splice donor variant,Pathogenic/Likely pathogenic,"criteria provided, multiple submitters, no conflicts",P,1997-10-01,LP,2024-01-10,4,4,True,toward_benign,1997.0,2024.0
286936,NPHP1,NM_001128178.3(NPHP1):c.329+1G>A,,single nucleotide variant,intron variant|splice donor variant,Pathogenic/Likely pathogenic,"criteria provided, multiple submitters, no conflicts",P,2016-03-16,LP,2023-12-12,5,5,True,toward_benign,2016.0,2023.0
1070446,NPHP1,NM_001128178.3(NPHP1):c.483del (p.Asp162fs),"D100fs, D162fs",Deletion,frameshift variant,Pathogenic/Likely pathogenic,"criteria provided, multiple submitters, no conflicts",P,2021-07-02,LP,2024-03-07,4,4,True,toward_benign,2021.0,2024.0
2677270,NPHP1,NM_001128178.3(NPHP1):c.69+1del,,Deletion,splice donor variant,Pathogenic/Likely pathogenic,"criteria provided, multiple submitters, no conflicts",P,2023-02-23,LP,2024-03-30,3,3,True,toward_benign,2023.0,2024.0
2171349,NPHP1,NM_001128178.3(NPHP1):c.771+58C>T,R277*,single nucleotide variant,nonsense|intron variant,Pathogenic/Likely pathogenic,"criteria provided, multiple submitters, no conflicts",P,2023-12-30,LP,2024-03-16,3,3,True,toward_benign,2023.0,2024.0
597322,NPHP3,NM_153240.5(NPHP3):c.1101_1102insATTTTATTATT (p.His368fs),H368fs,Insertion,non-coding transcript variant|frameshift variant,Pathogenic/Likely pathogenic,"criteria provided, multiple submitters, no conflicts",P,2018-05-25,LP,2024-05-09,2,2,True,toward_benign,2018.0,2024.0
2021418,NPHP3,NM_153240.5(NPHP3):c.1675del (p.His559fs),H559fs,Deletion,non-coding transcript variant|frameshift variant,Pathogenic/Likely pathogenic,"criteria provided, multiple submitters, no conflicts",P,2024-02-03,LP,2024-02-14,2,2,True,toward_benign,2024.0,2024.0
500897,NPHP3,NM_153240.5(NPHP3):c.1888-7_1893del,,Deletion,splice acceptor variant,Pathogenic/Likely pathogenic,"criteria provided, multiple submitters, no conflicts",P,2017-03-16,LP,2023-01-16,2,2,True,toward_benign,2017.0,2023.0
462725,NPHP3,NM_153240.5(NPHP3):c.1985+1G>A,,single nucleotide variant,splice donor variant,Pathogenic/Likely pathogenic,"criteria provided, multiple submitters, no conflicts",P,2018-09-15,LP,2021-07-08,2,2,True,toward_benign,2018.0,2021.0
499565,NPHP3,NM_153240.5(NPHP3):c.2311-2A>G,,single nucleotide variant,splice acceptor variant,Pathogenic/Likely pathogenic,"criteria provided, multiple submitters, no conflicts",P,2016-12-29,LP,2021-08-16,2,2,True,toward_benign,2016.0,2021.0
1029229,NPHP3,NM_153240.5(NPHP3):c.2570+1G>T,,single nucleotide variant,splice donor variant,Pathogenic/Likely pathogenic,"criteria provided, multiple submitters, no conflicts",P,2020-08-05,LP,2024-08-06,3,3,True,toward_benign,2020.0,2024.0
280859,NPHP3,NM_153240.5(NPHP3):c.2T>C (p.Met1Thr),M1T,single nucleotide variant,non-coding transcript variant|missense variant|initiator_codon_variant,Pathogenic/Likely pathogenic,"criteria provided, multiple submitters, no conflicts",P,2016-09-09,LP,2024-04-05,2,2,True,toward_benign,2016.0,2024.0
949269,NPHP3,NM_153240.5(NPHP3):c.3111C>G (p.Tyr1037Ter),Y1037*,single nucleotide variant,non-coding transcript variant|nonsense,Pathogenic/Likely pathogenic,"criteria provided, multiple submitters, no conflicts",P,2022-06-04,LP,2022-09-20,2,2,True,toward_benign,2022.0,2022.0
570632,NPHP3,NM_153240.5(NPHP3):c.3129T>A (p.Tyr1043Ter),Y1043*,single nucleotide variant,non-coding transcript variant|nonsense,Pathogenic/Likely pathogenic,"criteria provided, multiple submitters, no conflicts",P,2021-02-24,LP,2022-09-09,2,2,True,toward_benign,2021.0,2022.0
2634638,NPHP3,NM_153240.5(NPHP3):c.3812+2dup,,Duplication,splice donor variant,Pathogenic/Likely pathogenic,"criteria provided, multiple submitters, no conflicts",P,2023-06-21,LP,2024-03-01,2,2,True,toward_benign,2023.0,2024.0
2632,NPHP3,NM_153240.5(NPHP3):c.3821GAG[1] (p.Gly1275del),G1275del,Microsatellite,non-coding transcript variant|inframe_deletion,Pathogenic/Likely pathogenic,"criteria provided, multiple submitters, no conflicts",P,2003-08-01,LP,2024-01-17,4,4,True,toward_benign,2003.0,2024.0
1454636,NPHP3,NM_153240.5(NPHP3):c.469del (p.Arg157fs),R157fs,Deletion,non-coding transcript variant|frameshift variant,Pathogenic/Likely pathogenic,"criteria provided, multiple submitters, no conflicts",P,2021-10-31,LP,2024-05-13,4,4,True,toward_benign,2021.0,2024.0
596144,NPHP4,NM_015102.5(NPHP4):c.1357G>T (p.Glu453Ter),E453*,single nucleotide variant,5 prime UTR variant|nonsense|non-coding transcript variant,Pathogenic/Likely pathogenic,"criteria provided, multiple submitters, no conflicts",P,2018-02-13,LP,2024-04-27,3,3,True,toward_benign,2018.0,2024.0
2872668,NPHP4,NM_015102.5(NPHP4):c.1692_1704del (p.Ala565fs),"A53fs, A52fs, A565fs",Deletion,frameshift variant|non-coding transcript variant,Pathogenic/Likely pathogenic,"criteria provided, multiple submitters, no conflicts",P,2023-07-26,LP,2024-05-17,2,2,True,toward_benign,2023.0,2024.0
1433031,NPHP4,NM_015102.5(NPHP4):c.2007del (p.Phe670fs),"F158fs, F157fs, F670fs",Deletion,frameshift variant|non-coding transcript variant,Pathogenic/Likely pathogenic,"criteria provided, multiple submitters, no conflicts",P,2022-11-08,LP,2024-01-17,2,2,True,toward_benign,2022.0,2024.0
1072607,NPHP4,NM_015102.5(NPHP4):c.2908dup (p.Leu970fs),"L457fs, L458fs, L970fs",Duplication,frameshift variant|non-coding transcript variant,Pathogenic/Likely pathogenic,"criteria provided, multiple submitters, no conflicts",P,2021-07-09,LP,2022-04-27,2,2,True,toward_benign,2021.0,2022.0
2719506,NPHP4,NM_015102.5(NPHP4):c.3148del (p.Gln1050fs),"Q537fs, Q538fs, Q1050fs",Deletion,frameshift variant|non-coding transcript variant,Pathogenic/Likely pathogenic,"criteria provided, multiple submitters, no conflicts",P,2023-09-01,LP,2024-06-04,2,2,True,toward_benign,2023.0,2024.0
1388969,NPHP4,NM_015102.5(NPHP4):c.3368_3369del (p.Val1123fs),"V1123fs, V610fs, V611fs",Microsatellite,frameshift variant|non-coding transcript variant,Pathogenic/Likely pathogenic,"criteria provided, multiple submitters, no conflicts",P,2021-04-08,LP,2024-06-01,2,2,True,toward_benign,2021.0,2024.0
1382268,NPHP4,NM_015102.5(NPHP4):c.3458G>A (p.Trp1153Ter),"W640*, W1153*, W641*",single nucleotide variant,nonsense|non-coding transcript variant,Pathogenic/Likely pathogenic,"criteria provided, multiple submitters, no conflicts",P,2022-10-03,LP,2023-02-14,2,2,True,toward_benign,2022.0,2023.0
1179132,NPHP4,NM_015102.5(NPHP4):c.3644+1G>T,,single nucleotide variant,splice donor variant,Pathogenic/Likely pathogenic,"criteria provided, multiple submitters, no conflicts",P,2021-06-30,LP,2022-03-09,2,2,True,toward_benign,2021.0,2022.0
562365,NPHP4,NM_015102.5(NPHP4):c.3930_3939del (p.Asp1311fs),"D1311fs, D798fs, D799fs",Deletion,frameshift variant|non-coding transcript variant,Pathogenic,"criteria provided, single submitter",P,2014-08-09,LP,2018-09-16,2,2,True,toward_benign,2014.0,2018.0
943026,NPHP4,NM_015102.5(NPHP4):c.834_841del (p.Ala279fs),A279fs,Deletion,5 prime UTR variant|frameshift variant|non-coding transcript variant,Pathogenic/Likely pathogenic,"criteria provided, multiple submitters, no conflicts",P,2020-07-09,LP,2024-01-08,3,3,True,toward_benign,2020.0,2024.0
406250,RPGRIP1L,NM_015272.5(RPGRIP1L):c.1072_1073dup (p.Leu358fs),L358fs,Duplication,frameshift variant,Pathogenic/Likely pathogenic,"criteria provided, multiple submitters, no conflicts",P,2016-07-11,LP,2025-11-21,3,3,True,toward_benign,2016.0,2025.0
1445843,RPGRIP1L,NM_015272.5(RPGRIP1L):c.1150C>T (p.Gln384Ter),Q384*,single nucleotide variant,nonsense,Pathogenic/Likely pathogenic,"criteria provided, multiple submitters, no conflicts",P,2021-07-09,LP,2025-01-01,2,2,True,toward_benign,2021.0,2025.0
1358982,RPGRIP1L,NM_015272.5(RPGRIP1L):c.1171C>T (p.Gln391Ter),Q391*,single nucleotide variant,nonsense,Pathogenic/Likely pathogenic,"criteria provided, multiple submitters, no conflicts",P,2021-09-02,LP,2024-05-20,2,2,True,toward_benign,2021.0,2024.0
217693,RPGRIP1L,NM_015272.5(RPGRIP1L):c.1243+1G>A,,single nucleotide variant,splice donor variant,Pathogenic/Likely pathogenic,"criteria provided, multiple submitters, no conflicts",P,2015-02-23,LP,2025-12-08,3,3,True,toward_benign,2015.0,2025.0
948049,RPGRIP1L,NM_015272.5(RPGRIP1L):c.1278del (p.Glu426fs),E426fs,Deletion,frameshift variant,Pathogenic/Likely pathogenic,"criteria provided, multiple submitters, no conflicts",P,2019-08-03,LP,2025-12-30,2,2,True,toward_benign,2019.0,2025.0
862715,RPGRIP1L,NM_015272.5(RPGRIP1L):c.1290_1291del (p.Tyr431fs),Y431fs,Deletion,frameshift variant,Pathogenic/Likely pathogenic,"criteria provided, multiple submitters, no conflicts",P,2023-11-21,LP,2024-05-22,3,3,True,toward_benign,2023.0,2024.0
2934216,RPGRIP1L,NM_015272.5(RPGRIP1L):c.1464del (p.Asn488fs),N488fs,Deletion,frameshift variant,Pathogenic/Likely pathogenic,"criteria provided, multiple submitters, no conflicts",P,2023-05-15,LP,2025-07-07,3,3,True,toward_benign,2023.0,2025.0
279885,RPGRIP1L,NM_015272.5(RPGRIP1L):c.1489G>T (p.Glu497Ter),E497*,single nucleotide variant,nonsense,Pathogenic/Likely pathogenic,"criteria provided, multiple submitters, no conflicts",P,2023-02-09,LP,2025-10-22,5,5,True,toward_benign,2023.0,2025.0
1451910,RPGRIP1L,NM_015272.5(RPGRIP1L):c.1608_1614del (p.Met537fs),M537fs,Deletion,frameshift variant,Pathogenic/Likely pathogenic,"criteria provided, multiple submitters, no conflicts",P,2023-10-22,LP,2024-05-30,2,2,True,toward_benign,2023.0,2024.0
2196142,RPGRIP1L,NM_015272.5(RPGRIP1L):c.1641dup (p.Val548fs),V548fs,Duplication,frameshift variant,Pathogenic/Likely pathogenic,"criteria provided, multiple submitters, no conflicts",P,2024-01-08,LP,2025-12-04,5,5,True,toward_benign,2024.0,2025.0
379927,RPGRIP1L,NM_015272.5(RPGRIP1L):c.1700-1G>A,,single nucleotide variant,splice acceptor variant,Pathogenic/Likely pathogenic,"criteria provided, multiple submitters, no conflicts",P,2015-06-23,LP,2024-11-07,3,3,True,toward_benign,2015.0,2024.0
1071109,RPGRIP1L,NM_015272.5(RPGRIP1L):c.170T>A (p.Leu57Ter),L57*,single nucleotide variant,nonsense,Pathogenic/Likely pathogenic,"criteria provided, multiple submitters, no conflicts",P,2023-02-22,LP,2024-05-13,2,2,True,toward_benign,2023.0,2024.0
1453850,RPGRIP1L,NM_015272.5(RPGRIP1L):c.1745_1749del (p.Lys582fs),K582fs,Deletion,frameshift variant,Pathogenic/Likely pathogenic,"criteria provided, multiple submitters, no conflicts",P,2023-11-24,LP,2024-10-16,2,2,True,toward_benign,2023.0,2024.0
958511,RPGRIP1L,NM_015272.5(RPGRIP1L):c.1799T>G (p.Leu600Ter),L600*,single nucleotide variant,nonsense,Pathogenic/Likely pathogenic,"criteria provided, multiple submitters, no conflicts",P,2019-11-11,LP,2024-03-18,2,2,True,toward_benign,2019.0,2024.0
660069,RPGRIP1L,NM_015272.5(RPGRIP1L):c.1873G>T (p.Gly625Ter),G625*,single nucleotide variant,nonsense,Pathogenic/Likely pathogenic,"criteria provided, multiple submitters, no conflicts",P,2023-12-30,LP,2024-05-15,2,2,True,toward_benign,2023.0,2024.0
1453455,RPGRIP1L,NM_015272.5(RPGRIP1L):c.1905T>G (p.Tyr635Ter),Y635*,single nucleotide variant,nonsense,Pathogenic/Likely pathogenic,"criteria provided, multiple submitters, no conflicts",P,2022-11-01,LP,2026-01-26,3,3,True,toward_benign,2022.0,2026.0
1456256,RPGRIP1L,NM_015272.5(RPGRIP1L):c.1959del (p.Glu654fs),E654fs,Deletion,frameshift variant,Pathogenic/Likely pathogenic,"criteria provided, multiple submitters, no conflicts",P,2020-12-20,LP,2024-04-23,2,2,True,toward_benign,2020.0,2024.0
1442552,RPGRIP1L,NM_015272.5(RPGRIP1L):c.1978C>T (p.Gln660Ter),Q660*,single nucleotide variant,nonsense,Pathogenic/Likely pathogenic,"criteria provided, multiple submitters, no conflicts",P,2022-08-28,LP,2024-06-20,2,2,True,toward_benign,2022.0,2024.0
1071,RPGRIP1L,NM_015272.5(RPGRIP1L):c.2083G>C (p.Ala695Pro),A695P,single nucleotide variant,missense variant,Likely pathogenic,"criteria provided, single submitter",P,2007-07-01,LP,2025-10-31,2,2,True,toward_benign,2007.0,2025.0
2082550,RPGRIP1L,NM_015272.5(RPGRIP1L):c.2092_2095del (p.Leu698fs),L698fs,Deletion,frameshift variant,Pathogenic/Likely pathogenic,"criteria provided, multiple submitters, no conflicts",P,2022-02-02,LP,2025-03-27,2,2,True,toward_benign,2022.0,2025.0
1072712,RPGRIP1L,NM_015272.5(RPGRIP1L):c.2093T>G (p.Leu698Ter),L698*,single nucleotide variant,nonsense,Pathogenic/Likely pathogenic,"criteria provided, multiple submitters, no conflicts",P,2023-09-03,LP,2024-03-27,2,2,True,toward_benign,2023.0,2024.0
596520,RPGRIP1L,NM_015272.5(RPGRIP1L):c.2125C>T (p.Arg709Ter),R709*,single nucleotide variant,nonsense,Pathogenic/Likely pathogenic,"criteria provided, multiple submitters, no conflicts",P,2018-03-15,LP,2025-11-29,5,5,True,toward_benign,2018.0,2025.0
1071183,RPGRIP1L,NM_015272.5(RPGRIP1L):c.2149_2152del (p.Ile717fs),I717fs,Deletion,frameshift variant,Pathogenic/Likely pathogenic,"criteria provided, multiple submitters, no conflicts",P,2023-10-22,LP,2024-05-29,2,2,True,toward_benign,2023.0,2024.0
489039,RPGRIP1L,NM_015272.5(RPGRIP1L):c.2299C>T (p.Gln767Ter),Q767*,single nucleotide variant,nonsense,Pathogenic/Likely pathogenic,"criteria provided, multiple submitters, no conflicts",P,2017-08-07,LP,2024-08-13,4,4,True,toward_benign,2017.0,2024.0
1076055,RPGRIP1L,NM_015272.5(RPGRIP1L):c.2322del (p.Thr776fs),T776fs,Deletion,frameshift variant,Pathogenic/Likely pathogenic,"criteria provided, multiple submitters, no conflicts",P,2023-08-19,LP,2025-10-29,2,2,True,toward_benign,2023.0,2025.0
2161046,RPGRIP1L,NM_015272.5(RPGRIP1L):c.2332C>T (p.Gln778Ter),Q778*,single nucleotide variant,nonsense,Pathogenic,"criteria provided, single submitter",P,2022-08-06,LP,2023-11-27,2,2,True,toward_benign,2022.0,2023.0
2940155,RPGRIP1L,NM_015272.5(RPGRIP1L):c.2428C>T (p.Gln810Ter),Q810*,single nucleotide variant,nonsense,Pathogenic/Likely pathogenic,"criteria provided, multiple submitters, no conflicts",P,2023-10-08,LP,2024-06-06,2,2,True,toward_benign,2023.0,2024.0
1457129,RPGRIP1L,NM_015272.5(RPGRIP1L):c.2451C>A (p.Tyr817Ter),Y817*,single nucleotide variant,nonsense,Pathogenic/Likely pathogenic,"criteria provided, multiple submitters, no conflicts",P,2022-04-16,LP,2025-02-24,4,4,True,toward_benign,2022.0,2025.0
2946693,RPGRIP1L,NM_015272.5(RPGRIP1L):c.2565C>A (p.Tyr855Ter),Y855*,single nucleotide variant,nonsense,Pathogenic/Likely pathogenic,"criteria provided, multiple submitters, no conflicts",P,2023-04-14,LP,2026-01-26,2,2,True,toward_benign,2023.0,2026.0
1454714,RPGRIP1L,NM_015272.5(RPGRIP1L):c.2591_2592del (p.Tyr864fs),Y864fs,Deletion,frameshift variant,Pathogenic/Likely pathogenic,"criteria provided, multiple submitters, no conflicts",P,2020-10-31,LP,2024-03-26,2,2,True,toward_benign,2020.0,2024.0
992275,RPGRIP1L,NM_015272.5(RPGRIP1L):c.2692_2696del (p.Glu898fs),E898fs,Deletion,frameshift variant,Pathogenic/Likely pathogenic,"criteria provided, multiple submitters, no conflicts",P,2020-08-03,LP,2024-05-30,2,2,True,toward_benign,2020.0,2024.0
1423320,RPGRIP1L,NM_015272.5(RPGRIP1L):c.2715del (p.Pro906fs),P906fs,Deletion,frameshift variant,Pathogenic/Likely pathogenic,"criteria provided, multiple submitters, no conflicts",P,2023-09-25,LP,2025-07-29,2,2,True,toward_benign,2023.0,2025.0
406251,RPGRIP1L,NM_015272.5(RPGRIP1L):c.2794_2795del (p.Leu932fs),L932fs,Deletion,frameshift variant,Pathogenic/Likely pathogenic,"criteria provided, multiple submitters, no conflicts",P,2021-06-16,LP,2024-04-05,3,3,True,toward_benign,2021.0,2024.0
2948517,RPGRIP1L,NM_015272.5(RPGRIP1L):c.3430C>T (p.Gln1144Ter),"Q1144*, Q1110*",single nucleotide variant,nonsense|intron variant,Pathogenic/Likely pathogenic,"criteria provided, multiple submitters, no conflicts",P,2023-06-04,LP,2024-05-22,2,2,True,toward_benign,2023.0,2024.0
848273,RPGRIP1L,NM_015272.5(RPGRIP1L):c.3558_3559dup (p.Pro1187fs),"P1141fs, P1107fs, P1187fs, P1153fs",Microsatellite,frameshift variant,Pathogenic/Likely pathogenic,"criteria provided, multiple submitters, no conflicts",P,2018-08-02,LP,2024-05-06,4,4,True,toward_benign,2018.0,2024.0
2921776,RPGRIP1L,NM_015272.5(RPGRIP1L):c.3593G>A (p.Trp1198Ter),"W1118*, W1152*, W1198*, W1164*",single nucleotide variant,nonsense,Pathogenic/Likely pathogenic,"criteria provided, multiple submitters, no conflicts",P,2024-01-06,LP,2025-06-16,2,2,True,toward_benign,2024.0,2025.0
2187926,RPGRIP1L,NM_015272.5(RPGRIP1L):c.541C>T (p.Gln181Ter),Q181*,single nucleotide variant,nonsense,Pathogenic/Likely pathogenic,"criteria provided, multiple submitters, no conflicts",P,2022-06-09,LP,2024-03-13,2,2,True,toward_benign,2022.0,2024.0
1069275,RPGRIP1L,NM_015272.5(RPGRIP1L):c.591del (p.Asn198fs),N198fs,Deletion,frameshift variant,Pathogenic/Likely pathogenic,"criteria provided, multiple submitters, no conflicts",P,2021-06-17,LP,2025-02-17,3,3,True,toward_benign,2021.0,2025.0
1072021,RPGRIP1L,NM_015272.5(RPGRIP1L):c.772C>T (p.Gln258Ter),Q258*,single nucleotide variant,nonsense,Pathogenic/Likely pathogenic,"criteria provided, multiple submitters, no conflicts",P,2023-10-28,LP,2024-02-24,2,2,True,toward_benign,2023.0,2024.0
863845,RPGRIP1L,NM_015272.5(RPGRIP1L):c.776+1G>A,,single nucleotide variant,splice donor variant,Pathogenic/Likely pathogenic,"criteria provided, multiple submitters, no conflicts",P,2019-10-14,LP,2024-10-23,4,4,True,toward_benign,2019.0,2024.0
2022740,RPGRIP1L,NM_015272.5(RPGRIP1L):c.839del (p.Asn280fs),N280fs,Deletion,frameshift variant,Pathogenic/Likely pathogenic,"criteria provided, multiple submitters, no conflicts",P,2022-08-08,LP,2025-04-13,2,2,True,toward_benign,2022.0,2025.0
664390,RPGRIP1L,NM_015272.5(RPGRIP1L):c.986_987del (p.Lys329fs),K329fs,Deletion,frameshift variant,Pathogenic/Likely pathogenic,"criteria provided, multiple submitters, no conflicts",P,2023-01-20,LP,2025-03-22,3,3,True,toward_benign,2023.0,2025.0
1189039,SDCCAG8,NM_006642.5(SDCCAG8):c.1324dup (p.Gln442fs),"Q141fs, Q344fs, Q442fs, Q474fs",Duplication,frameshift variant,Likely pathogenic,"criteria provided, single submitter",P,2021-08-03,LP,2023-10-04,2,2,True,toward_benign,2021.0,2023.0
2633268,SDCCAG8,NM_006642.5(SDCCAG8):c.862C>T (p.Gln288Ter),"Q190*, Q288*, Q320*",single nucleotide variant,5 prime UTR variant|nonsense,Pathogenic,"criteria provided, single submitter",P,2023-09-28,LP,2024-05-08,2,2,True,toward_benign,2023.0,2024.0
56765,TMEM67,NM_153704.6(TMEM67):c.1322G>T (p.Arg441Leu),"R360L, R441L",single nucleotide variant,missense variant|non-coding transcript variant,Pathogenic/Likely pathogenic,"criteria provided, multiple submitters, no conflicts",P,2023-04-03,LP,2026-01-18,3,3,True,toward_benign,2023.0,2026.0
191259,TMEM67,NM_153704.6(TMEM67):c.1413-2A>G,,single nucleotide variant,splice acceptor variant,Pathogenic/Likely pathogenic,"criteria provided, multiple submitters, no conflicts",P,2016-08-01,LP,2024-04-15,4,4,True,toward_benign,2016.0,2024.0
1451268,TMEM67,NM_153704.6(TMEM67):c.2122G>C (p.Ala708Pro),"A627P, A708P",single nucleotide variant,missense variant|non-coding transcript variant,Pathogenic/Likely pathogenic,"criteria provided, multiple submitters, no conflicts",P,2022-09-22,LP,2024-09-13,2,2,True,toward_benign,2022.0,2024.0
1810229,TMEM67,NM_153704.6(TMEM67):c.223+1G>T,,single nucleotide variant,splice donor variant,Pathogenic/Likely pathogenic,"criteria provided, multiple submitters, no conflicts",P,2022-12-17,LP,2026-01-09,2,2,True,toward_benign,2022.0,2026.0
56771,TMEM67,NM_153704.6(TMEM67):c.224-2del,,Deletion,intron variant|splice acceptor variant,Pathogenic/Likely pathogenic,"criteria provided, multiple submitters, no conflicts",P,2021-09-22,LP,2023-08-30,4,4,True,toward_benign,2021.0,2023.0
2691706,TMEM67,NM_153704.6(TMEM67):c.2429_2433del (p.Lys810fs),"K729fs, K810fs",Deletion,frameshift variant|non-coding transcript variant,Pathogenic/Likely pathogenic,"criteria provided, multiple submitters, no conflicts",P,2023-02-06,LP,2024-04-02,3,3,True,toward_benign,2023.0,2024.0
3595959,TMEM67,NM_153704.6(TMEM67):c.637C>T (p.Arg213Cys),"R213C, R132C",single nucleotide variant,missense variant|non-coding transcript variant,Pathogenic/Likely pathogenic,"criteria provided, multiple submitters, no conflicts",P,2024-02-18,LP,2024-02-18,2,2,True,toward_benign,2024.0,2024.0
217710,TMEM67,NM_153704.6(TMEM67):c.769A>G (p.Met257Val),"M176V, M257V",single nucleotide variant,missense variant|non-coding transcript variant,Pathogenic/Likely pathogenic,"criteria provided, multiple submitters, no conflicts",P,2015-02-23,LP,2022-04-07,3,3,True,toward_benign,2015.0,2022.0
2934957,TTC21B,NM_024753.5(TTC21B):c.1088-1G>A,,single nucleotide variant,splice acceptor variant,Pathogenic/Likely pathogenic,"criteria provided, multiple submitters, no conflicts",P,2022-12-27,LP,2024-01-16,2,2,True,toward_benign,2022.0,2024.0
545537,TTC21B,NM_024753.5(TTC21B):c.152-2A>G,,single nucleotide variant,splice acceptor variant,Likely pathogenic,"criteria provided, single submitter",P,2018-06-18,LP,2022-10-23,2,2,True,toward_benign,2018.0,2022.0
1328343,TTC21B,NM_024753.5(TTC21B):c.1656_1659del (p.Leu551_Cys552insTer),,Deletion,nonsense,Pathogenic/Likely pathogenic,"criteria provided, multiple submitters, no conflicts",P,2024-01-24,LP,2024-04-04,5,5,True,toward_benign,2024.0,2024.0
1451834,TTC21B,NM_024753.5(TTC21B):c.172C>T (p.Arg58Ter),R58*,single nucleotide variant,nonsense,Pathogenic/Likely pathogenic,"criteria provided, multiple submitters, no conflicts",P,2022-09-26,LP,2024-02-22,2,2,True,toward_benign,2022.0,2024.0
1399888,TTC21B,NM_024753.5(TTC21B):c.2572C>T (p.Arg858Ter),R858*,single nucleotide variant,nonsense,Pathogenic/Likely pathogenic,"criteria provided, multiple submitters, no conflicts",P,2024-05-26,LP,2025-05-16,2,2,True,toward_benign,2024.0,2025.0
1944012,TTC21B,NM_024753.5(TTC21B):c.431del,,Deletion,,Pathogenic/Likely pathogenic,"criteria provided, multiple submitters, no conflicts",P,2022-09-26,LP,2024-04-29,2,2,True,toward_benign,2022.0,2024.0
30935,TTC21B,NM_024753.5(TTC21B):c.626C>T (p.Pro209Leu),P209L,single nucleotide variant,missense variant,Pathogenic/Likely pathogenic,"criteria provided, multiple submitters, no conflicts",P,2011-03-01,LP,2026-02-18,26,26,True,toward_benign,2011.0,2026.0
802068,WDR19,NM_025132.4(WDR19):c.1250-1G>A,,single nucleotide variant,splice acceptor variant,Pathogenic/Likely pathogenic,"criteria provided, multiple submitters, no conflicts",P,2019-05-28,LP,2024-03-26,2,2,True,toward_benign,2019.0,2024.0
30703,WDR19,NM_025132.4(WDR19):c.2129T>C (p.Leu710Ser),"L710S, L550S",single nucleotide variant,missense variant,Pathogenic/Likely pathogenic,"criteria provided, multiple submitters, no conflicts",P,2013-08-01,LP,2026-02-13,13,12,True,toward_benign,2013.0,2026.0
446636,WDR19,NM_025132.4(WDR19):c.3484-2A>C,,single nucleotide variant,splice acceptor variant,Likely pathogenic,"criteria provided, single submitter",P,2017-06-01,LP,2022-11-08,3,3,True,toward_benign,2017.0,2022.0
127158,WDR19,NM_025132.4(WDR19):c.3533G>A (p.Arg1178Gln),"R1178Q, R1018Q",single nucleotide variant,missense variant,Pathogenic/Likely pathogenic,"criteria provided, multiple submitters, no conflicts",P,2013-08-01,LP,2026-04-01,14,11,True,toward_benign,2013.0,2026.0
446639,WDR19,NM_025132.4(WDR19):c.3716+1G>A,,single nucleotide variant,splice donor variant,Likely pathogenic,"criteria provided, single submitter",P,2017-06-01,LP,2024-04-18,3,3,True,toward_benign,2017.0,2024.0
446638,WDR19,NM_025132.4(WDR19):c.3800G>A (p.Cys1267Tyr),"C1267Y, C1107Y",single nucleotide variant,missense variant,Likely pathogenic,"criteria provided, single submitter",P,2017-06-01,LP,2025-05-13,3,3,True,toward_benign,2017.0,2025.0
1451170,WDR19,NM_025132.4(WDR19):c.441G>A (p.Trp147Ter),W147*,single nucleotide variant,5 prime UTR variant|nonsense,Pathogenic/Likely pathogenic,"criteria provided, multiple submitters, no conflicts",P,2021-07-14,LP,2025-03-23,3,3,True,toward_benign,2021.0,2025.0
446633,WDR19,NM_025132.4(WDR19):c.817A>G (p.Asn273Asp),"N273D, N113D",single nucleotide variant,missense variant,Pathogenic/Likely pathogenic,"criteria provided, multiple submitters, no conflicts",P,2017-06-01,LP,2026-01-20,5,5,True,toward_benign,2017.0,2026.0
446635,WDR19,NM_025132.4(WDR19):c.880G>A (p.Gly294Arg),"G294R, G134R",single nucleotide variant,missense variant,Pathogenic/Likely pathogenic,"criteria provided, multiple submitters, no conflicts",P,2017-06-01,LP,2024-03-13,4,4,True,toward_benign,2017.0,2024.0
11960,INVS,NM_014425.5(INVS):c.1478T>C (p.Leu493Ser),"L493S, L397S, L167S",single nucleotide variant,missense variant|non-coding transcript variant,Uncertain significance,"criteria provided, multiple submitters, no conflicts",P,2003-08-01,VUS,2024-05-31,3,3,True,toward_benign,2003.0,2024.0
560465,IQCB1,NM_001023570.4(IQCB1):c.1632_1638dup (p.Ala547fs),"A414fs, A547fs",Duplication,frameshift variant|non-coding transcript variant,Uncertain significance,"criteria provided, single submitter",P,2016-09-01,VUS,2022-08-31,2,2,True,toward_benign,2016.0,2022.0
490178,NEK8,NM_178170.3(NEK8):c.1043C>T (p.Thr348Met),T348M,single nucleotide variant,missense variant,Uncertain significance,"criteria provided, single submitter",P,2018-02-14,VUS,2025-12-13,2,2,True,toward_benign,2018.0,2025.0
490180,NEK8,NM_178170.3(NEK8):c.1804C>T (p.Arg602Trp),R602W,single nucleotide variant,missense variant,Uncertain significance,"criteria provided, multiple submitters, no conflicts",P,2018-02-14,VUS,2024-05-14,3,3,True,toward_benign,2018.0,2024.0
37287,ZNF423,NM_001379286.1(ZNF423):c.2762C>T (p.Pro921Leu),"P913L, P853L, P796L, P921L",single nucleotide variant,missense variant,Uncertain significance,"criteria provided, multiple submitters, no conflicts",P,2012-08-03,VUS,2024-12-18,3,3,True,toward_benign,2012.0,2024.0
701465,CEP290,NM_025114.4(CEP290):c.6078A>G (p.Gln2026=),,single nucleotide variant,synonymous variant,Benign,"criteria provided, single submitter",VUS,2020-03-11,B,2026-02-01,3,3,True,toward_benign,2020.0,2026.0
699828,CEP290,NM_025114.4(CEP290):c.6806T>C (p.Ile2269Thr),I2269T,single nucleotide variant,missense variant,Benign/Likely benign,"criteria provided, multiple submitters, no conflicts",VUS,2020-01-24,B,2026-01-19,4,4,True,toward_benign,2020.0,2026.0
702137,RPGRIP1L,NM_015272.5(RPGRIP1L):c.1808G>A (p.Gly603Asp),G603D,single nucleotide variant,missense variant,Benign,"criteria provided, single submitter",VUS,2020-01-24,B,2024-12-12,3,3,True,toward_benign,2020.0,2024.0
1578138,ANKS6,NC_000009.11:g.(?_101470679)_(101611374_?)dup,,Duplication,,Likely benign,"criteria provided, single submitter",VUS,2022-10-01,LB,2023-07-09,2,1,True,toward_benign,2022.0,2023.0
420952,CEP164,NM_014956.5(CEP164):c.2662C>G (p.Leu888Val),"L888V, L891V",single nucleotide variant,missense variant,Uncertain significance,"criteria provided, multiple submitters, no conflicts",VUS,2016-04-15,LB,2024-09-01,4,4,True,toward_benign,2016.0,2024.0
569863,CEP164,NM_014956.5(CEP164):c.4060G>A (p.Asp1354Asn),"D1354N, D1349N",single nucleotide variant,missense variant,Uncertain significance,"criteria provided, multiple submitters, no conflicts",VUS,2016-10-03,LB,2024-09-11,5,5,True,toward_benign,2016.0,2024.0
310635,CEP290,NM_025114.4(CEP290):c.-38G>C,,single nucleotide variant,5 prime UTR variant,Uncertain significance,"criteria provided, single submitter",VUS,2018-01-12,LB,2021-10-14,6,2,True,toward_benign,2018.0,2021.0
991678,CEP290,NM_025114.4(CEP290):c.1522+8A>G,,single nucleotide variant,intron variant,Likely benign,"criteria provided, single submitter",VUS,2020-04-17,LB,2024-01-28,2,2,True,toward_benign,2020.0,2024.0
695588,CEP290,NM_025114.4(CEP290):c.1523-6T>C,,single nucleotide variant,intron variant,Likely benign,"criteria provided, single submitter",VUS,2020-02-13,LB,2025-12-08,2,2,True,toward_benign,2020.0,2025.0
2439907,CEP290,NM_025114.4(CEP290):c.1554T>A (p.Thr518=),,single nucleotide variant,synonymous variant,Uncertain significance,"criteria provided, single submitter",VUS,2021-12-01,LB,2023-10-20,2,2,True,toward_benign,2021.0,2023.0
2941187,CEP290,NM_025114.4(CEP290):c.2070T>C (p.Asn690=),,single nucleotide variant,synonymous variant,Likely benign,"criteria provided, single submitter",VUS,2025-03-23,LB,2025-08-04,2,2,True,toward_benign,2025.0,2025.0
788222,CEP290,NM_025114.4(CEP290):c.231A>G (p.Gly77=),,single nucleotide variant,synonymous variant,Likely benign,"criteria provided, single submitter",VUS,2020-01-24,LB,2025-09-08,2,2,True,toward_benign,2020.0,2025.0
4064242,CEP290,NM_025114.4(CEP290):c.2412T>C (p.Ser804=),,single nucleotide variant,synonymous variant,Likely benign,"criteria provided, single submitter",VUS,2025-04-24,LB,2025-06-10,2,2,True,toward_benign,2025.0,2025.0
706278,CEP290,NM_025114.4(CEP290):c.2587-9T>C,,single nucleotide variant,intron variant,Likely benign,"criteria provided, single submitter",VUS,2020-01-24,LB,2025-10-30,3,3,True,toward_benign,2020.0,2025.0
701110,CEP290,NM_025114.4(CEP290):c.2697A>G (p.Gln899=),,single nucleotide variant,synonymous variant,Likely benign,"criteria provided, multiple submitters, no conflicts",VUS,2020-04-17,LB,2024-06-04,3,3,True,toward_benign,2020.0,2024.0
493120,CEP290,NM_025114.4(CEP290):c.2817+4C>T,,single nucleotide variant,intron variant,Uncertain significance,"criteria provided, single submitter",VUS,2017-11-01,LB,2024-07-10,2,2,True,toward_benign,2017.0,2024.0
757075,CEP290,NM_025114.4(CEP290):c.2928C>T (p.Tyr976=),,single nucleotide variant,synonymous variant,Likely benign,"criteria provided, single submitter",VUS,2020-01-24,LB,2022-11-01,2,2,True,toward_benign,2020.0,2022.0
991342,CEP290,NM_025114.4(CEP290):c.3321C>T (p.Ile1107=),,single nucleotide variant,synonymous variant,Likely benign,"criteria provided, single submitter",VUS,2020-04-17,LB,2022-04-09,2,2,True,toward_benign,2020.0,2022.0
704313,CEP290,NM_025114.4(CEP290):c.3420A>G (p.Glu1140=),,single nucleotide variant,synonymous variant,Likely benign,"criteria provided, single submitter",VUS,2020-03-11,LB,2025-03-20,3,3,True,toward_benign,2020.0,2025.0
3347871,CEP290,NM_025114.4(CEP290):c.3516A>G (p.Gln1172=),,single nucleotide variant,synonymous variant,Uncertain significance,"criteria provided, single submitter",VUS,2024-01-23,LB,2024-09-29,2,2,True,toward_benign,2024.0,2024.0
695227,CEP290,NM_025114.4(CEP290):c.3564A>G (p.Leu1188=),,single nucleotide variant,synonymous variant,Likely benign,"criteria provided, single submitter",VUS,2020-04-17,LB,2025-11-25,3,3,True,toward_benign,2020.0,2025.0
1906439,CEP290,NM_025114.4(CEP290):c.3633A>G (p.Gln1211=),,single nucleotide variant,synonymous variant,Likely benign,"criteria provided, single submitter",VUS,2023-11-01,LB,2025-10-09,2,2,True,toward_benign,2023.0,2025.0
991338,CEP290,NM_025114.4(CEP290):c.3810A>G (p.Leu1270=),,single nucleotide variant,synonymous variant,Likely benign,"criteria provided, single submitter",VUS,2020-04-17,LB,2026-01-26,2,2,True,toward_benign,2020.0,2026.0
991337,CEP290,NM_025114.4(CEP290):c.3948C>T (p.Asn1316=),,single nucleotide variant,synonymous variant,Likely benign,"criteria provided, single submitter",VUS,2020-08-14,LB,2024-05-22,3,3,True,toward_benign,2020.0,2024.0
862736,CEP290,NM_025114.4(CEP290):c.4320A>T (p.Gly1440=),,single nucleotide variant,synonymous variant,Likely benign,"criteria provided, single submitter",VUS,2021-02-19,LB,2025-04-28,2,2,True,toward_benign,2021.0,2025.0
2938723,CEP290,NM_025114.4(CEP290):c.4338T>C (p.Ser1446=),,single nucleotide variant,synonymous variant,Likely benign,"criteria provided, single submitter",VUS,2025-04-06,LB,2025-08-21,2,2,True,toward_benign,2025.0,2025.0
1125496,CEP290,NM_025114.4(CEP290):c.4512A>G (p.Glu1504=),,single nucleotide variant,synonymous variant,Likely benign,"criteria provided, single submitter",VUS,2025-05-29,LB,2025-11-08,2,2,True,toward_benign,2025.0,2025.0
3354513,CEP290,NM_025114.4(CEP290):c.5003T>C (p.Ile1668Thr),I1668T,single nucleotide variant,missense variant,Likely benign,"criteria provided, single submitter",VUS,2024-08-06,LB,2025-05-23,2,2,True,toward_benign,2024.0,2025.0
695953,CEP290,NM_025114.4(CEP290):c.5012+10C>T,,single nucleotide variant,intron variant,Likely benign,"criteria provided, multiple submitters, no conflicts",VUS,2020-04-17,LB,2026-01-26,5,5,True,toward_benign,2020.0,2026.0
990688,CEP290,NM_025114.4(CEP290):c.5019A>G (p.Gln1673=),,single nucleotide variant,synonymous variant,Likely benign,"criteria provided, single submitter",VUS,2020-04-17,LB,2026-02-02,2,2,True,toward_benign,2020.0,2026.0
2245259,CEP290,NM_025114.4(CEP290):c.5226+6T>G,,single nucleotide variant,intron variant,Uncertain significance,"criteria provided, multiple submitters, no conflicts",VUS,2021-10-01,LB,2023-06-16,3,3,True,toward_benign,2021.0,2023.0
990685,CEP290,NM_025114.4(CEP290):c.5523G>A (p.Glu1841=),,single nucleotide variant,synonymous variant,Likely benign,"criteria provided, single submitter",VUS,2020-04-17,LB,2025-12-29,2,2,True,toward_benign,2020.0,2025.0
705069,CEP290,NM_025114.4(CEP290):c.5776C>A (p.Arg1926=),,single nucleotide variant,synonymous variant,Likely benign,"criteria provided, single submitter",VUS,2020-04-17,LB,2025-07-29,3,3,True,toward_benign,2020.0,2025.0
699371,CEP290,NM_025114.4(CEP290):c.6005A>G (p.Tyr2002Cys),Y2002C,single nucleotide variant,missense variant,Likely benign,"criteria provided, single submitter",VUS,2020-04-17,LB,2026-01-05,3,3,True,toward_benign,2020.0,2026.0
698017,CEP290,NM_025114.4(CEP290):c.609C>T (p.Asp203=),,single nucleotide variant,synonymous variant,Likely benign,"criteria provided, multiple submitters, no conflicts",VUS,2020-04-17,LB,2023-11-10,4,4,True,toward_benign,2020.0,2023.0
1000014,CEP290,NM_025114.4(CEP290):c.6135A>G (p.Ser2045=),,single nucleotide variant,synonymous variant,Uncertain significance,"criteria provided, single submitter",VUS,2020-03-13,LB,2022-09-30,3,3,True,toward_benign,2020.0,2022.0
700855,CEP290,NM_025114.4(CEP290):c.7209+7T>C,,single nucleotide variant,intron variant,Likely benign,"criteria provided, single submitter",VUS,2020-02-13,LB,2023-10-18,3,3,True,toward_benign,2020.0,2023.0
695463,CEP290,NM_025114.4(CEP290):c.834C>T (p.Asn278=),,single nucleotide variant,synonymous variant,Likely benign,"criteria provided, multiple submitters, no conflicts",VUS,2020-03-10,LB,2026-01-24,4,4,True,toward_benign,2020.0,2026.0
319213,GLIS2,NM_032575.3(GLIS2):c.651C>T (p.Asn217=),,single nucleotide variant,synonymous variant,Uncertain significance,"criteria provided, single submitter",VUS,2018-01-13,LB,2020-06-05,2,2,True,toward_benign,2018.0,2020.0
502508,NPHP1,NM_001128178.3(NPHP1):c.*1C>T,,single nucleotide variant,3 prime UTR variant,Uncertain significance,"criteria provided, single submitter",VUS,2017-06-20,LB,2024-05-01,2,2,True,toward_benign,2017.0,2024.0
1564712,NPHP1,NM_001128178.3(NPHP1):c.800C>T (p.Thr267Met),"T204M, T266M, T267M, T322M, T323M",single nucleotide variant,missense variant,Likely benign,"criteria provided, single submitter",VUS,2024-06-04,LB,2025-10-01,2,2,True,toward_benign,2024.0,2025.0
1128116,NPHP3,NM_153240.5(NPHP3):c.2884-5C>T,,single nucleotide variant,intron variant,Likely benign,"criteria provided, single submitter",VUS,2024-09-04,LB,2026-01-06,2,2,True,toward_benign,2024.0,2026.0
596155,NPHP4,NM_015102.5(NPHP4):c.-8C>T,,single nucleotide variant,5 prime UTR variant|non-coding transcript variant|intron variant,Uncertain significance,"criteria provided, single submitter",VUS,2018-02-26,LB,2019-02-27,2,2,True,toward_benign,2018.0,2019.0
2157467,NPHP4,NM_015102.5(NPHP4):c.1956-3C>T,,single nucleotide variant,intron variant,Uncertain significance,"criteria provided, single submitter",VUS,2022-08-08,LB,2023-06-22,2,2,True,toward_benign,2022.0,2023.0
297786,NPHP4,NM_015102.5(NPHP4):c.3864C>T (p.Asp1288=),,single nucleotide variant,synonymous variant|non-coding transcript variant,Uncertain significance,"criteria provided, single submitter",VUS,2018-01-13,LB,2024-08-15,3,2,True,toward_benign,2018.0,2024.0
701211,RPGRIP1L,NM_015272.5(RPGRIP1L):c.1029+8C>T,,single nucleotide variant,intron variant,Likely benign,"criteria provided, multiple submitters, no conflicts",VUS,2020-02-13,LB,2024-09-15,4,4,True,toward_benign,2020.0,2024.0
702695,RPGRIP1L,NM_015272.5(RPGRIP1L):c.111G>A (p.Lys37=),,single nucleotide variant,synonymous variant,Likely benign,"criteria provided, single submitter",VUS,2020-08-16,LB,2025-08-02,2,2,True,toward_benign,2020.0,2025.0
992036,RPGRIP1L,NM_015272.5(RPGRIP1L):c.1344C>T (p.Tyr448=),,single nucleotide variant,synonymous variant,Likely benign,"criteria provided, single submitter",VUS,2020-04-24,LB,2023-09-08,2,2,True,toward_benign,2020.0,2023.0
166917,RPGRIP1L,NM_015272.5(RPGRIP1L):c.1401+4A>G,,single nucleotide variant,intron variant,Uncertain significance,"criteria provided, multiple submitters, no conflicts",VUS,2014-01-17,LB,2023-10-04,4,4,True,toward_benign,2014.0,2023.0
701489,RPGRIP1L,NM_015272.5(RPGRIP1L):c.1419_1421del (p.Lys473del),K473del,Deletion,inframe_deletion,Likely benign,"criteria provided, single submitter",VUS,2020-09-10,LB,2025-12-20,2,2,True,toward_benign,2020.0,2025.0
695242,RPGRIP1L,NM_015272.5(RPGRIP1L):c.165G>A (p.Leu55=),,single nucleotide variant,synonymous variant,Likely benign,"criteria provided, single submitter",VUS,2020-04-24,LB,2026-01-16,3,3,True,toward_benign,2020.0,2026.0
2012103,RPGRIP1L,NM_015272.5(RPGRIP1L):c.1818A>G (p.Leu606=),,single nucleotide variant,synonymous variant,Likely benign,"criteria provided, single submitter",VUS,2025-05-16,LB,2026-01-20,2,2,True,toward_benign,2025.0,2026.0
991025,RPGRIP1L,NM_015272.5(RPGRIP1L):c.1938C>T (p.Pro646=),,single nucleotide variant,synonymous variant,Likely benign,"criteria provided, multiple submitters, no conflicts",VUS,2020-08-13,LB,2025-10-24,3,3,True,toward_benign,2020.0,2025.0
696023,RPGRIP1L,NM_015272.5(RPGRIP1L):c.2448G>A (p.Val816=),,single nucleotide variant,synonymous variant,Likely benign,"criteria provided, multiple submitters, no conflicts",VUS,2019-12-27,LB,2025-12-17,3,3,True,toward_benign,2019.0,2025.0
991020,RPGRIP1L,NM_015272.5(RPGRIP1L):c.2454G>A (p.Lys818=),,single nucleotide variant,synonymous variant,Likely benign,"criteria provided, single submitter",VUS,2020-04-24,LB,2024-03-05,2,2,True,toward_benign,2020.0,2024.0
991018,RPGRIP1L,NM_015272.5(RPGRIP1L):c.2574A>G (p.Ser858=),,single nucleotide variant,synonymous variant,Likely benign,"criteria provided, single submitter",VUS,2020-04-24,LB,2025-09-28,2,2,True,toward_benign,2020.0,2025.0
1534532,RPGRIP1L,NM_015272.5(RPGRIP1L):c.2649T>C (p.Pro883=),,single nucleotide variant,synonymous variant,Likely benign,"criteria provided, single submitter",VUS,2025-03-16,LB,2025-05-27,2,2,True,toward_benign,2025.0,2025.0
991017,RPGRIP1L,NM_015272.5(RPGRIP1L):c.2718T>C (p.Pro906=),,single nucleotide variant,synonymous variant,Likely benign,"criteria provided, single submitter",VUS,2020-11-11,LB,2023-05-23,2,2,True,toward_benign,2020.0,2023.0
991015,RPGRIP1L,NM_015272.5(RPGRIP1L):c.2814C>T (p.Ser938=),,single nucleotide variant,synonymous variant,Likely benign,"criteria provided, single submitter",VUS,2020-07-30,LB,2025-10-04,2,2,True,toward_benign,2020.0,2025.0
1051727,RPGRIP1L,NM_015272.5(RPGRIP1L):c.3768C>T (p.Gly1256=),,single nucleotide variant,synonymous variant,Likely benign,"criteria provided, single submitter",VUS,2021-02-25,LB,2024-06-20,3,3,True,toward_benign,2021.0,2024.0
992046,RPGRIP1L,NM_015272.5(RPGRIP1L):c.387C>T (p.Leu129=),,single nucleotide variant,synonymous variant,Likely benign,"criteria provided, single submitter",VUS,2020-04-24,LB,2024-03-13,2,2,True,toward_benign,2020.0,2024.0
992041,RPGRIP1L,NM_015272.5(RPGRIP1L):c.883-7C>A,,single nucleotide variant,intron variant,Likely benign,"criteria provided, single submitter",VUS,2020-09-21,LB,2026-01-12,3,3,True,toward_benign,2020.0,2026.0
698454,RPGRIP1L,NM_015272.5(RPGRIP1L):c.960G>A (p.Gln320=),,single nucleotide variant,synonymous variant,Likely benign,"criteria provided, single submitter",VUS,2020-04-24,LB,2026-01-28,2,2,True,toward_benign,2020.0,2026.0
992040,RPGRIP1L,NM_015272.5(RPGRIP1L):c.999T>G (p.Ser333=),,single nucleotide variant,synonymous variant,Likely benign,"criteria provided, multiple submitters, no conflicts",VUS,2020-04-24,LB,2025-01-15,4,4,True,toward_benign,2020.0,2025.0
2138839,SDCCAG8,NM_006642.5(SDCCAG8):c.1854A>G (p.Arg618=),,single nucleotide variant,synonymous variant,Uncertain significance,"criteria provided, single submitter",VUS,2022-06-11,LB,2023-10-13,2,2,True,toward_benign,2022.0,2023.0
3354795,TMEM67,NM_153704.6(TMEM67):c.715-4G>T,,single nucleotide variant,intron variant,Likely benign,"criteria provided, single submitter",VUS,2024-08-08,LB,2025-10-01,2,2,True,toward_benign,2024.0,2025.0
1050728,TTC21B,NM_024753.5(TTC21B):c.2305A>T (p.Thr769Ser),T769S,single nucleotide variant,missense variant,Likely benign,"criteria provided, single submitter",VUS,2024-09-11,LB,2025-04-27,3,3,True,toward_benign,2024.0,2025.0
966688,TTC21B,NM_024753.5(TTC21B):c.3423A>G (p.Gln1141=),,single nucleotide variant,synonymous variant,Uncertain significance,"criteria provided, single submitter",VUS,2021-08-13,LB,2024-08-23,2,2,True,toward_benign,2021.0,2024.0
988210,TTC21B,NM_024753.5(TTC21B):c.3622A>G (p.Ile1208Val),I1208V,single nucleotide variant,missense variant,Likely benign,"criteria provided, single submitter",VUS,2018-05-30,LB,2025-12-14,2,2,True,toward_benign,2018.0,2025.0
331837,TTC21B,NM_024753.5(TTC21B):c.795+3A>G,,single nucleotide variant,intron variant,Uncertain significance,"criteria provided, multiple submitters, no conflicts",VUS,2018-01-13,LB,2024-07-25,5,4,True,toward_benign,2018.0,2024.0
2265468,WDR19,NM_025132.4(WDR19):c.3215A>G (p.Asn1072Ser),"N1072S, N912S",single nucleotide variant,missense variant,Likely benign,"criteria provided, single submitter",VUS,2020-01-01,LB,2021-12-07,2,2,True,toward_benign,2020.0,2021.0
2583177,CEP290,NM_025114.4(CEP290):c.104T>G (p.Val35Gly),V35G,single nucleotide variant,missense variant,Uncertain significance,"criteria provided, single submitter",VUS,2023-10-03,LP,2024-03-13,2,2,True,toward_pathogenic,2023.0,2024.0
866922,CEP290,NM_025114.4(CEP290):c.2414T>C (p.Leu805Pro),L805P,single nucleotide variant,missense variant,Pathogenic/Likely pathogenic,"criteria provided, multiple submitters, no conflicts",VUS,2017-12-29,LP,2025-05-15,6,6,True,toward_pathogenic,2017.0,2025.0
591445,CEP290,NM_025114.4(CEP290):c.4704+1G>T,,single nucleotide variant,splice donor variant,Pathogenic/Likely pathogenic,"criteria provided, multiple submitters, no conflicts",VUS,2018-09-16,LP,2023-06-13,3,3,True,toward_pathogenic,2018.0,2023.0
931715,NPHP3,NM_153240.5(NPHP3):c.1275+3A>T,,single nucleotide variant,intron variant,Uncertain significance,"criteria provided, single submitter",VUS,2019-08-12,LP,2023-10-27,2,2,True,toward_pathogenic,2019.0,2023.0
591737,ANKS6,NM_173551.5(ANKS6):c.130_157del (p.Glu44fs),E44fs,Deletion,frameshift variant,Pathogenic,"criteria provided, single submitter",VUS,2018-09-16,P,2021-06-30,2,2,True,toward_pathogenic,2018.0,2021.0
2426021,CEP164,NC_000011.9:g.(?_116660844)_(117870356_?)del,,Deletion,,Uncertain significance,"criteria provided, single submitter",VUS,2022-06-13,P,2022-06-13,2,1,True,toward_pathogenic,2022.0,2022.0
591983,CEP164,NM_014956.5(CEP164):c.266dup (p.Asp89fs),D89fs,Duplication,frameshift variant,Pathogenic,"criteria provided, single submitter",VUS,2018-09-16,P,2023-01-23,2,2,True,toward_pathogenic,2018.0,2023.0
591346,CEP164,NM_014956.5(CEP164):c.347_348insT (p.Lys116fs),K116fs,Insertion,frameshift variant,Pathogenic,"criteria provided, single submitter",VUS,2018-09-16,P,2023-01-31,2,2,True,toward_pathogenic,2018.0,2023.0
591805,CEP290,NM_025114.4(CEP290):c.1858G>T (p.Glu620Ter),E620*,single nucleotide variant,nonsense,Pathogenic,"criteria provided, single submitter",VUS,2018-09-16,P,2019-09-15,2,2,True,toward_pathogenic,2018.0,2019.0
438223,CEP290,NM_025114.4(CEP290):c.2390del (p.Lys797fs),K797fs,Deletion,frameshift variant,Pathogenic,"criteria provided, multiple submitters, no conflicts",VUS,2015-01-01,P,2026-02-11,14,14,True,toward_pathogenic,2015.0,2026.0
591520,INVS,NM_014425.5(INVS):c.2786+2T>C,,single nucleotide variant,splice donor variant,Pathogenic/Likely pathogenic,"criteria provided, multiple submitters, no conflicts",VUS,2018-09-16,P,2023-07-21,3,3,True,toward_pathogenic,2018.0,2023.0
591958,RPGRIP1L,NM_015272.5(RPGRIP1L):c.1073dup (p.Leu358fs),L358fs,Duplication,frameshift variant,Pathogenic,"criteria provided, single submitter",VUS,2018-09-16,P,2023-06-28,2,2,True,toward_pathogenic,2018.0,2023.0
591393,RPGRIP1L,NM_015272.5(RPGRIP1L):c.583A>T (p.Lys195Ter),K195*,single nucleotide variant,nonsense,Pathogenic/Likely pathogenic,"criteria provided, multiple submitters, no conflicts",VUS,2018-09-16,P,2025-12-20,6,6,True,toward_pathogenic,2018.0,2025.0
591751,RPGRIP1L,NM_015272.5(RPGRIP1L):c.65_66dup (p.Gly23fs),G23fs,Duplication,frameshift variant,Pathogenic,"criteria provided, multiple submitters, no conflicts",VUS,2018-09-16,P,2024-08-05,3,3,True,toward_pathogenic,2018.0,2024.0
591885,SDCCAG8,NM_006642.5(SDCCAG8):c.199G>T (p.Glu67Ter),E67*,single nucleotide variant,5 prime UTR variant|nonsense,Pathogenic,"criteria provided, single submitter",VUS,2018-09-16,P,2020-12-04,2,2,True,toward_pathogenic,2018.0,2020.0
1955937,SDCCAG8,NM_006642.5(SDCCAG8):c.252del (p.Ala85fs),A85fs,Deletion,5 prime UTR variant|frameshift variant,Pathogenic,"criteria provided, single submitter",VUS,2023-10-26,P,2025-07-16,2,2,True,toward_pathogenic,2023.0,2025.0
591254,TTC21B,NM_024753.5(TTC21B):c.2913dup (p.Val972fs),V972fs,Duplication,frameshift variant,Pathogenic/Likely pathogenic,"criteria provided, multiple submitters, no conflicts",VUS,2018-09-16,P,2025-03-10,3,3,True,toward_pathogenic,2018.0,2025.0
