VariationID,gene,Name,protein_change,variant_type,consequence,current_class,review_status,first_class,first_date,latest_class,latest_date,n_submissions,n_submitters,reclassified,direction,first_year,latest_year
259573,ACTN4,NM_004924.6(ACTN4):c.2316G>A (p.Ala772=),,single nucleotide variant,synonymous variant,Benign/Likely benign,"criteria provided, multiple submitters, no conflicts",B,2021-12-05,LB,2025-10-08,5,5,True,toward_pathogenic,2021.0,2025.0
385429,ADCK4,NM_024876.4(COQ8B):c.*10T>C,,single nucleotide variant,3 prime UTR variant,Benign/Likely benign,"criteria provided, multiple submitters, no conflicts",B,2016-07-12,LB,2021-10-08,3,3,True,toward_pathogenic,2016.0,2021.0
381873,ADCK4,NM_024876.4(COQ8B):c.1305C>T (p.Ser435=),,single nucleotide variant,synonymous variant,Benign/Likely benign,"criteria provided, multiple submitters, no conflicts",B,2018-01-22,LB,2026-03-01,4,4,True,toward_pathogenic,2018.0,2026.0
1164578,ANLN,NM_018685.5(ANLN):c.2427C>A (p.Ile809=),,single nucleotide variant,synonymous variant,Benign/Likely benign,"criteria provided, multiple submitters, no conflicts",B,2025-04-12,LB,2025-07-23,2,2,True,toward_pathogenic,2025.0,2025.0
1165031,ANLN,NM_018685.5(ANLN):c.3057T>C (p.Tyr1019=),,single nucleotide variant,synonymous variant,Benign/Likely benign,"criteria provided, multiple submitters, no conflicts",B,2025-06-12,LB,2026-01-01,2,2,True,toward_pathogenic,2025.0,2026.0
357149,CD2AP,NM_012120.3(CD2AP):c.-441C>A,,single nucleotide variant,5 prime UTR variant,Benign/Likely benign,"criteria provided, multiple submitters, no conflicts",B,2018-01-12,LB,2020-01-16,2,2,True,toward_pathogenic,2018.0,2020.0
726649,CD2AP,NM_012120.3(CD2AP):c.1014A>G (p.Pro338=),,single nucleotide variant,synonymous variant,Benign/Likely benign,"criteria provided, multiple submitters, no conflicts",B,2018-01-12,LB,2025-12-22,3,3,True,toward_pathogenic,2018.0,2025.0
357172,CD2AP,NM_012120.3(CD2AP):c.1181C>A (p.Pro394Gln),P394Q,single nucleotide variant,missense variant,Benign/Likely benign,"criteria provided, multiple submitters, no conflicts",B,2018-01-13,LB,2025-12-15,2,2,True,toward_pathogenic,2018.0,2025.0
260184,CD2AP,NM_012120.3(CD2AP):c.1417+19C>T,,single nucleotide variant,intron variant,Benign/Likely benign,"criteria provided, multiple submitters, no conflicts",B,2021-05-29,LB,2022-02-19,3,3,True,toward_pathogenic,2021.0,2022.0
911541,CD2AP,NM_012120.3(CD2AP):c.165+13A>G,,single nucleotide variant,intron variant,Benign/Likely benign,"criteria provided, multiple submitters, no conflicts",B,2018-01-12,LB,2025-10-11,2,2,True,toward_pathogenic,2018.0,2025.0
260192,CD2AP,NM_012120.3(CD2AP):c.792C>T (p.Thr264=),,single nucleotide variant,synonymous variant,Benign/Likely benign,"criteria provided, multiple submitters, no conflicts",B,2017-11-06,LB,2025-06-16,4,4,True,toward_pathogenic,2017.0,2025.0
136974,COQ2,NM_001358921.2(COQ2):c.762+14C>A,,single nucleotide variant,intron variant,Benign/Likely benign,"criteria provided, multiple submitters, no conflicts",B,2013-12-30,LB,2025-11-04,3,3,True,toward_pathogenic,2013.0,2025.0
377742,COQ6,NM_182476.3(COQ6):c.453T>C (p.Ala151=),,single nucleotide variant,synonymous variant|missense variant|intron variant,Benign/Likely benign,"criteria provided, multiple submitters, no conflicts",B,2015-09-16,LB,2024-10-07,2,2,True,toward_pathogenic,2015.0,2024.0
742564,CRB2,NM_173689.7(CRB2):c.270C>T (p.Thr90=),,single nucleotide variant,synonymous variant,Benign/Likely benign,"criteria provided, multiple submitters, no conflicts",B,2018-06-05,LB,2025-11-01,3,3,True,toward_pathogenic,2018.0,2025.0
725233,CRB2,NM_173689.7(CRB2):c.3296A>T (p.His1099Leu),H1099L,single nucleotide variant,missense variant|non-coding transcript variant,Likely benign,"criteria provided, single submitter",B,2019-09-19,LB,2025-12-08,2,2,True,toward_pathogenic,2019.0,2025.0
299350,CUBN,NM_001081.4(CUBN):c.*151G>A,,single nucleotide variant,3 prime UTR variant,Benign/Likely benign,"criteria provided, multiple submitters, no conflicts",B,2018-01-13,LB,2021-06-23,3,3,True,toward_pathogenic,2018.0,2021.0
299354,CUBN,NM_001081.4(CUBN):c.*45C>T,,single nucleotide variant,3 prime UTR variant,Benign/Likely benign,"criteria provided, multiple submitters, no conflicts",B,2018-01-13,LB,2020-03-25,3,3,True,toward_pathogenic,2018.0,2020.0
299352,CUBN,NM_001081.4(CUBN):c.*93C>A,,single nucleotide variant,3 prime UTR variant,Benign/Likely benign,"criteria provided, multiple submitters, no conflicts",B,2018-01-13,LB,2021-06-23,3,3,True,toward_pathogenic,2018.0,2021.0
265086,CUBN,NM_001081.4(CUBN):c.2594G>A (p.Ser865Asn),S865N,single nucleotide variant,missense variant,Benign/Likely benign,"criteria provided, multiple submitters, no conflicts",B,2017-04-27,LB,2026-03-01,7,7,True,toward_pathogenic,2017.0,2026.0
1599030,CUBN,NM_001081.4(CUBN):c.348+17C>T,,single nucleotide variant,intron variant,Benign/Likely benign,"criteria provided, multiple submitters, no conflicts",B,2026-01-14,LB,2026-04-24,3,3,True,toward_pathogenic,2026.0,2026.0
1050494,FAT1,NM_005245.4(FAT1):c.13042C>A (p.Leu4348Ile),L4348I,single nucleotide variant,missense variant,Benign/Likely benign,"criteria provided, multiple submitters, no conflicts",B,2019-07-08,LB,2026-03-01,6,6,True,toward_pathogenic,2019.0,2026.0
781849,FAT1,NM_005245.4(FAT1):c.8535G>A (p.Met2845Ile),M2845I,single nucleotide variant,missense variant,Benign/Likely benign,"criteria provided, multiple submitters, no conflicts",B,2023-01-31,LB,2026-02-01,5,5,True,toward_pathogenic,2023.0,2026.0
2178908,FAT1,NM_005245.4(FAT1):c.9448A>G (p.Thr3150Ala),T3150A,single nucleotide variant,missense variant,Benign/Likely benign,"criteria provided, multiple submitters, no conflicts",B,2024-10-16,LB,2025-11-01,2,2,True,toward_pathogenic,2024.0,2025.0
312719,INF2,NM_022489.4(INF2):c.*388A>G,,single nucleotide variant,3 prime UTR variant,Benign/Likely benign,"criteria provided, multiple submitters, no conflicts",B,2018-01-13,LB,2026-02-01,3,3,True,toward_pathogenic,2018.0,2026.0
312722,INF2,NM_022489.4(INF2):c.*544G>A,,single nucleotide variant,3 prime UTR variant,Benign/Likely benign,"criteria provided, multiple submitters, no conflicts",B,2018-01-12,LB,2025-02-16,4,4,True,toward_pathogenic,2018.0,2025.0
882384,INF2,NM_022489.4(INF2):c.1263A>C (p.Pro421=),,single nucleotide variant,synonymous variant,Benign/Likely benign,"criteria provided, multiple submitters, no conflicts",B,2018-01-12,LB,2021-12-14,4,4,True,toward_pathogenic,2018.0,2021.0
420406,INF2,NM_022489.4(INF2):c.1281_1286del (p.Pro428_Leu429del),,Deletion,inframe_deletion,Benign/Likely benign,"criteria provided, multiple submitters, no conflicts",B,2016-03-28,LB,2026-01-27,6,6,True,toward_pathogenic,2016.0,2026.0
882650,INF2,NM_022489.4(INF2):c.1329A>C (p.Pro443=),,single nucleotide variant,synonymous variant,Benign/Likely benign,"criteria provided, multiple submitters, no conflicts",B,2018-01-13,LB,2025-11-25,2,2,True,toward_pathogenic,2018.0,2025.0
246526,INF2,NM_022489.4(INF2):c.1360C>T (p.Leu454Phe),L454F,single nucleotide variant,missense variant,Benign/Likely benign,"criteria provided, multiple submitters, no conflicts",B,2018-01-13,LB,2025-11-21,4,4,True,toward_pathogenic,2018.0,2025.0
312688,INF2,NM_022489.4(INF2):c.1451G>A (p.Cys484Tyr),C484Y,single nucleotide variant,missense variant,Benign/Likely benign,"criteria provided, multiple submitters, no conflicts",B,2017-12-13,LB,2026-02-01,11,11,True,toward_pathogenic,2017.0,2026.0
514976,INF2,NM_022489.4(INF2):c.1499C>T (p.Pro500Leu),P500L,single nucleotide variant,missense variant,Benign/Likely benign,"criteria provided, multiple submitters, no conflicts",B,2018-01-13,LB,2024-12-16,5,5,True,toward_pathogenic,2018.0,2024.0
312689,INF2,NM_022489.4(INF2):c.1582C>T (p.Pro528Ser),P528S,single nucleotide variant,missense variant,Benign/Likely benign,"criteria provided, multiple submitters, no conflicts",B,2016-07-29,LB,2026-03-01,11,11,True,toward_pathogenic,2016.0,2026.0
312693,INF2,NM_022489.4(INF2):c.1770C>T (p.Pro590=),,single nucleotide variant,synonymous variant,Benign/Likely benign,"criteria provided, multiple submitters, no conflicts",B,2018-01-12,LB,2025-10-02,7,7,True,toward_pathogenic,2018.0,2025.0
312695,INF2,NM_022489.4(INF2):c.1806C>T (p.Ile602=),,single nucleotide variant,synonymous variant,Benign/Likely benign,"criteria provided, multiple submitters, no conflicts",B,2018-01-12,LB,2025-10-21,4,4,True,toward_pathogenic,2018.0,2025.0
312696,INF2,NM_022489.4(INF2):c.1865G>A (p.Arg622Gln),R622Q,single nucleotide variant,missense variant,Benign/Likely benign,"criteria provided, multiple submitters, no conflicts",B,2018-01-13,LB,2025-04-17,2,2,True,toward_pathogenic,2018.0,2025.0
881532,INF2,NM_022489.4(INF2):c.2507T>C (p.Ile836Thr),I836T,single nucleotide variant,missense variant,Benign/Likely benign,"criteria provided, multiple submitters, no conflicts",B,2018-01-13,LB,2025-12-13,4,4,True,toward_pathogenic,2018.0,2025.0
540055,INF2,NM_022489.4(INF2):c.2509C>T (p.Arg837Cys),R837C,single nucleotide variant,missense variant,Benign/Likely benign,"criteria provided, multiple submitters, no conflicts",B,2018-01-13,LB,2025-11-18,7,7,True,toward_pathogenic,2018.0,2025.0
312703,INF2,NM_022489.4(INF2):c.2848C>T (p.Arg950Trp),R950W,single nucleotide variant,missense variant,Benign/Likely benign,"criteria provided, multiple submitters, no conflicts",B,2018-01-12,LB,2025-11-01,8,8,True,toward_pathogenic,2018.0,2025.0
261614,INF2,NM_022489.4(INF2):c.3069C>T (p.Pro1023=),,single nucleotide variant,synonymous variant,Benign/Likely benign,"criteria provided, multiple submitters, no conflicts",B,2016-03-07,LB,2026-03-01,10,10,True,toward_pathogenic,2016.0,2026.0
261615,INF2,NM_022489.4(INF2):c.3108T>C (p.Leu1036=),,single nucleotide variant,synonymous variant,Benign/Likely benign,"criteria provided, multiple submitters, no conflicts",B,2016-07-29,LB,2026-03-01,13,13,True,toward_pathogenic,2016.0,2026.0
312706,INF2,NM_022489.4(INF2):c.3134G>A (p.Arg1045Gln),R1045Q,single nucleotide variant,missense variant,Benign/Likely benign,"criteria provided, multiple submitters, no conflicts",B,2018-01-13,LB,2026-03-01,9,9,True,toward_pathogenic,2018.0,2026.0
245863,INF2,NM_022489.4(INF2):c.3221G>A (p.Arg1074Lys),R1074K,single nucleotide variant,missense variant,Benign/Likely benign,"criteria provided, multiple submitters, no conflicts",B,2018-01-12,LB,2026-02-03,6,6,True,toward_pathogenic,2018.0,2026.0
472864,INF2,NM_022489.4(INF2):c.3744C>T (p.Ile1248=),,single nucleotide variant,synonymous variant|intron variant,Benign/Likely benign,"criteria provided, multiple submitters, no conflicts",B,2024-12-30,LB,2026-01-27,2,2,True,toward_pathogenic,2024.0,2026.0
261621,INF2,NM_022489.4(INF2):c.3747G>A (p.Gln1249=),,single nucleotide variant,synonymous variant|intron variant,Benign/Likely benign,"criteria provided, multiple submitters, no conflicts",B,2025-08-17,LB,2025-10-08,3,3,True,toward_pathogenic,2025.0,2025.0
883383,INF2,NM_022489.4(INF2):c.474C>T (p.His158=),,single nucleotide variant,synonymous variant,Benign/Likely benign,"criteria provided, multiple submitters, no conflicts",B,2018-01-13,LB,2025-06-22,4,4,True,toward_pathogenic,2018.0,2025.0
618692,INF2,NM_022489.4(INF2):c.609C>T (p.Ala203=),,single nucleotide variant,synonymous variant,Benign/Likely benign,"criteria provided, multiple submitters, no conflicts",B,2018-01-13,LB,2025-10-15,5,5,True,toward_pathogenic,2018.0,2025.0
779493,INF2,NM_022489.4(INF2):c.639G>A (p.Ala213=),,single nucleotide variant,synonymous variant,Benign/Likely benign,"criteria provided, multiple submitters, no conflicts",B,2019-10-10,LB,2025-12-01,4,4,True,toward_pathogenic,2019.0,2025.0
325157,ITGB4,NM_000213.5(ITGB4):c.2009G>A (p.Arg670His),R670H,single nucleotide variant,missense variant,Benign/Likely benign,"criteria provided, multiple submitters, no conflicts",B,2018-01-13,LB,2026-03-01,7,7,True,toward_pathogenic,2018.0,2026.0
717464,ITGB4,NM_000213.5(ITGB4):c.2531G>T (p.Arg844Leu),R844L,single nucleotide variant,missense variant,Likely benign,"criteria provided, single submitter",B,2019-07-10,LB,2026-01-15,2,2,True,toward_pathogenic,2019.0,2026.0
325214,ITGB4,NM_000213.5(ITGB4):c.5219-15A>G,,single nucleotide variant,intron variant,Benign/Likely benign,"criteria provided, multiple submitters, no conflicts",B,2026-02-01,LB,2026-03-01,2,2,True,toward_pathogenic,2026.0,2026.0
734207,ITGB4,NM_000213.5(ITGB4):c.5367C>T (p.Gly1789=),,single nucleotide variant,synonymous variant|intron variant,Benign/Likely benign,"criteria provided, multiple submitters, no conflicts",B,2018-01-13,LB,2026-01-26,3,3,True,toward_pathogenic,2018.0,2026.0
2896097,ITGB4,NM_000213.5(ITGB4):c.915G>A (p.Pro305=),,single nucleotide variant,synonymous variant,Benign/Likely benign,"criteria provided, multiple submitters, no conflicts",B,2023-10-29,LB,2024-07-01,2,2,True,toward_pathogenic,2023.0,2024.0
781918,KANK1,NM_015158.5(KANK1):c.2825C>A (p.Ala942Asp),"A784D, A942D",single nucleotide variant,missense variant|non-coding transcript variant,Likely benign,"criteria provided, multiple submitters, no conflicts",B,2020-12-08,LB,2025-09-24,4,4,True,toward_pathogenic,2020.0,2025.0
2054581,KANK1,NM_015158.5(KANK1):c.3240A>G (p.Arg1080=),,single nucleotide variant,synonymous variant|intron variant,Benign/Likely benign,"criteria provided, multiple submitters, no conflicts",B,2025-10-15,LB,2025-11-01,2,2,True,toward_pathogenic,2025.0,2025.0
2195521,KANK2,NM_001136191.3(KANK2):c.1675C>T (p.Arg559Trp),"R567W, R559W",single nucleotide variant,missense variant,Benign/Likely benign,"criteria provided, multiple submitters, no conflicts",B,2024-10-31,LB,2025-06-12,2,2,True,toward_pathogenic,2024.0,2025.0
2041493,KANK2,NM_001136191.3(KANK2):c.926G>A (p.Arg309Gln),R309Q,single nucleotide variant,missense variant,Benign/Likely benign,"criteria provided, multiple submitters, no conflicts",B,2026-01-08,LB,2026-02-01,2,2,True,toward_pathogenic,2026.0,2026.0
1599818,LAMB2,NM_002292.4(LAMB2):c.3798-16del,,Deletion,intron variant,Benign/Likely benign,"criteria provided, multiple submitters, no conflicts",B,2021-09-27,LB,2022-03-29,2,2,True,toward_pathogenic,2021.0,2022.0
364895,LMX1B,NM_001174147.2(LMX1B):c.*127C>T,,single nucleotide variant,3 prime UTR variant,Benign/Likely benign,"criteria provided, multiple submitters, no conflicts",B,2018-01-13,LB,2018-06-26,3,3,True,toward_pathogenic,2018.0,2018.0
364901,LMX1B,NM_001174147.2(LMX1B):c.*280G>A,,single nucleotide variant,3 prime UTR variant,Benign/Likely benign,"criteria provided, multiple submitters, no conflicts",B,2018-01-13,LB,2018-06-26,2,2,True,toward_pathogenic,2018.0,2018.0
364880,LMX1B,NM_001174147.2(LMX1B):c.628G>A (p.Gly210Arg),G210R,single nucleotide variant,missense variant,Benign/Likely benign,"criteria provided, multiple submitters, no conflicts",B,2018-01-13,LB,2025-12-21,3,3,True,toward_pathogenic,2018.0,2025.0
1206011,LMX1B,NM_001174147.2(LMX1B):c.886+28G>A,G305D,single nucleotide variant,missense variant|intron variant,Likely benign,"criteria provided, multiple submitters, no conflicts",B,2019-05-21,LB,2025-11-01,5,5,True,toward_pathogenic,2019.0,2025.0
900679,MYH9,NM_002473.6(MYH9):c.*325C>T,,single nucleotide variant,3 prime UTR variant,Benign/Likely benign,"criteria provided, single submitter",B,2018-01-12,LB,2018-01-12,2,1,True,toward_pathogenic,2018.0,2018.0
341478,MYH9,NM_002473.6(MYH9):c.*329C>T,,single nucleotide variant,3 prime UTR variant,Benign/Likely benign,"criteria provided, single submitter",B,2018-01-13,LB,2018-01-13,2,1,True,toward_pathogenic,2018.0,2018.0
341472,MYH9,NM_002473.6(MYH9):c.*686C>T,,single nucleotide variant,3 prime UTR variant,Benign/Likely benign,"criteria provided, multiple submitters, no conflicts",B,2018-01-13,LB,2021-05-14,3,2,True,toward_pathogenic,2018.0,2021.0
902820,MYH9,NM_002473.6(MYH9):c.2217G>C (p.Ala739=),,single nucleotide variant,synonymous variant,Benign/Likely benign,"criteria provided, multiple submitters, no conflicts",B,2018-01-13,LB,2025-07-25,3,2,True,toward_pathogenic,2018.0,2025.0
341513,MYH9,NM_002473.6(MYH9):c.3606G>A (p.Ala1202=),,single nucleotide variant,synonymous variant,Benign/Likely benign,"criteria provided, multiple submitters, no conflicts",B,2018-01-12,LB,2025-11-04,3,2,True,toward_pathogenic,2018.0,2025.0
2960525,MYH9,NM_002473.6(MYH9):c.3624G>A (p.Thr1208=),,single nucleotide variant,synonymous variant,Benign/Likely benign,"criteria provided, multiple submitters, no conflicts",B,2025-09-25,LB,2026-01-09,2,2,True,toward_pathogenic,2025.0,2026.0
2975151,MYH9,NM_002473.6(MYH9):c.3754G>A (p.Ala1252Thr),A1252T,single nucleotide variant,missense variant,Benign/Likely benign,"criteria provided, multiple submitters, no conflicts",B,2023-04-26,LB,2025-06-17,2,2,True,toward_pathogenic,2023.0,2025.0
44562,MYH9,NM_002473.6(MYH9):c.4198C>T (p.Arg1400Trp),R1400W,single nucleotide variant,missense variant,Benign/Likely benign,"criteria provided, multiple submitters, no conflicts",B,2013-03-04,LB,2026-02-03,14,13,True,toward_pathogenic,2013.0,2026.0
2990415,MYH9,NM_002473.6(MYH9):c.4242C>G (p.Thr1414=),,single nucleotide variant,synonymous variant,Benign/Likely benign,"criteria provided, multiple submitters, no conflicts",B,2023-10-23,LB,2025-09-17,2,2,True,toward_pathogenic,2023.0,2025.0
341502,MYH9,NM_002473.6(MYH9):c.4359G>A (p.Glu1453=),,single nucleotide variant,synonymous variant,Benign/Likely benign,"criteria provided, multiple submitters, no conflicts",B,2018-01-13,LB,2025-12-22,5,4,True,toward_pathogenic,2018.0,2025.0
1907583,MYH9,NM_002473.6(MYH9):c.4597C>A (p.Gln1533Lys),Q1533K,single nucleotide variant,missense variant,Benign/Likely benign,"criteria provided, multiple submitters, no conflicts",B,2022-12-06,LB,2025-12-09,2,2,True,toward_pathogenic,2022.0,2025.0
3706895,MYH9,NM_002473.6(MYH9):c.579C>T (p.Tyr193=),,single nucleotide variant,synonymous variant,Benign/Likely benign,"criteria provided, multiple submitters, no conflicts",B,2025-12-24,LB,2026-02-10,2,2,True,toward_pathogenic,2025.0,2026.0
1193232,NPHS1,NM_004646.4(NPHS1):c.2927+24G>C,,single nucleotide variant,intron variant,Likely benign,"criteria provided, single submitter",B,2019-10-17,LB,2020-11-06,2,2,True,toward_pathogenic,2019.0,2020.0
1317262,NUP205,NM_015135.3(NUP205):c.*6C>T,,single nucleotide variant,3 prime UTR variant,Benign/Likely benign,"criteria provided, multiple submitters, no conflicts",B,2023-09-19,LB,2025-05-15,3,3,True,toward_pathogenic,2023.0,2025.0
782950,NUP205,NM_015135.3(NUP205):c.606A>G (p.Leu202=),,single nucleotide variant,5 prime UTR variant|synonymous variant,Benign/Likely benign,"criteria provided, multiple submitters, no conflicts",B,2026-01-25,LB,2026-03-01,2,2,True,toward_pathogenic,2026.0,2026.0
749780,NUP93,NM_014669.5(NUP93):c.790C>G (p.Gln264Glu),"Q264E, Q141E",single nucleotide variant,missense variant,Likely benign,"criteria provided, multiple submitters, no conflicts",B,2022-05-27,LB,2025-12-25,3,3,True,toward_pathogenic,2022.0,2025.0
877653,PLCE1,NM_016341.4(PLCE1):c.-246A>G,,single nucleotide variant,5 prime UTR variant,Benign/Likely benign,"criteria provided, multiple submitters, no conflicts",B,2018-01-13,LB,2020-03-02,2,2,True,toward_pathogenic,2018.0,2020.0
2061437,PLCE1,NM_016341.4(PLCE1):c.4053+8C>T,,single nucleotide variant,intron variant,Benign/Likely benign,"criteria provided, multiple submitters, no conflicts",B,2025-06-12,LB,2025-07-24,2,2,True,toward_pathogenic,2025.0,2025.0
206719,SCARB2,NM_005506.4(SCARB2):c.1385G>A (p.Gly462Glu),"G462E, G319E",single nucleotide variant,missense variant,Benign/Likely benign,"criteria provided, multiple submitters, no conflicts",B,2016-04-05,LB,2025-06-24,4,4,True,toward_pathogenic,2016.0,2025.0
259782,SCARB2,NM_005506.4(SCARB2):c.33G>T (p.Thr11=),,single nucleotide variant,synonymous variant,Benign/Likely benign,"criteria provided, multiple submitters, no conflicts",B,2015-03-03,LB,2025-10-26,4,4,True,toward_pathogenic,2015.0,2025.0
378504,SCARB2,NM_005506.4(SCARB2):c.567T>C (p.His189=),,single nucleotide variant,synonymous variant|intron variant,Benign/Likely benign,"criteria provided, multiple submitters, no conflicts",B,2015-06-22,LB,2025-12-01,5,5,True,toward_pathogenic,2015.0,2025.0
463145,SMARCAL1,NM_014140.4(SMARCAL1):c.1243A>G (p.Ser415Gly),S415G,single nucleotide variant,missense variant,Benign/Likely benign,"criteria provided, multiple submitters, no conflicts",B,2018-01-12,LB,2026-02-07,7,7,True,toward_pathogenic,2018.0,2026.0
448705,TRPC6,NM_004621.6(TRPC6):c.1294-4G>A,,single nucleotide variant,intron variant,Benign/Likely benign,"criteria provided, multiple submitters, no conflicts",B,2017-05-01,LB,2025-02-28,4,4,True,toward_pathogenic,2017.0,2025.0
877459,TRPC6,NM_004621.6(TRPC6):c.2392G>C (p.Asp798His),D798H,single nucleotide variant,missense variant,Benign/Likely benign,"criteria provided, multiple submitters, no conflicts",B,2018-01-13,LB,2025-07-28,2,2,True,toward_pathogenic,2018.0,2025.0
259464,TRPC6,NM_004621.6(TRPC6):c.888G>A (p.Thr296=),,single nucleotide variant,synonymous variant,Benign/Likely benign,"criteria provided, multiple submitters, no conflicts",B,2017-04-27,LB,2025-12-15,6,6,True,toward_pathogenic,2017.0,2025.0
720083,WDR73,NM_032856.5(WDR73):c.198+8_198+13del,,Deletion,intron variant,Benign/Likely benign,"criteria provided, multiple submitters, no conflicts",B,2025-02-27,LB,2025-12-16,2,2,True,toward_pathogenic,2025.0,2025.0
304389,WT1,NM_024426.6(WT1):c.*835A>G,,single nucleotide variant,3 prime UTR variant|non-coding transcript variant,Benign/Likely benign,"criteria provided, multiple submitters, no conflicts",B,2018-01-13,LB,2018-01-13,4,2,True,toward_pathogenic,2018.0,2018.0
304384,WT1,NM_024426.6(WT1):c.*903G>A,,single nucleotide variant,3 prime UTR variant|non-coding transcript variant,Benign/Likely benign,"criteria provided, single submitter",B,2018-01-12,LB,2018-01-12,3,1,True,toward_pathogenic,2018.0,2018.0
193453,WT1,NM_024426.6(WT1):c.123G>C (p.Pro41=),,single nucleotide variant,synonymous variant|non-coding transcript variant,Benign/Likely benign,"criteria provided, multiple submitters, no conflicts",B,2018-01-13,LB,2026-03-01,16,14,True,toward_pathogenic,2018.0,2026.0
1026744,WT1,NM_024426.6(WT1):c.661+8G>A,,single nucleotide variant,intron variant,Benign/Likely benign,"criteria provided, multiple submitters, no conflicts",B,2022-05-04,LB,2022-11-25,2,2,True,toward_pathogenic,2022.0,2022.0
710144,ACTN4,NM_004924.6(ACTN4):c.1218C>A (p.Arg406=),,single nucleotide variant,synonymous variant,Benign/Likely benign,"criteria provided, multiple submitters, no conflicts",LB,2020-10-26,B,2025-07-11,6,6,True,toward_benign,2020.0,2025.0
1166477,ACTN4,NM_004924.6(ACTN4):c.1290C>T (p.Asp430=),,single nucleotide variant,synonymous variant,Benign,"criteria provided, single submitter",LB,2020-08-10,B,2026-01-25,2,2,True,toward_benign,2020.0,2026.0
725444,ACTN4,NM_004924.6(ACTN4):c.1341G>A (p.Ser447=),,single nucleotide variant,synonymous variant,Benign/Likely benign,"criteria provided, multiple submitters, no conflicts",LB,2019-09-05,B,2025-08-06,4,4,True,toward_benign,2019.0,2025.0
1166801,ACTN4,NM_004924.6(ACTN4):c.1734G>A (p.Pro578=),,single nucleotide variant,synonymous variant,Benign/Likely benign,"criteria provided, multiple submitters, no conflicts",LB,2022-12-16,B,2025-07-20,4,4,True,toward_benign,2022.0,2025.0
259572,ACTN4,NM_004924.6(ACTN4):c.1998G>A (p.Gln666=),,single nucleotide variant,synonymous variant,Benign/Likely benign,"criteria provided, multiple submitters, no conflicts",LB,2020-12-15,B,2026-01-15,7,7,True,toward_benign,2020.0,2026.0
1170933,ACTN4,NM_004924.6(ACTN4):c.2010+9C>T,,single nucleotide variant,intron variant,Benign/Likely benign,"criteria provided, multiple submitters, no conflicts",LB,2019-09-01,B,2026-01-08,2,2,True,toward_benign,2019.0,2026.0
1599820,ACTN4,NM_004924.6(ACTN4):c.2011-4G>A,,single nucleotide variant,intron variant,Benign/Likely benign,"criteria provided, multiple submitters, no conflicts",LB,2022-05-27,B,2024-09-10,2,2,True,toward_benign,2022.0,2024.0
1170443,ACTN4,NM_004924.6(ACTN4):c.2011-5C>T,,single nucleotide variant,intron variant,Benign/Likely benign,"criteria provided, multiple submitters, no conflicts",LB,2020-06-26,B,2025-06-12,3,3,True,toward_benign,2020.0,2025.0
585360,ACTN4,NM_004924.6(ACTN4):c.2016C>T (p.Ile672=),,single nucleotide variant,synonymous variant,Benign/Likely benign,"criteria provided, multiple submitters, no conflicts",LB,2020-12-08,B,2026-01-27,6,6,True,toward_benign,2020.0,2026.0
837586,ACTN4,NM_004924.6(ACTN4):c.2190+4C>T,,single nucleotide variant,intron variant,Benign,"criteria provided, single submitter",LB,2019-02-22,B,2025-04-28,2,2,True,toward_benign,2019.0,2025.0
1170555,ACTN4,NM_004924.6(ACTN4):c.2191-5C>T,,single nucleotide variant,intron variant,Benign/Likely benign,"criteria provided, multiple submitters, no conflicts",LB,2020-05-18,B,2026-02-01,6,6,True,toward_benign,2020.0,2026.0
259574,ACTN4,NM_004924.6(ACTN4):c.2401G>A (p.Val801Met),V801M,single nucleotide variant,missense variant|intron variant,Benign/Likely benign,"criteria provided, multiple submitters, no conflicts",LB,2017-03-09,B,2025-12-31,12,12,True,toward_benign,2017.0,2025.0
1169705,ACTN4,NM_004924.6(ACTN4):c.297G>A (p.Pro99=),,single nucleotide variant,synonymous variant,Benign/Likely benign,"criteria provided, multiple submitters, no conflicts",LB,2022-02-11,B,2025-09-17,3,3,True,toward_benign,2022.0,2025.0
259578,ACTN4,NM_004924.6(ACTN4):c.369C>T (p.Gly123=),,single nucleotide variant,synonymous variant,Benign/Likely benign,"criteria provided, multiple submitters, no conflicts",LB,2020-03-01,B,2026-01-30,7,7,True,toward_benign,2020.0,2026.0
1191708,ACTN4,NM_004924.6(ACTN4):c.484+75C>T,,single nucleotide variant,intron variant,Benign/Likely benign,"criteria provided, multiple submitters, no conflicts",LB,2018-07-09,B,2021-12-05,3,3,True,toward_benign,2018.0,2021.0
386073,ADCK4,NM_024876.4(COQ8B):c.1035+13G>C,,single nucleotide variant,intron variant,Benign/Likely benign,"criteria provided, multiple submitters, no conflicts",LB,2017-08-03,B,2026-01-29,2,2,True,toward_benign,2017.0,2026.0
516780,ADCK4,NM_024876.4(COQ8B):c.1347C>T (p.Phe449=),,single nucleotide variant,synonymous variant,Benign,"criteria provided, multiple submitters, no conflicts",LB,2018-03-19,B,2026-01-12,5,5,True,toward_benign,2018.0,2026.0
788620,ADCK4,NM_024876.4(COQ8B):c.207G>A (p.Lys69=),,single nucleotide variant,synonymous variant,Benign/Likely benign,"criteria provided, multiple submitters, no conflicts",LB,2021-01-06,B,2026-01-02,3,3,True,toward_benign,2021.0,2026.0
517051,ADCK4,NM_024876.4(COQ8B):c.381G>A (p.Gly127=),,single nucleotide variant,synonymous variant|intron variant,Benign/Likely benign,"criteria provided, multiple submitters, no conflicts",LB,2016-02-23,B,2026-02-01,6,6,True,toward_benign,2016.0,2026.0
389193,ADCK4,NM_024876.4(COQ8B):c.597C>T (p.Leu199=),,single nucleotide variant,synonymous variant,Benign/Likely benign,"criteria provided, multiple submitters, no conflicts",LB,2016-09-26,B,2026-01-11,2,2,True,toward_benign,2016.0,2026.0
1216207,ADCK4,NM_024876.4(COQ8B):c.800-5C>G,,single nucleotide variant,intron variant,Benign/Likely benign,"criteria provided, multiple submitters, no conflicts",LB,2021-01-06,B,2025-07-10,2,2,True,toward_benign,2021.0,2025.0
1165102,ANLN,NM_018685.5(ANLN):c.100A>G (p.Met34Val),M34V,single nucleotide variant,missense variant,Benign/Likely benign,"criteria provided, multiple submitters, no conflicts",LB,2021-11-20,B,2026-02-01,4,4,True,toward_benign,2021.0,2026.0
1170048,ANLN,NM_018685.5(ANLN):c.1686G>A (p.Ser562=),,single nucleotide variant,synonymous variant,Benign/Likely benign,"criteria provided, multiple submitters, no conflicts",LB,2020-12-19,B,2026-01-27,6,6,True,toward_benign,2020.0,2026.0
1612035,ANLN,NM_018685.5(ANLN):c.173-16A>G,,single nucleotide variant,intron variant,Benign/Likely benign,"criteria provided, multiple submitters, no conflicts",LB,2021-12-05,B,2026-01-26,3,3,True,toward_benign,2021.0,2026.0
737696,ANLN,NM_018685.5(ANLN):c.1848A>G (p.Thr616=),,single nucleotide variant,synonymous variant,Benign/Likely benign,"criteria provided, multiple submitters, no conflicts",LB,2021-02-01,B,2026-01-26,5,5,True,toward_benign,2021.0,2026.0
1166690,ANLN,NM_018685.5(ANLN):c.2150A>G (p.Lys717Arg),"K679R, K680R, K717R",single nucleotide variant,missense variant,Benign/Likely benign,"criteria provided, multiple submitters, no conflicts",LB,2025-11-20,B,2026-01-26,2,2,True,toward_benign,2025.0,2026.0
727301,ANLN,NM_018685.5(ANLN):c.2476+9G>A,,single nucleotide variant,intron variant,Benign,"criteria provided, single submitter",LB,2019-09-19,B,2025-11-19,2,2,True,toward_benign,2019.0,2025.0
1190421,ANLN,NM_018685.5(ANLN):c.2770+69A>G,,single nucleotide variant,intron variant,Benign/Likely benign,"criteria provided, multiple submitters, no conflicts",LB,2018-11-10,B,2021-12-05,3,3,True,toward_benign,2018.0,2021.0
720307,ANLN,NM_018685.5(ANLN):c.2817C>T (p.Phe939=),,single nucleotide variant,synonymous variant,Benign/Likely benign,"criteria provided, multiple submitters, no conflicts",LB,2020-01-10,B,2026-01-30,3,3,True,toward_benign,2020.0,2026.0
1168523,ANLN,NM_018685.5(ANLN):c.2971-12T>G,,single nucleotide variant,intron variant,Benign/Likely benign,"criteria provided, multiple submitters, no conflicts",LB,2022-04-25,B,2026-02-01,3,3,True,toward_benign,2022.0,2026.0
1321804,ARHGAP24,NM_001025616.3(ARHGAP24):c.1076A>G (p.Gln359Arg),"Q166R, Q264R, Q266R, Q274R, Q359R",single nucleotide variant,missense variant,Benign/Likely benign,"criteria provided, multiple submitters, no conflicts",LB,2021-05-11,B,2025-12-15,3,3,True,toward_benign,2021.0,2025.0
2896373,ARHGAP24,NM_001025616.3(ARHGAP24):c.391+10C>T,,single nucleotide variant,intron variant,Benign,"criteria provided, single submitter",LB,2022-10-24,B,2023-06-16,2,2,True,toward_benign,2022.0,2023.0
1632472,ARHGAP24,NM_001025616.3(ARHGAP24):c.525A>C (p.Arg175=),,single nucleotide variant,synonymous variant|intron variant,Benign,"criteria provided, single submitter",LB,2019-02-22,B,2025-07-30,2,2,True,toward_benign,2019.0,2025.0
1989726,ARHGAP24,NM_001025616.3(ARHGAP24):c.615C>T (p.His205=),,single nucleotide variant,synonymous variant,Benign,"criteria provided, single submitter",LB,2022-12-19,B,2025-01-21,2,2,True,toward_benign,2022.0,2025.0
2043879,ARHGAP24,NM_001025616.3(ARHGAP24):c.828C>T (p.Ser276=),,single nucleotide variant,synonymous variant,Benign,"criteria provided, single submitter",LB,2020-01-21,B,2025-12-22,2,2,True,toward_benign,2020.0,2025.0
1217718,ARHGDIA,NM_004309.6(ARHGDIA):c.274+14G>A,,single nucleotide variant,synonymous variant|intron variant,Benign/Likely benign,"criteria provided, multiple submitters, no conflicts",LB,2019-08-20,B,2026-02-01,4,4,True,toward_benign,2019.0,2026.0
2077007,ARHGDIA,NM_004309.6(ARHGDIA):c.549C>T (p.Asp183=),T146M,single nucleotide variant,synonymous variant|missense variant|non-coding transcript variant|intron variant,Benign/Likely benign,"criteria provided, multiple submitters, no conflicts",LB,2025-10-01,B,2026-01-25,2,2,True,toward_benign,2025.0,2026.0
2075962,ARHGDIA,NM_004309.6(ARHGDIA):c.552C>T (p.Asp184=),T147M,single nucleotide variant,synonymous variant|missense variant|non-coding transcript variant|intron variant,Benign/Likely benign,"criteria provided, multiple submitters, no conflicts",LB,2025-10-01,B,2026-01-04,2,2,True,toward_benign,2025.0,2026.0
792041,CD2AP,NM_012120.3(CD2AP):c.1035T>A (p.Ala345=),,single nucleotide variant,synonymous variant,Benign/Likely benign,"criteria provided, multiple submitters, no conflicts",LB,2021-07-24,B,2025-11-10,4,4,True,toward_benign,2021.0,2025.0
1529235,CD2AP,NM_012120.3(CD2AP):c.1275-11dup,,Duplication,intron variant,Benign/Likely benign,"criteria provided, multiple submitters, no conflicts",LB,2021-08-19,B,2025-04-30,2,2,True,toward_benign,2021.0,2025.0
260185,CD2AP,NM_012120.3(CD2AP):c.1530+20G>A,,single nucleotide variant,intron variant,Benign/Likely benign,"criteria provided, multiple submitters, no conflicts",LB,2022-01-12,B,2025-11-10,3,3,True,toward_benign,2022.0,2025.0
357179,CD2AP,NM_012120.3(CD2AP):c.1673C>T (p.Ala558Val),A558V,single nucleotide variant,missense variant,Benign/Likely benign,"criteria provided, multiple submitters, no conflicts",LB,2017-04-27,B,2025-10-26,4,4,True,toward_benign,2017.0,2025.0
260187,CD2AP,NM_012120.3(CD2AP):c.1743T>A (p.Asn581Lys),N581K,single nucleotide variant,missense variant,Benign/Likely benign,"criteria provided, multiple submitters, no conflicts",LB,2020-07-01,B,2026-01-25,6,6,True,toward_benign,2020.0,2026.0
1712388,CD2AP,NM_012120.3(CD2AP):c.297A>G (p.Pro99=),,single nucleotide variant,synonymous variant,Benign/Likely benign,"criteria provided, multiple submitters, no conflicts",LB,2020-02-10,B,2025-07-30,3,3,True,toward_benign,2020.0,2025.0
792040,CD2AP,NM_012120.3(CD2AP):c.42T>C (p.His14=),,single nucleotide variant,synonymous variant,Benign/Likely benign,"criteria provided, multiple submitters, no conflicts",LB,2021-07-24,B,2025-11-10,4,4,True,toward_benign,2021.0,2025.0
1164376,CD2AP,NM_012120.3(CD2AP):c.447C>T (p.Thr149=),,single nucleotide variant,synonymous variant,Benign/Likely benign,"criteria provided, multiple submitters, no conflicts",LB,2021-11-24,B,2025-11-10,2,2,True,toward_benign,2021.0,2025.0
1170021,CD2AP,NM_012120.3(CD2AP):c.636A>T (p.Arg212=),,single nucleotide variant,synonymous variant,Benign/Likely benign,"criteria provided, multiple submitters, no conflicts",LB,2021-10-06,B,2025-10-21,2,2,True,toward_benign,2021.0,2025.0
2866285,CD2AP,NM_012120.3(CD2AP):c.978C>T (p.Val326=),,single nucleotide variant,synonymous variant,Benign,"criteria provided, single submitter",LB,2022-12-19,B,2023-08-14,2,2,True,toward_benign,2022.0,2023.0
235772,COQ6,NM_182476.3(COQ6):c.164-12dup,,Duplication,intron variant,Benign/Likely benign,"criteria provided, multiple submitters, no conflicts",LB,2016-05-10,B,2026-01-26,3,3,True,toward_benign,2016.0,2026.0
1600384,COQ6,NM_182476.3(COQ6):c.180T>C (p.Phe60=),,single nucleotide variant,synonymous variant,Benign/Likely benign,"criteria provided, multiple submitters, no conflicts",LB,2021-07-24,B,2026-01-19,2,2,True,toward_benign,2021.0,2026.0
1674753,COQ6,NM_182476.3(COQ6):c.366C>T (p.Asp122=),,single nucleotide variant,synonymous variant|5 prime UTR variant|3 prime UTR variant|intron variant,Benign/Likely benign,"criteria provided, multiple submitters, no conflicts",LB,2024-02-01,B,2024-11-10,2,2,True,toward_benign,2024.0,2024.0
728672,CRB2,NM_173689.7(CRB2):c.1062A>T (p.Thr354=),,single nucleotide variant,synonymous variant|non-coding transcript variant,Benign,"criteria provided, single submitter",LB,2020-02-19,B,2024-06-03,2,2,True,toward_benign,2020.0,2024.0
745089,CRB2,NM_173689.7(CRB2):c.1217C>T (p.Pro406Leu),P406L,single nucleotide variant,missense variant|non-coding transcript variant,Benign/Likely benign,"criteria provided, multiple submitters, no conflicts",LB,2022-01-25,B,2025-12-08,5,5,True,toward_benign,2022.0,2025.0
717237,CRB2,NM_173689.7(CRB2):c.137C>T (p.Pro46Leu),P46L,single nucleotide variant,missense variant,Benign/Likely benign,"criteria provided, multiple submitters, no conflicts",LB,2020-01-16,B,2026-01-22,6,6,True,toward_benign,2020.0,2026.0
771881,CRB2,NM_173689.7(CRB2):c.1428T>G (p.Thr476=),,single nucleotide variant,synonymous variant|non-coding transcript variant,Benign/Likely benign,"criteria provided, multiple submitters, no conflicts",LB,2021-01-07,B,2026-02-01,8,8,True,toward_benign,2021.0,2026.0
731614,CRB2,NM_173689.7(CRB2):c.142G>A (p.Ala48Thr),A48T,single nucleotide variant,missense variant,Benign/Likely benign,"criteria provided, multiple submitters, no conflicts",LB,2020-03-25,B,2025-10-01,3,3,True,toward_benign,2020.0,2025.0
2185884,CRB2,NM_173689.7(CRB2):c.1586C>T (p.Ala529Val),A529V,single nucleotide variant,missense variant|non-coding transcript variant,Benign,"criteria provided, single submitter",LB,2023-06-13,B,2024-01-19,2,2,True,toward_benign,2023.0,2024.0
772939,CRB2,NM_173689.7(CRB2):c.2043C>T (p.Ser681=),,single nucleotide variant,synonymous variant|non-coding transcript variant,Benign/Likely benign,"criteria provided, multiple submitters, no conflicts",LB,2019-04-08,B,2025-11-25,8,8,True,toward_benign,2019.0,2025.0
713866,CRB2,NM_173689.7(CRB2):c.205C>T (p.Arg69Trp),R69W,single nucleotide variant,missense variant,Benign/Likely benign,"criteria provided, multiple submitters, no conflicts",LB,2020-04-28,B,2026-01-25,4,4,True,toward_benign,2020.0,2026.0
714443,CRB2,NM_173689.7(CRB2):c.2112G>A (p.Arg704=),,single nucleotide variant,synonymous variant|non-coding transcript variant,Benign/Likely benign,"criteria provided, multiple submitters, no conflicts",LB,2020-08-05,B,2025-09-03,2,2,True,toward_benign,2020.0,2025.0
716197,CRB2,NM_173689.7(CRB2):c.2130G>A (p.Pro710=),,single nucleotide variant,synonymous variant|non-coding transcript variant,Benign/Likely benign,"criteria provided, multiple submitters, no conflicts",LB,2021-05-07,B,2025-12-15,4,4,True,toward_benign,2021.0,2025.0
787345,CRB2,NM_173689.7(CRB2):c.2376G>T (p.Glu792Asp),E792D,single nucleotide variant,missense variant|non-coding transcript variant,Benign/Likely benign,"criteria provided, multiple submitters, no conflicts",LB,2023-06-07,B,2025-12-16,4,4,True,toward_benign,2023.0,2025.0
739946,CRB2,NM_173689.7(CRB2):c.2496C>A (p.Thr832=),,single nucleotide variant,synonymous variant|non-coding transcript variant,Benign/Likely benign,"criteria provided, multiple submitters, no conflicts",LB,2024-08-02,B,2026-02-01,3,3,True,toward_benign,2024.0,2026.0
1170042,CRB2,NM_173689.7(CRB2):c.2668G>A (p.Gly890Arg),G890R,single nucleotide variant,missense variant|non-coding transcript variant,Benign/Likely benign,"criteria provided, multiple submitters, no conflicts",LB,2020-09-08,B,2025-12-16,4,4,True,toward_benign,2020.0,2025.0
776449,CRB2,NM_173689.7(CRB2):c.2709C>T (p.Arg903=),,single nucleotide variant,synonymous variant|non-coding transcript variant,Benign/Likely benign,"criteria provided, multiple submitters, no conflicts",LB,2021-05-04,B,2026-02-01,5,5,True,toward_benign,2021.0,2026.0
774677,CRB2,NM_173689.7(CRB2):c.2748C>T (p.Ala916=),,single nucleotide variant,synonymous variant|non-coding transcript variant,Benign/Likely benign,"criteria provided, multiple submitters, no conflicts",LB,2021-03-09,B,2025-12-30,5,5,True,toward_benign,2021.0,2025.0
736780,CRB2,NM_173689.7(CRB2):c.2789C>T (p.Ala930Val),A930V,single nucleotide variant,missense variant|non-coding transcript variant,Benign/Likely benign,"criteria provided, multiple submitters, no conflicts",LB,2020-10-22,B,2025-12-18,6,6,True,toward_benign,2020.0,2025.0
1167581,CRB2,NM_173689.7(CRB2):c.2817G>C (p.Leu939=),,single nucleotide variant,synonymous variant|non-coding transcript variant,Benign/Likely benign,"criteria provided, multiple submitters, no conflicts",LB,2020-12-28,B,2026-01-07,6,6,True,toward_benign,2020.0,2026.0
1656195,CRB2,NM_173689.7(CRB2):c.2961C>T (p.Arg987=),,single nucleotide variant,synonymous variant|non-coding transcript variant,Benign,"criteria provided, single submitter",LB,2024-01-25,B,2026-01-05,2,2,True,toward_benign,2024.0,2026.0
718172,CRB2,NM_173689.7(CRB2):c.3204C>T (p.Asp1068=),,single nucleotide variant,synonymous variant|non-coding transcript variant,Benign/Likely benign,"criteria provided, multiple submitters, no conflicts",LB,2025-01-01,B,2026-01-04,4,4,True,toward_benign,2025.0,2026.0
711025,CRB2,NM_173689.7(CRB2):c.3471C>T (p.Ala1157=),,single nucleotide variant,synonymous variant|non-coding transcript variant,Benign/Likely benign,"criteria provided, multiple submitters, no conflicts",LB,2025-04-01,B,2026-01-14,3,3,True,toward_benign,2025.0,2026.0
1168714,CRB2,NM_173689.7(CRB2):c.3507-14C>A,,single nucleotide variant,intron variant,Benign/Likely benign,"criteria provided, multiple submitters, no conflicts",LB,2020-03-07,B,2026-01-27,3,3,True,toward_benign,2020.0,2026.0
757734,CRB2,NM_173689.7(CRB2):c.3738G>C (p.Leu1246=),,single nucleotide variant,synonymous variant|non-coding transcript variant,Benign/Likely benign,"criteria provided, multiple submitters, no conflicts",LB,2025-10-28,B,2026-01-14,2,2,True,toward_benign,2025.0,2026.0
779094,CRB2,NM_173689.7(CRB2):c.468G>A (p.Leu156=),,single nucleotide variant,synonymous variant,Benign/Likely benign,"criteria provided, multiple submitters, no conflicts",LB,2019-03-11,B,2025-12-20,3,3,True,toward_benign,2019.0,2025.0
727181,CRB2,NM_173689.7(CRB2):c.516C>T (p.Cys172=),,single nucleotide variant,synonymous variant,Benign/Likely benign,"criteria provided, multiple submitters, no conflicts",LB,2019-08-06,B,2026-02-01,6,6,True,toward_benign,2019.0,2026.0
729496,CRB2,NM_173689.7(CRB2):c.5C>T (p.Ala2Val),A2V,single nucleotide variant,missense variant,Benign/Likely benign,"criteria provided, multiple submitters, no conflicts",LB,2020-01-14,B,2026-01-02,8,8,True,toward_benign,2020.0,2026.0
781188,CRB2,NM_173689.7(CRB2):c.606G>A (p.Leu202=),,single nucleotide variant,synonymous variant,Benign/Likely benign,"criteria provided, multiple submitters, no conflicts",LB,2022-03-04,B,2025-11-16,5,5,True,toward_benign,2022.0,2025.0
1170682,CRB2,NM_173689.7(CRB2):c.614+13C>T,,single nucleotide variant,intron variant,Benign/Likely benign,"criteria provided, multiple submitters, no conflicts",LB,2020-11-12,B,2026-01-25,3,3,True,toward_benign,2020.0,2026.0
1544509,CRB2,NM_173689.7(CRB2):c.765C>T (p.Gly255=),,single nucleotide variant,synonymous variant,Benign,"criteria provided, single submitter",LB,2021-06-29,B,2025-08-05,2,2,True,toward_benign,2021.0,2025.0
1530524,CRB2,NM_173689.7(CRB2):c.946G>A (p.Asp316Asn),D316N,single nucleotide variant,missense variant,Benign/Likely benign,"criteria provided, multiple submitters, no conflicts",LB,2023-10-13,B,2025-07-28,2,2,True,toward_benign,2023.0,2025.0
1600064,CUBN,NM_001081.4(CUBN):c.10033-17C>T,,single nucleotide variant,intron variant,Benign/Likely benign,"criteria provided, multiple submitters, no conflicts",LB,2020-03-31,B,2025-10-24,2,2,True,toward_benign,2020.0,2025.0
299363,CUBN,NM_001081.4(CUBN):c.10267G>A (p.Val3423Ile),V3423I,single nucleotide variant,missense variant,Benign/Likely benign,"criteria provided, multiple submitters, no conflicts",LB,2018-01-12,B,2026-01-25,3,3,True,toward_benign,2018.0,2026.0
299360,CUBN,NM_001081.4(CUBN):c.10383C>T (p.Ser3461=),,single nucleotide variant,synonymous variant,Benign/Likely benign,"criteria provided, multiple submitters, no conflicts",LB,2018-01-13,B,2026-01-26,9,9,True,toward_benign,2018.0,2026.0
299356,CUBN,NM_001081.4(CUBN):c.10759G>A (p.Gly3587Arg),G3587R,single nucleotide variant,missense variant,Benign/Likely benign,"criteria provided, multiple submitters, no conflicts",LB,2018-01-13,B,2025-10-02,5,5,True,toward_benign,2018.0,2025.0
695987,CUBN,NM_001081.4(CUBN):c.1470G>A (p.Pro490=),,single nucleotide variant,synonymous variant,Benign/Likely benign,"criteria provided, multiple submitters, no conflicts",LB,2017-04-27,B,2026-01-24,6,6,True,toward_benign,2017.0,2026.0
299525,CUBN,NM_001081.4(CUBN):c.1530+12A>C,,single nucleotide variant,intron variant,Benign/Likely benign,"criteria provided, multiple submitters, no conflicts",LB,2018-01-13,B,2026-01-05,3,3,True,toward_benign,2018.0,2026.0
299521,CUBN,NM_001081.4(CUBN):c.1794C>T (p.Tyr598=),,single nucleotide variant,synonymous variant,Benign/Likely benign,"criteria provided, multiple submitters, no conflicts",LB,2018-01-13,B,2026-01-02,6,6,True,toward_benign,2018.0,2026.0
299516,CUBN,NM_001081.4(CUBN):c.2016G>A (p.Pro672=),,single nucleotide variant,synonymous variant,Benign/Likely benign,"criteria provided, multiple submitters, no conflicts",LB,2018-01-12,B,2026-01-12,5,5,True,toward_benign,2018.0,2026.0
696790,CUBN,NM_001081.4(CUBN):c.2103A>G (p.Thr701=),,single nucleotide variant,synonymous variant,Benign/Likely benign,"criteria provided, multiple submitters, no conflicts",LB,2021-09-16,B,2026-01-18,2,2,True,toward_benign,2021.0,2026.0
1629467,CUBN,NM_001081.4(CUBN):c.2110+18T>C,,single nucleotide variant,intron variant,Benign/Likely benign,"criteria provided, multiple submitters, no conflicts",LB,2021-10-06,B,2026-01-27,2,2,True,toward_benign,2021.0,2026.0
299512,CUBN,NM_001081.4(CUBN):c.2182T>C (p.Phe728Leu),F728L,single nucleotide variant,missense variant,Benign/Likely benign,"criteria provided, multiple submitters, no conflicts",LB,2018-01-13,B,2026-01-18,4,4,True,toward_benign,2018.0,2026.0
1942420,CUBN,NM_001081.4(CUBN):c.2257G>A (p.Val753Met),V753M,single nucleotide variant,missense variant,Benign/Likely benign,"criteria provided, multiple submitters, no conflicts",LB,2022-12-20,B,2025-10-13,3,3,True,toward_benign,2022.0,2025.0
1170341,CUBN,NM_001081.4(CUBN):c.2677A>G (p.Thr893Ala),T893A,single nucleotide variant,missense variant,Benign/Likely benign,"criteria provided, multiple submitters, no conflicts",LB,2022-12-18,B,2026-01-05,3,3,True,toward_benign,2022.0,2026.0
695747,CUBN,NM_001081.4(CUBN):c.2791+9_2791+16del,,Deletion,intron variant,Benign/Likely benign,"criteria provided, multiple submitters, no conflicts",LB,2019-12-29,B,2026-01-27,3,3,True,toward_benign,2019.0,2026.0
696789,CUBN,NM_001081.4(CUBN):c.2792-6C>G,,single nucleotide variant,intron variant,Benign/Likely benign,"criteria provided, multiple submitters, no conflicts",LB,2024-08-13,B,2026-01-18,2,2,True,toward_benign,2024.0,2026.0
299496,CUBN,NM_001081.4(CUBN):c.2922C>T (p.Phe974=),,single nucleotide variant,synonymous variant,Benign/Likely benign,"criteria provided, multiple submitters, no conflicts",LB,2017-10-01,B,2025-09-03,5,5,True,toward_benign,2017.0,2025.0
1318651,CUBN,NM_001081.4(CUBN):c.3009-29C>A,,single nucleotide variant,intron variant,Benign/Likely benign,"criteria provided, multiple submitters, no conflicts",LB,2021-01-16,B,2024-07-16,2,2,True,toward_benign,2021.0,2024.0
2077494,CUBN,NM_001081.4(CUBN):c.3528C>T (p.Phe1176=),,single nucleotide variant,synonymous variant,Benign/Likely benign,"criteria provided, multiple submitters, no conflicts",LB,2022-10-24,B,2025-12-29,3,3,True,toward_benign,2022.0,2025.0
695884,CUBN,NM_001081.4(CUBN):c.4200C>T (p.Gly1400=),,single nucleotide variant,synonymous variant,Benign/Likely benign,"criteria provided, multiple submitters, no conflicts",LB,2018-01-13,B,2026-02-01,8,8,True,toward_benign,2018.0,2026.0
698722,CUBN,NM_001081.4(CUBN):c.4212C>T (p.Ser1404=),,single nucleotide variant,synonymous variant,Benign/Likely benign,"criteria provided, multiple submitters, no conflicts",LB,2019-04-25,B,2023-03-08,3,3,True,toward_benign,2019.0,2023.0
697458,CUBN,NM_001081.4(CUBN):c.4470C>T (p.Thr1490=),,single nucleotide variant,synonymous variant,Benign/Likely benign,"criteria provided, multiple submitters, no conflicts",LB,2022-02-17,B,2025-12-08,2,2,True,toward_benign,2022.0,2025.0
696464,CUBN,NM_001081.4(CUBN):c.4671T>G (p.Leu1557=),,single nucleotide variant,synonymous variant,Benign/Likely benign,"criteria provided, multiple submitters, no conflicts",LB,2025-07-12,B,2026-01-24,2,2,True,toward_benign,2025.0,2026.0
1220211,CUBN,NM_001081.4(CUBN):c.5080+17T>C,,single nucleotide variant,intron variant,Benign/Likely benign,"criteria provided, multiple submitters, no conflicts",LB,2018-11-10,B,2026-01-19,4,4,True,toward_benign,2018.0,2026.0
880317,CUBN,NM_001081.4(CUBN):c.5148C>T (p.Phe1716=),,single nucleotide variant,synonymous variant,Benign/Likely benign,"criteria provided, multiple submitters, no conflicts",LB,2018-01-12,B,2025-06-03,3,3,True,toward_benign,2018.0,2025.0
532208,CUBN,NM_001081.4(CUBN):c.516C>T (p.Asn172=),,single nucleotide variant,synonymous variant,Benign/Likely benign,"criteria provided, multiple submitters, no conflicts",LB,2021-07-19,B,2026-01-18,2,2,True,toward_benign,2021.0,2026.0
880316,CUBN,NM_001081.4(CUBN):c.5207C>T (p.Ser1736Leu),S1736L,single nucleotide variant,missense variant,Benign/Likely benign,"criteria provided, multiple submitters, no conflicts",LB,2018-01-12,B,2025-12-03,3,3,True,toward_benign,2018.0,2025.0
698182,CUBN,NM_001081.4(CUBN):c.5210-7C>G,,single nucleotide variant,intron variant,Benign/Likely benign,"criteria provided, multiple submitters, no conflicts",LB,2019-02-27,B,2024-03-05,3,3,True,toward_benign,2019.0,2024.0
299457,CUBN,NM_001081.4(CUBN):c.5680A>G (p.Ile1894Val),I1894V,single nucleotide variant,missense variant,Benign/Likely benign,"criteria provided, multiple submitters, no conflicts",LB,2018-01-12,B,2026-01-07,3,3,True,toward_benign,2018.0,2026.0
699668,CUBN,NM_001081.4(CUBN):c.6039C>T (p.Pro2013=),,single nucleotide variant,synonymous variant,Benign/Likely benign,"criteria provided, multiple submitters, no conflicts",LB,2022-01-26,B,2024-11-11,3,3,True,toward_benign,2022.0,2024.0
299446,CUBN,NM_001081.4(CUBN):c.6089G>A (p.Arg2030Gln),R2030Q,single nucleotide variant,missense variant,Benign/Likely benign,"criteria provided, multiple submitters, no conflicts",LB,2018-01-13,B,2026-01-25,3,3,True,toward_benign,2018.0,2026.0
299441,CUBN,NM_001081.4(CUBN):c.6276C>T (p.Cys2092=),,single nucleotide variant,synonymous variant,Benign/Likely benign,"criteria provided, multiple submitters, no conflicts",LB,2018-01-12,B,2026-01-24,6,6,True,toward_benign,2018.0,2026.0
1600533,CUBN,NM_001081.4(CUBN):c.6462+19C>G,,single nucleotide variant,intron variant,Benign/Likely benign,"criteria provided, multiple submitters, no conflicts",LB,2021-11-13,B,2025-12-24,2,2,True,toward_benign,2021.0,2025.0
1186231,CUBN,NM_001081.4(CUBN):c.6463-24T>G,,single nucleotide variant,intron variant,Benign/Likely benign,"criteria provided, multiple submitters, no conflicts",LB,2019-02-11,B,2025-03-18,3,3,True,toward_benign,2019.0,2025.0
695565,CUBN,NM_001081.4(CUBN):c.6469A>G (p.Asn2157Asp),N2157D,single nucleotide variant,missense variant,Benign/Likely benign,"criteria provided, multiple submitters, no conflicts",LB,2017-04-27,B,2026-01-14,8,8,True,toward_benign,2017.0,2026.0
299424,CUBN,NM_001081.4(CUBN):c.7365T>A (p.Asp2455Glu),D2455E,single nucleotide variant,missense variant,Benign/Likely benign,"criteria provided, multiple submitters, no conflicts",LB,2018-01-13,B,2026-01-30,9,9,True,toward_benign,2018.0,2026.0
2417574,CUBN,NM_001081.4(CUBN):c.8279T>C (p.Ile2760Thr),I2760T,single nucleotide variant,missense variant,Benign/Likely benign,"criteria provided, multiple submitters, no conflicts",LB,2022-12-20,B,2025-09-10,3,3,True,toward_benign,2022.0,2025.0
1200858,CUBN,NM_001081.4(CUBN):c.8411-14T>C,,single nucleotide variant,intron variant,Benign/Likely benign,"criteria provided, multiple submitters, no conflicts",LB,2020-03-25,B,2025-12-08,2,2,True,toward_benign,2020.0,2025.0
695482,CUBN,NM_001081.4(CUBN):c.9125A>G (p.Asn3042Ser),N3042S,single nucleotide variant,missense variant,Benign/Likely benign,"criteria provided, multiple submitters, no conflicts",LB,2018-01-13,B,2025-12-27,2,2,True,toward_benign,2018.0,2025.0
697028,CUBN,NM_001081.4(CUBN):c.9204C>T (p.Ile3068=),,single nucleotide variant,synonymous variant,Benign/Likely benign,"criteria provided, multiple submitters, no conflicts",LB,2020-04-06,B,2026-01-21,3,3,True,toward_benign,2020.0,2026.0
299378,CUBN,NM_001081.4(CUBN):c.9565A>G (p.Ile3189Val),I3189V,single nucleotide variant,missense variant,Benign/Likely benign,"criteria provided, multiple submitters, no conflicts",LB,2017-04-27,B,2026-01-22,6,6,True,toward_benign,2017.0,2026.0
695743,CUBN,NM_001081.4(CUBN):c.9987G>A (p.Ser3329=),,single nucleotide variant,synonymous variant,Benign/Likely benign,"criteria provided, multiple submitters, no conflicts",LB,2020-12-11,B,2025-10-03,2,2,True,toward_benign,2020.0,2025.0
731569,DGKE,NM_003647.3(DGKE):c.129G>A (p.Gln43=),,single nucleotide variant,synonymous variant,Benign/Likely benign,"criteria provided, multiple submitters, no conflicts",LB,2021-07-26,B,2026-02-03,6,6,True,toward_benign,2021.0,2026.0
728025,DGKE,NM_003647.3(DGKE):c.1344C>T (p.Asn448=),,single nucleotide variant,synonymous variant,Benign/Likely benign,"criteria provided, multiple submitters, no conflicts",LB,2025-09-08,B,2025-12-28,2,2,True,toward_benign,2025.0,2025.0
783790,DGKE,NM_003647.3(DGKE):c.59G>A (p.Gly20Glu),G20E,single nucleotide variant,missense variant,Benign/Likely benign,"criteria provided, multiple submitters, no conflicts",LB,2017-02-13,B,2026-02-01,7,7,True,toward_benign,2017.0,2026.0
1220016,EMP2,NM_001424.6(EMP2):c.151A>G (p.Ile51Val),I51V,single nucleotide variant,missense variant,Benign/Likely benign,"criteria provided, multiple submitters, no conflicts",LB,2020-03-02,B,2026-01-26,4,4,True,toward_benign,2020.0,2026.0
2077004,EMP2,NM_001424.6(EMP2):c.27C>T (p.Ile9=),,single nucleotide variant,synonymous variant,Benign,"criteria provided, single submitter",LB,2019-10-15,B,2025-10-29,2,2,True,toward_benign,2019.0,2025.0
1201554,EMP2,NM_001424.6(EMP2):c.402C>T (p.Thr134=),,single nucleotide variant,synonymous variant,Benign/Likely benign,"criteria provided, multiple submitters, no conflicts",LB,2020-09-16,B,2026-01-06,4,4,True,toward_benign,2020.0,2026.0
2064252,FAT1,NM_005245.4(FAT1):c.10069-10T>C,,single nucleotide variant,intron variant,Benign,"criteria provided, single submitter",LB,2020-01-22,B,2025-10-23,2,2,True,toward_benign,2020.0,2025.0
778165,FAT1,NM_005245.4(FAT1):c.10141A>G (p.Ser3381Gly),S3381G,single nucleotide variant,missense variant,Benign/Likely benign,"criteria provided, multiple submitters, no conflicts",LB,2020-03-25,B,2026-01-06,4,4,True,toward_benign,2020.0,2026.0
791994,FAT1,NM_005245.4(FAT1):c.10487T>C (p.Val3496Ala),V3496A,single nucleotide variant,missense variant,Benign/Likely benign,"criteria provided, multiple submitters, no conflicts",LB,2023-04-27,B,2026-01-27,5,5,True,toward_benign,2023.0,2026.0
785111,FAT1,NM_005245.4(FAT1):c.10757T>C (p.Met3586Thr),M3586T,single nucleotide variant,missense variant,Benign/Likely benign,"criteria provided, multiple submitters, no conflicts",LB,2023-05-25,B,2026-02-01,4,4,True,toward_benign,2023.0,2026.0
789731,FAT1,NM_005245.4(FAT1):c.11217G>A (p.Ala3739=),,single nucleotide variant,synonymous variant,Benign,"criteria provided, single submitter",LB,2022-02-28,B,2025-10-19,2,2,True,toward_benign,2022.0,2025.0
712555,FAT1,NM_005245.4(FAT1):c.11592G>T (p.Thr3864=),,single nucleotide variant,synonymous variant,Benign/Likely benign,"criteria provided, multiple submitters, no conflicts",LB,2021-01-04,B,2026-02-01,4,4,True,toward_benign,2021.0,2026.0
1608534,FAT1,NM_005245.4(FAT1):c.11997C>T (p.Ile3999=),,single nucleotide variant,synonymous variant,Benign,"criteria provided, single submitter",LB,2019-08-09,B,2025-12-28,2,2,True,toward_benign,2019.0,2025.0
718852,FAT1,NM_005245.4(FAT1):c.12036G>A (p.Thr4012=),,single nucleotide variant,synonymous variant,Benign/Likely benign,"criteria provided, multiple submitters, no conflicts",LB,2026-01-01,B,2026-01-18,3,3,True,toward_benign,2026.0,2026.0
738421,FAT1,NM_005245.4(FAT1):c.12186C>G (p.Leu4062=),,single nucleotide variant,synonymous variant,Benign/Likely benign,"criteria provided, multiple submitters, no conflicts",LB,2021-04-19,B,2026-01-05,4,4,True,toward_benign,2021.0,2026.0
717845,FAT1,NM_005245.4(FAT1):c.12257+10T>A,,single nucleotide variant,intron variant,Benign/Likely benign,"criteria provided, multiple submitters, no conflicts",LB,2018-11-11,B,2026-01-24,3,3,True,toward_benign,2018.0,2026.0
719869,FAT1,NM_005245.4(FAT1):c.12330C>T (p.Gly4110=),,single nucleotide variant,synonymous variant,Benign/Likely benign,"criteria provided, multiple submitters, no conflicts",LB,2024-09-01,B,2026-02-01,3,3,True,toward_benign,2024.0,2026.0
1613338,FAT1,NM_005245.4(FAT1):c.12429G>A (p.Glu4143=),,single nucleotide variant,synonymous variant,Benign/Likely benign,"criteria provided, multiple submitters, no conflicts",LB,2024-11-01,B,2026-01-02,3,3,True,toward_benign,2024.0,2026.0
783388,FAT1,NM_005245.4(FAT1):c.12498G>A (p.Ala4166=),,single nucleotide variant,synonymous variant,Benign/Likely benign,"criteria provided, multiple submitters, no conflicts",LB,2020-03-25,B,2026-01-06,4,4,True,toward_benign,2020.0,2026.0
773161,FAT1,NM_005245.4(FAT1):c.12522G>A (p.Pro4174=),,single nucleotide variant,synonymous variant,Benign/Likely benign,"criteria provided, multiple submitters, no conflicts",LB,2020-11-16,B,2026-02-01,4,4,True,toward_benign,2020.0,2026.0
734600,FAT1,NM_005245.4(FAT1):c.12567T>C (p.Val4189=),,single nucleotide variant,synonymous variant,Benign/Likely benign,"criteria provided, multiple submitters, no conflicts",LB,2021-08-31,B,2026-01-21,3,3,True,toward_benign,2021.0,2026.0
1050539,FAT1,NM_005245.4(FAT1):c.12653A>G (p.Asp4218Gly),D4218G,single nucleotide variant,missense variant,Benign/Likely benign,"criteria provided, multiple submitters, no conflicts",LB,2020-09-28,B,2026-02-01,6,6,True,toward_benign,2020.0,2026.0
741907,FAT1,NM_005245.4(FAT1):c.12909C>T (p.Ser4303=),,single nucleotide variant,synonymous variant,Benign/Likely benign,"criteria provided, multiple submitters, no conflicts",LB,2020-01-10,B,2025-10-28,4,4,True,toward_benign,2020.0,2025.0
709738,FAT1,NM_005245.4(FAT1):c.13359C>T (p.Pro4453=),,single nucleotide variant,synonymous variant,Benign/Likely benign,"criteria provided, multiple submitters, no conflicts",LB,2020-05-13,B,2025-10-23,2,2,True,toward_benign,2020.0,2025.0
782813,FAT1,NM_005245.4(FAT1):c.13652C>G (p.Ala4551Gly),A4551G,single nucleotide variant,missense variant,Benign/Likely benign,"criteria provided, multiple submitters, no conflicts",LB,2020-09-28,B,2025-11-26,2,2,True,toward_benign,2020.0,2025.0
783387,FAT1,NM_005245.4(FAT1):c.13727C>T (p.Thr4576Met),T4576M,single nucleotide variant,missense variant,Benign/Likely benign,"criteria provided, multiple submitters, no conflicts",LB,2021-05-04,B,2026-01-21,4,4,True,toward_benign,2021.0,2026.0
2063764,FAT1,NM_005245.4(FAT1):c.1906G>A (p.Ala636Thr),A636T,single nucleotide variant,missense variant,Benign/Likely benign,"criteria provided, multiple submitters, no conflicts",LB,2024-11-01,B,2025-07-06,2,2,True,toward_benign,2024.0,2025.0
790559,FAT1,NM_005245.4(FAT1):c.2035G>A (p.Val679Ile),V679I,single nucleotide variant,missense variant,Benign/Likely benign,"criteria provided, multiple submitters, no conflicts",LB,2024-07-05,B,2026-02-01,3,3,True,toward_benign,2024.0,2026.0
1661037,FAT1,NM_005245.4(FAT1):c.2798G>A (p.Arg933His),R933H,single nucleotide variant,missense variant,Benign,"criteria provided, single submitter",LB,2022-12-19,B,2025-09-29,2,2,True,toward_benign,2022.0,2025.0
444645,FAT1,NM_005245.4(FAT1):c.2836A>G (p.Ile946Val),I946V,single nucleotide variant,missense variant,Benign/Likely benign,"criteria provided, multiple submitters, no conflicts",LB,2017-06-01,B,2023-12-26,2,2,True,toward_benign,2017.0,2023.0
1298978,FAT1,NM_005245.4(FAT1):c.2955C>T (p.Ile985=),,single nucleotide variant,synonymous variant,Benign/Likely benign,"criteria provided, multiple submitters, no conflicts",LB,2021-09-01,B,2026-01-06,2,2,True,toward_benign,2021.0,2026.0
710589,FAT1,NM_005245.4(FAT1):c.3503C>T (p.Ser1168Leu),S1168L,single nucleotide variant,missense variant,Benign/Likely benign,"criteria provided, multiple submitters, no conflicts",LB,2020-02-26,B,2026-01-22,6,6,True,toward_benign,2020.0,2026.0
730153,FAT1,NM_005245.4(FAT1):c.3597G>A (p.Thr1199=),,single nucleotide variant,synonymous variant,Benign/Likely benign,"criteria provided, multiple submitters, no conflicts",LB,2020-07-24,B,2026-01-25,4,4,True,toward_benign,2020.0,2026.0
1596122,FAT1,NM_005245.4(FAT1):c.3912G>A (p.Pro1304=),,single nucleotide variant,synonymous variant,Benign/Likely benign,"criteria provided, multiple submitters, no conflicts",LB,2023-11-08,B,2026-01-25,3,3,True,toward_benign,2023.0,2026.0
1644227,FAT1,NM_005245.4(FAT1):c.441G>A (p.Pro147=),,single nucleotide variant,synonymous variant,Benign,"criteria provided, single submitter",LB,2023-10-10,B,2024-04-09,2,2,True,toward_benign,2023.0,2024.0
769641,FAT1,NM_005245.4(FAT1):c.4689C>T (p.Thr1563=),,single nucleotide variant,synonymous variant,Benign/Likely benign,"criteria provided, multiple submitters, no conflicts",LB,2021-05-11,B,2026-02-03,2,2,True,toward_benign,2021.0,2026.0
773162,FAT1,NM_005245.4(FAT1):c.4754C>T (p.Thr1585Met),T1585M,single nucleotide variant,missense variant,Benign/Likely benign,"criteria provided, multiple submitters, no conflicts",LB,2024-06-03,B,2026-01-31,5,5,True,toward_benign,2024.0,2026.0
790790,FAT1,NM_005245.4(FAT1):c.4818T>C (p.Ile1606=),,single nucleotide variant,synonymous variant,Benign/Likely benign,"criteria provided, multiple submitters, no conflicts",LB,2021-04-29,B,2026-01-29,5,5,True,toward_benign,2021.0,2026.0
2046853,FAT1,NM_005245.4(FAT1):c.5313A>G (p.Thr1771=),,single nucleotide variant,synonymous variant,Benign,"criteria provided, single submitter",LB,2019-03-27,B,2026-01-15,2,2,True,toward_benign,2019.0,2026.0
2415258,FAT1,NM_005245.4(FAT1):c.5505G>A (p.Leu1835=),,single nucleotide variant,synonymous variant,Benign,"criteria provided, single submitter",LB,2019-03-11,B,2025-12-08,2,2,True,toward_benign,2019.0,2025.0
1547457,FAT1,NM_005245.4(FAT1):c.5646A>G (p.Pro1882=),,single nucleotide variant,synonymous variant,Benign/Likely benign,"criteria provided, multiple submitters, no conflicts",LB,2024-10-01,B,2025-12-24,3,3,True,toward_benign,2024.0,2025.0
778167,FAT1,NM_005245.4(FAT1):c.6054C>A (p.Asn2018Lys),N2018K,single nucleotide variant,missense variant,Benign/Likely benign,"criteria provided, multiple submitters, no conflicts",LB,2020-03-25,B,2026-01-06,5,5,True,toward_benign,2020.0,2026.0
2048478,FAT1,NM_005245.4(FAT1):c.6414A>G (p.Lys2138=),,single nucleotide variant,synonymous variant,Benign,"criteria provided, single submitter",LB,2019-03-22,B,2025-07-08,2,2,True,toward_benign,2019.0,2025.0
2037566,FAT1,NM_005245.4(FAT1):c.6498G>A (p.Ala2166=),,single nucleotide variant,synonymous variant,Benign,"criteria provided, single submitter",LB,2021-08-25,B,2025-10-28,2,2,True,toward_benign,2021.0,2025.0
1180125,FAT1,NM_005245.4(FAT1):c.6609C>T (p.His2203=),,single nucleotide variant,synonymous variant,Benign/Likely benign,"criteria provided, multiple submitters, no conflicts",LB,2021-10-19,B,2026-01-31,4,4,True,toward_benign,2021.0,2026.0
712570,FAT1,NM_005245.4(FAT1):c.741C>T (p.Ile247=),,single nucleotide variant,synonymous variant,Benign/Likely benign,"criteria provided, multiple submitters, no conflicts",LB,2020-03-11,B,2026-02-02,4,4,True,toward_benign,2020.0,2026.0
790789,FAT1,NM_005245.4(FAT1):c.7698C>T (p.Val2566=),,single nucleotide variant,synonymous variant,Benign/Likely benign,"criteria provided, multiple submitters, no conflicts",LB,2021-04-29,B,2026-01-29,5,5,True,toward_benign,2021.0,2026.0
1554326,FAT1,NM_005245.4(FAT1):c.8852A>G (p.Asn2951Ser),N2951S,single nucleotide variant,missense variant,Benign/Likely benign,"criteria provided, multiple submitters, no conflicts",LB,2021-07-30,B,2026-01-26,2,2,True,toward_benign,2021.0,2026.0
972945,FAT1,NM_005245.4(FAT1):c.9095T>C (p.Ile3032Thr),I3032T,single nucleotide variant,missense variant,Benign,"criteria provided, single submitter",LB,2020-12-08,B,2025-11-24,3,3,True,toward_benign,2020.0,2025.0
767987,FAT1,NM_005245.4(FAT1):c.9463+10G>A,,single nucleotide variant,intron variant,Benign/Likely benign,"criteria provided, multiple submitters, no conflicts",LB,2020-04-03,B,2026-02-01,4,4,True,toward_benign,2020.0,2026.0
778166,FAT1,NM_005245.4(FAT1):c.9901T>C (p.Tyr3301His),Y3301H,single nucleotide variant,missense variant,Benign/Likely benign,"criteria provided, multiple submitters, no conflicts",LB,2020-03-25,B,2026-01-06,4,4,True,toward_benign,2020.0,2026.0
1021733,INF2,NM_022489.4(INF2):c.1182C>T (p.Cys394=),,single nucleotide variant,synonymous variant,Benign/Likely benign,"criteria provided, multiple submitters, no conflicts",LB,2025-05-15,B,2026-01-09,2,2,True,toward_benign,2025.0,2026.0
1243396,INF2,NM_022489.4(INF2):c.1281A>C (p.Pro427=),,single nucleotide variant,synonymous variant,Benign,"criteria provided, single submitter",LB,2019-06-06,B,2020-03-31,2,2,True,toward_benign,2019.0,2020.0
514013,INF2,NM_022489.4(INF2):c.1372C>T (p.Pro458Ser),P458S,single nucleotide variant,missense variant,Benign/Likely benign,"criteria provided, multiple submitters, no conflicts",LB,2017-12-08,B,2026-01-24,3,3,True,toward_benign,2017.0,2026.0
703811,INF2,NM_022489.4(INF2):c.1732C>T (p.Arg578Cys),R578C,single nucleotide variant,missense variant,Benign/Likely benign,"criteria provided, multiple submitters, no conflicts",LB,2020-12-18,B,2026-01-24,5,5,True,toward_benign,2020.0,2026.0
1138294,INF2,NM_022489.4(INF2):c.1736-18C>G,,single nucleotide variant,intron variant,Benign/Likely benign,"criteria provided, multiple submitters, no conflicts",LB,2025-12-29,B,2026-04-28,2,2,True,toward_benign,2025.0,2026.0
261604,INF2,NM_022489.4(INF2):c.1736-18C>T,,single nucleotide variant,intron variant,Benign/Likely benign,"criteria provided, multiple submitters, no conflicts",LB,2017-03-03,B,2026-02-03,6,6,True,toward_benign,2017.0,2026.0
517839,INF2,NM_022489.4(INF2):c.1773C>T (p.Asp591=),,single nucleotide variant,synonymous variant,Benign/Likely benign,"criteria provided, multiple submitters, no conflicts",LB,2017-04-04,B,2025-12-23,7,7,True,toward_benign,2017.0,2025.0
1169518,INF2,NM_022489.4(INF2):c.1929C>T (p.Ile643=),,single nucleotide variant,synonymous variant,Benign/Likely benign,"criteria provided, multiple submitters, no conflicts",LB,2018-07-01,B,2025-06-19,4,4,True,toward_benign,2018.0,2025.0
881067,INF2,NM_022489.4(INF2):c.2053-13C>T,,single nucleotide variant,intron variant,Benign/Likely benign,"criteria provided, multiple submitters, no conflicts",LB,2018-01-13,B,2025-12-02,3,3,True,toward_benign,2018.0,2025.0
509007,INF2,NM_022489.4(INF2):c.2138+12C>T,,single nucleotide variant,intron variant,Benign/Likely benign,"criteria provided, multiple submitters, no conflicts",LB,2017-04-19,B,2025-11-21,2,2,True,toward_benign,2017.0,2025.0
1622096,INF2,NM_022489.4(INF2):c.2310+12del,,Deletion,intron variant,Benign/Likely benign,"criteria provided, multiple submitters, no conflicts",LB,2022-02-25,B,2025-12-25,2,2,True,toward_benign,2022.0,2025.0
1169152,INF2,NM_022489.4(INF2):c.2418+10G>T,,single nucleotide variant,intron variant,Benign/Likely benign,"criteria provided, multiple submitters, no conflicts",LB,2022-01-05,B,2023-12-23,2,2,True,toward_benign,2022.0,2023.0
540072,INF2,NM_022489.4(INF2):c.2479C>A (p.Gln827Lys),Q827K,single nucleotide variant,missense variant,Benign/Likely benign,"criteria provided, multiple submitters, no conflicts",LB,2021-01-15,B,2026-01-11,5,5,True,toward_benign,2021.0,2026.0
389211,INF2,NM_022489.4(INF2):c.2490-20C>T,,single nucleotide variant,intron variant,Benign/Likely benign,"criteria provided, multiple submitters, no conflicts",LB,2017-08-31,B,2026-01-19,4,4,True,toward_benign,2017.0,2026.0
1061704,INF2,NM_022489.4(INF2):c.2555G>A (p.Arg852Gln),R852Q,single nucleotide variant,missense variant,Benign/Likely benign,"criteria provided, multiple submitters, no conflicts",LB,2021-04-21,B,2025-12-10,3,3,True,toward_benign,2021.0,2025.0
705894,INF2,NM_022489.4(INF2):c.2625C>G (p.Ala875=),,single nucleotide variant,synonymous variant,Benign/Likely benign,"criteria provided, multiple submitters, no conflicts",LB,2021-09-21,B,2025-08-05,2,2,True,toward_benign,2021.0,2025.0
540062,INF2,NM_022489.4(INF2):c.264C>T (p.Gly88=),,single nucleotide variant,synonymous variant,Benign/Likely benign,"criteria provided, multiple submitters, no conflicts",LB,2019-04-11,B,2026-01-02,7,7,True,toward_benign,2019.0,2026.0
1600890,INF2,NM_022489.4(INF2):c.2775+20C>A,,single nucleotide variant,intron variant,Benign/Likely benign,"criteria provided, multiple submitters, no conflicts",LB,2021-11-16,B,2025-10-29,3,3,True,toward_benign,2021.0,2025.0
472848,INF2,NM_022489.4(INF2):c.2999G>A (p.Ser1000Asn),S1000N,single nucleotide variant,missense variant,Benign/Likely benign,"criteria provided, multiple submitters, no conflicts",LB,2017-04-03,B,2025-12-31,5,5,True,toward_benign,2017.0,2025.0
511223,INF2,NM_022489.4(INF2):c.3040+11C>T,,single nucleotide variant,intron variant,Benign/Likely benign,"criteria provided, multiple submitters, no conflicts",LB,2017-08-01,B,2026-03-11,4,4,True,toward_benign,2017.0,2026.0
472858,INF2,NM_022489.4(INF2):c.3612G>A (p.Ser1204=),,single nucleotide variant,synonymous variant,Benign/Likely benign,"criteria provided, multiple submitters, no conflicts",LB,2019-07-11,B,2025-12-01,7,7,True,toward_benign,2019.0,2025.0
507417,INF2,NM_022489.4(INF2):c.3694+16G>A,,single nucleotide variant,intron variant,Benign/Likely benign,"criteria provided, multiple submitters, no conflicts",LB,2017-02-15,B,2024-04-10,2,2,True,toward_benign,2017.0,2024.0
1051018,INF2,NM_022489.4(INF2):c.3737G>C (p.Cys1246Ser),C1246S,single nucleotide variant,missense variant|intron variant,Benign/Likely benign,"criteria provided, multiple submitters, no conflicts",LB,2022-12-05,B,2023-07-07,2,2,True,toward_benign,2022.0,2023.0
1572414,INF2,NM_022489.4(INF2):c.392-13_392-9dup,,Duplication,intron variant,Benign/Likely benign,"criteria provided, multiple submitters, no conflicts",LB,2020-11-08,B,2024-07-17,3,3,True,toward_benign,2020.0,2024.0
680474,INF2,NM_022489.4(INF2):c.510G>A (p.Thr170=),,single nucleotide variant,synonymous variant,Benign/Likely benign,"criteria provided, multiple submitters, no conflicts",LB,2018-01-13,B,2025-07-09,4,4,True,toward_benign,2018.0,2025.0
540071,INF2,NM_022489.4(INF2):c.651G>A (p.Leu217=),,single nucleotide variant,synonymous variant,Benign/Likely benign,"criteria provided, multiple submitters, no conflicts",LB,2019-07-11,B,2026-01-18,2,2,True,toward_benign,2019.0,2026.0
382565,INF2,NM_022489.4(INF2):c.668-12G>A,,single nucleotide variant,intron variant,Benign/Likely benign,"criteria provided, multiple submitters, no conflicts",LB,2020-08-28,B,2026-01-16,4,4,True,toward_benign,2020.0,2026.0
3233712,INF2,NM_022489.4(INF2):c.942C>A (p.Ala314=),,single nucleotide variant,synonymous variant,Benign/Likely benign,"criteria provided, multiple submitters, no conflicts",LB,2024-03-01,B,2025-04-29,2,2,True,toward_benign,2024.0,2025.0
730382,ITGA3,NM_002204.4(ITGA3):c.1047G>A (p.Ala349=),,single nucleotide variant,synonymous variant,Benign/Likely benign,"criteria provided, multiple submitters, no conflicts",LB,2021-08-19,B,2026-02-01,2,2,True,toward_benign,2021.0,2026.0
789230,ITGA3,NM_002204.4(ITGA3):c.1157-9C>T,,single nucleotide variant,intron variant,Benign/Likely benign,"criteria provided, multiple submitters, no conflicts",LB,2021-04-04,B,2026-01-15,3,3,True,toward_benign,2021.0,2026.0
791042,ITGA3,NM_002204.4(ITGA3):c.1173T>C (p.Ala391=),,single nucleotide variant,synonymous variant,Benign/Likely benign,"criteria provided, multiple submitters, no conflicts",LB,2025-06-01,B,2026-01-18,3,3,True,toward_benign,2025.0,2026.0
3054480,ITGA3,NM_002204.4(ITGA3):c.1245+7A>C,,single nucleotide variant,intron variant,Benign,"criteria provided, single submitter",LB,2021-03-19,B,2025-02-16,2,2,True,toward_benign,2021.0,2025.0
718299,ITGA3,NM_002204.4(ITGA3):c.1290C>T (p.Phe430=),,single nucleotide variant,synonymous variant,Benign/Likely benign,"criteria provided, multiple submitters, no conflicts",LB,2019-05-20,B,2025-07-09,4,4,True,toward_benign,2019.0,2025.0
714736,ITGA3,NM_002204.4(ITGA3):c.1382+3G>A,,single nucleotide variant,intron variant,Benign/Likely benign,"criteria provided, multiple submitters, no conflicts",LB,2021-10-27,B,2025-12-29,3,3,True,toward_benign,2021.0,2025.0
1312617,ITGA3,NM_002204.4(ITGA3):c.1470-11C>T,,single nucleotide variant,intron variant,Benign/Likely benign,"criteria provided, multiple submitters, no conflicts",LB,2021-10-27,B,2025-12-29,2,2,True,toward_benign,2021.0,2025.0
1600855,ITGA3,NM_002204.4(ITGA3):c.1537+16C>T,,single nucleotide variant,intron variant,Benign/Likely benign,"criteria provided, multiple submitters, no conflicts",LB,2022-05-31,B,2025-10-15,2,2,True,toward_benign,2022.0,2025.0
2062830,ITGA3,NM_002204.4(ITGA3):c.1620C>T (p.His540=),,single nucleotide variant,synonymous variant,Benign/Likely benign,"criteria provided, multiple submitters, no conflicts",LB,2025-12-14,B,2025-12-17,2,2,True,toward_benign,2025.0,2025.0
749148,ITGA3,NM_002204.4(ITGA3):c.1675-8C>T,,single nucleotide variant,intron variant,Benign/Likely benign,"criteria provided, multiple submitters, no conflicts",LB,2020-10-14,B,2025-03-18,3,3,True,toward_benign,2020.0,2025.0
1195297,ITGA3,NM_002204.4(ITGA3):c.2046C>T (p.Ala682=),,single nucleotide variant,synonymous variant,Benign/Likely benign,"criteria provided, multiple submitters, no conflicts",LB,2020-06-30,B,2026-02-01,4,4,True,toward_benign,2020.0,2026.0
1647064,ITGA3,NM_002204.4(ITGA3):c.207-18C>T,,single nucleotide variant,intron variant,Benign/Likely benign,"criteria provided, multiple submitters, no conflicts",LB,2021-07-29,B,2025-10-13,2,2,True,toward_benign,2021.0,2025.0
1547022,ITGA3,NM_002204.4(ITGA3):c.2184C>T (p.His728=),,single nucleotide variant,synonymous variant,Benign/Likely benign,"criteria provided, multiple submitters, no conflicts",LB,2022-02-03,B,2025-08-30,4,4,True,toward_benign,2022.0,2025.0
732306,ITGA3,NM_002204.4(ITGA3):c.222C>T (p.Ala74=),,single nucleotide variant,synonymous variant,Benign/Likely benign,"criteria provided, multiple submitters, no conflicts",LB,2022-05-04,B,2025-11-19,2,2,True,toward_benign,2022.0,2025.0
1554436,ITGA3,NM_002204.4(ITGA3):c.2400+7G>A,,single nucleotide variant,intron variant,Benign/Likely benign,"criteria provided, multiple submitters, no conflicts",LB,2021-10-22,B,2026-01-26,3,3,True,toward_benign,2021.0,2026.0
1193275,ITGA3,NM_002204.4(ITGA3):c.2827A>G (p.Arg943Gly),R943G,single nucleotide variant,missense variant,Benign/Likely benign,"criteria provided, multiple submitters, no conflicts",LB,2024-09-16,B,2026-02-01,4,4,True,toward_benign,2024.0,2026.0
1189729,ITGA3,NM_002204.4(ITGA3):c.2920-12T>C,,single nucleotide variant,intron variant,Benign/Likely benign,"criteria provided, multiple submitters, no conflicts",LB,2020-05-04,B,2026-02-02,3,3,True,toward_benign,2020.0,2026.0
770643,ITGA3,NM_002204.4(ITGA3):c.2960C>G (p.Pro987Arg),P987R,single nucleotide variant,missense variant,Benign/Likely benign,"criteria provided, multiple submitters, no conflicts",LB,2023-05-25,B,2026-01-06,3,3,True,toward_benign,2023.0,2026.0
784360,ITGA3,NM_002204.4(ITGA3):c.399T>C (p.Pro133=),,single nucleotide variant,synonymous variant,Benign/Likely benign,"criteria provided, multiple submitters, no conflicts",LB,2020-03-25,B,2026-02-01,4,4,True,toward_benign,2020.0,2026.0
768897,ITGA3,NM_002204.4(ITGA3):c.687C>T (p.Arg229=),,single nucleotide variant,synonymous variant,Benign/Likely benign,"criteria provided, multiple submitters, no conflicts",LB,2020-03-25,B,2026-02-01,4,4,True,toward_benign,2020.0,2026.0
2043808,ITGA3,NM_002204.4(ITGA3):c.837C>T (p.Gly279=),,single nucleotide variant,synonymous variant,Benign/Likely benign,"criteria provided, multiple submitters, no conflicts",LB,2020-05-21,B,2025-11-10,3,3,True,toward_benign,2020.0,2025.0
782041,ITGA3,NM_002204.4(ITGA3):c.929C>T (p.Ala310Val),A310V,single nucleotide variant,missense variant,Benign/Likely benign,"criteria provided, multiple submitters, no conflicts",LB,2025-04-16,B,2026-02-01,6,6,True,toward_benign,2025.0,2026.0
459629,ITGB4,NM_000154.2(GALK1):c.1119C>T (p.Gly373=),,single nucleotide variant,synonymous variant,Benign/Likely benign,"criteria provided, multiple submitters, no conflicts",LB,2018-01-12,B,2026-01-29,6,5,True,toward_benign,2018.0,2026.0
1600677,ITGB4,NM_000213.5(ITGB4):c.1215+19A>G,,single nucleotide variant,intron variant,Benign/Likely benign,"criteria provided, multiple submitters, no conflicts",LB,2021-09-01,B,2026-01-21,2,2,True,toward_benign,2021.0,2026.0
1600010,ITGB4,NM_000213.5(ITGB4):c.1242C>A (p.Ala414=),,single nucleotide variant,synonymous variant,Benign,"criteria provided, single submitter",LB,2023-07-20,B,2023-12-03,2,2,True,toward_benign,2023.0,2023.0
325141,ITGB4,NM_000213.5(ITGB4):c.1434G>T (p.Gln478His),Q478H,single nucleotide variant,missense variant,Benign/Likely benign,"criteria provided, multiple submitters, no conflicts",LB,2018-01-12,B,2026-01-29,6,6,True,toward_benign,2018.0,2026.0
325142,ITGB4,NM_000213.5(ITGB4):c.1533G>A (p.Pro511=),,single nucleotide variant,synonymous variant,Benign/Likely benign,"criteria provided, multiple submitters, no conflicts",LB,2018-01-13,B,2026-01-21,3,3,True,toward_benign,2018.0,2026.0
3023694,ITGB4,NM_000213.5(ITGB4):c.1762-17G>A,,single nucleotide variant,intron variant,Benign,"criteria provided, single submitter",LB,2019-05-06,B,2025-12-08,2,2,True,toward_benign,2019.0,2025.0
325159,ITGB4,NM_000213.5(ITGB4):c.2108A>G (p.Lys703Arg),K703R,single nucleotide variant,missense variant,Benign/Likely benign,"criteria provided, multiple submitters, no conflicts",LB,2018-01-13,B,2026-01-22,3,3,True,toward_benign,2018.0,2026.0
325162,ITGB4,NM_000213.5(ITGB4):c.2422G>A (p.Ala808Thr),A808T,single nucleotide variant,missense variant,Benign/Likely benign,"criteria provided, multiple submitters, no conflicts",LB,2018-01-13,B,2026-01-24,7,7,True,toward_benign,2018.0,2026.0
325122,ITGB4,NM_000213.5(ITGB4):c.282C>T (p.Thr94=),,single nucleotide variant,synonymous variant,Benign/Likely benign,"criteria provided, multiple submitters, no conflicts",LB,2018-01-13,B,2026-01-21,3,3,True,toward_benign,2018.0,2026.0
325172,ITGB4,NM_000213.5(ITGB4):c.2929C>T (p.Arg977Cys),R977C,single nucleotide variant,missense variant,Benign/Likely benign,"criteria provided, multiple submitters, no conflicts",LB,2018-01-12,B,2026-01-31,13,13,True,toward_benign,2018.0,2026.0
325186,ITGB4,NM_000213.5(ITGB4):c.3861C>T (p.Asn1287=),,single nucleotide variant,synonymous variant|intron variant,Benign/Likely benign,"criteria provided, multiple submitters, no conflicts",LB,2018-01-12,B,2026-01-28,7,7,True,toward_benign,2018.0,2026.0
729288,ITGB4,NM_000213.5(ITGB4):c.495C>T (p.Ser165=),,single nucleotide variant,synonymous variant,Benign/Likely benign,"criteria provided, multiple submitters, no conflicts",LB,2018-01-13,B,2026-01-26,4,4,True,toward_benign,2018.0,2026.0
325207,ITGB4,NM_000213.5(ITGB4):c.5053+14C>T,,single nucleotide variant,intron variant,Benign/Likely benign,"criteria provided, multiple submitters, no conflicts",LB,2018-07-14,B,2026-01-28,2,2,True,toward_benign,2018.0,2026.0
1606740,ITGB4,NM_000213.5(ITGB4):c.5055G>A (p.Gly1685=),,single nucleotide variant,synonymous variant|intron variant,Benign,"criteria provided, single submitter",LB,2022-12-19,B,2024-06-14,2,2,True,toward_benign,2022.0,2024.0
325209,ITGB4,NM_000213.5(ITGB4):c.5055G>C (p.Gly1685=),,single nucleotide variant,synonymous variant|intron variant,Benign/Likely benign,"criteria provided, multiple submitters, no conflicts",LB,2018-01-13,B,2026-01-24,5,5,True,toward_benign,2018.0,2026.0
889034,ITGB4,NM_000213.5(ITGB4):c.5219-15A>T,,single nucleotide variant,intron variant,Benign/Likely benign,"criteria provided, multiple submitters, no conflicts",LB,2018-01-12,B,2026-01-21,2,2,True,toward_benign,2018.0,2026.0
1579019,ITGB4,NM_000213.5(ITGB4):c.5248G>A (p.Gly1750Arg),"G1680R, G1733R, G1750R, G1630R",single nucleotide variant,missense variant|intron variant,Benign/Likely benign,"criteria provided, multiple submitters, no conflicts",LB,2021-07-23,B,2026-01-25,2,2,True,toward_benign,2021.0,2026.0
2721590,ITGB4,NM_000213.5(ITGB4):c.57C>T (p.Ser19=),,single nucleotide variant,synonymous variant,Benign,"criteria provided, single submitter",LB,2019-05-22,B,2025-12-23,2,2,True,toward_benign,2019.0,2025.0
1623047,KANK1,NM_015158.5(KANK1):c.1277_1282dup (p.Ala426_Val427dup),,Duplication,inframe_insertion|non-coding transcript variant,Benign,"criteria provided, single submitter",LB,2019-03-05,B,2026-01-05,2,2,True,toward_benign,2019.0,2026.0
377350,KANK1,NM_015158.5(KANK1):c.149A>T (p.Asp50Val),D50V,single nucleotide variant,missense variant|5 prime UTR variant|non-coding transcript variant,Benign/Likely benign,"criteria provided, multiple submitters, no conflicts",LB,2016-12-28,B,2026-03-01,7,7,True,toward_benign,2016.0,2026.0
2147667,KANK1,NM_015158.5(KANK1):c.1971G>A (p.Gln657=),,single nucleotide variant,synonymous variant|non-coding transcript variant,Benign/Likely benign,"criteria provided, multiple submitters, no conflicts",LB,2025-08-01,B,2025-10-15,2,2,True,toward_benign,2025.0,2025.0
711505,KANK1,NM_015158.5(KANK1):c.206C>T (p.Pro69Leu),P69L,single nucleotide variant,missense variant|5 prime UTR variant|non-coding transcript variant,Benign/Likely benign,"criteria provided, multiple submitters, no conflicts",LB,2020-12-01,B,2026-01-14,5,5,True,toward_benign,2020.0,2026.0
755498,KANK1,NM_015158.5(KANK1):c.2646T>G (p.Thr882=),,single nucleotide variant,synonymous variant|non-coding transcript variant,Benign/Likely benign,"criteria provided, multiple submitters, no conflicts",LB,2022-04-14,B,2023-11-24,2,2,True,toward_benign,2022.0,2023.0
718875,KANK1,NM_015158.5(KANK1):c.2725T>G (p.Cys909Gly),"C751G, C909G",single nucleotide variant,missense variant|non-coding transcript variant,Benign/Likely benign,"criteria provided, multiple submitters, no conflicts",LB,2022-02-01,B,2026-01-29,3,3,True,toward_benign,2022.0,2026.0
445945,KANK1,NM_015158.5(KANK1):c.2896+18C>T,,single nucleotide variant,intron variant,Benign/Likely benign,"criteria provided, multiple submitters, no conflicts",LB,2017-08-24,B,2026-01-24,3,3,True,toward_benign,2017.0,2026.0
1607922,KANK1,NM_015158.5(KANK1):c.3005+9A>T,,single nucleotide variant,intron variant,Benign/Likely benign,"criteria provided, multiple submitters, no conflicts",LB,2019-06-27,B,2025-12-25,4,4,True,toward_benign,2019.0,2025.0
1168572,KANK1,NM_015158.5(KANK1):c.3245+12T>C,,single nucleotide variant,intron variant,Benign/Likely benign,"criteria provided, multiple submitters, no conflicts",LB,2022-02-11,B,2026-01-27,3,3,True,toward_benign,2022.0,2026.0
787064,KANK1,NM_015158.5(KANK1):c.3372C>T (p.Arg1124=),,single nucleotide variant,synonymous variant|non-coding transcript variant,Benign/Likely benign,"criteria provided, multiple submitters, no conflicts",LB,2020-03-09,B,2025-11-06,2,2,True,toward_benign,2020.0,2025.0
783538,KANK1,NM_015158.5(KANK1):c.346A>G (p.Thr116Ala),T116A,single nucleotide variant,missense variant|5 prime UTR variant|non-coding transcript variant,Benign/Likely benign,"criteria provided, multiple submitters, no conflicts",LB,2022-04-26,B,2025-12-23,3,3,True,toward_benign,2022.0,2025.0
733907,KANK1,NM_015158.5(KANK1):c.3477C>T (p.Asp1159=),,single nucleotide variant,synonymous variant|non-coding transcript variant,Benign/Likely benign,"criteria provided, multiple submitters, no conflicts",LB,2021-03-18,B,2026-01-27,3,3,True,toward_benign,2021.0,2026.0
446056,KANK1,NM_015158.5(KANK1):c.3554-10_3554-5del,,Deletion,intron variant,Benign/Likely benign,"criteria provided, multiple submitters, no conflicts",LB,2017-04-19,B,2019-12-18,2,2,True,toward_benign,2017.0,2019.0
712031,KANK1,NM_015158.5(KANK1):c.3554-4dup,,Duplication,intron variant,Benign/Likely benign,"criteria provided, multiple submitters, no conflicts",LB,2020-11-27,B,2025-11-03,2,2,True,toward_benign,2020.0,2025.0
788824,KANK1,NM_015158.5(KANK1):c.3609G>A (p.Ala1203=),,single nucleotide variant,synonymous variant|non-coding transcript variant,Benign/Likely benign,"criteria provided, multiple submitters, no conflicts",LB,2020-12-21,B,2026-01-26,6,6,True,toward_benign,2020.0,2026.0
1570004,KANK1,NM_015158.5(KANK1):c.3618C>T (p.Ala1206=),,single nucleotide variant,synonymous variant|non-coding transcript variant,Benign/Likely benign,"criteria provided, multiple submitters, no conflicts",LB,2022-01-17,B,2026-01-12,2,2,True,toward_benign,2022.0,2026.0
787341,KANK1,NM_015158.5(KANK1):c.3647T>C (p.Ile1216Thr),"I960T, I1136T, I978T, I1040T, I1058T, I1216T, I1198T",single nucleotide variant,missense variant|non-coding transcript variant,Benign/Likely benign,"criteria provided, multiple submitters, no conflicts",LB,2022-05-24,B,2026-01-19,2,2,True,toward_benign,2022.0,2026.0
2179310,KANK1,NM_015158.5(KANK1):c.3825C>T (p.Ser1275=),,single nucleotide variant,synonymous variant|non-coding transcript variant,Benign/Likely benign,"criteria provided, multiple submitters, no conflicts",LB,2022-12-19,B,2025-08-16,3,3,True,toward_benign,2022.0,2025.0
1613301,KANK1,NM_015158.5(KANK1):c.453C>T (p.Asn151=),,single nucleotide variant,synonymous variant|5 prime UTR variant|non-coding transcript variant,Benign/Likely benign,"criteria provided, multiple submitters, no conflicts",LB,2021-10-01,B,2025-06-12,2,2,True,toward_benign,2021.0,2025.0
1623919,KANK1,NM_015158.5(KANK1):c.528G>A (p.Pro176=),,single nucleotide variant,synonymous variant|non-coding transcript variant,Benign/Likely benign,"criteria provided, multiple submitters, no conflicts",LB,2024-09-01,B,2026-01-23,2,2,True,toward_benign,2024.0,2026.0
1317602,KANK1,NM_015158.5(KANK1):c.52A>G (p.Ile18Val),I18V,single nucleotide variant,missense variant|5 prime UTR variant|non-coding transcript variant,Benign/Likely benign,"criteria provided, multiple submitters, no conflicts",LB,2025-03-11,B,2026-01-27,3,3,True,toward_benign,2025.0,2026.0
715318,KANK2,NM_001136191.3(KANK2):c.1038C>T (p.Ala346=),,single nucleotide variant,synonymous variant,Benign/Likely benign,"criteria provided, multiple submitters, no conflicts",LB,2021-07-19,B,2026-01-26,3,3,True,toward_benign,2021.0,2026.0
1590636,KANK2,NM_001136191.3(KANK2):c.1269C>T (p.Ala423=),,single nucleotide variant,synonymous variant,Benign/Likely benign,"criteria provided, multiple submitters, no conflicts",LB,2024-10-01,B,2025-12-24,2,2,True,toward_benign,2024.0,2025.0
2724574,KANK2,NM_001136191.3(KANK2):c.1275G>A (p.Ser425=),,single nucleotide variant,synonymous variant,Benign,"criteria provided, single submitter",LB,2020-02-10,B,2025-11-28,2,2,True,toward_benign,2020.0,2025.0
777445,KANK2,NM_001136191.3(KANK2):c.1418-6C>T,P479L,single nucleotide variant,missense variant|intron variant,Benign/Likely benign,"criteria provided, multiple submitters, no conflicts",LB,2021-04-29,B,2026-02-01,4,4,True,toward_benign,2021.0,2026.0
777444,KANK2,NM_001136191.3(KANK2):c.1468G>A (p.Ala490Thr),"A498T, A490T",single nucleotide variant,missense variant,Benign/Likely benign,"criteria provided, multiple submitters, no conflicts",LB,2021-04-29,B,2026-02-01,4,4,True,toward_benign,2021.0,2026.0
1561296,KANK2,NM_001136191.3(KANK2):c.1560C>T (p.Asn520=),,single nucleotide variant,synonymous variant,Benign/Likely benign,"criteria provided, multiple submitters, no conflicts",LB,2025-10-23,B,2025-10-23,2,2,True,toward_benign,2025.0,2025.0
782052,KANK2,NM_001136191.3(KANK2):c.1602G>A (p.Pro534=),,single nucleotide variant,synonymous variant,Benign/Likely benign,"criteria provided, multiple submitters, no conflicts",LB,2020-02-01,B,2026-01-27,4,4,True,toward_benign,2020.0,2026.0
1549658,KANK2,NM_001136191.3(KANK2):c.1661C>T (p.Ala554Val),"A554V, A562V",single nucleotide variant,missense variant,Benign/Likely benign,"criteria provided, multiple submitters, no conflicts",LB,2025-10-23,B,2026-01-12,3,3,True,toward_benign,2025.0,2026.0
3039611,KANK2,NM_001136191.3(KANK2):c.1670C>G (p.Thr557Ser),"T557S, T565S",single nucleotide variant,missense variant,Benign,"criteria provided, single submitter",LB,2023-02-03,B,2025-05-14,2,2,True,toward_benign,2023.0,2025.0
779042,KANK2,NM_001136191.3(KANK2):c.1688A>G (p.Gln563Arg),"Q563R, Q571R",single nucleotide variant,missense variant,Benign/Likely benign,"criteria provided, multiple submitters, no conflicts",LB,2020-10-30,B,2026-01-26,4,4,True,toward_benign,2020.0,2026.0
717273,KANK2,NM_001136191.3(KANK2):c.1986C>T (p.Ile662=),,single nucleotide variant,synonymous variant,Benign/Likely benign,"criteria provided, multiple submitters, no conflicts",LB,2025-06-01,B,2025-11-28,3,3,True,toward_benign,2025.0,2025.0
777491,KANK2,NM_001136191.3(KANK2):c.1998C>T (p.Asn666=),,single nucleotide variant,synonymous variant,Benign/Likely benign,"criteria provided, multiple submitters, no conflicts",LB,2021-03-18,B,2026-01-22,3,3,True,toward_benign,2021.0,2026.0
1317914,KANK2,NM_001136191.3(KANK2):c.2502+15G>A,,single nucleotide variant,intron variant,Benign/Likely benign,"criteria provided, multiple submitters, no conflicts",LB,2020-04-26,B,2026-01-28,4,4,True,toward_benign,2020.0,2026.0
710381,KANK2,NM_001136191.3(KANK2):c.589C>T (p.Arg197Trp),R197W,single nucleotide variant,missense variant,Benign/Likely benign,"criteria provided, multiple submitters, no conflicts",LB,2021-05-05,B,2026-01-15,3,3,True,toward_benign,2021.0,2026.0
1318163,KANK2,NM_001136191.3(KANK2):c.867C>T (p.Val289=),,single nucleotide variant,synonymous variant,Benign/Likely benign,"criteria provided, multiple submitters, no conflicts",LB,2020-05-08,B,2025-12-19,3,3,True,toward_benign,2020.0,2025.0
1598676,KANK2,NM_001136191.3(KANK2):c.972G>A (p.Pro324=),,single nucleotide variant,synonymous variant,Benign/Likely benign,"criteria provided, multiple submitters, no conflicts",LB,2021-03-17,B,2025-12-24,5,5,True,toward_benign,2021.0,2025.0
709687,KANK4,NM_181712.5(KANK4):c.1229C>T (p.Thr410Met),T410M,single nucleotide variant,missense variant|intron variant,Benign/Likely benign,"criteria provided, multiple submitters, no conflicts",LB,2019-11-29,B,2025-12-15,3,3,True,toward_benign,2019.0,2025.0
782908,KANK4,NM_181712.5(KANK4):c.1550G>A (p.Arg517Lys),R517K,single nucleotide variant,missense variant|intron variant,Benign/Likely benign,"criteria provided, multiple submitters, no conflicts",LB,2019-12-29,B,2026-01-24,3,3,True,toward_benign,2019.0,2026.0
2064618,KANK4,NM_181712.5(KANK4):c.1749G>A (p.Pro583=),,single nucleotide variant,synonymous variant|intron variant,Benign/Likely benign,"criteria provided, multiple submitters, no conflicts",LB,2024-05-01,B,2025-10-23,2,2,True,toward_benign,2024.0,2025.0
1316621,KANK4,NM_181712.5(KANK4):c.2157C>A (p.Gly719=),,single nucleotide variant,synonymous variant,Benign/Likely benign,"criteria provided, multiple submitters, no conflicts",LB,2019-09-10,B,2025-10-13,3,3,True,toward_benign,2019.0,2025.0
1326101,KANK4,NM_181712.5(KANK4):c.2683-12_2683-10dup,,Duplication,intron variant,Benign/Likely benign,"criteria provided, multiple submitters, no conflicts",LB,2021-02-25,B,2026-02-01,2,2,True,toward_benign,2021.0,2026.0
2051919,KANK4,NM_181712.5(KANK4):c.618T>A (p.Pro206=),,single nucleotide variant,synonymous variant|intron variant,Benign,"criteria provided, single submitter",LB,2019-08-05,B,2025-10-24,2,2,True,toward_benign,2019.0,2025.0
258595,LAMB2,NM_002292.4(LAMB2):c.1193C>T (p.Thr398Ile),T398I,single nucleotide variant,missense variant,Benign/Likely benign,"criteria provided, multiple submitters, no conflicts",LB,2017-02-13,B,2026-02-01,9,8,True,toward_benign,2017.0,2026.0
704823,LAMB2,NM_002292.4(LAMB2):c.1226-5G>A,,single nucleotide variant,intron variant,Benign,"criteria provided, single submitter",LB,2019-07-03,B,2026-01-20,2,2,True,toward_benign,2019.0,2026.0
258599,LAMB2,NM_002292.4(LAMB2):c.1724G>A (p.Arg575Gln),R575Q,single nucleotide variant,missense variant,Benign/Likely benign,"criteria provided, multiple submitters, no conflicts",LB,2016-12-12,B,2026-02-01,8,7,True,toward_benign,2016.0,2026.0
346013,LAMB2,NM_002292.4(LAMB2):c.250-14C>T,,single nucleotide variant,intron variant,Benign/Likely benign,"criteria provided, multiple submitters, no conflicts",LB,2018-01-13,B,2026-01-08,4,3,True,toward_benign,2018.0,2026.0
705972,LAMB2,NM_002292.4(LAMB2):c.2505C>T (p.His835=),,single nucleotide variant,synonymous variant,Benign/Likely benign,"criteria provided, multiple submitters, no conflicts",LB,2021-09-09,B,2025-05-07,3,3,True,toward_benign,2021.0,2025.0
704005,LAMB2,NM_002292.4(LAMB2):c.261G>A (p.Lys87=),,single nucleotide variant,synonymous variant,Benign/Likely benign,"criteria provided, multiple submitters, no conflicts",LB,2018-03-06,B,2026-01-31,9,8,True,toward_benign,2018.0,2026.0
345992,LAMB2,NM_002292.4(LAMB2):c.3071C>T (p.Pro1024Leu),P1024L,single nucleotide variant,missense variant,Benign/Likely benign,"criteria provided, multiple submitters, no conflicts",LB,2018-01-12,B,2025-11-19,4,3,True,toward_benign,2018.0,2025.0
472482,LAMB2,NM_002292.4(LAMB2):c.3858G>T (p.Val1286=),,single nucleotide variant,synonymous variant,Benign/Likely benign,"criteria provided, multiple submitters, no conflicts",LB,2017-04-27,B,2026-01-26,12,11,True,toward_benign,2017.0,2026.0
472485,LAMB2,NM_002292.4(LAMB2):c.4163G>A (p.Arg1388Gln),R1388Q,single nucleotide variant,missense variant,Benign/Likely benign,"criteria provided, multiple submitters, no conflicts",LB,2018-01-12,B,2026-02-01,5,4,True,toward_benign,2018.0,2026.0
450393,LAMB2,NM_002292.4(LAMB2):c.4370G>A (p.Arg1457Gln),R1457Q,single nucleotide variant,missense variant,Benign/Likely benign,"criteria provided, multiple submitters, no conflicts",LB,2016-12-12,B,2026-02-01,6,5,True,toward_benign,2016.0,2026.0
1169247,LAMB2,NM_002292.4(LAMB2):c.4848G>A (p.Arg1616=),,single nucleotide variant,synonymous variant,Benign/Likely benign,"criteria provided, multiple submitters, no conflicts",LB,2022-03-14,B,2024-07-24,2,2,True,toward_benign,2022.0,2024.0
258614,LAMB2,NM_002292.4(LAMB2):c.4923+17A>G,,single nucleotide variant,intron variant,Benign/Likely benign,"criteria provided, multiple submitters, no conflicts",LB,2020-10-14,B,2026-01-28,4,4,True,toward_benign,2020.0,2026.0
345975,LAMB2,NM_002292.4(LAMB2):c.5026G>A (p.Gly1676Arg),G1676R,single nucleotide variant,missense variant,Benign/Likely benign,"criteria provided, multiple submitters, no conflicts",LB,2017-01-31,B,2019-12-31,5,4,True,toward_benign,2017.0,2019.0
345974,LAMB2,NM_002292.4(LAMB2):c.5027G>T (p.Gly1676Val),G1676V,single nucleotide variant,missense variant,Benign/Likely benign,"criteria provided, multiple submitters, no conflicts",LB,2017-01-31,B,2022-07-01,5,4,True,toward_benign,2017.0,2022.0
472492,LAMB2,NM_002292.4(LAMB2):c.5061G>T (p.Thr1687=),,single nucleotide variant,synonymous variant,Benign/Likely benign,"criteria provided, multiple submitters, no conflicts",LB,2018-01-12,B,2025-10-14,5,4,True,toward_benign,2018.0,2025.0
472493,LAMB2,NM_002292.4(LAMB2):c.510C>T (p.Arg170=),,single nucleotide variant,synonymous variant,Benign/Likely benign,"criteria provided, multiple submitters, no conflicts",LB,2018-01-12,B,2026-02-01,9,8,True,toward_benign,2018.0,2026.0
747613,LMX1B,NM_001174147.2(LMX1B):c.1059C>T (p.Asp353=),,single nucleotide variant,synonymous variant,Benign/Likely benign,"criteria provided, multiple submitters, no conflicts",LB,2022-02-08,B,2025-12-23,3,3,True,toward_benign,2022.0,2025.0
258621,LMX1B,NM_001174147.2(LMX1B):c.139+19C>T,,single nucleotide variant,intron variant,Benign/Likely benign,"criteria provided, multiple submitters, no conflicts",LB,2022-02-02,B,2025-12-27,3,3,True,toward_benign,2022.0,2025.0
1165914,LMX1B,NM_001174147.2(LMX1B):c.295C>A (p.Arg99=),,single nucleotide variant,synonymous variant,Benign/Likely benign,"criteria provided, multiple submitters, no conflicts",LB,2020-06-09,B,2026-01-27,2,2,True,toward_benign,2020.0,2026.0
364877,LMX1B,NM_001174147.2(LMX1B):c.381C>T (p.Phe127=),,single nucleotide variant,synonymous variant,Benign/Likely benign,"criteria provided, multiple submitters, no conflicts",LB,2018-01-13,B,2025-03-17,2,2,True,toward_benign,2018.0,2025.0
720442,LMX1B,NM_001174147.2(LMX1B):c.534C>A (p.Ser178=),,single nucleotide variant,synonymous variant,Benign/Likely benign,"criteria provided, multiple submitters, no conflicts",LB,2021-02-25,B,2026-01-24,3,3,True,toward_benign,2021.0,2026.0
258628,LMX1B,NM_001174147.2(LMX1B):c.560-19C>T,,single nucleotide variant,intron variant,Benign/Likely benign,"criteria provided, multiple submitters, no conflicts",LB,2019-04-26,B,2026-01-21,4,4,True,toward_benign,2019.0,2026.0
1601180,LMX1B,NM_001174147.2(LMX1B):c.570G>A (p.Glu190=),,single nucleotide variant,synonymous variant,Benign/Likely benign,"criteria provided, multiple submitters, no conflicts",LB,2022-01-25,B,2024-06-13,2,2,True,toward_benign,2022.0,2024.0
1535906,LMX1B,NM_001174147.2(LMX1B):c.648G>A (p.Pro216=),,single nucleotide variant,synonymous variant,Benign/Likely benign,"criteria provided, multiple submitters, no conflicts",LB,2021-12-09,B,2025-08-21,2,2,True,toward_benign,2021.0,2025.0
1167806,LMX1B,NM_001174147.2(LMX1B):c.870C>A (p.Ser290=),,single nucleotide variant,synonymous variant,Benign/Likely benign,"criteria provided, multiple submitters, no conflicts",LB,2022-01-11,B,2026-01-12,2,2,True,toward_benign,2022.0,2026.0
1529014,MYH9,NM_002473.6(MYH9):c.1012+20A>G,,single nucleotide variant,intron variant,Benign/Likely benign,"criteria provided, multiple submitters, no conflicts",LB,2021-08-05,B,2026-01-24,2,2,True,toward_benign,2021.0,2026.0
164460,MYH9,NM_002473.6(MYH9):c.1158C>T (p.Thr386=),,single nucleotide variant,synonymous variant,Benign/Likely benign,"criteria provided, multiple submitters, no conflicts",LB,2012-04-30,B,2026-01-20,12,11,True,toward_benign,2012.0,2026.0
1215168,MYH9,NM_002473.6(MYH9):c.1167C>T (p.Ile389=),,single nucleotide variant,synonymous variant,Benign/Likely benign,"criteria provided, multiple submitters, no conflicts",LB,2020-07-22,B,2025-10-14,3,3,True,toward_benign,2020.0,2025.0
258727,MYH9,NM_002473.6(MYH9):c.1228-16C>T,,single nucleotide variant,intron variant,Benign/Likely benign,"criteria provided, multiple submitters, no conflicts",LB,2021-11-11,B,2026-01-24,3,3,True,toward_benign,2021.0,2026.0
178436,MYH9,NM_002473.6(MYH9):c.1242C>T (p.Ile414=),,single nucleotide variant,synonymous variant,Benign/Likely benign,"criteria provided, multiple submitters, no conflicts",LB,2012-04-30,B,2026-01-12,10,9,True,toward_benign,2012.0,2026.0
517444,MYH9,NM_002473.6(MYH9):c.1389G>A (p.Ser463=),,single nucleotide variant,synonymous variant,Benign/Likely benign,"criteria provided, multiple submitters, no conflicts",LB,2017-07-11,B,2025-11-19,4,4,True,toward_benign,2017.0,2025.0
517199,MYH9,NM_002473.6(MYH9):c.1686G>A (p.Leu562=),,single nucleotide variant,synonymous variant,Benign/Likely benign,"criteria provided, multiple submitters, no conflicts",LB,2016-12-08,B,2025-10-17,5,5,True,toward_benign,2016.0,2025.0
164455,MYH9,NM_002473.6(MYH9):c.1843+14C>A,,single nucleotide variant,intron variant,Benign/Likely benign,"criteria provided, multiple submitters, no conflicts",LB,2013-03-13,B,2026-01-18,4,4,True,toward_benign,2013.0,2026.0
179191,MYH9,NM_002473.6(MYH9):c.1980G>A (p.Thr660=),,single nucleotide variant,synonymous variant,Benign/Likely benign,"criteria provided, multiple submitters, no conflicts",LB,2016-08-16,B,2025-12-29,2,2,True,toward_benign,2016.0,2025.0
341521,MYH9,NM_002473.6(MYH9):c.2295C>T (p.Ala765=),,single nucleotide variant,synonymous variant,Benign/Likely benign,"criteria provided, multiple submitters, no conflicts",LB,2017-05-22,B,2025-11-09,6,5,True,toward_benign,2017.0,2025.0
3040640,MYH9,NM_002473.6(MYH9):c.2340C>T (p.Thr780=),,single nucleotide variant,synonymous variant,Benign,"criteria provided, single submitter",LB,2019-10-02,B,2024-12-06,2,2,True,toward_benign,2019.0,2024.0
3297560,MYH9,NM_002473.6(MYH9):c.2343C>G (p.Asp781Glu),D781E,single nucleotide variant,missense variant,Benign/Likely benign,"criteria provided, multiple submitters, no conflicts",LB,2024-05-14,B,2025-12-19,2,2,True,toward_benign,2024.0,2025.0
164451,MYH9,NM_002473.6(MYH9):c.2500-14A>G,,single nucleotide variant,intron variant,Benign/Likely benign,"criteria provided, multiple submitters, no conflicts",LB,2015-11-12,B,2025-12-01,5,4,True,toward_benign,2015.0,2025.0
3355320,MYH9,NM_002473.6(MYH9):c.279C>T (p.Asn93=),,single nucleotide variant,synonymous variant,Benign,"criteria provided, single submitter",LB,2024-09-21,B,2025-06-09,2,2,True,toward_benign,2024.0,2025.0
258736,MYH9,NM_002473.6(MYH9):c.2808G>A (p.Ala936=),,single nucleotide variant,synonymous variant,Benign/Likely benign,"criteria provided, multiple submitters, no conflicts",LB,2021-06-24,B,2025-12-30,4,4,True,toward_benign,2021.0,2025.0
1204293,MYH9,NM_002473.6(MYH9):c.2838+19C>T,,single nucleotide variant,intron variant,Benign/Likely benign,"criteria provided, multiple submitters, no conflicts",LB,2020-10-18,B,2025-12-15,4,4,True,toward_benign,2020.0,2025.0
682257,MYH9,NM_002473.6(MYH9):c.2911G>A (p.Ala971Thr),A971T,single nucleotide variant,missense variant,Benign/Likely benign,"criteria provided, multiple submitters, no conflicts",LB,2018-05-15,B,2024-06-03,3,3,True,toward_benign,2018.0,2024.0
2975661,MYH9,NM_002473.6(MYH9):c.3039G>A (p.Glu1013=),,single nucleotide variant,synonymous variant,Benign/Likely benign,"criteria provided, multiple submitters, no conflicts",LB,2024-10-01,B,2025-07-10,2,2,True,toward_benign,2024.0,2025.0
680871,MYH9,NM_002473.6(MYH9):c.3195C>A (p.Ala1065=),,single nucleotide variant,synonymous variant,Benign/Likely benign,"criteria provided, multiple submitters, no conflicts",LB,2018-03-23,B,2026-01-26,3,3,True,toward_benign,2018.0,2026.0
178434,MYH9,NM_002473.6(MYH9):c.3216G>A (p.Ala1072=),,single nucleotide variant,synonymous variant,Benign/Likely benign,"criteria provided, multiple submitters, no conflicts",LB,2017-03-16,B,2026-01-12,9,8,True,toward_benign,2017.0,2026.0
179084,MYH9,NM_002473.6(MYH9):c.3384T>C (p.Asn1128=),,single nucleotide variant,synonymous variant,Benign/Likely benign,"criteria provided, multiple submitters, no conflicts",LB,2013-07-28,B,2023-02-22,3,3,True,toward_benign,2013.0,2023.0
1197067,MYH9,NM_002473.6(MYH9):c.3485+18G>C,,single nucleotide variant,intron variant,Benign/Likely benign,"criteria provided, multiple submitters, no conflicts",LB,2018-10-14,B,2026-01-12,4,4,True,toward_benign,2018.0,2026.0
724301,MYH9,NM_002473.6(MYH9):c.3645C>T (p.Leu1215=),,single nucleotide variant,synonymous variant,Benign,"criteria provided, single submitter",LB,2021-06-09,B,2025-11-04,2,2,True,toward_benign,2021.0,2025.0
2891599,MYH9,NM_002473.6(MYH9):c.3693C>T (p.Asn1231=),,single nucleotide variant,synonymous variant,Benign/Likely benign,"criteria provided, multiple submitters, no conflicts",LB,2019-05-22,B,2025-12-15,3,3,True,toward_benign,2019.0,2025.0
809357,MYH9,NM_002473.6(MYH9):c.4008C>T (p.Asp1336=),,single nucleotide variant,synonymous variant,Benign/Likely benign,"criteria provided, multiple submitters, no conflicts",LB,2017-08-01,B,2025-06-12,4,4,True,toward_benign,2017.0,2025.0
1567853,MYH9,NM_002473.6(MYH9):c.4095+20C>T,,single nucleotide variant,intron variant,Benign/Likely benign,"criteria provided, multiple submitters, no conflicts",LB,2022-01-20,B,2026-02-01,2,2,True,toward_benign,2022.0,2026.0
667131,MYH9,NM_002473.6(MYH9):c.4203C>T (p.His1401=),,single nucleotide variant,synonymous variant,Benign/Likely benign,"criteria provided, multiple submitters, no conflicts",LB,2017-08-23,B,2024-09-18,2,2,True,toward_benign,2017.0,2024.0
2904341,MYH9,NM_002473.6(MYH9):c.4236G>A (p.Glu1412=),,single nucleotide variant,synonymous variant,Benign,"criteria provided, single submitter",LB,2022-09-27,B,2026-01-11,2,2,True,toward_benign,2022.0,2026.0
164465,MYH9,NM_002473.6(MYH9):c.468C>T (p.Thr156=),,single nucleotide variant,synonymous variant,Benign/Likely benign,"criteria provided, multiple submitters, no conflicts",LB,2014-08-19,B,2025-12-08,3,3,True,toward_benign,2014.0,2025.0
178429,MYH9,NM_002473.6(MYH9):c.4956C>T (p.Arg1652=),,single nucleotide variant,synonymous variant,Benign/Likely benign,"criteria provided, multiple submitters, no conflicts",LB,2016-04-18,B,2026-01-19,6,5,True,toward_benign,2016.0,2026.0
178428,MYH9,NM_002473.6(MYH9):c.5010G>A (p.Glu1670=),,single nucleotide variant,synonymous variant,Benign/Likely benign,"criteria provided, multiple submitters, no conflicts",LB,2012-04-30,B,2025-06-23,8,7,True,toward_benign,2012.0,2025.0
178427,MYH9,NM_002473.6(MYH9):c.5049C>A (p.Ile1683=),,single nucleotide variant,synonymous variant,Benign/Likely benign,"criteria provided, multiple submitters, no conflicts",LB,2012-04-30,B,2026-01-16,5,5,True,toward_benign,2012.0,2026.0
1201764,MYH9,NM_002473.6(MYH9):c.5118G>A (p.Leu1706=),,single nucleotide variant,synonymous variant,Benign/Likely benign,"criteria provided, multiple submitters, no conflicts",LB,2020-07-20,B,2026-02-01,2,2,True,toward_benign,2020.0,2026.0
2062986,MYH9,NM_002473.6(MYH9):c.5124C>T (p.Asp1708=),,single nucleotide variant,synonymous variant,Benign,"criteria provided, single submitter",LB,2021-06-23,B,2026-01-06,2,2,True,toward_benign,2021.0,2026.0
3159196,MYH9,NM_002473.6(MYH9):c.5158G>T (p.Ala1720Ser),A1720S,single nucleotide variant,missense variant,Benign/Likely benign,"criteria provided, multiple submitters, no conflicts",LB,2023-12-06,B,2025-10-29,2,2,True,toward_benign,2023.0,2025.0
258755,MYH9,NM_002473.6(MYH9):c.5277C>T (p.Ile1759=),,single nucleotide variant,synonymous variant,Benign/Likely benign,"criteria provided, multiple submitters, no conflicts",LB,2016-03-21,B,2025-12-31,8,8,True,toward_benign,2016.0,2025.0
1120142,MYH9,NM_002473.6(MYH9):c.5694C>T (p.Arg1898=),,single nucleotide variant,synonymous variant,Benign/Likely benign,"criteria provided, multiple submitters, no conflicts",LB,2017-08-23,B,2025-06-12,2,2,True,toward_benign,2017.0,2025.0
258758,MYH9,NM_002473.6(MYH9):c.5709C>T (p.Ala1903=),,single nucleotide variant,synonymous variant,Benign/Likely benign,"criteria provided, multiple submitters, no conflicts",LB,2016-04-18,B,2025-12-02,8,7,True,toward_benign,2016.0,2025.0
1220156,MYH9,NM_002473.6(MYH9):c.5742C>T (p.Val1914=),,single nucleotide variant,synonymous variant,Benign/Likely benign,"criteria provided, multiple submitters, no conflicts",LB,2021-05-04,B,2025-10-26,3,3,True,toward_benign,2021.0,2025.0
341491,MYH9,NM_002473.6(MYH9):c.5765+9C>T,,single nucleotide variant,intron variant,Benign/Likely benign,"criteria provided, multiple submitters, no conflicts",LB,2018-01-12,B,2025-12-15,4,3,True,toward_benign,2018.0,2025.0
258761,MYH9,NM_002473.6(MYH9):c.5817C>T (p.Ala1939=),,single nucleotide variant,synonymous variant,Benign/Likely benign,"criteria provided, multiple submitters, no conflicts",LB,2020-12-04,B,2025-12-06,3,3,True,toward_benign,2020.0,2025.0
871550,MYH9,NM_002473.6(MYH9):c.5829C>T (p.Ser1943=),,single nucleotide variant,synonymous variant,Benign/Likely benign,"criteria provided, multiple submitters, no conflicts",LB,2019-09-01,B,2025-11-17,2,2,True,toward_benign,2019.0,2025.0
504938,MYH9,NM_002473.6(MYH9):c.5853G>A (p.Ala1951=),,single nucleotide variant,synonymous variant,Benign/Likely benign,"criteria provided, multiple submitters, no conflicts",LB,2016-05-05,B,2026-01-22,2,2,True,toward_benign,2016.0,2026.0
341490,MYH9,NM_002473.6(MYH9):c.5877C>T (p.Ala1959=),,single nucleotide variant,synonymous variant,Benign/Likely benign,"criteria provided, multiple submitters, no conflicts",LB,2017-07-13,B,2025-11-09,6,5,True,toward_benign,2017.0,2025.0
227618,MYH9,NM_002473.6(MYH9):c.615C>T (p.Gly205=),,single nucleotide variant,synonymous variant,Benign/Likely benign,"criteria provided, multiple submitters, no conflicts",LB,2012-04-30,B,2026-01-01,8,7,True,toward_benign,2012.0,2026.0
2716319,MYH9,NM_002473.6(MYH9):c.678C>T (p.Thr226=),,single nucleotide variant,synonymous variant,Benign,"criteria provided, single submitter",LB,2024-07-08,B,2025-07-20,2,2,True,toward_benign,2024.0,2025.0
227619,MYH9,NM_002473.6(MYH9):c.705+14C>T,,single nucleotide variant,intron variant,Benign/Likely benign,"criteria provided, multiple submitters, no conflicts",LB,2016-03-22,B,2026-01-22,5,4,True,toward_benign,2016.0,2026.0
1897188,MYH9,NM_002473.6(MYH9):c.705+17C>T,,single nucleotide variant,intron variant,Benign/Likely benign,"criteria provided, multiple submitters, no conflicts",LB,2025-06-02,B,2025-12-30,2,2,True,toward_benign,2025.0,2025.0
258765,MYH9,NM_002473.6(MYH9):c.720C>T (p.Arg240=),,single nucleotide variant,synonymous variant,Benign/Likely benign,"criteria provided, multiple submitters, no conflicts",LB,2018-06-12,B,2024-12-22,4,4,True,toward_benign,2018.0,2024.0
178437,MYH9,NM_002473.6(MYH9):c.769+15C>T,,single nucleotide variant,intron variant,Benign/Likely benign,"criteria provided, multiple submitters, no conflicts",LB,2016-06-23,B,2025-12-14,6,5,True,toward_benign,2016.0,2025.0
2174551,MYH9,NM_002473.6(MYH9):c.870C>T (p.Thr290=),,single nucleotide variant,synonymous variant,Benign/Likely benign,"criteria provided, multiple submitters, no conflicts",LB,2025-06-24,B,2026-01-02,2,2,True,toward_benign,2025.0,2026.0
1294548,MYO1E,NM_004998.4(MYO1E):c.*14C>G,,single nucleotide variant,3 prime UTR variant,Benign/Likely benign,"criteria provided, multiple submitters, no conflicts",LB,2017-02-06,B,2020-02-15,3,3,True,toward_benign,2017.0,2020.0
2185163,MYO1E,NM_004998.4(MYO1E):c.1344C>T (p.Asp448=),,single nucleotide variant,synonymous variant,Benign,"criteria provided, single submitter",LB,2019-04-09,B,2025-09-13,2,2,True,toward_benign,2019.0,2025.0
1168375,MYO1E,NM_004998.4(MYO1E):c.1440G>A (p.Thr480=),,single nucleotide variant,synonymous variant,Benign/Likely benign,"criteria provided, multiple submitters, no conflicts",LB,2021-06-28,B,2026-02-01,5,5,True,toward_benign,2021.0,2026.0
718354,MYO1E,NM_004998.4(MYO1E):c.1449G>A (p.Gln483=),,single nucleotide variant,synonymous variant,Benign/Likely benign,"criteria provided, multiple submitters, no conflicts",LB,2019-08-01,B,2026-01-12,4,4,True,toward_benign,2019.0,2026.0
1659224,MYO1E,NM_004998.4(MYO1E):c.147+14G>T,,single nucleotide variant,intron variant,Benign/Likely benign,"criteria provided, multiple submitters, no conflicts",LB,2021-08-19,B,2025-12-15,3,3,True,toward_benign,2021.0,2025.0
1629432,MYO1E,NM_004998.4(MYO1E):c.1530+14C>T,,single nucleotide variant,intron variant,Benign/Likely benign,"criteria provided, multiple submitters, no conflicts",LB,2021-07-23,B,2025-12-17,2,2,True,toward_benign,2021.0,2025.0
1168965,MYO1E,NM_004998.4(MYO1E):c.1616+17A>G,,single nucleotide variant,intron variant,Benign/Likely benign,"criteria provided, multiple submitters, no conflicts",LB,2021-08-16,B,2025-12-21,2,2,True,toward_benign,2021.0,2025.0
1170755,MYO1E,NM_004998.4(MYO1E):c.1617-12C>G,,single nucleotide variant,intron variant,Benign/Likely benign,"criteria provided, multiple submitters, no conflicts",LB,2020-06-03,B,2026-02-04,4,4,True,toward_benign,2020.0,2026.0
1170452,MYO1E,NM_004998.4(MYO1E):c.1617-16_1617-15del,,Microsatellite,intron variant,Benign/Likely benign,"criteria provided, multiple submitters, no conflicts",LB,2020-10-29,B,2025-12-06,2,2,True,toward_benign,2020.0,2025.0
1167336,MYO1E,NM_004998.4(MYO1E):c.1743C>T (p.Pro581=),,single nucleotide variant,synonymous variant,Benign/Likely benign,"criteria provided, multiple submitters, no conflicts",LB,2024-05-01,B,2025-11-06,3,3,True,toward_benign,2024.0,2025.0
785490,MYO1E,NM_004998.4(MYO1E):c.2130G>A (p.Val710=),,single nucleotide variant,synonymous variant,Benign/Likely benign,"criteria provided, multiple submitters, no conflicts",LB,2020-03-25,B,2025-12-17,4,4,True,toward_benign,2020.0,2025.0
1538526,MYO1E,NM_004998.4(MYO1E):c.2335-13C>T,,single nucleotide variant,intron variant,Benign/Likely benign,"criteria provided, multiple submitters, no conflicts",LB,2021-10-14,B,2024-06-22,2,2,True,toward_benign,2021.0,2024.0
1164448,MYO1E,NM_004998.4(MYO1E):c.321C>T (p.Cys107=),,single nucleotide variant,synonymous variant,Benign,"criteria provided, single submitter",LB,2019-05-28,B,2026-02-01,2,2,True,toward_benign,2019.0,2026.0
1170131,MYO1E,NM_004998.4(MYO1E):c.3251-8C>G,,single nucleotide variant,intron variant,Benign/Likely benign,"criteria provided, multiple submitters, no conflicts",LB,2025-04-01,B,2025-06-12,2,2,True,toward_benign,2025.0,2025.0
595079,MYO1E,NM_004998.4(MYO1E):c.333-12_333-9del,,Microsatellite,intron variant,Benign/Likely benign,"criteria provided, multiple submitters, no conflicts",LB,2017-12-01,B,2026-01-24,4,4,True,toward_benign,2017.0,2026.0
1166700,MYO1E,NM_004998.4(MYO1E):c.474C>T (p.Asn158=),,single nucleotide variant,synonymous variant,Benign/Likely benign,"criteria provided, multiple submitters, no conflicts",LB,2022-09-01,B,2025-12-15,2,2,True,toward_benign,2022.0,2025.0
1170785,MYO1E,NM_004998.4(MYO1E):c.511-17C>T,,single nucleotide variant,intron variant,Benign/Likely benign,"criteria provided, multiple submitters, no conflicts",LB,2021-07-20,B,2026-01-07,3,3,True,toward_benign,2021.0,2026.0
500038,MYO1E,NM_004998.4(MYO1E):c.554A>G (p.Asp185Gly),D185G,single nucleotide variant,missense variant,Benign/Likely benign,"criteria provided, multiple submitters, no conflicts",LB,2017-04-10,B,2025-12-16,6,6,True,toward_benign,2017.0,2025.0
720699,MYO1E,NM_004998.4(MYO1E):c.643-4C>T,,single nucleotide variant,intron variant,Benign/Likely benign,"criteria provided, multiple submitters, no conflicts",LB,2016-12-12,B,2026-01-28,5,5,True,toward_benign,2016.0,2026.0
1170132,MYO1E,NM_004998.4(MYO1E):c.978G>A (p.Arg326=),,single nucleotide variant,synonymous variant,Benign/Likely benign,"criteria provided, multiple submitters, no conflicts",LB,2021-08-13,B,2026-01-06,3,3,True,toward_benign,2021.0,2026.0
259481,NPHS1,NM_004646.4(NPHS1):c.1175T>C (p.Leu392Pro),L392P,single nucleotide variant,missense variant,Benign/Likely benign,"criteria provided, multiple submitters, no conflicts",LB,2017-04-27,B,2026-02-04,9,9,True,toward_benign,2017.0,2026.0
761866,NPHS1,NM_004646.4(NPHS1):c.1233C>T (p.Asn411=),,single nucleotide variant,synonymous variant,Benign,"criteria provided, single submitter",LB,2020-06-16,B,2026-01-25,2,2,True,toward_benign,2020.0,2026.0
259486,NPHS1,NM_004646.4(NPHS1):c.1930+12G>A,,single nucleotide variant,intron variant,Benign/Likely benign,"criteria provided, multiple submitters, no conflicts",LB,2018-01-12,B,2026-02-04,6,6,True,toward_benign,2018.0,2026.0
1164454,NPHS1,NM_004646.4(NPHS1):c.2745C>T (p.Tyr915=),,single nucleotide variant,synonymous variant,Benign/Likely benign,"criteria provided, multiple submitters, no conflicts",LB,2025-06-20,B,2025-12-23,2,2,True,toward_benign,2025.0,2025.0
259493,NPHS1,NM_004646.4(NPHS1):c.2971G>C (p.Val991Leu),V991L,single nucleotide variant,missense variant,Benign/Likely benign,"criteria provided, multiple submitters, no conflicts",LB,2017-04-27,B,2026-02-04,9,9,True,toward_benign,2017.0,2026.0
757504,NPHS1,NM_004646.4(NPHS1):c.3321G>A (p.Glu1107=),,single nucleotide variant,synonymous variant,Benign/Likely benign,"criteria provided, multiple submitters, no conflicts",LB,2021-07-14,B,2026-01-20,4,4,True,toward_benign,2021.0,2026.0
259498,NPHS1,NM_004646.4(NPHS1):c.3418C>A (p.Arg1140Ser),R1140S,single nucleotide variant,missense variant,Benign/Likely benign,"criteria provided, multiple submitters, no conflicts",LB,2017-09-26,B,2026-02-04,13,13,True,toward_benign,2017.0,2026.0
259499,NPHS1,NM_004646.4(NPHS1):c.3482-7A>T,,single nucleotide variant,intron variant,Benign/Likely benign,"criteria provided, multiple submitters, no conflicts",LB,2018-11-29,B,2026-01-19,7,7,True,toward_benign,2018.0,2026.0
328881,NPHS1,NM_004646.4(NPHS1):c.397+15C>T,,single nucleotide variant,intron variant,Benign/Likely benign,"criteria provided, multiple submitters, no conflicts",LB,2018-01-13,B,2026-02-04,4,4,True,toward_benign,2018.0,2026.0
765922,NPHS1,NM_004646.4(NPHS1):c.699C>T (p.Thr233=),,single nucleotide variant,synonymous variant,Benign/Likely benign,"criteria provided, multiple submitters, no conflicts",LB,2020-01-06,B,2026-01-19,4,4,True,toward_benign,2020.0,2026.0
716478,NPHS1,NM_004646.4(NPHS1):c.840+6G>A,,single nucleotide variant,intron variant,Benign/Likely benign,"criteria provided, multiple submitters, no conflicts",LB,2017-04-27,B,2026-01-28,7,7,True,toward_benign,2017.0,2026.0
550771,NPHS2,NM_014625.4(NPHS2):c.124G>A (p.Gly42Arg),G42R,single nucleotide variant,missense variant,Benign/Likely benign,"criteria provided, multiple submitters, no conflicts",LB,2017-02-17,B,2026-01-28,4,4,True,toward_benign,2017.0,2026.0
447877,NPHS2,NM_014625.4(NPHS2):c.182C>T (p.Ala61Val),A61V,single nucleotide variant,missense variant,Benign/Likely benign,"criteria provided, multiple submitters, no conflicts",LB,2016-12-02,B,2026-01-27,7,7,True,toward_benign,2016.0,2026.0
260427,NPHS2,NM_014625.4(NPHS2):c.451+9dup,,Duplication,intron variant,Benign/Likely benign,"criteria provided, multiple submitters, no conflicts",LB,2016-12-02,B,2026-01-28,7,7,True,toward_benign,2016.0,2026.0
751059,NPHS2,NM_014625.4(NPHS2):c.873+10C>T,,single nucleotide variant,intron variant,Benign,"criteria provided, single submitter",LB,2020-03-17,B,2026-01-17,3,3,True,toward_benign,2020.0,2026.0
260430,NPHS2,NM_014625.4(NPHS2):c.873+7A>G,,single nucleotide variant,intron variant,Benign/Likely benign,"criteria provided, multiple submitters, no conflicts",LB,2018-01-12,B,2026-02-04,8,8,True,toward_benign,2018.0,2026.0
716056,NPHS2,NM_014625.4(NPHS2):c.891G>A (p.Ala297=),,single nucleotide variant,synonymous variant|intron variant,Benign/Likely benign,"criteria provided, multiple submitters, no conflicts",LB,2016-12-12,B,2026-01-27,8,8,True,toward_benign,2016.0,2026.0
1260722,NUP107,NM_020401.4(NUP107):c.*10T>C,,single nucleotide variant,3 prime UTR variant,Benign/Likely benign,"criteria provided, multiple submitters, no conflicts",LB,2020-12-22,B,2022-11-25,3,3,True,toward_benign,2020.0,2022.0
773026,NUP107,NM_020401.4(NUP107):c.1147C>T (p.Leu383=),,single nucleotide variant,synonymous variant,Benign/Likely benign,"criteria provided, multiple submitters, no conflicts",LB,2020-03-13,B,2026-01-29,3,3,True,toward_benign,2020.0,2026.0
1579642,NUP107,NM_020401.4(NUP107):c.1174+17del,,Deletion,intron variant,Benign/Likely benign,"criteria provided, multiple submitters, no conflicts",LB,2021-03-23,B,2026-02-01,2,2,True,toward_benign,2021.0,2026.0
1213311,NUP107,NM_020401.4(NUP107):c.1695+16C>T,,single nucleotide variant,intron variant,Benign/Likely benign,"criteria provided, multiple submitters, no conflicts",LB,2019-10-25,B,2026-01-24,3,3,True,toward_benign,2019.0,2026.0
1215506,NUP107,NM_020401.4(NUP107):c.2115C>T (p.His705=),,single nucleotide variant,synonymous variant,Benign/Likely benign,"criteria provided, multiple submitters, no conflicts",LB,2021-11-08,B,2026-02-01,4,4,True,toward_benign,2021.0,2026.0
709091,NUP107,NM_020401.4(NUP107):c.357C>T (p.Ser119=),,single nucleotide variant,synonymous variant,Benign/Likely benign,"criteria provided, multiple submitters, no conflicts",LB,2020-09-18,B,2026-02-02,4,4,True,toward_benign,2020.0,2026.0
1207608,NUP107,NM_020401.4(NUP107):c.534A>G (p.Glu178=),,single nucleotide variant,synonymous variant,Benign/Likely benign,"criteria provided, multiple submitters, no conflicts",LB,2021-01-28,B,2026-02-02,4,4,True,toward_benign,2021.0,2026.0
1200611,NUP107,NM_020401.4(NUP107):c.654A>G (p.Thr218=),,single nucleotide variant,synonymous variant,Benign/Likely benign,"criteria provided, multiple submitters, no conflicts",LB,2021-11-08,B,2026-02-01,4,4,True,toward_benign,2021.0,2026.0
711318,NUP205,NM_015135.3(NUP205):c.1101C>T (p.Asn367=),,single nucleotide variant,synonymous variant,Benign/Likely benign,"criteria provided, multiple submitters, no conflicts",LB,2023-09-01,B,2025-12-01,4,4,True,toward_benign,2023.0,2025.0
1317579,NUP205,NM_015135.3(NUP205):c.1219-16C>G,,single nucleotide variant,intron variant,Benign/Likely benign,"criteria provided, multiple submitters, no conflicts",LB,2020-03-02,B,2026-02-01,2,2,True,toward_benign,2020.0,2026.0
2039490,NUP205,NM_015135.3(NUP205):c.1515G>A (p.Leu505=),,single nucleotide variant,synonymous variant,Benign,"criteria provided, single submitter",LB,2019-11-21,B,2025-12-21,2,2,True,toward_benign,2019.0,2025.0
787870,NUP205,NM_015135.3(NUP205):c.1818C>T (p.Thr606=),,single nucleotide variant,synonymous variant,Benign/Likely benign,"criteria provided, multiple submitters, no conflicts",LB,2020-03-11,B,2026-01-27,4,4,True,toward_benign,2020.0,2026.0
782498,NUP205,NM_015135.3(NUP205):c.2428C>T (p.Leu810=),,single nucleotide variant,synonymous variant,Benign,"criteria provided, single submitter",LB,2019-07-23,B,2026-01-19,2,2,True,toward_benign,2019.0,2026.0
1316511,NUP205,NM_015135.3(NUP205):c.3156G>A (p.Ala1052=),,single nucleotide variant,synonymous variant,Benign/Likely benign,"criteria provided, multiple submitters, no conflicts",LB,2020-12-22,B,2026-01-27,4,4,True,toward_benign,2020.0,2026.0
713473,NUP205,NM_015135.3(NUP205):c.3430C>G (p.Leu1144Val),"L786V, L1144V",single nucleotide variant,missense variant,Benign/Likely benign,"criteria provided, multiple submitters, no conflicts",LB,2021-04-09,B,2026-02-01,4,4,True,toward_benign,2021.0,2026.0
1316507,NUP205,NM_015135.3(NUP205):c.344-9C>G,,single nucleotide variant,intron variant,Benign/Likely benign,"criteria provided, multiple submitters, no conflicts",LB,2020-12-22,B,2026-01-27,4,4,True,toward_benign,2020.0,2026.0
1316509,NUP205,NM_015135.3(NUP205):c.4008C>T (p.Ala1336=),,single nucleotide variant,synonymous variant,Benign/Likely benign,"criteria provided, multiple submitters, no conflicts",LB,2020-12-22,B,2026-01-27,4,4,True,toward_benign,2020.0,2026.0
1316544,NUP205,NM_015135.3(NUP205):c.4232-11A>C,,single nucleotide variant,intron variant,Benign/Likely benign,"criteria provided, multiple submitters, no conflicts",LB,2020-07-24,B,2026-01-28,3,3,True,toward_benign,2020.0,2026.0
770566,NUP205,NM_015135.3(NUP205):c.4245A>G (p.Gln1415=),,single nucleotide variant,synonymous variant,Benign/Likely benign,"criteria provided, multiple submitters, no conflicts",LB,2022-07-01,B,2026-01-31,2,2,True,toward_benign,2022.0,2026.0
784120,NUP205,NM_015135.3(NUP205):c.5385G>A (p.Pro1795=),,single nucleotide variant,synonymous variant,Benign/Likely benign,"criteria provided, multiple submitters, no conflicts",LB,2021-10-27,B,2026-01-09,2,2,True,toward_benign,2021.0,2026.0
770377,NUP205,NM_015135.3(NUP205):c.786C>T (p.Gly262=),,single nucleotide variant,5 prime UTR variant|synonymous variant,Benign/Likely benign,"criteria provided, multiple submitters, no conflicts",LB,2021-09-23,B,2025-12-24,4,4,True,toward_benign,2021.0,2025.0
773397,NUP205,NM_015135.3(NUP205):c.789A>G (p.Ser263=),,single nucleotide variant,5 prime UTR variant|synonymous variant,Benign/Likely benign,"criteria provided, multiple submitters, no conflicts",LB,2020-07-24,B,2026-01-28,3,3,True,toward_benign,2020.0,2026.0
736204,NUP93,NM_014669.5(NUP93):c.1749T>G (p.Ile583Met),"I583M, I460M",single nucleotide variant,missense variant,Benign/Likely benign,"criteria provided, multiple submitters, no conflicts",LB,2020-02-25,B,2025-11-24,4,4,True,toward_benign,2020.0,2025.0
1635121,NUP93,NM_014669.5(NUP93):c.179+9T>G,,single nucleotide variant,intron variant,Benign/Likely benign,"criteria provided, multiple submitters, no conflicts",LB,2022-04-08,B,2026-01-08,4,4,True,toward_benign,2022.0,2026.0
784341,NUP93,NM_014669.5(NUP93):c.2335G>A (p.Glu779Lys),"E779K, E656K",single nucleotide variant,missense variant,Benign/Likely benign,"criteria provided, multiple submitters, no conflicts",LB,2021-08-09,B,2026-02-01,2,2,True,toward_benign,2021.0,2026.0
2889087,NUP93,NM_014669.5(NUP93):c.306G>A (p.Leu102=),,single nucleotide variant,5 prime UTR variant|synonymous variant,Benign,"criteria provided, single submitter",LB,2022-03-07,B,2024-07-17,2,2,True,toward_benign,2022.0,2024.0
1987239,NUP93,NM_014669.5(NUP93):c.490-10_490-7dup,,Duplication,intron variant,Benign,"criteria provided, single submitter",LB,2024-05-09,B,2025-09-08,2,2,True,toward_benign,2024.0,2025.0
1200371,NUP93,NM_014669.5(NUP93):c.558G>A (p.Ala186=),,single nucleotide variant,synonymous variant,Benign/Likely benign,"criteria provided, multiple submitters, no conflicts",LB,2021-03-18,B,2026-01-06,3,3,True,toward_benign,2021.0,2026.0
735184,NUP93,NM_014669.5(NUP93):c.636C>T (p.Val212=),,single nucleotide variant,synonymous variant,Benign/Likely benign,"criteria provided, multiple submitters, no conflicts",LB,2020-05-04,B,2026-01-21,3,3,True,toward_benign,2020.0,2026.0
2047603,NUP93,NM_014669.5(NUP93):c.696C>T (p.Asp232=),,single nucleotide variant,synonymous variant,Benign,"criteria provided, single submitter",LB,2021-11-19,B,2026-01-26,2,2,True,toward_benign,2021.0,2026.0
720509,NUP93,NM_014669.5(NUP93):c.716C>T (p.Thr239Met),"T116M, T239M",single nucleotide variant,missense variant,Benign/Likely benign,"criteria provided, multiple submitters, no conflicts",LB,2020-06-25,B,2025-12-29,3,3,True,toward_benign,2020.0,2025.0
710087,NUP93,NM_014669.5(NUP93):c.789G>A (p.Glu263=),,single nucleotide variant,synonymous variant,Benign/Likely benign,"criteria provided, multiple submitters, no conflicts",LB,2021-02-06,B,2026-01-27,4,4,True,toward_benign,2021.0,2026.0
1599533,NUP93,NM_014669.5(NUP93):c.999C>T (p.Ala333=),,single nucleotide variant,synonymous variant,Benign/Likely benign,"criteria provided, multiple submitters, no conflicts",LB,2021-12-29,B,2025-12-27,5,5,True,toward_benign,2021.0,2025.0
378357,PDSS2,NM_020381.4(PDSS2):c.1009-14C>G,,single nucleotide variant,intron variant,Benign/Likely benign,"criteria provided, multiple submitters, no conflicts",LB,2015-10-27,B,2026-02-02,3,3,True,toward_benign,2015.0,2026.0
515351,PDSS2,NM_020381.4(PDSS2):c.1134C>T (p.Ser378=),,single nucleotide variant,synonymous variant,Benign/Likely benign,"criteria provided, multiple submitters, no conflicts",LB,2018-02-23,B,2025-10-17,3,3,True,toward_benign,2018.0,2025.0
261251,PDSS2,NM_020381.4(PDSS2):c.1149G>A (p.Glu383=),,single nucleotide variant,synonymous variant,Benign/Likely benign,"criteria provided, multiple submitters, no conflicts",LB,2016-10-11,B,2026-01-12,4,4,True,toward_benign,2016.0,2026.0
261253,PDSS2,NM_020381.4(PDSS2):c.552A>C (p.Gly184=),,single nucleotide variant,synonymous variant,Benign/Likely benign,"criteria provided, multiple submitters, no conflicts",LB,2018-01-23,B,2026-01-21,4,4,True,toward_benign,2018.0,2026.0
1182170,PLCE1,NM_016341.4(PLCE1):c.1207-42834G>A,,single nucleotide variant,synonymous variant|intron variant,Benign/Likely benign,"criteria provided, multiple submitters, no conflicts",LB,2020-02-20,B,2026-03-01,3,3,True,toward_benign,2020.0,2026.0
1215223,PLCE1,NM_016341.4(PLCE1):c.1207-47T>C,,single nucleotide variant,intron variant,Benign/Likely benign,"criteria provided, multiple submitters, no conflicts",LB,2019-01-11,B,2023-07-01,3,3,True,toward_benign,2019.0,2023.0
260714,PLCE1,NM_016341.4(PLCE1):c.2076A>T (p.Thr692=),,single nucleotide variant,synonymous variant,Benign/Likely benign,"criteria provided, multiple submitters, no conflicts",LB,2020-03-09,B,2026-01-21,7,7,True,toward_benign,2020.0,2026.0
880503,PLCE1,NM_016341.4(PLCE1):c.2157C>T (p.Gly719=),,single nucleotide variant,synonymous variant,Benign/Likely benign,"criteria provided, multiple submitters, no conflicts",LB,2017-04-27,B,2025-10-03,3,3,True,toward_benign,2017.0,2025.0
768379,PLCE1,NM_016341.4(PLCE1):c.4733A>G (p.Asn1578Ser),"N1270S, N1562S, N1578S",single nucleotide variant,non-coding transcript variant|missense variant,Benign/Likely benign,"criteria provided, multiple submitters, no conflicts",LB,2017-01-16,B,2025-12-23,6,6,True,toward_benign,2017.0,2025.0
879397,PLCE1,NM_016341.4(PLCE1):c.5168-6G>C,,single nucleotide variant,intron variant,Benign/Likely benign,"criteria provided, multiple submitters, no conflicts",LB,2018-01-13,B,2025-08-13,3,3,True,toward_benign,2018.0,2025.0
877832,PLCE1,NM_016341.4(PLCE1):c.5979T>C (p.Ser1993=),,single nucleotide variant,synonymous variant,Benign/Likely benign,"criteria provided, multiple submitters, no conflicts",LB,2018-01-13,B,2024-06-03,4,4,True,toward_benign,2018.0,2024.0
1664946,PLCE1,NM_016341.4(PLCE1):c.621C>T (p.Asn207=),,single nucleotide variant,synonymous variant,Benign,"criteria provided, single submitter",LB,2022-03-31,B,2025-12-04,2,2,True,toward_benign,2022.0,2025.0
1672108,PLCE1,NM_016341.4(PLCE1):c.6501+18C>T,,single nucleotide variant,intron variant,Benign/Likely benign,"criteria provided, multiple submitters, no conflicts",LB,2021-07-30,B,2025-11-09,2,2,True,toward_benign,2021.0,2025.0
1658133,PLCE1,NM_016341.4(PLCE1):c.6862C>A (p.Pro2288Thr),"P1980T, P2272T, P2288T",single nucleotide variant,missense variant,Benign/Likely benign,"criteria provided, multiple submitters, no conflicts",LB,2021-09-22,B,2025-12-08,3,3,True,toward_benign,2021.0,2025.0
1315691,PTPRO,NM_030667.3(PTPRO):c.1110C>G (p.Asn370Lys),N370K,single nucleotide variant,missense variant,Benign/Likely benign,"criteria provided, multiple submitters, no conflicts",LB,2021-03-15,B,2026-02-01,4,4,True,toward_benign,2021.0,2026.0
788116,PTPRO,NM_030667.3(PTPRO):c.1776C>T (p.Ser592=),,single nucleotide variant,synonymous variant,Benign/Likely benign,"criteria provided, multiple submitters, no conflicts",LB,2021-12-31,B,2025-06-03,3,3,True,toward_benign,2021.0,2025.0
777233,PTPRO,NM_030667.3(PTPRO):c.2100C>T (p.Asn700=),,single nucleotide variant,synonymous variant,Benign/Likely benign,"criteria provided, multiple submitters, no conflicts",LB,2021-08-10,B,2026-01-20,5,5,True,toward_benign,2021.0,2026.0
1316449,PTPRO,NM_030667.3(PTPRO):c.2165-5C>A,,single nucleotide variant,intron variant,Benign/Likely benign,"criteria provided, multiple submitters, no conflicts",LB,2021-01-17,B,2026-01-27,4,4,True,toward_benign,2021.0,2026.0
710130,PTPRO,NM_030667.3(PTPRO):c.2256T>C (p.Phe752=),,single nucleotide variant,synonymous variant|5 prime UTR variant,Benign/Likely benign,"criteria provided, multiple submitters, no conflicts",LB,2020-04-03,B,2026-02-01,3,3,True,toward_benign,2020.0,2026.0
773260,PTPRO,NM_030667.3(PTPRO):c.2841G>A (p.Leu947=),,single nucleotide variant,synonymous variant,Benign/Likely benign,"criteria provided, multiple submitters, no conflicts",LB,2021-04-14,B,2026-01-15,6,6,True,toward_benign,2021.0,2026.0
1614800,PTPRO,NM_030667.3(PTPRO):c.31G>T (p.Ala11Ser),A11S,single nucleotide variant,missense variant,Benign/Likely benign,"criteria provided, multiple submitters, no conflicts",LB,2019-08-30,B,2025-11-26,3,3,True,toward_benign,2019.0,2025.0
737213,PTPRO,NM_030667.3(PTPRO):c.3222C>T (p.Asp1074=),,single nucleotide variant,synonymous variant,Benign,"criteria provided, multiple submitters, no conflicts",LB,2019-09-19,B,2025-11-23,3,3,True,toward_benign,2019.0,2025.0
710608,PTPRO,NM_030667.3(PTPRO):c.3470G>A (p.Arg1157Gln),"R1129Q, R318Q, R346Q, R1157Q",single nucleotide variant,missense variant,Benign/Likely benign,"criteria provided, multiple submitters, no conflicts",LB,2024-12-04,B,2026-01-24,3,3,True,toward_benign,2024.0,2026.0
731838,PTPRO,NM_030667.3(PTPRO):c.3546+10T>C,,single nucleotide variant,intron variant,Benign/Likely benign,"criteria provided, multiple submitters, no conflicts",LB,2025-07-23,B,2025-10-23,2,2,True,toward_benign,2025.0,2025.0
1316651,PTPRO,NM_030667.3(PTPRO):c.508+19G>A,,single nucleotide variant,intron variant,Benign/Likely benign,"criteria provided, multiple submitters, no conflicts",LB,2020-02-20,B,2026-02-01,4,4,True,toward_benign,2020.0,2026.0
2085274,PTPRO,NM_030667.3(PTPRO):c.639C>T (p.His213=),,single nucleotide variant,synonymous variant,Benign,"criteria provided, single submitter",LB,2020-01-15,B,2026-01-07,2,2,True,toward_benign,2020.0,2026.0
1620655,PTPRO,NM_030667.3(PTPRO):c.661+9C>T,,single nucleotide variant,intron variant,Benign/Likely benign,"criteria provided, multiple submitters, no conflicts",LB,2021-07-19,B,2026-01-18,3,3,True,toward_benign,2021.0,2026.0
378501,SCARB2,NM_005506.4(SCARB2):c.275+20T>C,,single nucleotide variant,intron variant,Benign/Likely benign,"criteria provided, multiple submitters, no conflicts",LB,2018-05-02,B,2026-02-01,3,3,True,toward_benign,2018.0,2026.0
1621731,SCARB2,NM_005506.4(SCARB2):c.275+7C>T,,single nucleotide variant,intron variant,Benign,"criteria provided, single submitter",LB,2019-11-27,B,2025-04-10,2,2,True,toward_benign,2019.0,2025.0
532009,SMARCAL1,NM_014140.4(SMARCAL1):c.1212G>A (p.Ala404=),,single nucleotide variant,synonymous variant,Benign/Likely benign,"criteria provided, multiple submitters, no conflicts",LB,2018-01-13,B,2026-01-31,5,5,True,toward_benign,2018.0,2026.0
1167494,SMARCAL1,NM_014140.4(SMARCAL1):c.124A>G (p.Ile42Val),I42V,single nucleotide variant,missense variant,Benign/Likely benign,"criteria provided, multiple submitters, no conflicts",LB,2020-03-03,B,2025-09-10,4,4,True,toward_benign,2020.0,2025.0
260340,SMARCAL1,NM_014140.4(SMARCAL1):c.1995C>T (p.Ala665=),,single nucleotide variant,synonymous variant,Benign/Likely benign,"criteria provided, multiple submitters, no conflicts",LB,2015-11-13,B,2026-01-31,6,6,True,toward_benign,2015.0,2026.0
260343,SMARCAL1,NM_014140.4(SMARCAL1):c.2226G>A (p.Thr742=),,single nucleotide variant,synonymous variant,Benign/Likely benign,"criteria provided, multiple submitters, no conflicts",LB,2018-01-12,B,2026-01-28,4,4,True,toward_benign,2018.0,2026.0
1169941,SMARCAL1,NM_014140.4(SMARCAL1):c.270C>T (p.His90=),,single nucleotide variant,synonymous variant,Benign/Likely benign,"criteria provided, multiple submitters, no conflicts",LB,2022-03-15,B,2025-08-26,2,2,True,toward_benign,2022.0,2025.0
260345,SMARCAL1,NM_014140.4(SMARCAL1):c.603G>C (p.Gly201=),,single nucleotide variant,synonymous variant,Benign/Likely benign,"criteria provided, multiple submitters, no conflicts",LB,2021-08-20,B,2026-01-27,4,4,True,toward_benign,2021.0,2026.0
259457,TRPC6,NM_004621.6(TRPC6):c.1818T>C (p.Ser606=),,single nucleotide variant,synonymous variant,Benign/Likely benign,"criteria provided, multiple submitters, no conflicts",LB,2017-06-05,B,2025-12-16,6,6,True,toward_benign,2017.0,2025.0
1601392,TRPC6,NM_004621.6(TRPC6):c.2043T>C (p.Ala681=),,single nucleotide variant,synonymous variant,Benign/Likely benign,"criteria provided, multiple submitters, no conflicts",LB,2019-10-28,B,2026-01-21,3,3,True,toward_benign,2019.0,2026.0
259459,TRPC6,NM_004621.6(TRPC6):c.2142G>A (p.Thr714=),,single nucleotide variant,synonymous variant,Benign/Likely benign,"criteria provided, multiple submitters, no conflicts",LB,2017-04-28,B,2025-12-16,6,6,True,toward_benign,2017.0,2025.0
1667504,TRPC6,NM_004621.6(TRPC6):c.2640C>T (p.Asn880=),,single nucleotide variant,synonymous variant,Benign,"criteria provided, single submitter",LB,2020-11-11,B,2025-03-16,2,2,True,toward_benign,2020.0,2025.0
725323,TRPC6,NM_004621.6(TRPC6):c.837C>T (p.Gly279=),,single nucleotide variant,synonymous variant,Benign/Likely benign,"criteria provided, multiple submitters, no conflicts",LB,2021-12-08,B,2025-06-12,2,2,True,toward_benign,2021.0,2025.0
1634297,TRPC6,NM_004621.6(TRPC6):c.948T>C (p.Asn316=),,single nucleotide variant,synonymous variant,Benign/Likely benign,"criteria provided, multiple submitters, no conflicts",LB,2021-07-23,B,2025-06-12,2,2,True,toward_benign,2021.0,2025.0
1673701,TRPC6,NM_004621.6(TRPC6):c.996C>T (p.Leu332=),,single nucleotide variant,synonymous variant,Benign/Likely benign,"criteria provided, multiple submitters, no conflicts",LB,2021-05-26,B,2022-06-20,4,4,True,toward_benign,2021.0,2022.0
718589,WDR73,NM_032856.5(WDR73):c.1011G>T (p.Gly337=),,single nucleotide variant,synonymous variant|non-coding transcript variant,Benign,"criteria provided, single submitter",LB,2020-11-13,B,2025-12-26,2,2,True,toward_benign,2020.0,2025.0
2150651,WDR73,NM_032856.5(WDR73):c.288-6dup,,Duplication,intron variant,Benign,"criteria provided, single submitter",LB,2022-12-18,B,2023-01-01,2,2,True,toward_benign,2022.0,2023.0
770626,WDR73,NM_032856.5(WDR73):c.336G>A (p.Gln112=),,single nucleotide variant,synonymous variant|non-coding transcript variant,Benign/Likely benign,"criteria provided, multiple submitters, no conflicts",LB,2021-05-16,B,2026-01-28,5,5,True,toward_benign,2021.0,2026.0
784686,WDR73,NM_032856.5(WDR73):c.883+8C>T,,single nucleotide variant,intron variant,Benign/Likely benign,"criteria provided, multiple submitters, no conflicts",LB,2021-09-08,B,2025-12-19,5,5,True,toward_benign,2021.0,2025.0
304387,WT1,NM_024426.6(WT1):c.*864T>A,,single nucleotide variant,3 prime UTR variant|non-coding transcript variant,Benign/Likely benign,"criteria provided, single submitter",LB,2018-01-12,B,2018-01-12,3,1,True,toward_benign,2018.0,2018.0
476680,WT1,NM_024426.6(WT1):c.1161A>G (p.Ala387=),,single nucleotide variant,synonymous variant|non-coding transcript variant|5 prime UTR variant,Benign/Likely benign,"criteria provided, multiple submitters, no conflicts",LB,2019-05-14,B,2025-12-28,5,5,True,toward_benign,2019.0,2025.0
414073,WT1,NM_024426.6(WT1):c.1448-10G>A,,single nucleotide variant,intron variant,Benign/Likely benign,"criteria provided, multiple submitters, no conflicts",LB,2021-10-22,B,2026-01-14,5,5,True,toward_benign,2021.0,2026.0
241476,WT1,NM_024426.6(WT1):c.181C>A (p.Arg61=),,single nucleotide variant,synonymous variant|non-coding transcript variant,Benign/Likely benign,"criteria provided, multiple submitters, no conflicts",LB,2018-04-24,B,2026-02-03,21,15,True,toward_benign,2018.0,2026.0
241483,WT1,NM_024426.6(WT1):c.543C>T (p.Arg181=),,single nucleotide variant,synonymous variant|non-coding transcript variant,Benign/Likely benign,"criteria provided, multiple submitters, no conflicts",LB,2020-09-30,B,2026-02-02,7,7,True,toward_benign,2020.0,2026.0
696961,WT1,NM_024426.6(WT1):c.569C>T (p.Pro190Leu),P190L,single nucleotide variant,missense variant|non-coding transcript variant,Benign/Likely benign,"criteria provided, multiple submitters, no conflicts",LB,2024-07-02,B,2024-10-28,2,2,True,toward_benign,2024.0,2024.0
864601,WT1,NM_024426.6(WT1):c.760C>A (p.Pro254Thr),"P37T, P254T, P249T",single nucleotide variant,missense variant|non-coding transcript variant,Benign/Likely benign,"criteria provided, multiple submitters, no conflicts",LB,2024-09-11,B,2025-12-22,3,3,True,toward_benign,2024.0,2025.0
261715,WT1,NM_024426.6(WT1):c.785-20G>T,,single nucleotide variant,intron variant,Benign/Likely benign,"criteria provided, multiple submitters, no conflicts",LB,2017-05-17,B,2026-02-03,10,6,True,toward_benign,2017.0,2026.0
656853,WT1,NM_024426.6(WT1):c.854G>A (p.Ser285Asn),"S68N, S285N, S244N, S31N, S280N",single nucleotide variant,missense variant|non-coding transcript variant,Benign/Likely benign,"criteria provided, multiple submitters, no conflicts",LB,2024-10-28,B,2026-01-15,3,3,True,toward_benign,2024.0,2026.0
1667997,WT1,NM_024426.6(WT1):c.887+14G>A,,single nucleotide variant,intron variant,Benign/Likely benign,"criteria provided, multiple submitters, no conflicts",LB,2021-11-06,B,2026-01-06,2,2,True,toward_benign,2021.0,2026.0
1317825,XPO5,NM_020750.3(XPO5):c.1096-9del,,Deletion,intron variant,Benign/Likely benign,"criteria provided, multiple submitters, no conflicts",LB,2019-10-20,B,2025-12-18,2,2,True,toward_benign,2019.0,2025.0
1316590,XPO5,NM_020750.3(XPO5):c.1589A>G (p.Asp530Gly),D530G,single nucleotide variant,missense variant|non-coding transcript variant|intron variant,Benign/Likely benign,"criteria provided, multiple submitters, no conflicts",LB,2021-12-16,B,2026-01-15,4,4,True,toward_benign,2021.0,2026.0
787830,XPO5,NM_020750.3(XPO5):c.241G>A (p.Gly81Ser),G81S,single nucleotide variant,missense variant|non-coding transcript variant,Benign/Likely benign,"criteria provided, multiple submitters, no conflicts",LB,2020-12-22,B,2026-01-28,3,3,True,toward_benign,2020.0,2026.0
1318038,XPO5,NM_020750.3(XPO5):c.2444-14G>C,,single nucleotide variant,intron variant,Benign/Likely benign,"criteria provided, multiple submitters, no conflicts",LB,2018-07-10,B,2025-10-23,2,2,True,toward_benign,2018.0,2025.0
1712385,ACTN4,NM_004924.6(ACTN4):c.1229G>A (p.Arg410Gln),R410Q,single nucleotide variant,missense variant,Likely benign,"criteria provided, single submitter",LB,2021-11-22,VUS,2024-03-28,2,2,True,toward_pathogenic,2021.0,2024.0
2900068,ACTN4,NM_004924.6(ACTN4):c.2577+6C>T,,single nucleotide variant,intron variant,Uncertain significance,"criteria provided, single submitter",LB,2022-03-14,VUS,2023-06-09,2,2,True,toward_pathogenic,2022.0,2023.0
1437192,ANLN,NM_018685.5(ANLN):c.140C>G (p.Ala47Gly),A47G,single nucleotide variant,missense variant,Uncertain significance,"criteria provided, multiple submitters, no conflicts",LB,2023-10-26,VUS,2025-12-10,3,3,True,toward_pathogenic,2023.0,2025.0
2413707,ANLN,NM_018685.5(ANLN):c.1632T>C (p.Ile544=),,single nucleotide variant,synonymous variant|intron variant,Uncertain significance,"criteria provided, single submitter",LB,2020-10-14,VUS,2025-09-14,2,2,True,toward_pathogenic,2020.0,2025.0
2053451,CUBN,NM_001081.4(CUBN):c.128G>A (p.Arg43Gln),R43Q,single nucleotide variant,missense variant,Uncertain significance,"criteria provided, multiple submitters, no conflicts",LB,2022-02-07,VUS,2024-04-13,3,3,True,toward_pathogenic,2022.0,2024.0
1049117,FAT1,NM_005245.4(FAT1):c.12622C>T (p.Arg4208Trp),R4208W,single nucleotide variant,missense variant,Uncertain significance,"criteria provided, single submitter",LB,2022-05-05,VUS,2023-12-22,3,3,True,toward_pathogenic,2022.0,2023.0
2045122,FAT1,NM_005245.4(FAT1):c.1714A>G (p.Ile572Val),I572V,single nucleotide variant,missense variant,Uncertain significance,"criteria provided, multiple submitters, no conflicts",LB,2023-12-27,VUS,2025-09-23,4,4,True,toward_pathogenic,2023.0,2025.0
3049130,FAT1,NM_005245.4(FAT1):c.2608A>G (p.Ile870Val),I870V,single nucleotide variant,missense variant,Uncertain significance,"criteria provided, single submitter",LB,2024-02-08,VUS,2025-05-07,2,2,True,toward_pathogenic,2024.0,2025.0
2045121,FAT1,NM_005245.4(FAT1):c.3217A>G (p.Ile1073Val),I1073V,single nucleotide variant,missense variant,Uncertain significance,"criteria provided, multiple submitters, no conflicts",LB,2023-12-27,VUS,2025-09-23,3,3,True,toward_pathogenic,2023.0,2025.0
3051394,ITGA3,NM_002204.4(ITGA3):c.1922+4G>A,,single nucleotide variant,intron variant,Uncertain significance,"criteria provided, single submitter",LB,2019-03-18,VUS,2024-03-10,2,2,True,toward_pathogenic,2019.0,2024.0
2196054,KANK1,NM_015158.5(KANK1):c.2471A>G (p.Asp824Gly),"D824G, D666G",single nucleotide variant,missense variant|non-coding transcript variant,Uncertain significance,"criteria provided, single submitter",LB,2022-07-06,VUS,2025-12-30,2,2,True,toward_pathogenic,2022.0,2025.0
1477820,KANK1,NM_015158.5(KANK1):c.3897+6C>T,,single nucleotide variant,intron variant,Uncertain significance,"criteria provided, single submitter",LB,2022-01-19,VUS,2025-04-28,2,2,True,toward_pathogenic,2022.0,2025.0
3052847,KANK4,NM_181712.5(KANK4):c.2557C>T (p.His853Tyr),"H225Y, H853Y",single nucleotide variant,missense variant,Uncertain significance,"criteria provided, multiple submitters, no conflicts",LB,2022-02-23,VUS,2025-06-24,3,3,True,toward_pathogenic,2022.0,2025.0
933413,LAMB2,NM_002292.4(LAMB2):c.2488+6C>G,,single nucleotide variant,intron variant,Uncertain significance,"criteria provided, multiple submitters, no conflicts",LB,2020-11-23,VUS,2025-11-25,3,3,True,toward_pathogenic,2020.0,2025.0
1047595,LMX1B,NM_001174147.2(LMX1B):c.902G>A (p.Arg301His),"R301H, R312H",single nucleotide variant,missense variant,Uncertain significance,"criteria provided, multiple submitters, no conflicts",LB,2022-04-13,VUS,2025-12-01,3,3,True,toward_pathogenic,2022.0,2025.0
3049944,MYH9,NM_002473.6(MYH9):c.3840G>A (p.Val1280=),,single nucleotide variant,synonymous variant,Uncertain significance,"criteria provided, single submitter",LB,2023-06-13,VUS,2025-07-14,2,2,True,toward_pathogenic,2023.0,2025.0
2969807,MYH9,NM_002473.6(MYH9):c.4933-6C>T,,single nucleotide variant,non-coding transcript variant|intron variant,Likely benign,"criteria provided, single submitter",LB,2023-02-14,VUS,2024-07-11,2,2,True,toward_pathogenic,2023.0,2024.0
2714905,MYH9,NM_002473.6(MYH9):c.5765+4A>G,,single nucleotide variant,intron variant,Uncertain significance,"criteria provided, multiple submitters, no conflicts",LB,2022-03-09,VUS,2026-01-17,3,3,True,toward_pathogenic,2022.0,2026.0
3035482,MYO1E,NM_004998.4(MYO1E):c.1032C>T (p.Asn344=),,single nucleotide variant,synonymous variant,Uncertain significance,"criteria provided, single submitter",LB,2019-08-08,VUS,2024-02-06,2,2,True,toward_pathogenic,2019.0,2024.0
2818457,NPHS1,NM_004646.4(NPHS1):c.1149C>T (p.Pro383=),,single nucleotide variant,synonymous variant,Likely benign,"criteria provided, single submitter",LB,2022-12-04,VUS,2025-02-03,2,2,True,toward_pathogenic,2022.0,2025.0
2758207,NPHS1,NM_004646.4(NPHS1):c.1737C>T (p.Ser579=),,single nucleotide variant,synonymous variant,Likely benign,"criteria provided, single submitter",LB,2023-09-06,VUS,2025-03-31,2,2,True,toward_pathogenic,2023.0,2025.0
1541344,NPHS1,NM_004646.4(NPHS1):c.2034C>T (p.Ala678=),,single nucleotide variant,synonymous variant,Likely benign,"criteria provided, single submitter",LB,2022-05-04,VUS,2025-01-04,2,2,True,toward_pathogenic,2022.0,2025.0
2032158,NPHS1,NM_004646.4(NPHS1):c.2295C>G (p.Ala765=),,single nucleotide variant,synonymous variant,Likely benign,"criteria provided, single submitter",LB,2022-09-23,VUS,2025-04-14,2,2,True,toward_pathogenic,2022.0,2025.0
1656337,NPHS1,NM_004646.4(NPHS1):c.2334+7A>T,,single nucleotide variant,intron variant,Likely benign,"criteria provided, single submitter",LB,2020-11-26,VUS,2025-05-18,2,2,True,toward_pathogenic,2020.0,2025.0
1354969,NPHS1,NM_004646.4(NPHS1):c.2679A>G (p.Thr893=),,single nucleotide variant,synonymous variant,Likely benign,"criteria provided, single submitter",LB,2024-02-24,VUS,2025-04-25,2,2,True,toward_pathogenic,2024.0,2025.0
798820,NPHS1,NM_004646.4(NPHS1):c.2815+10G>C,,single nucleotide variant,intron variant,Likely benign,"criteria provided, single submitter",LB,2018-12-11,VUS,2025-04-22,2,2,True,toward_pathogenic,2018.0,2025.0
1094529,NPHS1,NM_004646.4(NPHS1):c.3135T>C (p.Pro1045=),,single nucleotide variant,synonymous variant,Likely benign,"criteria provided, single submitter",LB,2023-07-25,VUS,2025-02-04,2,2,True,toward_pathogenic,2023.0,2025.0
2870675,NPHS1,NM_004646.4(NPHS1):c.3167-8A>G,,single nucleotide variant,intron variant,Likely benign,"criteria provided, single submitter",LB,2023-09-06,VUS,2025-04-10,2,2,True,toward_pathogenic,2023.0,2025.0
3356888,NPHS1,NM_004646.4(NPHS1):c.609-9T>G,,single nucleotide variant,intron variant,Uncertain significance,"criteria provided, single submitter",LB,2024-05-14,VUS,2024-06-11,2,2,True,toward_pathogenic,2024.0,2024.0
1129011,NPHS1,NM_004646.4(NPHS1):c.840+9A>C,,single nucleotide variant,intron variant,Likely benign,"criteria provided, single submitter",LB,2020-11-19,VUS,2025-01-16,2,2,True,toward_pathogenic,2020.0,2025.0
2098712,NPHS2,NM_014625.4(NPHS2):c.948T>C (p.Pro316=),,single nucleotide variant,synonymous variant|intron variant,Likely benign,"criteria provided, single submitter",LB,2022-02-18,VUS,2025-02-16,2,2,True,toward_pathogenic,2022.0,2025.0
2053998,NUP107,NM_020401.4(NUP107):c.424C>T (p.Arg142Cys),"R113C, R142C",single nucleotide variant,missense variant,Uncertain significance,"criteria provided, single submitter",LB,2022-03-02,VUS,2022-09-06,2,2,True,toward_pathogenic,2022.0,2022.0
3031357,NUP205,NM_015135.3(NUP205):c.938G>A (p.Arg313His),R313H,single nucleotide variant,5 prime UTR variant|missense variant,Uncertain significance,"criteria provided, single submitter",LB,2023-09-11,VUS,2025-03-19,2,2,True,toward_pathogenic,2023.0,2025.0
3356457,PLCE1,NM_016341.4(PLCE1):c.578T>C (p.Val193Ala),V193A,single nucleotide variant,missense variant,Uncertain significance,"criteria provided, single submitter",LB,2024-04-15,VUS,2024-06-12,2,2,True,toward_pathogenic,2024.0,2024.0
1637386,SMARCAL1,NM_014140.4(SMARCAL1):c.1458A>C (p.Pro486=),,single nucleotide variant,synonymous variant,Likely benign,"criteria provided, single submitter",LB,2021-03-04,VUS,2025-03-05,2,2,True,toward_pathogenic,2021.0,2025.0
2976441,SMARCAL1,NM_014140.4(SMARCAL1):c.1467G>T (p.Val489=),,single nucleotide variant,synonymous variant,Likely benign,"criteria provided, single submitter",LB,2023-09-05,VUS,2025-04-10,2,2,True,toward_pathogenic,2023.0,2025.0
1568814,SMARCAL1,NM_014140.4(SMARCAL1):c.1614G>A (p.Gln538=),,single nucleotide variant,synonymous variant,Likely benign,"criteria provided, single submitter",LB,2021-06-27,VUS,2025-01-03,2,2,True,toward_pathogenic,2021.0,2025.0
1095903,SMARCAL1,NM_014140.4(SMARCAL1):c.1711-9G>A,,single nucleotide variant,intron variant,Likely benign,"criteria provided, single submitter",LB,2022-09-10,VUS,2025-02-10,2,2,True,toward_pathogenic,2022.0,2025.0
1659334,SMARCAL1,NM_014140.4(SMARCAL1):c.2181G>A (p.Lys727=),,single nucleotide variant,synonymous variant,Likely benign,"criteria provided, single submitter",LB,2020-12-06,VUS,2025-04-12,2,2,True,toward_pathogenic,2020.0,2025.0
1550500,SMARCAL1,NM_014140.4(SMARCAL1):c.2238G>A (p.Glu746=),,single nucleotide variant,synonymous variant,Likely benign,"criteria provided, single submitter",LB,2021-04-13,VUS,2025-05-08,2,2,True,toward_pathogenic,2021.0,2025.0
1636383,SMARCAL1,NM_014140.4(SMARCAL1):c.2277C>T (p.Thr759=),,single nucleotide variant,synonymous variant,Likely benign,"criteria provided, single submitter",LB,2022-10-23,VUS,2025-03-24,2,2,True,toward_pathogenic,2022.0,2025.0
1964708,SMARCAL1,NM_014140.4(SMARCAL1):c.2520C>T (p.Asp840=),,single nucleotide variant,synonymous variant,Likely benign,"criteria provided, single submitter",LB,2022-10-19,VUS,2025-05-12,2,2,True,toward_pathogenic,2022.0,2025.0
1109643,SMARCAL1,NM_014140.4(SMARCAL1):c.669G>A (p.Gln223=),,single nucleotide variant,synonymous variant,Likely benign,"criteria provided, single submitter",LB,2021-07-03,VUS,2025-02-13,2,2,True,toward_pathogenic,2021.0,2025.0
1111895,SMARCAL1,NM_014140.4(SMARCAL1):c.777T>C (p.Ile259=),,single nucleotide variant,synonymous variant,Likely benign,"criteria provided, single submitter",LB,2023-10-27,VUS,2025-03-14,2,2,True,toward_pathogenic,2023.0,2025.0
1413209,XPO5,NM_020750.3(XPO5):c.3447A>T (p.Gln1149His),Q1149H,single nucleotide variant,missense variant|non-coding transcript variant|intron variant,Uncertain significance,"criteria provided, single submitter",LB,2022-12-19,VUS,2025-12-23,2,2,True,toward_pathogenic,2022.0,2025.0
2713840,XPO5,NM_020750.3(XPO5):c.912G>A (p.Gln304=),,single nucleotide variant,synonymous variant|non-coding transcript variant|3 prime UTR variant,Uncertain significance,"criteria provided, single submitter",LB,2023-07-19,VUS,2025-09-21,2,2,True,toward_pathogenic,2023.0,2025.0
225144,NPHS2,NM_014625.4(NPHS2):c.-51G>T,,single nucleotide variant,5 prime UTR variant,Benign,"criteria provided, multiple submitters, no conflicts",LP,2016-01-01,B,2025-06-03,14,14,True,toward_benign,2016.0,2025.0
446389,KANK4,NM_181712.5(KANK4):c.2401T>C (p.Tyr801His),"Y801H, Y173H",single nucleotide variant,missense variant,Likely benign,"criteria provided, multiple submitters, no conflicts",LP,2017-11-10,LB,2026-01-08,6,6,True,toward_benign,2017.0,2026.0
1708373,ADCK4,NM_024876.4(COQ8B):c.1339dup (p.Glu447fs),"E406fs, E447fs",Duplication,frameshift variant,Pathogenic/Likely pathogenic,"criteria provided, multiple submitters, no conflicts",LP,2021-12-20,P,2024-04-11,3,3,True,toward_pathogenic,2021.0,2024.0
91847,ADCK4,NM_024876.4(COQ8B):c.1447G>T (p.Glu483Ter),"E483*, E442*",single nucleotide variant,nonsense,Pathogenic/Likely pathogenic,"criteria provided, multiple submitters, no conflicts",LP,2013-02-01,P,2020-01-17,4,4,True,toward_pathogenic,2013.0,2020.0
931125,CD2AP,NM_012120.3(CD2AP):c.764dup (p.Ser256fs),S256fs,Duplication,frameshift variant,Pathogenic/Likely pathogenic,"criteria provided, multiple submitters, no conflicts",LP,2019-06-12,P,2025-12-23,3,3,True,toward_pathogenic,2019.0,2025.0
2444449,COQ2,NM_001358921.2(COQ2):c.261G>A (p.Trp87Ter),"W137*, W87*",single nucleotide variant,nonsense,Pathogenic/Likely pathogenic,"criteria provided, multiple submitters, no conflicts",LP,2022-07-01,P,2024-01-14,2,2,True,toward_pathogenic,2022.0,2024.0
2066540,COQ2,NM_001358921.2(COQ2):c.967del (p.Ile323fs),"I373fs, I323fs",Deletion,frameshift variant,Pathogenic/Likely pathogenic,"criteria provided, multiple submitters, no conflicts",LP,2024-02-16,P,2025-11-03,2,2,True,toward_pathogenic,2024.0,2025.0
1324160,COQ6,NM_182476.3(COQ6):c.1027C>T (p.Arg343Ter),"R318*, R343*",single nucleotide variant,nonsense|3 prime UTR variant|intron variant,Pathogenic/Likely pathogenic,"criteria provided, multiple submitters, no conflicts",LP,2019-07-31,P,2022-07-12,2,2,True,toward_pathogenic,2019.0,2022.0
423078,COQ6,NM_182476.3(COQ6):c.1153_1154del (p.Asp385fs),"D360fs, D385fs, D205fs, D276fs, D300fs, D310fs, D324fs, D330fs, D349fs",Deletion,frameshift variant|3 prime UTR variant|intron variant,Pathogenic/Likely pathogenic,"criteria provided, multiple submitters, no conflicts",LP,2018-11-28,P,2025-09-10,3,3,True,toward_pathogenic,2018.0,2025.0
1324169,CRB2,NM_173689.7(CRB2):c.3089_3104del (p.Arg1030fs),R1030fs,Deletion,frameshift variant|non-coding transcript variant,Pathogenic/Likely pathogenic,"criteria provided, multiple submitters, no conflicts",LP,2020-08-04,P,2025-09-03,5,5,True,toward_pathogenic,2020.0,2025.0
817964,CRB2,NM_173689.7(CRB2):c.592dup (p.Thr198fs),T198fs,Duplication,frameshift variant,Pathogenic/Likely pathogenic,"criteria provided, multiple submitters, no conflicts",LP,2025-03-19,P,2025-10-08,2,2,True,toward_pathogenic,2025.0,2025.0
2690580,CUBN,NM_001081.4(CUBN):c.10311dup (p.His3438fs),H3438fs,Duplication,frameshift variant,Pathogenic/Likely pathogenic,"criteria provided, multiple submitters, no conflicts",LP,2023-02-16,P,2024-10-29,2,2,True,toward_pathogenic,2023.0,2024.0
1074937,CUBN,NM_001081.4(CUBN):c.10462C>T (p.Arg3488Ter),R3488*,single nucleotide variant,nonsense,Pathogenic/Likely pathogenic,"criteria provided, multiple submitters, no conflicts",LP,2021-12-15,P,2025-06-12,2,2,True,toward_pathogenic,2021.0,2025.0
56318,CUBN,NM_001081.4(CUBN):c.1230+1G>A,,single nucleotide variant,splice donor variant,Pathogenic/Likely pathogenic,"criteria provided, multiple submitters, no conflicts",LP,2024-04-13,P,2024-12-16,3,3,True,toward_pathogenic,2024.0,2024.0
56334,CUBN,NM_001081.4(CUBN):c.3096del (p.Ala1031_Tyr1032insTer),,Deletion,nonsense,Pathogenic/Likely pathogenic,"criteria provided, multiple submitters, no conflicts",LP,2021-11-11,P,2025-12-10,3,3,True,toward_pathogenic,2021.0,2025.0
2683622,CUBN,NM_001081.4(CUBN):c.3829+1G>A,,single nucleotide variant,splice donor variant,Pathogenic/Likely pathogenic,"criteria provided, multiple submitters, no conflicts",LP,2023-01-06,P,2025-01-06,2,2,True,toward_pathogenic,2023.0,2025.0
493067,CUBN,NM_001081.4(CUBN):c.382C>T (p.Gln128Ter),Q128*,single nucleotide variant,nonsense,Pathogenic/Likely pathogenic,"criteria provided, multiple submitters, no conflicts",LP,2017-10-01,P,2025-06-12,2,2,True,toward_pathogenic,2017.0,2025.0
4707332,CUBN,NM_001081.4(CUBN):c.4048_4061del (p.Tyr1350fs),Y1350fs,Deletion,frameshift variant,Pathogenic/Likely pathogenic,"criteria provided, multiple submitters, no conflicts",LP,2025-03-14,P,2025-11-17,2,2,True,toward_pathogenic,2025.0,2025.0
1033271,CUBN,NM_001081.4(CUBN):c.4165del (p.Tyr1389fs),Y1389fs,Deletion,frameshift variant,Pathogenic/Likely pathogenic,"criteria provided, multiple submitters, no conflicts",LP,2024-06-08,P,2024-10-24,2,2,True,toward_pathogenic,2024.0,2024.0
667368,CUBN,NM_001081.4(CUBN):c.4460_4464del (p.Arg1487fs),R1487fs,Deletion,frameshift variant,Pathogenic/Likely pathogenic,"criteria provided, multiple submitters, no conflicts",LP,2018-07-18,P,2021-06-30,3,3,True,toward_pathogenic,2018.0,2021.0
829940,CUBN,NM_001081.4(CUBN):c.4973del (p.Asn1658fs),N1658fs,Deletion,frameshift variant,Pathogenic/Likely pathogenic,"criteria provided, multiple submitters, no conflicts",LP,2019-03-21,P,2026-04-13,3,3,True,toward_pathogenic,2019.0,2026.0
522509,CUBN,NM_001081.4(CUBN):c.5511dup (p.Gly1838fs),G1838fs,Duplication,frameshift variant,Pathogenic,"criteria provided, single submitter",LP,2017-10-09,P,2018-10-18,2,2,True,toward_pathogenic,2017.0,2018.0
631629,CUBN,NM_001081.4(CUBN):c.5913_5916del (p.Thr1972fs),T1972fs,Microsatellite,frameshift variant,Pathogenic/Likely pathogenic,"criteria provided, multiple submitters, no conflicts",LP,2019-01-04,P,2024-10-09,6,6,True,toward_pathogenic,2019.0,2024.0
829936,CUBN,NM_001081.4(CUBN):c.6088C>T (p.Arg2030Ter),R2030*,single nucleotide variant,nonsense,Pathogenic/Likely pathogenic,"criteria provided, multiple submitters, no conflicts",LP,2019-03-19,P,2025-09-24,10,10,True,toward_pathogenic,2019.0,2025.0
942574,CUBN,NM_001081.4(CUBN):c.703C>T (p.Arg235Ter),R235*,single nucleotide variant,nonsense,Pathogenic/Likely pathogenic,"criteria provided, multiple submitters, no conflicts",LP,2021-12-16,P,2022-05-05,2,2,True,toward_pathogenic,2021.0,2022.0
2147526,CUBN,NM_001081.4(CUBN):c.8126_8127del (p.Ala2708_Tyr2709insTer),,Deletion,nonsense,Pathogenic/Likely pathogenic,"criteria provided, multiple submitters, no conflicts",LP,2024-02-04,P,2025-06-12,2,2,True,toward_pathogenic,2024.0,2025.0
1179172,CUBN,NM_001081.4(CUBN):c.8755C>T (p.Arg2919Ter),R2919*,single nucleotide variant,nonsense,Pathogenic/Likely pathogenic,"criteria provided, multiple submitters, no conflicts",LP,2021-07-16,P,2025-10-29,2,2,True,toward_pathogenic,2021.0,2025.0
1322206,DGKE,NM_003647.3(DGKE):c.1068_1071del (p.Asn356fs),N356fs,Deletion,frameshift variant,Pathogenic/Likely pathogenic,"criteria provided, multiple submitters, no conflicts",LP,2021-07-16,P,2025-09-26,5,5,True,toward_pathogenic,2021.0,2025.0
3068304,DGKE,NM_003647.3(DGKE):c.465-2A>G,,single nucleotide variant,splice acceptor variant,Pathogenic/Likely pathogenic,"criteria provided, multiple submitters, no conflicts",LP,2024-04-04,P,2025-09-26,2,2,True,toward_pathogenic,2024.0,2025.0
1999164,INF2,NM_022489.4(INF2):c.218G>A (p.Gly73Asp),G73D,single nucleotide variant,missense variant,Pathogenic/Likely pathogenic,"criteria provided, multiple submitters, no conflicts",LP,2025-03-25,P,2025-08-21,2,2,True,toward_pathogenic,2025.0,2025.0
472842,INF2,NM_022489.4(INF2):c.218G>T (p.Gly73Val),G73V,single nucleotide variant,missense variant,Pathogenic/Likely pathogenic,"criteria provided, multiple submitters, no conflicts",LP,2024-03-11,P,2024-03-27,2,2,True,toward_pathogenic,2024.0,2024.0
841546,INF2,NM_022489.4(INF2):c.271C>G (p.Arg91Gly),R91G,single nucleotide variant,missense variant,Pathogenic/Likely pathogenic,"criteria provided, multiple submitters, no conflicts",LP,2021-09-27,P,2025-11-09,2,2,True,toward_pathogenic,2021.0,2025.0
807433,INF2,NM_022489.4(INF2):c.529C>T (p.Arg177Cys),R177C,single nucleotide variant,missense variant,Pathogenic/Likely pathogenic,"criteria provided, multiple submitters, no conflicts",LP,2018-01-25,P,2025-07-24,5,5,True,toward_pathogenic,2018.0,2025.0
523533,INF2,NM_022489.4(INF2):c.658G>A (p.Glu220Lys),E220K,single nucleotide variant,missense variant,Pathogenic/Likely pathogenic,"criteria provided, multiple submitters, no conflicts",LP,2017-01-01,P,2025-07-31,11,11,True,toward_pathogenic,2017.0,2025.0
2127941,ITGA3,NM_002204.4(ITGA3):c.240dup (p.Pro81fs),P81fs,Duplication,frameshift variant,Pathogenic/Likely pathogenic,"criteria provided, multiple submitters, no conflicts",LP,2024-02-08,P,2025-06-12,2,2,True,toward_pathogenic,2024.0,2025.0
1180851,ITGB4,NM_000213.5(ITGB4):c.1135C>T (p.Arg379Ter),R379*,single nucleotide variant,nonsense,Pathogenic/Likely pathogenic,"criteria provided, multiple submitters, no conflicts",LP,2021-07-10,P,2024-10-01,3,3,True,toward_pathogenic,2021.0,2024.0
632288,ITGB4,NM_000213.5(ITGB4):c.2550+1G>A,,single nucleotide variant,splice donor variant,Pathogenic/Likely pathogenic,"criteria provided, multiple submitters, no conflicts",LP,2023-10-17,P,2025-09-10,3,3,True,toward_pathogenic,2023.0,2025.0
208591,ITGB4,NM_000213.5(ITGB4):c.2783-2A>G,,single nucleotide variant,splice acceptor variant,Pathogenic/Likely pathogenic,"criteria provided, multiple submitters, no conflicts",LP,2014-04-23,P,2023-05-22,4,4,True,toward_pathogenic,2014.0,2023.0
3582853,ITGB4,NM_000213.5(ITGB4):c.754C>T (p.Arg252Cys),R252C,single nucleotide variant,missense variant,Pathogenic/Likely pathogenic,"criteria provided, multiple submitters, no conflicts",LP,2024-03-26,P,2024-06-05,2,2,True,toward_pathogenic,2024.0,2024.0
2576774,ITGB4,NM_000213.5(ITGB4):c.884_885del (p.Thr295fs),T295fs,Deletion,frameshift variant,Pathogenic/Likely pathogenic,"criteria provided, multiple submitters, no conflicts",LP,2023-08-19,P,2024-02-15,3,3,True,toward_pathogenic,2023.0,2024.0
1179056,LAMB2,NM_002292.4(LAMB2):c.1564del (p.Cys522fs),C522fs,Deletion,frameshift variant,Pathogenic/Likely pathogenic,"criteria provided, multiple submitters, no conflicts",LP,2021-06-30,P,2022-07-11,2,2,True,toward_pathogenic,2021.0,2022.0
1712424,LAMB2,NM_002292.4(LAMB2):c.2369C>G (p.Ser790Ter),S790*,single nucleotide variant,nonsense,Pathogenic/Likely pathogenic,"criteria provided, multiple submitters, no conflicts",LP,2019-02-01,P,2024-12-19,2,2,True,toward_pathogenic,2019.0,2024.0
1344739,LAMB2,NM_002292.4(LAMB2):c.4573C>T (p.Gln1525Ter),Q1525*,single nucleotide variant,nonsense,Pathogenic,"criteria provided, multiple submitters, no conflicts",LP,2017-11-10,P,2024-01-23,3,3,True,toward_pathogenic,2017.0,2024.0
3720898,LMX1B,NM_001174147.2(LMX1B):c.229C>T (p.His77Tyr),H77Y,single nucleotide variant,missense variant,Pathogenic/Likely pathogenic,"criteria provided, multiple submitters, no conflicts",LP,2024-11-17,P,2025-09-29,2,2,True,toward_pathogenic,2024.0,2025.0
2628831,LMX1B,NM_001174147.2(LMX1B):c.667C>T (p.Arg223Trp),R223W,single nucleotide variant,missense variant,Pathogenic/Likely pathogenic,"criteria provided, multiple submitters, no conflicts",LP,2023-04-03,P,2025-10-24,4,4,True,toward_pathogenic,2023.0,2025.0
623094,MYH9,NM_002473.6(MYH9):c.97T>G (p.Trp33Gly),W33G,single nucleotide variant,missense variant,Pathogenic/Likely pathogenic,"criteria provided, multiple submitters, no conflicts",LP,2018-12-12,P,2025-03-10,2,2,True,toward_pathogenic,2018.0,2025.0
3577584,MYO1E,NM_004998.4(MYO1E):c.310_313del (p.Glu104fs),E104fs,Microsatellite,frameshift variant,Pathogenic/Likely pathogenic,"criteria provided, multiple submitters, no conflicts",LP,2024-06-10,P,2025-05-13,2,2,True,toward_pathogenic,2024.0,2025.0
496269,NPHS1,NM_004646.4(NPHS1):c.1020del (p.Ser341fs),S341fs,Deletion,frameshift variant,Pathogenic/Likely pathogenic,"criteria provided, multiple submitters, no conflicts",LP,2017-05-25,P,2024-08-22,7,7,True,toward_pathogenic,2017.0,2024.0
56419,NPHS1,NM_004646.4(NPHS1):c.1048T>C (p.Ser350Pro),S350P,single nucleotide variant,missense variant,Pathogenic/Likely pathogenic,"criteria provided, multiple submitters, no conflicts",LP,2014-10-16,P,2026-01-11,12,12,True,toward_pathogenic,2014.0,2026.0
56430,NPHS1,NM_004646.4(NPHS1):c.1219C>T (p.Arg407Trp),R407W,single nucleotide variant,missense variant,Pathogenic/Likely pathogenic,"criteria provided, multiple submitters, no conflicts",LP,2017-11-30,P,2025-10-12,11,11,True,toward_pathogenic,2017.0,2025.0
2429207,NPHS1,NM_004646.4(NPHS1):c.1315+1G>A,,single nucleotide variant,splice donor variant,Pathogenic/Likely pathogenic,"criteria provided, multiple submitters, no conflicts",LP,2023-01-11,P,2025-01-31,2,2,True,toward_pathogenic,2023.0,2025.0
56438,NPHS1,NM_004646.4(NPHS1):c.1379G>A (p.Arg460Gln),R460Q,single nucleotide variant,missense variant,Pathogenic/Likely pathogenic,"criteria provided, multiple submitters, no conflicts",LP,2014-08-29,P,2025-11-26,16,16,True,toward_pathogenic,2014.0,2025.0
56440,NPHS1,NM_004646.4(NPHS1):c.139del (p.Ala47fs),A47fs,Deletion,frameshift variant,Pathogenic,"criteria provided, multiple submitters, no conflicts",LP,2014-04-15,P,2026-01-28,13,13,True,toward_pathogenic,2014.0,2026.0
1324818,NPHS1,NM_004646.4(NPHS1):c.1434G>A (p.Trp478Ter),W478*,single nucleotide variant,nonsense,Pathogenic/Likely pathogenic,"criteria provided, multiple submitters, no conflicts",LP,2021-05-27,P,2024-12-31,2,2,True,toward_pathogenic,2021.0,2024.0
56445,NPHS1,NM_004646.4(NPHS1):c.1701C>A (p.Cys567Ter),C567*,single nucleotide variant,nonsense,Pathogenic,"criteria provided, multiple submitters, no conflicts",LP,2014-06-18,P,2026-01-30,10,10,True,toward_pathogenic,2014.0,2026.0
56447,NPHS1,NM_004646.4(NPHS1):c.1715G>A (p.Ser572Asn),S572N,single nucleotide variant,missense variant,Pathogenic/Likely pathogenic,"criteria provided, multiple submitters, no conflicts",LP,2017-02-09,P,2023-02-01,5,5,True,toward_pathogenic,2017.0,2023.0
554443,NPHS1,NM_004646.4(NPHS1):c.1757+1G>A,,single nucleotide variant,splice donor variant,Pathogenic,"criteria provided, single submitter",LP,2017-10-18,P,2024-03-25,2,2,True,toward_pathogenic,2017.0,2024.0
56453,NPHS1,NM_004646.4(NPHS1):c.1868G>T (p.Cys623Phe),C623F,single nucleotide variant,missense variant,Pathogenic,"criteria provided, multiple submitters, no conflicts",LP,2014-04-08,P,2026-01-09,14,14,True,toward_pathogenic,2014.0,2026.0
371118,NPHS1,NM_004646.4(NPHS1):c.1971del (p.Ala658fs),A658fs,Deletion,frameshift variant,Pathogenic/Likely pathogenic,"criteria provided, multiple submitters, no conflicts",LP,2016-07-12,P,2025-06-12,3,3,True,toward_pathogenic,2016.0,2025.0
371105,NPHS1,NM_004646.4(NPHS1):c.2023_2024del (p.Ala675fs),A675fs,Deletion,frameshift variant,Pathogenic/Likely pathogenic,"criteria provided, multiple submitters, no conflicts",LP,2016-06-27,P,2024-08-12,4,4,True,toward_pathogenic,2016.0,2024.0
370574,NPHS1,NM_004646.4(NPHS1):c.2120G>A (p.Trp707Ter),W707*,single nucleotide variant,nonsense,Pathogenic,"criteria provided, single submitter",LP,2016-02-29,P,2021-07-21,2,2,True,toward_pathogenic,2016.0,2021.0
56463,NPHS1,NM_004646.4(NPHS1):c.2156_2163del (p.Leu719fs),L719fs,Deletion,frameshift variant,Pathogenic,"criteria provided, multiple submitters, no conflicts",LP,2014-11-19,P,2023-12-06,5,5,True,toward_pathogenic,2014.0,2023.0
56469,NPHS1,NM_004646.4(NPHS1):c.2227C>T (p.Arg743Cys),R743C,single nucleotide variant,missense variant,Pathogenic/Likely pathogenic,"criteria provided, multiple submitters, no conflicts",LP,2016-03-03,P,2025-12-14,11,11,True,toward_pathogenic,2016.0,2025.0
56473,NPHS1,NM_004646.4(NPHS1):c.2417C>A (p.Ala806Asp),A806D,single nucleotide variant,missense variant,Pathogenic,"criteria provided, multiple submitters, no conflicts",LP,2014-06-12,P,2024-10-22,12,12,True,toward_pathogenic,2014.0,2024.0
56476,NPHS1,NM_004646.4(NPHS1):c.2491C>T (p.Arg831Cys),R831C,single nucleotide variant,missense variant,Pathogenic/Likely pathogenic,"criteria provided, multiple submitters, no conflicts",LP,2016-04-13,P,2026-01-19,7,7,True,toward_pathogenic,2016.0,2026.0
56481,NPHS1,NM_004646.4(NPHS1):c.2596C>T (p.Arg866Ter),R866*,single nucleotide variant,nonsense,Pathogenic/Likely pathogenic,"criteria provided, multiple submitters, no conflicts",LP,2016-07-22,P,2025-05-08,9,9,True,toward_pathogenic,2016.0,2025.0
1339205,NPHS1,NM_004646.4(NPHS1):c.2600G>A (p.Gly867Asp),G867D,single nucleotide variant,missense variant,Pathogenic/Likely pathogenic,"criteria provided, multiple submitters, no conflicts",LP,2021-12-22,P,2024-10-01,6,6,True,toward_pathogenic,2021.0,2024.0
3239965,NPHS1,NM_004646.4(NPHS1):c.2737C>T (p.Gln913Ter),Q913*,single nucleotide variant,nonsense,Pathogenic/Likely pathogenic,"criteria provided, multiple submitters, no conflicts",LP,2023-12-14,P,2024-03-13,2,2,True,toward_pathogenic,2023.0,2024.0
56487,NPHS1,NM_004646.4(NPHS1):c.2783C>A (p.Ser928Ter),S928*,single nucleotide variant,nonsense,Pathogenic/Likely pathogenic,"criteria provided, multiple submitters, no conflicts",LP,2016-02-24,P,2024-05-08,5,5,True,toward_pathogenic,2016.0,2024.0
3239962,NPHS1,NM_004646.4(NPHS1):c.2840_2842del (p.Leu947_Lys948delinsTer),,Deletion,nonsense,Pathogenic/Likely pathogenic,"criteria provided, multiple submitters, no conflicts",LP,2024-01-07,P,2024-03-07,2,2,True,toward_pathogenic,2024.0,2024.0
371245,NPHS1,NM_004646.4(NPHS1):c.2905del (p.Leu969fs),L969fs,Deletion,frameshift variant,Pathogenic/Likely pathogenic,"criteria provided, multiple submitters, no conflicts",LP,2016-08-04,P,2025-08-14,5,5,True,toward_pathogenic,2016.0,2025.0
188761,NPHS1,NM_004646.4(NPHS1):c.2928G>T (p.Arg976Ser),R976S,single nucleotide variant,missense variant,Pathogenic,"criteria provided, multiple submitters, no conflicts",LP,2014-04-16,P,2025-11-28,13,12,True,toward_pathogenic,2014.0,2025.0
1413819,NPHS1,NM_004646.4(NPHS1):c.2989_2990dup (p.Phe998fs),F998fs,Duplication,frameshift variant,Pathogenic/Likely pathogenic,"criteria provided, multiple submitters, no conflicts",LP,2022-04-04,P,2023-04-16,2,2,True,toward_pathogenic,2022.0,2023.0
554509,NPHS1,NM_004646.4(NPHS1):c.3061dup (p.Asp1021fs),D1021fs,Duplication,frameshift variant,Pathogenic,"criteria provided, multiple submitters, no conflicts",LP,2017-10-24,P,2026-01-29,4,4,True,toward_pathogenic,2017.0,2026.0
189074,NPHS1,NM_004646.4(NPHS1):c.3442C>T (p.Gln1148Ter),Q1148*,single nucleotide variant,nonsense,Pathogenic,"criteria provided, multiple submitters, no conflicts",LP,2014-11-26,P,2026-01-18,8,8,True,toward_pathogenic,2014.0,2026.0
554827,NPHS1,NM_004646.4(NPHS1):c.3548dup (p.Tyr1183Ter),Y1183*,Duplication,nonsense,Pathogenic/Likely pathogenic,"criteria provided, multiple submitters, no conflicts",LP,2017-11-07,P,2025-12-11,6,6,True,toward_pathogenic,2017.0,2025.0
552390,NPHS1,NM_004646.4(NPHS1):c.3549C>A (p.Tyr1183Ter),Y1183*,single nucleotide variant,nonsense,Pathogenic/Likely pathogenic,"criteria provided, multiple submitters, no conflicts",LP,2017-06-22,P,2026-01-22,7,7,True,toward_pathogenic,2017.0,2026.0
2677332,NPHS1,NM_004646.4(NPHS1):c.3554del (p.Pro1185fs),P1185fs,Deletion,frameshift variant,Pathogenic/Likely pathogenic,"criteria provided, multiple submitters, no conflicts",LP,2022-08-09,P,2025-06-05,3,3,True,toward_pathogenic,2022.0,2025.0
56502,NPHS1,NM_004646.4(NPHS1):c.3595-2A>G,,single nucleotide variant,splice acceptor variant,Pathogenic/Likely pathogenic,"criteria provided, multiple submitters, no conflicts",LP,2024-02-10,P,2024-03-22,3,3,True,toward_pathogenic,2024.0,2024.0
56514,NPHS1,NM_004646.4(NPHS1):c.534del (p.Thr179fs),T179fs,Deletion,frameshift variant,Pathogenic,"criteria provided, multiple submitters, no conflicts",LP,2018-02-21,P,2022-11-17,4,4,True,toward_pathogenic,2018.0,2022.0
188816,NPHS1,NM_004646.4(NPHS1):c.565G>T (p.Glu189Ter),E189*,single nucleotide variant,nonsense,Pathogenic,"criteria provided, multiple submitters, no conflicts",LP,2014-06-06,P,2025-10-14,7,7,True,toward_pathogenic,2014.0,2025.0
370188,NPHS1,NM_004646.4(NPHS1):c.619del (p.Arg207fs),R207fs,Deletion,frameshift variant,Pathogenic,"criteria provided, multiple submitters, no conflicts",LP,2015-12-11,P,2026-01-14,8,8,True,toward_pathogenic,2015.0,2026.0
805091,NPHS1,NM_004646.4(NPHS1):c.728_729del (p.Pro243fs),P243fs,Deletion,frameshift variant,Pathogenic/Likely pathogenic,"criteria provided, multiple submitters, no conflicts",LP,2019-02-25,P,2025-07-02,6,6,True,toward_pathogenic,2019.0,2025.0
2115119,NPHS1,NM_004646.4(NPHS1):c.847C>T (p.Gln283Ter),Q283*,single nucleotide variant,nonsense,Pathogenic/Likely pathogenic,"criteria provided, multiple submitters, no conflicts",LP,2023-09-08,P,2025-12-24,2,2,True,toward_pathogenic,2023.0,2025.0
549972,NPHS1,NM_004646.4(NPHS1):c.851del (p.Pro284fs),P284fs,Deletion,frameshift variant,Pathogenic/Likely pathogenic,"criteria provided, multiple submitters, no conflicts",LP,2017-01-17,P,2025-12-09,3,3,True,toward_pathogenic,2017.0,2025.0
370925,NPHS1,NM_004646.4(NPHS1):c.866G>A (p.Trp289Ter),W289*,single nucleotide variant,nonsense,Pathogenic,"criteria provided, multiple submitters, no conflicts",LP,2016-05-19,P,2024-02-14,5,5,True,toward_pathogenic,2016.0,2024.0
556151,NPHS1,NM_004646.4(NPHS1):c.928G>A (p.Asp310Asn),D310N,single nucleotide variant,missense variant,Pathogenic,"criteria provided, multiple submitters, no conflicts",LP,2018-01-16,P,2025-09-22,4,4,True,toward_pathogenic,2018.0,2025.0
495108,NPHS2,NM_014625.4(NPHS2):c.156del (p.Thr53fs),T53fs,Deletion,frameshift variant,Pathogenic/Likely pathogenic,"criteria provided, multiple submitters, no conflicts",LP,2017-03-30,P,2025-08-19,6,6,True,toward_pathogenic,2017.0,2025.0
555448,NPHS2,NM_014625.4(NPHS2):c.166G>T (p.Glu56Ter),E56*,single nucleotide variant,nonsense,Pathogenic/Likely pathogenic,"criteria provided, multiple submitters, no conflicts",LP,2017-12-05,P,2023-04-06,3,3,True,toward_pathogenic,2017.0,2023.0
599119,NPHS2,NM_014625.4(NPHS2):c.167del (p.Glu56fs),E56fs,Deletion,frameshift variant,Pathogenic/Likely pathogenic,"criteria provided, multiple submitters, no conflicts",LP,2018-05-17,P,2025-05-13,4,4,True,toward_pathogenic,2018.0,2025.0
1344814,NPHS2,NM_014625.4(NPHS2):c.1A>T (p.Met1Leu),M1L,single nucleotide variant,missense variant|initiator_codon_variant,Pathogenic,"criteria provided, multiple submitters, no conflicts",LP,2017-11-10,P,2025-06-04,4,4,True,toward_pathogenic,2017.0,2025.0
557752,NPHS2,NM_014625.4(NPHS2):c.275-2A>G,,single nucleotide variant,splice acceptor variant,Pathogenic/Likely pathogenic,"criteria provided, multiple submitters, no conflicts",LP,2018-04-11,P,2025-07-27,3,3,True,toward_pathogenic,2018.0,2025.0
1344816,NPHS2,NM_014625.4(NPHS2):c.397del (p.Arg133fs),R133fs,Deletion,frameshift variant,Pathogenic,"criteria provided, multiple submitters, no conflicts",LP,2017-11-10,P,2024-04-20,4,4,True,toward_pathogenic,2017.0,2024.0
2734050,NPHS2,NM_014625.4(NPHS2):c.451+3A>T,,single nucleotide variant,intron variant,Pathogenic/Likely pathogenic,"criteria provided, multiple submitters, no conflicts",LP,2023-12-01,P,2023-12-15,2,2,True,toward_pathogenic,2023.0,2023.0
188952,NPHS2,NM_014625.4(NPHS2):c.502C>T (p.Arg168Cys),R168C,single nucleotide variant,missense variant,Pathogenic/Likely pathogenic,"criteria provided, multiple submitters, no conflicts",LP,2014-09-02,P,2026-01-28,7,7,True,toward_pathogenic,2014.0,2026.0
188730,NPHS2,NM_014625.4(NPHS2):c.503G>A (p.Arg168His),R168H,single nucleotide variant,missense variant,Pathogenic/Likely pathogenic,"criteria provided, multiple submitters, no conflicts",LP,2014-03-25,P,2025-07-24,13,13,True,toward_pathogenic,2014.0,2025.0
188892,NPHS2,NM_014625.4(NPHS2):c.586C>T (p.Arg196Ter),R196*,single nucleotide variant,nonsense|intron variant,Pathogenic/Likely pathogenic,"criteria provided, multiple submitters, no conflicts",LP,2014-07-21,P,2025-12-22,6,6,True,toward_pathogenic,2014.0,2025.0
370159,NPHS2,NM_014625.4(NPHS2):c.643C>T (p.Gln215Ter),Q215*,single nucleotide variant,nonsense|intron variant,Pathogenic/Likely pathogenic,"criteria provided, multiple submitters, no conflicts",LP,2015-12-07,P,2025-11-10,9,9,True,toward_pathogenic,2015.0,2025.0
370340,NPHS2,NM_014625.4(NPHS2):c.685C>T (p.Arg229Ter),R229*,single nucleotide variant,nonsense|intron variant,Pathogenic/Likely pathogenic,"criteria provided, multiple submitters, no conflicts",LP,2016-01-18,P,2026-01-25,5,5,True,toward_pathogenic,2016.0,2026.0
556556,NPHS2,NM_014625.4(NPHS2):c.714G>T (p.Arg238Ser),R238S,single nucleotide variant,missense variant|intron variant,Pathogenic/Likely pathogenic,"criteria provided, multiple submitters, no conflicts",LP,2018-02-06,P,2026-01-06,12,12,True,toward_pathogenic,2018.0,2026.0
941972,NPHS2,NM_014625.4(NPHS2):c.738+1G>A,,single nucleotide variant,intron variant|splice donor variant,Pathogenic/Likely pathogenic,"criteria provided, multiple submitters, no conflicts",LP,2022-04-25,P,2025-11-17,4,4,True,toward_pathogenic,2022.0,2025.0
553546,NPHS2,NM_014625.4(NPHS2):c.738+2T>C,,single nucleotide variant,intron variant|splice donor variant,Pathogenic/Likely pathogenic,"criteria provided, multiple submitters, no conflicts",LP,2017-08-29,P,2023-11-17,4,4,True,toward_pathogenic,2017.0,2023.0
1075584,NPHS2,NM_014625.4(NPHS2):c.768G>A (p.Trp256Ter),"W188*, W256*",single nucleotide variant,nonsense|intron variant,Pathogenic/Likely pathogenic,"criteria provided, multiple submitters, no conflicts",LP,2022-07-26,P,2023-06-30,2,2,True,toward_pathogenic,2022.0,2023.0
126418,NPHS2,NM_014625.4(NPHS2):c.868G>A (p.Val290Met),"V290M, V222M",single nucleotide variant,missense variant|intron variant,Pathogenic/Likely pathogenic,"criteria provided, multiple submitters, no conflicts",LP,2014-05-12,P,2026-01-12,22,22,True,toward_pathogenic,2014.0,2026.0
555445,NPHS2,NM_014625.4(NPHS2):c.873+1G>A,,single nucleotide variant,intron variant|splice donor variant,Pathogenic,"criteria provided, multiple submitters, no conflicts",LP,2017-12-05,P,2025-05-17,3,3,True,toward_pathogenic,2017.0,2025.0
1409729,NPHS2,NM_014625.4(NPHS2):c.873+1G>T,,single nucleotide variant,intron variant|splice donor variant,Pathogenic/Likely pathogenic,"criteria provided, multiple submitters, no conflicts",LP,2023-04-18,P,2023-08-21,2,2,True,toward_pathogenic,2023.0,2023.0
552884,NPHS2,NM_014625.4(NPHS2):c.873+2T>A,,single nucleotide variant,intron variant|splice donor variant,Pathogenic/Likely pathogenic,"criteria provided, multiple submitters, no conflicts",LP,2017-07-14,P,2025-08-26,5,5,True,toward_pathogenic,2017.0,2025.0
370718,NPHS2,NM_014625.4(NPHS2):c.890C>T (p.Ala297Val),"A297V, A229V",single nucleotide variant,missense variant|intron variant,Pathogenic/Likely pathogenic,"criteria provided, multiple submitters, no conflicts",LP,2016-04-22,P,2025-09-16,10,10,True,toward_pathogenic,2016.0,2025.0
1491797,NPHS2,NM_014625.4(NPHS2):c.928G>A (p.Glu310Lys),"E242K, E310K",single nucleotide variant,missense variant|intron variant,Pathogenic/Likely pathogenic,"criteria provided, multiple submitters, no conflicts",LP,2022-04-20,P,2025-08-20,7,7,True,toward_pathogenic,2022.0,2025.0
3574208,NPHS2,NM_014625.4(NPHS2):c.988_989del (p.Leu330fs),"L262fs, L330fs",Microsatellite,frameshift variant|intron variant,Pathogenic/Likely pathogenic,"criteria provided, multiple submitters, no conflicts",LP,2024-02-08,P,2025-08-19,2,2,True,toward_pathogenic,2024.0,2025.0
590324,NUP107,NM_020401.4(NUP107):c.2666A>G (p.Tyr889Cys),"Y889C, Y860C",single nucleotide variant,missense variant,Likely pathogenic,"criteria provided, single submitter",LP,2019-01-10,P,2019-03-11,2,2,True,toward_pathogenic,2019.0,2019.0
224964,NUP93,NM_014669.5(NUP93):c.1772G>T (p.Gly591Val),"G591V, G468V",single nucleotide variant,missense variant,Pathogenic/Likely pathogenic,"criteria provided, multiple submitters, no conflicts",LP,2017-11-10,P,2025-11-25,10,10,True,toward_pathogenic,2017.0,2025.0
224965,NUP93,NM_014669.5(NUP93):c.1886A>G (p.Tyr629Cys),"Y629C, Y506C",single nucleotide variant,missense variant,Pathogenic/Likely pathogenic,no assertion criteria provided,LP,2017-11-10,P,2020-11-20,2,2,True,toward_pathogenic,2017.0,2020.0
1683684,PLCE1,NM_016341.4(PLCE1):c.3338_3339del (p.Lys1113fs),"K1113fs, K805fs",Deletion,frameshift variant,Pathogenic/Likely pathogenic,"criteria provided, multiple submitters, no conflicts",LP,2021-07-06,P,2025-02-04,3,3,True,toward_pathogenic,2021.0,2025.0
938927,SCARB2,NM_005506.4(SCARB2):c.1002dup (p.Ile335fs),"I192fs, I335fs",Duplication,frameshift variant,Pathogenic/Likely pathogenic,"criteria provided, multiple submitters, no conflicts",LP,2024-02-08,P,2024-08-20,2,2,True,toward_pathogenic,2024.0,2024.0
2734387,SMARCAL1,NM_014140.4(SMARCAL1):c.1334+1G>A,,single nucleotide variant,splice donor variant,Pathogenic/Likely pathogenic,"criteria provided, multiple submitters, no conflicts",LP,2023-09-08,P,2025-07-22,2,2,True,toward_pathogenic,2023.0,2025.0
945899,SMARCAL1,NM_014140.4(SMARCAL1):c.1736C>T (p.Ser579Leu),S579L,single nucleotide variant,missense variant,Pathogenic/Likely pathogenic,"criteria provided, multiple submitters, no conflicts",LP,2020-02-01,P,2025-06-18,4,4,True,toward_pathogenic,2020.0,2025.0
992420,SMARCAL1,NM_014140.4(SMARCAL1):c.1930C>T (p.Arg644Trp),R644W,single nucleotide variant,missense variant,Pathogenic/Likely pathogenic,"criteria provided, multiple submitters, no conflicts",LP,2020-01-22,P,2026-01-04,4,4,True,toward_pathogenic,2020.0,2026.0
936403,SMARCAL1,NM_014140.4(SMARCAL1):c.1934_1935del (p.Arg645fs),R645fs,Microsatellite,frameshift variant,Pathogenic/Likely pathogenic,"criteria provided, multiple submitters, no conflicts",LP,2024-03-07,P,2025-07-30,3,3,True,toward_pathogenic,2024.0,2025.0
1325104,SMARCAL1,NM_014140.4(SMARCAL1):c.1934G>A (p.Arg645His),R645H,single nucleotide variant,missense variant,Pathogenic/Likely pathogenic,"criteria provided, multiple submitters, no conflicts",LP,2020-11-10,P,2025-05-06,4,4,True,toward_pathogenic,2020.0,2025.0
1344879,SMARCAL1,NM_014140.4(SMARCAL1):c.1940A>C (p.Lys647Thr),K647T,single nucleotide variant,missense variant,Pathogenic/Likely pathogenic,"criteria provided, multiple submitters, no conflicts",LP,2017-11-10,P,2024-04-08,3,3,True,toward_pathogenic,2017.0,2024.0
1073210,SMARCAL1,NM_014140.4(SMARCAL1):c.2070+2dup,,Duplication,splice donor variant,Pathogenic/Likely pathogenic,"criteria provided, multiple submitters, no conflicts",LP,2020-06-12,P,2025-12-29,8,8,True,toward_pathogenic,2020.0,2025.0
3585594,SMARCAL1,NM_014140.4(SMARCAL1):c.709C>T (p.Gln237Ter),Q237*,single nucleotide variant,nonsense,Pathogenic/Likely pathogenic,"criteria provided, multiple submitters, no conflicts",LP,2024-03-08,P,2025-03-30,2,2,True,toward_pathogenic,2024.0,2025.0
3598781,TRPC6,NM_004621.6(TRPC6):c.2665C>A (p.Gln889Lys),Q889K,single nucleotide variant,missense variant,Pathogenic/Likely pathogenic,"criteria provided, multiple submitters, no conflicts",LP,2024-02-15,P,2026-01-06,2,2,True,toward_pathogenic,2024.0,2026.0
222850,TRPC6,NM_004621.6(TRPC6):c.523C>T (p.Arg175Trp),R175W,single nucleotide variant,missense variant,Pathogenic/Likely pathogenic,"criteria provided, multiple submitters, no conflicts",LP,2017-11-10,P,2025-08-16,9,9,True,toward_pathogenic,2017.0,2025.0
1697350,WDR73,NM_032856.5(WDR73):c.525_565dup (p.Asp189delinsValThrValArgSerTer),,Duplication,nonsense|non-coding transcript variant,Pathogenic/Likely pathogenic,"criteria provided, multiple submitters, no conflicts",LP,2022-07-23,P,2024-11-30,2,2,True,toward_pathogenic,2022.0,2024.0
803115,WDR73,NM_032856.5(WDR73):c.710dup (p.Gly238fs),G238fs,Duplication,frameshift variant|non-coding transcript variant,Pathogenic/Likely pathogenic,"criteria provided, multiple submitters, no conflicts",LP,2019-05-28,P,2024-10-31,3,3,True,toward_pathogenic,2019.0,2024.0
419332,WT1,NM_024426.6(WT1):c.1400G>A (p.Arg467Gln),"R250Q, R467Q, R450Q, R71Q, R233Q, R213Q, R465Q, R409Q, R420Q, R445Q, R426Q",single nucleotide variant,missense variant|non-coding transcript variant,Pathogenic/Likely pathogenic,"criteria provided, multiple submitters, no conflicts",LP,2017-08-22,P,2024-02-20,11,11,True,toward_pathogenic,2017.0,2024.0
547167,WT1,NM_024426.6(WT1):c.1405G>T (p.Asp469Tyr),"D252Y, D452Y, D469Y, D235Y, D73Y, D411Y, D447Y, D215Y, D422Y, D428Y, D467Y",single nucleotide variant,missense variant|non-coding transcript variant,Pathogenic/Likely pathogenic,"criteria provided, multiple submitters, no conflicts",LP,2018-03-16,P,2023-03-12,2,2,True,toward_pathogenic,2018.0,2023.0
1678751,WT1,NM_024426.6(WT1):c.1420C>T (p.His474Tyr),"H240Y, H257Y, H457Y, H474Y, H78Y, H220Y, H416Y, H427Y, H452Y, H433Y, H469Y, H472Y",single nucleotide variant,missense variant|non-coding transcript variant,Likely pathogenic,"criteria provided, single submitter",LP,2019-06-21,P,2024-03-26,2,2,True,toward_pathogenic,2019.0,2024.0
2664749,WT1,NM_024426.6(WT1):c.410del (p.Pro137fs),P137fs,Deletion,frameshift variant|non-coding transcript variant,Pathogenic/Likely pathogenic,"criteria provided, multiple submitters, no conflicts",LP,2023-03-03,P,2024-04-04,2,2,True,toward_pathogenic,2023.0,2024.0
829975,ACTN4,NM_004924.6(ACTN4):c.236G>A (p.Arg79Gln),R79Q,single nucleotide variant,missense variant,Uncertain significance,"criteria provided, single submitter",LP,2019-11-17,VUS,2024-02-01,2,2,True,toward_benign,2019.0,2024.0
357176,CD2AP,NM_012120.3(CD2AP):c.1569AGA[2] (p.Glu525del),E525del,Microsatellite,inframe_deletion,Uncertain significance,"criteria provided, multiple submitters, no conflicts",LP,2018-11-12,VUS,2025-10-19,4,4,True,toward_benign,2018.0,2025.0
522423,COQ2,NM_001358921.2(COQ2):c.704C>G (p.Pro235Arg),"P285R, P235R",single nucleotide variant,missense variant,Uncertain significance,"criteria provided, single submitter",LP,2017-09-18,VUS,2024-10-14,2,2,True,toward_benign,2017.0,2024.0
800309,FAT1,NM_005245.4(FAT1):c.2668G>A (p.Glu890Lys),E890K,single nucleotide variant,missense variant,Uncertain significance,"criteria provided, single submitter",LP,2019-08-31,VUS,2025-08-30,2,2,True,toward_benign,2019.0,2025.0
684632,FAT1,NM_005245.4(FAT1):c.5671C>A (p.Pro1891Thr),P1891T,single nucleotide variant,missense variant,Uncertain significance,"criteria provided, single submitter",LP,2016-02-24,VUS,2025-08-11,2,2,True,toward_benign,2016.0,2025.0
969386,LAMB2,NM_002292.4(LAMB2):c.395C>T (p.Ala132Val),A132V,single nucleotide variant,missense variant,Uncertain significance,"criteria provided, single submitter",LP,2017-11-10,VUS,2021-08-31,2,2,True,toward_benign,2017.0,2021.0
689870,MTTL1,NC_012920.1(MT-TL1):m.3288A>G,,single nucleotide variant,,Uncertain significance,reviewed by expert panel,LP,2019-07-12,VUS,2024-12-09,2,2,True,toward_benign,2019.0,2024.0
545478,MYH9,NM_002473.6(MYH9):c.5308C>T (p.Arg1770Cys),R1770C,single nucleotide variant,missense variant,Uncertain significance,"criteria provided, single submitter",LP,2018-05-04,VUS,2024-11-04,2,2,True,toward_benign,2018.0,2024.0
1303253,NPHS1,NM_004646.4(NPHS1):c.2020C>A (p.Pro674Thr),P674T,single nucleotide variant,missense variant,Uncertain significance,"criteria provided, single submitter",LP,2017-11-10,VUS,2021-04-06,2,2,True,toward_benign,2017.0,2021.0
599138,NPHS1,NM_004646.4(NPHS1):c.2869G>A (p.Val957Met),V957M,single nucleotide variant,missense variant,Uncertain significance,"criteria provided, single submitter",LP,2018-05-25,VUS,2024-06-04,2,2,True,toward_benign,2018.0,2024.0
1214011,NUP107,NM_020401.4(NUP107):c.1064G>A (p.Arg355His),"R326H, R355H",single nucleotide variant,missense variant,Uncertain significance,"criteria provided, single submitter",LP,2021-02-09,VUS,2025-09-29,3,3,True,toward_benign,2021.0,2025.0
1344863,NUP93,NM_014669.5(NUP93):c.2017C>T (p.Arg673Trp),"R550W, R673W",single nucleotide variant,missense variant,Uncertain significance,"criteria provided, multiple submitters, no conflicts",LP,2017-11-10,VUS,2023-09-18,4,4,True,toward_benign,2017.0,2023.0
562433,PLCE1,NM_016341.4(PLCE1):c.2960A>G (p.His987Arg),"H987R, H679R",single nucleotide variant,missense variant,Uncertain significance,"criteria provided, multiple submitters, no conflicts",LP,2018-09-16,VUS,2024-06-18,4,4,True,toward_benign,2018.0,2024.0
562379,TRPC6,NM_004621.6(TRPC6):c.266G>T (p.Ser89Ile),S89I,single nucleotide variant,missense variant,Uncertain significance,"criteria provided, multiple submitters, no conflicts",LP,2018-09-16,VUS,2024-04-27,3,3,True,toward_benign,2018.0,2024.0
562400,TRPC6,NM_004621.6(TRPC6):c.434A>G (p.His145Arg),H145R,single nucleotide variant,missense variant,Uncertain significance,"criteria provided, single submitter",LP,2018-09-16,VUS,2022-09-01,2,2,True,toward_benign,2018.0,2022.0
522496,TRPC6,NM_004621.6(TRPC6):c.518A>G (p.Tyr173Cys),Y173C,single nucleotide variant,missense variant,Uncertain significance,"criteria provided, single submitter",LP,2017-09-27,VUS,2024-05-24,2,2,True,toward_benign,2017.0,2024.0
1202590,WT1,NM_024426.6(WT1):c.983C>T (p.Ser328Phe),"S111F, S328F, S287F, S323F, S74F",single nucleotide variant,missense variant|non-coding transcript variant|intron variant,Uncertain significance,"criteria provided, single submitter",LP,2021-08-17,VUS,2025-01-22,2,2,True,toward_benign,2021.0,2025.0
9597,MTTL1,NC_012920.1(MT-TL1):m.3290T>C,,single nucleotide variant,,Benign,"criteria provided, single submitter",P,1999-09-01,B,2019-07-12,2,2,True,toward_benign,1999.0,2019.0
402285,MYH9,NM_002473.6(MYH9):c.5137A>G (p.Ser1713Gly),S1713G,single nucleotide variant,missense variant,Likely benign,"criteria provided, single submitter",P,2016-06-04,LB,2025-08-18,2,2,True,toward_benign,2016.0,2025.0
978563,WT1,NM_024426.6(WT1):c.250C>T (p.Leu84=),,single nucleotide variant,synonymous variant|non-coding transcript variant,Likely benign,"criteria provided, multiple submitters, no conflicts",P,2020-04-01,LB,2024-09-13,3,3,True,toward_benign,2020.0,2024.0
2082603,ADCK4,NM_024876.4(COQ8B):c.1084C>T (p.Arg362Ter),"R362*, R321*",single nucleotide variant,nonsense,Pathogenic/Likely pathogenic,"criteria provided, multiple submitters, no conflicts",P,2023-09-23,LP,2023-12-01,2,2,True,toward_benign,2023.0,2023.0
91850,ADCK4,NM_024876.4(COQ8B):c.1199dup (p.His400fs),"H359fs, H400fs",Duplication,frameshift variant,Likely pathogenic,"criteria provided, single submitter",P,2013-12-02,LP,2023-10-01,3,3,True,toward_benign,2013.0,2023.0
3064005,ADCK4,NM_024876.4(COQ8B):c.367+1G>A,,single nucleotide variant,splice donor variant,Pathogenic/Likely pathogenic,"criteria provided, multiple submitters, no conflicts",P,2024-01-19,LP,2024-02-17,2,2,True,toward_benign,2024.0,2024.0
91845,ADCK4,NM_024876.4(COQ8B):c.532C>T (p.Arg178Trp),"R178W, R137W",single nucleotide variant,missense variant,Pathogenic/Likely pathogenic,"criteria provided, multiple submitters, no conflicts",P,2013-12-02,LP,2025-04-14,14,14,True,toward_benign,2013.0,2025.0
156221,ANLN,NM_018685.5(ANLN):c.1291C>T (p.Arg431Cys),R431C,single nucleotide variant,missense variant,Pathogenic/Likely pathogenic,"criteria provided, multiple submitters, no conflicts",P,2014-09-01,LP,2024-02-17,3,3,True,toward_benign,2014.0,2024.0
1438,COQ2,NM_001358921.2(COQ2):c.440G>A (p.Arg147His),"R197H, R147H",single nucleotide variant,missense variant,Pathogenic/Likely pathogenic,"criteria provided, multiple submitters, no conflicts",P,2007-10-01,LP,2025-11-19,8,8,True,toward_benign,2007.0,2025.0
1436,COQ2,NM_001358921.2(COQ2):c.740A>G (p.Tyr247Cys),"Y297C, Y247C",single nucleotide variant,missense variant,Likely pathogenic,"criteria provided, single submitter",P,2010-10-01,LP,2022-11-14,3,3,True,toward_benign,2010.0,2022.0
1457188,CRB2,NM_173689.7(CRB2):c.315C>A (p.Cys105Ter),C105*,single nucleotide variant,nonsense,Pathogenic/Likely pathogenic,"criteria provided, multiple submitters, no conflicts",P,2021-06-01,LP,2022-03-04,2,2,True,toward_benign,2021.0,2022.0
500491,CUBN,NM_001081.4(CUBN):c.1506G>A (p.Trp502Ter),W502*,single nucleotide variant,nonsense,Pathogenic/Likely pathogenic,"criteria provided, multiple submitters, no conflicts",P,2017-02-20,LP,2021-12-30,2,2,True,toward_benign,2017.0,2021.0
439579,CUBN,NM_001081.4(CUBN):c.2496dup (p.Pro833fs),P833fs,Duplication,frameshift variant,Pathogenic/Likely pathogenic,"criteria provided, multiple submitters, no conflicts",P,2016-08-15,LP,2021-12-21,2,2,True,toward_benign,2016.0,2021.0
6689,CUBN,NM_001081.4(CUBN):c.3890C>T (p.Pro1297Leu),P1297L,single nucleotide variant,missense variant,Pathogenic/Likely pathogenic,"criteria provided, multiple submitters, no conflicts",P,2000-07-15,LP,2024-03-15,4,4,True,toward_benign,2000.0,2024.0
631630,CUBN,NM_001081.4(CUBN):c.4837C>T (p.Arg1613Ter),R1613*,single nucleotide variant,nonsense,Pathogenic/Likely pathogenic,"criteria provided, multiple submitters, no conflicts",P,2022-05-26,LP,2024-03-02,2,2,True,toward_benign,2022.0,2024.0
2960213,CUBN,NM_001081.4(CUBN):c.6276C>A (p.Cys2092Ter),C2092*,single nucleotide variant,nonsense,Pathogenic/Likely pathogenic,"criteria provided, multiple submitters, no conflicts",P,2023-02-03,LP,2024-01-05,2,2,True,toward_benign,2023.0,2024.0
1805548,CUBN,NM_001081.4(CUBN):c.6894_6901dup (p.Leu2301Ter),L2301*,Duplication,nonsense|frameshift variant,Pathogenic/Likely pathogenic,"criteria provided, multiple submitters, no conflicts",P,2020-05-21,LP,2024-02-20,2,2,True,toward_benign,2020.0,2024.0
936927,CUBN,NM_001081.4(CUBN):c.7095G>A (p.Trp2365Ter),W2365*,single nucleotide variant,nonsense,Pathogenic/Likely pathogenic,"criteria provided, multiple submitters, no conflicts",P,2021-01-12,LP,2021-07-27,2,2,True,toward_benign,2021.0,2021.0
2899860,CUBN,NM_001081.4(CUBN):c.7471dup (p.Thr2491fs),T2491fs,Duplication,frameshift variant,Pathogenic/Likely pathogenic,"criteria provided, multiple submitters, no conflicts",P,2023-02-27,LP,2024-05-18,2,2,True,toward_benign,2023.0,2024.0
1179174,CUBN,NM_001081.4(CUBN):c.8463G>A (p.Trp2821Ter),W2821*,single nucleotide variant,nonsense,Pathogenic/Likely pathogenic,"criteria provided, multiple submitters, no conflicts",P,2021-06-30,LP,2025-12-09,3,3,True,toward_benign,2021.0,2025.0
635443,INF2,NM_022489.4(INF2):c.640C>T (p.Arg214Cys),R214C,single nucleotide variant,missense variant,Pathogenic/Likely pathogenic,"criteria provided, multiple submitters, no conflicts",P,2018-11-09,LP,2025-10-08,8,8,True,toward_benign,2018.0,2025.0
208455,ITGA3,NM_002204.4(ITGA3):c.1387C>T (p.Arg463Trp),R463W,single nucleotide variant,missense variant,Likely pathogenic,"criteria provided, single submitter",P,2015-07-01,LP,2021-08-16,2,2,True,toward_benign,2015.0,2021.0
35572,ITGA3,NM_002204.4(ITGA3):c.1883G>C (p.Arg628Pro),R628P,single nucleotide variant,missense variant,Pathogenic/Likely pathogenic,no assertion criteria provided,P,2012-04-19,LP,2017-11-10,2,2,True,toward_benign,2012.0,2017.0
2878836,ITGB4,NM_000213.5(ITGB4):c.1614del (p.Glu537_Tyr538insTer),,Deletion,nonsense|frameshift variant,Pathogenic/Likely pathogenic,"criteria provided, multiple submitters, no conflicts",P,2023-10-26,LP,2024-03-05,2,2,True,toward_benign,2023.0,2024.0
14735,ITGB4,NM_000213.5(ITGB4):c.1684T>C (p.Cys562Arg),C562R,single nucleotide variant,missense variant,Likely pathogenic,"criteria provided, single submitter",P,1998-11-01,LP,2024-10-17,2,2,True,toward_benign,1998.0,2024.0
2869842,ITGB4,NM_000213.5(ITGB4):c.1860G>A (p.Ala620=),,single nucleotide variant,synonymous variant,Pathogenic/Likely pathogenic,"criteria provided, multiple submitters, no conflicts",P,2024-02-03,LP,2024-06-22,2,2,True,toward_benign,2024.0,2024.0
1723026,ITGB4,NM_000213.5(ITGB4):c.2254+1G>T,,single nucleotide variant,splice donor variant,Pathogenic/Likely pathogenic,"criteria provided, multiple submitters, no conflicts",P,2022-11-04,LP,2025-01-14,3,3,True,toward_benign,2022.0,2025.0
1048065,ITGB4,NM_000213.5(ITGB4):c.2633+1G>A,,single nucleotide variant,splice donor variant,Pathogenic/Likely pathogenic,"criteria provided, multiple submitters, no conflicts",P,2018-11-26,LP,2023-10-25,2,2,True,toward_benign,2018.0,2023.0
14742,ITGB4,NM_000213.5(ITGB4):c.3841C>T (p.Arg1281Trp),R1281W,single nucleotide variant,missense variant|intron variant,Pathogenic/Likely pathogenic,"criteria provided, multiple submitters, no conflicts",P,2001-12-01,LP,2024-05-02,4,4,True,toward_benign,2001.0,2024.0
2913409,ITGB4,NM_000213.5(ITGB4):c.4355dup (p.Ser1454fs),"S1384fs, S1454fs",Duplication,frameshift variant|intron variant,Pathogenic/Likely pathogenic,"criteria provided, multiple submitters, no conflicts",P,2024-02-14,LP,2024-06-18,2,2,True,toward_benign,2024.0,2024.0
817024,ITGB4,NM_000213.5(ITGB4):c.4635_4636del (p.Arg1545fs),"R1475fs, R1528fs, R1545fs",Microsatellite,frameshift variant|intron variant,Pathogenic/Likely pathogenic,"criteria provided, multiple submitters, no conflicts",P,2018-12-27,LP,2022-04-26,2,2,True,toward_benign,2018.0,2022.0
2872718,ITGB4,NM_000213.5(ITGB4):c.5058_5064del (p.Ala1687fs),"A1617fs, A1687fs, A1670fs, A1567fs",Deletion,frameshift variant|intron variant,Pathogenic/Likely pathogenic,"criteria provided, multiple submitters, no conflicts",P,2024-01-11,LP,2024-05-01,2,2,True,toward_benign,2024.0,2024.0
3002284,ITGB4,NM_000213.5(ITGB4):c.5257C>T (p.Gln1753Ter),"Q1736*, Q1753*, Q1683*, Q1633*",single nucleotide variant,nonsense|intron variant,Pathogenic/Likely pathogenic,"criteria provided, multiple submitters, no conflicts",P,2023-09-06,LP,2024-05-13,2,2,True,toward_benign,2023.0,2024.0
2713609,ITGB4,NM_000213.5(ITGB4):c.614del (p.Asn205fs),N205fs,Deletion,frameshift variant,Pathogenic/Likely pathogenic,"criteria provided, multiple submitters, no conflicts",P,2023-08-16,LP,2024-04-10,2,2,True,toward_benign,2023.0,2024.0
1048060,ITGB4,NM_000213.5(ITGB4):c.847C>T (p.Arg283Cys),R283C,single nucleotide variant,missense variant,Pathogenic/Likely pathogenic,"criteria provided, multiple submitters, no conflicts",P,2013-03-25,LP,2026-03-13,2,2,True,toward_benign,2013.0,2026.0
1048061,ITGB4,NM_000213.5(ITGB4):c.997T>G (p.Tyr333Asp),Y333D,single nucleotide variant,missense variant,Pathogenic/Likely pathogenic,"criteria provided, multiple submitters, no conflicts",P,2018-12-04,LP,2024-04-20,2,2,True,toward_benign,2018.0,2024.0
2681760,LAMB2,NM_002292.4(LAMB2):c.1405C>T (p.Arg469Ter),R469*,single nucleotide variant,nonsense,Pathogenic/Likely pathogenic,"criteria provided, multiple submitters, no conflicts",P,2023-12-01,LP,2024-02-08,2,2,True,toward_benign,2023.0,2024.0
1032809,LAMB2,NM_002292.4(LAMB2):c.2344+1G>A,,single nucleotide variant,splice donor variant,Pathogenic/Likely pathogenic,"criteria provided, multiple submitters, no conflicts",P,2018-12-18,LP,2025-12-17,2,2,True,toward_benign,2018.0,2025.0
29774,LAMB2,NM_002292.4(LAMB2):c.440A>G (p.His147Arg),H147R,single nucleotide variant,missense variant,Pathogenic/Likely pathogenic,"criteria provided, multiple submitters, no conflicts",P,2011-06-01,LP,2025-03-25,4,4,True,toward_benign,2011.0,2025.0
449551,LAMB2,NM_002292.4(LAMB2):c.4573+1G>A,,single nucleotide variant,splice donor variant,Pathogenic/Likely pathogenic,"criteria provided, multiple submitters, no conflicts",P,2017-08-23,LP,2023-10-05,2,2,True,toward_benign,2017.0,2023.0
1686687,LAMB2,NM_002292.4(LAMB2):c.4822C>T (p.Gln1608Ter),Q1608*,single nucleotide variant,nonsense,Pathogenic/Likely pathogenic,"criteria provided, multiple submitters, no conflicts",P,2022-05-20,LP,2024-01-03,2,2,True,toward_benign,2022.0,2024.0
14534,LAMB2,NM_002292.4(LAMB2):c.737G>A (p.Arg246Gln),R246Q,single nucleotide variant,missense variant,Likely pathogenic,"criteria provided, single submitter",P,2006-09-01,LP,2024-03-19,2,2,True,toward_benign,2006.0,2024.0
2136808,LMX1B,NM_001174147.2(LMX1B):c.175T>C (p.Cys59Arg),C59R,single nucleotide variant,missense variant,Pathogenic,"criteria provided, single submitter",P,2022-10-13,LP,2023-10-20,2,2,True,toward_benign,2022.0,2023.0
7006,LMX1B,NM_001174147.2(LMX1B):c.691C>T (p.Arg231Ter),R231*,single nucleotide variant,nonsense,Pathogenic/Likely pathogenic,"criteria provided, multiple submitters, no conflicts",P,1998-07-01,LP,2025-12-11,6,6,True,toward_benign,1998.0,2025.0
2828948,LMX1B,NM_001174147.2(LMX1B):c.776dup (p.Ser259fs),S259fs,Duplication,frameshift variant,Pathogenic/Likely pathogenic,"criteria provided, multiple submitters, no conflicts",P,2023-01-15,LP,2023-12-21,2,2,True,toward_benign,2023.0,2023.0
7000,LMX1B,NM_001174147.2(LMX1B):c.807C>A (p.Asn269Lys),N269K,single nucleotide variant,missense variant,Pathogenic/Likely pathogenic,"criteria provided, multiple submitters, no conflicts",P,1998-05-01,LP,2024-05-10,3,3,True,toward_benign,1998.0,2024.0
9734,MTTL1,NC_012920.1(MT-ND1):m.3946G>A,,single nucleotide variant,,Likely pathogenic,reviewed by expert panel,P,2004-10-01,LP,2025-05-22,9,9,True,toward_benign,2004.0,2025.0
689856,MTTL1,NC_012920.1(MT-TL1):m.3243A>T,,single nucleotide variant,,Likely pathogenic,reviewed by expert panel,P,2019-07-12,LP,2025-11-18,6,6,True,toward_benign,2019.0,2025.0
9595,MTTL1,NC_012920.1(MT-TL1):m.3251A>G,,single nucleotide variant,,Likely pathogenic,reviewed by expert panel,P,1996-03-01,LP,2024-04-22,4,4,True,toward_benign,1996.0,2024.0
9594,MTTL1,NC_012920.1(MT-TL1):m.3252A>G,,single nucleotide variant,,Likely pathogenic,reviewed by expert panel,P,1993-12-01,LP,2024-09-09,4,4,True,toward_benign,1993.0,2024.0
689861,MTTL1,NC_012920.1(MT-TL1):m.3255G>A,,single nucleotide variant,,Likely pathogenic,reviewed by expert panel,P,2019-07-12,LP,2024-04-22,3,3,True,toward_benign,2019.0,2024.0
9591,MTTL1,NC_012920.1(MT-TL1):m.3256C>T,,single nucleotide variant,,Likely pathogenic,reviewed by expert panel,P,1998-03-01,LP,2022-08-08,5,4,True,toward_benign,1998.0,2022.0
9596,MTTL1,NC_012920.1(MT-TL1):m.3260A>G,,single nucleotide variant,,Likely pathogenic,reviewed by expert panel,P,1994-03-01,LP,2023-05-22,4,4,True,toward_benign,1994.0,2023.0
223247,MTTL1,NC_012920.1(MT-TL1):m.3291T>C,,single nucleotide variant,,Likely pathogenic,reviewed by expert panel,P,2019-07-12,LP,2025-10-22,8,8,True,toward_benign,2019.0,2025.0
689871,MTTL1,NC_012920.1(MT-TL1):m.3302A>G,,single nucleotide variant,,Likely pathogenic,reviewed by expert panel,P,2019-07-12,LP,2024-07-11,6,5,True,toward_benign,2019.0,2024.0
9592,MTTL1,NC_012920.1(MT-TL1):m.3303C>T,,single nucleotide variant,,Likely pathogenic,reviewed by expert panel,P,1999-08-01,LP,2023-01-09,4,4,True,toward_benign,1999.0,2023.0
623108,MYH9,NM_002473.6(MYH9):c.2152C>T (p.Arg718Trp),R718W,single nucleotide variant,missense variant,Pathogenic/Likely pathogenic,"criteria provided, multiple submitters, no conflicts",P,2018-12-12,LP,2025-12-15,8,8,True,toward_benign,2018.0,2025.0
14075,MYH9,NM_002473.6(MYH9):c.279C>G (p.Asn93Lys),N93K,single nucleotide variant,missense variant,Pathogenic/Likely pathogenic,"criteria provided, multiple submitters, no conflicts",P,2000-09-01,LP,2025-02-07,5,5,True,toward_benign,2000.0,2025.0
14084,MYH9,NM_002473.6(MYH9):c.3195_3215del (p.Gln1068_Leu1074del),,Deletion,inframe_deletion,Likely pathogenic,"criteria provided, single submitter",P,2009-07-01,LP,2024-11-19,2,2,True,toward_benign,2009.0,2024.0
38966,MYH9,NM_002473.6(MYH9):c.4270G>T (p.Asp1424Tyr),D1424Y,single nucleotide variant,missense variant,Pathogenic/Likely pathogenic,"criteria provided, multiple submitters, no conflicts",P,2018-12-12,LP,2025-05-05,5,5,True,toward_benign,2018.0,2025.0
1970777,NPHS1,NM_004646.3(NPHS1):c.1172_1181del,,Deletion,,Pathogenic/Likely pathogenic,"criteria provided, multiple submitters, no conflicts",P,2022-02-27,LP,2025-05-21,2,2,True,toward_benign,2022.0,2025.0
2875906,NPHS1,NM_004646.4(NPHS1):c.103del (p.Trp35fs),W35fs,Deletion,frameshift variant,Pathogenic/Likely pathogenic,"criteria provided, multiple submitters, no conflicts",P,2023-10-14,LP,2024-01-17,2,2,True,toward_benign,2023.0,2024.0
836621,NPHS1,NM_004646.4(NPHS1):c.1172del,,Deletion,splice acceptor variant,Pathogenic/Likely pathogenic,"criteria provided, multiple submitters, no conflicts",P,2023-04-08,LP,2024-02-25,2,2,True,toward_benign,2023.0,2024.0
2736164,NPHS1,NM_004646.4(NPHS1):c.1531dup (p.Arg511fs),R511fs,Duplication,frameshift variant,Pathogenic/Likely pathogenic,"criteria provided, multiple submitters, no conflicts",P,2023-07-06,LP,2024-02-04,2,2,True,toward_benign,2023.0,2024.0
2760285,NPHS1,NM_004646.4(NPHS1):c.163_164insA (p.Val55fs),V55fs,Insertion,frameshift variant,Pathogenic/Likely pathogenic,"criteria provided, multiple submitters, no conflicts",P,2023-09-12,LP,2025-10-17,2,2,True,toward_benign,2023.0,2025.0
2011354,NPHS1,NM_004646.4(NPHS1):c.1831C>T (p.Gln611Ter),Q611*,single nucleotide variant,nonsense,Pathogenic/Likely pathogenic,"criteria provided, multiple submitters, no conflicts",P,2022-07-04,LP,2024-05-16,2,2,True,toward_benign,2022.0,2024.0
56457,NPHS1,NM_004646.4(NPHS1):c.1954C>T (p.Gln652Ter),Q652*,single nucleotide variant,nonsense,Pathogenic/Likely pathogenic,"criteria provided, multiple submitters, no conflicts",P,2021-07-31,LP,2025-06-17,6,6,True,toward_benign,2021.0,2025.0
1451777,NPHS1,NM_004646.4(NPHS1):c.2090_2094del (p.Arg697fs),R697fs,Microsatellite,frameshift variant,Pathogenic/Likely pathogenic,"criteria provided, multiple submitters, no conflicts",P,2023-03-08,LP,2025-03-10,2,2,True,toward_benign,2023.0,2025.0
2119852,NPHS1,NM_004646.4(NPHS1):c.2135_2136del (p.Ala712fs),A712fs,Microsatellite,frameshift variant,Pathogenic/Likely pathogenic,"criteria provided, multiple submitters, no conflicts",P,2022-03-31,LP,2024-03-22,2,2,True,toward_benign,2022.0,2024.0
2835013,NPHS1,NM_004646.4(NPHS1):c.2137del (p.Asp713fs),D713fs,Deletion,frameshift variant,Pathogenic/Likely pathogenic,"criteria provided, multiple submitters, no conflicts",P,2023-11-19,LP,2024-06-05,2,2,True,toward_benign,2023.0,2024.0
3014361,NPHS1,NM_004646.4(NPHS1):c.2199dup (p.Leu734fs),L734fs,Duplication,frameshift variant,Pathogenic/Likely pathogenic,"criteria provided, multiple submitters, no conflicts",P,2023-06-04,LP,2024-06-25,2,2,True,toward_benign,2023.0,2024.0
430877,NPHS1,NM_004646.4(NPHS1):c.2206G>A (p.Val736Met),V736M,single nucleotide variant,missense variant,Likely pathogenic,"criteria provided, single submitter",P,2017-01-06,LP,2024-02-12,2,2,True,toward_benign,2017.0,2024.0
1975587,NPHS1,NM_004646.4(NPHS1):c.225del (p.Arg76fs),R76fs,Deletion,frameshift variant,Pathogenic/Likely pathogenic,"criteria provided, multiple submitters, no conflicts",P,2022-05-16,LP,2024-04-16,3,3,True,toward_benign,2022.0,2024.0
3583684,NPHS1,NM_004646.4(NPHS1):c.2347G>T (p.Glu783Ter),E783*,single nucleotide variant,nonsense,Pathogenic/Likely pathogenic,"criteria provided, multiple submitters, no conflicts",P,2024-02-02,LP,2025-12-15,3,3,True,toward_benign,2024.0,2025.0
2677297,NPHS1,NM_004646.4(NPHS1):c.2411_2412del (p.His804fs),H804fs,Deletion,frameshift variant,Pathogenic/Likely pathogenic,"criteria provided, multiple submitters, no conflicts",P,2022-12-20,LP,2023-08-19,2,2,True,toward_benign,2022.0,2023.0
1073228,NPHS1,NM_004646.4(NPHS1):c.2686C>T (p.Gln896Ter),Q896*,single nucleotide variant,nonsense,Pathogenic/Likely pathogenic,"criteria provided, multiple submitters, no conflicts",P,2022-02-05,LP,2024-05-22,2,2,True,toward_benign,2022.0,2024.0
2978206,NPHS1,NM_004646.4(NPHS1):c.2686del (p.Gln896fs),Q896fs,Deletion,frameshift variant,Pathogenic/Likely pathogenic,"criteria provided, multiple submitters, no conflicts",P,2023-10-22,LP,2023-11-21,2,2,True,toward_benign,2023.0,2023.0
1726021,NPHS1,NM_004646.4(NPHS1):c.295G>T (p.Glu99Ter),E99*,single nucleotide variant,nonsense,Pathogenic/Likely pathogenic,"criteria provided, multiple submitters, no conflicts",P,2021-12-24,LP,2022-05-04,2,2,True,toward_benign,2021.0,2022.0
1950836,NPHS1,NM_004646.4(NPHS1):c.2T>C (p.Met1Thr),M1T,single nucleotide variant,missense variant|initiator_codon_variant,Pathogenic/Likely pathogenic,"criteria provided, multiple submitters, no conflicts",P,2022-01-24,LP,2025-03-17,2,2,True,toward_benign,2022.0,2025.0
851701,NPHS1,NM_004646.4(NPHS1):c.3335del (p.Asn1112fs),N1112fs,Deletion,frameshift variant,Pathogenic/Likely pathogenic,"criteria provided, multiple submitters, no conflicts",P,2021-03-24,LP,2026-01-05,3,3,True,toward_benign,2021.0,2026.0
1389608,NPHS1,NM_004646.4(NPHS1):c.44_45dup (p.Leu16fs),L16fs,Duplication,frameshift variant,Pathogenic/Likely pathogenic,"criteria provided, multiple submitters, no conflicts",P,2023-05-21,LP,2025-08-07,5,5,True,toward_benign,2023.0,2025.0
1457104,NPHS1,NM_004646.4(NPHS1):c.450G>A (p.Trp150Ter),W150*,single nucleotide variant,nonsense,Pathogenic/Likely pathogenic,"criteria provided, multiple submitters, no conflicts",P,2021-04-23,LP,2024-03-12,2,2,True,toward_benign,2021.0,2024.0
1805064,NPHS1,NM_004646.4(NPHS1):c.542_543del (p.Ile180_Ser181insTer),,Deletion,frameshift variant|nonsense,Pathogenic/Likely pathogenic,"criteria provided, multiple submitters, no conflicts",P,2022-02-02,LP,2024-08-07,2,2,True,toward_benign,2022.0,2024.0
56517,NPHS1,NM_004646.4(NPHS1):c.609-2A>C,,single nucleotide variant,splice acceptor variant,Likely pathogenic,"criteria provided, single submitter",P,2018-05-31,LP,2019-02-18,3,3,True,toward_benign,2018.0,2019.0
1301890,NPHS1,NM_004646.4(NPHS1):c.621del (p.Ser208fs),S208fs,Deletion,frameshift variant,Pathogenic/Likely pathogenic,"criteria provided, multiple submitters, no conflicts",P,2020-10-30,LP,2024-03-19,2,2,True,toward_benign,2020.0,2024.0
1072444,NPHS1,NM_004646.4(NPHS1):c.671dup (p.Glu225fs),E225fs,Duplication,frameshift variant,Pathogenic/Likely pathogenic,"criteria provided, multiple submitters, no conflicts",P,2020-01-21,LP,2024-01-03,3,3,True,toward_benign,2020.0,2024.0
2999881,NPHS1,NM_004646.4(NPHS1):c.713-1G>A,,single nucleotide variant,splice acceptor variant,Pathogenic/Likely pathogenic,"criteria provided, multiple submitters, no conflicts",P,2023-04-28,LP,2024-03-14,2,2,True,toward_benign,2023.0,2024.0
6874,NPHS1,NM_004646.4(NPHS1):c.793T>C (p.Cys265Arg),C265R,single nucleotide variant,missense variant,Likely pathogenic,"criteria provided, single submitter",P,2009-08-15,LP,2025-04-24,2,2,True,toward_benign,2009.0,2025.0
1459549,NPHS1,NM_004646.4(NPHS1):c.795C>A (p.Cys265Ter),C265*,single nucleotide variant,nonsense,Pathogenic/Likely pathogenic,"criteria provided, multiple submitters, no conflicts",P,2021-03-06,LP,2023-07-22,2,2,True,toward_benign,2021.0,2023.0
2135796,NPHS1,NM_004646.4(NPHS1):c.803del (p.Arg268fs),R268fs,Deletion,frameshift variant,Pathogenic/Likely pathogenic,"criteria provided, multiple submitters, no conflicts",P,2022-05-09,LP,2025-01-27,2,2,True,toward_benign,2022.0,2025.0
56523,NPHS1,NM_004646.4(NPHS1):c.808G>T (p.Gly270Cys),G270C,single nucleotide variant,missense variant,Pathogenic/Likely pathogenic,"criteria provided, multiple submitters, no conflicts",P,2017-10-04,LP,2025-05-21,6,6,True,toward_benign,2017.0,2025.0
1438822,NPHS1,NM_004646.4(NPHS1):c.816del (p.Pro272_Leu273insTer),,Deletion,frameshift variant,Pathogenic/Likely pathogenic,"criteria provided, multiple submitters, no conflicts",P,2021-08-03,LP,2024-06-01,2,2,True,toward_benign,2021.0,2024.0
1068472,NPHS2,NM_014625.4(NPHS2):c.1032del (p.Phe344fs),"F276fs, F344fs",Deletion,frameshift variant|intron variant,Pathogenic/Likely pathogenic,"criteria provided, multiple submitters, no conflicts",P,2020-12-27,LP,2023-08-28,5,5,True,toward_benign,2020.0,2023.0
2677345,NPHS2,NM_014625.4(NPHS2):c.293_294del (p.Leu98fs),L98fs,Deletion,frameshift variant,Pathogenic/Likely pathogenic,"criteria provided, multiple submitters, no conflicts",P,2023-01-14,LP,2025-08-03,4,4,True,toward_benign,2023.0,2025.0
1939980,NPHS2,NM_014625.4(NPHS2):c.370T>C (p.Cys124Arg),C124R,single nucleotide variant,missense variant,Pathogenic/Likely pathogenic,"criteria provided, multiple submitters, no conflicts",P,2023-05-19,LP,2023-06-21,2,2,True,toward_benign,2023.0,2023.0
553168,NPHS2,NM_014625.4(NPHS2):c.378+1G>A,,single nucleotide variant,splice donor variant,Pathogenic/Likely pathogenic,"criteria provided, multiple submitters, no conflicts",P,2017-07-31,LP,2024-05-13,5,5,True,toward_benign,2017.0,2024.0
5367,NPHS2,NM_014625.4(NPHS2):c.479A>G (p.Asp160Gly),D160G,single nucleotide variant,missense variant,Likely pathogenic,"criteria provided, single submitter",P,2000-04-01,LP,2024-02-23,2,2,True,toward_benign,2000.0,2024.0
2183604,NPHS2,NM_014625.4(NPHS2):c.483del (p.Tyr162fs),Y162fs,Deletion,frameshift variant,Pathogenic/Likely pathogenic,"criteria provided, multiple submitters, no conflicts",P,2023-08-10,LP,2025-06-13,3,3,True,toward_benign,2023.0,2025.0
2019724,NPHS2,NM_014625.4(NPHS2):c.62_63insG (p.His21fs),H21fs,Insertion,frameshift variant,Pathogenic/Likely pathogenic,"criteria provided, multiple submitters, no conflicts",P,2022-07-26,LP,2022-12-31,2,2,True,toward_benign,2022.0,2022.0
2502066,NPHS2,NM_014625.4(NPHS2):c.705_713del (p.Leu236_Arg238del),,Deletion,inframe_deletion|intron variant,Pathogenic/Likely pathogenic,"criteria provided, multiple submitters, no conflicts",P,2022-11-12,LP,2025-05-16,3,3,True,toward_benign,2022.0,2025.0
1454556,NPHS2,NM_014625.4(NPHS2):c.738+1del,,Deletion,intron variant|splice donor variant,Pathogenic/Likely pathogenic,"criteria provided, multiple submitters, no conflicts",P,2021-05-31,LP,2025-05-15,2,2,True,toward_benign,2021.0,2025.0
224482,NPHS2,NM_014625.4(NPHS2):c.812C>T (p.Pro271Leu),"P271L, P203L",single nucleotide variant,missense variant|intron variant,Likely pathogenic,"criteria provided, single submitter",P,2016-01-01,LP,2024-09-22,2,2,True,toward_benign,2016.0,2024.0
635471,NPHS2,NM_014625.4(NPHS2):c.823dup (p.Gln275fs),"Q275fs, Q207fs",Duplication,frameshift variant|intron variant,Likely pathogenic,"criteria provided, single submitter",P,2019-01-17,LP,2024-05-07,2,2,True,toward_benign,2019.0,2024.0
219130,NUP107,NM_020401.4(NUP107):c.469G>T (p.Asp157Tyr),"D157Y, D128Y",single nucleotide variant,missense variant,Likely pathogenic,"criteria provided, single submitter",P,2015-10-01,LP,2022-09-01,2,2,True,toward_benign,2015.0,2022.0
1451782,SCARB2,NM_005506.4(SCARB2):c.235del (p.Glu79fs),E79fs,Deletion,frameshift variant,Pathogenic/Likely pathogenic,"criteria provided, multiple submitters, no conflicts",P,2021-06-07,LP,2022-08-24,2,2,True,toward_benign,2021.0,2022.0
2088984,SCARB2,NM_005506.4(SCARB2):c.88C>T (p.Gln30Ter),Q30*,single nucleotide variant,nonsense,Pathogenic/Likely pathogenic,"criteria provided, multiple submitters, no conflicts",P,2022-06-02,LP,2024-01-18,2,2,True,toward_benign,2022.0,2024.0
2743129,SMARCAL1,NM_014140.4(SMARCAL1):c.1051C>T (p.Gln351Ter),Q351*,single nucleotide variant,nonsense,Pathogenic/Likely pathogenic,"criteria provided, multiple submitters, no conflicts",P,2023-09-26,LP,2024-09-09,3,3,True,toward_benign,2023.0,2024.0
2908728,SMARCAL1,NM_014140.4(SMARCAL1):c.1097_1098del (p.Asp366fs),D366fs,Deletion,frameshift variant,Pathogenic/Likely pathogenic,"criteria provided, multiple submitters, no conflicts",P,2022-11-23,LP,2024-04-16,2,2,True,toward_benign,2022.0,2024.0
827736,SMARCAL1,NM_014140.4(SMARCAL1):c.1146_1147+2del,,Deletion,splice donor variant,Pathogenic/Likely pathogenic,"criteria provided, multiple submitters, no conflicts",P,2004-12-01,LP,2023-11-20,4,4,True,toward_benign,2004.0,2023.0
2876809,SMARCAL1,NM_014140.4(SMARCAL1):c.126dup (p.Ala43fs),A43fs,Duplication,frameshift variant,Pathogenic/Likely pathogenic,"criteria provided, multiple submitters, no conflicts",P,2023-07-15,LP,2024-04-15,2,2,True,toward_benign,2023.0,2024.0
504092,SMARCAL1,NM_014140.4(SMARCAL1):c.1483C>T (p.Gln495Ter),Q495*,single nucleotide variant,nonsense,Pathogenic/Likely pathogenic,"criteria provided, multiple submitters, no conflicts",P,2018-02-20,LP,2022-04-14,2,2,True,toward_benign,2018.0,2022.0
1418313,SMARCAL1,NM_014140.4(SMARCAL1):c.1727del (p.Ile576fs),I576fs,Deletion,frameshift variant,Pathogenic,"criteria provided, single submitter",P,2021-10-25,LP,2023-11-30,2,2,True,toward_benign,2021.0,2023.0
2914549,SMARCAL1,NM_014140.4(SMARCAL1):c.1881del (p.Ser628fs),S628fs,Deletion,frameshift variant,Pathogenic/Likely pathogenic,"criteria provided, multiple submitters, no conflicts",P,2024-01-22,LP,2024-05-17,2,2,True,toward_benign,2024.0,2024.0
1457631,SMARCAL1,NM_014140.4(SMARCAL1):c.1931G>A (p.Arg644Gln),R644Q,single nucleotide variant,missense variant,Pathogenic/Likely pathogenic,"criteria provided, multiple submitters, no conflicts",P,2023-11-28,LP,2024-12-22,2,2,True,toward_benign,2023.0,2024.0
4175,SMARCAL1,NM_014140.4(SMARCAL1):c.1933C>T (p.Arg645Cys),R645C,single nucleotide variant,missense variant,Pathogenic/Likely pathogenic,"criteria provided, multiple submitters, no conflicts",P,2002-02-01,LP,2025-12-08,4,4,True,toward_benign,2002.0,2025.0
599161,SMARCAL1,NM_014140.4(SMARCAL1):c.2427+1G>A,,single nucleotide variant,splice donor variant,Likely pathogenic,"criteria provided, multiple submitters, no conflicts",P,2018-08-21,LP,2024-12-13,4,4,True,toward_benign,2018.0,2024.0
2766424,SMARCAL1,NM_014140.4(SMARCAL1):c.427_430del (p.Leu143fs),L143fs,Deletion,frameshift variant,Pathogenic/Likely pathogenic,"criteria provided, multiple submitters, no conflicts",P,2023-10-06,LP,2024-02-12,2,2,True,toward_benign,2023.0,2024.0
1071628,SMARCAL1,NM_014140.4(SMARCAL1):c.609del (p.Asn203fs),N203fs,Deletion,frameshift variant,Pathogenic/Likely pathogenic,"criteria provided, multiple submitters, no conflicts",P,2020-04-01,LP,2025-05-12,2,2,True,toward_benign,2020.0,2025.0
1408052,SMARCAL1,NM_014140.4(SMARCAL1):c.622del (p.His208fs),H208fs,Deletion,frameshift variant,Pathogenic/Likely pathogenic,"criteria provided, multiple submitters, no conflicts",P,2024-03-07,LP,2025-07-25,3,3,True,toward_benign,2024.0,2025.0
1074171,SMARCAL1,NM_014140.4(SMARCAL1):c.641dup (p.Thr215fs),T215fs,Duplication,frameshift variant,Pathogenic/Likely pathogenic,"criteria provided, multiple submitters, no conflicts",P,2023-08-14,LP,2024-04-01,2,2,True,toward_benign,2023.0,2024.0
3028898,SMARCAL1,NM_014140.4(SMARCAL1):c.886del (p.Thr296fs),T296fs,Deletion,frameshift variant,Pathogenic/Likely pathogenic,"criteria provided, multiple submitters, no conflicts",P,2021-07-13,LP,2024-10-16,3,3,True,toward_benign,2021.0,2024.0
829823,TRPC6,NM_004621.6(TRPC6):c.524G>A (p.Arg175Gln),R175Q,single nucleotide variant,missense variant,Likely pathogenic,"criteria provided, multiple submitters, no conflicts",P,2019-04-04,LP,2025-10-03,4,4,True,toward_benign,2019.0,2025.0
208470,WDR73,NM_032856.5(WDR73):c.287G>A (p.Arg96Lys),R96K,single nucleotide variant,missense variant|non-coding transcript variant,Pathogenic/Likely pathogenic,"criteria provided, multiple submitters, no conflicts",P,2015-06-29,LP,2025-02-25,11,11,True,toward_benign,2015.0,2025.0
208468,WDR73,NM_032856.5(WDR73):c.68T>A (p.Leu23Gln),L23Q,single nucleotide variant,missense variant|non-coding transcript variant,Likely pathogenic,"criteria provided, single submitter",P,2015-06-29,LP,2016-06-22,2,2,True,toward_benign,2015.0,2016.0
208465,WDR73,NM_032856.5(WDR73):c.703C>T (p.Gln235Ter),Q235*,single nucleotide variant,nonsense|non-coding transcript variant,Pathogenic/Likely pathogenic,no assertion criteria provided,P,2015-06-01,LP,2017-11-10,2,2,True,toward_benign,2015.0,2017.0
3496,WT1,NM_024426.6(WT1):c.1297T>G (p.Cys433Gly),"C216G, C199G, C37G, C433G, C416G, C179G, C392G, C431G, C375G",single nucleotide variant,missense variant|non-coding transcript variant,Likely pathogenic,"criteria provided, single submitter",P,2016-10-18,LP,2022-04-11,2,2,True,toward_benign,2016.0,2022.0
3490,WT1,NM_024426.6(WT1):c.1405G>A (p.Asp469Asn),"D252N, D452N, D469N, D235N, D73N, D215N, D428N, D411N, D422N, D467N",single nucleotide variant,missense variant|non-coding transcript variant,Pathogenic/Likely pathogenic,"criteria provided, multiple submitters, no conflicts",P,1998-04-01,LP,2026-01-07,6,5,True,toward_benign,1998.0,2026.0
3489,WT1,NM_024426.6(WT1):c.1406A>G (p.Asp469Gly),"D252G, D452G, D469G, D73G, D235G, D428G, D215G, D422G, D467G, D411G",single nucleotide variant,missense variant|non-coding transcript variant,Likely pathogenic,"criteria provided, single submitter",P,1991-10-18,LP,2017-05-28,2,2,True,toward_benign,1991.0,2017.0
1075590,WT1,NM_024426.6(WT1):c.455del (p.Gly152fs),G152fs,Deletion,frameshift variant|non-coding transcript variant,Pathogenic/Likely pathogenic,"criteria provided, multiple submitters, no conflicts",P,2020-06-17,LP,2021-05-01,2,2,True,toward_benign,2020.0,2021.0
375345,COQ6,NM_182476.3(COQ6):c.1383del (p.Ile462fs),"I437fs, I462fs, D406fs, I282fs, I353fs, I377fs, I387fs, I401fs, I407fs, I426fs",Deletion,frameshift variant|splice acceptor variant|intron variant,Uncertain significance,"criteria provided, single submitter",P,2011-05-01,VUS,2022-07-12,3,3,True,toward_benign,2011.0,2022.0
992501,COQ6,NM_182476.3(COQ6):c.686A>C (p.Gln229Pro),"Q229P, Q204P",single nucleotide variant,missense variant|3 prime UTR variant|intron variant,Uncertain significance,"criteria provided, single submitter",P,2021-01-04,VUS,2024-12-13,2,2,True,toward_benign,2021.0,2024.0
180699,CRB2,NM_173689.7(CRB2):c.1859G>C (p.Cys620Ser),C620S,single nucleotide variant,missense variant|non-coding transcript variant,Uncertain significance,"criteria provided, single submitter",P,2015-01-08,VUS,2020-09-02,2,2,True,toward_benign,2015.0,2020.0
139531,EMP2,NM_001424.6(EMP2):c.184C>T (p.Gln62Ter),Q62*,single nucleotide variant,nonsense,Uncertain significance,"criteria provided, single submitter",P,2014-06-05,VUS,2023-04-11,2,2,True,toward_benign,2014.0,2023.0
139533,EMP2,NM_001424.6(EMP2):c.28G>A (p.Ala10Thr),A10T,single nucleotide variant,missense variant,Uncertain significance,"criteria provided, single submitter",P,2014-06-05,VUS,2021-12-18,2,2,True,toward_benign,2014.0,2021.0
1374349,FAT1,NC_000004.11:g.(?_186064527)_(187630981_?)del,,Deletion,,Pathogenic,"criteria provided, single submitter",P,2022-07-19,VUS,2022-11-01,2,1,True,toward_benign,2022.0,2022.0
446387,KANK2,NM_001136191.3(KANK2):c.541A>G (p.Ser181Gly),S181G,single nucleotide variant,missense variant,Uncertain significance,"criteria provided, single submitter",P,2018-07-18,VUS,2024-03-14,2,2,True,toward_benign,2018.0,2024.0
9593,MTTL1,NC_012920.1(MT-TL1):m.3250T>C,,single nucleotide variant,,Uncertain significance,"criteria provided, single submitter",P,1997-01-01,VUS,2019-07-12,2,2,True,toward_benign,1997.0,2019.0
9598,MTTL1,NC_012920.1(MT-TL1):m.3274A>G,,single nucleotide variant,,Uncertain significance,reviewed by expert panel,P,2001-11-27,VUS,2024-04-23,4,4,True,toward_benign,2001.0,2024.0
2425984,PDSS2,NC_000006.11:g.(?_107019871)_(110266416_?)del,,Deletion,,Uncertain significance,"criteria provided, single submitter",P,2022-02-04,VUS,2022-02-04,2,1,True,toward_benign,2022.0,2022.0
206715,SCARB2,NM_005506.4(SCARB2):c.1010T>C (p.Met337Thr),"M337T, M194T",single nucleotide variant,missense variant,Uncertain significance,"criteria provided, multiple submitters, no conflicts",P,2017-01-01,VUS,2024-08-07,6,6,True,toward_benign,2017.0,2024.0
6152,TRPC6,NM_004621.6(TRPC6):c.428A>G (p.Asn143Ser),N143S,single nucleotide variant,missense variant,Uncertain significance,"criteria provided, single submitter",P,2005-07-01,VUS,2024-12-23,4,4,True,toward_benign,2005.0,2024.0
522510,CUBN,NM_001081.4(CUBN):c.6225G>A (p.Ser2075=),,single nucleotide variant,synonymous variant,Benign/Likely benign,"criteria provided, multiple submitters, no conflicts",VUS,2017-10-09,B,2025-10-29,4,4,True,toward_benign,2017.0,2025.0
1168111,FAT1,NM_005245.4(FAT1):c.8991G>A (p.Thr2997=),,single nucleotide variant,synonymous variant,Benign,"criteria provided, multiple submitters, no conflicts",VUS,2021-07-22,B,2025-12-25,3,3,True,toward_benign,2021.0,2025.0
599110,INF2,NM_022489.4(INF2):c.1640G>A (p.Gly547Asp),G547D,single nucleotide variant,missense variant,Benign/Likely benign,"criteria provided, multiple submitters, no conflicts",VUS,2018-04-18,B,2025-11-26,5,5,True,toward_benign,2018.0,2025.0
370045,MTTL1,NC_012920.1(MT-TL1):m.3275C>T,,single nucleotide variant,,Benign,"criteria provided, single submitter",VUS,2016-11-21,B,2019-07-12,5,2,True,toward_benign,2016.0,2019.0
731371,NPHS1,NM_004646.4(NPHS1):c.1170+9G>A,,single nucleotide variant,intron variant,Benign,"criteria provided, single submitter",VUS,2020-01-17,B,2026-01-26,2,2,True,toward_benign,2020.0,2026.0
727269,NPHS1,NM_004646.4(NPHS1):c.2072-6C>T,,single nucleotide variant,intron variant,Benign/Likely benign,"criteria provided, multiple submitters, no conflicts",VUS,2020-01-07,B,2026-01-31,3,3,True,toward_benign,2020.0,2026.0
715324,NPHS1,NM_004646.4(NPHS1):c.3702C>T (p.Phe1234=),,single nucleotide variant,synonymous variant,Benign,"criteria provided, single submitter",VUS,2020-03-10,B,2026-01-19,2,2,True,toward_benign,2020.0,2026.0
733404,NPHS1,NM_004646.4(NPHS1):c.396G>C (p.Leu132=),,single nucleotide variant,synonymous variant,Benign,"criteria provided, single submitter",VUS,2020-01-24,B,2026-01-25,2,2,True,toward_benign,2020.0,2026.0
760447,SMARCAL1,NM_014140.4(SMARCAL1):c.2649C>T (p.Tyr883=),,single nucleotide variant,synonymous variant,Benign,"criteria provided, single submitter",VUS,2020-01-24,B,2026-01-06,2,2,True,toward_benign,2020.0,2026.0
3045927,CRB2,NM_173689.7(CRB2):c.2758G>T (p.Val920Leu),V920L,single nucleotide variant,missense variant|non-coding transcript variant,Likely benign,"criteria provided, single submitter",VUS,2023-12-19,LB,2025-01-30,2,2,True,toward_benign,2023.0,2025.0
1397683,CUBN,NM_001081.4(CUBN):c.3988C>T (p.His1330Tyr),H1330Y,single nucleotide variant,missense variant,Uncertain significance,"criteria provided, multiple submitters, no conflicts",VUS,2021-08-31,LB,2024-09-03,3,3,True,toward_benign,2021.0,2024.0
2384390,FAT1,NM_005245.4(FAT1):c.6122G>A (p.Arg2041His),R2041H,single nucleotide variant,missense variant,Uncertain significance,"criteria provided, multiple submitters, no conflicts",VUS,2021-09-01,LB,2023-05-15,3,3,True,toward_benign,2021.0,2023.0
1050086,FAT1,NM_005245.4(FAT1):c.7130C>T (p.Thr2377Met),T2377M,single nucleotide variant,missense variant,Likely benign,"criteria provided, multiple submitters, no conflicts",VUS,2021-07-22,LB,2025-12-22,5,5,True,toward_benign,2021.0,2025.0
1050997,INF2,NM_022489.4(INF2):c.2599G>A (p.Glu867Lys),E867K,single nucleotide variant,missense variant,Likely benign,"criteria provided, multiple submitters, no conflicts",VUS,2022-06-13,LB,2025-06-12,3,3,True,toward_benign,2022.0,2025.0
1311930,ITGA3,NM_002204.4(ITGA3):c.2200G>A (p.Val734Met),V734M,single nucleotide variant,missense variant,Uncertain significance,"criteria provided, multiple submitters, no conflicts",VUS,2022-06-09,LB,2024-08-26,3,3,True,toward_benign,2022.0,2024.0
891275,ITGB4,NM_000213.5(ITGB4):c.*3G>A,,single nucleotide variant,3 prime UTR variant|intron variant,Uncertain significance,"criteria provided, multiple submitters, no conflicts",VUS,2018-01-13,LB,2021-06-16,3,3,True,toward_benign,2018.0,2021.0
1301718,KANK1,NM_015158.5(KANK1):c.2615C>G (p.Ser872Cys),"S714C, S872C",single nucleotide variant,missense variant|non-coding transcript variant,Likely benign,"criteria provided, multiple submitters, no conflicts",VUS,2019-12-30,LB,2025-05-01,5,5,True,toward_benign,2019.0,2025.0
590927,MYH9,NM_002473.6(MYH9):c.3682G>A (p.Glu1228Lys),E1228K,single nucleotide variant,missense variant,Likely benign,"criteria provided, single submitter",VUS,2018-10-08,LB,2023-02-28,3,3,True,toward_benign,2018.0,2023.0
3355434,MYH9,NM_002473.6(MYH9):c.5462A>G (p.Glu1821Gly),E1821G,single nucleotide variant,missense variant,Likely benign,"criteria provided, single submitter",VUS,2024-07-11,LB,2025-03-18,2,2,True,toward_benign,2024.0,2025.0
3032337,MYH9,NM_002473.6(MYH9):c.60G>T (p.Pro20=),,single nucleotide variant,synonymous variant,Likely benign,"criteria provided, single submitter",VUS,2023-12-06,LB,2024-08-15,2,2,True,toward_benign,2023.0,2024.0
3351161,MYH9,NM_002473.6(MYH9):c.737A>G (p.Asn246Ser),N246S,single nucleotide variant,missense variant,Likely benign,"criteria provided, single submitter",VUS,2024-05-03,LB,2025-01-16,2,2,True,toward_benign,2024.0,2025.0
762193,NPHS1,NM_004646.4(NPHS1):c.1012+30C>T,,single nucleotide variant,intron variant,Likely benign,"criteria provided, single submitter",VUS,2020-01-06,LB,2023-09-08,2,2,True,toward_benign,2020.0,2023.0
730356,NPHS1,NM_004646.4(NPHS1):c.1104G>A (p.Pro368=),,single nucleotide variant,synonymous variant,Likely benign,"criteria provided, multiple submitters, no conflicts",VUS,2020-02-13,LB,2026-01-26,5,5,True,toward_benign,2020.0,2026.0
723813,NPHS1,NM_004646.4(NPHS1):c.1647G>C (p.Thr549=),,single nucleotide variant,synonymous variant,Likely benign,"criteria provided, multiple submitters, no conflicts",VUS,2020-03-10,LB,2026-01-18,3,3,True,toward_benign,2020.0,2026.0
990524,NPHS1,NM_004646.4(NPHS1):c.1893C>T (p.Arg631=),,single nucleotide variant,synonymous variant,Likely benign,"criteria provided, single submitter",VUS,2020-08-14,LB,2025-06-12,2,2,True,toward_benign,2020.0,2025.0
727772,NPHS1,NM_004646.4(NPHS1):c.219C>T (p.Pro73=),,single nucleotide variant,synonymous variant,Likely benign,"criteria provided, single submitter",VUS,2020-01-24,LB,2026-01-11,3,3,True,toward_benign,2020.0,2026.0
795520,NPHS1,NM_004646.4(NPHS1):c.2334+9C>T,,single nucleotide variant,intron variant,Likely benign,"criteria provided, single submitter",VUS,2020-03-17,LB,2026-01-28,2,2,True,toward_benign,2020.0,2026.0
796023,NPHS1,NM_004646.4(NPHS1):c.2523G>A (p.Glu841=),,single nucleotide variant,synonymous variant,Likely benign,"criteria provided, multiple submitters, no conflicts",VUS,2020-03-10,LB,2024-03-13,3,3,True,toward_benign,2020.0,2024.0
990521,NPHS1,NM_004646.4(NPHS1):c.2916G>A (p.Arg972=),,single nucleotide variant,synonymous variant,Likely benign,"criteria provided, single submitter",VUS,2020-08-14,LB,2026-01-17,2,2,True,toward_benign,2020.0,2026.0
795476,NPHS1,NM_004646.4(NPHS1):c.2970C>T (p.Val990=),,single nucleotide variant,synonymous variant,Likely benign,"criteria provided, single submitter",VUS,2020-02-13,LB,2024-03-07,2,2,True,toward_benign,2020.0,2024.0
990520,NPHS1,NM_004646.4(NPHS1):c.3111T>G (p.Gly1037=),,single nucleotide variant,synonymous variant,Likely benign,"criteria provided, single submitter",VUS,2020-08-14,LB,2024-02-07,2,2,True,toward_benign,2020.0,2024.0
554206,NPHS1,NM_004646.4(NPHS1):c.3287-11G>A,,single nucleotide variant,intron variant,Likely benign,"criteria provided, single submitter",VUS,2017-09-29,LB,2023-10-25,2,2,True,toward_benign,2017.0,2023.0
734422,NPHS2,NM_014625.4(NPHS2):c.1113G>A (p.Glu371=),,single nucleotide variant,synonymous variant|intron variant,Likely benign,"criteria provided, single submitter",VUS,2020-03-10,LB,2025-07-22,2,2,True,toward_benign,2020.0,2025.0
741300,NPHS2,NM_014625.4(NPHS2):c.452-17CTC[2],,Microsatellite,intron variant,Likely benign,"criteria provided, single submitter",VUS,2020-01-17,LB,2025-12-17,2,2,True,toward_benign,2020.0,2025.0
749073,NPHS2,NM_014625.4(NPHS2):c.615C>T (p.Ser205=),,single nucleotide variant,synonymous variant|intron variant,Likely benign,"criteria provided, single submitter",VUS,2020-05-01,LB,2026-01-26,2,2,True,toward_benign,2020.0,2026.0
989642,NPHS2,NM_014625.4(NPHS2):c.745T>C (p.Leu249=),,single nucleotide variant,3 prime UTR variant|non-coding transcript variant|synonymous variant,Likely benign,"criteria provided, single submitter",VUS,2020-08-13,LB,2020-11-14,2,2,True,toward_benign,2020.0,2020.0
752488,NPHS2,NM_014625.4(NPHS2):c.885A>G (p.Ala295=),,single nucleotide variant,synonymous variant|intron variant,Likely benign,"criteria provided, multiple submitters, no conflicts",VUS,2020-04-24,LB,2025-12-29,5,5,True,toward_benign,2020.0,2025.0
3357103,NUP205,NM_015135.3(NUP205):c.3551A>G (p.Asn1184Ser),"N1184S, N826S",single nucleotide variant,missense variant,Likely benign,"criteria provided, single submitter",VUS,2024-04-23,LB,2025-03-11,2,2,True,toward_benign,2024.0,2025.0
756485,SMARCAL1,NM_014140.4(SMARCAL1):c.1360C>T (p.Leu454=),,single nucleotide variant,synonymous variant,Likely benign,"criteria provided, single submitter",VUS,2020-02-13,LB,2026-01-02,2,2,True,toward_benign,2020.0,2026.0
738911,SMARCAL1,NM_014140.4(SMARCAL1):c.1374C>T (p.Asp458=),,single nucleotide variant,synonymous variant,Likely benign,"criteria provided, single submitter",VUS,2020-03-11,LB,2025-04-22,2,2,True,toward_benign,2020.0,2025.0
799242,SMARCAL1,NM_014140.4(SMARCAL1):c.1761C>T (p.Pro587=),,single nucleotide variant,synonymous variant,Likely benign,"criteria provided, multiple submitters, no conflicts",VUS,2020-03-10,LB,2026-01-13,3,3,True,toward_benign,2020.0,2026.0
727088,SMARCAL1,NM_014140.4(SMARCAL1):c.1948G>A (p.Val650Ile),V650I,single nucleotide variant,missense variant,Likely benign,"criteria provided, single submitter",VUS,2020-01-24,LB,2026-01-13,2,2,True,toward_benign,2020.0,2026.0
1979322,SMARCAL1,NM_014140.4(SMARCAL1):c.2529-7C>G,,single nucleotide variant,intron variant,Likely benign,"criteria provided, single submitter",VUS,2025-04-12,LB,2025-12-27,2,2,True,toward_benign,2025.0,2025.0
532003,SMARCAL1,NM_014140.4(SMARCAL1):c.735C>T (p.Gly245=),,single nucleotide variant,synonymous variant,Likely benign,"criteria provided, multiple submitters, no conflicts",VUS,2019-11-11,LB,2026-01-14,3,3,True,toward_benign,2019.0,2026.0
991595,SMARCAL1,NM_014140.4(SMARCAL1):c.780A>G (p.Ala260=),,single nucleotide variant,synonymous variant,Likely benign,"criteria provided, single submitter",VUS,2020-08-13,LB,2023-05-19,2,2,True,toward_benign,2020.0,2023.0
972602,SMARCAL1,NM_014140.4(SMARCAL1):c.888G>A (p.Thr296=),,single nucleotide variant,synonymous variant,Likely benign,"criteria provided, single submitter",VUS,2020-03-10,LB,2025-11-12,2,2,True,toward_benign,2020.0,2025.0
988134,TRPC6,NM_004621.6(TRPC6):c.1611C>T (p.Phe537=),,single nucleotide variant,synonymous variant,Likely benign,"criteria provided, single submitter",VUS,2018-10-24,LB,2024-08-28,2,2,True,toward_benign,2018.0,2024.0
522503,TRPC6,NM_004621.6(TRPC6):c.673C>G (p.Leu225Val),L225V,single nucleotide variant,missense variant,Likely benign,"criteria provided, single submitter",VUS,2017-09-28,LB,2024-05-15,2,2,True,toward_benign,2017.0,2024.0
1333207,CUBN,NM_001081.4(CUBN):c.6821+3A>G,,single nucleotide variant,intron variant,Pathogenic/Likely pathogenic,"criteria provided, multiple submitters, no conflicts",VUS,2022-01-03,LP,2024-06-12,4,4,True,toward_pathogenic,2022.0,2024.0
591611,CUBN,NM_001081.4(CUBN):c.8104del (p.Ser2702fs),S2702fs,Deletion,frameshift variant,Likely pathogenic,"criteria provided, single submitter",VUS,2018-09-16,LP,2023-01-12,2,2,True,toward_pathogenic,2018.0,2023.0
599125,CUBN,NM_001081.4(CUBN):c.9922T>C (p.Trp3308Arg),W3308R,single nucleotide variant,missense variant,Likely pathogenic,"criteria provided, single submitter",VUS,2018-05-17,LP,2024-05-11,3,3,True,toward_pathogenic,2018.0,2024.0
370043,MTTL1,NC_012920.1(MT-TV):m.1661A>G,,single nucleotide variant,,Uncertain significance,reviewed by expert panel,VUS,2016-11-21,LP,2026-04-20,7,6,True,toward_pathogenic,2016.0,2026.0
554911,NPHS1,NM_004646.4(NPHS1):c.2663G>A (p.Arg888Lys),R888K,single nucleotide variant,missense variant,Pathogenic/Likely pathogenic,"criteria provided, multiple submitters, no conflicts",VUS,2017-11-08,LP,2025-06-09,5,5,True,toward_pathogenic,2017.0,2025.0
557003,NPHS1,NM_004646.4(NPHS1):c.3286+5G>A,,single nucleotide variant,intron variant,Likely pathogenic,"criteria provided, multiple submitters, no conflicts",VUS,2018-03-06,LP,2025-06-09,3,3,True,toward_pathogenic,2018.0,2025.0
556375,NPHS2,NM_014625.4(NPHS2):c.979C>T (p.Leu327Phe),"L327F, L259F",single nucleotide variant,missense variant|intron variant,Likely pathogenic,"criteria provided, multiple submitters, no conflicts",VUS,2018-01-25,LP,2026-02-02,3,3,True,toward_pathogenic,2018.0,2026.0
635446,PLCE1,NM_016341.4(PLCE1):c.1223G>T (p.Arg408Ile),"R408I, R100I",single nucleotide variant,missense variant,Uncertain significance,"criteria provided, single submitter",VUS,2017-04-28,LP,2018-11-12,2,2,True,toward_pathogenic,2017.0,2018.0
3038856,WT1,NM_024426.6(WT1):c.1208G>T (p.Cys403Phe),"C149F, C169F, C186F, C345F, C362F, C381F, C386F, C398F, C401F, C403F, C7F",single nucleotide variant,missense variant|non-coding transcript variant,Likely pathogenic,"criteria provided, single submitter",VUS,2023-11-21,LP,2024-12-19,2,2,True,toward_pathogenic,2023.0,2024.0
829899,CRB2,NM_173689.7(CRB2):c.3613G>A (p.Gly1205Ser),G1205S,single nucleotide variant,missense variant|non-coding transcript variant,Pathogenic,"criteria provided, single submitter",VUS,2019-10-09,P,2024-04-25,2,2,True,toward_pathogenic,2019.0,2024.0
2422330,ITGA3,NC_000017.10:g.(?_48068881)_(48278874_?)del,,Deletion,,Uncertain significance,"criteria provided, single submitter",VUS,2022-03-14,P,2022-06-22,2,1,True,toward_pathogenic,2022.0,2022.0
557909,ITGB4,NM_000213.5(ITGB4):c.5179_5200del (p.Pro1726_Glu1727insTer),,Deletion,nonsense|intron variant,Pathogenic,"criteria provided, single submitter",VUS,2018-04-20,P,2023-02-14,2,2,True,toward_pathogenic,2018.0,2023.0
1056169,LMX1B,NC_000009.11:g.(?_129376729)_(131016993_?)del,,Deletion,,Pathogenic,"criteria provided, single submitter",VUS,2020-05-20,P,2020-05-20,2,1,True,toward_pathogenic,2020.0,2020.0
56471,NPHS1,NM_004646.4(NPHS1):c.2404C>T (p.Arg802Trp),R802W,single nucleotide variant,missense variant,Pathogenic/Likely pathogenic,"criteria provided, multiple submitters, no conflicts",VUS,2018-06-28,P,2025-08-19,11,11,True,toward_pathogenic,2018.0,2025.0
438653,WT1,NM_024426.6(WT1):c.512G>T (p.Gly171Val),G171V,single nucleotide variant,missense variant|non-coding transcript variant,Pathogenic,"criteria provided, single submitter",VUS,2017-04-20,P,2025-08-21,2,2,True,toward_pathogenic,2017.0,2025.0
