VariationID,gene,Name,protein_change,variant_type,consequence,current_class,review_status,first_class,first_date,latest_class,latest_date,n_submissions,n_submitters,reclassified,direction,first_year,latest_year
787696,ADCY10,NM_018417.6(ADCY10):c.2565G>A (p.Lys855=),,single nucleotide variant,synonymous variant,Benign/Likely benign,"criteria provided, multiple submitters, no conflicts",B,2019-05-02,LB,2026-02-01,4,4,True,toward_pathogenic,2019.0,2026.0
2069519,ADCY10,NM_018417.6(ADCY10):c.4220A>G (p.Glu1407Gly),"E1315G, E1407G, E1254G",single nucleotide variant,missense variant,Likely benign,"criteria provided, multiple submitters, no conflicts",B,2019-08-02,LB,2026-03-01,3,3,True,toward_pathogenic,2019.0,2026.0
1538173,ADCY10,NM_018417.6(ADCY10):c.4483-7dup,,Duplication,intron variant,Benign,"criteria provided, single submitter",B,2021-10-28,LB,2024-06-15,2,2,True,toward_pathogenic,2021.0,2024.0
335292,AGXT,NM_000030.3(AGXT):c.-23G>A,,single nucleotide variant,5 prime UTR variant,Benign/Likely benign,"criteria provided, multiple submitters, no conflicts",B,2018-01-13,LB,2020-04-09,3,3,True,toward_pathogenic,2018.0,2020.0
884724,APRT,NM_000485.3(APRT):c.266G>A (p.Arg89Gln),R89Q,single nucleotide variant,missense variant,Benign/Likely benign,"criteria provided, multiple submitters, no conflicts",B,2017-04-27,LB,2025-12-24,4,4,True,toward_pathogenic,2017.0,2025.0
1263241,ATP6V0A4,NM_020632.3(ATP6V0A4):c.640-29dup,,Duplication,intron variant,Benign/Likely benign,"criteria provided, multiple submitters, no conflicts",B,2019-11-22,LB,2021-07-28,2,2,True,toward_pathogenic,2019.0,2021.0
463910,CASR,NM_000388.4(CASR):c.165G>A (p.Pro55=),,single nucleotide variant,synonymous variant,Benign/Likely benign,"criteria provided, multiple submitters, no conflicts",B,2018-02-06,LB,2025-10-23,4,4,True,toward_pathogenic,2018.0,2025.0
1648478,CASR,NM_000388.4(CASR):c.1732+17T>G,,single nucleotide variant,intron variant,Benign/Likely benign,"criteria provided, multiple submitters, no conflicts",B,2023-10-17,LB,2025-09-21,2,2,True,toward_pathogenic,2023.0,2025.0
914338,CLCN5,NM_001127898.4(CLCN5):c.1223G>A (p.Arg408His),"R408H, R338H, R358H",single nucleotide variant,missense variant,Benign/Likely benign,"criteria provided, multiple submitters, no conflicts",B,2018-01-13,LB,2026-01-18,4,4,True,toward_pathogenic,2018.0,2026.0
914835,CLCN5,NM_001127898.4(CLCN5):c.1488T>C (p.Ser496=),,single nucleotide variant,synonymous variant,Benign/Likely benign,"criteria provided, multiple submitters, no conflicts",B,2018-01-12,LB,2024-05-01,2,2,True,toward_pathogenic,2018.0,2024.0
1541074,CLCN5,NM_001127898.4(CLCN5):c.450T>C (p.His150=),,single nucleotide variant,synonymous variant,Benign/Likely benign,"criteria provided, multiple submitters, no conflicts",B,2024-08-05,LB,2026-01-03,2,2,True,toward_pathogenic,2024.0,2026.0
764357,CLCN5,NM_001127898.4(CLCN5):c.727-5T>C,,single nucleotide variant,intron variant,Benign/Likely benign,"criteria provided, multiple submitters, no conflicts",B,2025-02-13,LB,2025-02-16,2,2,True,toward_pathogenic,2025.0,2025.0
785932,CLCNKB,NM_000085.5(CLCNKB):c.2055C>T (p.Ala685=),,single nucleotide variant,synonymous variant,Benign/Likely benign,"criteria provided, multiple submitters, no conflicts",B,2021-07-20,LB,2026-01-26,3,3,True,toward_pathogenic,2021.0,2026.0
724715,CLCNKB,NM_000085.5(CLCNKB):c.231G>A (p.Ala77=),,single nucleotide variant,synonymous variant,Benign/Likely benign,"criteria provided, multiple submitters, no conflicts",B,2026-01-08,LB,2026-03-01,2,2,True,toward_pathogenic,2026.0,2026.0
344453,CLDN16,NM_006580.4(CLDN16):c.*204C>T,,single nucleotide variant,3 prime UTR variant,Benign/Likely benign,"criteria provided, multiple submitters, no conflicts",B,2018-01-13,LB,2020-10-03,2,2,True,toward_pathogenic,2018.0,2020.0
261404,CLDN16,NM_021101.5(CLDN1):c.370G>A (p.Ala124Thr),A124T,single nucleotide variant,missense variant,Benign/Likely benign,"criteria provided, multiple submitters, no conflicts",B,2019-12-31,LB,2026-01-01,4,4,True,toward_pathogenic,2019.0,2026.0
297336,CLDN19,NM_148960.3(CLDN19):c.*158G>A,,single nucleotide variant,3 prime UTR variant,Benign/Likely benign,"criteria provided, multiple submitters, no conflicts",B,2018-01-13,LB,2020-03-14,2,2,True,toward_pathogenic,2018.0,2020.0
898654,CYP24A1,NM_000782.5(CYP24A1):c.-100T>C,,single nucleotide variant,5 prime UTR variant,Benign/Likely benign,"criteria provided, multiple submitters, no conflicts",B,2018-01-12,LB,2019-08-20,3,3,True,toward_pathogenic,2018.0,2019.0
781389,FAM20A,NM_017565.4(FAM20A):c.1231C>A (p.Arg411=),,single nucleotide variant,synonymous variant|non-coding transcript variant|intron variant,Benign/Likely benign,"criteria provided, multiple submitters, no conflicts",B,2026-01-22,LB,2026-03-01,3,3,True,toward_pathogenic,2026.0,2026.0
713709,FAM20A,NM_017565.4(FAM20A):c.1240T>C (p.Tyr414His),"Y276H, Y414H",single nucleotide variant,missense variant|non-coding transcript variant|intron variant,Benign/Likely benign,"criteria provided, multiple submitters, no conflicts",B,2025-05-01,LB,2025-08-01,2,2,True,toward_pathogenic,2025.0,2025.0
735382,FAM20A,NM_017565.4(FAM20A):c.1432C>A (p.Arg478=),,single nucleotide variant,synonymous variant|non-coding transcript variant|intron variant,Benign/Likely benign,"criteria provided, multiple submitters, no conflicts",B,2021-05-18,LB,2025-10-21,2,2,True,toward_pathogenic,2021.0,2025.0
366863,GRHPR,NM_012203.2(GRHPR):c.*146A>G,,single nucleotide variant,3 prime UTR variant,Benign/Likely benign,"criteria provided, multiple submitters, no conflicts",B,2018-01-13,LB,2020-05-03,3,3,True,toward_pathogenic,2018.0,2020.0
1091045,GRHPR,NM_012203.2(GRHPR):c.844C>T (p.Leu282Phe),L282F,single nucleotide variant,missense variant,Likely benign,"criteria provided, multiple submitters, no conflicts",B,2020-04-13,LB,2026-02-04,3,3,True,toward_pathogenic,2020.0,2026.0
338464,HNF4A,NM_175914.5(HNF4A):c.*1832G>A,,single nucleotide variant,3 prime UTR variant,Benign/Likely benign,"criteria provided, multiple submitters, no conflicts",B,2018-01-12,LB,2021-05-12,4,3,True,toward_pathogenic,2018.0,2021.0
895468,HNF4A,NM_175914.5(HNF4A):c.*1975G>A,,single nucleotide variant,3 prime UTR variant,Benign/Likely benign,"criteria provided, multiple submitters, no conflicts",B,2018-01-12,LB,2021-09-10,4,3,True,toward_pathogenic,2018.0,2021.0
338438,HNF4A,NM_175914.5(HNF4A):c.*277T>C,,single nucleotide variant,3 prime UTR variant,Benign/Likely benign,"criteria provided, multiple submitters, no conflicts",B,2018-01-13,LB,2018-01-13,3,2,True,toward_pathogenic,2018.0,2018.0
896939,HNF4A,NM_175914.5(HNF4A):c.*2786C>T,,single nucleotide variant,3 prime UTR variant,Benign/Likely benign,"criteria provided, multiple submitters, no conflicts",B,2018-01-13,LB,2018-01-13,3,2,True,toward_pathogenic,2018.0,2018.0
338441,HNF4A,NM_175914.5(HNF4A):c.*393G>A,,single nucleotide variant,3 prime UTR variant,Benign/Likely benign,"criteria provided, multiple submitters, no conflicts",B,2018-01-12,LB,2018-01-12,4,3,True,toward_pathogenic,2018.0,2018.0
898305,HNF4A,NM_175914.5(HNF4A):c.*427G>T,,single nucleotide variant,3 prime UTR variant,Benign/Likely benign,"criteria provided, multiple submitters, no conflicts",B,2018-01-13,LB,2018-01-13,3,2,True,toward_pathogenic,2018.0,2018.0
895325,HNF4A,NM_175914.5(HNF4A):c.*568G>A,,single nucleotide variant,3 prime UTR variant,Benign/Likely benign,"criteria provided, multiple submitters, no conflicts",B,2018-01-13,LB,2018-01-13,3,2,True,toward_pathogenic,2018.0,2018.0
895326,HNF4A,NM_175914.5(HNF4A):c.*657G>A,,single nucleotide variant,3 prime UTR variant,Benign/Likely benign,"criteria provided, multiple submitters, no conflicts",B,2018-01-13,LB,2021-09-17,4,3,True,toward_pathogenic,2018.0,2021.0
586010,HNF4A,NM_175914.5(HNF4A):c.1017C>T (p.Phe339=),,single nucleotide variant,synonymous variant,Likely benign,reviewed by expert panel,B,2017-12-30,LB,2024-07-27,5,5,True,toward_pathogenic,2017.0,2024.0
36343,HNF4A,NM_175914.5(HNF4A):c.1137C>T (p.Asn379=),,single nucleotide variant,synonymous variant,Benign/Likely benign,"criteria provided, multiple submitters, no conflicts",B,2011-08-18,LB,2026-03-01,14,13,True,toward_pathogenic,2011.0,2026.0
586013,HNF4A,NM_175914.5(HNF4A):c.123C>T (p.Cys41=),,single nucleotide variant,synonymous variant,Likely benign,reviewed by expert panel,B,2018-03-02,LB,2023-06-01,5,5,True,toward_pathogenic,2018.0,2023.0
586018,HNF4A,NM_175914.5(HNF4A):c.583-27G>A,,single nucleotide variant,intron variant,Benign/Likely benign,"criteria provided, multiple submitters, no conflicts",B,2018-05-03,LB,2018-09-04,4,4,True,toward_pathogenic,2018.0,2018.0
2156487,HNF4A,NM_175914.5(HNF4A):c.661C>T (p.Leu221=),,single nucleotide variant,synonymous variant,Benign/Likely benign,"criteria provided, multiple submitters, no conflicts",B,2024-04-24,LB,2025-05-22,2,2,True,toward_pathogenic,2024.0,2025.0
36357,HNF4A,NM_175914.5(HNF4A):c.669A>G (p.Leu223=),,single nucleotide variant,synonymous variant,Benign/Likely benign,"criteria provided, multiple submitters, no conflicts",B,2014-03-07,LB,2026-03-01,12,11,True,toward_pathogenic,2014.0,2026.0
995124,HNF4A,NM_175914.5(HNF4A):c.912C>A (p.Arg304=),,single nucleotide variant,synonymous variant,Benign/Likely benign,"criteria provided, multiple submitters, no conflicts",B,2020-02-27,LB,2024-08-19,6,6,True,toward_pathogenic,2020.0,2024.0
879965,HOGA1,NM_138413.4(HOGA1):c.*94C>T,,single nucleotide variant,3 prime UTR variant,Benign/Likely benign,"criteria provided, multiple submitters, no conflicts",B,2018-01-12,LB,2021-06-09,3,3,True,toward_pathogenic,2018.0,2021.0
301787,HOGA1,NM_138413.4(HOGA1):c.-279G>A,,single nucleotide variant,5 prime UTR variant,Benign/Likely benign,"criteria provided, multiple submitters, no conflicts",B,2018-01-13,LB,2018-11-12,3,3,True,toward_pathogenic,2018.0,2018.0
1080249,HOGA1,NM_138413.4(HOGA1):c.284G>A (p.Arg95His),R95H,single nucleotide variant,missense variant|intron variant,Likely benign,"criteria provided, single submitter",B,2020-01-27,LB,2025-12-23,2,2,True,toward_pathogenic,2020.0,2025.0
2945000,HPRT1,NM_000194.3(HPRT1):c.420C>A (p.Gly140=),,single nucleotide variant,synonymous variant,Benign/Likely benign,"criteria provided, multiple submitters, no conflicts",B,2023-10-14,LB,2026-01-01,2,2,True,toward_pathogenic,2023.0,2026.0
1554532,OCRL,NM_000276.4(OCRL):c.939+8G>A,,single nucleotide variant,intron variant,Benign/Likely benign,"criteria provided, multiple submitters, no conflicts",B,2026-01-25,LB,2026-02-01,2,2,True,toward_pathogenic,2026.0,2026.0
316289,SLC12A1,NM_000338.3(SLC12A1):c.*158C>T,,single nucleotide variant,3 prime UTR variant,Benign/Likely benign,"criteria provided, multiple submitters, no conflicts",B,2018-01-13,LB,2021-06-04,3,3,True,toward_pathogenic,2018.0,2021.0
899983,SLC2A9,NM_020041.3(SLC2A9):c.-8T>G,,single nucleotide variant,5 prime UTR variant|intron variant,Benign/Likely benign,"criteria provided, multiple submitters, no conflicts",B,2018-01-13,LB,2021-05-31,4,4,True,toward_pathogenic,2018.0,2021.0
350202,SLC2A9,NM_020041.3(SLC2A9):c.1221C>T (p.His407=),,single nucleotide variant,synonymous variant,Benign/Likely benign,"criteria provided, multiple submitters, no conflicts",B,2018-01-12,LB,2024-12-10,2,2,True,toward_pathogenic,2018.0,2024.0
736857,SLC2A9,NM_020041.3(SLC2A9):c.1292-6C>T,,single nucleotide variant,intron variant,Benign/Likely benign,"criteria provided, multiple submitters, no conflicts",B,2025-10-29,LB,2025-12-05,2,2,True,toward_pathogenic,2025.0,2025.0
905316,SLC2A9,NM_020041.3(SLC2A9):c.1302G>A (p.Pro434=),,single nucleotide variant,synonymous variant,Benign/Likely benign,"criteria provided, multiple submitters, no conflicts",B,2018-01-12,LB,2025-06-12,3,3,True,toward_pathogenic,2018.0,2025.0
350199,SLC2A9,NM_020041.3(SLC2A9):c.1368C>T (p.Thr456=),,single nucleotide variant,synonymous variant,Benign/Likely benign,"criteria provided, multiple submitters, no conflicts",B,2018-01-13,LB,2025-10-02,2,2,True,toward_pathogenic,2018.0,2025.0
347004,SLC2A9,NM_020041.3(SLC2A9):c.198C>G (p.Gly66=),,single nucleotide variant,synonymous variant,Benign/Likely benign,"criteria provided, multiple submitters, no conflicts",B,2018-01-12,LB,2025-04-17,2,2,True,toward_pathogenic,2018.0,2025.0
347002,SLC2A9,NM_020041.3(SLC2A9):c.249+11G>T,,single nucleotide variant,intron variant,Benign/Likely benign,"criteria provided, multiple submitters, no conflicts",B,2018-01-12,LB,2026-01-15,4,4,True,toward_pathogenic,2018.0,2026.0
350241,SLC2A9,NM_020041.3(SLC2A9):c.250-9T>C,,single nucleotide variant,intron variant,Benign/Likely benign,"criteria provided, multiple submitters, no conflicts",B,2018-01-13,LB,2019-08-08,2,2,True,toward_pathogenic,2018.0,2019.0
350234,SLC2A9,NM_020041.3(SLC2A9):c.666C>T (p.Pro222=),,single nucleotide variant,synonymous variant,Benign/Likely benign,"criteria provided, multiple submitters, no conflicts",B,2018-01-13,LB,2025-09-03,3,3,True,toward_pathogenic,2018.0,2025.0
347007,SLC2A9,NM_020041.3(SLC2A9):c.72C>T (p.Ala24=),,single nucleotide variant,synonymous variant|intron variant,Benign/Likely benign,"criteria provided, multiple submitters, no conflicts",B,2018-01-13,LB,2025-06-12,2,2,True,toward_pathogenic,2018.0,2025.0
350216,SLC2A9,NM_020041.3(SLC2A9):c.843C>T (p.Asp281=),,single nucleotide variant,synonymous variant,Benign/Likely benign,"criteria provided, multiple submitters, no conflicts",B,2018-01-13,LB,2025-03-31,3,3,True,toward_pathogenic,2018.0,2025.0
350212,SLC2A9,NM_020041.3(SLC2A9):c.883G>A (p.Val295Met),"V295M, V266M",single nucleotide variant,missense variant,Benign/Likely benign,"criteria provided, multiple submitters, no conflicts",B,2018-01-13,LB,2025-10-02,2,2,True,toward_pathogenic,2018.0,2025.0
350210,SLC2A9,NM_020041.3(SLC2A9):c.899G>A (p.Arg300His),"R300H, R271H",single nucleotide variant,missense variant,Benign/Likely benign,"criteria provided, multiple submitters, no conflicts",B,2018-01-13,LB,2025-12-30,5,5,True,toward_pathogenic,2018.0,2025.0
906926,SLC2A9,NM_020041.3(SLC2A9):c.909C>T (p.Ser303=),,single nucleotide variant,synonymous variant,Benign/Likely benign,"criteria provided, multiple submitters, no conflicts",B,2018-01-12,LB,2025-09-27,3,3,True,toward_pathogenic,2018.0,2025.0
350209,SLC2A9,NM_020041.3(SLC2A9):c.957C>T (p.Thr319=),,single nucleotide variant,synonymous variant,Benign/Likely benign,"criteria provided, multiple submitters, no conflicts",B,2018-01-12,LB,2025-10-15,3,3,True,toward_pathogenic,2018.0,2025.0
352969,SLC34A1,NM_003052.5(SLC34A1):c.1227C>A (p.Gly409=),,single nucleotide variant,synonymous variant,Benign/Likely benign,"criteria provided, multiple submitters, no conflicts",B,2018-01-13,LB,2025-06-23,3,3,True,toward_pathogenic,2018.0,2025.0
352976,SLC34A1,NM_003052.5(SLC34A1):c.1719A>G (p.Leu573=),,single nucleotide variant,synonymous variant,Benign/Likely benign,"criteria provided, multiple submitters, no conflicts",B,2018-01-13,LB,2025-09-02,3,3,True,toward_pathogenic,2018.0,2025.0
2174558,SLC34A1,NM_003052.5(SLC34A1):c.199G>A (p.Val67Ile),V67I,single nucleotide variant,missense variant,Benign/Likely benign,"criteria provided, multiple submitters, no conflicts",B,2024-09-28,LB,2025-12-01,2,2,True,toward_pathogenic,2024.0,2025.0
252613,SLC34A1,NM_003052.5(SLC34A1):c.284G>A (p.Arg95His),R95H,single nucleotide variant,missense variant,Benign/Likely benign,"criteria provided, multiple submitters, no conflicts",B,2015-09-03,LB,2026-02-01,9,9,True,toward_pathogenic,2015.0,2026.0
352959,SLC34A1,NM_003052.5(SLC34A1):c.389-5C>T,,single nucleotide variant,intron variant,Benign/Likely benign,"criteria provided, multiple submitters, no conflicts",B,2018-01-12,LB,2026-03-01,6,6,True,toward_pathogenic,2018.0,2026.0
352962,SLC34A1,NM_003052.5(SLC34A1):c.510C>T (p.Ile170=),,single nucleotide variant,synonymous variant,Benign/Likely benign,"criteria provided, multiple submitters, no conflicts",B,2018-01-13,LB,2023-11-01,3,3,True,toward_pathogenic,2018.0,2023.0
352964,SLC34A1,NM_003052.5(SLC34A1):c.741C>A (p.Ile247=),,single nucleotide variant,synonymous variant,Benign/Likely benign,"criteria provided, multiple submitters, no conflicts",B,2018-01-12,LB,2025-08-07,3,3,True,toward_pathogenic,2018.0,2025.0
730587,SLC34A3,NM_001177316.2(SLC34A3):c.1123G>A (p.Gly375Ser),G375S,single nucleotide variant,missense variant,Likely benign,"criteria provided, multiple submitters, no conflicts",B,2020-11-10,LB,2025-12-11,3,3,True,toward_pathogenic,2020.0,2025.0
496510,SLC34A3,NM_001177316.2(SLC34A3):c.175+123C>T,,single nucleotide variant,intron variant,Benign/Likely benign,"criteria provided, multiple submitters, no conflicts",B,2016-06-14,LB,2018-10-16,2,2,True,toward_pathogenic,2016.0,2018.0
1613123,SLC34A3,NM_001177316.2(SLC34A3):c.756+21dup,,Duplication,intron variant,Benign/Likely benign,"criteria provided, multiple submitters, no conflicts",B,2023-04-17,LB,2024-05-16,2,2,True,toward_pathogenic,2023.0,2024.0
323485,SLC4A1,NM_000342.4(SLC4A1):c.*1237C>T,,single nucleotide variant,3 prime UTR variant,Benign/Likely benign,"criteria provided, single submitter",B,2018-01-12,LB,2018-01-12,3,1,True,toward_pathogenic,2018.0,2018.0
323494,SLC4A1,NM_000342.4(SLC4A1):c.*408C>T,,single nucleotide variant,3 prime UTR variant,Benign/Likely benign,"criteria provided, multiple submitters, no conflicts",B,2018-01-12,LB,2021-05-16,5,3,True,toward_pathogenic,2018.0,2021.0
323490,SLC4A1,NM_000342.4(SLC4A1):c.*947C>G,,single nucleotide variant,3 prime UTR variant,Benign/Likely benign,"criteria provided, single submitter",B,2018-01-13,LB,2018-01-13,3,1,True,toward_pathogenic,2018.0,2018.0
323521,SLC4A1,NM_000342.4(SLC4A1):c.-30C>T,,single nucleotide variant,5 prime UTR variant,Benign/Likely benign,"criteria provided, single submitter",B,2018-01-13,LB,2018-01-13,3,1,True,toward_pathogenic,2018.0,2018.0
811350,SLC4A1,NM_000342.4(SLC4A1):c.2340G>A (p.Leu780=),,single nucleotide variant,synonymous variant,Benign/Likely benign,"criteria provided, multiple submitters, no conflicts",B,2019-03-30,LB,2025-10-21,4,4,True,toward_pathogenic,2019.0,2025.0
729287,SLC4A1,NM_000342.4(SLC4A1):c.92T>C (p.Met31Thr),M31T,single nucleotide variant,missense variant,Benign/Likely benign,"criteria provided, multiple submitters, no conflicts",B,2017-04-27,LB,2025-10-03,5,3,True,toward_pathogenic,2017.0,2025.0
328761,SLC7A9,NM_014270.5(SLC7A9):c.425T>C (p.Val142Ala),V142A,single nucleotide variant,missense variant,Benign/Likely benign,"criteria provided, multiple submitters, no conflicts",B,2018-01-13,LB,2026-03-03,8,8,True,toward_pathogenic,2018.0,2026.0
328755,SLC7A9,NM_014270.5(SLC7A9):c.667C>A (p.Leu223Met),L223M,single nucleotide variant,missense variant,Benign/Likely benign,"criteria provided, multiple submitters, no conflicts",B,2018-01-12,LB,2026-03-03,9,9,True,toward_pathogenic,2018.0,2026.0
898500,XDH,NM_000379.4(XDH):c.3886C>T (p.Arg1296Trp),R1296W,single nucleotide variant,missense variant,Benign/Likely benign,"criteria provided, multiple submitters, no conflicts",B,2017-04-27,LB,2026-01-31,8,8,True,toward_pathogenic,2017.0,2026.0
991669,GRHPR,NM_012203.2(GRHPR):c.34A>G (p.Thr12Ala),T12A,single nucleotide variant,missense variant,Uncertain significance,"criteria provided, single submitter",B,2020-10-09,VUS,2025-08-28,3,3,True,toward_pathogenic,2020.0,2025.0
1618519,ADCY10,NM_018417.6(ADCY10):c.1021-11C>T,,single nucleotide variant,intron variant,Benign/Likely benign,"criteria provided, multiple submitters, no conflicts",LB,2021-07-26,B,2026-01-28,3,3,True,toward_benign,2021.0,2026.0
1168427,ADCY10,NM_018417.6(ADCY10):c.1260C>T (p.Tyr420=),,single nucleotide variant,synonymous variant,Benign/Likely benign,"criteria provided, multiple submitters, no conflicts",LB,2021-09-30,B,2026-01-05,2,2,True,toward_benign,2021.0,2026.0
2894612,ADCY10,NM_018417.6(ADCY10):c.1362A>T (p.Ala454=),,single nucleotide variant,synonymous variant,Benign,"criteria provided, single submitter",LB,2019-12-30,B,2025-09-29,2,2,True,toward_benign,2019.0,2025.0
1167895,ADCY10,NM_018417.6(ADCY10):c.1668C>T (p.Thr556=),,single nucleotide variant,synonymous variant,Benign/Likely benign,"criteria provided, multiple submitters, no conflicts",LB,2020-02-19,B,2026-01-05,3,3,True,toward_benign,2020.0,2026.0
775149,ADCY10,NM_018417.6(ADCY10):c.1691T>C (p.Val564Ala),"V411A, V564A, V472A",single nucleotide variant,missense variant,Benign/Likely benign,"criteria provided, multiple submitters, no conflicts",LB,2025-08-18,B,2025-10-27,3,3,True,toward_benign,2025.0,2025.0
787530,ADCY10,NM_018417.6(ADCY10):c.2097A>G (p.Ala699=),,single nucleotide variant,synonymous variant,Benign/Likely benign,"criteria provided, multiple submitters, no conflicts",LB,2022-09-01,B,2026-01-26,4,4,True,toward_benign,2022.0,2026.0
1167410,ADCY10,NM_018417.6(ADCY10):c.2125A>G (p.Ile709Val),"I556V, I617V, I709V",single nucleotide variant,missense variant,Benign/Likely benign,"criteria provided, multiple submitters, no conflicts",LB,2020-09-28,B,2026-01-15,4,4,True,toward_benign,2020.0,2026.0
1574198,ADCY10,NM_018417.6(ADCY10):c.2308+11C>T,,single nucleotide variant,intron variant,Benign/Likely benign,"criteria provided, multiple submitters, no conflicts",LB,2021-07-29,B,2026-01-20,3,3,True,toward_benign,2021.0,2026.0
791226,ADCY10,NM_018417.6(ADCY10):c.3720T>C (p.Asn1240=),,single nucleotide variant,synonymous variant,Benign/Likely benign,"criteria provided, multiple submitters, no conflicts",LB,2021-07-23,B,2026-01-19,4,4,True,toward_benign,2021.0,2026.0
718045,ADCY10,NM_018417.6(ADCY10):c.3765C>T (p.Tyr1255=),,single nucleotide variant,synonymous variant,Benign/Likely benign,"criteria provided, multiple submitters, no conflicts",LB,2021-10-08,B,2026-01-18,4,4,True,toward_benign,2021.0,2026.0
1164871,ADCY10,NM_018417.6(ADCY10):c.4058C>T (p.Pro1353Leu),"P1200L, P1261L, P1353L",single nucleotide variant,missense variant,Benign/Likely benign,"criteria provided, multiple submitters, no conflicts",LB,2022-11-01,B,2026-01-27,4,4,True,toward_benign,2022.0,2026.0
769248,ADCY10,NM_018417.6(ADCY10):c.4313A>G (p.Asn1438Ser),"N1285S, N1438S, N1346S",single nucleotide variant,missense variant,Benign/Likely benign,"criteria provided, multiple submitters, no conflicts",LB,2023-04-06,B,2026-01-31,4,4,True,toward_benign,2023.0,2026.0
791225,ADCY10,NM_018417.6(ADCY10):c.4377C>T (p.Tyr1459=),,single nucleotide variant,synonymous variant,Benign/Likely benign,"criteria provided, multiple submitters, no conflicts",LB,2021-07-23,B,2025-12-26,4,4,True,toward_benign,2021.0,2025.0
789947,ADCY10,NM_018417.6(ADCY10):c.4389A>T (p.Ile1463=),,single nucleotide variant,synonymous variant,Benign/Likely benign,"criteria provided, multiple submitters, no conflicts",LB,2025-03-27,B,2026-01-07,3,3,True,toward_benign,2025.0,2026.0
720996,ADCY10,NM_018417.6(ADCY10):c.4752T>C (p.Ile1584=),,single nucleotide variant,synonymous variant,Benign/Likely benign,"criteria provided, multiple submitters, no conflicts",LB,2021-07-23,B,2025-12-26,4,4,True,toward_benign,2021.0,2025.0
719693,AGXT,NM_000030.3(AGXT):c.573C>T (p.Thr191=),,single nucleotide variant,synonymous variant,Benign/Likely benign,"criteria provided, multiple submitters, no conflicts",LB,2019-10-24,B,2026-02-02,4,4,True,toward_benign,2019.0,2026.0
254727,AGXT,NM_000030.3(AGXT):c.732C>A (p.Ile244=),,single nucleotide variant,synonymous variant,Benign/Likely benign,"criteria provided, multiple submitters, no conflicts",LB,2017-04-27,B,2026-01-28,6,6,True,toward_benign,2017.0,2026.0
729950,AGXT,NM_000030.3(AGXT):c.805C>T (p.Leu269=),,single nucleotide variant,synonymous variant,Benign,"criteria provided, single submitter",LB,2019-10-24,B,2025-12-28,2,2,True,toward_benign,2019.0,2025.0
896662,AGXT,NM_000030.3(AGXT):c.942+12C>G,,single nucleotide variant,intron variant,Benign/Likely benign,"criteria provided, multiple submitters, no conflicts",LB,2018-01-13,B,2026-01-26,3,3,True,toward_benign,2018.0,2026.0
321165,APRT,NM_000485.3(APRT):c.162C>T (p.His54=),,single nucleotide variant,synonymous variant,Benign/Likely benign,"criteria provided, multiple submitters, no conflicts",LB,2018-01-13,B,2026-01-30,3,3,True,toward_benign,2018.0,2026.0
2070367,APRT,NM_000485.3(APRT):c.185C>T (p.Ala62Val),A62V,single nucleotide variant,missense variant,Benign,"criteria provided, single submitter",LB,2023-10-30,B,2026-01-06,2,2,True,toward_benign,2023.0,2026.0
321166,APRT,NM_000485.3(APRT):c.97C>T (p.Leu33=),,single nucleotide variant,synonymous variant,Benign/Likely benign,"criteria provided, multiple submitters, no conflicts",LB,2021-04-12,B,2026-02-04,4,4,True,toward_benign,2021.0,2026.0
1196350,ATP6V0A4,NM_020632.3(ATP6V0A4):c.1030-18dup,,Duplication,intron variant,Benign/Likely benign,"criteria provided, multiple submitters, no conflicts",LB,2019-04-15,B,2023-08-28,2,2,True,toward_benign,2019.0,2023.0
1584769,ATP6V0A4,NM_020632.3(ATP6V0A4):c.118-10G>A,,single nucleotide variant,intron variant,Benign/Likely benign,"criteria provided, multiple submitters, no conflicts",LB,2022-01-10,B,2025-12-08,2,2,True,toward_benign,2022.0,2025.0
726875,ATP6V0A4,NM_020632.3(ATP6V0A4):c.1806C>T (p.Asp602=),,single nucleotide variant,synonymous variant,Benign/Likely benign,"criteria provided, multiple submitters, no conflicts",LB,2022-03-22,B,2026-01-14,2,2,True,toward_benign,2022.0,2026.0
799533,ATP6V0A4,NM_020632.3(ATP6V0A4):c.2011-8G>A,,single nucleotide variant,intron variant,Benign/Likely benign,"criteria provided, multiple submitters, no conflicts",LB,2019-06-26,B,2026-01-20,3,3,True,toward_benign,2019.0,2026.0
786113,ATP6V0A4,NM_020632.3(ATP6V0A4):c.2326G>A (p.Val776Ile),V776I,single nucleotide variant,missense variant,Benign/Likely benign,"criteria provided, multiple submitters, no conflicts",LB,2020-09-15,B,2026-01-19,4,4,True,toward_benign,2020.0,2026.0
778365,ATP6V0A4,NM_020632.3(ATP6V0A4):c.2481A>G (p.Pro827=),,single nucleotide variant,synonymous variant,Benign/Likely benign,"criteria provided, multiple submitters, no conflicts",LB,2018-01-12,B,2026-01-28,4,4,True,toward_benign,2018.0,2026.0
682699,ATP6V1B1,NM_001692.4(ATP6V1B1):c.118+18C>T,,single nucleotide variant,intron variant,Benign/Likely benign,"criteria provided, multiple submitters, no conflicts",LB,2018-06-14,B,2026-02-04,4,4,True,toward_benign,2018.0,2026.0
761407,ATP6V1B1,NM_001692.4(ATP6V1B1):c.40G>A (p.Gly14Ser),G14S,single nucleotide variant,missense variant,Benign/Likely benign,"criteria provided, multiple submitters, no conflicts",LB,2018-01-13,B,2026-01-25,5,5,True,toward_benign,2018.0,2026.0
716534,CA2,NM_000067.3(CA2):c.618G>A (p.Val206=),,single nucleotide variant,synonymous variant,Benign/Likely benign,"criteria provided, multiple submitters, no conflicts",LB,2021-12-14,B,2025-11-17,2,2,True,toward_benign,2021.0,2025.0
363836,CA2,NM_000067.3(CA2):c.648C>T (p.Ser216=),,single nucleotide variant,synonymous variant,Benign/Likely benign,"criteria provided, multiple submitters, no conflicts",LB,2018-01-12,B,2025-08-06,3,3,True,toward_benign,2018.0,2025.0
696332,CASR,NM_000388.4(CASR):c.1164G>A (p.Ser388=),,single nucleotide variant,synonymous variant,Benign/Likely benign,"criteria provided, multiple submitters, no conflicts",LB,2021-10-29,B,2026-01-02,5,5,True,toward_benign,2021.0,2026.0
35776,CASR,NM_000388.4(CASR):c.1333A>G (p.Thr445Ala),T445A,single nucleotide variant,missense variant,Benign/Likely benign,"criteria provided, multiple submitters, no conflicts",LB,2011-08-18,B,2026-02-04,15,12,True,toward_benign,2011.0,2026.0
706355,CASR,NM_000388.4(CASR):c.2388G>A (p.Lys796=),,single nucleotide variant,synonymous variant,Benign/Likely benign,"criteria provided, multiple submitters, no conflicts",LB,2022-03-24,B,2024-11-05,2,2,True,toward_benign,2022.0,2024.0
342801,CASR,NM_000388.4(CASR):c.2824G>A (p.Glu942Lys),"E942K, E952K",single nucleotide variant,missense variant,Benign/Likely benign,"criteria provided, multiple submitters, no conflicts",LB,2017-04-27,B,2026-02-03,9,6,True,toward_benign,2017.0,2026.0
416105,CASR,NM_000388.4(CASR):c.537A>G (p.Gln179=),,single nucleotide variant,synonymous variant,Benign/Likely benign,"criteria provided, multiple submitters, no conflicts",LB,2017-05-12,B,2026-01-24,6,6,True,toward_benign,2017.0,2026.0
416102,CASR,NM_000388.4(CASR):c.906C>T (p.Ser302=),,single nucleotide variant,synonymous variant,Benign/Likely benign,"criteria provided, multiple submitters, no conflicts",LB,2019-04-05,B,2026-01-05,5,5,True,toward_benign,2019.0,2026.0
342796,CASR,NM_000388.4(CASR):c.915C>A (p.Ile305=),,single nucleotide variant,synonymous variant,Benign/Likely benign,"criteria provided, multiple submitters, no conflicts",LB,2018-01-13,B,2026-02-03,8,5,True,toward_benign,2018.0,2026.0
368480,CLCN5,NM_001127898.4(CLCN5):c.1244G>A (p.Arg415Gln),"R345Q, R415Q, R365Q",single nucleotide variant,missense variant,Benign/Likely benign,"criteria provided, multiple submitters, no conflicts",LB,2023-03-01,B,2025-12-27,3,3,True,toward_benign,2023.0,2025.0
730639,CLCN5,NM_001127898.4(CLCN5):c.2180C>G (p.Thr727Ser),"T677S, T727S, T657S",single nucleotide variant,missense variant,Benign,"criteria provided, multiple submitters, no conflicts",LB,2023-08-23,B,2026-01-25,3,3,True,toward_benign,2023.0,2026.0
1599496,CLCN5,NM_001127898.4(CLCN5):c.2361-18A>G,,single nucleotide variant,intron variant,Benign/Likely benign,"criteria provided, multiple submitters, no conflicts",LB,2022-01-04,B,2026-02-02,3,3,True,toward_benign,2022.0,2026.0
810599,CLCN5,NM_001127898.4(CLCN5):c.316-17T>G,,single nucleotide variant,intron variant,Benign/Likely benign,"criteria provided, multiple submitters, no conflicts",LB,2018-01-01,B,2026-02-01,4,4,True,toward_benign,2018.0,2026.0
447091,CLCNKB,NM_000085.5(CLCNKB):c.1409-6T>C,,single nucleotide variant,intron variant,Benign/Likely benign,"criteria provided, multiple submitters, no conflicts",LB,2017-02-10,B,2026-01-26,3,3,True,toward_benign,2017.0,2026.0
791107,CLCNKB,NM_000085.5(CLCNKB):c.1570G>A (p.Val524Ile),"V524I, V355I",single nucleotide variant,missense variant,Benign/Likely benign,"criteria provided, multiple submitters, no conflicts",LB,2022-03-26,B,2026-01-28,5,5,True,toward_benign,2022.0,2026.0
447095,CLCNKB,NM_000085.5(CLCNKB):c.171G>A (p.Gly57=),,single nucleotide variant,synonymous variant,Benign/Likely benign,"criteria provided, multiple submitters, no conflicts",LB,2023-11-16,B,2026-01-19,6,6,True,toward_benign,2023.0,2026.0
402541,CLCNKB,NM_000085.5(CLCNKB):c.1877G>A (p.Cys626Tyr),"C626Y, C456Y",single nucleotide variant,missense variant,Benign/Likely benign,"criteria provided, multiple submitters, no conflicts",LB,2016-03-28,B,2026-02-03,8,8,True,toward_benign,2016.0,2026.0
713040,CLCNKB,NM_000085.5(CLCNKB):c.1930-6A>G,,single nucleotide variant,intron variant,Benign/Likely benign,"criteria provided, multiple submitters, no conflicts",LB,2021-07-29,B,2026-02-01,3,3,True,toward_benign,2021.0,2026.0
717106,CLCNKB,NM_000085.5(CLCNKB):c.1971T>C (p.Phe657=),,single nucleotide variant,synonymous variant,Benign/Likely benign,"criteria provided, multiple submitters, no conflicts",LB,2021-08-10,B,2026-01-27,2,2,True,toward_benign,2021.0,2026.0
1668980,CLCNKB,NM_000085.5(CLCNKB):c.2016+19C>T,,single nucleotide variant,intron variant,Benign/Likely benign,"criteria provided, multiple submitters, no conflicts",LB,2022-03-18,B,2025-12-15,3,3,True,toward_benign,2022.0,2025.0
447102,CLCNKB,NM_000085.5(CLCNKB):c.258G>A (p.Gly86=),,single nucleotide variant,synonymous variant,Benign/Likely benign,"criteria provided, multiple submitters, no conflicts",LB,2017-02-10,B,2026-01-26,3,3,True,toward_benign,2017.0,2026.0
780216,CLCNKB,NM_000085.5(CLCNKB):c.310G>A (p.Val104Ile),V104I,single nucleotide variant,missense variant,Benign/Likely benign,"criteria provided, multiple submitters, no conflicts",LB,2021-05-06,B,2026-01-16,5,5,True,toward_benign,2021.0,2026.0
1598976,CLCNKB,NM_000085.5(CLCNKB):c.358+20G>A,,single nucleotide variant,intron variant,Benign/Likely benign,"criteria provided, multiple submitters, no conflicts",LB,2021-08-12,B,2026-01-09,2,2,True,toward_benign,2021.0,2026.0
790805,CLCNKB,NM_000085.5(CLCNKB):c.762G>A (p.Ala254=),,single nucleotide variant,synonymous variant,Benign/Likely benign,"criteria provided, multiple submitters, no conflicts",LB,2024-04-01,B,2026-01-24,3,3,True,toward_benign,2024.0,2026.0
1621563,CLCNKB,NM_000085.5(CLCNKB):c.782-18A>G,,single nucleotide variant,intron variant,Benign/Likely benign,"criteria provided, multiple submitters, no conflicts",LB,2021-08-12,B,2025-12-18,2,2,True,toward_benign,2021.0,2025.0
713090,CLDN16,NM_006580.4(CLDN16):c.165T>C (p.Phe55=),,single nucleotide variant,synonymous variant,Benign/Likely benign,"criteria provided, multiple submitters, no conflicts",LB,2021-09-16,B,2025-11-09,2,2,True,toward_benign,2021.0,2025.0
734800,CLDN16,NM_006580.4(CLDN16):c.532T>C (p.Leu178=),,single nucleotide variant,synonymous variant,Benign/Likely benign,"criteria provided, multiple submitters, no conflicts",LB,2020-09-09,B,2026-02-01,4,4,True,toward_benign,2020.0,2026.0
714260,CLDN16,NM_006580.4(CLDN16):c.626C>A (p.Ala209Asp),"A279D, A209D",single nucleotide variant,missense variant,Benign/Likely benign,"criteria provided, multiple submitters, no conflicts",LB,2018-01-13,B,2026-02-01,5,5,True,toward_benign,2018.0,2026.0
338819,CYP24A1,NM_000782.5(CYP24A1):c.1020C>T (p.Tyr340=),,single nucleotide variant,synonymous variant,Benign/Likely benign,"criteria provided, multiple submitters, no conflicts",LB,2018-01-12,B,2023-03-23,2,2,True,toward_benign,2018.0,2023.0
703574,CYP24A1,NM_000782.5(CYP24A1):c.150C>T (p.Gly50=),,single nucleotide variant,synonymous variant,Benign/Likely benign,"criteria provided, multiple submitters, no conflicts",LB,2018-01-13,B,2025-12-01,2,2,True,toward_benign,2018.0,2025.0
707094,CYP24A1,NM_000782.5(CYP24A1):c.378G>A (p.Pro126=),,single nucleotide variant,synonymous variant,Benign/Likely benign,"criteria provided, multiple submitters, no conflicts",LB,2022-04-20,B,2025-10-29,2,2,True,toward_benign,2022.0,2025.0
338829,CYP24A1,NM_000782.5(CYP24A1):c.604G>C (p.Asp202His),D202H,single nucleotide variant,missense variant,Benign/Likely benign,"criteria provided, multiple submitters, no conflicts",LB,2018-01-12,B,2025-12-16,3,3,True,toward_benign,2018.0,2025.0
2085866,FAM20A,NM_017565.4(FAM20A):c.1381T>C (p.Leu461=),,single nucleotide variant,synonymous variant|non-coding transcript variant|intron variant,Benign/Likely benign,"criteria provided, multiple submitters, no conflicts",LB,2024-09-01,B,2025-10-29,2,2,True,toward_benign,2024.0,2025.0
780450,FAM20A,NM_017565.4(FAM20A):c.18G>A (p.Arg6=),,single nucleotide variant,5 prime UTR variant|synonymous variant,Benign/Likely benign,"criteria provided, multiple submitters, no conflicts",LB,2021-09-28,B,2026-02-01,3,3,True,toward_benign,2021.0,2026.0
1584524,FAM20A,NM_017565.4(FAM20A):c.928+16G>A,,single nucleotide variant,intron variant,Benign/Likely benign,"criteria provided, multiple submitters, no conflicts",LB,2021-07-28,B,2026-02-01,2,2,True,toward_benign,2021.0,2026.0
1167523,GRHPR,NM_012203.2(GRHPR):c.234C>T (p.Ile78=),,single nucleotide variant,synonymous variant,Benign/Likely benign,"criteria provided, multiple submitters, no conflicts",LB,2021-07-11,B,2026-01-24,4,4,True,toward_benign,2021.0,2026.0
260213,GRHPR,NM_012203.2(GRHPR):c.493+9C>T,,single nucleotide variant,intron variant,Benign/Likely benign,"criteria provided, multiple submitters, no conflicts",LB,2018-01-13,B,2026-02-01,6,6,True,toward_benign,2018.0,2026.0
780801,GRHPR,NM_012203.2(GRHPR):c.509G>A (p.Arg170Gln),R170Q,single nucleotide variant,missense variant,Benign/Likely benign,"criteria provided, multiple submitters, no conflicts",LB,2017-04-27,B,2026-01-31,5,5,True,toward_benign,2017.0,2026.0
366856,GRHPR,NM_012203.2(GRHPR):c.512G>A (p.Arg171His),R171H,single nucleotide variant,missense variant,Benign/Likely benign,"criteria provided, multiple submitters, no conflicts",LB,2018-01-13,B,2026-01-14,7,7,True,toward_benign,2018.0,2026.0
366861,GRHPR,NM_012203.2(GRHPR):c.962C>T (p.Pro321Leu),P321L,single nucleotide variant,missense variant,Benign/Likely benign,"criteria provided, multiple submitters, no conflicts",LB,2018-01-13,B,2026-01-31,6,6,True,toward_benign,2018.0,2026.0
435432,HNF4A,NM_175914.4(HNF4A):c.-278G>A,,single nucleotide variant,,Benign/Likely benign,"criteria provided, multiple submitters, no conflicts",LB,2018-09-04,B,2019-09-19,3,3,True,toward_benign,2018.0,2019.0
338456,HNF4A,NM_175914.5(HNF4A):c.*1095G>A,,single nucleotide variant,3 prime UTR variant,Benign/Likely benign,"criteria provided, multiple submitters, no conflicts",LB,2018-01-13,B,2018-01-13,3,2,True,toward_benign,2018.0,2018.0
338467,HNF4A,NM_175914.5(HNF4A):c.*2182G>A,,single nucleotide variant,3 prime UTR variant,Benign/Likely benign,"criteria provided, multiple submitters, no conflicts",LB,2018-01-13,B,2018-01-13,3,2,True,toward_benign,2018.0,2018.0
897368,HNF4A,NM_175914.5(HNF4A):c.*2256C>G,,single nucleotide variant,3 prime UTR variant,Benign/Likely benign,"criteria provided, multiple submitters, no conflicts",LB,2018-01-13,B,2018-01-13,3,2,True,toward_benign,2018.0,2018.0
895536,HNF4A,NM_175914.5(HNF4A):c.*2656G>A,,single nucleotide variant,3 prime UTR variant,Benign/Likely benign,"criteria provided, multiple submitters, no conflicts",LB,2018-01-13,B,2018-01-13,3,2,True,toward_benign,2018.0,2018.0
338498,HNF4A,NM_175914.5(HNF4A):c.*3143G>T,,single nucleotide variant,3 prime UTR variant,Benign/Likely benign,"criteria provided, multiple submitters, no conflicts",LB,2018-01-13,B,2018-01-13,4,3,True,toward_benign,2018.0,2018.0
895252,HNF4A,NM_175914.5(HNF4A):c.*76G>T,,single nucleotide variant,3 prime UTR variant,Benign/Likely benign,"criteria provided, single submitter",LB,2018-01-12,B,2018-01-12,2,1,True,toward_benign,2018.0,2018.0
897217,HNF4A,NM_175914.5(HNF4A):c.*785G>A,,single nucleotide variant,3 prime UTR variant,Benign/Likely benign,"criteria provided, multiple submitters, no conflicts",LB,2018-01-13,B,2018-01-13,3,2,True,toward_benign,2018.0,2018.0
1769160,HNF4A,NM_175914.5(HNF4A):c.1293C>T (p.Val431=),,single nucleotide variant,synonymous variant,Likely benign,reviewed by expert panel,LB,2020-04-12,B,2024-10-07,3,3,True,toward_benign,2020.0,2024.0
510279,HNF4A,NM_175914.5(HNF4A):c.138G>A (p.Thr46=),,single nucleotide variant,synonymous variant,Benign/Likely benign,"criteria provided, multiple submitters, no conflicts",LB,2017-04-04,B,2025-09-29,9,8,True,toward_benign,2017.0,2025.0
338425,HNF4A,NM_175914.5(HNF4A):c.224+17dup,,Duplication,intron variant,Benign,reviewed by expert panel,LB,2018-03-16,B,2026-01-21,7,7,True,toward_benign,2018.0,2026.0
2857912,HNF4A,NM_175914.5(HNF4A):c.50-4746G>A,,single nucleotide variant,5 prime UTR variant|intron variant,Benign,"criteria provided, single submitter",LB,2019-02-21,B,2025-12-16,2,2,True,toward_benign,2019.0,2025.0
3034594,HNF4A,NM_175914.5(HNF4A):c.50-4G>A,,single nucleotide variant,intron variant,Benign,"criteria provided, single submitter",LB,2019-07-30,B,2024-11-12,2,2,True,toward_benign,2019.0,2024.0
36358,HNF4A,NM_175914.5(HNF4A):c.696C>T (p.His232=),,single nucleotide variant,synonymous variant,Benign/Likely benign,"criteria provided, multiple submitters, no conflicts",LB,2011-08-18,B,2026-01-11,10,9,True,toward_benign,2011.0,2026.0
1302890,HNF4A,NM_175914.5(HNF4A):c.81C>T (p.Asn27=),,single nucleotide variant,synonymous variant,Benign/Likely benign,"criteria provided, multiple submitters, no conflicts",LB,2017-11-16,B,2025-05-12,5,5,True,toward_benign,2017.0,2025.0
36363,HNF4A,NM_175914.5(HNF4A):c.924G>T (p.Ser308=),,single nucleotide variant,synonymous variant,Benign/Likely benign,"criteria provided, multiple submitters, no conflicts",LB,2011-08-18,B,2025-07-14,3,3,True,toward_benign,2011.0,2025.0
744325,HNF4A,NM_175914.5(HNF4A):c.999C>T (p.Ile333=),,single nucleotide variant,synonymous variant,Benign/Likely benign,"criteria provided, multiple submitters, no conflicts",LB,2016-08-08,B,2026-01-25,8,8,True,toward_benign,2016.0,2026.0
301792,HOGA1,NM_138413.4(HOGA1):c.700+7C>T,,single nucleotide variant,intron variant,Benign/Likely benign,"criteria provided, multiple submitters, no conflicts",LB,2018-01-13,B,2026-01-28,6,6,True,toward_benign,2018.0,2026.0
723653,HOGA1,NM_138413.4(HOGA1):c.715G>A (p.Val239Ile),"V76I, V239I",single nucleotide variant,missense variant,Benign/Likely benign,"criteria provided, multiple submitters, no conflicts",LB,2022-05-06,B,2026-01-28,2,2,True,toward_benign,2022.0,2026.0
1164757,HPRT1,NM_000194.3(HPRT1):c.384+19A>G,,single nucleotide variant,intron variant,Benign/Likely benign,"criteria provided, multiple submitters, no conflicts",LB,2021-09-13,B,2026-01-27,2,2,True,toward_benign,2021.0,2026.0
1602776,HPRT1,NM_000194.3(HPRT1):c.505C>G (p.Pro169Ala),P169A,single nucleotide variant,missense variant,Benign/Likely benign,"criteria provided, multiple submitters, no conflicts",LB,2018-11-14,B,2024-02-13,2,2,True,toward_benign,2018.0,2024.0
303571,KCNJ1,NM_153766.3(KCNJ1):c.792G>A (p.Ala264=),,single nucleotide variant,synonymous variant,Benign/Likely benign,"criteria provided, multiple submitters, no conflicts",LB,2018-01-12,B,2026-02-04,4,4,True,toward_benign,2018.0,2026.0
588729,OCRL,NM_000276.4(OCRL):c.105G>A (p.Arg35=),,single nucleotide variant,synonymous variant,Benign/Likely benign,"criteria provided, multiple submitters, no conflicts",LB,2017-01-27,B,2026-01-09,4,4,True,toward_benign,2017.0,2026.0
2056878,OCRL,NM_000276.4(OCRL):c.1128G>T (p.Leu376=),,single nucleotide variant,synonymous variant,Benign/Likely benign,"criteria provided, multiple submitters, no conflicts",LB,2024-03-01,B,2025-12-09,2,2,True,toward_benign,2024.0,2025.0
588931,OCRL,NM_000276.4(OCRL):c.1221G>A (p.Pro407=),,single nucleotide variant,synonymous variant,Benign/Likely benign,"criteria provided, multiple submitters, no conflicts",LB,2023-12-16,B,2025-02-25,2,2,True,toward_benign,2023.0,2025.0
2427947,OCRL,NM_000276.4(OCRL):c.1391T>C (p.Val464Ala),"V464A, V465A",single nucleotide variant,missense variant,Benign/Likely benign,"criteria provided, multiple submitters, no conflicts",LB,2024-09-09,B,2025-11-23,2,2,True,toward_benign,2024.0,2025.0
1285062,OCRL,NM_000276.4(OCRL):c.152A>G (p.His51Arg),"H51R, H52R",single nucleotide variant,missense variant,Benign/Likely benign,"criteria provided, multiple submitters, no conflicts",LB,2020-04-29,B,2026-01-26,6,6,True,toward_benign,2020.0,2026.0
1627201,OCRL,NM_000276.4(OCRL):c.200-11dup,,Duplication,intron variant,Benign/Likely benign,"criteria provided, multiple submitters, no conflicts",LB,2022-04-11,B,2025-12-31,2,2,True,toward_benign,2022.0,2025.0
2731342,OCRL,NM_000276.4(OCRL):c.2116-8G>T,,single nucleotide variant,intron variant,Benign/Likely benign,"criteria provided, multiple submitters, no conflicts",LB,2025-02-16,B,2025-12-17,2,2,True,toward_benign,2025.0,2025.0
2075084,OCRL,NM_000276.4(OCRL):c.2658T>A (p.Arg886=),,single nucleotide variant,synonymous variant,Benign,"criteria provided, single submitter",LB,2020-03-17,B,2025-11-17,2,2,True,toward_benign,2020.0,2025.0
750447,OCRL,NM_000276.4(OCRL):c.2694C>T (p.Ser898=),,single nucleotide variant,synonymous variant,Benign/Likely benign,"criteria provided, multiple submitters, no conflicts",LB,2019-05-28,B,2025-09-28,3,3,True,toward_benign,2019.0,2025.0
1627578,OCRL,NM_000276.4(OCRL):c.284G>A (p.Arg95His),"R95H, R96H",single nucleotide variant,missense variant,Benign/Likely benign,"criteria provided, multiple submitters, no conflicts",LB,2021-07-07,B,2024-05-07,2,2,True,toward_benign,2021.0,2024.0
129850,OCRL,NM_000276.4(OCRL):c.41C>T (p.Thr14Ile),"T14I, T15I",single nucleotide variant,missense variant,Benign/Likely benign,"criteria provided, multiple submitters, no conflicts",LB,2014-08-11,B,2026-02-01,13,13,True,toward_benign,2014.0,2026.0
440013,OCRL,NM_000276.4(OCRL):c.561-7T>A,,single nucleotide variant,intron variant,Benign/Likely benign,"criteria provided, multiple submitters, no conflicts",LB,2019-09-25,B,2025-12-29,2,2,True,toward_benign,2019.0,2025.0
702892,OCRL,NM_000276.4(OCRL):c.912T>G (p.Gly304=),,single nucleotide variant,synonymous variant,Benign/Likely benign,"criteria provided, multiple submitters, no conflicts",LB,2021-11-04,B,2026-02-01,2,2,True,toward_benign,2021.0,2026.0
884309,SLC12A1,NM_000338.3(SLC12A1):c.1216-13T>A,,single nucleotide variant,intron variant,Benign/Likely benign,"criteria provided, multiple submitters, no conflicts",LB,2018-01-12,B,2026-01-29,4,4,True,toward_benign,2018.0,2026.0
884310,SLC12A1,NM_000338.3(SLC12A1):c.1300+12G>A,,single nucleotide variant,intron variant,Benign/Likely benign,"criteria provided, multiple submitters, no conflicts",LB,2018-01-12,B,2026-01-31,4,4,True,toward_benign,2018.0,2026.0
778550,SLC12A1,NM_000338.3(SLC12A1):c.189G>A (p.Arg63=),,single nucleotide variant,synonymous variant,Benign/Likely benign,"criteria provided, multiple submitters, no conflicts",LB,2018-09-28,B,2026-01-28,4,4,True,toward_benign,2018.0,2026.0
778098,SLC12A1,NM_000338.3(SLC12A1):c.2067G>A (p.Gly689=),,single nucleotide variant,synonymous variant,Benign/Likely benign,"criteria provided, multiple submitters, no conflicts",LB,2018-01-12,B,2026-02-01,8,8,True,toward_benign,2018.0,2026.0
1599811,SLC12A1,NM_000338.3(SLC12A1):c.2095G>A (p.Asp699Asn),D699N,single nucleotide variant,missense variant,Benign/Likely benign,"criteria provided, multiple submitters, no conflicts",LB,2021-08-04,B,2026-01-28,3,3,True,toward_benign,2021.0,2026.0
714653,SLC12A1,NM_000338.3(SLC12A1):c.2160G>A (p.Pro720=),,single nucleotide variant,synonymous variant,Benign/Likely benign,"criteria provided, multiple submitters, no conflicts",LB,2018-01-13,B,2026-01-28,5,5,True,toward_benign,2018.0,2026.0
316266,SLC12A1,NM_000338.3(SLC12A1):c.2199G>A (p.Ala733=),,single nucleotide variant,synonymous variant,Benign/Likely benign,"criteria provided, multiple submitters, no conflicts",LB,2018-01-13,B,2025-12-21,3,3,True,toward_benign,2018.0,2025.0
1569093,SLC12A1,NM_000338.3(SLC12A1):c.2481G>A (p.Val827=),,single nucleotide variant,synonymous variant,Benign,"criteria provided, single submitter",LB,2022-11-03,B,2026-01-25,2,2,True,toward_benign,2022.0,2026.0
316275,SLC12A1,NM_000338.3(SLC12A1):c.2787C>T (p.Ile929=),,single nucleotide variant,synonymous variant,Benign/Likely benign,"criteria provided, multiple submitters, no conflicts",LB,2017-04-27,B,2026-01-28,4,4,True,toward_benign,2017.0,2026.0
255874,SLC12A1,NM_000338.3(SLC12A1):c.2873T>C (p.Val958Ala),V958A,single nucleotide variant,missense variant,Benign/Likely benign,"criteria provided, multiple submitters, no conflicts",LB,2016-02-02,B,2026-02-04,11,11,True,toward_benign,2016.0,2026.0
784616,SLC12A1,NM_000338.3(SLC12A1):c.695C>T (p.Ala232Val),A232V,single nucleotide variant,missense variant|intron variant,Benign/Likely benign,"criteria provided, multiple submitters, no conflicts",LB,2017-04-27,B,2026-01-26,5,5,True,toward_benign,2017.0,2026.0
448390,SLC12A1,NM_000338.3(SLC12A1):c.708C>T (p.Asn236=),,single nucleotide variant,synonymous variant|intron variant,Benign/Likely benign,"criteria provided, multiple submitters, no conflicts",LB,2017-05-09,B,2026-02-02,4,4,True,toward_benign,2017.0,2026.0
778549,SLC12A1,NM_000338.3(SLC12A1):c.71G>A (p.Ser24Asn),S24N,single nucleotide variant,missense variant,Benign/Likely benign,"criteria provided, multiple submitters, no conflicts",LB,2018-09-28,B,2026-01-28,3,3,True,toward_benign,2018.0,2026.0
2059357,SLC22A12,NM_144585.4(SLC22A12):c.1224G>A (p.Thr408=),,single nucleotide variant,synonymous variant,Benign,"criteria provided, single submitter",LB,2024-03-20,B,2025-06-16,2,2,True,toward_benign,2024.0,2025.0
878231,SLC22A12,NM_144585.4(SLC22A12):c.123G>A (p.Ser41=),,single nucleotide variant,synonymous variant|5 prime UTR variant,Benign/Likely benign,"criteria provided, multiple submitters, no conflicts",LB,2018-01-12,B,2026-01-29,4,4,True,toward_benign,2018.0,2026.0
1168756,SLC22A12,NM_144585.4(SLC22A12):c.1428C>T (p.Ala476=),,single nucleotide variant,synonymous variant,Benign/Likely benign,"criteria provided, multiple submitters, no conflicts",LB,2021-07-24,B,2025-12-29,2,2,True,toward_benign,2021.0,2025.0
1600848,SLC22A12,NM_144585.4(SLC22A12):c.1599-17G>A,,single nucleotide variant,intron variant,Benign/Likely benign,"criteria provided, multiple submitters, no conflicts",LB,2021-12-17,B,2025-04-07,2,2,True,toward_benign,2021.0,2025.0
1189385,SLC22A12,NM_144585.4(SLC22A12):c.1599-17G>C,,single nucleotide variant,intron variant,Benign/Likely benign,"criteria provided, multiple submitters, no conflicts",LB,2020-12-08,B,2025-12-16,3,3,True,toward_benign,2020.0,2025.0
727788,SLC22A12,NM_144585.4(SLC22A12):c.615G>A (p.Leu205=),,single nucleotide variant,synonymous variant|intron variant,Benign/Likely benign,"criteria provided, multiple submitters, no conflicts",LB,2018-01-12,B,2025-07-06,3,3,True,toward_benign,2018.0,2025.0
1166094,SLC22A12,NM_144585.4(SLC22A12):c.661+20C>T,,single nucleotide variant,intron variant,Benign/Likely benign,"criteria provided, multiple submitters, no conflicts",LB,2021-10-20,B,2025-12-17,2,2,True,toward_benign,2021.0,2025.0
305237,SLC22A12,NM_144585.4(SLC22A12):c.831-4T>C,,single nucleotide variant,intron variant,Benign/Likely benign,"criteria provided, multiple submitters, no conflicts",LB,2017-04-27,B,2025-12-04,2,2,True,toward_benign,2017.0,2025.0
2050846,SLC2A9,NM_020041.3(SLC2A9):c.1215+8G>A,,single nucleotide variant,intron variant,Benign,"criteria provided, single submitter",LB,2019-04-11,B,2025-12-17,2,2,True,toward_benign,2019.0,2025.0
777839,SLC34A3,NM_001177316.2(SLC34A3):c.1071C>T (p.Val357=),,single nucleotide variant,synonymous variant,Benign/Likely benign,"criteria provided, multiple submitters, no conflicts",LB,2019-06-17,B,2026-02-02,3,3,True,toward_benign,2019.0,2026.0
1633168,SLC34A3,NM_001177316.2(SLC34A3):c.1093+19G>A,,single nucleotide variant,intron variant,Benign/Likely benign,"criteria provided, multiple submitters, no conflicts",LB,2021-09-03,B,2025-12-11,3,3,True,toward_benign,2021.0,2025.0
1553287,SLC34A3,NM_001177316.2(SLC34A3):c.1093+8C>T,,single nucleotide variant,intron variant,Benign/Likely benign,"criteria provided, multiple submitters, no conflicts",LB,2020-11-02,B,2025-12-15,4,4,True,toward_benign,2020.0,2025.0
2181419,SLC34A3,NM_001177316.2(SLC34A3):c.1107G>A (p.Pro369=),,single nucleotide variant,synonymous variant,Benign,"criteria provided, single submitter",LB,2019-04-05,B,2025-01-15,2,2,True,toward_benign,2019.0,2025.0
1167719,SLC34A3,NM_001177316.2(SLC34A3):c.1779C>G (p.Ile593Met),I593M,single nucleotide variant,missense variant,Benign,"criteria provided, single submitter",LB,2020-07-20,B,2026-01-03,2,2,True,toward_benign,2020.0,2026.0
1598682,SLC34A3,NM_001177316.2(SLC34A3):c.304+20C>T,,single nucleotide variant,intron variant,Benign/Likely benign,"criteria provided, multiple submitters, no conflicts",LB,2021-08-17,B,2026-01-22,2,2,True,toward_benign,2021.0,2026.0
499914,SLC34A3,NM_001177316.2(SLC34A3):c.321C>T (p.Asp107=),,single nucleotide variant,synonymous variant,Benign/Likely benign,"criteria provided, multiple submitters, no conflicts",LB,2017-02-15,B,2026-01-22,3,3,True,toward_benign,2017.0,2026.0
1564696,SLC34A3,NM_001177316.2(SLC34A3):c.449-9del,,Deletion,intron variant,Benign/Likely benign,"criteria provided, multiple submitters, no conflicts",LB,2024-05-08,B,2025-11-08,3,3,True,toward_benign,2024.0,2025.0
776485,SLC34A3,NM_001177316.2(SLC34A3):c.477C>T (p.Ile159=),,single nucleotide variant,synonymous variant,Benign/Likely benign,"criteria provided, multiple submitters, no conflicts",LB,2021-05-21,B,2026-02-01,4,4,True,toward_benign,2021.0,2026.0
283344,SLC34A3,NM_001177316.2(SLC34A3):c.779G>A (p.Ser260Asn),S260N,single nucleotide variant,missense variant,Benign/Likely benign,"criteria provided, multiple submitters, no conflicts",LB,2015-10-05,B,2026-02-01,7,7,True,toward_benign,2015.0,2026.0
716201,SLC34A3,NM_001177316.2(SLC34A3):c.828C>T (p.Cys276=),,single nucleotide variant,synonymous variant,Benign/Likely benign,"criteria provided, multiple submitters, no conflicts",LB,2021-08-09,B,2025-12-21,4,4,True,toward_benign,2021.0,2025.0
746421,SLC34A3,NM_001177316.2(SLC34A3):c.836C>T (p.Thr279Met),T279M,single nucleotide variant,missense variant,Benign/Likely benign,"criteria provided, multiple submitters, no conflicts",LB,2019-10-09,B,2026-01-28,5,5,True,toward_benign,2019.0,2026.0
795872,SLC34A3,NM_001177316.2(SLC34A3):c.876C>T (p.Phe292=),,single nucleotide variant,synonymous variant,Benign/Likely benign,"criteria provided, multiple submitters, no conflicts",LB,2021-10-19,B,2025-11-21,3,3,True,toward_benign,2021.0,2025.0
1897000,SLC34A3,NM_001177316.2(SLC34A3):c.926-83G>A,,single nucleotide variant,intron variant,Benign,"criteria provided, single submitter",LB,2019-03-01,B,2025-12-28,2,2,True,toward_benign,2019.0,2025.0
1169030,SLC34A3,NM_001177316.2(SLC34A3):c.942G>C (p.Ala314=),,single nucleotide variant,synonymous variant,Benign/Likely benign,"criteria provided, multiple submitters, no conflicts",LB,2021-03-29,B,2026-02-04,5,5,True,toward_benign,2021.0,2026.0
791683,SLC3A1,NM_000341.4(SLC3A1):c.1035G>A (p.Glu345=),,single nucleotide variant,synonymous variant,Benign/Likely benign,"criteria provided, multiple submitters, no conflicts",LB,2017-04-27,B,2026-01-26,5,5,True,toward_benign,2017.0,2026.0
336196,SLC3A1,NM_000341.4(SLC3A1):c.892-6C>G,,single nucleotide variant,intron variant,Benign/Likely benign,"criteria provided, multiple submitters, no conflicts",LB,2018-01-12,B,2026-01-26,7,7,True,toward_benign,2018.0,2026.0
744990,SLC3A1,NM_001171613.2(PREPL):c.1854C>T (p.Tyr618=),,single nucleotide variant,3 prime UTR variant|synonymous variant,Benign/Likely benign,"criteria provided, multiple submitters, no conflicts",LB,2023-10-01,B,2026-01-06,2,2,True,toward_benign,2023.0,2026.0
436413,SLC3A1,NM_001171613.2(PREPL):c.1855G>A (p.Glu619Lys),"E708K, E619K, E646K, E642K",single nucleotide variant,3 prime UTR variant|missense variant,Benign/Likely benign,"criteria provided, multiple submitters, no conflicts",LB,2015-11-11,B,2026-02-02,3,3,True,toward_benign,2015.0,2026.0
323486,SLC4A1,NM_000342.4(SLC4A1):c.*1227A>C,,single nucleotide variant,3 prime UTR variant,Benign/Likely benign,"criteria provided, single submitter",LB,2018-01-12,B,2018-01-12,3,1,True,toward_benign,2018.0,2018.0
891263,SLC4A1,NM_000342.4(SLC4A1):c.*1792G>A,,single nucleotide variant,3 prime UTR variant,Benign/Likely benign,"criteria provided, single submitter",LB,2018-01-12,B,2018-01-12,3,1,True,toward_benign,2018.0,2018.0
891262,SLC4A1,NM_000342.4(SLC4A1):c.*1933G>A,,single nucleotide variant,3 prime UTR variant,Benign/Likely benign,"criteria provided, single submitter",LB,2018-01-13,B,2018-01-13,3,1,True,toward_benign,2018.0,2018.0
1909012,SLC4A1,NM_000342.4(SLC4A1):c.1554C>T (p.Arg518=),,single nucleotide variant,synonymous variant,Benign/Likely benign,"criteria provided, multiple submitters, no conflicts",LB,2025-04-21,B,2025-06-04,2,2,True,toward_benign,2025.0,2025.0
760852,SLC4A1,NM_000342.4(SLC4A1):c.1692G>A (p.Gln564=),,single nucleotide variant,synonymous variant,Benign/Likely benign,"criteria provided, multiple submitters, no conflicts",LB,2020-01-18,B,2025-12-24,3,3,True,toward_benign,2020.0,2025.0
255908,SLC4A1,NM_000342.4(SLC4A1):c.1800+12C>T,,single nucleotide variant,intron variant,Benign/Likely benign,"criteria provided, multiple submitters, no conflicts",LB,2022-04-11,B,2025-12-14,5,5,True,toward_benign,2022.0,2025.0
760851,SLC4A1,NM_000342.4(SLC4A1):c.2482-7C>T,,single nucleotide variant,intron variant,Benign/Likely benign,"criteria provided, multiple submitters, no conflicts",LB,2020-01-14,B,2025-12-24,4,4,True,toward_benign,2020.0,2025.0
1330414,SLC4A1,NM_000342.4(SLC4A1):c.486-18C>T,,single nucleotide variant,intron variant,Benign/Likely benign,"criteria provided, multiple submitters, no conflicts",LB,2021-10-26,B,2025-12-27,3,3,True,toward_benign,2021.0,2025.0
2073185,SLC4A1,NM_000342.4(SLC4A1):c.702C>T (p.Ala234=),,single nucleotide variant,synonymous variant,Benign/Likely benign,"criteria provided, multiple submitters, no conflicts",LB,2024-06-01,B,2026-01-19,2,2,True,toward_benign,2024.0,2026.0
715536,SLC4A1,NM_000342.4(SLC4A1):c.798T>C (p.Phe266=),,single nucleotide variant,synonymous variant,Benign/Likely benign,"criteria provided, multiple submitters, no conflicts",LB,2018-01-13,B,2026-02-03,8,6,True,toward_benign,2018.0,2026.0
784640,SLC7A9,NM_014270.5(SLC7A9):c.1119G>A (p.Ser373=),,single nucleotide variant,synonymous variant,Benign/Likely benign,"criteria provided, multiple submitters, no conflicts",LB,2017-04-27,B,2025-12-17,5,5,True,toward_benign,2017.0,2025.0
1600745,SLC7A9,NM_014270.5(SLC7A9):c.1182C>T (p.Ile394=),,single nucleotide variant,synonymous variant,Benign/Likely benign,"criteria provided, multiple submitters, no conflicts",LB,2021-11-18,B,2026-01-30,3,3,True,toward_benign,2021.0,2026.0
889689,SLC7A9,NM_014270.5(SLC7A9):c.1365C>T (p.Val455=),,single nucleotide variant,synonymous variant,Benign/Likely benign,"criteria provided, multiple submitters, no conflicts",LB,2018-01-13,B,2026-02-02,4,4,True,toward_benign,2018.0,2026.0
328743,SLC7A9,NM_014270.5(SLC7A9):c.1403C>T (p.Pro468Leu),P468L,single nucleotide variant,missense variant,Benign/Likely benign,"criteria provided, multiple submitters, no conflicts",LB,2018-01-13,B,2026-01-18,4,4,True,toward_benign,2018.0,2026.0
783828,SLC7A9,NM_014270.5(SLC7A9):c.1444C>T (p.Pro482Ser),P482S,single nucleotide variant,missense variant,Benign/Likely benign,"criteria provided, multiple submitters, no conflicts",LB,2019-10-21,B,2025-11-10,6,6,True,toward_benign,2019.0,2025.0
328766,SLC7A9,NM_014270.5(SLC7A9):c.228G>C (p.Ala76=),,single nucleotide variant,synonymous variant,Benign/Likely benign,"criteria provided, multiple submitters, no conflicts",LB,2018-01-13,B,2026-01-19,3,3,True,toward_benign,2018.0,2026.0
2770768,SLC7A9,NM_014270.5(SLC7A9):c.483C>T (p.Phe161=),,single nucleotide variant,synonymous variant,Benign,"criteria provided, single submitter",LB,2023-08-28,B,2026-01-30,2,2,True,toward_benign,2023.0,2026.0
2042185,SLC7A9,NM_014270.5(SLC7A9):c.573C>A (p.Ile191=),,single nucleotide variant,synonymous variant,Benign,"criteria provided, single submitter",LB,2019-09-09,B,2026-01-27,2,2,True,toward_benign,2019.0,2026.0
1166532,SLC7A9,NM_014270.5(SLC7A9):c.978-18C>T,,single nucleotide variant,intron variant,Benign/Likely benign,"criteria provided, multiple submitters, no conflicts",LB,2021-08-12,B,2025-12-03,2,2,True,toward_benign,2021.0,2025.0
1298722,SLC9A3R1,NM_004252.5(NHERF1):c.432C>T (p.His144=),,single nucleotide variant,synonymous variant,Benign/Likely benign,"criteria provided, multiple submitters, no conflicts",LB,2023-01-01,B,2026-01-05,2,2,True,toward_benign,2023.0,2026.0
1165375,SLC9A3R1,NM_004252.5(NHERF1):c.555C>A (p.Asp185Glu),D185E,single nucleotide variant,missense variant,Benign/Likely benign,"criteria provided, multiple submitters, no conflicts",LB,2023-01-01,B,2024-12-10,2,2,True,toward_benign,2023.0,2024.0
731308,SLC9A3R1,NM_004252.5(NHERF1):c.627G>A (p.Gly209=),,single nucleotide variant,synonymous variant,Benign/Likely benign,"criteria provided, multiple submitters, no conflicts",LB,2020-06-15,B,2026-01-05,4,4,True,toward_benign,2020.0,2026.0
1564788,SLC9A3R1,NM_004252.5(NHERF1):c.888+13T>C,,single nucleotide variant,intron variant,Benign/Likely benign,"criteria provided, multiple submitters, no conflicts",LB,2021-09-29,B,2025-12-30,2,2,True,toward_benign,2021.0,2025.0
796847,VDR,NM_000376.3(VDR):c.1206C>A (p.Arg402=),,single nucleotide variant,synonymous variant,Benign/Likely benign,"criteria provided, multiple submitters, no conflicts",LB,2017-04-27,B,2026-01-11,3,3,True,toward_benign,2017.0,2026.0
791551,VDR,NM_000376.3(VDR):c.444C>T (p.Ser148=),,single nucleotide variant,synonymous variant,Benign/Likely benign,"criteria provided, multiple submitters, no conflicts",LB,2017-04-27,B,2026-01-31,4,4,True,toward_benign,2017.0,2026.0
335792,XDH,NM_000379.4(XDH):c.1134C>T (p.Gly378=),,single nucleotide variant,synonymous variant,Benign/Likely benign,"criteria provided, multiple submitters, no conflicts",LB,2017-04-27,B,2026-01-28,6,6,True,toward_benign,2017.0,2026.0
335791,XDH,NM_000379.4(XDH):c.1184A>T (p.Lys395Met),K395M,single nucleotide variant,missense variant,Benign/Likely benign,"criteria provided, multiple submitters, no conflicts",LB,2017-04-27,B,2026-01-28,6,6,True,toward_benign,2017.0,2026.0
715416,XDH,NM_000379.4(XDH):c.1617G>T (p.Leu539=),,single nucleotide variant,synonymous variant,Benign/Likely benign,"criteria provided, multiple submitters, no conflicts",LB,2021-12-04,B,2025-09-13,2,2,True,toward_benign,2021.0,2025.0
335786,XDH,NM_000379.4(XDH):c.1629C>T (p.Phe543=),,single nucleotide variant,synonymous variant,Benign/Likely benign,"criteria provided, multiple submitters, no conflicts",LB,2018-01-13,B,2025-11-28,5,5,True,toward_benign,2018.0,2025.0
335782,XDH,NM_000379.4(XDH):c.1751A>C (p.Asp584Ala),D584A,single nucleotide variant,missense variant,Benign/Likely benign,"criteria provided, multiple submitters, no conflicts",LB,2018-01-13,B,2025-10-19,4,4,True,toward_benign,2018.0,2025.0
335779,XDH,NM_000379.4(XDH):c.1857-4G>A,,single nucleotide variant,intron variant,Benign/Likely benign,"criteria provided, multiple submitters, no conflicts",LB,2018-01-12,B,2026-01-15,5,5,True,toward_benign,2018.0,2026.0
718983,XDH,NM_000379.4(XDH):c.1885G>A (p.Val629Ile),V629I,single nucleotide variant,missense variant,Benign/Likely benign,"criteria provided, multiple submitters, no conflicts",LB,2018-01-12,B,2025-12-29,6,6,True,toward_benign,2018.0,2025.0
1608824,XDH,NM_000379.4(XDH):c.1911C>T (p.Ser637=),,single nucleotide variant,synonymous variant,Benign/Likely benign,"criteria provided, multiple submitters, no conflicts",LB,2019-10-21,B,2025-07-14,3,3,True,toward_benign,2019.0,2025.0
335777,XDH,NM_000379.4(XDH):c.1936A>G (p.Ile646Val),I646V,single nucleotide variant,missense variant,Benign/Likely benign,"criteria provided, multiple submitters, no conflicts",LB,2017-04-27,B,2026-01-28,6,6,True,toward_benign,2017.0,2026.0
1168505,XDH,NM_000379.4(XDH):c.2100+19_2100+22del,,Deletion,intron variant,Benign/Likely benign,"criteria provided, multiple submitters, no conflicts",LB,2020-12-01,B,2026-01-28,3,3,True,toward_benign,2020.0,2026.0
255966,XDH,NM_000379.4(XDH):c.2107A>G (p.Ile703Val),I703V,single nucleotide variant,missense variant,Benign/Likely benign,"criteria provided, multiple submitters, no conflicts",LB,2017-04-27,B,2026-01-28,7,7,True,toward_benign,2017.0,2026.0
335765,XDH,NM_000379.4(XDH):c.3084C>T (p.Gly1028=),,single nucleotide variant,synonymous variant,Benign/Likely benign,"criteria provided, multiple submitters, no conflicts",LB,2017-04-27,B,2026-01-28,7,7,True,toward_benign,2017.0,2026.0
335762,XDH,NM_000379.4(XDH):c.3271G>C (p.Val1091Leu),V1091L,single nucleotide variant,missense variant,Benign/Likely benign,"criteria provided, multiple submitters, no conflicts",LB,2018-01-12,B,2025-06-12,5,5,True,toward_benign,2018.0,2025.0
191300,XDH,NM_000379.4(XDH):c.3276+12A>G,,single nucleotide variant,intron variant,Benign/Likely benign,"criteria provided, multiple submitters, no conflicts",LB,2016-09-28,B,2026-02-04,11,11,True,toward_benign,2016.0,2026.0
779627,XDH,NM_000379.4(XDH):c.3375A>G (p.Thr1125=),,single nucleotide variant,synonymous variant,Benign/Likely benign,"criteria provided, multiple submitters, no conflicts",LB,2025-02-20,B,2026-01-27,2,2,True,toward_benign,2025.0,2026.0
896913,XDH,NM_000379.4(XDH):c.3405-15T>C,,single nucleotide variant,intron variant,Benign/Likely benign,"criteria provided, multiple submitters, no conflicts",LB,2018-01-12,B,2025-12-30,5,5,True,toward_benign,2018.0,2025.0
898502,XDH,NM_000379.4(XDH):c.3771G>A (p.Ser1257=),,single nucleotide variant,synonymous variant,Benign/Likely benign,"criteria provided, multiple submitters, no conflicts",LB,2018-01-13,B,2026-01-27,4,4,True,toward_benign,2018.0,2026.0
765186,XDH,NM_000379.4(XDH):c.3789G>A (p.Pro1263=),,single nucleotide variant,synonymous variant,Benign/Likely benign,"criteria provided, multiple submitters, no conflicts",LB,2019-03-05,B,2025-10-20,3,3,True,toward_benign,2019.0,2025.0
335755,XDH,NM_000379.4(XDH):c.3937A>G (p.Lys1313Glu),K1313E,single nucleotide variant,missense variant,Benign/Likely benign,"criteria provided, multiple submitters, no conflicts",LB,2018-01-13,B,2026-01-13,4,4,True,toward_benign,2018.0,2026.0
897349,XDH,NM_000379.4(XDH):c.3951+14C>G,,single nucleotide variant,intron variant,Benign/Likely benign,"criteria provided, multiple submitters, no conflicts",LB,2018-01-13,B,2026-01-13,3,3,True,toward_benign,2018.0,2026.0
715376,XDH,NM_000379.4(XDH):c.397G>A (p.Glu133Lys),E133K,single nucleotide variant,missense variant,Benign/Likely benign,"criteria provided, multiple submitters, no conflicts",LB,2018-01-12,B,2026-01-19,4,4,True,toward_benign,2018.0,2026.0
335799,XDH,NM_000379.4(XDH):c.514G>A (p.Gly172Arg),G172R,single nucleotide variant,missense variant,Benign/Likely benign,"criteria provided, multiple submitters, no conflicts",LB,2017-04-27,B,2026-01-27,6,6,True,toward_benign,2017.0,2026.0
895718,XDH,NM_000379.4(XDH):c.636T>C (p.Phe212=),,single nucleotide variant,synonymous variant,Benign/Likely benign,"criteria provided, multiple submitters, no conflicts",LB,2018-01-12,B,2026-01-27,6,6,True,toward_benign,2018.0,2026.0
1583868,XDH,NM_000379.4(XDH):c.793+19G>A,,single nucleotide variant,intron variant,Benign/Likely benign,"criteria provided, multiple submitters, no conflicts",LB,2021-08-25,B,2025-12-01,2,2,True,toward_benign,2021.0,2025.0
335793,XDH,NM_000379.4(XDH):c.837C>T (p.Val279=),,single nucleotide variant,synonymous variant,Benign/Likely benign,"criteria provided, multiple submitters, no conflicts",LB,2017-04-27,B,2026-01-27,6,6,True,toward_benign,2017.0,2026.0
1521167,ADCY10,NM_018417.6(ADCY10):c.20A>C (p.Glu7Ala),E7A,single nucleotide variant,5 prime UTR variant|missense variant|intron variant,Uncertain significance,"criteria provided, multiple submitters, no conflicts",LB,2023-04-12,VUS,2025-06-12,3,3,True,toward_pathogenic,2023.0,2025.0
2168716,ADCY10,NM_018417.6(ADCY10):c.2251G>A (p.Val751Ile),"V659I, V751I, V598I",single nucleotide variant,missense variant,Uncertain significance,"criteria provided, single submitter",LB,2022-03-07,VUS,2022-03-11,2,2,True,toward_pathogenic,2022.0,2022.0
955513,ADCY10,NM_018417.6(ADCY10):c.4558G>A (p.Val1520Ile),"V1367I, V1428I, V1520I",single nucleotide variant,missense variant,Uncertain significance,"criteria provided, multiple submitters, no conflicts",LB,2022-11-03,VUS,2025-10-08,3,3,True,toward_pathogenic,2022.0,2025.0
2046093,AGXT,NM_000030.3(AGXT):c.1071+9G>A,,single nucleotide variant,intron variant,Likely benign,"criteria provided, single submitter",LB,2023-02-03,VUS,2025-04-22,2,2,True,toward_pathogenic,2023.0,2025.0
2111190,AGXT,NM_000030.3(AGXT):c.1072-6C>T,,single nucleotide variant,intron variant,Likely benign,"criteria provided, single submitter",LB,2022-03-13,VUS,2025-04-11,2,2,True,toward_pathogenic,2022.0,2025.0
2167723,AGXT,NM_000030.3(AGXT):c.363C>T (p.Ala121=),,single nucleotide variant,synonymous variant,Likely benign,"criteria provided, single submitter",LB,2023-03-17,VUS,2025-02-17,2,2,True,toward_pathogenic,2023.0,2025.0
1913703,AGXT,NM_000030.3(AGXT):c.595+7G>A,,single nucleotide variant,intron variant,Likely benign,"criteria provided, single submitter",LB,2024-02-19,VUS,2025-01-16,2,2,True,toward_pathogenic,2024.0,2025.0
335300,AGXT,NM_000030.3(AGXT):c.942+14T>G,,single nucleotide variant,intron variant,Uncertain significance,"criteria provided, single submitter",LB,2017-10-24,VUS,2018-01-13,2,2,True,toward_pathogenic,2017.0,2018.0
1974244,AGXT,NM_000030.3(AGXT):c.99G>C (p.Leu33=),,single nucleotide variant,synonymous variant,Likely benign,"criteria provided, single submitter",LB,2023-10-15,VUS,2025-03-27,2,2,True,toward_pathogenic,2023.0,2025.0
2726996,ATP6V1B1,NM_001692.4(ATP6V1B1):c.1060+10T>C,,single nucleotide variant,intron variant,Likely benign,"criteria provided, single submitter",LB,2024-01-11,VUS,2025-01-20,2,2,True,toward_pathogenic,2024.0,2025.0
2786749,ATP6V1B1,NM_001692.4(ATP6V1B1):c.274-5C>G,,single nucleotide variant,intron variant,Likely benign,"criteria provided, single submitter",LB,2023-04-23,VUS,2025-03-08,2,2,True,toward_pathogenic,2023.0,2025.0
1652546,ATP6V1B1,NM_001692.4(ATP6V1B1):c.351G>A (p.Val117=),,single nucleotide variant,synonymous variant,Likely benign,"criteria provided, single submitter",LB,2021-08-19,VUS,2025-02-13,2,2,True,toward_pathogenic,2021.0,2025.0
2901847,ATP6V1B1,NM_001692.4(ATP6V1B1):c.48C>T (p.Ser16=),,single nucleotide variant,synonymous variant,Likely benign,"criteria provided, single submitter",LB,2023-06-23,VUS,2025-03-24,2,2,True,toward_pathogenic,2023.0,2025.0
1609454,ATP6V1B1,NM_001692.4(ATP6V1B1):c.612G>C (p.Ala204=),,single nucleotide variant,synonymous variant,Likely benign,"criteria provided, single submitter",LB,2021-10-10,VUS,2025-02-03,2,2,True,toward_pathogenic,2021.0,2025.0
2965434,ATP6V1B1,NM_001692.4(ATP6V1B1):c.708A>G (p.Arg236=),,single nucleotide variant,synonymous variant,Likely benign,"criteria provided, single submitter",LB,2023-12-30,VUS,2025-01-24,2,2,True,toward_pathogenic,2023.0,2025.0
237757,CASR,NM_000388.4(CASR):c.1608+4G>T,,single nucleotide variant,intron variant,Uncertain significance,"criteria provided, multiple submitters, no conflicts",LB,2021-11-03,VUS,2025-06-12,3,3,True,toward_pathogenic,2021.0,2025.0
344443,CLDN16,NM_001378492.1(CLDN16):c.-93-120A>T,,single nucleotide variant,intron variant,Uncertain significance,"criteria provided, single submitter",LB,2020-04-27,VUS,2022-08-23,2,2,True,toward_pathogenic,2020.0,2022.0
2982532,GRHPR,NM_012203.2(GRHPR):c.287+7G>T,,single nucleotide variant,intron variant,Likely benign,"criteria provided, single submitter",LB,2023-06-03,VUS,2025-02-05,2,2,True,toward_pathogenic,2023.0,2025.0
2792521,GRHPR,NM_012203.2(GRHPR):c.474C>T (p.Ile158=),,single nucleotide variant,synonymous variant,Likely benign,"criteria provided, single submitter",LB,2023-05-05,VUS,2025-01-13,2,2,True,toward_pathogenic,2023.0,2025.0
1160786,GRHPR,NM_012203.2(GRHPR):c.494-4C>T,,single nucleotide variant,intron variant,Likely benign,"criteria provided, single submitter",LB,2023-01-05,VUS,2025-04-30,2,2,True,toward_pathogenic,2023.0,2025.0
1651025,GRHPR,NM_012203.2(GRHPR):c.51C>G (p.Ala17=),,single nucleotide variant,synonymous variant,Likely benign,"criteria provided, single submitter",LB,2020-11-21,VUS,2025-05-05,2,2,True,toward_pathogenic,2020.0,2025.0
1080958,GRHPR,NM_012203.2(GRHPR):c.63C>T (p.Val21=),,single nucleotide variant,synonymous variant,Likely benign,"criteria provided, single submitter",LB,2019-03-30,VUS,2025-01-09,2,2,True,toward_pathogenic,2019.0,2025.0
1664431,GRHPR,NM_012203.2(GRHPR):c.678C>T (p.Cys226=),,single nucleotide variant,synonymous variant,Likely benign,"criteria provided, single submitter",LB,2020-12-22,VUS,2025-03-01,2,2,True,toward_pathogenic,2020.0,2025.0
1946736,GRHPR,NM_012203.2(GRHPR):c.75G>A (p.Arg25=),,single nucleotide variant,synonymous variant,Likely benign,"criteria provided, single submitter",LB,2022-08-12,VUS,2025-04-23,2,2,True,toward_pathogenic,2022.0,2025.0
510585,HNF4A,NM_175914.5(HNF4A):c.1064-19C>A,,single nucleotide variant,intron variant,Uncertain significance,reviewed by expert panel,LB,2020-05-06,VUS,2023-12-25,2,2,True,toward_pathogenic,2020.0,2023.0
447519,HNF4A,NM_175914.5(HNF4A):c.670+7C>T,,single nucleotide variant,intron variant,Uncertain significance,reviewed by expert panel,LB,2017-06-05,VUS,2025-01-29,6,6,True,toward_pathogenic,2017.0,2025.0
1499211,SLC4A1,NM_000342.4(SLC4A1):c.877-3dup,,Duplication,intron variant,Uncertain significance,"criteria provided, multiple submitters, no conflicts",LB,2021-05-10,VUS,2024-06-26,4,4,True,toward_pathogenic,2021.0,2024.0
1414261,XDH,NM_000379.4(XDH):c.1602C>T (p.Asp534=),,single nucleotide variant,synonymous variant,Uncertain significance,"criteria provided, single submitter",LB,2019-06-06,VUS,2021-06-20,2,2,True,toward_pathogenic,2019.0,2021.0
3774588,ADCY10,NM_018417.6(ADCY10):c.3544A>T (p.Arg1182Ter),"R1029*, R1090*, R1182*",single nucleotide variant,nonsense,Pathogenic/Likely pathogenic,"criteria provided, multiple submitters, no conflicts",LP,2025-03-10,P,2025-11-16,2,2,True,toward_pathogenic,2025.0,2025.0
188986,AGXT,NM_000030.3(AGXT):c.1049G>A (p.Gly350Asp),G350D,single nucleotide variant,missense variant,Pathogenic/Likely pathogenic,"criteria provided, multiple submitters, no conflicts",LP,2014-09-25,P,2025-11-19,10,10,True,toward_pathogenic,2014.0,2025.0
188957,AGXT,NM_000030.3(AGXT):c.106C>T (p.Arg36Cys),R36C,single nucleotide variant,missense variant,Pathogenic,"criteria provided, multiple submitters, no conflicts",LP,2014-09-05,P,2025-01-27,6,6,True,toward_pathogenic,2014.0,2025.0
2203299,AGXT,NM_000030.3(AGXT):c.1078C>T (p.Arg360Trp),R360W,single nucleotide variant,missense variant,Pathogenic/Likely pathogenic,"criteria provided, multiple submitters, no conflicts",LP,2023-02-27,P,2026-02-09,6,6,True,toward_pathogenic,2023.0,2026.0
204072,AGXT,NM_000030.3(AGXT):c.107G>A (p.Arg36His),R36H,single nucleotide variant,missense variant,Pathogenic/Likely pathogenic,"criteria provided, multiple submitters, no conflicts",LP,2013-02-01,P,2026-01-27,11,11,True,toward_pathogenic,2013.0,2026.0
554314,AGXT,NM_000030.3(AGXT):c.126dup (p.Leu43fs),L43fs,Duplication,frameshift variant,Pathogenic,"criteria provided, single submitter",LP,2017-10-16,P,2023-10-27,2,2,True,toward_pathogenic,2017.0,2023.0
2681194,AGXT,NM_000030.3(AGXT):c.139G>C (p.Gly47Arg),G47R,single nucleotide variant,missense variant,Pathogenic/Likely pathogenic,"criteria provided, multiple submitters, no conflicts",LP,2023-10-27,P,2024-02-02,2,2,True,toward_pathogenic,2023.0,2024.0
983726,AGXT,NM_000030.3(AGXT):c.198C>A (p.Tyr66Ter),Y66*,single nucleotide variant,nonsense,Pathogenic/Likely pathogenic,"criteria provided, multiple submitters, no conflicts",LP,2019-12-28,P,2023-10-27,3,3,True,toward_pathogenic,2019.0,2023.0
2681157,AGXT,NM_000030.3(AGXT):c.244G>A (p.Gly82Arg),G82R,single nucleotide variant,missense variant,Pathogenic/Likely pathogenic,"criteria provided, multiple submitters, no conflicts",LP,2023-10-27,P,2025-05-29,2,2,True,toward_pathogenic,2023.0,2025.0
188866,AGXT,NM_000030.3(AGXT):c.302T>C (p.Leu101Pro),L101P,single nucleotide variant,missense variant,Pathogenic/Likely pathogenic,"criteria provided, multiple submitters, no conflicts",LP,2014-07-07,P,2026-01-18,11,11,True,toward_pathogenic,2014.0,2026.0
188891,AGXT,NM_000030.3(AGXT):c.322T>C (p.Trp108Arg),W108R,single nucleotide variant,missense variant,Pathogenic/Likely pathogenic,"criteria provided, multiple submitters, no conflicts",LP,2014-07-19,P,2024-03-30,8,8,True,toward_pathogenic,2014.0,2024.0
204069,AGXT,NM_000030.3(AGXT):c.32C>G (p.Pro11Arg),P11R,single nucleotide variant,missense variant,Pathogenic/Likely pathogenic,"criteria provided, multiple submitters, no conflicts",LP,2013-02-01,P,2026-01-24,17,17,True,toward_pathogenic,2013.0,2026.0
188775,AGXT,NM_000030.3(AGXT):c.33del (p.Lys12fs),K12fs,Deletion,frameshift variant,Pathogenic,"criteria provided, multiple submitters, no conflicts",LP,2014-05-01,P,2024-02-10,8,8,True,toward_pathogenic,2014.0,2024.0
189021,AGXT,NM_000030.3(AGXT):c.346G>A (p.Gly116Arg),G116R,single nucleotide variant,missense variant,Pathogenic/Likely pathogenic,"criteria provided, multiple submitters, no conflicts",LP,2014-10-16,P,2025-05-21,8,8,True,toward_pathogenic,2014.0,2025.0
2664113,AGXT,NM_000030.3(AGXT):c.34_35dup (p.Ala13fs),A13fs,Duplication,frameshift variant,Likely pathogenic,"criteria provided, single submitter",LP,2023-10-27,P,2024-10-31,2,2,True,toward_pathogenic,2023.0,2024.0
971513,AGXT,NM_000030.3(AGXT):c.374_381del (p.Pro125fs),P125fs,Deletion,frameshift variant,Pathogenic/Likely pathogenic,"criteria provided, multiple submitters, no conflicts",LP,2021-12-08,P,2023-11-10,3,3,True,toward_pathogenic,2021.0,2023.0
189047,AGXT,NM_000030.3(AGXT):c.568G>A (p.Gly190Arg),G190R,single nucleotide variant,missense variant,Pathogenic,"criteria provided, multiple submitters, no conflicts",LP,2014-11-06,P,2026-01-09,11,11,True,toward_pathogenic,2014.0,2026.0
188979,AGXT,NM_000030.3(AGXT):c.653C>T (p.Ser218Leu),S218L,single nucleotide variant,missense variant,Pathogenic,"criteria provided, multiple submitters, no conflicts",LP,2014-09-24,P,2023-01-29,6,6,True,toward_pathogenic,2014.0,2023.0
370958,AGXT,NM_000030.3(AGXT):c.673_676del (p.Lys225fs),K225fs,Deletion,frameshift variant,Pathogenic/Likely pathogenic,"criteria provided, multiple submitters, no conflicts",LP,2016-05-23,P,2022-04-09,3,3,True,toward_pathogenic,2016.0,2022.0
189035,AGXT,NM_000030.3(AGXT):c.737G>A (p.Trp246Ter),W246*,single nucleotide variant,nonsense,Pathogenic/Likely pathogenic,"criteria provided, multiple submitters, no conflicts",LP,2014-10-23,P,2024-03-12,5,5,True,toward_pathogenic,2014.0,2024.0
188898,AGXT,NM_000030.3(AGXT):c.752G>A (p.Trp251Ter),W251*,single nucleotide variant,nonsense,Pathogenic,"criteria provided, single submitter",LP,2014-07-23,P,2024-04-29,2,2,True,toward_pathogenic,2014.0,2024.0
550885,AGXT,NM_000030.3(AGXT):c.776+2T>G,,single nucleotide variant,splice donor variant,Pathogenic,"criteria provided, single submitter",LP,2017-02-27,P,2024-02-20,2,2,True,toward_pathogenic,2017.0,2024.0
188774,AGXT,NM_000030.3(AGXT):c.777-1G>C,,single nucleotide variant,splice acceptor variant,Pathogenic,"criteria provided, multiple submitters, no conflicts",LP,2014-05-01,P,2024-11-19,7,7,True,toward_pathogenic,2014.0,2024.0
2675222,AGXT,NM_000030.3(AGXT):c.807dup (p.Tyr270fs),Y270fs,Duplication,frameshift variant,Pathogenic/Likely pathogenic,"criteria provided, multiple submitters, no conflicts",LP,2022-12-30,P,2023-10-27,2,2,True,toward_pathogenic,2022.0,2023.0
384333,ATP6V0A4,NM_020632.3(ATP6V0A4):c.1231G>T (p.Asp411Tyr),D411Y,single nucleotide variant,missense variant,Pathogenic/Likely pathogenic,"criteria provided, multiple submitters, no conflicts",LP,2018-10-26,P,2025-09-16,7,7,True,toward_pathogenic,2018.0,2025.0
623151,ATP6V0A4,NM_020632.3(ATP6V0A4):c.1346G>A (p.Arg449His),R449H,single nucleotide variant,missense variant,Pathogenic/Likely pathogenic,"criteria provided, multiple submitters, no conflicts",LP,2018-07-19,P,2025-12-21,5,5,True,toward_pathogenic,2018.0,2025.0
802370,ATP6V0A4,NM_020632.3(ATP6V0A4):c.1691+2dup,,Duplication,splice donor variant,Pathogenic/Likely pathogenic,"criteria provided, multiple submitters, no conflicts",LP,2019-05-28,P,2025-10-02,4,4,True,toward_pathogenic,2019.0,2025.0
632498,ATP6V0A4,NM_020632.3(ATP6V0A4):c.2308C>T (p.Arg770Ter),R770*,single nucleotide variant,nonsense,Pathogenic/Likely pathogenic,"criteria provided, multiple submitters, no conflicts",LP,2017-07-11,P,2023-12-28,4,4,True,toward_pathogenic,2017.0,2023.0
1179181,ATP6V0A4,NM_020632.3(ATP6V0A4):c.52C>T (p.Gln18Ter),Q18*,single nucleotide variant,nonsense,Pathogenic/Likely pathogenic,"criteria provided, single submitter",LP,2021-06-30,P,2024-02-21,2,1,True,toward_pathogenic,2021.0,2024.0
3256909,ATP6V0A4,NM_020632.3(ATP6V0A4):c.977G>A (p.Trp326Ter),W326*,single nucleotide variant,nonsense,Pathogenic/Likely pathogenic,"criteria provided, multiple submitters, no conflicts",LP,2024-01-10,P,2024-09-28,3,3,True,toward_pathogenic,2024.0,2024.0
958554,ATP6V1B1,NM_001692.4(ATP6V1B1):c.1004del (p.Val335fs),V335fs,Deletion,frameshift variant,Pathogenic/Likely pathogenic,"criteria provided, multiple submitters, no conflicts",LP,2021-08-04,P,2023-08-02,2,2,True,toward_pathogenic,2021.0,2023.0
2501126,ATP6V1B1,NM_001692.4(ATP6V1B1):c.448C>T (p.Gln150Ter),Q150*,single nucleotide variant,nonsense,Pathogenic/Likely pathogenic,"criteria provided, multiple submitters, no conflicts",LP,2023-03-23,P,2023-08-19,2,2,True,toward_pathogenic,2023.0,2023.0
850234,ATP6V1B1,NM_001692.4(ATP6V1B1):c.469C>T (p.Arg157Cys),R157C,single nucleotide variant,missense variant,Pathogenic/Likely pathogenic,"criteria provided, multiple submitters, no conflicts",LP,2021-07-13,P,2026-01-21,4,4,True,toward_pathogenic,2021.0,2026.0
554501,ATP6V1B1,NM_001692.4(ATP6V1B1):c.484G>T (p.Glu162Ter),E162*,single nucleotide variant,nonsense,Pathogenic,"criteria provided, multiple submitters, no conflicts",LP,2017-10-24,P,2025-10-08,4,4,True,toward_pathogenic,2017.0,2025.0
3586876,ATP6V1B1,NM_001692.4(ATP6V1B1):c.687+1G>A,,single nucleotide variant,splice donor variant,Pathogenic/Likely pathogenic,"criteria provided, multiple submitters, no conflicts",LP,2024-06-12,P,2024-11-29,2,2,True,toward_pathogenic,2024.0,2024.0
988216,ATP6V1B1,NM_001692.4(ATP6V1B1):c.79C>T (p.Gln27Ter),Q27*,single nucleotide variant,nonsense,Pathogenic,"criteria provided, multiple submitters, no conflicts",LP,2014-04-18,P,2025-02-03,3,3,True,toward_pathogenic,2014.0,2025.0
554499,ATP6V1B1,NM_001692.4(ATP6V1B1):c.943C>T (p.Arg315Ter),R315*,single nucleotide variant,nonsense,Pathogenic/Likely pathogenic,"criteria provided, multiple submitters, no conflicts",LP,2017-10-24,P,2025-12-30,5,5,True,toward_pathogenic,2017.0,2025.0
2801530,ATP6V1B1,NM_001692.4(ATP6V1B1):c.988G>T (p.Glu330Ter),E330*,single nucleotide variant,nonsense,Pathogenic/Likely pathogenic,"criteria provided, multiple submitters, no conflicts",LP,2024-05-01,P,2024-06-21,3,3,True,toward_pathogenic,2024.0,2024.0
632527,CA2,NM_000067.3(CA2):c.681del (p.Lys227fs),"K227fs, K126fs",Deletion,frameshift variant,Pathogenic/Likely pathogenic,"criteria provided, multiple submitters, no conflicts",LP,2017-04-28,P,2025-12-23,4,4,True,toward_pathogenic,2017.0,2025.0
4540914,CASR,NM_000388.4(CASR):c.1378_1379insAGCAAAGG,,Insertion,splice acceptor variant,Pathogenic/Likely pathogenic,"criteria provided, multiple submitters, no conflicts",LP,2025-03-04,P,2025-12-15,2,2,True,toward_pathogenic,2025.0,2025.0
35778,CASR,NM_000388.4(CASR):c.1525G>A (p.Gly509Arg),G509R,single nucleotide variant,missense variant,Pathogenic/Likely pathogenic,"criteria provided, multiple submitters, no conflicts",LP,2020-09-29,P,2025-10-05,3,3,True,toward_pathogenic,2020.0,2025.0
1066880,CASR,NM_000388.4(CASR):c.1525G>C (p.Gly509Arg),G509R,single nucleotide variant,missense variant,Pathogenic/Likely pathogenic,"criteria provided, multiple submitters, no conflicts",LP,2024-06-18,P,2025-01-15,4,4,True,toward_pathogenic,2024.0,2025.0
804659,CASR,NM_000388.4(CASR):c.1664T>C (p.Ile555Thr),"I555T, I565T",single nucleotide variant,missense variant,Pathogenic/Likely pathogenic,"criteria provided, multiple submitters, no conflicts",LP,2023-02-23,P,2025-11-24,5,5,True,toward_pathogenic,2023.0,2025.0
1321411,CASR,NM_000388.4(CASR):c.1A>G (p.Met1Val),M1V,single nucleotide variant,missense variant|initiator_codon_variant,Pathogenic/Likely pathogenic,"criteria provided, multiple submitters, no conflicts",LP,2024-08-27,P,2025-10-23,3,3,True,toward_pathogenic,2024.0,2025.0
3485307,CASR,NM_000388.4(CASR):c.2011G>T (p.Glu671Ter),"E671*, E681*",single nucleotide variant,nonsense,Pathogenic/Likely pathogenic,"criteria provided, multiple submitters, no conflicts",LP,2024-06-25,P,2025-05-30,2,2,True,toward_pathogenic,2024.0,2025.0
2501073,CASR,NM_000388.4(CASR):c.2024G>A (p.Trp675Ter),"W675*, W685*",single nucleotide variant,nonsense,Pathogenic/Likely pathogenic,"criteria provided, multiple submitters, no conflicts",LP,2023-03-08,P,2025-12-28,2,2,True,toward_pathogenic,2023.0,2025.0
237763,CASR,NM_000388.4(CASR):c.2039G>A (p.Arg680His),"R680H, R690H",single nucleotide variant,missense variant,Pathogenic/Likely pathogenic,"criteria provided, multiple submitters, no conflicts",LP,2019-04-11,P,2025-10-16,6,6,True,toward_pathogenic,2019.0,2025.0
959995,CASR,NM_000388.4(CASR):c.2299G>A (p.Glu767Lys),"E777K, E767K",single nucleotide variant,missense variant,Pathogenic/Likely pathogenic,"criteria provided, multiple submitters, no conflicts",LP,2023-08-02,P,2025-08-14,3,3,True,toward_pathogenic,2023.0,2025.0
410346,CASR,NM_000388.4(CASR):c.2393C>T (p.Pro798Leu),"P798L, P808L",single nucleotide variant,missense variant,Pathogenic/Likely pathogenic,"criteria provided, multiple submitters, no conflicts",LP,2023-04-21,P,2025-06-09,4,4,True,toward_pathogenic,2023.0,2025.0
374153,CASR,NM_000388.4(CASR):c.2449G>A (p.Val817Ile),"V817I, V827I",single nucleotide variant,missense variant,Pathogenic/Likely pathogenic,"criteria provided, multiple submitters, no conflicts",LP,2015-01-05,P,2025-10-23,6,6,True,toward_pathogenic,2015.0,2025.0
804665,CASR,NM_000388.4(CASR):c.2454G>A (p.Trp818Ter),"W828*, W818*",single nucleotide variant,nonsense,Pathogenic/Likely pathogenic,"criteria provided, multiple submitters, no conflicts",LP,2019-02-03,P,2025-02-09,2,2,True,toward_pathogenic,2019.0,2025.0
3263506,CASR,NM_000388.4(CASR):c.2504C>A (p.Ala835Asp),"A845D, A835D",single nucleotide variant,missense variant,Pathogenic/Likely pathogenic,"criteria provided, multiple submitters, no conflicts",LP,2024-06-13,P,2026-05-07,2,2,True,toward_pathogenic,2024.0,2026.0
2035301,CASR,NM_000388.4(CASR):c.2T>C (p.Met1Thr),M1T,single nucleotide variant,missense variant|initiator_codon_variant,Pathogenic/Likely pathogenic,"criteria provided, multiple submitters, no conflicts",LP,2023-09-26,P,2024-10-06,2,2,True,toward_pathogenic,2023.0,2024.0
237770,CASR,NM_000388.4(CASR):c.427G>A (p.Gly143Arg),G143R,single nucleotide variant,missense variant,Pathogenic/Likely pathogenic,"criteria provided, multiple submitters, no conflicts",LP,2021-11-05,P,2025-09-08,6,6,True,toward_pathogenic,2021.0,2025.0
410345,CASR,NM_000388.4(CASR):c.532A>G (p.Asn178Asp),N178D,single nucleotide variant,missense variant,Pathogenic/Likely pathogenic,"criteria provided, multiple submitters, no conflicts",LP,2022-06-17,P,2025-03-16,2,2,True,toward_pathogenic,2022.0,2025.0
35801,CASR,NM_000388.4(CASR):c.554del (p.Arg185fs),R185fs,Deletion,frameshift variant,Pathogenic/Likely pathogenic,"criteria provided, multiple submitters, no conflicts",LP,2011-08-18,P,2022-11-09,3,3,True,toward_pathogenic,2011.0,2022.0
959855,CASR,NM_000388.4(CASR):c.653A>G (p.Tyr218Cys),Y218C,single nucleotide variant,missense variant,Pathogenic/Likely pathogenic,"criteria provided, multiple submitters, no conflicts",LP,2022-02-04,P,2025-08-22,4,4,True,toward_pathogenic,2022.0,2025.0
448997,CASR,NM_000388.4(CASR):c.659G>A (p.Arg220Gln),R220Q,single nucleotide variant,missense variant,Pathogenic/Likely pathogenic,"criteria provided, multiple submitters, no conflicts",LP,2017-09-18,P,2025-12-29,5,5,True,toward_pathogenic,2017.0,2025.0
1334562,CLCN5,NM_001127898.4(CLCN5):c.1014+1G>A,,single nucleotide variant,splice donor variant,Pathogenic/Likely pathogenic,"criteria provided, multiple submitters, no conflicts",LP,2021-08-29,P,2024-09-24,2,2,True,toward_pathogenic,2021.0,2024.0
3598380,CLCN5,NM_001127898.4(CLCN5):c.1275T>G (p.Tyr425Ter),"Y355*, Y375*, Y425*",single nucleotide variant,nonsense,Pathogenic/Likely pathogenic,"criteria provided, multiple submitters, no conflicts",LP,2024-04-25,P,2025-02-13,2,2,True,toward_pathogenic,2024.0,2025.0
207998,CLCN5,NM_001127898.4(CLCN5):c.1756C>T (p.Arg586Trp),"R516W, R586W, R536W",single nucleotide variant,missense variant,Pathogenic/Likely pathogenic,"criteria provided, multiple submitters, no conflicts",LP,2020-02-01,P,2025-04-01,5,5,True,toward_pathogenic,2020.0,2025.0
2748234,CLCN5,NM_001127898.4(CLCN5):c.933+1G>A,,single nucleotide variant,splice donor variant,Pathogenic/Likely pathogenic,"criteria provided, multiple submitters, no conflicts",LP,2024-03-25,P,2024-04-10,2,2,True,toward_pathogenic,2024.0,2024.0
804713,CLCNKB,NM_000085.5(CLCNKB):c.1325A>G (p.Glu442Gly),"E442G, E273G",single nucleotide variant,missense variant,Pathogenic/Likely pathogenic,"criteria provided, multiple submitters, no conflicts",LP,2018-10-16,P,2024-06-03,5,5,True,toward_pathogenic,2018.0,2024.0
216904,CLCNKB,NM_000085.5(CLCNKB):c.1897del (p.Thr632_Leu633insTer),,Deletion,nonsense,Pathogenic/Likely pathogenic,"criteria provided, multiple submitters, no conflicts",LP,2013-11-05,P,2025-12-06,5,5,True,toward_pathogenic,2013.0,2025.0
3340165,CLCNKB,NM_000085.5(CLCNKB):c.229G>C (p.Ala77Pro),A77P,single nucleotide variant,missense variant,Pathogenic/Likely pathogenic,"criteria provided, multiple submitters, no conflicts",LP,2023-04-12,P,2025-11-07,2,2,True,toward_pathogenic,2023.0,2025.0
1179088,CLCNKB,NM_000085.5(CLCNKB):c.274C>T (p.Arg92Trp),R92W,single nucleotide variant,missense variant,Pathogenic/Likely pathogenic,"criteria provided, multiple submitters, no conflicts",LP,2021-03-16,P,2021-06-30,2,2,True,toward_pathogenic,2021.0,2021.0
992301,CLCNKB,NM_000085.5(CLCNKB):c.376del (p.Glu125_Val126insTer),,Deletion,nonsense,Pathogenic/Likely pathogenic,"criteria provided, multiple submitters, no conflicts",LP,2020-08-19,P,2023-11-20,2,2,True,toward_pathogenic,2020.0,2023.0
1285112,CLCNKB,NM_000085.5(CLCNKB):c.968+1G>A,,single nucleotide variant,splice donor variant,Pathogenic/Likely pathogenic,"criteria provided, multiple submitters, no conflicts",LP,2024-04-29,P,2025-12-11,8,8,True,toward_pathogenic,2024.0,2025.0
3779533,CLDN16,NM_006580.4(CLDN16):c.130C>T (p.Arg44Ter),R44*,single nucleotide variant,nonsense,Pathogenic/Likely pathogenic,"criteria provided, multiple submitters, no conflicts",LP,2020-12-24,P,2025-11-01,3,3,True,toward_pathogenic,2020.0,2025.0
3362772,CLDN16,NM_006580.4(CLDN16):c.436C>T (p.Arg146Cys),R146C,single nucleotide variant,missense variant,Pathogenic/Likely pathogenic,"criteria provided, multiple submitters, no conflicts",LP,2023-08-10,P,2025-05-01,3,3,True,toward_pathogenic,2023.0,2025.0
489303,CLDN16,NM_021101.5(CLDN1):c.192C>A (p.Cys64Ter),C64*,single nucleotide variant,nonsense,Pathogenic/Likely pathogenic,"criteria provided, multiple submitters, no conflicts",LP,2016-08-01,P,2018-01-04,2,2,True,toward_pathogenic,2016.0,2018.0
2202737,CLDN19,NM_148960.3(CLDN19):c.223G>A (p.Gly75Ser),G75S,single nucleotide variant,missense variant,Pathogenic/Likely pathogenic,"criteria provided, multiple submitters, no conflicts",LP,2023-11-30,P,2024-04-09,2,2,True,toward_pathogenic,2023.0,2024.0
208571,CYP24A1,NM_000782.5(CYP24A1):c.1039C>T (p.Gln347Ter),Q347*,single nucleotide variant,nonsense,Pathogenic/Likely pathogenic,"criteria provided, multiple submitters, no conflicts",LP,2014-12-18,P,2015-03-13,2,2,True,toward_pathogenic,2014.0,2015.0
1455164,CYP24A1,NM_000782.5(CYP24A1):c.1147G>C (p.Glu383Gln),E383Q,single nucleotide variant,missense variant,Pathogenic/Likely pathogenic,"criteria provided, multiple submitters, no conflicts",LP,2024-04-04,P,2025-06-12,4,4,True,toward_pathogenic,2024.0,2025.0
953906,CYP24A1,NM_000782.5(CYP24A1):c.1187G>A (p.Arg396Gln),R396Q,single nucleotide variant,missense variant,Pathogenic/Likely pathogenic,"criteria provided, multiple submitters, no conflicts",LP,2020-01-15,P,2025-05-10,5,5,True,toward_pathogenic,2020.0,2025.0
942179,CYP24A1,NM_000782.5(CYP24A1):c.475C>T (p.Arg159Trp),R159W,single nucleotide variant,missense variant,Pathogenic/Likely pathogenic,"criteria provided, multiple submitters, no conflicts",LP,2024-03-26,P,2026-01-11,4,4,True,toward_pathogenic,2024.0,2026.0
632376,CYP24A1,NM_000782.5(CYP24A1):c.62del (p.Pro21fs),P21fs,Deletion,frameshift variant,Pathogenic/Likely pathogenic,"criteria provided, multiple submitters, no conflicts",LP,2019-01-08,P,2025-05-04,6,6,True,toward_pathogenic,2019.0,2025.0
3582767,FAM20A,NM_017565.4(FAM20A):c.590-5T>A,,single nucleotide variant,intron variant,Pathogenic/Likely pathogenic,"criteria provided, multiple submitters, no conflicts",LP,2023-12-26,P,2024-11-05,2,2,True,toward_pathogenic,2023.0,2024.0
1371040,FAM20A,NM_017565.4(FAM20A):c.721C>T (p.Gln241Ter),"Q241*, Q103*",single nucleotide variant,nonsense|intron variant,Pathogenic/Likely pathogenic,"criteria provided, multiple submitters, no conflicts",LP,2024-02-06,P,2024-10-23,2,2,True,toward_pathogenic,2024.0,2024.0
2101269,GRHPR,NM_012203.2(GRHPR):c.102_112del (p.Trp34_Glu38delinsTer),,Deletion,nonsense,Pathogenic/Likely pathogenic,"criteria provided, multiple submitters, no conflicts",LP,2021-11-18,P,2022-02-21,2,2,True,toward_pathogenic,2021.0,2022.0
632541,GRHPR,NM_012203.2(GRHPR):c.139C>T (p.Arg47Ter),R47*,single nucleotide variant,nonsense,Pathogenic/Likely pathogenic,"criteria provided, multiple submitters, no conflicts",LP,2023-09-22,P,2025-12-14,7,7,True,toward_pathogenic,2023.0,2025.0
554025,GRHPR,NM_012203.2(GRHPR):c.1A>G (p.Met1Val),M1V,single nucleotide variant,missense variant|initiator_codon_variant,Pathogenic,"criteria provided, single submitter",LP,2017-09-22,P,2021-07-22,2,2,True,toward_pathogenic,2017.0,2021.0
3020687,GRHPR,NM_012203.2(GRHPR):c.214+1G>A,,single nucleotide variant,splice donor variant,Likely pathogenic,"criteria provided, single submitter",LP,2023-01-01,P,2024-08-26,2,2,True,toward_pathogenic,2023.0,2024.0
371394,GRHPR,NM_012203.2(GRHPR):c.228dup (p.Val77fs),V77fs,Duplication,frameshift variant,Pathogenic/Likely pathogenic,"criteria provided, multiple submitters, no conflicts",LP,2016-09-14,P,2024-01-26,3,3,True,toward_pathogenic,2016.0,2024.0
371535,GRHPR,NM_012203.2(GRHPR):c.337G>T (p.Glu113Ter),E113*,single nucleotide variant,nonsense,Pathogenic,"criteria provided, multiple submitters, no conflicts",LP,2016-10-12,P,2023-10-30,3,3,True,toward_pathogenic,2016.0,2023.0
2664419,GRHPR,NM_012203.2(GRHPR):c.412T>C (p.Trp138Arg),W138R,single nucleotide variant,missense variant,Pathogenic/Likely pathogenic,"criteria provided, multiple submitters, no conflicts",LP,2023-10-27,P,2025-06-19,2,2,True,toward_pathogenic,2023.0,2025.0
371016,GRHPR,NM_012203.2(GRHPR):c.454dup (p.Thr152fs),T152fs,Duplication,frameshift variant,Pathogenic,"criteria provided, multiple submitters, no conflicts",LP,2016-06-06,P,2025-08-07,6,6,True,toward_pathogenic,2016.0,2025.0
1726382,GRHPR,NM_012203.2(GRHPR):c.496C>T (p.Gln166Ter),Q166*,single nucleotide variant,nonsense,Pathogenic/Likely pathogenic,"criteria provided, multiple submitters, no conflicts",LP,2021-12-16,P,2023-11-17,2,2,True,toward_pathogenic,2021.0,2023.0
650172,GRHPR,NM_012203.2(GRHPR):c.734+1G>A,,single nucleotide variant,splice donor variant,Pathogenic/Likely pathogenic,"criteria provided, multiple submitters, no conflicts",LP,2021-11-10,P,2026-01-11,6,6,True,toward_pathogenic,2021.0,2026.0
370863,GRHPR,NM_012203.2(GRHPR):c.755dup (p.Asp252fs),D252fs,Duplication,frameshift variant,Pathogenic,"criteria provided, single submitter",LP,2016-05-03,P,2021-02-14,2,2,True,toward_pathogenic,2016.0,2021.0
842547,GRHPR,NM_012203.2(GRHPR):c.83+1G>C,,single nucleotide variant,splice donor variant,Pathogenic/Likely pathogenic,"criteria provided, multiple submitters, no conflicts",LP,2023-08-31,P,2025-01-15,3,3,True,toward_pathogenic,2023.0,2025.0
2907324,GRHPR,NM_012203.2(GRHPR):c.865+1G>A,,single nucleotide variant,splice donor variant,Pathogenic/Likely pathogenic,"criteria provided, multiple submitters, no conflicts",LP,2024-11-06,P,2025-10-27,2,2,True,toward_pathogenic,2024.0,2025.0
1179173,GRHPR,NM_012203.2(GRHPR):c.865+1G>T,,single nucleotide variant,splice donor variant,Pathogenic/Likely pathogenic,"criteria provided, multiple submitters, no conflicts",LP,2021-06-30,P,2025-06-12,3,3,True,toward_pathogenic,2021.0,2025.0
3068533,HNF4A,NM_175914.5(HNF4A):c.124G>A (p.Gly42Arg),"G39R, G42R, G57R, G64R",single nucleotide variant,missense variant,Likely pathogenic,reviewed by expert panel,LP,2024-04-05,P,2025-09-23,4,4,True,toward_pathogenic,2024.0,2025.0
372382,HNF4A,NM_175914.5(HNF4A):c.188G>A (p.Arg63Gln),"R60Q, R63Q, R85Q, R78Q",single nucleotide variant,missense variant,Pathogenic,reviewed by expert panel,LP,2023-09-14,P,2024-04-05,3,3,True,toward_pathogenic,2023.0,2024.0
435436,HNF4A,NM_175914.5(HNF4A):c.200G>A (p.Arg67Gln),"R64Q, R67Q, R89Q, R82Q",single nucleotide variant,missense variant,Pathogenic,reviewed by expert panel,LP,2015-10-22,P,2026-01-26,9,9,True,toward_pathogenic,2015.0,2026.0
1186689,HNF4A,NM_175914.5(HNF4A):c.691C>T (p.Arg231Trp),"R228W, R231W, R246W, R253W",single nucleotide variant,missense variant,Likely pathogenic,reviewed by expert panel,LP,2020-03-25,P,2025-10-23,9,9,True,toward_pathogenic,2020.0,2025.0
804917,HNF4A,NM_175914.5(HNF4A):c.733C>T (p.Arg245Cys),"R245C, R267C, R260C, R242C",single nucleotide variant,missense variant,Pathogenic,reviewed by expert panel,LP,2018-01-03,P,2025-09-22,6,6,True,toward_pathogenic,2018.0,2025.0
1700660,HNF4A,NM_175914.5(HNF4A):c.787G>C (p.Glu263Gln),"E260Q, E263Q, E278Q, E285Q",single nucleotide variant,missense variant,Likely pathogenic,reviewed by expert panel,LP,2022-08-02,P,2023-06-04,3,3,True,toward_pathogenic,2022.0,2023.0
804918,HNF4A,NM_175914.5(HNF4A):c.869G>A (p.Arg290His),"R312H, R305H, R287H, R290H",single nucleotide variant,missense variant,Pathogenic,reviewed by expert panel,LP,2020-01-22,P,2025-07-09,9,9,True,toward_pathogenic,2020.0,2025.0
435439,HNF4A,NM_175914.5(HNF4A):c.944TGC[6] (p.Leu319dup),,Microsatellite,inframe_insertion,Pathogenic,reviewed by expert panel,LP,2015-12-18,P,2024-04-06,5,5,True,toward_pathogenic,2015.0,2024.0
593936,HOGA1,NM_138413.4(HOGA1):c.10_11insTGGTC (p.Pro4fs),P4fs,Insertion,frameshift variant,Pathogenic/Likely pathogenic,"criteria provided, multiple submitters, no conflicts",LP,2017-08-31,P,2025-06-13,6,6,True,toward_pathogenic,2017.0,2025.0
2664414,HOGA1,NM_138413.4(HOGA1):c.122del (p.Pro41fs),P41fs,Deletion,frameshift variant,Pathogenic/Likely pathogenic,"criteria provided, multiple submitters, no conflicts",LP,2023-10-27,P,2025-11-14,3,3,True,toward_pathogenic,2023.0,2025.0
522533,HOGA1,NM_138413.4(HOGA1):c.123del (p.Pro41_Val42insTer),,Deletion,frameshift variant,Pathogenic/Likely pathogenic,"criteria provided, multiple submitters, no conflicts",LP,2017-01-31,P,2025-09-02,6,6,True,toward_pathogenic,2017.0,2025.0
1070518,HOGA1,NM_138413.4(HOGA1):c.189del (p.Lys63fs),K63fs,Deletion,frameshift variant,Pathogenic/Likely pathogenic,"criteria provided, multiple submitters, no conflicts",LP,2023-10-27,P,2026-01-24,2,2,True,toward_pathogenic,2023.0,2026.0
2664382,HOGA1,NM_138413.4(HOGA1):c.212-1G>A,,single nucleotide variant,splice acceptor variant|intron variant,Likely pathogenic,"criteria provided, single submitter",LP,2023-10-27,P,2024-08-26,2,2,True,toward_pathogenic,2023.0,2024.0
1369845,HOGA1,NM_138413.4(HOGA1):c.2T>G (p.Met1Arg),M1R,single nucleotide variant,missense variant|initiator_codon_variant,Pathogenic/Likely pathogenic,"criteria provided, multiple submitters, no conflicts",LP,2024-05-13,P,2025-12-06,2,2,True,toward_pathogenic,2024.0,2025.0
556221,HOGA1,NM_138413.4(HOGA1):c.448del (p.Leu150fs),L150fs,Deletion,frameshift variant|intron variant,Pathogenic,"criteria provided, single submitter",LP,2018-01-18,P,2024-02-17,2,2,True,toward_pathogenic,2018.0,2024.0
1411084,HOGA1,NM_138413.4(HOGA1):c.834+2T>C,,single nucleotide variant,splice donor variant,Pathogenic/Likely pathogenic,"criteria provided, multiple submitters, no conflicts",LP,2021-10-22,P,2023-01-13,2,2,True,toward_pathogenic,2021.0,2023.0
1803985,KCNJ1,NM_153766.3(KCNJ1):c.251C>T (p.Ala84Val),"A101V, A103V, A84V",single nucleotide variant,missense variant,Pathogenic/Likely pathogenic,"criteria provided, multiple submitters, no conflicts",LP,2022-06-07,P,2024-09-03,4,4,True,toward_pathogenic,2022.0,2024.0
981532,KCNJ1,NM_153766.3(KCNJ1):c.272C>T (p.Pro91Leu),"P108L, P110L, P91L",single nucleotide variant,missense variant,Pathogenic/Likely pathogenic,"criteria provided, multiple submitters, no conflicts",LP,2020-09-09,P,2024-08-31,3,3,True,toward_pathogenic,2020.0,2024.0
523794,KCNJ1,NM_153766.3(KCNJ1):c.955C>T (p.Arg319Ter),"R319*, R338*, R336*",single nucleotide variant,nonsense,Pathogenic/Likely pathogenic,"criteria provided, multiple submitters, no conflicts",LP,2018-03-19,P,2026-01-18,3,3,True,toward_pathogenic,2018.0,2026.0
3599153,KCNJ1,NM_153766.3(KCNJ1):c.983del (p.Thr328fs),"T328fs, T345fs, T347fs",Deletion,frameshift variant,Pathogenic/Likely pathogenic,"criteria provided, multiple submitters, no conflicts",LP,2024-06-21,P,2025-02-06,2,2,True,toward_pathogenic,2024.0,2025.0
1413179,OCRL,NM_000276.4(OCRL):c.2083C>T (p.Arg695Ter),"R696*, R695*",single nucleotide variant,nonsense,Pathogenic/Likely pathogenic,"criteria provided, multiple submitters, no conflicts",LP,2021-04-14,P,2024-11-18,5,5,True,toward_pathogenic,2021.0,2024.0
578751,OCRL,NM_000276.4(OCRL):c.560+1G>C,,single nucleotide variant,splice donor variant,Pathogenic/Likely pathogenic,"criteria provided, multiple submitters, no conflicts",LP,2017-10-29,P,2025-10-03,2,2,True,toward_pathogenic,2017.0,2025.0
10861,OCRL,NM_000276.4(OCRL):c.952C>T (p.Arg318Cys),"R318C, R319C",single nucleotide variant,missense variant,Pathogenic/Likely pathogenic,"criteria provided, multiple submitters, no conflicts",LP,2017-01-20,P,2025-10-03,7,7,True,toward_pathogenic,2017.0,2025.0
1455667,OCRL,NM_000276.4(OCRL):c.953G>A (p.Arg318His),"R318H, R319H",single nucleotide variant,missense variant,Pathogenic/Likely pathogenic,"criteria provided, multiple submitters, no conflicts",LP,2024-02-09,P,2024-10-30,3,3,True,toward_pathogenic,2024.0,2024.0
265999,SLC12A1,NM_000338.3(SLC12A1):c.1163del (p.Phe388fs),F388fs,Deletion,frameshift variant,Pathogenic,"criteria provided, single submitter",LP,2017-09-08,P,2023-04-30,4,4,True,toward_pathogenic,2017.0,2023.0
242488,SLC12A1,NM_000338.3(SLC12A1):c.1522G>A (p.Ala508Thr),A508T,single nucleotide variant,missense variant,Pathogenic/Likely pathogenic,"criteria provided, multiple submitters, no conflicts",LP,2018-10-29,P,2023-05-12,3,3,True,toward_pathogenic,2018.0,2023.0
847437,SLC12A1,NM_000338.3(SLC12A1):c.1687dup (p.Glu563fs),E563fs,Duplication,frameshift variant,Pathogenic/Likely pathogenic,"criteria provided, multiple submitters, no conflicts",LP,2024-02-28,P,2025-11-28,2,2,True,toward_pathogenic,2024.0,2025.0
1070803,SLC12A1,NM_000338.3(SLC12A1):c.2716C>T (p.Gln906Ter),Q906*,single nucleotide variant,nonsense,Pathogenic/Likely pathogenic,"criteria provided, multiple submitters, no conflicts",LP,2019-09-17,P,2025-10-03,5,5,True,toward_pathogenic,2019.0,2025.0
1878351,SLC12A1,NM_000338.3(SLC12A1):c.2741G>A (p.Trp914Ter),W914*,single nucleotide variant,nonsense,Pathogenic/Likely pathogenic,"criteria provided, multiple submitters, no conflicts",LP,2022-12-21,P,2023-04-22,2,2,True,toward_pathogenic,2022.0,2023.0
1299701,SLC12A1,NM_000338.3(SLC12A1):c.2805dup (p.Trp936fs),W936fs,Duplication,frameshift variant,Pathogenic/Likely pathogenic,"criteria provided, multiple submitters, no conflicts",LP,2020-09-15,P,2024-05-28,3,3,True,toward_pathogenic,2020.0,2024.0
586600,SLC12A1,NM_000338.3(SLC12A1):c.2978del (p.Glu993fs),E993fs,Deletion,frameshift variant,Pathogenic/Likely pathogenic,"criteria provided, multiple submitters, no conflicts",LP,2020-07-10,P,2025-04-09,2,2,True,toward_pathogenic,2020.0,2025.0
1908931,SLC22A12,NM_144585.4(SLC22A12):c.1070G>A (p.Trp357Ter),"W249*, W136*, W323*, W357*",single nucleotide variant,nonsense,Pathogenic/Likely pathogenic,"criteria provided, multiple submitters, no conflicts",LP,2024-01-09,P,2024-02-26,2,2,True,toward_pathogenic,2024.0,2024.0
3592101,SLC34A1,NM_003052.5(SLC34A1):c.189_190del (p.Cys64fs),C64fs,Deletion,frameshift variant,Pathogenic/Likely pathogenic,"criteria provided, multiple submitters, no conflicts",LP,2024-04-20,P,2025-11-19,2,2,True,toward_pathogenic,2024.0,2025.0
975094,SLC34A1,NM_003052.5(SLC34A1):c.454_480dup (p.Val152_Val160dup),,Duplication,inframe_insertion,Pathogenic/Likely pathogenic,"criteria provided, multiple submitters, no conflicts",LP,2019-03-20,P,2025-10-03,3,3,True,toward_pathogenic,2019.0,2025.0
2444055,SLC34A1,NM_003052.5(SLC34A1):c.527_528del (p.Ser176fs),S176fs,Microsatellite,frameshift variant,Pathogenic/Likely pathogenic,"criteria provided, multiple submitters, no conflicts",LP,2023-02-23,P,2024-10-13,2,2,True,toward_pathogenic,2023.0,2024.0
1701923,SLC34A1,NM_003052.5(SLC34A1):c.690dup (p.Val231fs),V231fs,Duplication,frameshift variant,Pathogenic/Likely pathogenic,"criteria provided, multiple submitters, no conflicts",LP,2013-02-01,P,2024-03-05,2,2,True,toward_pathogenic,2013.0,2024.0
929955,SLC34A1,NM_003052.5(SLC34A1):c.745C>T (p.Arg249Ter),R249*,single nucleotide variant,nonsense,Pathogenic/Likely pathogenic,"criteria provided, multiple submitters, no conflicts",LP,2019-05-08,P,2024-09-11,3,3,True,toward_pathogenic,2019.0,2024.0
2008084,SLC34A3,NM_001177316.2(SLC34A3):c.1093+2T>C,,single nucleotide variant,splice donor variant,Pathogenic/Likely pathogenic,"criteria provided, multiple submitters, no conflicts",LP,2024-05-09,P,2025-01-15,2,2,True,toward_pathogenic,2024.0,2025.0
1179153,SLC34A3,NM_001177316.2(SLC34A3):c.1242C>A (p.Tyr414Ter),Y414*,single nucleotide variant,nonsense,Pathogenic/Likely pathogenic,"criteria provided, multiple submitters, no conflicts",LP,2021-07-23,P,2025-07-30,2,2,True,toward_pathogenic,2021.0,2025.0
2627449,SLC34A3,NM_001177316.2(SLC34A3):c.1247del (p.Leu416fs),L416fs,Deletion,frameshift variant,Pathogenic/Likely pathogenic,"criteria provided, multiple submitters, no conflicts",LP,2024-06-05,P,2025-05-01,5,5,True,toward_pathogenic,2024.0,2025.0
423400,SLC34A3,NM_001177316.2(SLC34A3):c.1623G>A (p.Trp541Ter),W541*,single nucleotide variant,nonsense,Pathogenic/Likely pathogenic,"criteria provided, multiple submitters, no conflicts",LP,2017-02-09,P,2025-05-01,5,5,True,toward_pathogenic,2017.0,2025.0
3020355,SLC34A3,NM_001177316.2(SLC34A3):c.2T>C (p.Met1Thr),M1T,single nucleotide variant,missense variant|initiator_codon_variant,Pathogenic/Likely pathogenic,"criteria provided, multiple submitters, no conflicts",LP,2024-06-12,P,2025-01-27,2,2,True,toward_pathogenic,2024.0,2025.0
1008911,SLC34A3,NM_001177316.2(SLC34A3):c.3G>A (p.Met1Ile),M1I,single nucleotide variant,missense variant|initiator_codon_variant,Pathogenic/Likely pathogenic,"criteria provided, multiple submitters, no conflicts",LP,2024-05-17,P,2025-07-13,3,3,True,toward_pathogenic,2024.0,2025.0
445687,SLC34A3,NM_001177316.2(SLC34A3):c.448+1G>A,,single nucleotide variant,splice donor variant,Pathogenic/Likely pathogenic,"criteria provided, multiple submitters, no conflicts",LP,2017-08-07,P,2026-03-10,12,12,True,toward_pathogenic,2017.0,2026.0
3596882,SLC34A3,NM_001177316.2(SLC34A3):c.448+2T>C,,single nucleotide variant,splice donor variant,Pathogenic/Likely pathogenic,"criteria provided, multiple submitters, no conflicts",LP,2024-05-08,P,2024-08-12,2,2,True,toward_pathogenic,2024.0,2024.0
526035,SLC3A1,NC_000002.12:g.(?_44280696)_(44346410_?)del,,Deletion,,Pathogenic/Likely pathogenic,"criteria provided, single submitter",LP,2017-11-28,P,2020-10-06,2,1,True,toward_pathogenic,2017.0,2020.0
1076782,SLC3A1,NM_000341.4(SLC3A1):c.1093C>T (p.Arg365Trp),R365W,single nucleotide variant,missense variant,Pathogenic/Likely pathogenic,"criteria provided, multiple submitters, no conflicts",LP,2021-06-30,P,2025-07-13,4,4,True,toward_pathogenic,2021.0,2025.0
562304,SLC3A1,NM_000341.4(SLC3A1):c.1094G>A (p.Arg365Gln),R365Q,single nucleotide variant,missense variant,Pathogenic/Likely pathogenic,"criteria provided, multiple submitters, no conflicts",LP,2018-09-16,P,2025-10-03,4,4,True,toward_pathogenic,2018.0,2025.0
1458045,SLC3A1,NM_000341.4(SLC3A1):c.1094G>T (p.Arg365Leu),R365L,single nucleotide variant,missense variant,Pathogenic/Likely pathogenic,"criteria provided, multiple submitters, no conflicts",LP,2022-09-05,P,2022-09-09,3,3,True,toward_pathogenic,2022.0,2022.0
2057421,SLC3A1,NM_000341.4(SLC3A1):c.1136+2T>C,,single nucleotide variant,splice donor variant,Pathogenic/Likely pathogenic,"criteria provided, multiple submitters, no conflicts",LP,2024-04-07,P,2025-10-03,5,5,True,toward_pathogenic,2024.0,2025.0
2582318,SLC3A1,NM_000341.4(SLC3A1):c.1188C>G (p.Tyr396Ter),Y396*,single nucleotide variant,nonsense,Pathogenic/Likely pathogenic,"criteria provided, multiple submitters, no conflicts",LP,2023-08-05,P,2024-08-21,2,2,True,toward_pathogenic,2023.0,2024.0
3359209,SLC3A1,NM_000341.4(SLC3A1):c.1364C>T (p.Ser455Leu),S455L,single nucleotide variant,missense variant,Pathogenic/Likely pathogenic,"criteria provided, multiple submitters, no conflicts",LP,2024-04-09,P,2024-11-08,4,4,True,toward_pathogenic,2024.0,2024.0
858369,SLC3A1,NM_000341.4(SLC3A1):c.1603_1604del (p.Thr535fs),T535fs,Microsatellite,frameshift variant,Pathogenic/Likely pathogenic,"criteria provided, multiple submitters, no conflicts",LP,2021-12-14,P,2024-08-16,2,2,True,toward_pathogenic,2021.0,2024.0
1687339,SLC3A1,NM_000341.4(SLC3A1):c.1617+1dup,,Duplication,splice donor variant,Pathogenic/Likely pathogenic,"criteria provided, multiple submitters, no conflicts",LP,2021-10-06,P,2024-05-09,3,3,True,toward_pathogenic,2021.0,2024.0
375410,SLC3A1,NM_000341.4(SLC3A1):c.1750del (p.Arg584fs),R584fs,Deletion,frameshift variant|3 prime UTR variant,Pathogenic/Likely pathogenic,"criteria provided, multiple submitters, no conflicts",LP,2016-07-18,P,2025-10-03,7,7,True,toward_pathogenic,2016.0,2025.0
3586706,SLC3A1,NM_000341.4(SLC3A1):c.1993A>T (p.Arg665Ter),R665*,single nucleotide variant,nonsense|3 prime UTR variant,Pathogenic/Likely pathogenic,"criteria provided, multiple submitters, no conflicts",LP,2024-01-23,P,2025-07-29,2,2,True,toward_pathogenic,2024.0,2025.0
2194451,SLC3A1,NM_000341.4(SLC3A1):c.266T>C (p.Leu89Pro),L89P,single nucleotide variant,missense variant,Pathogenic/Likely pathogenic,"criteria provided, multiple submitters, no conflicts",LP,2024-05-23,P,2025-10-18,2,2,True,toward_pathogenic,2024.0,2025.0
3359156,SLC3A1,NM_000341.4(SLC3A1):c.430+1G>A,,single nucleotide variant,splice donor variant,Likely pathogenic,"criteria provided, single submitter",LP,2024-05-10,P,2024-08-26,2,2,True,toward_pathogenic,2024.0,2024.0
2734172,SLC3A1,NM_000341.4(SLC3A1):c.452A>G (p.Tyr151Cys),Y151C,single nucleotide variant,missense variant,Pathogenic/Likely pathogenic,"criteria provided, multiple submitters, no conflicts",LP,2023-06-09,P,2025-10-03,2,2,True,toward_pathogenic,2023.0,2025.0
548674,SLC3A1,NM_000341.4(SLC3A1):c.592del (p.Ala198fs),A198fs,Deletion,frameshift variant,Pathogenic/Likely pathogenic,"criteria provided, multiple submitters, no conflicts",LP,2017-09-08,P,2025-06-12,7,7,True,toward_pathogenic,2017.0,2025.0
943110,SLC3A1,NM_000341.4(SLC3A1):c.647C>T (p.Thr216Met),T216M,single nucleotide variant,missense variant,Pathogenic/Likely pathogenic,"criteria provided, multiple submitters, no conflicts",LP,2020-02-01,P,2026-02-13,9,9,True,toward_pathogenic,2020.0,2026.0
2433461,SLC3A1,NM_000341.4(SLC3A1):c.891+4A>G,,single nucleotide variant,intron variant,Pathogenic/Likely pathogenic,"criteria provided, multiple submitters, no conflicts",LP,2023-01-23,P,2026-04-24,2,2,True,toward_pathogenic,2023.0,2026.0
3582115,SLC4A1,NM_000342.4(SLC4A1):c.1242del (p.Phe414fs),F414fs,Deletion,frameshift variant,Pathogenic/Likely pathogenic,"criteria provided, multiple submitters, no conflicts",LP,2024-01-10,P,2025-10-05,5,5,True,toward_pathogenic,2024.0,2025.0
2690708,SLC4A1,NM_000342.4(SLC4A1):c.1422del (p.Phe475fs),F475fs,Deletion,frameshift variant,Pathogenic/Likely pathogenic,"criteria provided, multiple submitters, no conflicts",LP,2023-06-21,P,2024-10-07,2,2,True,toward_pathogenic,2023.0,2024.0
2433477,SLC4A1,NM_000342.4(SLC4A1):c.1476G>A (p.Trp492Ter),W492*,single nucleotide variant,nonsense,Pathogenic/Likely pathogenic,"criteria provided, multiple submitters, no conflicts",LP,2024-05-22,P,2026-01-22,2,2,True,toward_pathogenic,2024.0,2026.0
1163109,SLC4A1,NM_000342.4(SLC4A1):c.1561C>T (p.Gln521Ter),Q521*,single nucleotide variant,nonsense,Pathogenic/Likely pathogenic,"criteria provided, multiple submitters, no conflicts",LP,2021-01-12,P,2023-11-13,2,2,True,toward_pathogenic,2021.0,2023.0
2698496,SLC4A1,NM_000342.4(SLC4A1):c.1810del (p.Val604fs),V604fs,Deletion,frameshift variant,Pathogenic/Likely pathogenic,"criteria provided, multiple submitters, no conflicts",LP,2023-09-14,P,2023-11-24,2,2,True,toward_pathogenic,2023.0,2023.0
2433468,SLC4A1,NM_000342.4(SLC4A1):c.184C>T (p.Gln62Ter),Q62*,single nucleotide variant,nonsense,Pathogenic/Likely pathogenic,"criteria provided, multiple submitters, no conflicts",LP,2021-10-20,P,2023-05-13,2,2,True,toward_pathogenic,2021.0,2023.0
618372,SLC4A1,NM_000342.4(SLC4A1):c.202G>T (p.Glu68Ter),E68*,single nucleotide variant,nonsense,Pathogenic/Likely pathogenic,"criteria provided, multiple submitters, no conflicts",LP,2020-04-03,P,2024-11-24,3,3,True,toward_pathogenic,2020.0,2024.0
1163104,SLC4A1,NM_000342.4(SLC4A1):c.2260C>T (p.Gln754Ter),Q754*,single nucleotide variant,nonsense,Likely pathogenic,"criteria provided, multiple submitters, no conflicts",LP,2020-04-21,P,2024-08-16,3,3,True,toward_pathogenic,2020.0,2024.0
544809,SLC4A1,NM_000342.4(SLC4A1):c.2423G>A (p.Arg808His),R808H,single nucleotide variant,missense variant,Pathogenic/Likely pathogenic,"criteria provided, multiple submitters, no conflicts",LP,2018-02-27,P,2026-02-01,7,6,True,toward_pathogenic,2018.0,2026.0
971626,SLC4A1,NM_000342.4(SLC4A1):c.2726T>C (p.Met909Thr),M909T,single nucleotide variant,missense variant,Pathogenic/Likely pathogenic,"criteria provided, multiple submitters, no conflicts",LP,2019-11-16,P,2025-05-01,3,3,True,toward_pathogenic,2019.0,2025.0
4542175,SLC4A1,NM_000342.4(SLC4A1):c.336_337del (p.Arg112fs),R112fs,Microsatellite,frameshift variant,Pathogenic/Likely pathogenic,"criteria provided, multiple submitters, no conflicts",LP,2025-03-26,P,2025-10-26,3,3,True,toward_pathogenic,2025.0,2025.0
3583591,SLC7A9,NM_014270.5(SLC7A9):c.1017del (p.Val340fs),V340fs,Deletion,frameshift variant,Pathogenic/Likely pathogenic,"criteria provided, multiple submitters, no conflicts",LP,2024-01-06,P,2025-05-19,2,2,True,toward_pathogenic,2024.0,2025.0
1076784,SLC7A9,NM_014270.5(SLC7A9):c.49C>T (p.Gln17Ter),Q17*,single nucleotide variant,nonsense,Pathogenic/Likely pathogenic,"criteria provided, multiple submitters, no conflicts",LP,2022-12-11,P,2024-02-24,2,2,True,toward_pathogenic,2022.0,2024.0
915348,VDR,NM_000376.3(VDR):c.821G>A (p.Arg274His),"R324H, R274H",single nucleotide variant,missense variant,Pathogenic/Likely pathogenic,"criteria provided, multiple submitters, no conflicts",LP,2020-05-03,P,2026-04-15,7,7,True,toward_pathogenic,2020.0,2026.0
3586448,XDH,NM_000379.4(XDH):c.2890dup (p.Thr964fs),T964fs,Duplication,frameshift variant,Pathogenic/Likely pathogenic,"criteria provided, multiple submitters, no conflicts",LP,2024-02-06,P,2024-04-16,2,2,True,toward_pathogenic,2024.0,2024.0
1472797,CASR,NM_000388.4(CASR):c.1288G>A (p.Ala430Thr),A430T,single nucleotide variant,missense variant,Uncertain significance,"criteria provided, multiple submitters, no conflicts",LP,2023-11-28,VUS,2025-01-14,3,3,True,toward_benign,2023.0,2025.0
3028919,CASR,NM_000388.4(CASR):c.254C>T (p.Pro85Leu),P85L,single nucleotide variant,missense variant,Uncertain significance,"criteria provided, single submitter",LP,2024-03-08,VUS,2025-03-18,2,2,True,toward_benign,2024.0,2025.0
36342,HNF4A,NM_175914.5(HNF4A):c.1097C>G (p.Pro366Arg),"P366R, P388R, P363R, P381R",single nucleotide variant,missense variant,Uncertain significance,reviewed by expert panel,LP,2011-08-18,VUS,2024-12-06,6,6,True,toward_benign,2011.0,2024.0
36344,HNF4A,NM_175914.5(HNF4A):c.1187G>C (p.Cys396Ser),"C396S, C418S, C393S, C411S",single nucleotide variant,missense variant|splice donor variant,Uncertain significance,reviewed by expert panel,LP,2011-08-18,VUS,2024-01-05,4,4,True,toward_benign,2011.0,2024.0
520895,HNF4A,NM_175914.5(HNF4A):c.221G>A (p.Cys74Tyr),"C71Y, C74Y, C96Y, C89Y",single nucleotide variant,missense variant,Likely pathogenic,reviewed by expert panel,LP,2024-04-05,VUS,2024-07-26,3,3,True,toward_benign,2024.0,2024.0
435437,HNF4A,NM_175914.5(HNF4A):c.470AGA[1] (p.Lys158del),"K155del, K158del, K180del, K173del",Microsatellite,inframe_deletion,Uncertain significance,reviewed by expert panel,LP,2017-01-11,VUS,2024-05-09,4,4,True,toward_benign,2017.0,2024.0
1399408,HNF4A,NM_175914.5(HNF4A):c.530T>C (p.Val177Ala),"V192A, V174A, V177A, V199A",single nucleotide variant,missense variant,Uncertain significance,reviewed by expert panel,LP,2022-08-02,VUS,2025-10-13,4,4,True,toward_benign,2022.0,2025.0
36354,HNF4A,NM_175914.5(HNF4A):c.553G>C (p.Ala185Pro),"A185P, A207P, A182P, A200P",single nucleotide variant,missense variant,Uncertain significance,reviewed by expert panel,LP,2011-08-18,VUS,2024-05-09,3,3,True,toward_benign,2011.0,2024.0
562363,HNF4A,NM_175914.5(HNF4A):c.658G>A (p.Val220Met),"V217M, V220M, V242M, V235M",single nucleotide variant,missense variant,Uncertain significance,reviewed by expert panel,LP,2018-09-16,VUS,2026-04-23,5,5,True,toward_benign,2018.0,2026.0
435438,HNF4A,NM_175914.5(HNF4A):c.740T>C (p.Leu247Pro),"L244P, L247P, L269P, L262P",single nucleotide variant,missense variant,Pathogenic,reviewed by expert panel,LP,2016-04-29,VUS,2025-01-22,4,4,True,toward_benign,2016.0,2025.0
548680,SLC34A1,NM_003052.5(SLC34A1):c.536T>C (p.Leu179Pro),L179P,single nucleotide variant,missense variant,Uncertain significance,"criteria provided, multiple submitters, no conflicts",LP,2017-09-08,VUS,2024-03-23,3,3,True,toward_benign,2017.0,2024.0
562305,SLC3A1,NM_000341.4(SLC3A1):c.1701G>T (p.Arg567Ser),R567S,single nucleotide variant,missense variant|3 prime UTR variant,Uncertain significance,"criteria provided, single submitter",LP,2018-09-16,VUS,2023-08-16,2,2,True,toward_benign,2018.0,2023.0
3351980,SLC3A1,NM_000341.4(SLC3A1):c.809G>T (p.Arg270Leu),R270L,single nucleotide variant,missense variant,Likely pathogenic,"criteria provided, single submitter",LP,2024-02-21,VUS,2024-05-23,2,2,True,toward_benign,2024.0,2024.0
3359167,SLC7A9,NM_014270.5(SLC7A9):c.133G>C (p.Gly45Arg),G45R,single nucleotide variant,missense variant,Uncertain significance,"criteria provided, single submitter",LP,2024-08-26,VUS,2025-07-08,2,2,True,toward_benign,2024.0,2025.0
829904,SLC7A9,NM_014270.5(SLC7A9):c.411T>G (p.Cys137Trp),C137W,single nucleotide variant,missense variant,Uncertain significance,"criteria provided, single submitter",LP,2019-10-17,VUS,2022-01-03,2,2,True,toward_benign,2019.0,2022.0
5154,ATP6V0A4,NM_020632.3(ATP6V0A4):c.1739T>C (p.Met580Thr),M580T,single nucleotide variant,missense variant,Benign/Likely benign,"criteria provided, multiple submitters, no conflicts",P,2000-09-01,B,2026-02-04,9,9,True,toward_benign,2000.0,2026.0
913,CA2,NM_000067.3(CA2):c.754A>G (p.Asn252Asp),"N252D, N151D",single nucleotide variant,missense variant,Benign/Likely benign,"criteria provided, multiple submitters, no conflicts",P,1972-06-25,B,2026-01-26,8,8,True,toward_benign,1972.0,2026.0
9158,KCNJ1,NM_153766.3(KCNJ1):c.1013T>C (p.Met338Thr),"M338T, M355T, M357T",single nucleotide variant,missense variant,Benign/Likely benign,"criteria provided, multiple submitters, no conflicts",P,1996-10-01,B,2026-02-04,12,12,True,toward_benign,1996.0,2026.0
17752,SLC4A1,NM_000342.4(SLC4A1):c.166A>G (p.Lys56Glu),K56E,single nucleotide variant,missense variant,Benign/Likely benign,"criteria provided, multiple submitters, no conflicts",P,2009-03-01,B,2026-02-04,13,11,True,toward_benign,2009.0,2026.0
17768,SLC4A1,NM_000342.4(SLC4A1):c.2561C>T (p.Pro854Leu),P854L,single nucleotide variant,missense variant,Benign/Likely benign,"criteria provided, multiple submitters, no conflicts",P,1994-06-10,B,2026-01-21,10,8,True,toward_benign,1994.0,2026.0
5270,SLC9A3R1,NM_004252.5(NHERF1):c.328C>G (p.Leu110Val),L110V,single nucleotide variant,missense variant,Benign,"criteria provided, multiple submitters, no conflicts",P,2008-09-11,B,2026-01-31,9,9,True,toward_benign,2008.0,2026.0
5272,SLC9A3R1,NM_004252.5(NHERF1):c.673G>A (p.Glu225Lys),E225K,single nucleotide variant,missense variant,Benign/Likely benign,"criteria provided, multiple submitters, no conflicts",P,2008-09-11,B,2026-01-28,8,8,True,toward_benign,2008.0,2026.0
352963,SLC34A1,NM_003052.5(SLC34A1):c.654G>A (p.Ala218=),,single nucleotide variant,synonymous variant,Likely benign,"criteria provided, multiple submitters, no conflicts",P,2017-04-20,LB,2026-01-12,5,5,True,toward_benign,2017.0,2026.0
949727,ADCY10,NM_018417.6(ADCY10):c.1263C>A (p.Tyr421Ter),"Y268*, Y329*, Y421*",single nucleotide variant,nonsense,Pathogenic/Likely pathogenic,"criteria provided, multiple submitters, no conflicts",P,2021-10-08,LP,2024-02-01,2,2,True,toward_benign,2021.0,2024.0
204146,AGXT,NM_000030.3(AGXT):c.1076T>C (p.Leu359Pro),L359P,single nucleotide variant,missense variant,Likely pathogenic,"criteria provided, single submitter",P,2014-11-27,LP,2022-02-05,2,2,True,toward_benign,2014.0,2022.0
2203295,AGXT,NM_000030.3(AGXT):c.121G>C (p.Gly41Arg),G41R,single nucleotide variant,missense variant,Pathogenic/Likely pathogenic,"criteria provided, multiple submitters, no conflicts",P,2022-04-17,LP,2023-08-31,2,2,True,toward_benign,2022.0,2023.0
204081,AGXT,NM_000030.3(AGXT):c.209C>A (p.Thr70Asn),T70N,single nucleotide variant,missense variant,Likely pathogenic,"criteria provided, single submitter",P,2014-11-27,LP,2021-11-18,2,2,True,toward_benign,2014.0,2021.0
204178,AGXT,NM_000030.3(AGXT):c.221_227dup (p.Val77fs),V77fs,Duplication,frameshift variant,Pathogenic/Likely pathogenic,no assertion criteria provided,P,2014-11-27,LP,2017-01-24,2,2,True,toward_benign,2014.0,2017.0
204085,AGXT,NM_000030.3(AGXT):c.248A>G (p.His83Arg),H83R,single nucleotide variant,missense variant,Likely pathogenic,"criteria provided, single submitter",P,2014-11-27,LP,2024-07-19,2,2,True,toward_benign,2014.0,2024.0
2812393,AGXT,NM_000030.3(AGXT):c.252_253del (p.Ala85fs),A85fs,Microsatellite,frameshift variant,Pathogenic/Likely pathogenic,"criteria provided, multiple submitters, no conflicts",P,2022-11-06,LP,2025-02-17,3,3,True,toward_benign,2022.0,2025.0
204089,AGXT,NM_000030.3(AGXT):c.324G>T (p.Trp108Cys),W108C,single nucleotide variant,missense variant,Likely pathogenic,"criteria provided, single submitter",P,2014-11-27,LP,2024-03-05,2,2,True,toward_benign,2014.0,2024.0
204092,AGXT,NM_000030.3(AGXT):c.332G>A (p.Arg111Gln),R111Q,single nucleotide variant,missense variant,Pathogenic/Likely pathogenic,"criteria provided, multiple submitters, no conflicts",P,2014-11-27,LP,2025-11-13,8,8,True,toward_benign,2014.0,2025.0
204096,AGXT,NM_000030.3(AGXT):c.353G>A (p.Arg118His),R118H,single nucleotide variant,missense variant,Likely pathogenic,"criteria provided, single submitter",P,2014-11-27,LP,2024-04-29,2,2,True,toward_benign,2014.0,2024.0
204184,AGXT,NM_000030.3(AGXT):c.416_418del (p.Val139del),V139del,Deletion,inframe_deletion,Likely pathogenic,"criteria provided, multiple submitters, no conflicts",P,2014-11-27,LP,2024-07-18,3,3,True,toward_benign,2014.0,2024.0
2675085,AGXT,NM_000030.3(AGXT):c.433del (p.Gln145fs),Q145fs,Deletion,frameshift variant,Pathogenic/Likely pathogenic,"criteria provided, multiple submitters, no conflicts",P,2023-05-22,LP,2023-08-02,2,2,True,toward_benign,2023.0,2023.0
552979,AGXT,NM_000030.3(AGXT):c.466G>C (p.Gly156Arg),G156R,single nucleotide variant,missense variant,Pathogenic/Likely pathogenic,"criteria provided, multiple submitters, no conflicts",P,2017-07-24,LP,2024-12-02,3,3,True,toward_benign,2017.0,2024.0
204106,AGXT,NM_000030.3(AGXT):c.481G>C (p.Gly161Arg),G161R,single nucleotide variant,missense variant,Likely pathogenic,"criteria provided, single submitter",P,2014-11-27,LP,2025-04-08,2,2,True,toward_benign,2014.0,2025.0
2029609,AGXT,NM_000030.3(AGXT):c.490C>T (p.Gln164Ter),Q164*,single nucleotide variant,nonsense,Pathogenic/Likely pathogenic,"criteria provided, multiple submitters, no conflicts",P,2022-09-09,LP,2023-04-06,2,2,True,toward_benign,2022.0,2023.0
2710435,AGXT,NM_000030.3(AGXT):c.508G>C (p.Gly170Arg),G170R,single nucleotide variant,missense variant,Pathogenic/Likely pathogenic,"criteria provided, multiple submitters, no conflicts",P,2024-01-20,LP,2024-06-20,2,2,True,toward_benign,2024.0,2024.0
204108,AGXT,NM_000030.3(AGXT):c.518G>A (p.Cys173Tyr),C173Y,single nucleotide variant,missense variant,Likely pathogenic,"criteria provided, single submitter",P,2014-11-27,LP,2025-09-12,2,2,True,toward_benign,2014.0,2025.0
204111,AGXT,NM_000030.3(AGXT):c.547G>A (p.Asp183Asn),D183N,single nucleotide variant,missense variant,Likely pathogenic,"criteria provided, single submitter",P,2014-11-27,LP,2024-03-11,2,2,True,toward_benign,2014.0,2024.0
204116,AGXT,NM_000030.3(AGXT):c.605T>A (p.Ile202Asn),I202N,single nucleotide variant,missense variant,Likely pathogenic,"criteria provided, single submitter",P,2014-11-27,LP,2025-12-10,3,3,True,toward_benign,2014.0,2025.0
5640,AGXT,NM_000030.3(AGXT):c.613T>C (p.Ser205Pro),S205P,single nucleotide variant,missense variant,Pathogenic/Likely pathogenic,"criteria provided, multiple submitters, no conflicts",P,1991-05-15,LP,2025-08-26,8,8,True,toward_benign,1991.0,2025.0
204121,AGXT,NM_000030.3(AGXT):c.646G>A (p.Gly216Arg),G216R,single nucleotide variant,missense variant,Pathogenic/Likely pathogenic,"criteria provided, multiple submitters, no conflicts",P,2014-11-27,LP,2025-06-09,4,4,True,toward_benign,2014.0,2025.0
204153,AGXT,NM_000030.3(AGXT):c.680+1G>C,,single nucleotide variant,splice donor variant,Likely pathogenic,"criteria provided, single submitter",P,2014-11-27,LP,2024-05-25,2,2,True,toward_benign,2014.0,2024.0
204155,AGXT,NM_000030.3(AGXT):c.680+2T>A,,single nucleotide variant,splice donor variant,Pathogenic/Likely pathogenic,"criteria provided, multiple submitters, no conflicts",P,2014-11-27,LP,2026-01-20,3,3,True,toward_benign,2014.0,2026.0
204123,AGXT,NM_000030.3(AGXT):c.698G>T (p.Arg233Leu),R233L,single nucleotide variant,missense variant,Likely pathogenic,"criteria provided, single submitter",P,2014-11-27,LP,2021-11-30,2,2,True,toward_benign,2014.0,2021.0
204199,AGXT,NM_000030.3(AGXT):c.751_752delinsAA (p.Trp251Lys),W251K,Indel,missense variant,Likely pathogenic,"criteria provided, single submitter",P,2014-11-27,LP,2023-07-07,2,2,True,toward_benign,2014.0,2023.0
204126,AGXT,NM_000030.3(AGXT):c.757T>C (p.Cys253Arg),C253R,single nucleotide variant,missense variant,Pathogenic/Likely pathogenic,"criteria provided, multiple submitters, no conflicts",P,2014-11-27,LP,2022-10-29,3,3,True,toward_benign,2014.0,2022.0
204167,AGXT,NM_000030.3(AGXT):c.777-2A>G,,single nucleotide variant,splice acceptor variant,Likely pathogenic,"criteria provided, multiple submitters, no conflicts",P,2014-11-27,LP,2024-05-30,3,3,True,toward_benign,2014.0,2024.0
204130,AGXT,NM_000030.3(AGXT):c.823A>C (p.Ser275Arg),S275R,single nucleotide variant,missense variant,Likely pathogenic,"criteria provided, single submitter",P,2014-11-27,LP,2024-03-12,3,2,True,toward_benign,2014.0,2024.0
204168,AGXT,NM_000030.3(AGXT):c.847-1G>C,,single nucleotide variant,splice acceptor variant,Pathogenic/Likely pathogenic,"criteria provided, multiple submitters, no conflicts",P,2014-11-27,LP,2024-04-29,6,6,True,toward_benign,2014.0,2024.0
204135,AGXT,NM_000030.3(AGXT):c.891T>G (p.Tyr297Ter),Y297*,single nucleotide variant,nonsense,Pathogenic/Likely pathogenic,no assertion criteria provided,P,2014-11-27,LP,2016-06-03,2,2,True,toward_benign,2014.0,2016.0
204136,AGXT,NM_000030.3(AGXT):c.893T>C (p.Leu298Pro),L298P,single nucleotide variant,missense variant,Likely pathogenic,"criteria provided, single submitter",P,2014-11-27,LP,2024-10-30,2,2,True,toward_benign,2014.0,2024.0
1456950,AGXT,NM_000030.3(AGXT):c.942+1G>A,,single nucleotide variant,splice donor variant,Pathogenic/Likely pathogenic,"criteria provided, multiple submitters, no conflicts",P,2021-01-29,LP,2024-03-25,3,3,True,toward_benign,2021.0,2024.0
951893,AGXT,NM_000030.3(AGXT):c.973del (p.Ala325fs),A325fs,Deletion,frameshift variant,Pathogenic/Likely pathogenic,"criteria provided, multiple submitters, no conflicts",P,2019-04-29,LP,2022-08-30,2,2,True,toward_benign,2019.0,2022.0
204210,AGXT,NM_000030.3(AGXT):c.983_988del (p.Ala328_Tyr330delinsAsp),,Deletion,inframe_indel,Likely pathogenic,"criteria provided, single submitter",P,2014-11-27,LP,2024-02-20,2,2,True,toward_benign,2014.0,2024.0
2671859,AGXT,NM_000030.3(AGXT):c.994_995del (p.Trp332fs),W332fs,Deletion,frameshift variant,Pathogenic/Likely pathogenic,"criteria provided, multiple submitters, no conflicts",P,2023-10-27,LP,2024-11-14,2,2,True,toward_benign,2023.0,2024.0
18301,APRT,NM_000485.3(APRT):c.188-145_296delinsTTCCCGTA,,Indel,splice acceptor variant,Likely pathogenic,"criteria provided, single submitter",P,1997-01-01,LP,2024-06-24,2,2,True,toward_benign,1997.0,2024.0
988044,APRT,NM_000485.3(APRT):c.188G>A (p.Gly63Asp),G63D,single nucleotide variant,missense variant,Likely pathogenic,"criteria provided, multiple submitters, no conflicts",P,2020-09-01,LP,2025-09-27,3,3,True,toward_benign,2020.0,2025.0
988046,APRT,NM_000485.3(APRT):c.200G>A (p.Arg67Gln),R67Q,single nucleotide variant,missense variant,Likely pathogenic,"criteria provided, multiple submitters, no conflicts",P,2020-09-01,LP,2025-02-25,4,4,True,toward_benign,2020.0,2025.0
988051,APRT,NM_000485.3(APRT):c.280_286del (p.Gly94fs),G94fs,Deletion,frameshift variant,Likely pathogenic,"criteria provided, single submitter",P,2020-09-01,LP,2021-06-30,2,2,True,toward_benign,2020.0,2021.0
988065,APRT,NM_000485.3(APRT):c.439C>T (p.Gln147Ter),Q147*,single nucleotide variant,intron variant|nonsense,Likely pathogenic,"criteria provided, single submitter",P,2020-09-01,LP,2021-07-23,2,2,True,toward_benign,2020.0,2021.0
18294,APRT,NM_000485.3(APRT):c.518TCT[1] (p.Phe174del),F174del,Microsatellite,inframe_deletion|intron variant,Pathogenic/Likely pathogenic,"criteria provided, multiple submitters, no conflicts",P,1987-11-01,LP,2024-09-23,7,7,True,toward_benign,1987.0,2024.0
988025,APRT,NM_000485.3(APRT):c.541T>C (p.Ter181Arg),,single nucleotide variant,stop lost|3 prime UTR variant,Likely pathogenic,"criteria provided, single submitter",P,2020-09-01,LP,2025-05-01,2,2,True,toward_benign,2020.0,2025.0
988034,APRT,NM_000485.3(APRT):c.81-2A>G,,single nucleotide variant,splice acceptor variant,Likely pathogenic,"criteria provided, single submitter",P,2020-09-01,LP,2024-06-05,2,2,True,toward_benign,2020.0,2024.0
988033,APRT,NM_000485.3(APRT):c.81-3C>G,,single nucleotide variant,intron variant,Pathogenic/Likely pathogenic,"criteria provided, multiple submitters, no conflicts",P,2020-09-01,LP,2025-05-01,3,3,True,toward_benign,2020.0,2025.0
423162,ATP6V0A4,NM_020632.3(ATP6V0A4):c.1180+1del,,Deletion,splice donor variant,Pathogenic/Likely pathogenic,"criteria provided, multiple submitters, no conflicts",P,2017-01-20,LP,2025-05-02,2,2,True,toward_benign,2017.0,2025.0
2005279,ATP6V0A4,NM_020632.3(ATP6V0A4):c.1187dup (p.Tyr396Ter),Y396*,Duplication,nonsense,Pathogenic/Likely pathogenic,"criteria provided, multiple submitters, no conflicts",P,2022-08-22,LP,2024-06-17,2,2,True,toward_benign,2022.0,2024.0
956634,ATP6V0A4,NM_020632.3(ATP6V0A4):c.1345C>T (p.Arg449Cys),R449C,single nucleotide variant,missense variant,Pathogenic/Likely pathogenic,"criteria provided, multiple submitters, no conflicts",P,2023-05-24,LP,2024-12-11,5,5,True,toward_benign,2023.0,2024.0
1070788,ATP6V0A4,NM_020632.3(ATP6V0A4):c.1478+2T>G,,single nucleotide variant,splice donor variant,Pathogenic/Likely pathogenic,"criteria provided, multiple submitters, no conflicts",P,2024-01-11,LP,2024-06-23,2,2,True,toward_benign,2024.0,2024.0
520732,ATP6V0A4,NM_020632.3(ATP6V0A4):c.1987dup (p.Arg663fs),R663fs,Duplication,frameshift variant,Pathogenic/Likely pathogenic,"criteria provided, multiple submitters, no conflicts",P,2015-07-25,LP,2021-08-26,2,2,True,toward_benign,2015.0,2021.0
450988,ATP6V0A4,NM_020632.3(ATP6V0A4):c.2419C>T (p.Arg807Ter),R807*,single nucleotide variant,nonsense,Pathogenic/Likely pathogenic,"criteria provided, multiple submitters, no conflicts",P,2021-10-27,LP,2024-10-22,6,6,True,toward_benign,2021.0,2024.0
635428,ATP6V0A4,NM_020632.3(ATP6V0A4):c.816+1G>A,,single nucleotide variant,splice donor variant,Likely pathogenic,"criteria provided, single submitter",P,2018-09-24,LP,2025-06-13,2,2,True,toward_benign,2018.0,2025.0
1452175,ATP6V1B1,NM_001692.4(ATP6V1B1):c.123C>G (p.Tyr41Ter),Y41*,single nucleotide variant,nonsense,Pathogenic/Likely pathogenic,"criteria provided, multiple submitters, no conflicts",P,2023-05-13,LP,2024-04-02,2,2,True,toward_benign,2023.0,2024.0
555327,ATP6V1B1,NM_001692.4(ATP6V1B1):c.1248+1G>C,,single nucleotide variant,splice donor variant,Pathogenic/Likely pathogenic,"criteria provided, multiple submitters, no conflicts",P,2008-10-15,LP,2024-06-18,6,6,True,toward_benign,2008.0,2024.0
2044793,ATP6V1B1,NM_001692.4(ATP6V1B1):c.1386C>A (p.Tyr462Ter),Y462*,single nucleotide variant,nonsense,Pathogenic/Likely pathogenic,"criteria provided, multiple submitters, no conflicts",P,2022-09-13,LP,2024-02-28,2,2,True,toward_benign,2022.0,2024.0
632363,ATP6V1B1,NM_001692.4(ATP6V1B1):c.181C>T (p.Gln61Ter),Q61*,single nucleotide variant,nonsense,Pathogenic/Likely pathogenic,"criteria provided, multiple submitters, no conflicts",P,2023-12-19,LP,2025-05-01,3,3,True,toward_benign,2023.0,2025.0
12229,ATP6V1B1,NM_001692.4(ATP6V1B1):c.232G>A (p.Gly78Arg),G78R,single nucleotide variant,missense variant,Pathogenic/Likely pathogenic,"criteria provided, multiple submitters, no conflicts",P,2003-02-01,LP,2025-02-10,7,7,True,toward_benign,2003.0,2025.0
1406127,ATP6V1B1,NM_001692.4(ATP6V1B1):c.242_245dup (p.Glu82delinsAspTer),,Duplication,nonsense,Pathogenic/Likely pathogenic,"criteria provided, multiple submitters, no conflicts",P,2021-06-05,LP,2025-03-18,2,2,True,toward_benign,2021.0,2025.0
1806126,ATP6V1B1,NM_001692.4(ATP6V1B1):c.343_349del (p.Thr115fs),T115fs,Deletion,frameshift variant,Pathogenic/Likely pathogenic,"criteria provided, multiple submitters, no conflicts",P,2020-10-19,LP,2024-03-25,3,3,True,toward_benign,2020.0,2024.0
1457062,ATP6V1B1,NM_001692.4(ATP6V1B1):c.477C>A (p.Tyr159Ter),Y159*,single nucleotide variant,nonsense,Pathogenic/Likely pathogenic,"criteria provided, multiple submitters, no conflicts",P,2024-05-07,LP,2025-10-03,2,2,True,toward_benign,2024.0,2025.0
2865159,ATP6V1B1,NM_001692.4(ATP6V1B1):c.481del (p.Glu161fs),E161fs,Deletion,frameshift variant,Pathogenic/Likely pathogenic,"criteria provided, multiple submitters, no conflicts",P,2023-07-31,LP,2025-06-25,2,2,True,toward_benign,2023.0,2025.0
2585130,ATP6V1B1,NM_001692.4(ATP6V1B1):c.541C>T (p.Gln181Ter),Q181*,single nucleotide variant,nonsense,Pathogenic/Likely pathogenic,"criteria provided, multiple submitters, no conflicts",P,2023-12-29,LP,2025-11-04,4,4,True,toward_benign,2023.0,2025.0
12227,ATP6V1B1,NM_001692.4(ATP6V1B1):c.585+1G>A,,single nucleotide variant,splice donor variant,Pathogenic/Likely pathogenic,"criteria provided, multiple submitters, no conflicts",P,1999-01-01,LP,2023-10-25,3,3,True,toward_benign,1999.0,2023.0
2734207,ATP6V1B1,NM_001692.4(ATP6V1B1):c.823A>C (p.Thr275Pro),T275P,single nucleotide variant,missense variant,Pathogenic/Likely pathogenic,"criteria provided, multiple submitters, no conflicts",P,2022-11-19,LP,2024-05-10,3,3,True,toward_benign,2022.0,2024.0
2691368,CA2,NM_000067.3(CA2):c.610G>T (p.Glu204Ter),"E103*, E204*",single nucleotide variant,nonsense,Pathogenic/Likely pathogenic,"criteria provided, multiple submitters, no conflicts",P,2023-12-04,LP,2024-01-03,2,2,True,toward_benign,2023.0,2024.0
1810040,CA2,NM_000067.3(CA2):c.630_641delinsCACA (p.Leu211fs),"L110fs, L211fs",Indel,frameshift variant,Pathogenic/Likely pathogenic,"criteria provided, multiple submitters, no conflicts",P,2022-06-22,LP,2023-11-01,3,3,True,toward_benign,2022.0,2023.0
8357,CASR,NM_000388.4(CASR):c.1657G>A (p.Gly553Arg),"G553R, G563R",single nucleotide variant,missense variant,Likely pathogenic,"criteria provided, multiple submitters, no conflicts",P,2007-11-01,LP,2025-03-04,4,4,True,toward_benign,2007.0,2025.0
830037,CASR,NM_000388.4(CASR):c.1670G>A (p.Gly557Glu),"G567E, G557E",single nucleotide variant,missense variant,Likely pathogenic,"criteria provided, single submitter",P,2019-11-08,LP,2019-11-13,2,2,True,toward_benign,2019.0,2019.0
804660,CASR,NM_000388.4(CASR):c.1732+1G>T,,single nucleotide variant,splice donor variant,Pathogenic/Likely pathogenic,"criteria provided, multiple submitters, no conflicts",P,2019-03-30,LP,2025-06-05,2,2,True,toward_benign,2019.0,2025.0
8327,CASR,NM_000388.4(CASR):c.1835T>C (p.Phe612Ser),"F612S, F622S",single nucleotide variant,missense variant,Likely pathogenic,"criteria provided, single submitter",P,1996-10-10,LP,2024-01-12,2,2,True,toward_benign,1996.0,2024.0
8335,CASR,NM_000388.4(CASR):c.196C>T (p.Arg66Cys),R66C,single nucleotide variant,missense variant,Pathogenic/Likely pathogenic,"criteria provided, multiple submitters, no conflicts",P,1995-05-01,LP,2025-09-18,6,6,True,toward_benign,1995.0,2025.0
1397805,CASR,NM_000388.4(CASR):c.2008G>C (p.Gly670Arg),"G680R, G670R",single nucleotide variant,missense variant,Pathogenic/Likely pathogenic,"criteria provided, multiple submitters, no conflicts",P,2024-12-12,LP,2025-10-22,2,2,True,toward_benign,2024.0,2025.0
1698608,CASR,NM_000388.4(CASR):c.2065G>A (p.Val689Met),"V689M, V699M",single nucleotide variant,missense variant,Pathogenic/Likely pathogenic,"criteria provided, multiple submitters, no conflicts",P,2024-04-16,LP,2025-11-11,4,4,True,toward_benign,2024.0,2025.0
8348,CASR,NM_000388.4(CASR):c.2362T>C (p.Phe788Leu),"F788L, F798L",single nucleotide variant,missense variant,Likely pathogenic,"criteria provided, single submitter",P,2003-08-01,LP,2026-01-26,2,2,True,toward_benign,2003.0,2026.0
2203424,CASR,NM_000388.4(CASR):c.2440TTC[1] (p.Phe815del),"F825del, F815del",Microsatellite,inframe_deletion,Pathogenic/Likely pathogenic,"criteria provided, multiple submitters, no conflicts",P,2025-07-13,LP,2025-09-24,3,3,True,toward_benign,2025.0,2025.0
1475268,CASR,NM_000388.4(CASR):c.2495T>C (p.Phe832Ser),"F842S, F832S",single nucleotide variant,missense variant,Pathogenic/Likely pathogenic,"criteria provided, multiple submitters, no conflicts",P,2024-03-08,LP,2025-08-15,2,2,True,toward_benign,2024.0,2025.0
8340,CASR,NM_000388.4(CASR):c.2641T>C (p.Phe881Leu),"F881L, F891L",single nucleotide variant,missense variant,Likely pathogenic,"criteria provided, single submitter",P,2000-05-01,LP,2019-12-12,2,2,True,toward_benign,2000.0,2019.0
977805,CASR,NM_000388.4(CASR):c.379G>A (p.Glu127Lys),E127K,single nucleotide variant,missense variant,Pathogenic/Likely pathogenic,"criteria provided, multiple submitters, no conflicts",P,2019-08-28,LP,2024-08-07,6,6,True,toward_benign,2019.0,2024.0
8332,CASR,NM_000388.4(CASR):c.413C>T (p.Thr138Met),T138M,single nucleotide variant,missense variant,Pathogenic/Likely pathogenic,"criteria provided, multiple submitters, no conflicts",P,1995-05-01,LP,2025-09-17,8,8,True,toward_benign,1995.0,2025.0
379844,CASR,NM_000388.4(CASR):c.514A>G (p.Arg172Gly),R172G,single nucleotide variant,missense variant,Pathogenic/Likely pathogenic,"criteria provided, multiple submitters, no conflicts",P,2019-02-27,LP,2025-01-07,3,3,True,toward_benign,2019.0,2025.0
1298934,CASR,NM_000388.4(CASR):c.518T>C (p.Leu173Pro),L173P,single nucleotide variant,missense variant,Pathogenic/Likely pathogenic,"criteria provided, multiple submitters, no conflicts",P,2021-07-01,LP,2022-01-17,2,2,True,toward_benign,2021.0,2022.0
8326,CASR,NM_000388.4(CASR):c.571G>A (p.Glu191Lys),E191K,single nucleotide variant,missense variant,Likely pathogenic,"criteria provided, single submitter",P,1996-10-10,LP,2024-04-29,2,2,True,toward_benign,1996.0,2024.0
1321376,CASR,NM_000388.4(CASR):c.666del (p.Ile223fs),I223fs,Deletion,frameshift variant,Pathogenic/Likely pathogenic,"criteria provided, multiple submitters, no conflicts",P,2021-10-12,LP,2021-10-14,2,2,True,toward_benign,2021.0,2021.0
372315,CASR,NM_000388.4(CASR):c.73C>T (p.Arg25Ter),R25*,single nucleotide variant,nonsense,Pathogenic/Likely pathogenic,"criteria provided, multiple submitters, no conflicts",P,2016-05-04,LP,2025-12-03,13,13,True,toward_benign,2016.0,2025.0
438798,CLCN5,NM_001127898.4(CLCN5):c.1676G>A (p.Trp559Ter),"W559*, W509*, W489*",single nucleotide variant,nonsense,Likely pathogenic,"criteria provided, single submitter",P,2013-10-28,LP,2022-01-27,2,2,True,toward_benign,2013.0,2022.0
1456684,CLCNKB,NM_000085.5(CLCNKB):c.1051C>T (p.Arg351Trp),"R182W, R351W",single nucleotide variant,missense variant,Pathogenic/Likely pathogenic,"criteria provided, multiple submitters, no conflicts",P,2021-11-13,LP,2024-03-16,2,2,True,toward_benign,2021.0,2024.0
638509,CLCNKB,NM_000085.5(CLCNKB):c.1476del (p.Gly493fs),"G324fs, G493fs",Deletion,frameshift variant,Pathogenic/Likely pathogenic,"criteria provided, multiple submitters, no conflicts",P,2019-04-27,LP,2024-04-29,2,2,True,toward_benign,2019.0,2024.0
7601,CLCNKB,NM_000085.5(CLCNKB):c.1929+1G>A,,single nucleotide variant,splice donor variant,Likely pathogenic,"criteria provided, single submitter",P,2008-03-01,LP,2025-10-01,2,2,True,toward_benign,2008.0,2025.0
1322094,CLCNKB,NM_000085.5(CLCNKB):c.508G>A (p.Val170Met),V170M,single nucleotide variant,missense variant,Pathogenic/Likely pathogenic,"criteria provided, multiple submitters, no conflicts",P,2022-04-20,LP,2025-11-28,4,4,True,toward_benign,2022.0,2025.0
545702,CLDN16,NM_006580.4(CLDN16):c.206C>T (p.Ala69Val),"A139V, A69V",single nucleotide variant,missense variant,Likely pathogenic,"criteria provided, single submitter",P,2018-06-29,LP,2024-03-05,2,2,True,toward_benign,2018.0,2024.0
1067888,CYP24A1,NM_000782.5(CYP24A1):c.400T>G (p.Trp134Gly),W134G,single nucleotide variant,missense variant,Pathogenic/Likely pathogenic,"criteria provided, multiple submitters, no conflicts",P,2024-12-04,LP,2025-09-12,2,2,True,toward_benign,2024.0,2025.0
2869485,CYP24A1,NM_000782.5(CYP24A1):c.678del (p.Leu227fs),L227fs,Deletion,frameshift variant,Pathogenic/Likely pathogenic,"criteria provided, multiple submitters, no conflicts",P,2023-01-15,LP,2024-05-16,2,2,True,toward_benign,2023.0,2024.0
204230,GRHPR,NM_012203.2(GRHPR):c.-4_-3delinsAT,,Indel,5 prime UTR variant,Likely pathogenic,"criteria provided, multiple submitters, no conflicts",P,2014-11-27,LP,2025-05-30,3,3,True,toward_benign,2014.0,2025.0
2078185,GRHPR,NM_012203.2(GRHPR):c.100del (p.Trp34fs),W34fs,Deletion,frameshift variant,Pathogenic/Likely pathogenic,"criteria provided, multiple submitters, no conflicts",P,2023-05-16,LP,2023-12-14,2,2,True,toward_benign,2023.0,2023.0
204231,GRHPR,NM_012203.2(GRHPR):c.102G>A (p.Trp34Ter),W34*,single nucleotide variant,nonsense,Pathogenic/Likely pathogenic,"criteria provided, multiple submitters, no conflicts",P,2014-11-27,LP,2024-06-24,4,4,True,toward_benign,2014.0,2024.0
2817688,GRHPR,NM_012203.2(GRHPR):c.259del (p.His87fs),H87fs,Deletion,frameshift variant,Pathogenic/Likely pathogenic,"criteria provided, multiple submitters, no conflicts",P,2022-11-30,LP,2024-03-11,2,2,True,toward_benign,2022.0,2024.0
1447096,GRHPR,NM_012203.2(GRHPR):c.277del (p.Ile93fs),I93fs,Deletion,frameshift variant,Pathogenic/Likely pathogenic,"criteria provided, multiple submitters, no conflicts",P,2022-03-22,LP,2024-12-15,2,2,True,toward_benign,2022.0,2024.0
2671862,GRHPR,NM_012203.2(GRHPR):c.494-2A>G,,single nucleotide variant,splice acceptor variant,Pathogenic/Likely pathogenic,"criteria provided, multiple submitters, no conflicts",P,2023-10-27,LP,2024-05-28,2,2,True,toward_benign,2023.0,2024.0
2088287,GRHPR,NM_012203.2(GRHPR):c.516_532dup (p.Gln178fs),Q178fs,Duplication,frameshift variant,Pathogenic/Likely pathogenic,"criteria provided, multiple submitters, no conflicts",P,2022-09-16,LP,2023-12-29,2,2,True,toward_benign,2022.0,2023.0
1069746,GRHPR,NM_012203.2(GRHPR):c.589del (p.Ala197fs),A197fs,Deletion,frameshift variant,Pathogenic/Likely pathogenic,"criteria provided, multiple submitters, no conflicts",P,2023-07-28,LP,2025-03-10,3,3,True,toward_benign,2023.0,2025.0
645622,GRHPR,NM_012203.2(GRHPR):c.593_594del (p.Glu198fs),E198fs,Microsatellite,frameshift variant,Pathogenic/Likely pathogenic,"criteria provided, multiple submitters, no conflicts",P,2021-08-02,LP,2025-05-11,3,3,True,toward_benign,2021.0,2025.0
204252,GRHPR,NM_012203.2(GRHPR):c.608_609del (p.Pro203fs),P203fs,Deletion,frameshift variant,Pathogenic/Likely pathogenic,"criteria provided, multiple submitters, no conflicts",P,2014-11-27,LP,2025-01-27,8,8,True,toward_benign,2014.0,2025.0
599224,GRHPR,NM_012203.2(GRHPR):c.617_671del (p.Ala206fs),A206fs,Deletion,frameshift variant,Pathogenic/Likely pathogenic,"criteria provided, multiple submitters, no conflicts",P,2019-02-19,LP,2023-01-25,3,3,True,toward_benign,2019.0,2023.0
2852344,GRHPR,NM_012203.2(GRHPR):c.622C>T (p.Gln208Ter),Q208*,single nucleotide variant,nonsense,Pathogenic/Likely pathogenic,"criteria provided, multiple submitters, no conflicts",P,2023-04-06,LP,2025-05-29,2,2,True,toward_benign,2023.0,2025.0
2067052,GRHPR,NM_012203.2(GRHPR):c.626C>T (p.Ser209Phe),S209F,single nucleotide variant,missense variant,Pathogenic/Likely pathogenic,"criteria provided, multiple submitters, no conflicts",P,2023-10-27,LP,2025-11-06,4,4,True,toward_benign,2023.0,2025.0
162022,GRHPR,NM_012203.2(GRHPR):c.904C>T (p.Arg302Cys),R302C,single nucleotide variant,missense variant,Pathogenic/Likely pathogenic,"criteria provided, multiple submitters, no conflicts",P,2014-10-01,LP,2025-03-11,8,8,True,toward_benign,2014.0,2025.0
204238,GRHPR,NM_012203.2(GRHPR):c.934A>G (p.Asn312Asp),N312D,single nucleotide variant,missense variant,Likely pathogenic,"criteria provided, single submitter",P,2014-11-27,LP,2023-11-22,2,2,True,toward_benign,2014.0,2023.0
204239,GRHPR,NM_012203.2(GRHPR):c.965T>G (p.Met322Arg),M322R,single nucleotide variant,missense variant,Likely pathogenic,"criteria provided, multiple submitters, no conflicts",P,2014-11-27,LP,2025-12-17,3,3,True,toward_benign,2014.0,2025.0
524154,HNF4A,NM_175914.5(HNF4A):c.100del (p.Val34fs),"V49fs, V31fs, V34fs, V56fs",Deletion,frameshift variant,Likely pathogenic,reviewed by expert panel,P,2018-05-09,LP,2024-04-05,3,3,True,toward_benign,2018.0,2024.0
1700658,HNF4A,NM_175914.5(HNF4A):c.1033G>T (p.Asp345Tyr),"D342Y, D345Y, D360Y, D367Y",single nucleotide variant,missense variant,Likely pathogenic,reviewed by expert panel,P,2022-08-02,LP,2025-01-29,2,2,True,toward_benign,2022.0,2025.0
9216,HNF4A,NM_175914.5(HNF4A):c.1052T>G (p.Met351Arg),"M351R, M366R, M373R, M348R",single nucleotide variant,missense variant,Likely pathogenic,reviewed by expert panel,P,2007-04-01,LP,2024-11-21,2,2,True,toward_benign,2007.0,2024.0
804913,HNF4A,NM_175914.5(HNF4A):c.224+1G>A,,single nucleotide variant,splice donor variant,Pathogenic/Likely pathogenic,"criteria provided, multiple submitters, no conflicts",P,2019-06-28,LP,2024-05-22,4,4,True,toward_benign,2019.0,2024.0
9212,HNF4A,NM_175914.5(HNF4A):c.340C>T (p.Arg114Trp),"R114W, R129W, R136W, R111W",single nucleotide variant,missense variant,Likely pathogenic,reviewed by expert panel,P,1997-10-01,LP,2025-11-21,15,15,True,toward_benign,1997.0,2025.0
587398,HNF4A,NM_175914.5(HNF4A):c.427-1G>A,,single nucleotide variant,splice acceptor variant,Likely pathogenic,reviewed by expert panel,P,2018-08-01,LP,2024-04-06,4,4,True,toward_benign,2018.0,2024.0
520675,HNF4A,NM_175914.5(HNF4A):c.498T>A (p.Cys166Ter),"C163*, C166*, C188*, C181*",single nucleotide variant,nonsense,Likely pathogenic,reviewed by expert panel,P,2017-11-16,LP,2024-05-09,3,3,True,toward_benign,2017.0,2024.0
3383754,HNF4A,NM_175914.5(HNF4A):c.994C>T (p.Gln332Ter),"Q329*, Q332*, Q347*, Q354*",single nucleotide variant,nonsense,Likely pathogenic,reviewed by expert panel,P,2024-05-28,LP,2024-12-02,2,2,True,toward_benign,2024.0,2024.0
2664413,HOGA1,NM_138413.4(HOGA1):c.110G>A (p.Gly37Asp),G37D,single nucleotide variant,missense variant,Pathogenic/Likely pathogenic,"criteria provided, multiple submitters, no conflicts",P,2023-10-27,LP,2026-01-12,3,3,True,toward_benign,2023.0,2026.0
33,HOGA1,NM_138413.4(HOGA1):c.209G>C (p.Arg70Pro),R70P,single nucleotide variant,missense variant,Pathogenic/Likely pathogenic,"criteria provided, multiple submitters, no conflicts",P,2010-09-10,LP,2024-05-21,4,4,True,toward_benign,2010.0,2024.0
31,HOGA1,NM_138413.4(HOGA1):c.289C>T (p.Arg97Cys),R97C,single nucleotide variant,missense variant|intron variant,Pathogenic/Likely pathogenic,"criteria provided, multiple submitters, no conflicts",P,2010-09-10,LP,2025-06-05,11,11,True,toward_benign,2010.0,2025.0
1479002,HOGA1,NM_138413.4(HOGA1):c.290G>A (p.Arg97His),R97H,single nucleotide variant,missense variant|intron variant,Pathogenic/Likely pathogenic,"criteria provided, multiple submitters, no conflicts",P,2023-10-27,LP,2026-01-12,3,3,True,toward_benign,2023.0,2026.0
204281,HOGA1,NM_138413.4(HOGA1):c.308A>T (p.Asn103Ile),N103I,single nucleotide variant,missense variant|intron variant,Likely pathogenic,"criteria provided, single submitter",P,2014-11-27,LP,2023-01-18,2,2,True,toward_benign,2014.0,2023.0
1380813,HOGA1,NM_138413.4(HOGA1):c.388del (p.Ala130fs),A130fs,Deletion,frameshift variant|intron variant,Pathogenic/Likely pathogenic,"criteria provided, multiple submitters, no conflicts",P,2023-06-27,LP,2024-08-28,2,2,True,toward_benign,2023.0,2024.0
204282,HOGA1,NM_138413.4(HOGA1):c.533T>C (p.Leu178Pro),L178P,single nucleotide variant,missense variant|intron variant,Likely pathogenic,"criteria provided, single submitter",P,2014-11-27,LP,2023-10-27,2,2,True,toward_benign,2014.0,2023.0
855900,HOGA1,NM_138413.4(HOGA1):c.653del (p.Gln218fs),Q218fs,Deletion,frameshift variant|intron variant,Pathogenic/Likely pathogenic,"criteria provided, multiple submitters, no conflicts",P,2022-05-24,LP,2024-07-31,2,2,True,toward_benign,2022.0,2024.0
204288,HOGA1,NM_138413.4(HOGA1):c.803_805del (p.Leu268del),"L268del, L105del",Deletion,inframe_deletion,Likely pathogenic,"criteria provided, single submitter",P,2014-11-27,LP,2025-06-05,2,2,True,toward_benign,2014.0,2025.0
204277,HOGA1,NM_138413.4(HOGA1):c.839C>T (p.Thr280Ile),"T280I, T117I",single nucleotide variant,missense variant,Likely pathogenic,"criteria provided, single submitter",P,2014-11-27,LP,2024-03-14,2,2,True,toward_benign,2014.0,2024.0
2149465,HOGA1,NM_138413.4(HOGA1):c.860G>A (p.Gly287Glu),"G124E, G287E",single nucleotide variant,missense variant,Pathogenic/Likely pathogenic,"criteria provided, multiple submitters, no conflicts",P,2023-10-27,LP,2025-11-04,4,4,True,toward_benign,2023.0,2025.0
204278,HOGA1,NM_138413.4(HOGA1):c.875T>C (p.Met292Thr),"M292T, M129T",single nucleotide variant,missense variant,Likely pathogenic,"criteria provided, multiple submitters, no conflicts",P,2014-11-27,LP,2025-10-02,3,3,True,toward_benign,2014.0,2025.0
204284,HOGA1,NM_138413.4(HOGA1):c.973G>A (p.Gly325Ser),"G325S, G162S",single nucleotide variant,missense variant,Pathogenic/Likely pathogenic,"criteria provided, multiple submitters, no conflicts",P,2014-11-27,LP,2025-12-01,5,5,True,toward_benign,2014.0,2025.0
10045,HPRT1,NM_000194.2(HPRT1):c.211G>C (p.Gly71Arg),G71R,single nucleotide variant,missense variant,Likely pathogenic,"criteria provided, single submitter",P,1989-01-01,LP,2017-06-13,3,2,True,toward_benign,1989.0,2017.0
10030,HPRT1,NM_000194.2(HPRT1):c.239A>T (p.Asp80Val),D80V,single nucleotide variant,missense variant,Likely pathogenic,"criteria provided, single submitter",P,1989-07-01,LP,2021-01-11,3,2,True,toward_benign,1989.0,2021.0
10038,HPRT1,NM_000194.2(HPRT1):c.329C>T (p.Ser110Leu),S110L,single nucleotide variant,missense variant,Likely pathogenic,"criteria provided, single submitter",P,1983-09-01,LP,2023-07-30,3,2,True,toward_benign,1983.0,2023.0
10041,HPRT1,NM_000194.2(HPRT1):c.481G>T (p.Ala161Ser),A161S,single nucleotide variant,missense variant,Likely pathogenic,"criteria provided, single submitter",P,1989-07-01,LP,2023-02-14,3,2,True,toward_benign,1989.0,2023.0
1066190,HPRT1,NM_000194.3(HPRT1):c.-12_1del (p.Met1fs),M1fs,Deletion,frameshift variant|initiator_codon_variant,Likely pathogenic,"criteria provided, single submitter",P,1989-03-01,LP,2020-05-20,2,2,True,toward_benign,1989.0,2020.0
10063,HPRT1,NM_000194.3(HPRT1):c.508C>T (p.Arg170Ter),R170*,single nucleotide variant,nonsense,Pathogenic/Likely pathogenic,"criteria provided, multiple submitters, no conflicts",P,2000-03-01,LP,2024-04-04,3,3,True,toward_benign,2000.0,2024.0
10054,HPRT1,NM_000194.3(HPRT1):c.609+5G>A,,single nucleotide variant,intron variant,Likely pathogenic,"criteria provided, single submitter",P,1990-06-01,LP,2025-04-23,3,3,True,toward_benign,1990.0,2025.0
10047,HPRT1,NM_000194.3(HPRT1):c.610C>G (p.His204Asp),H204D,single nucleotide variant,missense variant,Likely pathogenic,"criteria provided, single submitter",P,1990-06-01,LP,2020-04-01,2,2,True,toward_benign,1990.0,2020.0
2852764,KCNJ1,NM_153766.3(KCNJ1):c.416_417del (p.Phe139fs),"F158fs, F156fs, F139fs",Deletion,frameshift variant,Pathogenic/Likely pathogenic,"criteria provided, multiple submitters, no conflicts",P,2023-04-06,LP,2024-04-26,2,2,True,toward_benign,2023.0,2024.0
9160,KCNJ1,NM_153766.3(KCNJ1):c.443G>A (p.Gly148Glu),"G167E, G148E, G165E",single nucleotide variant,missense variant,Likely pathogenic,"criteria provided, multiple submitters, no conflicts",P,1997-01-01,LP,2025-05-06,4,4,True,toward_benign,1997.0,2025.0
2825619,KCNJ1,NM_153766.3(KCNJ1):c.504dup (p.Arg169fs),"R188fs, R169fs, R186fs",Duplication,frameshift variant,Pathogenic/Likely pathogenic,"criteria provided, multiple submitters, no conflicts",P,2022-12-31,LP,2024-03-08,2,2,True,toward_benign,2022.0,2024.0
9159,KCNJ1,NM_153766.3(KCNJ1):c.535G>A (p.Ala179Thr),"A198T, A179T, A196T",single nucleotide variant,missense variant,Likely pathogenic,"criteria provided, multiple submitters, no conflicts",P,1997-01-01,LP,2024-03-15,4,4,True,toward_benign,1997.0,2024.0
960576,OCRL,NM_000276.4(OCRL):c.1244+1G>A,,single nucleotide variant,splice donor variant,Pathogenic/Likely pathogenic,"criteria provided, multiple submitters, no conflicts",P,2021-08-25,LP,2021-10-28,2,2,True,toward_benign,2021.0,2021.0
1805827,OCRL,NM_000276.4(OCRL):c.2581G>A (p.Ala861Thr),"A853T, A861T, A862T",single nucleotide variant,missense variant,Pathogenic/Likely pathogenic,"criteria provided, multiple submitters, no conflicts",P,2020-05-26,LP,2024-04-05,2,2,True,toward_benign,2020.0,2024.0
3012081,SLC12A1,NM_000338.3(SLC12A1):c.1087+2T>C,,single nucleotide variant,splice donor variant,Pathogenic/Likely pathogenic,"criteria provided, multiple submitters, no conflicts",P,2025-02-03,LP,2025-09-10,2,2,True,toward_benign,2025.0,2025.0
1407972,SLC12A1,NM_000338.3(SLC12A1):c.1103A>G (p.Glu368Gly),E368G,single nucleotide variant,missense variant,Pathogenic/Likely pathogenic,"criteria provided, multiple submitters, no conflicts",P,2022-05-04,LP,2025-05-09,4,4,True,toward_benign,2022.0,2025.0
2190892,SLC12A1,NM_000338.3(SLC12A1):c.1315C>T (p.Arg439Ter),R439*,single nucleotide variant,nonsense,Pathogenic/Likely pathogenic,"criteria provided, multiple submitters, no conflicts",P,2022-06-12,LP,2024-05-17,2,2,True,toward_benign,2022.0,2024.0
2906874,SLC12A1,NM_000338.3(SLC12A1):c.1644T>A (p.Tyr548Ter),Y548*,single nucleotide variant,nonsense,Pathogenic/Likely pathogenic,"criteria provided, multiple submitters, no conflicts",P,2024-02-14,LP,2025-04-28,2,2,True,toward_benign,2024.0,2025.0
378048,SLC12A1,NM_000338.3(SLC12A1):c.1883C>A (p.Ala628Asp),A628D,single nucleotide variant,missense variant,Likely pathogenic,"criteria provided, single submitter",P,2017-03-02,LP,2023-11-14,2,2,True,toward_benign,2017.0,2023.0
1323598,SLC12A1,NM_000338.3(SLC12A1):c.2042+2T>A,,single nucleotide variant,splice donor variant,Pathogenic/Likely pathogenic,"criteria provided, multiple submitters, no conflicts",P,2019-10-05,LP,2023-04-06,2,2,True,toward_benign,2019.0,2023.0
2888918,SLC12A1,NM_000338.3(SLC12A1):c.2047C>T (p.Gln683Ter),Q683*,single nucleotide variant,nonsense,Pathogenic/Likely pathogenic,"criteria provided, multiple submitters, no conflicts",P,2023-07-17,LP,2024-05-13,2,2,True,toward_benign,2023.0,2024.0
2731628,SLC12A1,NM_000338.3(SLC12A1):c.450_451del (p.Asp150fs),D150fs,Deletion,frameshift variant,Pathogenic/Likely pathogenic,"criteria provided, multiple submitters, no conflicts",P,2024-02-16,LP,2024-03-12,2,2,True,toward_benign,2024.0,2024.0
2636279,SLC12A1,NM_000338.3(SLC12A1):c.590_599del (p.Phe197fs),F197fs,Deletion,frameshift variant,Pathogenic/Likely pathogenic,"criteria provided, multiple submitters, no conflicts",P,2023-03-14,LP,2023-10-09,2,2,True,toward_benign,2023.0,2023.0
2963069,SLC12A1,NM_000338.3(SLC12A1):c.847_848del (p.Val283fs),V283fs,Deletion,frameshift variant,Pathogenic/Likely pathogenic,"criteria provided, multiple submitters, no conflicts",P,2023-07-15,LP,2024-03-27,2,2,True,toward_benign,2023.0,2024.0
2175414,SLC22A12,NM_144585.4(SLC22A12):c.1429_1451del (p.Arg477fs),"R369fs, R477fs, R256fs, R443fs",Deletion,frameshift variant,Pathogenic/Likely pathogenic,"criteria provided, multiple submitters, no conflicts",P,2022-09-09,LP,2024-03-01,2,2,True,toward_benign,2022.0,2024.0
217418,SLC2A9,NM_020041.3(SLC2A9):c.224T>G (p.Leu75Arg),"L75R, L46R",single nucleotide variant,missense variant,Pathogenic/Likely pathogenic,"criteria provided, multiple submitters, no conflicts",P,2010-01-01,LP,2025-09-10,6,6,True,toward_benign,2010.0,2025.0
217421,SLC2A9,NM_020041.3(SLC2A9):c.374C>T (p.Thr125Met),"T125M, T96M",single nucleotide variant,missense variant,Likely pathogenic,"criteria provided, multiple submitters, no conflicts",P,2012-03-01,LP,2025-09-08,3,3,True,toward_benign,2012.0,2025.0
234928,SLC34A1,NM_003052.5(SLC34A1):c.1006+1G>A,,single nucleotide variant,splice donor variant,Pathogenic/Likely pathogenic,"criteria provided, multiple submitters, no conflicts",P,2016-10-06,LP,2025-07-21,8,8,True,toward_benign,2016.0,2025.0
234927,SLC34A1,NM_003052.5(SLC34A1):c.458G>T (p.Gly153Val),G153V,single nucleotide variant,missense variant,Likely pathogenic,"criteria provided, multiple submitters, no conflicts",P,2016-10-06,LP,2025-07-23,6,6,True,toward_benign,2016.0,2025.0
1459128,SLC34A3,NM_001177316.2(SLC34A3):c.1046_1047del (p.Val349fs),V349fs,Microsatellite,frameshift variant,Pathogenic/Likely pathogenic,"criteria provided, multiple submitters, no conflicts",P,2024-04-02,LP,2025-02-19,3,3,True,toward_benign,2024.0,2025.0
1428,SLC34A3,NM_001177316.2(SLC34A3):c.1238C>A (p.Ala413Glu),A413E,single nucleotide variant,missense variant,Pathogenic/Likely pathogenic,"criteria provided, multiple submitters, no conflicts",P,2006-02-01,LP,2022-12-02,3,3,True,toward_benign,2006.0,2022.0
855268,SLC34A3,NM_001177316.2(SLC34A3):c.1502del (p.Leu501fs),L501fs,Deletion,frameshift variant,Pathogenic/Likely pathogenic,"criteria provided, multiple submitters, no conflicts",P,2019-12-31,LP,2024-05-30,2,2,True,toward_benign,2019.0,2024.0
1073253,SLC34A3,NM_001177316.2(SLC34A3):c.671del (p.Leu224fs),L224fs,Deletion,frameshift variant,Pathogenic/Likely pathogenic,"criteria provided, multiple submitters, no conflicts",P,2023-12-14,LP,2024-07-01,3,3,True,toward_benign,2023.0,2024.0
2734175,SLC3A1,NM_000341.4(SLC3A1):c.1011G>A (p.Pro337=),,single nucleotide variant,synonymous variant,Pathogenic,"criteria provided, single submitter",P,2024-01-18,LP,2024-08-26,2,2,True,toward_benign,2024.0,2024.0
3586670,SLC3A1,NM_000341.4(SLC3A1):c.1366C>T (p.Arg456Cys),R456C,single nucleotide variant,missense variant,Pathogenic/Likely pathogenic,"criteria provided, multiple submitters, no conflicts",P,2023-11-20,LP,2024-03-08,2,2,True,toward_benign,2023.0,2024.0
953279,SLC3A1,NM_000341.4(SLC3A1):c.1749_1750del (p.Glu585fs),E585fs,Deletion,frameshift variant|3 prime UTR variant,Pathogenic/Likely pathogenic,"criteria provided, multiple submitters, no conflicts",P,2019-08-09,LP,2025-10-03,2,2,True,toward_benign,2019.0,2025.0
2734181,SLC3A1,NM_000341.4(SLC3A1):c.1975C>T (p.Gln659Ter),Q659*,single nucleotide variant,nonsense|3 prime UTR variant,Pathogenic/Likely pathogenic,"criteria provided, multiple submitters, no conflicts",P,2023-03-19,LP,2025-06-05,2,2,True,toward_benign,2023.0,2025.0
18117,SLC3A1,NM_000341.4(SLC3A1):c.2033T>C (p.Leu678Pro),L678P,single nucleotide variant,missense variant|3 prime UTR variant,Likely pathogenic,"criteria provided, single submitter",P,1994-04-01,LP,2024-03-26,2,2,True,toward_benign,1994.0,2024.0
1319457,SLC3A1,NM_000341.4(SLC3A1):c.766-2A>C,,single nucleotide variant,splice acceptor variant,Pathogenic/Likely pathogenic,"criteria provided, multiple submitters, no conflicts",P,2021-11-03,LP,2022-03-04,2,2,True,toward_benign,2021.0,2022.0
17760,SLC4A1,NM_000342.3(SLC4A1):c.2312G>A (p.Gly771Asp),G771D,single nucleotide variant,missense variant,Likely pathogenic,"criteria provided, single submitter",P,1995-12-01,LP,2024-05-10,2,2,True,toward_benign,1995.0,2024.0
17770,SLC4A1,NM_000342.3(SLC4A1):c.2509A>G (p.Thr837Ala),T837A,single nucleotide variant,missense variant,Likely pathogenic,"criteria provided, single submitter",P,1998-01-01,LP,2025-09-22,2,2,True,toward_benign,1998.0,2025.0
3645829,SLC4A1,NM_000342.4(SLC4A1):c.1174del (p.Tyr392fs),Y392fs,Deletion,frameshift variant,Pathogenic/Likely pathogenic,"criteria provided, multiple submitters, no conflicts",P,2024-03-13,LP,2024-08-29,2,2,True,toward_benign,2024.0,2024.0
2690712,SLC4A1,NM_000342.4(SLC4A1):c.1353_1380del (p.Phe451fs),F451fs,Deletion,frameshift variant,Pathogenic/Likely pathogenic,"criteria provided, multiple submitters, no conflicts",P,2023-07-10,LP,2025-06-16,4,4,True,toward_benign,2023.0,2025.0
2428727,SLC4A1,NM_000342.4(SLC4A1):c.16-1G>A,,single nucleotide variant,splice acceptor variant,Pathogenic/Likely pathogenic,"criteria provided, multiple submitters, no conflicts",P,2022-03-10,LP,2022-08-15,2,2,True,toward_benign,2022.0,2022.0
1711439,SLC4A1,NM_000342.4(SLC4A1):c.168+1G>A,,single nucleotide variant,splice donor variant,Pathogenic/Likely pathogenic,"criteria provided, multiple submitters, no conflicts",P,2022-09-01,LP,2024-06-15,2,2,True,toward_benign,2022.0,2024.0
623903,SLC4A1,NM_000342.4(SLC4A1):c.1890+1G>A,,single nucleotide variant,splice donor variant,Pathogenic/Likely pathogenic,"criteria provided, multiple submitters, no conflicts",P,2022-11-01,LP,2023-01-16,2,2,True,toward_benign,2022.0,2023.0
2131726,SLC4A1,NM_000342.4(SLC4A1):c.2105dup (p.His703fs),H703fs,Duplication,frameshift variant,Pathogenic/Likely pathogenic,"criteria provided, multiple submitters, no conflicts",P,2022-04-29,LP,2024-09-19,2,2,True,toward_benign,2022.0,2024.0
1973806,SLC4A1,NM_000342.4(SLC4A1):c.2214_2217del (p.Thr739fs),T739fs,Deletion,frameshift variant,Pathogenic/Likely pathogenic,"criteria provided, multiple submitters, no conflicts",P,2021-12-12,LP,2023-05-15,2,2,True,toward_benign,2021.0,2023.0
1330507,SLC4A1,NM_000342.4(SLC4A1):c.2422C>T (p.Arg808Cys),R808C,single nucleotide variant,missense variant,Pathogenic/Likely pathogenic,"criteria provided, multiple submitters, no conflicts",P,2023-12-22,LP,2025-10-14,4,4,True,toward_benign,2023.0,2025.0
624572,SLC4A1,NM_000342.4(SLC4A1):c.349+1G>A,,single nucleotide variant,splice donor variant,Pathogenic/Likely pathogenic,"criteria provided, multiple submitters, no conflicts",P,2018-12-10,LP,2021-10-20,2,2,True,toward_benign,2018.0,2021.0
2751056,SLC4A1,NM_000342.4(SLC4A1):c.823del (p.His275fs),H275fs,Deletion,frameshift variant,Pathogenic/Likely pathogenic,"criteria provided, multiple submitters, no conflicts",P,2023-08-07,LP,2024-11-01,2,2,True,toward_benign,2023.0,2024.0
1974337,SLC7A9,NM_014270.5(SLC7A9):c.1304G>A (p.Trp435Ter),W435*,single nucleotide variant,nonsense,Pathogenic/Likely pathogenic,"criteria provided, multiple submitters, no conflicts",P,2023-05-22,LP,2024-06-22,2,2,True,toward_benign,2023.0,2024.0
974507,SLC7A9,NM_014270.5(SLC7A9):c.1397C>A (p.Ser466Ter),S466*,single nucleotide variant,nonsense,Pathogenic/Likely pathogenic,"criteria provided, multiple submitters, no conflicts",P,2020-02-01,LP,2024-03-14,2,2,True,toward_benign,2020.0,2024.0
5781,SLC7A9,NM_014270.5(SLC7A9):c.313G>A (p.Gly105Arg),G105R,single nucleotide variant,missense variant,Pathogenic/Likely pathogenic,"criteria provided, multiple submitters, no conflicts",P,2005-01-01,LP,2026-04-29,20,20,True,toward_benign,2005.0,2026.0
1364171,SLC7A9,NM_014270.5(SLC7A9):c.376G>A (p.Ala126Thr),A126T,single nucleotide variant,missense variant,Pathogenic/Likely pathogenic,"criteria provided, multiple submitters, no conflicts",P,2022-10-27,LP,2024-03-18,2,2,True,toward_benign,2022.0,2024.0
5784,SLC7A9,NM_014270.5(SLC7A9):c.775G>A (p.Gly259Arg),G259R,single nucleotide variant,missense variant,Likely pathogenic,"criteria provided, multiple submitters, no conflicts",P,1999-09-01,LP,2024-03-29,3,3,True,toward_benign,1999.0,2024.0
7759,VDR,NM_000376.3(VDR):c.1036G>A (p.Val346Met),"V346M, V396M",single nucleotide variant,missense variant,Likely pathogenic,"criteria provided, multiple submitters, no conflicts",P,2008-01-01,LP,2024-03-25,4,4,True,toward_benign,2008.0,2024.0
7746,VDR,NM_000376.3(VDR):c.218G>A (p.Arg73Gln),"R73Q, R123Q",single nucleotide variant,missense variant,Pathogenic/Likely pathogenic,"criteria provided, multiple submitters, no conflicts",P,1988-12-23,LP,2025-04-22,5,5,True,toward_benign,1988.0,2025.0
2956,XDH,NM_000379.4(XDH):c.445C>T (p.Arg149Cys),R149C,single nucleotide variant,missense variant,Likely pathogenic,"criteria provided, single submitter",P,2001-04-01,LP,2025-05-01,3,3,True,toward_benign,2001.0,2025.0
2415430,XDH,NM_000379.4(XDH):c.751C>T (p.Gln251Ter),Q251*,single nucleotide variant,nonsense,Pathogenic/Likely pathogenic,"criteria provided, multiple submitters, no conflicts",P,2022-06-07,LP,2023-02-15,2,2,True,toward_benign,2022.0,2023.0
204211,AGXT,NM_000030.3(AGXT):c.1110_1111del (p.Asn372fs),N372fs,Microsatellite,frameshift variant,Uncertain significance,"criteria provided, single submitter",P,2014-11-27,VUS,2024-06-12,2,2,True,toward_benign,2014.0,2024.0
204078,AGXT,NM_000030.3(AGXT):c.175G>A (p.Glu59Lys),E59K,single nucleotide variant,missense variant,Uncertain significance,"criteria provided, single submitter",P,2014-11-27,VUS,2025-06-13,2,2,True,toward_benign,2014.0,2025.0
204067,AGXT,NM_000030.3(AGXT):c.22G>C (p.Val8Leu),V8L,single nucleotide variant,missense variant,Uncertain significance,"criteria provided, single submitter",P,2014-11-27,VUS,2024-03-27,2,2,True,toward_benign,2014.0,2024.0
204107,AGXT,NM_000030.3(AGXT):c.497T>C (p.Leu166Pro),L166P,single nucleotide variant,missense variant,Uncertain significance,"criteria provided, single submitter",P,2014-11-27,VUS,2024-05-17,2,2,True,toward_benign,2014.0,2024.0
204132,AGXT,NM_000030.3(AGXT):c.846G>C (p.Gln282His),Q282H,single nucleotide variant,missense variant,Uncertain significance,"criteria provided, single submitter",P,2014-11-27,VUS,2025-06-02,2,2,True,toward_benign,2014.0,2025.0
988048,APRT,NM_000485.3(APRT):c.250G>A (p.Val84Met),V84M,single nucleotide variant,missense variant,Uncertain significance,"criteria provided, multiple submitters, no conflicts",P,2020-09-01,VUS,2025-12-19,3,3,True,toward_benign,2020.0,2025.0
988056,APRT,NM_000485.3(APRT):c.352G>C (p.Glu118Gln),E118Q,single nucleotide variant,missense variant,Uncertain significance,"criteria provided, single submitter",P,2020-09-01,VUS,2023-08-19,2,2,True,toward_benign,2020.0,2023.0
2425073,ATP6V0A4,NC_000007.13:g.(?_138391369)_(141759786_?)del,,Deletion,,Pathogenic,"criteria provided, single submitter",P,2022-04-30,VUS,2022-10-14,2,1,True,toward_benign,2022.0,2022.0
5151,ATP6V0A4,NM_020632.3(ATP6V0A4):c.2458G>A (p.Gly820Arg),G820R,single nucleotide variant,missense variant,Uncertain significance,"criteria provided, multiple submitters, no conflicts",P,2000-09-01,VUS,2024-05-16,3,3,True,toward_benign,2000.0,2024.0
8322,CASR,NM_000388.4(CASR):c.2417T>C (p.Phe806Ser),"F806S, F816S",single nucleotide variant,missense variant,Uncertain significance,"criteria provided, single submitter",P,1996-05-01,VUS,2022-08-19,2,2,True,toward_benign,1996.0,2022.0
8353,CASR,NM_000388.4(CASR):c.38T>C (p.Leu13Pro),L13P,single nucleotide variant,missense variant,Uncertain significance,"criteria provided, single submitter",P,2005-06-15,VUS,2022-01-25,2,2,True,toward_benign,2005.0,2022.0
8344,CASR,NM_000388.4(CASR):c.393C>G (p.Cys131Trp),C131W,single nucleotide variant,missense variant,Uncertain significance,"criteria provided, single submitter",P,2002-08-31,VUS,2024-01-02,2,2,True,toward_benign,2002.0,2024.0
60668,CASR,NM_000388.4(CASR):c.662C>A (p.Pro221Gln),P221Q,single nucleotide variant,missense variant,Uncertain significance,"criteria provided, single submitter",P,2012-06-15,VUS,2022-04-27,2,2,True,toward_benign,2012.0,2022.0
5931,CLDN16,NM_006580.4(CLDN16):c.485T>G (p.Phe162Cys),"F232C, F162C",single nucleotide variant,missense variant,Uncertain significance,"criteria provided, single submitter",P,1999-07-02,VUS,2021-03-26,3,3,True,toward_benign,1999.0,2021.0
1299755,HNF4A,NM_175914.5(HNF4A):c.-181G>C,,single nucleotide variant,,Uncertain significance,reviewed by expert panel,P,2021-10-05,VUS,2025-10-13,2,2,True,toward_benign,2021.0,2025.0
9213,HNF4A,NM_175914.5(HNF4A):c.1138G>A (p.Val380Ile),"V380I, V395I, V402I, V377I",single nucleotide variant,missense variant,Uncertain significance,reviewed by expert panel,P,1998-02-01,VUS,2024-12-20,4,4,True,toward_benign,1998.0,2024.0
2736967,HNF4A,NM_175914.5(HNF4A):c.199C>T (p.Arg67Trp),"R64W, R82W, R89W, R67W",single nucleotide variant,missense variant,Pathogenic,reviewed by expert panel,P,2024-04-05,VUS,2025-02-10,2,2,True,toward_benign,2024.0,2025.0
10079,HPRT1,NM_000194.2(HPRT1):c.155A>G (p.Asp52Gly),D52G,single nucleotide variant,missense variant,Uncertain significance,"criteria provided, single submitter",P,1992-03-01,VUS,2022-10-03,3,2,True,toward_benign,1992.0,2022.0
10080,HPRT1,NM_000194.2(HPRT1):c.419G>A (p.Gly140Asp),G140D,single nucleotide variant,missense variant,Uncertain significance,"criteria provided, single submitter",P,2013-10-24,VUS,2021-09-02,3,2,True,toward_benign,2013.0,2021.0
8752,SLC12A1,NM_000338.3(SLC12A1):c.1942G>A (p.Asp648Asn),D648N,single nucleotide variant,missense variant,Uncertain significance,"criteria provided, single submitter",P,1996-06-01,VUS,2025-05-22,3,3,True,toward_benign,1996.0,2025.0
217420,SLC2A9,NM_020041.3(SLC2A9):c.511C>T (p.Arg171Cys),"R171C, R142C",single nucleotide variant,missense variant,Uncertain significance,"criteria provided, single submitter",P,2012-03-01,VUS,2018-01-13,2,2,True,toward_benign,2012.0,2018.0
12932,SLC34A1,NM_003052.5(SLC34A1):c.439G>A (p.Val147Met),V147M,single nucleotide variant,missense variant,Uncertain significance,"criteria provided, single submitter",P,2002-09-26,VUS,2022-04-12,2,2,True,toward_benign,2002.0,2022.0
18120,SLC3A1,NM_000341.4(SLC3A1):c.1843C>A (p.Pro615Thr),P615T,single nucleotide variant,missense variant|3 prime UTR variant,Uncertain significance,"criteria provided, multiple submitters, no conflicts",P,1994-04-01,VUS,2024-06-18,4,4,True,toward_benign,1994.0,2024.0
18119,SLC3A1,NM_000341.4(SLC3A1):c.1955C>G (p.Thr652Arg),T652R,single nucleotide variant,3 prime UTR variant|missense variant,Uncertain significance,"criteria provided, multiple submitters, no conflicts",P,1994-04-01,VUS,2025-11-13,3,3,True,toward_benign,1994.0,2025.0
17754,SLC4A1,NM_000342.3(SLC4A1):c.-62G>A,,single nucleotide variant,5 prime UTR variant,Uncertain significance,"criteria provided, multiple submitters, no conflicts",P,1996-08-01,VUS,2025-01-27,7,5,True,toward_benign,1996.0,2025.0
17774,SLC4A1,NM_000342.4(SLC4A1):c.1936C>T (p.Arg646Trp),R646W,single nucleotide variant,missense variant,Uncertain significance,"criteria provided, single submitter",P,2000-01-01,VUS,2022-05-17,2,2,True,toward_benign,2000.0,2022.0
218183,SLC4A1,NM_000342.4(SLC4A1):c.2201A>G (p.His734Arg),H734R,single nucleotide variant,missense variant,Uncertain significance,"criteria provided, single submitter",P,2005-11-01,VUS,2023-03-26,2,2,True,toward_benign,2005.0,2023.0
548591,SLC7A9,NM_014270.5(SLC7A9):c.605-3C>A,,single nucleotide variant,intron variant,Uncertain significance,"criteria provided, single submitter",P,2005-02-01,VUS,2018-03-05,2,2,True,toward_benign,2005.0,2018.0
5789,SLC7A9,NM_014270.5(SLC7A9):c.782C>T (p.Pro261Leu),P261L,single nucleotide variant,missense variant,Uncertain significance,"criteria provided, multiple submitters, no conflicts",P,2003-04-01,VUS,2025-07-13,4,4,True,toward_benign,2003.0,2025.0
7755,VDR,NM_000376.3(VDR):c.941T>G (p.Ile314Ser),"I314S, I364S",single nucleotide variant,missense variant,Uncertain significance,"criteria provided, single submitter",P,1996-12-01,VUS,2023-10-03,2,2,True,toward_benign,1996.0,2023.0
204064,AGXT,NM_000030.3(AGXT):c.*289A>C,,single nucleotide variant,3 prime UTR variant,Benign,"criteria provided, multiple submitters, no conflicts",VUS,2014-11-27,B,2018-08-07,4,4,True,toward_benign,2014.0,2018.0
204063,AGXT,NM_000030.3(AGXT):c.*41C>A,,single nucleotide variant,3 prime UTR variant,Benign,"criteria provided, multiple submitters, no conflicts",VUS,2014-11-27,B,2021-07-10,5,5,True,toward_benign,2014.0,2021.0
204021,AGXT,NM_000030.3(AGXT):c.165+16A>G,,single nucleotide variant,intron variant,Benign,"criteria provided, multiple submitters, no conflicts",VUS,2014-11-27,B,2026-02-04,6,6,True,toward_benign,2014.0,2026.0
204029,AGXT,NM_000030.3(AGXT):c.166-14C>T,,single nucleotide variant,intron variant,Benign/Likely benign,"criteria provided, multiple submitters, no conflicts",VUS,2014-11-27,B,2026-01-26,6,6,True,toward_benign,2014.0,2026.0
204030,AGXT,NM_000030.3(AGXT):c.264C>T (p.Ala88=),,single nucleotide variant,synonymous variant,Benign,"criteria provided, multiple submitters, no conflicts",VUS,2014-11-27,B,2026-02-04,9,9,True,toward_benign,2014.0,2026.0
204032,AGXT,NM_000030.3(AGXT):c.358+13C>T,,single nucleotide variant,intron variant,Benign,"criteria provided, multiple submitters, no conflicts",VUS,2014-11-27,B,2026-02-04,7,7,True,toward_benign,2014.0,2026.0
204033,AGXT,NM_000030.3(AGXT):c.358+56_358+64del,,Microsatellite,intron variant,Benign,"criteria provided, single submitter",VUS,2014-11-27,B,2018-09-11,2,2,True,toward_benign,2014.0,2018.0
204035,AGXT,NM_000030.3(AGXT):c.423+29C>T,,single nucleotide variant,intron variant,Benign,"criteria provided, multiple submitters, no conflicts",VUS,2014-11-27,B,2019-06-18,3,3,True,toward_benign,2014.0,2019.0
204037,AGXT,NM_000030.3(AGXT):c.423+45T>G,,single nucleotide variant,intron variant,Benign,"criteria provided, multiple submitters, no conflicts",VUS,2014-11-27,B,2019-06-18,3,3,True,toward_benign,2014.0,2019.0
204039,AGXT,NM_000030.3(AGXT):c.424-16G>A,,single nucleotide variant,intron variant,Benign,"criteria provided, multiple submitters, no conflicts",VUS,2014-11-27,B,2026-02-04,5,5,True,toward_benign,2014.0,2026.0
204041,AGXT,NM_000030.3(AGXT):c.524+91C>T,,single nucleotide variant,intron variant,Benign,"criteria provided, multiple submitters, no conflicts",VUS,2014-11-27,B,2021-07-10,4,4,True,toward_benign,2014.0,2021.0
204020,AGXT,NM_000030.3(AGXT):c.65A>G (p.Asn22Ser),N22S,single nucleotide variant,missense variant,Benign,"criteria provided, multiple submitters, no conflicts",VUS,2014-11-27,B,2026-02-04,8,8,True,toward_benign,2014.0,2026.0
204043,AGXT,NM_000030.3(AGXT):c.680+17C>T,,single nucleotide variant,intron variant,Benign,"criteria provided, multiple submitters, no conflicts",VUS,2014-11-27,B,2026-02-04,5,5,True,toward_benign,2014.0,2026.0
204047,AGXT,NM_000030.3(AGXT):c.705G>A (p.Thr235=),,single nucleotide variant,synonymous variant,Benign/Likely benign,"criteria provided, multiple submitters, no conflicts",VUS,2014-11-27,B,2026-02-04,6,6,True,toward_benign,2014.0,2026.0
204049,AGXT,NM_000030.3(AGXT):c.777-44A>G,,single nucleotide variant,intron variant,Benign,"criteria provided, multiple submitters, no conflicts",VUS,2014-11-27,B,2021-07-10,4,4,True,toward_benign,2014.0,2021.0
204050,AGXT,NM_000030.3(AGXT):c.777-45C>T,,single nucleotide variant,intron variant,Benign,"criteria provided, multiple submitters, no conflicts",VUS,2014-11-27,B,2018-08-07,3,3,True,toward_benign,2014.0,2018.0
204052,AGXT,NM_000030.3(AGXT):c.839C>T (p.Ala280Val),A280V,single nucleotide variant,missense variant,Benign/Likely benign,"criteria provided, multiple submitters, no conflicts",VUS,2014-11-27,B,2026-02-04,7,7,True,toward_benign,2014.0,2026.0
204054,AGXT,NM_000030.3(AGXT):c.846+52G>A,,single nucleotide variant,intron variant,Benign,"criteria provided, multiple submitters, no conflicts",VUS,2014-11-27,B,2021-07-10,4,4,True,toward_benign,2014.0,2021.0
204056,AGXT,NM_000030.3(AGXT):c.883G>A (p.Ala295Thr),A295T,single nucleotide variant,missense variant,Benign/Likely benign,"criteria provided, multiple submitters, no conflicts",VUS,2014-11-27,B,2026-02-04,10,10,True,toward_benign,2014.0,2026.0
204057,AGXT,NM_000030.3(AGXT):c.943-117C>T,,single nucleotide variant,intron variant,Benign,"criteria provided, single submitter",VUS,2014-11-27,B,2018-08-07,2,2,True,toward_benign,2014.0,2018.0
204058,AGXT,NM_000030.3(AGXT):c.976G>A (p.Val326Ile),V326I,single nucleotide variant,missense variant,Benign,"criteria provided, multiple submitters, no conflicts",VUS,2014-11-27,B,2026-01-28,4,4,True,toward_benign,2014.0,2026.0
204220,GRHPR,NM_012203.2(GRHPR):c.288-11C>T,,single nucleotide variant,intron variant,Benign,"criteria provided, multiple submitters, no conflicts",VUS,2014-11-27,B,2026-02-04,10,10,True,toward_benign,2014.0,2026.0
204222,GRHPR,NM_012203.2(GRHPR):c.494-68A>G,,single nucleotide variant,intron variant,Benign,"criteria provided, multiple submitters, no conflicts",VUS,2014-11-27,B,2021-07-10,4,4,True,toward_benign,2014.0,2021.0
21490,GRHPR,NM_012203.2(GRHPR):c.579A>G (p.Ala193=),,single nucleotide variant,synonymous variant,Benign,"criteria provided, multiple submitters, no conflicts",VUS,2014-11-27,B,2026-02-04,13,13,True,toward_benign,2014.0,2026.0
204225,GRHPR,NM_012203.2(GRHPR):c.734+9G>A,,single nucleotide variant,intron variant,Benign/Likely benign,"criteria provided, multiple submitters, no conflicts",VUS,2014-11-27,B,2026-02-04,8,8,True,toward_benign,2014.0,2026.0
204218,GRHPR,NM_012203.2(GRHPR):c.83+52del,,Deletion,intron variant,Benign,"criteria provided, single submitter",VUS,2014-11-27,B,2024-01-23,2,2,True,toward_benign,2014.0,2024.0
204229,GRHPR,NM_012203.2(GRHPR):c.963G>A (p.Pro321=),,single nucleotide variant,synonymous variant,Benign/Likely benign,"criteria provided, multiple submitters, no conflicts",VUS,2014-11-27,B,2026-01-31,8,8,True,toward_benign,2014.0,2026.0
4071503,HNF4A,NM_175914.5(HNF4A):c.1012C>G (p.Leu338Val),"L335V, L338V, L353V, L360V",single nucleotide variant,missense variant,Benign,reviewed by expert panel,VUS,2025-06-15,B,2025-07-16,2,2,True,toward_benign,2025.0,2025.0
435440,HNF4A,NM_175914.5(HNF4A):c.1177G>A (p.Gly393Arg),"G390R, G393R, G415R, G408R",single nucleotide variant,missense variant,Benign,reviewed by expert panel,VUS,2016-07-19,B,2023-05-27,4,4,True,toward_benign,2016.0,2023.0
36345,HNF4A,NM_175914.5(HNF4A):c.1321A>G (p.Ile441Val),"I431V, I441V, I453V, I463V, I438V, I456V, I428V",single nucleotide variant,missense variant,Benign,reviewed by expert panel,VUS,2015-11-16,B,2025-06-09,14,13,True,toward_benign,2015.0,2025.0
36361,HNF4A,NM_175914.5(HNF4A):c.826+30dup,,Duplication,intron variant,Benign,reviewed by expert panel,VUS,2011-08-18,B,2024-12-02,3,3,True,toward_benign,2011.0,2024.0
204256,HOGA1,NM_138413.4(HOGA1):c.396G>A (p.Ala132=),,single nucleotide variant,synonymous variant|intron variant,Benign,"criteria provided, multiple submitters, no conflicts",VUS,2014-11-27,B,2026-02-04,8,8,True,toward_benign,2014.0,2026.0
204258,HOGA1,NM_138413.4(HOGA1):c.469-25C>T,,single nucleotide variant,intron variant,Benign,"criteria provided, multiple submitters, no conflicts",VUS,2014-11-27,B,2018-11-12,3,3,True,toward_benign,2014.0,2018.0
204259,HOGA1,NM_138413.4(HOGA1):c.469-31C>T,,single nucleotide variant,intron variant,Benign,"criteria provided, multiple submitters, no conflicts",VUS,2014-11-27,B,2019-12-08,3,3,True,toward_benign,2014.0,2019.0
204263,HOGA1,NM_138413.4(HOGA1):c.701-18G>C,,single nucleotide variant,intron variant,Benign,"criteria provided, single submitter",VUS,2014-11-27,B,2026-01-19,2,2,True,toward_benign,2014.0,2026.0
204264,HOGA1,NM_138413.4(HOGA1):c.912C>A (p.Ala304=),,single nucleotide variant,synonymous variant,Benign,"criteria provided, multiple submitters, no conflicts",VUS,2014-11-27,B,2026-02-04,12,12,True,toward_benign,2014.0,2026.0
204062,AGXT,NM_000030.3(AGXT):c.*19G>A,,single nucleotide variant,3 prime UTR variant,Likely benign,"criteria provided, single submitter",VUS,2014-11-27,LB,2018-01-13,2,2,True,toward_benign,2014.0,2018.0
204061,AGXT,NM_000030.3(AGXT):c.1174C>T (p.Leu392=),,single nucleotide variant,synonymous variant,Likely benign,"criteria provided, multiple submitters, no conflicts",VUS,2014-11-27,LB,2026-01-05,3,3,True,toward_benign,2014.0,2026.0
550334,AGXT,NM_000030.3(AGXT):c.145A>C (p.Met49Leu),M49L,single nucleotide variant,missense variant,Benign/Likely benign,"criteria provided, multiple submitters, no conflicts",VUS,2017-01-11,LB,2026-01-26,6,6,True,toward_benign,2017.0,2026.0
204024,AGXT,NM_000030.3(AGXT):c.165+19_166-48dup,,Duplication,intron variant,Likely benign,"criteria provided, single submitter",VUS,2014-11-27,LB,2017-07-11,2,2,True,toward_benign,2014.0,2017.0
204026,AGXT,NM_000030.3(AGXT):c.165+40A>C,,single nucleotide variant,intron variant,Likely benign,"criteria provided, multiple submitters, no conflicts",VUS,2014-11-27,LB,2019-08-15,4,4,True,toward_benign,2014.0,2019.0
204016,AGXT,NM_000030.3(AGXT):c.26C>A (p.Thr9Asn),T9N,single nucleotide variant,missense variant,Benign/Likely benign,"criteria provided, multiple submitters, no conflicts",VUS,2014-11-27,LB,2026-03-01,12,12,True,toward_benign,2014.0,2026.0
204017,AGXT,NM_000030.3(AGXT):c.27C>A (p.Thr9=),,single nucleotide variant,synonymous variant,Likely benign,"criteria provided, single submitter",VUS,2014-11-27,LB,2025-12-29,3,3,True,toward_benign,2014.0,2025.0
711545,AGXT,NM_000030.3(AGXT):c.424-4T>C,,single nucleotide variant,intron variant,Likely benign,"criteria provided, multiple submitters, no conflicts",VUS,2020-01-24,LB,2026-01-13,3,3,True,toward_benign,2020.0,2026.0
204040,AGXT,NM_000030.3(AGXT):c.489G>A (p.Leu163=),,single nucleotide variant,synonymous variant,Likely benign,"criteria provided, multiple submitters, no conflicts",VUS,2014-11-27,LB,2026-01-31,5,5,True,toward_benign,2014.0,2026.0
204046,AGXT,NM_000030.3(AGXT):c.681-94G>A,,single nucleotide variant,intron variant,Likely benign,"criteria provided, multiple submitters, no conflicts",VUS,2014-11-27,LB,2021-03-28,3,3,True,toward_benign,2014.0,2021.0
721669,AGXT,NM_000030.3(AGXT):c.795C>T (p.Pro265=),,single nucleotide variant,synonymous variant,Likely benign,"criteria provided, single submitter",VUS,2020-02-13,LB,2024-01-20,3,3,True,toward_benign,2020.0,2024.0
733269,AGXT,NM_000030.3(AGXT):c.876C>A (p.Arg292=),,single nucleotide variant,synonymous variant,Likely benign,"criteria provided, single submitter",VUS,2020-02-13,LB,2026-01-18,2,2,True,toward_benign,2020.0,2026.0
990643,AGXT,NM_000030.3(AGXT):c.882C>T (p.Ala294=),,single nucleotide variant,synonymous variant,Likely benign,"criteria provided, single submitter",VUS,2020-09-04,LB,2025-12-23,2,2,True,toward_benign,2020.0,2025.0
794520,ATP6V1B1,NM_001692.4(ATP6V1B1):c.393G>A (p.Lys131=),,single nucleotide variant,synonymous variant,Likely benign,"criteria provided, multiple submitters, no conflicts",VUS,2020-01-24,LB,2023-12-01,3,3,True,toward_benign,2020.0,2023.0
777948,ATP6V1B1,NM_001692.4(ATP6V1B1):c.582T>C (p.Asn194=),,single nucleotide variant,synonymous variant,Likely benign,"criteria provided, single submitter",VUS,2020-01-24,LB,2026-01-11,2,2,True,toward_benign,2020.0,2026.0
732456,ATP6V1B1,NM_001692.4(ATP6V1B1):c.750C>T (p.Asn250=),,single nucleotide variant,synonymous variant,Likely benign,"criteria provided, multiple submitters, no conflicts",VUS,2020-01-24,LB,2026-01-12,3,3,True,toward_benign,2020.0,2026.0
1158408,ATP6V1B1,NM_001692.4(ATP6V1B1):c.765G>A (p.Leu255=),,single nucleotide variant,synonymous variant,Likely benign,"criteria provided, single submitter",VUS,2025-05-27,LB,2026-01-18,2,2,True,toward_benign,2025.0,2026.0
991670,GRHPR,NM_012203.2(GRHPR):c.108G>A (p.Ser36=),,single nucleotide variant,synonymous variant,Likely benign,"criteria provided, multiple submitters, no conflicts",VUS,2020-08-14,LB,2025-11-16,4,4,True,toward_benign,2020.0,2025.0
799838,GRHPR,NM_012203.2(GRHPR):c.384G>A (p.Glu128=),,single nucleotide variant,synonymous variant,Likely benign,"criteria provided, multiple submitters, no conflicts",VUS,2020-03-17,LB,2026-03-12,3,3,True,toward_benign,2020.0,2026.0
1411449,HNF4A,NM_175914.5(HNF4A):c.1199G>A (p.Arg400Gln),"R415Q, R397Q, R400Q, R422Q",single nucleotide variant,missense variant|intron variant,Likely benign,reviewed by expert panel,VUS,2021-12-06,LB,2025-06-09,6,6,True,toward_benign,2021.0,2025.0
338426,HNF4A,NM_175914.5(HNF4A):c.321C>T (p.Ala107=),,single nucleotide variant,synonymous variant,Likely benign,reviewed by expert panel,VUS,2018-01-12,LB,2025-10-21,5,4,True,toward_benign,2018.0,2025.0
211146,HNF4A,NM_175914.5(HNF4A):c.427-5C>T,,single nucleotide variant,intron variant,Likely benign,reviewed by expert panel,VUS,2015-04-16,LB,2023-05-27,6,5,True,toward_benign,2015.0,2023.0
1761584,HNF4A,NM_175914.5(HNF4A):c.7A>C (p.Ser3Arg),S3R,single nucleotide variant,missense variant|5 prime UTR variant,Uncertain significance,reviewed by expert panel,VUS,2019-02-08,LB,2025-06-14,4,4,True,toward_benign,2019.0,2025.0
447523,HNF4A,NM_175914.5(HNF4A):c.826+79C>T,,single nucleotide variant,intron variant,Likely benign,reviewed by expert panel,VUS,2017-07-06,LB,2024-12-02,3,3,True,toward_benign,2017.0,2024.0
761567,HOGA1,NM_138413.4(HOGA1):c.18C>T (p.Val6=),,single nucleotide variant,synonymous variant,Likely benign,"criteria provided, single submitter",VUS,2020-03-17,LB,2025-11-16,2,2,True,toward_benign,2020.0,2025.0
204254,HOGA1,NM_138413.4(HOGA1):c.212-21A>G,,single nucleotide variant,intron variant,Benign/Likely benign,"criteria provided, multiple submitters, no conflicts",VUS,2014-11-27,LB,2021-07-10,4,4,True,toward_benign,2014.0,2021.0
795333,HOGA1,NM_138413.4(HOGA1):c.216C>T (p.Phe72=),,single nucleotide variant,synonymous variant|intron variant,Likely benign,"criteria provided, single submitter",VUS,2020-03-10,LB,2024-02-18,2,2,True,toward_benign,2020.0,2024.0
797048,HOGA1,NM_138413.4(HOGA1):c.294G>A (p.Gln98=),,single nucleotide variant,synonymous variant|intron variant,Likely benign,"criteria provided, multiple submitters, no conflicts",VUS,2020-03-10,LB,2024-06-26,3,3,True,toward_benign,2020.0,2024.0
990337,HOGA1,NM_138413.4(HOGA1):c.341-8T>C,,single nucleotide variant,intron variant,Likely benign,"criteria provided, single submitter",VUS,2020-04-11,LB,2024-02-25,2,2,True,toward_benign,2020.0,2024.0
990338,HOGA1,NM_138413.4(HOGA1):c.420C>T (p.Tyr140=),,single nucleotide variant,synonymous variant|intron variant,Likely benign,"criteria provided, single submitter",VUS,2020-04-11,LB,2025-10-22,2,2,True,toward_benign,2020.0,2025.0
204257,HOGA1,NM_138413.4(HOGA1):c.469-13C>T,,single nucleotide variant,intron variant,Likely benign,"criteria provided, single submitter",VUS,2014-11-27,LB,2024-03-14,2,2,True,toward_benign,2014.0,2024.0
204260,HOGA1,NM_138413.4(HOGA1):c.700+67G>A,,single nucleotide variant,intron variant,Benign/Likely benign,"criteria provided, multiple submitters, no conflicts",VUS,2014-11-27,LB,2021-07-10,4,4,True,toward_benign,2014.0,2021.0
990341,HOGA1,NM_138413.4(HOGA1):c.701-7C>T,,single nucleotide variant,intron variant,Likely benign,"criteria provided, single submitter",VUS,2020-04-11,LB,2024-02-20,2,2,True,toward_benign,2020.0,2024.0
740809,HOGA1,NM_138413.4(HOGA1):c.720C>T (p.Cys240=),,single nucleotide variant,synonymous variant,Likely benign,"criteria provided, multiple submitters, no conflicts",VUS,2020-04-11,LB,2026-02-04,3,3,True,toward_benign,2020.0,2026.0
742503,HOGA1,NM_138413.4(HOGA1):c.771C>T (p.Cys257=),,single nucleotide variant,synonymous variant,Likely benign,"criteria provided, multiple submitters, no conflicts",VUS,2020-04-11,LB,2025-12-15,3,3,True,toward_benign,2020.0,2025.0
204262,HOGA1,NM_138413.4(HOGA1):c.834+42G>T,,single nucleotide variant,intron variant,Likely benign,"criteria provided, multiple submitters, no conflicts",VUS,2014-11-27,LB,2020-10-13,3,3,True,toward_benign,2014.0,2020.0
990342,HOGA1,NM_138413.4(HOGA1):c.835-7T>A,,single nucleotide variant,intron variant,Likely benign,"criteria provided, single submitter",VUS,2020-04-11,LB,2022-04-30,2,2,True,toward_benign,2020.0,2022.0
990343,HOGA1,NM_138413.4(HOGA1):c.931C>T (p.Pro311Ser),"P148S, P311S",single nucleotide variant,missense variant,Likely benign,"criteria provided, multiple submitters, no conflicts",VUS,2020-04-11,LB,2025-01-19,3,3,True,toward_benign,2020.0,2025.0
889684,SLC7A9,NM_014270.5(SLC7A9):c.*8C>T,,single nucleotide variant,3 prime UTR variant,Uncertain significance,"criteria provided, single submitter",VUS,2017-04-27,LB,2019-06-07,2,2,True,toward_benign,2017.0,2019.0
882307,VDR,NM_000376.3(VDR):c.*71G>A,R452Q,single nucleotide variant,3 prime UTR variant|missense variant,Uncertain significance,"criteria provided, single submitter",VUS,2017-04-27,LB,2021-04-01,2,2,True,toward_benign,2017.0,2021.0
553340,AGXT,NM_000030.3(AGXT):c.423G>C (p.Glu141Asp),E141D,single nucleotide variant,missense variant,Likely pathogenic,"criteria provided, single submitter",VUS,2017-08-16,LP,2023-10-27,2,2,True,toward_pathogenic,2017.0,2023.0
335295,AGXT,NM_000030.3(AGXT):c.484G>A (p.Val162Met),V162M,single nucleotide variant,missense variant,Uncertain significance,"criteria provided, multiple submitters, no conflicts",VUS,2018-01-13,LP,2024-08-26,5,5,True,toward_pathogenic,2018.0,2024.0
555895,AGXT,NM_000030.3(AGXT):c.781C>G (p.His261Asp),H261D,single nucleotide variant,missense variant,Likely pathogenic,"criteria provided, multiple submitters, no conflicts",VUS,2018-01-08,LP,2023-10-27,3,3,True,toward_pathogenic,2018.0,2023.0
591707,ATP6V1B1,NM_001692.4(ATP6V1B1):c.367+1G>A,,single nucleotide variant,splice donor variant,Likely pathogenic,"criteria provided, single submitter",VUS,2018-09-16,LP,2022-06-09,2,2,True,toward_pathogenic,2018.0,2022.0
2925364,CASR,NM_000388.4(CASR):c.2282T>A (p.Ile761Asn),"I761N, I771N",single nucleotide variant,missense variant,Uncertain significance,"criteria provided, single submitter",VUS,2023-03-01,LP,2024-01-26,2,2,True,toward_pathogenic,2023.0,2024.0
2944825,CASR,NM_000388.4(CASR):c.511A>G (p.Ser171Gly),S171G,single nucleotide variant,missense variant,Uncertain significance,"criteria provided, single submitter",VUS,2023-03-01,LP,2024-03-08,2,2,True,toward_pathogenic,2023.0,2024.0
801449,CLCNKB,NM_000085.5(CLCNKB):c.1309G>A (p.Gly437Arg),"G268R, G437R",single nucleotide variant,missense variant,Pathogenic/Likely pathogenic,"criteria provided, multiple submitters, no conflicts",VUS,2018-10-24,LP,2025-11-04,7,7,True,toward_pathogenic,2018.0,2025.0
3351868,FAM20A,NM_017565.4(FAM20A):c.752TCT[1] (p.Phe252del),"F114del, F252del",Microsatellite,inframe_deletion|non-coding transcript variant|intron variant,Likely pathogenic,"criteria provided, single submitter",VUS,2024-07-25,LP,2025-08-13,2,2,True,toward_pathogenic,2024.0,2025.0
591504,GRHPR,NM_012203.2(GRHPR):c.287+2T>C,,single nucleotide variant,splice donor variant,Likely pathogenic,"criteria provided, single submitter",VUS,2018-09-16,LP,2023-10-27,2,2,True,toward_pathogenic,2018.0,2023.0
556493,GRHPR,NM_012203.2(GRHPR):c.403_404+1del,,Microsatellite,splice donor variant,Likely pathogenic,"criteria provided, single submitter",VUS,2018-02-02,LP,2023-02-10,2,2,True,toward_pathogenic,2018.0,2023.0
552954,GRHPR,NM_012203.2(GRHPR):c.866-2A>G,,single nucleotide variant,splice acceptor variant,Likely pathogenic,"criteria provided, single submitter",VUS,2017-07-31,LP,2023-10-27,2,2,True,toward_pathogenic,2017.0,2023.0
557542,GRHPR,NM_012203.2(GRHPR):c.867_870dup (p.Leu291fs),L291fs,Duplication,frameshift variant,Likely pathogenic,"criteria provided, single submitter",VUS,2018-03-30,LP,2023-03-04,2,2,True,toward_pathogenic,2018.0,2023.0
551151,GRHPR,NM_012203.2(GRHPR):c.889G>A (p.Ala297Thr),A297T,single nucleotide variant,missense variant,Likely pathogenic,"criteria provided, single submitter",VUS,2017-03-17,LP,2023-10-27,2,2,True,toward_pathogenic,2017.0,2023.0
551678,GRHPR,NM_012203.2(GRHPR):c.954_955del (p.Glu320fs),E320fs,Microsatellite,frameshift variant,Likely pathogenic,"criteria provided, multiple submitters, no conflicts",VUS,2017-05-03,LP,2024-05-29,3,3,True,toward_pathogenic,2017.0,2024.0
557220,GRHPR,NM_012203.2(GRHPR):c.958G>T (p.Glu320Ter),E320*,single nucleotide variant,nonsense,Pathogenic/Likely pathogenic,"criteria provided, multiple submitters, no conflicts",VUS,2018-03-19,LP,2024-04-05,4,4,True,toward_pathogenic,2018.0,2024.0
4540582,HNF4A,NM_175914.5(HNF4A):c.1310C>T (p.Pro437Leu),"P424L, P427L, P434L, P437L, P449L, P452L, P459L",single nucleotide variant,missense variant,Likely pathogenic,reviewed by expert panel,VUS,2025-11-11,LP,2025-12-08,2,2,True,toward_pathogenic,2025.0,2025.0
430844,HNF4A,NM_175914.5(HNF4A):c.224G>A (p.Arg75Lys),"R72K, R75K, R97K, R90K",single nucleotide variant,missense variant,Likely pathogenic,reviewed by expert panel,VUS,2017-06-28,LP,2025-10-28,3,3,True,toward_pathogenic,2017.0,2025.0
689636,HNF4A,NM_175914.5(HNF4A):c.2T>C (p.Met1Thr),M1T,single nucleotide variant,missense variant|initiator_codon_variant|5 prime UTR variant,Likely pathogenic,reviewed by expert panel,VUS,2019-07-01,LP,2024-07-03,6,6,True,toward_pathogenic,2019.0,2024.0
549555,HNF4A,NM_175914.5(HNF4A):c.778G>T (p.Asp260Tyr),"D257Y, D260Y, D282Y, D275Y",single nucleotide variant,missense variant,Likely pathogenic,reviewed by expert panel,VUS,2017-05-19,LP,2024-09-26,3,3,True,toward_pathogenic,2017.0,2024.0
972810,HNF4A,NM_175914.5(HNF4A):c.926G>T (p.Arg309Leu),"R306L, R331L, R309L, R324L",single nucleotide variant,missense variant,Likely pathogenic,reviewed by expert panel,VUS,2020-01-22,LP,2023-05-27,3,3,True,toward_pathogenic,2020.0,2023.0
36365,HNF4A,NM_175914.5(HNF4A):c.931C>T (p.Arg311Cys),"R311C, R333C, R308C, R326C",single nucleotide variant,missense variant,Pathogenic,reviewed by expert panel,VUS,2018-08-31,LP,2025-05-01,7,7,True,toward_pathogenic,2018.0,2025.0
2018786,HNF4A,NM_175914.5(HNF4A):c.932G>T (p.Arg311Leu),"R333L, R311L, R326L, R308L",single nucleotide variant,missense variant,Likely pathogenic,reviewed by expert panel,VUS,2022-07-23,LP,2024-07-31,3,3,True,toward_pathogenic,2022.0,2024.0
554893,HOGA1,NM_138413.4(HOGA1):c.110G>T (p.Gly37Val),G37V,single nucleotide variant,missense variant,Likely pathogenic,"criteria provided, single submitter",VUS,2017-11-08,LP,2023-10-27,2,2,True,toward_pathogenic,2017.0,2023.0
591832,HOGA1,NM_138413.4(HOGA1):c.122_123del (p.Pro41fs),P41fs,Deletion,frameshift variant,Likely pathogenic,"criteria provided, single submitter",VUS,2018-09-16,LP,2023-10-27,2,2,True,toward_pathogenic,2018.0,2023.0
989900,HOGA1,NM_138413.4(HOGA1):c.133C>G (p.Pro45Ala),P45A,single nucleotide variant,missense variant,Likely pathogenic,"criteria provided, single submitter",VUS,2020-04-11,LP,2023-11-13,2,2,True,toward_pathogenic,2020.0,2023.0
204267,HOGA1,NM_138413.4(HOGA1):c.221T>G (p.Val74Gly),V74G,single nucleotide variant,missense variant|intron variant,Pathogenic/Likely pathogenic,"criteria provided, multiple submitters, no conflicts",VUS,2018-05-18,LP,2025-10-27,5,5,True,toward_pathogenic,2018.0,2025.0
204270,HOGA1,NM_138413.4(HOGA1):c.337G>A (p.Glu113Lys),E113K,single nucleotide variant,missense variant|intron variant,Pathogenic/Likely pathogenic,"criteria provided, multiple submitters, no conflicts",VUS,2017-08-17,LP,2025-11-28,5,5,True,toward_pathogenic,2017.0,2025.0
556110,HOGA1,NM_138413.4(HOGA1):c.634A>G (p.Thr212Ala),T212A,single nucleotide variant,missense variant|intron variant,Likely pathogenic,"criteria provided, single submitter",VUS,2018-01-12,LP,2023-10-27,2,2,True,toward_pathogenic,2018.0,2023.0
2148495,SLC2A9,NM_020041.3(SLC2A9):c.541G>A (p.Ala181Thr),"A152T, A181T",single nucleotide variant,missense variant,Uncertain significance,"criteria provided, single submitter",VUS,2022-07-29,LP,2024-08-26,2,2,True,toward_pathogenic,2022.0,2024.0
522468,SLC34A3,NM_001177316.2(SLC34A3):c.1210G>A (p.Gly404Arg),G404R,single nucleotide variant,missense variant,Likely pathogenic,"criteria provided, single submitter",VUS,2017-09-18,LP,2025-10-03,2,2,True,toward_pathogenic,2017.0,2025.0
1406748,SLC34A3,NM_001177316.2(SLC34A3):c.1612C>T (p.Arg538Trp),R538W,single nucleotide variant,missense variant,Uncertain significance,"criteria provided, multiple submitters, no conflicts",VUS,2022-04-30,LP,2024-08-26,3,3,True,toward_pathogenic,2022.0,2024.0
2446009,SLC7A9,NM_014270.5(SLC7A9):c.878T>C (p.Phe293Ser),F293S,single nucleotide variant,missense variant,Uncertain significance,"criteria provided, single submitter",VUS,2022-12-01,LP,2024-08-26,2,2,True,toward_pathogenic,2022.0,2024.0
1411455,AGXT,NC_000002.11:g.(?_238233417)_(242801596_?)del,,Deletion,,Pathogenic,"criteria provided, single submitter",VUS,2021-12-15,P,2022-10-24,3,1,True,toward_pathogenic,2021.0,2022.0
1719334,CASR,NM_000388.4(CASR):c.121C>A (p.His41Asn),H41N,single nucleotide variant,missense variant,Uncertain significance,"criteria provided, single submitter",VUS,2023-04-16,P,2024-03-08,2,2,True,toward_pathogenic,2023.0,2024.0
502531,CLDN16,NM_021101.5(CLDN1):c.242G>A (p.Arg81His),R81H,single nucleotide variant,missense variant,Uncertain significance,"criteria provided, single submitter",VUS,2018-01-30,P,2025-01-21,2,2,True,toward_pathogenic,2018.0,2025.0
3609795,HNF4A,NM_175914.5(HNF4A):c.145C>T (p.His49Tyr),"H46Y, H49Y, H64Y, H71Y",single nucleotide variant,missense variant,Pathogenic,reviewed by expert panel,VUS,2024-12-10,P,2025-09-15,2,2,True,toward_pathogenic,2024.0,2025.0
995121,HNF4A,NM_175914.5(HNF4A):c.334C>T (p.Arg112Trp),"R109W, R112W, R127W, R134W",single nucleotide variant,missense variant,Pathogenic,reviewed by expert panel,VUS,2022-09-30,P,2025-07-13,4,4,True,toward_pathogenic,2022.0,2025.0
550453,HOGA1,NM_138413.4(HOGA1):c.713del (p.Gly238fs),"G75fs, G238fs",Deletion,frameshift variant,Pathogenic,"criteria provided, single submitter",VUS,2017-01-19,P,2023-10-27,2,2,True,toward_pathogenic,2017.0,2023.0
978165,KCNJ1,NM_153766.3(KCNJ1):c.89G>A (p.Cys30Tyr),"C30Y, C47Y, C49Y",single nucleotide variant,missense variant,Pathogenic/Likely pathogenic,"criteria provided, multiple submitters, no conflicts",VUS,2020-02-26,P,2026-01-09,7,7,True,toward_pathogenic,2020.0,2026.0
591424,SLC34A3,NM_001177316.2(SLC34A3):c.944del (p.Gly315fs),G315fs,Deletion,frameshift variant,Pathogenic,"criteria provided, single submitter",VUS,2018-09-16,P,2024-05-06,2,2,True,toward_pathogenic,2018.0,2024.0
328769,SLC7A9,NM_014270.5(SLC7A9):c.-26G>T,,single nucleotide variant,5 prime UTR variant|splice acceptor variant,Uncertain significance,"criteria provided, single submitter",VUS,2018-01-13,P,2024-08-26,2,2,True,toward_pathogenic,2018.0,2024.0
