VariationID,first_date,first_bucket,latest_date,latest_bucket
29,2010-09-10,P,2026-01-20,P
30,2010-09-10,P,2025-11-18,P
32,2010-09-10,P,2010-09-10,P
34,2010-09-10,P,2025-10-03,P
914,1982-10-01,P,1982-10-01,P
915,1983-01-01,P,1983-01-01,P
916,1996-04-01,P,1996-04-01,P
917,1992-03-01,P,1992-03-01,P
919,1995-01-01,P,1995-01-01,P
920,2003-02-01,P,2003-02-01,P
1165,1994-08-15,P,1994-08-15,P
1361,2006-11-01,P,2025-12-15,P
1362,2006-11-01,P,2006-11-01,P
1363,2006-11-01,P,2006-11-01,P
1426,2006-02-01,P,2017-09-30,P
1430,2006-02-01,P,2006-02-01,P
1431,2006-02-01,P,2025-10-03,P
1432,2006-02-01,P,2025-09-21,P
1433,2006-10-01,P,2026-01-19,P
1435,2006-10-01,P,2006-10-01,P
2954,1997-05-15,P,2025-04-10,P
2955,1997-05-15,P,1997-05-15,P
3512,2008-09-01,P,2024-06-28,P
3513,2002-05-23,P,2026-01-05,P
3514,2002-05-23,P,2002-05-23,P
3515,2005-04-01,P,2005-04-01,P
3516,2008-09-01,P,2026-01-26,P
3517,2008-09-01,P,2008-09-01,P
4598,2008-10-03,P,2008-10-03,P
5150,2000-09-01,P,2026-01-18,P
5152,2002-11-01,P,2022-05-09,P
5153,2000-09-01,P,2000-09-01,P
5155,2000-09-01,P,2000-09-01,P
5156,2000-09-01,P,2000-09-01,P
5158,2002-11-01,P,2002-11-01,P
5159,2002-11-01,P,2025-06-27,P
5636,2014-10-01,P,2026-01-31,P
5637,2000-08-01,P,2026-01-20,P
5641,2013-01-25,B,2026-02-04,B
5642,1991-12-01,P,2024-06-03,P
5643,2000-11-17,P,2025-01-02,P
5644,2013-01-25,P,2026-01-05,P
5645,2013-01-25,P,2026-01-14,P
5646,2013-01-25,P,2026-02-04,P
5647,1997-06-01,P,2026-01-27,P
5648,1997-06-01,P,2025-12-23,P
5649,1997-06-01,P,2024-10-17,P
5650,1999-06-01,P,2025-11-06,P
5780,2005-01-01,P,2023-03-16,P
5783,2005-01-01,P,2025-10-03,P
5786,1999-09-01,P,1999-09-01,P
5787,2001-02-15,P,2025-03-24,P
5788,2002-11-01,P,2024-08-26,P
5925,1999-07-02,P,2025-05-01,P
5926,2000-06-01,P,2024-02-28,P
5927,1999-07-02,P,2025-05-01,P
5928,1999-07-02,P,2025-09-11,P
5929,1999-07-02,P,1999-07-02,P
5930,1999-07-02,P,1999-07-02,P
5932,1999-07-02,P,1999-07-02,P
5933,1999-07-02,P,1999-07-02,P
5934,2000-06-01,P,2026-02-10,P
5935,2000-06-01,P,2000-06-01,P
5936,2000-06-01,P,2021-02-24,P
5937,2000-06-01,P,2000-06-01,P
5938,2000-06-01,P,2000-06-01,P
5939,2003-12-01,P,2003-12-01,P
5940,2006-08-01,P,2006-08-01,P
6088,2004-11-01,P,2004-11-01,P
6089,2006-05-01,P,2006-05-01,P
7591,1997-10-01,P,2024-09-10,P
7592,1997-10-01,P,2025-12-29,P
7593,1997-10-01,P,2025-06-12,P
7594,1997-10-01,P,1997-10-01,P
7595,1997-10-01,P,1997-10-01,P
7596,2000-12-01,P,2000-12-01,P
7597,2000-12-01,P,2025-05-01,P
7598,2004-03-25,P,2004-03-25,P
7599,2004-11-01,P,2025-12-03,P
7600,2004-11-01,P,2004-11-01,P
7745,1988-12-23,P,1988-12-23,P
7747,1990-12-01,P,2025-04-09,P
7748,2001-09-01,P,2001-09-01,P
7750,1991-09-01,P,1991-09-01,P
7751,1993-07-01,P,1993-07-01,P
7752,1993-07-01,P,1993-07-01,P
7753,1996-07-01,P,1996-07-01,P
7754,1997-01-15,P,1997-01-15,P
7756,1996-12-01,P,1996-12-01,P
7757,1998-02-01,P,2025-01-04,P
7758,2001-09-01,P,2001-09-01,P
8312,1994-11-01,P,2025-03-20,P
8313,2006-04-30,P,2023-10-20,P
8314,1997-01-01,P,2026-01-12,P
8315,1994-11-01,P,2023-10-20,P
8316,1997-04-15,P,1997-04-15,P
8317,2005-02-01,P,2025-11-06,P
8318,1995-12-01,P,2025-04-29,P
8319,1995-12-01,P,1995-12-01,P
8320,1996-05-01,P,1996-05-01,P
8323,1996-10-10,P,2026-03-09,P
8324,1997-08-01,P,1997-08-01,P
8325,1996-10-10,P,2024-03-21,P
8328,1997-08-01,P,1997-08-01,P
8329,1997-08-01,P,1997-08-01,P
8330,1995-09-01,P,1995-09-01,P
8331,1995-05-01,P,2026-01-31,P
8333,1995-05-01,P,2025-12-01,P
8334,1995-05-01,P,1995-05-01,P
8336,1998-07-01,P,2024-08-27,P
8337,1999-01-01,P,1999-01-01,P
8338,1999-09-01,P,1999-09-01,P
8339,2000-04-01,P,2000-04-01,P
8341,2004-08-01,P,2024-11-20,P
8342,2001-11-01,P,2023-11-15,P
8343,2002-08-31,P,2002-08-31,P
8345,1997-08-01,P,2025-05-27,P
8346,2002-09-01,P,2025-10-20,P
8347,2002-06-01,P,2002-06-01,P
8349,2014-04-07,B,2026-02-04,B
8350,2003-02-01,P,2024-08-04,P
8351,2004-08-01,P,2004-08-01,P
8352,2006-04-14,P,2025-09-22,P
8354,2006-07-01,P,2006-07-01,P
8355,2007-07-01,P,2007-07-01,P
8356,2007-11-01,P,2007-11-01,P
8359,2022-03-04,VUS,2024-04-22,VUS
8753,1996-06-01,P,1996-06-01,P
8754,1997-11-01,P,2025-11-09,P
8755,2009-10-01,P,2009-10-01,P
8756,2009-10-01,P,2009-10-01,P
9153,1996-10-01,P,1996-10-01,P
9154,1996-10-01,P,1996-10-01,P
9155,1998-06-01,P,2024-02-17,P
9156,1996-10-01,P,1996-10-01,P
9161,1997-01-23,P,1997-01-23,P
9162,1998-09-11,P,1998-09-11,P
9210,2001-09-27,P,2026-01-04,P
9211,2001-07-01,P,2026-03-05,P
9214,1999-01-01,P,1999-01-01,P
9215,2002-06-01,P,2023-05-27,P
10029,1988-05-01,P,1988-05-01,P
10031,1989-07-01,P,1989-07-01,P
10032,1989-07-01,P,1989-07-01,P
10033,1989-07-01,P,1989-07-01,P
10034,1989-07-01,P,1989-07-01,P
10035,1990-06-01,P,1990-06-01,P
10036,1991-10-01,P,1991-10-01,P
10037,1990-06-01,P,1990-06-01,P
10039,1989-07-01,P,1989-07-01,P
10040,1989-03-01,P,2025-02-11,P
10042,1988-05-01,P,1988-05-01,P
10043,1989-07-01,P,1989-07-01,P
10044,1989-07-01,P,2025-12-15,P
10046,1990-06-01,P,2023-08-30,P
10048,1990-06-01,P,1990-06-01,P
10049,1990-06-01,P,1990-06-01,P
10050,1990-06-01,P,1990-06-01,P
10051,1990-06-01,P,1990-06-01,P
10052,1990-06-01,P,1990-06-01,P
10053,1990-06-01,P,1990-06-01,P
10055,1990-06-01,P,1990-06-01,P
10056,1990-06-01,P,1990-06-01,P
10057,1990-06-01,P,2023-11-06,P
10058,1989-07-01,P,1989-07-01,P
10059,1983-09-01,P,1983-09-01,P
10060,1990-04-01,P,2025-06-22,P
10061,1990-06-01,P,1990-06-01,P
10062,1989-03-01,P,1989-03-01,P
10065,1990-06-01,P,1990-06-01,P
10066,1984-08-02,P,1984-08-02,P
10067,1990-06-01,P,1990-06-01,P
10068,1990-06-01,P,1990-06-01,P
10069,1990-06-01,P,1990-06-01,P
10071,2013-10-24,P,2013-10-24,P
10072,1992-07-01,P,1992-07-01,P
10073,1990-01-01,P,1990-01-01,P
10074,1991-10-01,P,1991-10-01,P
10075,1991-10-01,P,1991-10-01,P
10076,1991-10-01,P,1991-10-01,P
10077,1991-12-15,P,2025-05-22,P
10078,1991-12-15,P,1991-12-15,P
10081,1994-08-01,P,1994-08-01,P
10082,1996-01-01,P,1996-01-01,P
10083,2001-11-01,P,2001-11-01,P
10084,2002-03-15,P,2002-03-15,P
10856,1993-04-01,P,1993-04-01,P
10857,1993-04-01,P,2025-10-03,P
10858,1998-06-05,P,2023-12-03,P
10859,1998-06-05,P,1998-06-05,P
10860,2021-06-22,P,2021-06-22,P
11796,1997-03-01,P,1997-03-01,P
11797,1997-08-01,P,2025-09-24,P
11798,1996-02-01,P,1996-02-01,P
11799,1996-02-01,P,1996-02-01,P
11801,1996-02-01,P,1996-02-01,P
11802,1997-06-01,P,2025-03-11,P
11803,1997-03-01,P,2025-10-03,P
11804,1997-03-01,P,1997-03-01,P
11805,1997-03-01,P,1997-03-01,P
11806,1998-05-01,P,1998-05-01,P
11807,2005-01-01,P,2005-01-01,P
11808,2006-01-01,P,2006-01-01,P
12225,1999-01-01,P,2025-04-20,P
12228,2013-03-01,P,2025-12-30,P
12931,2002-09-26,P,2002-09-26,P
17753,2009-03-01,P,2025-12-29,P
17757,2023-12-08,VUS,2025-06-30,VUS
17758,1994-01-01,P,1994-01-01,P
17761,1996-01-15,P,1996-01-15,P
17762,1996-08-01,P,2025-03-04,P
17763,1998-05-26,P,2025-04-03,P
17764,1997-10-01,P,2025-09-10,P
17765,1997-10-01,P,1997-10-01,P
17766,1998-05-26,P,2021-10-15,P
17767,2003-01-01,P,2025-12-09,P
17771,2012-04-01,P,2025-11-10,P
17772,2000-08-15,P,2025-12-16,P
17773,2000-08-15,P,2026-01-11,P
17776,2001-06-01,P,2025-09-28,P
17777,2002-12-15,P,2002-12-15,P
17778,2004-07-01,P,2004-07-01,P
17779,2004-07-01,P,2004-07-01,P
17780,2005-11-01,P,2025-12-29,P
18115,2005-01-01,P,2026-02-09,P
18116,1994-04-01,P,2025-05-01,P
18118,1994-04-01,P,1994-04-01,P
18121,2005-01-01,P,2005-01-01,P
18122,2003-04-01,P,2024-08-26,P
18295,1997-01-01,P,2020-09-01,P
18296,1996-11-01,P,2024-03-16,P
18297,2013-09-18,P,2024-04-23,P
18298,1991-01-01,P,2024-09-23,P
18299,1992-07-01,P,2020-09-01,P
18300,1994-05-01,P,2020-09-01,P
18302,1998-02-01,P,2020-09-01,P
18451,2009-10-01,P,2009-10-01,P
29675,2011-08-04,P,2011-08-04,P
29676,2011-11-03,P,2025-08-21,P
29677,2011-11-03,P,2026-05-06,P
29678,2011-08-04,P,2011-08-04,P
29679,2011-11-03,P,2026-02-27,P
29680,2011-11-03,P,2026-04-09,P
29681,2011-11-03,P,2025-10-03,P
29972,2021-06-22,P,2021-06-22,P
29973,2021-06-22,P,2021-06-22,P
29985,2011-01-01,P,2026-01-13,P
30405,2006-04-01,P,2006-04-01,P
30879,2012-01-01,P,2025-10-08,P
32288,2009-12-30,P,2011-08-05,P
33205,2010-08-27,P,2010-08-27,P
33553,2010-05-27,P,2010-05-27,P
34625,2013-07-16,P,2013-07-16,P
34724,2010-05-27,P,2010-05-27,P
35475,2012-01-01,P,2012-01-01,P
35476,2012-01-01,P,2024-05-10,P
35477,2012-01-01,P,2012-01-01,P
35478,2012-01-01,P,2012-01-01,P
35479,2012-01-01,P,2024-01-03,P
35775,2020-07-22,VUS,2025-03-26,VUS
35777,2011-08-18,LP,2011-08-18,LP
35779,2021-06-03,P,2024-07-25,P
35780,2011-08-18,LP,2011-08-18,LP
35784,2011-08-18,LP,2011-08-18,LP
35785,2011-08-18,LP,2011-08-18,LP
35787,2017-06-30,LP,2025-10-10,LP
35788,2017-03-10,LP,2023-10-19,LP
35791,2011-08-18,LP,2011-08-18,LP
35793,2011-08-18,LP,2011-08-18,LP
35795,2022-04-06,VUS,2024-06-27,VUS
35796,2011-08-18,LB,2025-04-21,LB
35798,2018-05-23,LP,2023-12-22,LP
35799,2011-08-18,B,2026-02-04,B
35802,2011-08-18,LP,2011-08-18,LP
36346,2022-01-12,VUS,2024-01-22,VUS
36348,2011-08-18,LP,2023-05-27,LP
36349,2017-03-20,VUS,2026-03-31,VUS
36355,2011-08-18,LP,2024-05-09,LP
36356,2011-08-18,LP,2023-05-27,LP
36359,2011-08-18,LB,2026-03-01,LB
36360,2020-01-22,VUS,2024-09-26,VUS
36362,2025-07-01,LB,2025-07-01,LB
36364,2011-08-18,LP,2025-12-02,LP
36366,2011-08-18,LP,2011-08-18,LP
37080,2012-01-01,P,2012-01-01,P
39486,2004-09-01,B,2026-02-04,B
40166,2006-11-28,P,2026-02-01,P
40985,2023-10-06,LP,2023-10-06,LP
41012,2020-09-01,P,2020-09-01,P
44220,2012-05-07,B,2018-01-13,B
44221,2012-04-30,B,2023-02-17,B
44222,2012-05-07,B,2026-03-27,B
44223,2012-05-07,B,2026-02-02,B
44224,2012-12-20,VUS,2025-07-31,VUS
44225,2012-05-07,B,2026-03-27,B
44227,2012-05-07,B,2026-02-04,B
44228,2012-11-29,B,2026-02-04,B
44230,2012-05-07,B,2026-02-02,B
44231,2012-05-07,B,2026-02-04,B
57042,2011-08-12,P,2011-08-12,P
57051,2011-08-12,P,2011-08-12,P
57086,2013-04-29,P,2014-12-19,P
57087,2010-05-27,P,2011-08-05,P
57093,2011-08-12,P,2011-08-12,P
57116,2011-08-12,P,2011-08-12,P
57160,2011-08-12,P,2011-08-12,P
57161,2011-08-12,P,2011-08-12,P
57187,2011-08-12,P,2011-08-12,P
57189,2011-08-12,P,2011-08-12,P
57206,2011-08-12,P,2011-08-12,P
57215,2011-08-12,P,2011-08-12,P
57217,2011-08-12,P,2011-08-12,P
57225,2011-08-12,P,2011-08-12,P
57238,2011-08-12,P,2011-08-12,P
57257,2011-08-12,P,2011-08-12,P
57282,2011-08-12,P,2011-08-12,P
57324,2011-08-12,P,2011-08-12,P
57339,2011-08-12,P,2011-08-12,P
57353,2011-08-12,P,2011-08-12,P
57401,2011-08-12,P,2011-08-12,P
57406,2011-08-12,P,2011-08-12,P
57416,2011-08-12,P,2011-08-12,P
57420,2011-08-12,P,2011-08-12,P
57432,2011-08-12,P,2011-08-12,P
57443,2011-08-12,P,2011-08-12,P
57454,2011-08-12,P,2011-08-12,P
57456,2011-08-12,P,2011-08-12,P
57457,2011-08-12,P,2011-08-12,P
57496,2011-08-12,P,2011-08-12,P
57503,2011-08-12,P,2011-08-12,P
57803,2011-08-12,P,2011-08-12,P
57806,2011-08-12,P,2011-08-12,P
57822,2011-08-12,VUS,2011-08-12,VUS
57827,2011-08-12,VUS,2011-08-12,VUS
57829,2011-08-12,P,2011-08-12,P
57868,2011-08-12,P,2011-08-12,P
57870,2011-08-12,P,2011-08-12,P
57871,2011-08-12,P,2011-08-12,P
57874,2011-08-12,P,2011-08-12,P
57902,2011-08-12,P,2011-08-12,P
57921,2011-08-12,P,2011-08-12,P
57923,2011-08-12,P,2011-08-12,P
57924,2011-08-12,P,2011-08-12,P
57937,2011-08-12,P,2011-08-12,P
57971,2011-08-12,P,2011-08-12,P
57983,2011-08-12,P,2011-08-12,P
57984,2011-08-12,P,2011-08-12,P
57987,2011-08-12,P,2011-08-12,P
57997,2011-08-12,P,2011-08-12,P
58011,2011-08-12,P,2011-08-12,P
58013,2011-08-12,P,2011-08-12,P
58015,2011-08-12,P,2011-08-12,P
58056,2011-08-12,P,2011-08-12,P
58109,2011-08-12,P,2011-08-12,P
58111,2011-08-12,P,2011-08-12,P
58118,2011-08-12,P,2011-08-12,P
58122,2011-08-12,P,2011-08-12,P
58123,2011-08-12,P,2011-08-12,P
58241,2011-08-12,P,2011-08-12,P
58341,2011-08-12,VUS,2011-08-12,VUS
58366,2011-08-12,VUS,2011-08-12,VUS
58553,2011-08-12,P,2011-08-12,P
58555,2011-08-12,P,2011-08-12,P
58586,2011-08-12,P,2011-08-12,P
58615,2011-08-12,P,2011-08-12,P
58645,2011-08-12,P,2011-08-12,P
58646,2011-08-12,P,2011-08-12,P
58647,2011-08-12,P,2011-08-12,P
58648,2011-08-12,P,2011-08-12,P
58651,2011-08-12,P,2011-08-12,P
58668,2011-08-12,P,2011-08-12,P
58669,2011-08-12,P,2011-08-12,P
58696,2011-08-12,P,2011-08-12,P
58703,2011-08-12,P,2011-08-12,P
58776,2011-08-12,P,2011-08-12,P
58777,2011-08-12,P,2011-08-12,P
58851,2011-08-12,P,2011-08-12,P
58852,2011-08-12,P,2011-08-12,P
58879,2011-08-12,P,2011-08-12,P
58880,2011-08-12,P,2011-08-12,P
58882,2011-08-12,P,2011-08-12,P
58883,2011-08-12,P,2011-08-12,P
58885,2011-08-12,P,2011-08-12,P
58910,2011-08-12,P,2011-08-12,P
58911,2011-08-12,P,2011-08-12,P
58924,2011-08-12,P,2011-08-12,P
58948,2011-08-12,P,2011-08-12,P
59090,2011-08-12,VUS,2011-08-12,VUS
59133,2011-08-12,P,2011-08-12,P
59136,2011-08-12,P,2011-08-12,P
59137,2011-08-12,P,2011-08-12,P
59140,2011-08-12,P,2011-08-12,P
59141,2011-08-12,P,2011-08-12,P
59143,2011-08-12,P,2011-08-12,P
59151,2011-08-12,P,2011-08-12,P
59158,2011-08-12,P,2011-08-12,P
59159,2011-08-12,P,2011-08-12,P
59173,2011-08-12,P,2011-08-12,P
59176,2011-08-12,P,2011-08-12,P
59177,2011-08-12,P,2011-08-12,P
59179,2011-08-12,P,2011-08-12,P
59186,2011-08-12,P,2011-08-12,P
59190,2011-08-12,P,2011-08-12,P
59200,2011-08-12,P,2011-08-12,P
59202,2011-08-12,P,2011-08-12,P
59218,2011-08-12,P,2011-08-12,P
59219,2011-08-12,P,2011-08-12,P
59300,2011-08-12,P,2011-08-12,P
59301,2011-08-12,P,2011-08-12,P
59302,2011-08-12,P,2011-08-12,P
59303,2011-08-12,P,2011-08-12,P
59520,2011-08-12,P,2011-08-12,P
59521,2011-08-12,P,2011-08-12,P
59538,2011-08-12,P,2011-08-12,P
59539,2011-08-12,P,2011-08-12,P
59586,2011-08-12,P,2011-08-12,P
59609,2011-08-12,P,2011-08-12,P
59634,2011-08-11,P,2011-08-11,P
59694,2011-08-12,VUS,2011-08-12,VUS
59716,2011-08-12,P,2011-08-12,P
59738,2010-10-19,P,2010-10-19,P
59772,2011-08-12,P,2011-08-12,P
59777,2011-08-12,P,2011-08-12,P
59846,2011-08-12,P,2011-08-12,P
59875,2011-08-12,P,2011-08-12,P
59876,2011-08-12,P,2011-08-12,P
59885,2011-08-12,P,2011-08-12,P
59892,2011-08-12,P,2011-08-12,P
59894,2011-08-12,P,2011-08-12,P
59895,2011-08-12,P,2011-08-12,P
59943,2011-08-12,P,2011-08-12,P
59966,2011-08-12,P,2011-08-12,P
60042,2011-08-12,P,2011-08-12,P
60045,2011-08-12,P,2011-08-12,P
60107,2011-08-12,P,2011-08-12,P
60108,2011-08-12,P,2011-08-12,P
60297,2011-08-12,P,2011-08-12,P
60298,2011-08-12,P,2011-08-12,P
60377,2011-08-12,P,2011-08-12,P
60379,2011-08-12,P,2011-08-12,P
60380,2011-08-12,P,2011-08-12,P
60667,2012-06-15,P,2025-03-27,P
60669,2006-07-01,P,2006-07-01,P
64374,2022-10-03,VUS,2022-10-03,VUS
64378,2024-03-22,VUS,2024-03-22,VUS
64380,2024-05-16,VUS,2024-05-16,VUS
64391,2022-04-05,VUS,2022-04-21,VUS
64404,2024-01-04,LB,2024-01-04,LB
64409,2023-12-24,LB,2023-12-24,LB
64420,2022-05-27,LB,2022-05-27,LB
64422,2025-01-27,LB,2025-01-27,LB
64424,2025-02-20,LB,2025-02-20,LB
64425,2021-07-08,VUS,2022-01-03,VUS
64428,2021-05-01,LB,2021-10-23,LB
64429,2019-12-04,LB,2024-09-11,LB
64431,2019-05-19,LB,2025-11-26,LB
64432,2022-12-06,VUS,2022-12-06,VUS
64437,2023-02-21,LB,2023-02-21,LB
64439,2024-10-30,VUS,2024-10-30,VUS
64440,2019-10-13,LB,2025-12-10,LB
64478,2022-03-31,VUS,2023-03-14,VUS
64480,2021-04-27,VUS,2024-05-24,VUS
64493,2024-10-09,LB,2024-10-09,LB
64497,2024-01-03,VUS,2024-01-03,VUS
64498,2026-02-01,LB,2026-02-01,LB
64505,2025-10-11,LB,2025-10-11,LB
64523,2024-06-18,VUS,2025-10-05,VUS
68698,2023-08-31,VUS,2023-08-31,VUS
68699,2023-06-09,VUS,2023-06-09,VUS
68706,2014-06-09,VUS,2014-06-09,VUS
68712,2021-06-22,P,2025-12-14,P
68719,2022-02-19,LP,2022-02-19,LP
68720,2024-02-24,P,2024-02-24,P
68724,2024-01-29,LP,2024-01-29,LP
69713,2019-06-02,LB,2025-10-13,LB
69714,2020-11-18,LB,2025-05-12,LB
92311,2015-08-24,B,2026-02-04,B
92312,2015-08-24,B,2026-02-04,B
92603,2015-07-13,P,2024-10-02,P
92604,2013-10-22,P,2025-04-07,P
92605,2013-04-02,VUS,2013-04-02,VUS
92606,2013-01-21,VUS,2013-01-21,VUS
92722,2014-04-25,B,2026-02-04,B
92723,2013-07-15,P,2013-07-15,P
92724,2012-11-01,P,2012-11-01,P
92726,2013-07-08,P,2013-07-08,P
129237,2013-07-23,VUS,2025-08-12,VUS
129238,2013-03-27,B,2026-02-03,B
129239,2015-03-03,B,2026-02-04,B
129240,2013-03-05,B,2026-02-04,B
129851,2015-09-08,B,2026-02-04,B
139648,2014-01-01,P,2025-08-13,P
139649,2014-01-01,P,2014-01-01,P
139650,2012-01-01,P,2012-01-01,P
140583,2004-09-01,P,2026-01-13,P
140584,2014-11-27,P,2024-03-26,P
144172,2013-09-23,P,2013-09-23,P
144177,2013-10-22,P,2013-10-22,P
144195,2010-05-27,P,2010-05-27,P
144262,2013-07-01,P,2013-07-01,P
144263,2013-07-01,P,2013-07-01,P
144288,2010-02-28,VUS,2010-02-28,VUS
144296,2010-02-28,P,2010-02-28,P
144309,2010-02-28,P,2010-02-28,P
144310,2010-08-30,P,2010-08-30,P
144335,2009-12-30,P,2009-12-30,P
144347,2009-12-30,P,2009-12-30,P
144365,2009-12-30,P,2009-12-30,P
144406,2010-03-30,P,2010-03-30,P
144429,2012-11-26,P,2012-11-26,P
144465,2010-04-30,P,2013-02-04,P
144474,2010-04-30,VUS,2010-04-30,VUS
144543,2010-05-30,P,2010-05-30,P
144544,2012-09-21,P,2012-09-21,P
144556,2010-05-30,P,2010-05-30,P
144588,2010-05-30,P,2010-05-30,P
144756,2010-08-19,P,2010-08-19,P
145162,2010-11-30,P,2010-11-30,P
145166,2010-11-30,P,2010-11-30,P
145168,2010-11-30,P,2010-11-30,P
145308,2010-07-30,P,2010-07-30,P
145337,2010-07-30,P,2010-07-30,P
145575,2010-12-22,P,2010-12-22,P
145579,2010-12-22,P,2010-12-22,P
145613,2011-01-05,P,2011-01-05,P
145614,2011-01-05,P,2011-01-05,P
145615,2011-01-05,P,2011-01-05,P
145622,2011-01-05,P,2011-01-05,P
145623,2011-01-05,P,2011-01-05,P
145624,2011-01-05,P,2011-01-05,P
145974,2010-11-30,P,2010-11-30,P
145979,2010-11-30,P,2010-11-30,P
145981,2010-11-30,P,2010-11-30,P
145995,2011-04-30,P,2011-04-30,P
145998,2010-11-30,P,2010-11-30,P
146010,2010-11-30,P,2010-11-30,P
146018,2010-11-30,P,2010-11-30,P
146023,2010-11-30,P,2010-11-30,P
146075,2009-07-30,P,2009-07-30,P
146131,2009-07-30,P,2009-07-30,P
146219,2010-12-22,P,2010-12-22,P
146232,2011-01-14,LP,2011-01-14,LP
146233,2011-01-14,P,2011-01-14,P
146240,2011-01-14,P,2011-01-14,P
146261,2011-01-24,P,2011-01-24,P
146292,2011-01-27,LP,2011-01-27,LP
146326,2011-01-27,VUS,2011-01-27,VUS
146334,2011-02-18,P,2011-02-18,P
146353,2011-02-18,P,2011-02-18,P
146355,2011-02-18,LP,2011-02-18,LP
146524,2010-12-22,P,2010-12-22,P
146578,2010-10-19,P,2010-10-19,P
146596,2010-10-19,P,2010-10-19,P
146602,2010-10-20,P,2010-10-20,P
146619,2010-10-20,P,2010-10-20,P
146683,2011-08-05,P,2011-08-05,P
146703,2009-11-30,P,2009-11-30,P
146707,2009-11-30,P,2009-11-30,P
146711,2009-11-30,P,2009-11-30,P
146725,2010-07-30,LP,2010-07-30,LP
146764,2010-10-30,P,2010-10-30,P
146791,2010-10-30,P,2010-10-30,P
146814,2010-11-30,P,2010-11-30,P
146830,2010-11-30,VUS,2010-11-30,VUS
146845,2010-11-30,P,2010-11-30,P
146857,2010-11-30,P,2010-11-30,P
146858,2010-11-30,P,2010-11-30,P
146861,2012-09-21,P,2012-09-21,P
146931,2010-10-20,P,2010-10-20,P
147257,2010-12-22,P,2010-12-22,P
147352,2010-12-22,P,2010-12-22,P
147368,2010-12-22,P,2010-12-22,P
147398,2010-12-22,P,2010-12-22,P
147401,2010-12-22,P,2010-12-22,P
147420,2010-12-22,P,2010-12-22,P
147465,2010-12-22,P,2010-12-22,P
147508,2010-12-22,P,2010-12-22,P
147547,2010-10-01,P,2010-10-01,P
147626,2010-01-30,P,2010-01-30,P
147627,2010-01-30,P,2010-01-30,P
147631,2010-01-30,P,2010-01-30,P
147668,2010-10-14,P,2010-10-14,P
147683,2010-10-14,P,2010-10-14,P
147729,2010-12-22,VUS,2010-12-22,VUS
147748,2010-12-22,P,2010-12-22,P
147844,2011-09-16,P,2011-09-16,P
147922,2010-12-22,P,2010-12-22,P
147946,2010-12-22,P,2010-12-22,P
147967,2010-12-22,P,2010-12-22,P
147969,2010-12-22,P,2010-12-22,P
147991,2010-12-22,VUS,2010-12-22,VUS
148012,2010-12-22,P,2010-12-22,P
148018,2010-12-22,P,2010-12-22,P
148019,2010-12-22,P,2010-12-22,P
148051,2010-12-22,P,2010-12-22,P
148052,2010-12-22,P,2010-12-22,P
148083,2010-12-22,P,2010-12-22,P
148110,2011-09-16,B,2011-09-16,B
148186,2011-03-21,P,2011-03-21,P
148340,2011-04-14,P,2011-04-14,P
148341,2011-04-14,P,2011-04-14,P
148356,2011-04-21,P,2011-04-21,P
148363,2011-04-21,P,2011-04-21,P
148379,2012-04-05,P,2012-04-05,P
148421,2011-05-12,P,2011-05-12,P
148478,2011-09-12,P,2011-09-12,P
148479,2011-09-12,P,2011-09-12,P
148508,2011-06-05,P,2011-06-05,P
148651,2011-08-29,P,2011-08-29,P
148759,2012-06-01,P,2012-06-01,P
148806,2012-01-13,VUS,2012-01-13,VUS
148821,2011-10-26,P,2011-10-26,P
148822,2011-10-26,P,2011-10-26,P
148823,2012-08-02,P,2012-08-02,P
148843,2011-12-16,LB,2011-12-16,LB
148900,2011-11-16,P,2011-11-16,P
148918,2011-12-02,LP,2011-12-02,LP
148947,2011-12-16,P,2011-12-16,P
148952,2011-12-16,P,2011-12-16,P
148958,2011-12-16,P,2011-12-16,P
149010,2012-01-10,P,2012-01-10,P
149047,2012-01-23,P,2012-01-23,P
149048,2012-01-16,P,2012-01-16,P
149058,2012-01-23,P,2012-01-23,P
149061,2012-01-23,P,2012-01-23,P
149087,2012-02-10,P,2012-02-10,P
149103,2012-02-14,LP,2012-02-14,LP
149105,2012-02-14,P,2012-02-14,P
149142,2012-03-09,P,2012-03-09,P
149255,2012-04-16,P,2012-04-16,P
149257,2012-04-16,P,2012-04-16,P
149328,2011-07-05,P,2011-07-05,P
149337,2011-06-20,P,2011-06-20,P
149359,2012-09-21,VUS,2012-09-21,VUS
149544,2012-08-02,P,2012-08-02,P
149547,2012-07-02,P,2012-07-02,P
149568,2012-05-03,LP,2012-05-03,LP
149660,2012-09-21,P,2012-09-21,P
149685,2012-07-09,P,2012-07-09,P
149702,2011-08-02,P,2011-08-02,P
149705,2012-09-21,P,2012-09-21,P
149719,2012-09-21,LB,2012-09-21,LB
149828,2012-09-21,P,2012-09-21,P
149834,2012-09-21,P,2012-09-21,P
149867,2012-01-03,VUS,2012-01-03,VUS
149905,2012-09-21,P,2012-09-21,P
149975,2012-09-21,P,2012-09-21,P
150032,2012-08-02,P,2012-08-02,P
150050,2012-05-07,P,2012-05-07,P
150068,2012-09-21,LB,2012-09-21,LB
150138,2012-05-14,P,2012-05-14,P
150141,2012-05-07,P,2012-05-07,P
150232,2012-07-09,P,2012-07-09,P
150233,2012-07-09,LP,2012-07-09,LP
150242,2012-07-09,P,2012-07-09,P
150316,2012-08-27,P,2012-08-27,P
150340,2011-07-05,P,2011-07-05,P
150341,2011-07-05,P,2011-07-05,P
150422,2012-09-21,P,2012-09-21,P
150450,2012-09-21,P,2012-09-21,P
150498,2012-08-13,P,2012-08-13,P
150509,2012-08-20,P,2012-08-20,P
150510,2012-08-20,P,2012-08-20,P
150562,2012-09-21,P,2012-09-21,P
150589,2012-08-13,P,2012-08-13,P
150599,2012-07-02,P,2012-07-02,P
150609,2012-06-18,P,2012-06-18,P
150710,2012-09-21,P,2012-09-21,P
150723,2012-09-21,P,2012-09-21,P
150735,2012-09-21,P,2012-09-21,P
150740,2012-09-21,P,2012-09-21,P
150820,2012-09-04,P,2012-09-04,P
150858,2012-06-04,P,2012-06-04,P
150862,2012-05-03,P,2012-05-03,P
151026,2012-09-21,P,2012-09-21,P
151031,2012-09-21,P,2012-09-21,P
151032,2012-09-21,P,2012-09-21,P
151130,2013-02-25,P,2013-02-25,P
151164,2012-10-23,P,2012-10-23,P
151422,2011-04-30,LB,2011-04-30,LB
151438,2011-04-30,LB,2011-04-30,LB
151725,2011-04-30,VUS,2011-04-30,VUS
151755,2013-04-02,P,2013-04-02,P
151964,2018-02-14,VUS,2018-02-14,VUS
152052,2012-11-26,P,2012-11-26,P
152157,2015-08-13,P,2015-08-13,P
152210,2012-12-17,P,2012-12-17,P
152212,2012-12-17,P,2012-12-17,P
152215,2012-12-17,LP,2012-12-17,LP
152257,2013-01-14,P,2013-01-14,P
152539,2011-04-30,LP,2011-04-30,LP
152591,2011-04-30,P,2011-04-30,P
152731,2013-01-09,P,2013-01-09,P
152832,2011-04-30,LP,2011-04-30,LP
152860,2012-09-26,VUS,2012-09-26,VUS
152861,2012-09-26,VUS,2012-09-26,VUS
152899,2011-04-30,P,2011-04-30,P
152900,2011-04-30,P,2011-04-30,P
152912,2011-04-30,P,2011-04-30,P
152995,2013-02-04,B,2013-02-04,B
153003,2013-02-04,P,2013-02-04,P
153021,2013-02-04,B,2013-02-04,B
153068,2010-10-01,P,2010-10-01,P
153183,2014-03-24,P,2014-03-24,P
153185,2014-03-24,P,2014-03-24,P
153228,2014-03-24,P,2014-03-24,P
153239,2014-12-16,P,2014-12-16,P
153302,2013-04-29,P,2013-04-29,P
153304,2013-04-29,P,2013-04-29,P
153413,2013-08-02,P,2013-08-02,P
153436,2013-06-11,P,2013-06-11,P
153441,2013-06-18,P,2013-06-18,P
153499,2013-06-25,P,2013-06-25,P
153506,2013-09-27,P,2013-09-27,P
153518,2013-07-01,P,2013-07-01,P
153561,2013-07-16,P,2013-07-16,P
153687,2013-08-05,P,2013-08-05,P
153722,2013-08-19,P,2013-08-19,P
153730,2013-08-26,P,2013-08-26,P
153734,2013-08-26,P,2013-08-26,P
153737,2013-08-26,P,2013-08-26,P
153753,2013-09-03,P,2013-09-03,P
153756,2013-09-03,P,2013-09-03,P
153772,2013-09-03,P,2013-09-03,P
153937,2013-10-22,P,2013-10-22,P
153940,2013-10-22,P,2013-10-22,P
153968,2013-10-29,VUS,2013-10-29,VUS
154016,2013-11-19,P,2013-11-19,P
154022,2013-11-27,P,2013-11-27,P
154045,2013-11-27,P,2013-11-27,P
154142,2014-03-10,P,2014-03-10,P
154186,2014-03-10,P,2014-03-10,P
154206,2014-03-18,P,2014-03-18,P
154213,2014-03-18,P,2014-03-18,P
154223,2014-03-18,LP,2014-03-18,LP
154249,2014-03-18,P,2014-03-18,P
154252,2014-03-18,P,2014-03-18,P
154258,2014-03-18,P,2014-03-18,P
154297,2014-03-18,P,2014-03-18,P
154443,2010-08-27,P,2010-08-27,P
154471,2011-01-05,P,2011-01-05,P
154510,2010-12-22,P,2010-12-22,P
154511,2010-12-22,P,2010-12-22,P
154530,2010-12-22,P,2010-12-22,P
154544,2011-08-05,VUS,2011-08-05,VUS
154558,2012-09-21,P,2012-09-21,P
154569,2010-10-14,P,2010-10-14,P
154581,2010-12-22,P,2010-12-22,P
154631,2010-10-14,P,2010-10-14,P
154677,2010-10-19,B,2010-10-19,B
154704,2010-12-22,P,2010-12-22,P
154735,2012-12-10,P,2012-12-10,P
154767,2012-09-21,LB,2012-09-21,LB
154791,2012-12-10,P,2012-12-10,P
154839,2012-09-21,P,2012-09-21,P
154888,2012-08-13,P,2012-08-13,P
154911,2012-09-21,P,2012-09-21,P
154945,2012-08-20,P,2012-08-20,P
154988,2012-10-24,VUS,2012-10-24,VUS
155046,2012-11-14,P,2012-11-14,P
155063,2014-09-16,P,2014-09-16,P
155065,2013-03-26,P,2013-03-26,P
155078,2013-04-04,LB,2013-04-04,LB
155149,2013-02-04,P,2013-02-04,P
155152,2015-09-09,P,2015-09-09,P
155179,2012-12-10,VUS,2012-12-10,VUS
155220,2013-03-11,VUS,2013-03-11,VUS
155225,2013-03-19,P,2013-03-19,P
155275,2012-10-23,P,2012-10-23,P
155281,2012-10-15,P,2012-10-15,P
155282,2012-10-15,P,2012-10-15,P
155327,2014-03-24,LP,2014-03-24,LP
155344,2013-04-29,P,2013-04-29,P
155356,2013-09-27,LP,2013-09-27,LP
155357,2013-09-27,P,2013-09-27,P
155358,2013-09-27,P,2013-09-27,P
155366,2013-10-22,P,2013-10-22,P
155374,2013-10-29,P,2013-10-29,P
155396,2013-06-18,P,2013-06-18,P
155397,2013-06-18,LP,2013-06-18,LP
155409,2015-06-22,P,2015-06-22,P
155448,2013-07-16,P,2013-07-16,P
155517,2013-09-09,LP,2013-09-09,LP
155557,2013-10-22,P,2013-10-22,P
155566,2014-07-18,P,2014-07-18,P
155615,2013-11-19,P,2013-11-19,P
155619,2013-11-27,P,2013-11-27,P
155627,2013-12-03,P,2013-12-03,P
155628,2013-12-03,P,2013-12-03,P
155638,2014-03-10,VUS,2014-03-10,VUS
155640,2014-03-10,P,2014-03-10,P
155646,2014-03-10,P,2014-03-10,P
155687,2014-03-18,P,2014-03-18,P
155688,2014-03-18,P,2014-03-18,P
156152,2014-03-01,P,2026-01-01,P
160862,2011-08-12,P,2011-08-12,P
160890,2011-08-12,P,2011-08-12,P
160897,2011-08-12,P,2011-08-12,P
160921,2011-08-12,P,2011-08-12,P
160983,2011-08-12,P,2011-08-12,P
161051,2011-08-12,P,2011-08-12,P
161071,2011-08-12,P,2011-08-12,P
161082,2011-08-12,P,2011-08-12,P
161088,2011-08-12,P,2011-08-12,P
161089,2011-08-12,P,2011-08-12,P
161091,2011-08-12,P,2011-08-12,P
161392,2014-06-01,VUS,2024-02-14,VUS
161606,2024-11-28,VUS,2024-11-28,VUS
162020,2014-10-01,P,2026-01-05,P
162021,2014-10-01,P,2014-11-27,P
162759,2012-04-30,B,2026-01-28,B
162760,2014-08-19,VUS,2024-03-25,VUS
166798,2013-08-22,B,2026-02-04,B
166799,2013-08-22,B,2026-02-04,B
167181,1989-03-01,P,2026-04-07,P
167182,2014-03-13,P,2014-03-13,P
167397,2014-04-07,VUS,2025-03-10,VUS
178289,2015-04-17,B,2026-02-04,B
179259,2013-10-11,P,2025-09-28,P
187820,2014-01-17,P,2014-01-17,P
187821,2014-01-17,P,2014-01-17,P
188738,2014-03-31,LP,2025-11-03,LP
188765,2014-04-22,LP,2025-06-06,LP
188985,2014-09-26,LP,2025-04-17,LP
189161,2014-11-27,P,2025-06-03,P
193091,2014-09-08,B,2026-02-04,B
193754,2015-04-27,B,2026-02-04,B
193755,2015-04-28,B,2026-01-11,B
194276,2014-12-09,B,2018-08-30,B
194277,2014-11-03,B,2026-02-04,B
194466,2015-04-17,LP,2015-04-17,LP
194704,2015-04-13,P,2018-06-19,P
195367,2014-09-19,B,2026-02-04,B
195559,2014-05-28,P,2021-10-20,P
196505,2017-06-22,LB,2026-01-27,LB
197121,2014-08-20,B,2020-01-11,B
198034,2014-09-24,B,2026-02-04,B
198057,2015-03-03,B,2026-01-27,B
198070,2015-05-01,B,2026-02-03,B
198071,2012-07-10,B,2026-02-04,B
198072,2014-12-29,B,2026-01-31,B
198387,2015-03-17,VUS,2025-01-18,VUS
198610,2017-02-17,P,2026-02-01,P
198612,2014-10-21,B,2026-02-02,B
202205,2019-05-28,LP,2019-05-28,LP
204022,2014-11-27,VUS,2014-11-27,VUS
204023,2014-11-27,VUS,2014-11-27,VUS
204025,2014-11-27,VUS,2014-11-27,VUS
204027,2014-11-27,VUS,2014-11-27,VUS
204028,2014-11-27,VUS,2014-11-27,VUS
204031,2014-11-27,VUS,2014-11-27,VUS
204034,2021-09-24,VUS,2023-10-27,VUS
204036,2014-11-27,VUS,2014-11-27,VUS
204038,2014-11-27,VUS,2014-11-27,VUS
204042,2014-11-27,VUS,2014-11-27,VUS
204044,2014-11-27,VUS,2014-11-27,VUS
204045,2023-10-27,B,2023-10-27,B
204051,2014-11-27,VUS,2014-11-27,VUS
204053,2014-11-27,VUS,2022-03-26,VUS
204055,2014-11-27,VUS,2025-12-19,VUS
204059,2014-11-27,VUS,2017-06-26,VUS
204065,2014-11-27,P,2025-11-23,P
204066,2014-11-27,P,2014-11-27,P
204068,2014-11-27,P,2014-11-27,P
204070,2014-11-27,P,2014-11-27,P
204071,2014-11-27,P,2014-11-27,P
204074,2014-11-27,P,2014-11-27,P
204075,2014-11-27,P,2022-02-15,P
204076,2014-11-27,P,2026-01-09,P
204079,2014-11-27,P,2024-05-23,P
204080,2014-11-27,P,2014-11-27,P
204082,2014-11-27,P,2014-11-27,P
204083,2014-11-27,P,2024-06-26,P
204084,2014-11-27,P,2023-07-06,P
204086,2014-11-27,P,2014-11-27,P
204087,2014-11-27,P,2022-06-20,P
204088,2014-11-27,P,2020-09-24,P
204090,2014-11-27,P,2014-11-27,P
204091,2014-11-27,P,2025-09-30,P
204093,2014-11-27,P,2024-06-03,P
204094,2014-11-27,P,2014-11-27,P
204097,2014-11-27,P,2025-11-04,P
204098,2014-11-27,P,2014-11-27,P
204099,2014-11-27,P,2014-11-27,P
204100,2014-11-27,P,2014-11-27,P
204101,2014-11-27,P,2014-11-27,P
204102,2014-11-27,P,2014-11-27,P
204103,2014-11-27,P,2024-04-04,P
204104,2014-11-27,P,2023-08-19,P
204105,2014-11-27,P,2025-02-17,P
204109,2014-11-27,P,2019-11-04,P
204110,2017-10-06,LP,2024-05-01,LP
204112,2014-11-27,P,2014-11-27,P
204113,2014-11-27,P,2025-09-21,P
204114,2014-11-27,P,2014-11-27,P
204115,2014-11-27,P,2025-12-01,P
204117,2014-11-27,P,2014-11-27,P
204118,2014-11-27,P,2024-08-26,P
204119,2014-11-27,P,2014-11-27,P
204120,2014-11-27,P,2014-11-27,P
204122,2014-11-27,P,2014-11-27,P
204124,2014-11-27,P,2014-11-27,P
204125,2014-11-27,P,2014-11-27,P
204127,2014-11-27,P,2014-11-27,P
204128,2023-04-25,LP,2025-07-16,LP
204131,2014-11-27,P,2014-11-27,P
204133,2014-11-27,P,2014-11-27,P
204134,2014-11-27,P,2014-11-27,P
204137,2014-11-27,P,2024-02-14,P
204138,2014-11-27,P,2014-11-27,P
204139,2014-11-27,P,2014-11-27,P
204140,2014-11-27,P,2014-11-27,P
204141,2014-11-27,P,2025-02-26,P
204142,2014-11-27,P,2022-06-28,P
204143,2014-11-27,P,2024-03-02,P
204144,2014-11-27,P,2014-11-27,P
204145,2014-11-27,P,2014-11-27,P
204147,2014-11-27,P,2024-10-16,P
204148,2014-11-27,P,2014-11-27,P
204149,2014-11-27,P,2014-11-27,P
204151,2014-11-27,P,2024-08-26,P
204152,2014-11-27,P,2022-09-22,P
204154,2014-11-27,P,2023-08-11,P
204156,2014-11-27,P,2014-11-27,P
204157,2014-11-27,P,2025-03-04,P
204158,2014-11-27,P,2023-07-13,P
204159,2014-11-27,P,2025-01-07,P
204160,2014-11-27,P,2023-01-10,P
204161,2014-11-27,P,2025-10-03,P
204162,2014-11-27,P,2014-11-27,P
204163,2014-11-27,P,2014-11-27,P
204164,2014-11-27,P,2014-11-27,P
204165,2014-11-27,P,2024-12-09,P
204166,2014-11-27,P,2025-05-22,P
204169,2014-11-27,P,2026-01-29,P
204170,2014-11-27,P,2024-02-21,P
204171,2014-11-27,P,2014-11-27,P
204172,2014-11-27,P,2024-07-29,P
204173,2014-11-27,P,2014-11-27,P
204174,2014-11-27,P,2014-11-27,P
204175,2014-11-27,P,2023-09-01,P
204176,2014-11-27,P,2026-01-20,P
204177,2014-11-27,P,2014-11-27,P
204179,2014-11-27,P,2014-11-27,P
204181,2014-11-27,P,2014-11-27,P
204182,2014-11-27,P,2023-11-11,P
204183,2023-07-19,P,2025-11-18,P
204185,2014-11-27,P,2025-07-14,P
204186,2014-11-27,P,2014-11-27,P
204187,2014-11-27,P,2014-11-27,P
204188,2014-11-27,P,2025-02-20,P
204189,2014-11-27,P,2014-11-27,P
204190,2014-11-27,P,2025-12-07,P
204191,2014-11-27,P,2025-05-21,P
204192,2014-11-27,P,2024-08-20,P
204193,2014-11-27,P,2014-11-27,P
204195,2014-11-27,P,2026-01-25,P
204196,2014-11-27,P,2023-10-27,P
204197,2014-11-27,P,2021-02-25,P
204198,2014-11-27,P,2014-11-27,P
204200,2014-11-27,P,2014-11-27,P
204201,2014-11-27,P,2025-01-17,P
204202,2014-11-27,P,2014-11-27,P
204203,2014-11-27,P,2014-11-27,P
204204,2014-11-27,P,2014-11-27,P
204205,2014-11-27,P,2014-11-27,P
204207,2014-11-27,P,2014-11-27,P
204208,2014-11-27,P,2014-11-27,P
204209,2014-11-27,P,2025-07-31,P
204212,2014-11-27,P,2014-11-27,P
204213,2014-11-27,P,2014-11-27,P
204214,2014-11-27,P,2014-11-27,P
204215,2014-11-27,P,2014-11-27,P
204216,2014-11-27,P,2014-11-27,P
204217,2014-11-27,P,2014-11-27,P
204219,2014-11-27,VUS,2014-11-27,VUS
204221,2014-11-27,VUS,2014-11-27,VUS
204223,2014-11-27,VUS,2014-11-27,VUS
204224,2014-11-27,VUS,2014-11-27,VUS
204227,2011-05-05,B,2025-12-19,B
204228,2023-10-27,B,2023-10-27,B
204232,2014-11-27,P,2014-11-27,P
204233,2014-11-27,P,2014-11-27,P
204235,2014-11-27,P,2026-03-19,P
204240,2014-11-27,P,2014-11-27,P
204241,2014-11-27,P,2024-02-08,P
204243,2014-11-27,P,2025-07-29,P
204244,2014-11-27,P,2026-03-19,P
204245,2014-11-27,P,2014-11-27,P
204246,2014-11-27,P,2014-11-27,P
204247,2014-11-27,P,2014-11-27,P
204248,2014-11-27,P,2014-11-27,P
204249,2014-11-27,P,2024-03-07,P
204250,2014-11-27,P,2025-05-05,P
204251,2014-11-27,P,2025-11-12,P
204253,2014-11-27,P,2025-11-27,P
204255,2014-11-27,VUS,2014-11-27,VUS
204261,2014-11-27,VUS,2022-04-05,VUS
204266,2023-10-27,P,2026-01-02,P
204268,2014-11-27,P,2026-01-19,P
204269,2017-04-06,P,2025-12-14,P
204271,2014-11-27,P,2025-06-20,P
204273,2014-11-27,P,2026-02-13,P
204274,2014-11-27,P,2014-11-27,P
204275,2014-11-27,P,2025-12-01,P
204276,2014-11-27,P,2026-01-31,P
204279,2014-11-27,P,2026-01-15,P
204280,2014-11-27,P,2021-08-30,P
204285,2014-11-27,P,2026-03-24,P
204286,2014-11-27,P,2025-10-03,P
204287,2014-11-27,P,2024-03-08,P
207994,2022-12-07,P,2025-10-03,P
207996,2022-03-07,P,2025-04-03,P
207997,2018-09-16,P,2022-12-30,P
207999,2018-09-16,P,2025-05-25,P
208000,2018-04-17,P,2025-10-03,P
208001,2014-09-25,P,2014-09-25,P
208002,2014-09-25,P,2014-09-25,P
208003,2014-09-25,P,2014-09-25,P
208004,2014-09-25,P,2014-09-25,P
208005,2014-09-25,P,2014-09-25,P
208006,2014-09-25,P,2014-09-25,P
208007,2014-09-25,P,2014-09-25,P
208008,2014-09-25,P,2014-09-25,P
208009,2014-09-25,P,2014-09-25,P
208010,2014-09-25,P,2014-09-25,P
208011,2014-09-25,P,2014-09-25,P
208012,2014-09-25,P,2014-09-25,P
208013,2014-09-25,P,2014-09-25,P
208014,2014-09-25,P,2014-09-25,P
208015,2014-09-25,P,2014-09-25,P
208016,2014-09-25,P,2014-09-25,P
208017,2014-09-25,P,2014-09-25,P
211777,2014-09-08,VUS,2014-09-08,VUS
211778,2015-03-24,VUS,2015-03-24,VUS
211779,2014-05-08,VUS,2014-05-08,VUS
211781,2015-05-28,VUS,2015-05-28,VUS
212741,2014-04-10,LP,2014-04-10,LP
217419,2010-01-01,P,2010-01-01,P
217422,2015-06-01,P,2015-06-01,P
218182,2005-11-01,P,2005-11-01,P
218184,2005-11-01,P,2005-11-01,P
218774,2015-02-13,B,2015-02-13,B
218775,2015-02-13,B,2022-09-23,B
218968,2015-11-24,LP,2015-11-24,LP
219020,2015-06-23,P,2015-06-23,P
219032,2017-09-22,P,2017-09-22,P
221334,2015-07-20,VUS,2015-07-20,VUS
221345,2015-07-20,VUS,2015-07-20,VUS
221357,2015-07-20,VUS,2015-07-20,VUS
221392,2015-07-20,VUS,2015-07-20,VUS
221527,2015-07-20,VUS,2015-07-20,VUS
221992,2015-12-18,P,2015-12-18,P
225474,2016-03-18,VUS,2024-05-16,VUS
225476,2016-03-18,LP,2016-03-18,LP
226462,2015-08-12,B,2026-01-20,B
227181,2015-06-16,LB,2026-01-22,LB
227182,2016-01-15,LB,2026-01-20,LB
227183,2012-04-30,LB,2026-02-02,LB
227185,2015-06-19,LB,2015-06-19,LB
228444,2015-08-11,VUS,2025-11-12,VUS
228445,2014-10-09,VUS,2022-10-25,VUS
228446,2016-03-03,VUS,2016-03-03,VUS
228447,2015-02-20,VUS,2020-02-21,VUS
228448,2015-08-18,VUS,2024-11-11,VUS
228449,2017-11-02,VUS,2019-10-28,VUS
228450,2017-06-14,VUS,2025-12-15,VUS
228451,2015-05-05,VUS,2022-05-09,VUS
228452,2015-01-29,VUS,2024-06-20,VUS
234926,2016-10-06,P,2025-12-17,P
234929,2016-10-06,P,2016-10-06,P
234930,2016-10-06,P,2024-03-07,P
235236,2016-01-21,B,2026-02-03,B
235293,2015-05-18,P,2025-10-03,P
235350,2015-02-09,P,2022-07-01,P
235615,2015-05-29,VUS,2024-04-11,VUS
237756,2015-10-30,B,2026-02-04,B
237760,2017-03-29,B,2026-02-04,B
237761,2019-05-17,LB,2025-10-01,LB
237764,2017-08-24,B,2026-02-04,B
237767,2016-03-08,VUS,2016-03-08,VUS
237768,2017-07-21,B,2026-02-04,B
237769,2023-02-28,VUS,2025-04-28,VUS
237771,2017-05-10,B,2026-02-01,B
237772,2019-08-14,LB,2026-01-29,LB
242577,2023-10-27,LP,2023-10-27,LP
242849,2016-03-02,VUS,2016-03-02,VUS
242913,2015-09-21,P,2015-09-21,P
253332,2016-01-20,LP,2016-01-20,LP
253376,2016-01-20,P,2016-01-20,P
253377,2016-01-20,P,2016-01-20,P
253389,2016-01-20,P,2016-01-20,P
253400,2016-01-20,P,2016-01-20,P
253402,2016-01-20,P,2016-01-20,P
253431,2016-01-20,P,2016-01-20,P
253432,2016-01-20,P,2016-01-20,P
253436,2016-01-20,P,2016-01-20,P
253438,2016-01-20,P,2016-01-20,P
253458,2016-01-20,P,2016-01-20,P
253487,2016-01-20,P,2016-01-20,P
253492,2016-01-20,P,2016-01-20,P
253495,2016-01-20,P,2016-01-20,P
253503,2016-01-20,P,2016-01-20,P
253521,2016-01-20,P,2016-01-20,P
253554,2016-01-20,P,2016-01-20,P
253565,2016-01-20,P,2016-01-20,P
253571,2016-01-20,P,2016-01-20,P
253572,2016-01-20,P,2016-01-20,P
253579,2016-01-20,P,2016-01-20,P
253583,2016-01-20,P,2016-01-20,P
253592,2016-01-20,P,2016-01-20,P
253601,2016-01-20,P,2016-01-20,P
253602,2016-01-20,P,2016-01-20,P
253613,2016-01-20,P,2016-01-20,P
253615,2016-01-20,P,2016-01-20,P
253616,2016-01-20,P,2016-01-20,P
253624,2016-01-20,P,2016-01-20,P
253633,2016-01-20,P,2016-01-20,P
253652,2016-01-20,P,2016-01-20,P
253655,2016-01-20,P,2016-01-20,P
253667,2016-01-20,P,2016-01-20,P
253753,2016-01-20,VUS,2016-01-20,VUS
253986,2016-01-20,VUS,2016-01-20,VUS
254787,2018-01-13,B,2026-02-04,B
255872,2016-03-21,B,2026-02-04,B
255873,2018-08-15,B,2026-02-02,B
255875,2023-04-06,LB,2023-04-06,LB
255902,2025-06-01,LB,2025-06-01,LB
255903,2018-01-13,B,2026-02-01,B
255904,2018-01-13,B,2026-02-01,B
255905,2018-01-13,B,2026-02-02,B
255906,2018-01-12,B,2026-02-01,B
255907,2018-01-13,B,2026-02-01,B
255909,2018-01-13,B,2026-01-27,B
255910,2018-11-12,B,2026-02-04,B
255911,2018-01-13,B,2026-01-28,B
255912,2018-01-12,B,2026-01-27,B
255913,2018-01-12,B,2026-01-27,B
255915,2018-01-12,B,2026-01-28,B
255967,2018-01-12,B,2026-02-04,B
255968,2018-01-13,B,2026-02-04,B
255969,2018-01-13,B,2026-02-04,B
255970,2018-01-13,B,2026-02-02,B
257604,2019-12-15,LB,2025-11-25,LB
257605,2017-08-02,B,2026-02-04,B
257609,2019-01-14,LB,2025-10-01,LB
260004,2016-03-21,B,2026-02-04,B
260830,2019-08-20,B,2026-02-04,B
260831,2020-01-18,B,2026-02-04,B
260832,2018-11-11,B,2026-02-01,B
260833,2018-11-11,B,2026-02-04,B
261340,2017-04-27,B,2026-02-04,B
261341,2018-11-10,B,2026-02-04,B
261342,2018-01-12,B,2026-02-04,B
261343,2018-01-12,B,2026-02-04,B
261344,2017-04-27,B,2026-02-04,B
261345,2016-03-21,B,2026-02-04,B
261401,2016-02-10,B,2022-05-05,B
261402,2022-03-18,B,2026-02-01,B
261403,2016-03-25,B,2025-11-15,B
262914,2015-02-13,B,2026-01-28,B
262915,2024-08-01,VUS,2024-08-01,VUS
264696,2016-05-03,P,2016-05-03,P
264697,2016-05-03,P,2016-05-03,P
265391,2016-03-17,P,2021-07-08,P
265392,2016-06-17,P,2024-10-26,P
267474,2016-08-01,P,2016-08-01,P
267475,2016-08-01,P,2016-08-01,P
267476,2016-08-01,P,2016-08-01,P
267477,2016-08-01,P,2016-08-01,P
267478,2016-08-01,P,2016-08-01,P
267479,2016-08-01,P,2016-08-01,P
267480,2016-08-01,P,2016-08-01,P
267481,2016-08-01,P,2016-08-01,P
267482,2016-08-01,P,2016-08-01,P
267485,2016-08-01,P,2016-08-01,P
268075,2016-09-20,P,2016-09-20,P
279731,2018-05-23,P,2026-01-26,P
279732,2015-06-04,VUS,2024-03-05,VUS
279859,2017-07-13,P,2024-06-17,P
279966,2016-08-16,P,2016-08-16,P
279979,2015-09-24,P,2015-09-24,P
280139,2018-10-31,P,2026-01-09,P
280308,2016-02-10,P,2016-02-10,P
280428,2021-07-19,P,2025-02-25,P
280657,2016-06-21,P,2025-06-19,P
280715,2016-07-06,P,2016-07-06,P
280725,2016-07-12,P,2016-07-12,P
280729,2016-07-13,P,2016-07-13,P
280785,2018-06-26,P,2018-06-26,P
281214,2015-07-01,B,2026-02-04,B
281350,2015-06-09,VUS,2015-06-09,VUS
281431,2015-06-15,LB,2026-03-01,LB
281439,2015-06-18,VUS,2015-06-18,VUS
281681,2015-06-22,B,2026-01-29,B
281744,2015-07-10,VUS,2015-07-10,VUS
281903,2015-07-16,LB,2026-02-02,LB
282608,2015-09-14,B,2026-02-04,B
282651,2015-08-26,VUS,2023-03-22,VUS
282685,2015-08-31,VUS,2018-10-31,VUS
284173,2015-10-19,P,2015-10-19,P
284275,2018-06-15,P,2025-06-24,P
284536,2015-11-13,B,2026-02-04,B
285502,2015-12-22,B,2026-01-15,B
285972,2016-02-13,VUS,2016-02-13,VUS
287014,2016-04-15,VUS,2025-05-13,VUS
287109,2016-03-23,VUS,2024-09-30,VUS
287538,2016-06-02,VUS,2022-11-10,VUS
287744,2016-05-10,VUS,2021-12-03,VUS
288149,2018-06-21,VUS,2025-10-07,VUS
288197,2002-11-01,P,2025-12-06,P
288891,2016-07-07,B,2026-02-04,B
288909,1992-01-01,P,2025-10-06,P
289109,2016-06-22,VUS,2025-12-08,VUS
289409,2016-08-10,VUS,2016-08-10,VUS
297315,2018-01-13,B,2018-01-13,B
297316,2018-01-13,B,2018-01-13,B
297317,2018-01-13,VUS,2018-01-13,VUS
297318,2018-01-13,B,2018-01-13,B
297319,2018-01-13,VUS,2018-01-13,VUS
297320,2018-01-13,VUS,2018-01-13,VUS
297321,2018-01-13,VUS,2018-01-13,VUS
297322,2018-01-13,VUS,2018-01-13,VUS
297323,2018-01-13,VUS,2018-01-13,VUS
297324,2018-01-13,VUS,2018-01-13,VUS
297325,2018-01-13,B,2018-01-13,B
297326,2018-01-12,B,2018-01-12,B
297327,2018-01-13,LB,2018-01-13,LB
297328,2018-01-12,VUS,2018-01-12,VUS
297329,2018-01-13,VUS,2018-01-13,VUS
297330,2018-01-12,VUS,2018-01-12,VUS
297333,2018-01-13,VUS,2018-01-13,VUS
297334,2018-01-13,VUS,2018-01-13,VUS
297335,2018-01-13,B,2018-11-10,B
297337,2018-01-13,B,2020-09-01,B
297338,2018-01-12,VUS,2018-01-12,VUS
297339,2018-01-13,B,2026-02-04,B
297340,2018-01-13,B,2026-02-03,B
297341,2018-01-13,B,2026-02-01,B
297342,2018-01-13,VUS,2018-01-13,VUS
297343,2018-01-13,VUS,2026-01-21,VUS
297344,2018-01-13,VUS,2018-01-13,VUS
297346,2018-01-13,VUS,2025-10-01,VUS
297347,2018-01-13,B,2026-01-28,B
297348,2018-01-12,VUS,2018-01-12,VUS
297349,2018-01-12,VUS,2018-01-12,VUS
301791,2018-01-13,VUS,2025-06-09,VUS
301794,2021-02-09,B,2026-01-31,B
301795,2017-08-07,VUS,2025-01-25,VUS
301796,2018-01-12,B,2026-02-02,B
301798,2018-01-13,VUS,2024-02-29,VUS
301799,2018-01-12,VUS,2018-01-12,VUS
301800,2018-01-12,VUS,2018-01-12,VUS
301801,2018-01-12,VUS,2018-01-12,VUS
301803,2018-01-12,VUS,2018-01-12,VUS
301804,2018-01-12,VUS,2018-01-12,VUS
301805,2018-01-12,VUS,2018-01-12,VUS
301806,2018-01-12,VUS,2018-01-12,VUS
301807,2018-01-13,B,2019-08-20,B
301810,2018-01-12,VUS,2018-01-12,VUS
301813,2018-01-12,B,2018-01-12,B
301815,2018-01-12,VUS,2018-01-12,VUS
301816,2018-01-13,B,2018-01-13,B
301817,2018-01-12,VUS,2018-01-12,VUS
301818,2018-01-13,B,2018-01-13,B
301819,2018-01-12,B,2018-01-12,B
301820,2018-01-12,B,2018-01-12,B
301821,2018-01-13,B,2018-01-13,B
301822,2018-01-13,VUS,2018-01-13,VUS
301823,2018-01-13,VUS,2018-01-13,VUS
301824,2018-01-13,VUS,2018-01-13,VUS
301825,2018-01-12,VUS,2018-01-12,VUS
301826,2018-01-12,VUS,2018-01-12,VUS
303555,2018-01-13,VUS,2018-01-13,VUS
303559,2018-01-12,VUS,2018-01-12,VUS
303560,2018-01-13,LB,2018-01-13,LB
303562,2018-01-12,VUS,2018-01-12,VUS
303563,2018-01-13,VUS,2018-01-13,VUS
303564,2018-01-12,B,2018-01-12,B
303566,2018-01-12,LB,2018-01-12,LB
303567,2018-11-12,B,2018-11-12,B
303568,2018-01-13,LB,2021-02-03,LB
303569,2018-01-12,VUS,2018-01-12,VUS
303573,2019-10-03,P,2026-01-19,P
303574,2018-01-13,LB,2026-01-28,LB
303575,2019-12-16,B,2026-01-31,B
303578,2018-01-13,VUS,2018-01-13,VUS
303579,2018-01-13,VUS,2018-01-13,VUS
303580,2018-01-12,VUS,2018-01-12,VUS
305213,2018-11-12,B,2018-11-12,B
305218,2018-11-12,B,2018-11-12,B
305221,2018-01-13,VUS,2018-01-13,VUS
305222,2018-01-12,VUS,2018-01-12,VUS
305224,2019-12-08,B,2019-12-08,B
305225,2018-11-12,B,2018-11-12,B
305226,2018-01-13,VUS,2018-01-13,VUS
305227,2018-01-13,LB,2018-01-13,LB
305229,2016-03-21,B,2026-02-04,B
305230,2016-03-21,B,2026-02-04,B
305233,2016-03-21,B,2026-02-04,B
305236,2018-01-12,VUS,2018-01-12,VUS
305238,2018-01-13,VUS,2018-01-13,VUS
305239,2017-04-27,LP,2026-01-26,LP
305241,2016-03-21,B,2026-02-04,B
305243,2018-01-13,VUS,2018-01-13,VUS
305244,2018-11-12,B,2026-02-04,B
305246,2018-01-12,VUS,2024-10-29,VUS
305249,2018-01-12,VUS,2024-06-22,VUS
305252,2018-01-13,LB,2018-01-13,LB
305253,2020-04-09,B,2020-04-09,B
305254,2020-01-11,B,2020-01-11,B
305255,2018-01-13,VUS,2018-01-13,VUS
305258,2018-01-13,VUS,2018-01-13,VUS
305259,2018-01-13,VUS,2018-01-13,VUS
305260,2018-01-12,VUS,2018-01-12,VUS
305261,2018-01-13,VUS,2018-01-13,VUS
308811,2018-01-13,LB,2018-01-13,LB
308812,2018-01-13,VUS,2018-01-13,VUS
308813,2018-01-12,VUS,2018-01-12,VUS
308814,2018-01-12,VUS,2018-01-12,VUS
308815,2018-01-13,LB,2018-01-13,LB
308816,2018-01-12,B,2018-01-12,B
308818,2018-01-12,LB,2018-01-12,LB
308819,2018-01-13,VUS,2018-01-13,VUS
308820,2018-01-13,VUS,2018-01-13,VUS
308822,2018-01-13,VUS,2018-01-13,VUS
308823,2018-01-12,VUS,2018-01-12,VUS
308824,2018-01-13,VUS,2018-01-13,VUS
308825,2018-01-13,VUS,2018-01-13,VUS
308826,2018-01-13,VUS,2018-01-13,VUS
308827,2018-01-13,VUS,2018-01-13,VUS
308828,2018-01-13,B,2018-01-13,B
308835,2018-01-12,VUS,2018-01-12,VUS
308836,2018-01-13,VUS,2018-01-13,VUS
308837,2018-01-13,VUS,2018-01-13,VUS
308838,2018-01-13,VUS,2018-01-13,VUS
308839,2018-01-12,VUS,2018-01-12,VUS
308840,2018-01-13,B,2018-01-13,B
308841,2018-01-13,B,2023-04-20,B
308842,2018-01-13,VUS,2018-01-13,VUS
308843,2018-01-13,VUS,2018-01-13,VUS
308844,2018-01-13,VUS,2018-01-13,VUS
308845,2018-01-12,VUS,2018-01-12,VUS
308846,2018-01-12,VUS,2018-01-12,VUS
308847,2018-01-12,VUS,2018-01-12,VUS
308848,2018-01-12,VUS,2018-01-12,VUS
308851,2018-01-12,B,2018-01-12,B
308852,2018-01-13,VUS,2018-01-13,VUS
308856,2018-01-13,VUS,2018-01-13,VUS
308857,2018-01-13,VUS,2018-01-13,VUS
308858,2018-01-13,VUS,2018-01-13,VUS
308859,2018-01-12,VUS,2018-01-12,VUS
308860,2018-01-13,VUS,2018-01-13,VUS
308861,2018-01-13,VUS,2018-01-13,VUS
308862,2018-01-13,B,2023-04-20,B
308863,2018-01-13,LB,2018-01-13,LB
308864,2018-01-13,LB,2018-01-13,LB
308865,2018-01-12,LB,2018-01-12,LB
308866,2018-01-12,VUS,2018-01-12,VUS
308867,2018-01-13,VUS,2018-01-13,VUS
308868,2018-01-13,B,2023-04-20,B
308869,2018-01-12,VUS,2018-01-12,VUS
308871,2018-01-13,VUS,2018-01-13,VUS
308872,2018-01-13,VUS,2018-01-13,VUS
308873,2018-01-12,VUS,2018-01-12,VUS
308877,2016-03-21,B,2026-02-04,B
308879,2018-01-13,VUS,2018-01-13,VUS
308886,2018-01-12,B,2026-02-04,B
308888,2018-01-12,VUS,2018-01-12,VUS
308889,2018-01-13,B,2020-03-25,B
308891,2018-01-12,B,2018-01-12,B
308892,2018-01-12,VUS,2018-01-12,VUS
308893,2018-01-12,VUS,2018-01-12,VUS
316250,2018-01-13,B,2020-10-03,B
316251,2018-01-13,VUS,2018-01-13,VUS
316252,2018-01-13,VUS,2018-01-13,VUS
316253,2018-01-12,VUS,2018-01-12,VUS
316257,2017-09-18,B,2026-01-28,B
316258,2018-01-13,VUS,2018-01-13,VUS
316260,2018-01-13,VUS,2024-07-25,VUS
316261,2018-01-12,VUS,2025-09-11,VUS
316265,2018-01-13,B,2026-02-02,B
316267,2018-01-13,B,2026-02-04,B
316269,2018-01-12,B,2026-02-02,B
316270,2018-01-12,VUS,2025-11-10,VUS
316273,2018-01-13,B,2026-02-01,B
316274,2018-01-12,VUS,2018-01-12,VUS
316276,2018-01-13,VUS,2018-01-13,VUS
316279,2018-01-13,VUS,2018-01-13,VUS
316281,2018-01-13,VUS,2024-10-17,VUS
316282,2018-01-12,VUS,2018-01-12,VUS
316283,2018-01-12,VUS,2018-01-12,VUS
316284,2018-01-13,B,2020-02-03,B
316285,2018-01-13,B,2018-11-12,B
316286,2018-01-12,B,2020-02-03,B
316287,2018-01-13,VUS,2018-01-13,VUS
316288,2018-01-13,VUS,2018-01-13,VUS
316290,2018-01-13,B,2019-08-20,B
316291,2018-01-13,B,2020-09-17,B
316292,2018-01-12,VUS,2018-01-12,VUS
316293,2018-01-13,VUS,2018-01-13,VUS
316294,2018-01-12,B,2018-01-12,B
316295,2018-01-13,VUS,2018-01-13,VUS
321156,2018-07-09,B,2018-07-09,B
321157,2018-01-12,LB,2018-01-12,LB
321158,2018-01-13,VUS,2018-01-13,VUS
321159,2018-01-13,VUS,2018-01-13,VUS
321161,2018-10-19,LB,2018-10-19,LB
321162,2018-07-09,B,2022-03-09,B
321163,2018-01-12,VUS,2021-07-08,VUS
321167,2025-03-21,B,2026-01-18,B
323474,2018-01-12,VUS,2018-01-12,VUS
323475,2018-01-13,B,2018-01-13,B
323476,2018-01-13,VUS,2018-01-13,VUS
323480,2018-01-12,VUS,2018-01-12,VUS
323481,2018-01-12,B,2018-01-12,B
323482,2018-01-13,VUS,2018-01-13,VUS
323484,2018-01-12,VUS,2018-01-12,VUS
323486,2018-01-12,LB,2018-01-12,LB
323487,2018-01-13,VUS,2018-01-13,VUS
323489,2018-01-13,VUS,2018-01-13,VUS
323491,2018-01-13,B,2018-01-13,B
323492,2018-01-13,VUS,2018-01-13,VUS
323496,2018-01-12,B,2021-05-17,B
323497,2018-01-13,B,2018-01-13,B
323498,2018-01-13,B,2021-05-15,B
323499,2018-01-13,B,2018-01-13,B
323500,2018-01-13,B,2018-01-13,B
323502,2018-01-13,VUS,2018-01-13,VUS
323503,2018-01-13,VUS,2025-09-14,VUS
323504,2023-09-04,P,2023-09-04,P
323506,2016-08-25,B,2026-02-03,B
323508,2018-01-13,VUS,2018-01-13,VUS
323510,2018-01-13,B,2026-01-15,B
323511,2018-01-13,VUS,2024-12-10,VUS
323512,2018-01-13,LB,2025-12-23,LB
323514,2018-01-12,VUS,2018-01-12,VUS
323518,2018-01-12,B,2026-01-28,B
323522,2018-01-13,LB,2025-10-28,LB
323523,2018-01-13,VUS,2018-01-13,VUS
323524,2018-01-12,LB,2018-01-12,LB
328739,2018-01-13,VUS,2018-01-13,VUS
328740,2018-01-13,B,2020-01-11,B
328741,2018-01-13,VUS,2018-01-13,VUS
328742,2018-01-13,VUS,2018-01-13,VUS
328747,2018-01-13,B,2026-02-04,B
328750,2018-01-12,VUS,2022-04-12,VUS
328751,2018-01-13,VUS,2023-09-22,VUS
328752,2018-01-13,VUS,2018-01-13,VUS
328754,2018-01-13,B,2026-03-03,B
328756,2018-01-13,B,2026-03-03,B
328759,2018-01-13,B,2026-03-03,B
328760,2018-01-12,B,2026-03-03,B
328762,2018-01-13,B,2026-03-03,B
328763,2018-01-12,B,2026-02-04,B
328765,2018-01-12,VUS,2021-11-05,VUS
328770,2018-01-13,B,2019-08-20,B
328771,2018-01-12,VUS,2018-01-12,VUS
328772,2018-01-13,VUS,2018-01-13,VUS
328773,2018-01-13,VUS,2018-01-13,VUS
328774,2018-01-13,B,2018-01-13,B
335291,2019-08-23,B,2019-08-23,B
335293,2018-01-12,VUS,2018-01-12,VUS
335296,2018-01-13,VUS,2018-01-13,VUS
335298,2018-01-12,VUS,2018-01-12,VUS
335303,2018-01-12,VUS,2018-01-12,VUS
335304,2018-01-12,VUS,2018-01-12,VUS
335733,2018-01-12,B,2018-01-12,B
335734,2018-01-13,B,2018-01-13,B
335735,2018-01-13,VUS,2018-01-13,VUS
335736,2018-01-12,VUS,2018-01-12,VUS
335737,2018-01-13,B,2018-01-13,B
335738,2018-01-12,VUS,2018-01-12,VUS
335739,2018-01-12,VUS,2018-01-12,VUS
335741,2018-01-13,B,2018-01-13,B
335742,2018-01-12,VUS,2018-01-12,VUS
335743,2018-01-12,VUS,2018-01-12,VUS
335744,2017-04-27,LB,2017-04-27,LB
335745,2018-01-13,VUS,2018-01-13,VUS
335746,2017-04-28,LB,2017-04-28,LB
335747,2018-01-13,VUS,2018-01-13,VUS
335748,2018-01-12,VUS,2018-01-12,VUS
335750,2018-01-13,VUS,2018-01-13,VUS
335751,2018-01-13,B,2018-01-13,B
335752,2018-01-12,VUS,2018-01-12,VUS
335753,2018-01-12,VUS,2018-01-12,VUS
335754,2018-01-12,B,2021-12-05,B
335758,2022-05-26,P,2023-08-27,P
335759,2018-01-12,VUS,2025-12-15,VUS
335764,2018-01-12,VUS,2018-01-12,VUS
335766,2018-01-13,VUS,2022-04-27,VUS
335768,2018-01-13,VUS,2025-01-01,VUS
335771,2025-12-18,B,2025-12-18,B
335772,2022-12-29,VUS,2022-12-29,VUS
335773,2018-01-13,VUS,2024-04-25,VUS
335775,2018-01-12,VUS,2018-01-12,VUS
335776,2018-01-12,B,2026-01-18,B
335778,2018-01-13,VUS,2018-01-13,VUS
335784,2018-01-12,VUS,2024-03-06,VUS
335785,2018-01-13,B,2026-01-28,B
335787,2018-01-13,B,2026-02-01,B
335790,2018-01-13,VUS,2018-01-13,VUS
335795,2018-01-13,B,2026-01-27,B
335798,2018-01-12,VUS,2024-05-21,VUS
335801,2017-04-27,LB,2020-12-01,LB
336182,2018-01-13,VUS,2018-01-13,VUS
336183,2021-10-19,VUS,2021-10-19,VUS
336184,2018-01-13,B,2026-03-02,B
336185,2022-04-21,VUS,2022-04-21,VUS
336186,2018-01-13,VUS,2018-01-13,VUS
336187,2018-01-13,VUS,2018-01-13,VUS
336188,2018-01-13,VUS,2018-01-13,VUS
336190,2018-01-13,VUS,2018-01-13,VUS
336191,2018-01-13,VUS,2018-01-13,VUS
336192,2018-01-13,VUS,2025-05-13,VUS
336193,2018-01-13,VUS,2024-04-05,VUS
336195,2017-04-28,P,2025-10-03,P
336197,2018-01-12,VUS,2024-04-02,VUS
336198,2018-01-13,VUS,2018-01-13,VUS
336199,2016-03-28,B,2026-02-01,B
336202,2018-01-13,VUS,2018-01-13,VUS
336204,2018-01-12,B,2026-03-02,B
336205,2017-04-27,P,2025-11-11,P
336206,2018-01-13,VUS,2018-01-13,VUS
336207,2018-01-13,VUS,2025-08-21,VUS
336208,2018-01-12,VUS,2023-12-22,VUS
336210,2018-01-13,VUS,2018-01-13,VUS
336211,2025-10-01,LB,2026-01-20,LB
336216,2018-01-13,VUS,2018-01-13,VUS
336217,2018-01-13,B,2019-08-20,B
336915,2017-05-09,B,2021-07-10,B
336916,2018-01-13,LB,2021-06-09,LB
336917,2020-09-14,LB,2024-02-26,LB
336919,2018-01-12,VUS,2024-08-05,VUS
336920,2018-01-12,LB,2026-01-19,LB
336921,2018-01-13,VUS,2018-01-13,VUS
336922,2012-05-07,B,2026-01-28,B
336928,2017-10-24,VUS,2024-06-06,VUS
336929,2018-01-12,VUS,2018-01-12,VUS
336930,2018-01-13,B,2018-01-13,B
336931,2018-01-13,B,2018-01-13,B
338422,2025-01-29,VUS,2025-01-29,VUS
338424,2018-01-12,LB,2025-09-26,LB
338429,2018-01-12,VUS,2024-12-12,VUS
338433,2018-01-13,B,2018-08-12,B
338434,2017-04-27,LB,2018-07-07,LB
338436,2018-01-12,B,2018-09-04,B
338439,2018-01-12,B,2018-09-04,B
338440,2018-01-12,B,2021-05-12,B
338445,2018-01-13,B,2021-05-13,B
338448,2018-01-12,B,2021-05-12,B
338449,2018-01-12,B,2021-05-12,B
338458,2018-01-13,B,2020-04-28,B
338469,2018-01-12,B,2018-01-12,B
338471,2018-01-13,B,2018-01-13,B
338790,2018-01-13,VUS,2018-01-13,VUS
338791,2018-01-13,VUS,2018-01-13,VUS
338792,2018-01-13,VUS,2018-01-13,VUS
338793,2018-01-13,B,2018-01-13,B
338794,2018-01-13,B,2018-01-13,B
338795,2018-01-12,VUS,2018-01-12,VUS
338796,2018-01-13,VUS,2018-01-13,VUS
338797,2018-01-13,B,2018-01-13,B
338801,2018-01-13,VUS,2018-01-13,VUS
338802,2018-01-13,B,2018-01-13,B
338803,2018-01-12,VUS,2018-01-12,VUS
338804,2018-01-13,VUS,2018-01-13,VUS
338805,2018-01-12,VUS,2018-01-12,VUS
338806,2018-01-13,B,2018-01-13,B
338807,2018-01-13,VUS,2018-01-13,VUS
338808,2018-01-13,B,2018-01-13,B
338809,2018-01-12,VUS,2018-01-12,VUS
338810,2018-01-12,B,2018-01-12,B
338811,2018-01-13,B,2026-01-31,B
338812,2018-01-13,VUS,2018-01-13,VUS
338813,2018-01-12,VUS,2018-01-12,VUS
338814,2017-06-05,VUS,2025-08-28,VUS
338815,2018-01-13,B,2026-02-04,B
338816,2018-01-13,VUS,2024-10-06,VUS
338817,2018-01-13,B,2026-02-01,B
338820,2018-01-13,VUS,2018-01-13,VUS
338821,2018-01-12,B,2026-02-01,B
338822,2018-01-12,VUS,2018-01-12,VUS
338823,2018-01-13,VUS,2018-01-13,VUS
338824,2018-01-13,VUS,2024-06-20,VUS
338825,2018-01-13,B,2026-02-04,B
338830,2018-01-12,B,2026-02-04,B
338831,2016-03-21,B,2026-02-04,B
338832,2018-01-12,VUS,2018-01-12,VUS
338833,2018-01-13,VUS,2018-01-13,VUS
338835,2018-01-13,B,2026-02-01,B
338837,2018-01-13,B,2026-02-01,B
338838,2018-01-13,VUS,2024-06-03,VUS
338839,2018-01-12,VUS,2022-03-04,VUS
338840,2018-01-13,VUS,2018-01-13,VUS
338841,2018-01-13,VUS,2018-01-13,VUS
338842,2018-01-12,VUS,2018-01-12,VUS
338843,2018-01-13,B,2021-05-11,B
338844,2018-01-12,B,2018-01-12,B
338845,2018-01-12,VUS,2018-01-12,VUS
338846,2018-01-13,VUS,2018-01-13,VUS
338847,2018-01-13,VUS,2018-01-13,VUS
338848,2018-01-13,B,2018-01-13,B
338849,2018-01-13,VUS,2018-01-13,VUS
338850,2018-01-12,VUS,2018-01-12,VUS
342793,2018-01-13,VUS,2018-01-13,VUS
342806,2015-03-03,B,2021-07-14,B
342808,2018-01-12,VUS,2018-01-12,VUS
342810,2018-01-13,B,2018-01-13,B
342811,2018-01-12,VUS,2018-01-12,VUS
342812,2018-01-12,VUS,2018-01-12,VUS
342813,2018-01-13,VUS,2018-01-13,VUS
342814,2018-01-13,VUS,2018-01-13,VUS
342815,2018-01-13,B,2018-01-13,B
342816,2018-01-13,B,2018-01-13,B
342817,2018-01-12,VUS,2018-01-12,VUS
342818,2018-01-12,VUS,2018-01-12,VUS
342819,2018-01-13,VUS,2018-01-13,VUS
342820,2018-01-13,B,2018-01-13,B
342821,2018-01-12,VUS,2018-01-12,VUS
342822,2018-01-13,B,2018-01-13,B
344439,2018-01-13,VUS,2018-01-13,VUS
344440,2018-01-13,VUS,2018-01-13,VUS
344441,2018-01-12,VUS,2018-01-12,VUS
344442,2018-01-13,VUS,2018-01-13,VUS
344445,2016-03-21,B,2026-02-04,B
344446,2018-01-13,VUS,2024-03-27,VUS
344447,2018-01-12,B,2026-02-01,B
344450,2018-01-13,B,2025-12-26,B
344451,2018-01-13,VUS,2018-01-13,VUS
344452,2018-01-13,VUS,2018-01-13,VUS
344454,2018-01-12,B,2018-01-12,B
344455,2018-01-13,VUS,2018-01-13,VUS
344456,2018-01-12,VUS,2018-01-12,VUS
344457,2018-01-13,VUS,2018-01-13,VUS
344459,2018-01-13,B,2018-01-13,B
344460,2018-01-12,B,2018-01-12,B
344461,2018-01-13,B,2018-01-13,B
344462,2018-01-12,VUS,2018-01-12,VUS
344463,2018-01-13,B,2018-01-13,B
344464,2018-01-12,VUS,2018-01-12,VUS
344465,2018-01-13,LB,2018-01-13,LB
344466,2018-01-12,VUS,2018-01-12,VUS
344467,2018-01-13,VUS,2018-01-13,VUS
344468,2018-01-12,VUS,2018-01-12,VUS
344469,2018-01-12,VUS,2018-01-12,VUS
344470,2018-01-13,B,2018-01-13,B
344471,2018-01-13,VUS,2018-01-13,VUS
344472,2018-01-12,VUS,2018-01-12,VUS
344473,2018-01-13,VUS,2018-01-13,VUS
344474,2018-01-13,B,2018-01-13,B
344475,2018-01-13,B,2018-01-13,B
344476,2018-01-13,B,2018-01-13,B
347003,2024-09-27,VUS,2024-09-27,VUS
347005,2018-01-12,B,2025-10-13,B
347006,2018-01-13,B,2026-02-04,B
350191,2018-01-12,VUS,2018-01-12,VUS
350192,2018-01-12,B,2018-01-12,B
350193,2018-01-13,VUS,2018-01-13,VUS
350194,2018-01-13,B,2025-12-06,B
350195,2018-01-12,B,2026-01-27,B
350196,2018-01-13,VUS,2021-09-16,VUS
350197,2018-01-13,VUS,2018-01-13,VUS
350198,2018-01-13,VUS,2018-01-13,VUS
350200,2018-01-13,VUS,2018-01-13,VUS
350201,2018-01-12,B,2026-01-27,B
350203,2018-01-12,B,2025-12-31,B
350204,2018-01-13,VUS,2021-12-17,VUS
350205,2018-01-12,B,2026-02-03,B
350206,2018-01-13,VUS,2018-01-13,VUS
350207,2018-01-12,B,2026-02-04,B
350208,2018-01-13,B,2025-12-25,B
350213,2018-03-06,B,2026-02-04,B
350214,2018-01-12,VUS,2018-01-12,VUS
350215,2018-03-06,B,2026-02-04,B
350217,2018-01-13,B,2026-01-30,B
350218,2018-01-12,B,2026-02-01,B
350219,2018-01-13,B,2025-12-29,B
350220,2018-01-13,VUS,2018-01-13,VUS
350233,2018-01-13,B,2026-01-27,B
350235,2018-01-13,B,2026-02-04,B
350236,2018-01-13,B,2026-02-04,B
350237,2018-01-13,B,2026-02-04,B
350238,2019-11-05,P,2025-12-08,P
350239,2018-01-13,B,2026-01-26,B
350240,2018-01-12,B,2026-02-04,B
352950,2018-01-13,VUS,2018-01-13,VUS
352951,2018-01-12,VUS,2018-01-12,VUS
352952,2018-01-13,B,2018-01-13,B
352955,2018-01-13,LB,2018-01-13,LB
352956,2018-01-13,B,2026-02-02,B
352957,2018-01-13,B,2025-12-01,B
352958,2018-01-13,B,2025-12-29,B
352965,2016-03-21,B,2026-02-04,B
352974,2018-01-13,B,2026-01-27,B
352975,2018-01-13,B,2026-02-04,B
352977,2018-01-13,VUS,2018-01-13,VUS
352978,2018-01-13,VUS,2018-01-13,VUS
352979,2018-01-13,B,2018-01-13,B
352980,2018-01-12,B,2019-05-17,B
352981,2018-01-13,VUS,2018-01-13,VUS
352982,2018-01-12,VUS,2018-01-12,VUS
352983,2018-01-12,B,2018-01-12,B
352984,2018-01-12,VUS,2018-01-12,VUS
352985,2018-01-13,B,2018-01-13,B
358999,2018-01-13,B,2018-11-10,B
359000,2018-01-12,B,2018-11-10,B
359001,2018-01-13,B,2020-06-07,B
359002,2018-01-13,B,2018-01-13,B
359003,2018-01-12,VUS,2018-01-12,VUS
359006,2018-01-13,B,2026-02-02,B
359007,2018-01-12,B,2026-01-27,B
359008,2018-01-12,VUS,2023-05-25,VUS
359011,2018-01-12,B,2026-01-26,B
359012,2018-01-12,VUS,2018-01-12,VUS
359013,2018-01-13,B,2026-01-28,B
359014,2018-01-12,VUS,2021-11-17,VUS
359015,2018-01-12,B,2026-01-30,B
359017,2018-01-12,VUS,2025-08-21,VUS
359018,2018-01-13,B,2026-01-25,B
359019,2016-03-21,B,2026-02-04,B
359020,2018-01-12,VUS,2018-01-12,VUS
359022,2018-01-12,VUS,2024-06-03,VUS
359024,2018-01-12,VUS,2025-09-10,VUS
359025,2018-01-13,VUS,2025-04-10,VUS
359026,2018-01-13,B,2026-02-03,B
359027,2018-01-13,B,2026-01-31,B
359029,2018-01-12,B,2026-02-04,B
359030,2018-01-13,VUS,2024-11-18,VUS
359033,2018-01-12,B,2018-01-12,B
359034,2018-01-12,VUS,2018-01-12,VUS
359035,2018-01-13,VUS,2018-01-13,VUS
359036,2018-01-12,B,2018-01-12,B
359037,2018-01-12,B,2018-01-12,B
359038,2018-01-12,VUS,2018-01-12,VUS
359039,2018-01-12,VUS,2018-01-12,VUS
359040,2018-01-13,VUS,2018-01-13,VUS
363832,2018-01-12,VUS,2018-01-12,VUS
363833,2018-01-13,VUS,2023-02-17,VUS
363835,2018-01-12,VUS,2018-01-12,VUS
363837,2018-01-12,VUS,2018-01-12,VUS
363838,2018-01-13,B,2020-04-09,B
363839,2018-01-12,B,2018-01-12,B
363840,2018-01-12,VUS,2018-01-12,VUS
363841,2018-01-12,VUS,2018-01-12,VUS
363842,2018-01-13,VUS,2018-01-13,VUS
366851,2018-01-12,B,2026-02-01,B
366853,2018-01-13,VUS,2018-01-13,VUS
366857,2018-01-13,VUS,2024-03-24,VUS
366860,2018-01-12,VUS,2025-08-20,VUS
366862,2018-01-12,VUS,2018-01-12,VUS
368471,2018-01-13,VUS,2018-01-13,VUS
368472,2018-01-13,VUS,2018-01-13,VUS
368473,2018-01-13,B,2026-02-02,B
368474,2018-01-13,B,2026-01-20,B
368476,2018-01-12,B,2026-02-01,B
368478,2018-01-12,B,2026-02-03,B
368482,2018-01-13,B,2026-01-26,B
368483,2018-01-13,B,2026-01-16,B
368484,2015-03-03,B,2026-02-04,B
368486,2015-09-17,B,2026-02-04,B
368487,2018-01-12,VUS,2025-02-04,VUS
368490,2018-01-13,VUS,2018-01-13,VUS
368491,2018-01-12,VUS,2018-01-12,VUS
368492,2018-01-12,B,2018-01-12,B
368496,2018-01-13,VUS,2018-01-13,VUS
368497,2018-01-12,B,2018-01-12,B
368501,2018-01-13,B,2018-01-13,B
368502,2018-01-13,VUS,2018-01-13,VUS
368503,2018-01-13,VUS,2018-01-13,VUS
368504,2018-01-13,VUS,2018-01-13,VUS
368505,2018-01-13,VUS,2018-01-13,VUS
368506,2018-01-13,VUS,2018-01-13,VUS
368507,2018-01-13,VUS,2018-01-13,VUS
368508,2018-01-12,VUS,2018-01-12,VUS
368510,2018-01-13,VUS,2018-01-13,VUS
368511,2018-01-13,VUS,2018-01-13,VUS
368512,2018-01-12,VUS,2018-01-12,VUS
368514,2018-01-12,B,2018-01-12,B
368515,2018-01-13,VUS,2018-01-13,VUS
368516,2018-01-13,VUS,2018-01-13,VUS
368518,2018-01-13,VUS,2018-01-13,VUS
368519,2018-01-13,VUS,2018-01-13,VUS
368520,2018-01-13,B,2018-01-13,B
368521,2018-01-13,VUS,2018-01-13,VUS
368522,2018-01-13,B,2018-01-13,B
368523,2018-01-12,B,2018-01-12,B
368524,2018-01-12,B,2018-01-12,B
368526,2018-01-13,VUS,2018-01-13,VUS
368528,2018-01-12,VUS,2018-01-12,VUS
368531,2018-01-13,VUS,2018-01-13,VUS
368534,2018-01-12,B,2018-01-12,B
368535,2018-01-13,B,2018-01-13,B
368536,2018-01-13,VUS,2018-01-13,VUS
368537,2018-01-13,VUS,2018-01-13,VUS
369134,2018-07-09,B,2018-07-09,B
369223,2022-11-03,B,2026-01-04,B
369346,2018-06-24,B,2018-06-24,B
369357,2021-05-11,B,2021-05-11,B
369615,2018-11-10,B,2018-11-10,B
370176,2015-12-08,LP,2022-01-25,LP
370187,2015-12-11,LP,2015-12-11,LP
370871,2016-05-04,LP,2016-05-04,LP
371081,2016-06-23,LP,2016-06-23,LP
371124,2016-07-07,LP,2023-10-16,LP
371365,2016-09-07,LP,2022-03-16,LP
371518,2016-10-10,LP,2016-10-10,LP
371598,2016-10-26,LP,2021-07-29,LP
372316,2016-09-12,LP,2024-07-06,LP
373108,2016-11-01,P,2016-11-01,P
373191,2018-07-19,LP,2018-07-19,LP
373422,2016-11-15,VUS,2023-09-28,VUS
373797,2016-12-05,VUS,2022-06-20,VUS
374532,2016-08-01,VUS,2024-02-22,VUS
376875,2016-09-12,P,2016-09-12,P
377683,2015-05-26,B,2026-02-04,B
378047,2017-03-02,P,2017-03-02,P
378049,2017-03-02,P,2017-03-02,P
378050,2017-03-02,P,2024-05-26,P
378051,2017-03-02,P,2025-11-19,P
379289,2015-03-20,P,2024-07-30,P
379352,2015-03-25,P,2015-03-25,P
379480,2015-04-21,P,2015-04-21,P
379567,2015-04-23,P,2015-04-23,P
379931,2015-06-15,P,2025-12-03,P
379932,2002-01-01,P,2025-12-15,P
381050,2016-03-21,B,2026-02-04,B
381603,2018-08-28,LP,2024-05-07,LP
381654,2017-04-05,LP,2025-09-02,LP
381727,2017-01-06,LP,2017-01-06,LP
383367,2016-02-13,VUS,2020-09-25,VUS
383808,2016-02-04,LP,2021-07-15,LP
384439,2016-02-29,LP,2018-06-01,LP
386818,2016-06-06,VUS,2016-06-06,VUS
386819,2016-06-06,VUS,2016-06-06,VUS
387892,2016-07-28,VUS,2021-07-27,VUS
390375,2016-10-20,LP,2016-10-20,LP
392724,2017-01-23,VUS,2017-01-23,VUS
393110,2019-10-04,P,2024-04-07,P
393270,2017-02-01,VUS,2017-02-01,VUS
393444,2016-02-03,VUS,2024-09-26,VUS
395687,2010-11-30,P,2010-11-30,P
395707,2011-04-30,P,2011-04-30,P
397578,2024-05-09,VUS,2024-05-09,VUS
397588,2020-10-09,VUS,2021-06-10,VUS
402127,2016-12-02,P,2016-12-02,P
402239,2016-01-27,LP,2021-07-23,LP
402343,2016-03-29,B,2026-02-01,B
402540,2016-03-28,B,2016-03-28,B
410320,2016-09-07,VUS,2016-09-07,VUS
410321,2020-03-23,VUS,2023-07-10,VUS
410322,2022-05-04,VUS,2025-10-17,VUS
410323,2022-05-30,VUS,2025-07-21,VUS
410324,2018-05-18,VUS,2018-05-18,VUS
410325,2018-07-25,VUS,2018-07-25,VUS
410326,2019-09-28,P,2019-09-28,P
410327,2019-04-15,VUS,2023-11-30,VUS
410328,2021-08-25,VUS,2025-03-03,VUS
410334,2025-10-20,LP,2025-10-20,LP
410335,2016-11-18,VUS,2016-11-18,VUS
410336,2023-10-03,VUS,2024-09-11,VUS
410338,2022-02-16,VUS,2024-05-13,VUS
410340,2021-11-14,VUS,2024-03-11,VUS
410341,2025-02-11,VUS,2025-02-11,VUS
410342,2016-09-30,VUS,2016-09-30,VUS
410344,2017-04-28,VUS,2025-04-14,VUS
410347,2022-01-27,P,2025-12-08,P
410352,2021-07-14,VUS,2022-11-05,VUS
410353,2023-01-12,VUS,2023-08-30,VUS
410354,2021-07-09,VUS,2022-12-03,VUS
410356,2025-11-24,LB,2025-11-24,LB
410357,2015-12-30,VUS,2021-04-14,VUS
410358,2019-11-28,LP,2019-11-28,LP
410359,2023-10-24,P,2023-10-24,P
410360,2021-10-15,VUS,2025-10-29,VUS
410361,2023-10-02,VUS,2024-11-11,VUS
410362,2016-11-13,VUS,2016-11-13,VUS
410363,2016-06-24,VUS,2016-06-24,VUS
416096,2022-04-19,LB,2023-10-25,LB
416097,2023-08-16,LB,2023-08-16,LB
416098,2020-04-10,LB,2025-03-17,LB
416099,2019-05-25,LB,2024-05-02,LB
416100,2016-08-09,LB,2016-08-09,LB
416101,2019-08-22,LB,2025-08-27,LB
416103,2020-01-18,LB,2023-10-20,LB
416104,2022-09-01,LB,2022-09-01,LB
416106,2021-09-17,LB,2022-10-24,LB
416107,2020-02-10,LB,2026-03-01,LB
416108,2019-12-30,LB,2025-05-05,LB
416110,2019-06-11,LB,2022-06-21,LB
418664,2015-03-09,P,2015-03-09,P
419616,2015-08-17,P,2024-07-23,P
419926,2016-10-21,VUS,2024-05-15,VUS
420662,2016-03-09,VUS,2024-09-08,VUS
420744,2016-03-18,VUS,2016-03-18,VUS
420969,2016-04-20,VUS,2024-07-16,VUS
421379,2016-06-01,VUS,2016-06-01,VUS
422006,2016-08-23,LP,2025-07-09,LP
422411,2016-10-13,VUS,2021-10-18,VUS
422666,2017-08-28,VUS,2017-08-28,VUS
422991,2017-01-20,P,2024-08-01,P
423399,2017-02-09,P,2017-02-09,P
423653,2017-02-17,VUS,2017-02-17,VUS
424408,2017-03-23,LP,2017-03-23,LP
424584,2017-03-29,P,2017-03-29,P
424599,2017-04-03,VUS,2024-11-20,VUS
425520,2016-09-30,VUS,2016-09-30,VUS
425542,2017-01-31,LB,2017-01-31,LB
426474,2017-04-14,VUS,2017-04-14,VUS
426707,2024-04-30,VUS,2025-09-09,VUS
427034,2022-08-02,P,2026-01-20,P
427145,2015-05-20,LP,2015-05-20,LP
429039,2021-11-24,P,2021-11-24,P
429604,2015-09-15,LP,2015-09-15,LP
429605,2015-08-28,LP,2015-08-28,LP
429831,2015-09-15,P,2015-09-15,P
429927,2015-11-03,LP,2015-11-03,LP
430238,2019-10-04,VUS,2019-10-04,VUS
430465,2016-09-01,LP,2025-05-01,LP
431129,2017-01-06,P,2017-01-06,P
431488,2025-03-04,VUS,2025-03-04,VUS
431804,2017-08-18,P,2026-01-20,P
431805,2017-02-01,VUS,2023-05-25,VUS
433538,2017-08-11,P,2017-08-11,P
435433,2017-05-02,B,2017-05-02,B
435434,2016-11-23,VUS,2025-02-21,VUS
435435,2016-07-19,LB,2024-12-02,LB
435445,2016-06-28,VUS,2022-02-09,VUS
436414,2016-09-02,VUS,2016-09-02,VUS
436755,2016-11-07,VUS,2024-10-27,VUS
437910,2024-08-30,VUS,2024-08-30,VUS
438691,2017-04-20,VUS,2022-02-17,VUS
438692,2017-04-20,P,2017-04-20,P
438693,2017-04-20,P,2017-04-20,P
438694,2017-04-20,LP,2017-04-20,LP
441558,2015-02-24,VUS,2015-02-24,VUS
441642,2014-07-07,LP,2014-07-07,LP
441664,2015-03-31,P,2015-03-31,P
441696,2015-08-26,LP,2015-08-26,LP
441724,2015-08-13,LP,2015-08-13,LP
441727,2014-12-02,P,2014-12-02,P
441728,2015-07-14,P,2015-07-14,P
441751,2014-07-01,P,2014-07-01,P
441812,2015-06-22,P,2015-06-22,P
441815,2015-07-14,P,2015-07-14,P
441816,2014-12-02,P,2014-12-02,P
441822,2015-02-24,P,2015-02-24,P
441825,2014-08-22,VUS,2014-08-22,VUS
441835,2014-07-01,VUS,2014-07-01,VUS
441856,2014-07-07,P,2014-07-07,P
441903,2014-12-02,P,2014-12-02,P
441904,2015-07-14,P,2015-07-14,P
441919,2014-12-02,P,2014-12-02,P
441920,2015-07-14,P,2015-07-14,P
441968,2014-10-22,P,2014-10-22,P
441983,2014-12-02,P,2014-12-02,P
441984,2015-07-14,P,2015-07-14,P
441986,2014-12-02,P,2014-12-02,P
441987,2015-07-14,P,2015-07-14,P
442001,2014-09-16,P,2014-09-16,P
442002,2014-10-22,P,2014-10-22,P
442010,2015-07-06,P,2015-07-06,P
442067,2014-10-10,P,2014-10-10,P
442155,2014-10-22,P,2014-10-22,P
442162,2015-02-16,P,2015-02-16,P
442166,2015-08-27,LB,2015-08-27,LB
442187,2014-11-03,LP,2014-11-03,LP
442200,2015-09-09,P,2015-09-09,P
442201,2015-03-05,P,2015-03-05,P
442214,2015-03-16,P,2015-03-16,P
442262,2013-09-27,P,2013-09-27,P
442268,2014-05-16,P,2014-05-16,P
442321,2014-10-10,P,2014-10-10,P
442336,2014-11-18,P,2014-11-18,P
442354,2013-09-27,P,2013-09-27,P
442386,2014-12-02,P,2014-12-02,P
442387,2015-07-14,P,2015-07-14,P
442400,2015-07-14,P,2015-07-14,P
442401,2014-12-02,P,2014-12-02,P
442422,2014-12-08,P,2014-12-08,P
442486,2014-10-10,VUS,2014-10-10,VUS
442489,2014-04-22,P,2014-04-22,P
442496,2014-09-22,P,2014-09-22,P
442531,2014-12-02,P,2014-12-02,P
442534,2014-07-18,LP,2014-07-18,LP
442536,2014-07-01,P,2014-07-01,P
442540,2014-12-16,LP,2014-12-16,LP
442592,2014-12-14,VUS,2014-12-14,VUS
442646,2014-10-22,P,2014-10-22,P
442661,2015-03-05,P,2015-03-05,P
442712,2014-12-08,P,2014-12-08,P
442724,2014-06-23,P,2014-06-23,P
442788,2014-07-07,P,2014-07-07,P
442821,2014-06-23,VUS,2014-06-23,VUS
442832,2014-12-08,P,2014-12-08,P
442833,2015-07-14,P,2015-07-14,P
442834,2014-12-02,P,2014-12-02,P
442853,2014-07-18,LB,2014-07-18,LB
442855,2014-09-30,P,2014-09-30,P
442884,2014-05-16,P,2014-05-16,P
442892,2015-07-14,P,2015-07-14,P
442893,2014-12-02,P,2014-12-02,P
442899,2014-05-05,P,2014-05-05,P
442908,2015-04-19,P,2015-04-19,P
442917,2015-07-14,LP,2015-07-14,LP
442945,2015-02-16,P,2015-02-16,P
442966,2015-08-26,P,2015-08-26,P
442997,2014-12-02,P,2014-12-02,P
442998,2015-07-14,P,2015-07-14,P
443005,2014-06-03,P,2014-06-03,P
443017,2014-09-16,P,2014-09-16,P
443028,2014-12-02,P,2014-12-02,P
443045,2015-02-24,P,2015-02-24,P
443120,2015-07-14,P,2015-07-14,P
443121,2014-12-02,P,2014-12-02,P
443126,2014-06-23,VUS,2014-06-23,VUS
443129,2014-09-22,VUS,2014-09-22,VUS
443177,2016-03-10,P,2016-03-10,P
443184,2014-12-14,P,2014-12-14,P
443190,2016-02-01,P,2016-02-01,P
443249,2014-07-01,P,2014-07-01,P
443289,2014-08-01,P,2014-08-01,P
443310,2016-02-01,P,2016-02-01,P
443313,2016-02-01,VUS,2016-02-01,VUS
443322,2014-08-25,P,2014-08-25,P
443323,2014-06-23,P,2014-06-23,P
443339,2015-07-14,P,2015-07-14,P
443340,2014-12-02,P,2014-12-02,P
443364,2014-06-23,LP,2014-06-23,LP
443370,2015-08-26,P,2015-08-26,P
443488,2015-08-13,P,2015-08-13,P
443498,2014-12-02,P,2014-12-02,P
443499,2015-07-14,P,2015-07-14,P
443504,2014-06-23,P,2014-06-23,P
443619,2014-08-15,P,2014-08-15,P
443630,2013-11-12,P,2013-11-12,P
443632,2015-01-12,P,2015-01-12,P
443705,2015-09-09,VUS,2015-09-09,VUS
443824,2016-03-10,LP,2016-03-10,LP
443847,2015-08-12,P,2015-08-12,P
443896,2015-08-12,P,2015-08-12,P
443946,2013-11-12,P,2013-11-12,P
443960,2014-12-31,P,2014-12-31,P
443974,2015-07-14,P,2015-07-14,P
443986,2015-07-14,P,2015-07-14,P
444094,2013-11-19,P,2013-11-19,P
444095,2013-11-19,P,2025-08-05,P
444096,2013-11-19,P,2013-11-19,P
446986,2016-10-25,VUS,2016-10-25,VUS
446987,2017-06-27,P,2017-06-27,P
446988,2016-12-30,VUS,2016-12-30,VUS
446990,2017-05-23,P,2017-05-23,P
446992,2016-08-16,VUS,2025-09-04,VUS
446993,2016-11-29,VUS,2022-02-18,VUS
446994,2016-10-12,VUS,2023-11-03,VUS
446996,2017-02-08,VUS,2017-02-08,VUS
446997,2017-04-03,VUS,2026-01-28,VUS
446999,2022-06-20,VUS,2024-02-19,VUS
447000,2016-12-21,VUS,2016-12-21,VUS
447001,2017-02-14,VUS,2017-02-14,VUS
447003,2016-09-23,LP,2016-09-23,LP
447004,2016-12-05,VUS,2024-10-29,VUS
447092,2016-10-12,VUS,2024-04-23,VUS
447094,2016-03-21,B,2026-02-04,B
447096,2016-03-21,B,2026-02-04,B
447097,2016-03-21,B,2026-02-04,B
447098,2016-09-14,P,2025-05-28,P
447099,2017-02-01,VUS,2022-01-26,VUS
447100,2018-05-08,B,2026-01-27,B
447101,2016-09-14,VUS,2016-09-14,VUS
447103,2017-07-26,B,2026-02-02,B
447104,2016-03-21,B,2026-02-04,B
447105,2016-03-21,B,2026-02-04,B
447106,2016-04-15,P,2025-02-05,P
447107,2016-03-21,B,2026-02-04,B
447108,2016-03-21,B,2026-02-04,B
447513,2017-05-23,P,2024-04-07,P
447514,2016-10-06,B,2025-12-10,B
447515,2016-08-15,VUS,2025-08-12,VUS
447518,2016-11-25,VUS,2023-12-25,VUS
447520,2016-10-20,LP,2025-11-24,LP
447521,2016-09-30,P,2024-01-22,P
447522,2017-07-28,P,2024-08-30,P
447524,2016-09-30,LP,2025-07-08,LP
450686,2025-07-19,P,2025-07-19,P
450787,2018-11-30,P,2024-04-05,P
450987,2021-11-30,P,2024-06-19,P
451182,2017-07-31,VUS,2024-03-04,VUS
451443,2017-08-22,VUS,2020-01-27,VUS
451617,2019-05-09,VUS,2019-05-09,VUS
452005,2022-04-02,VUS,2026-04-13,VUS
452023,2017-09-18,VUS,2022-03-17,VUS
452353,2017-09-29,VUS,2017-09-29,VUS
453059,2017-10-23,VUS,2021-09-08,VUS
457991,2017-07-30,VUS,2025-10-03,VUS
457992,2025-12-09,B,2025-12-09,B
457993,2017-02-23,P,2017-02-23,P
463889,2019-05-27,LB,2021-09-16,LB
463890,2023-02-14,VUS,2023-12-22,VUS
463894,2023-09-25,LB,2023-09-25,LB
463895,2023-04-25,VUS,2025-04-17,VUS
463898,2017-07-24,LB,2020-10-05,LB
463899,2023-06-05,LB,2024-08-17,LB
463900,2023-11-21,VUS,2023-12-23,VUS
463902,2020-03-12,LB,2024-05-04,LB
463903,2019-05-29,VUS,2019-05-29,VUS
463904,2022-07-12,LB,2022-07-12,LB
463905,2022-10-02,VUS,2024-04-10,VUS
463908,2022-02-23,LB,2026-01-28,LB
463909,2020-06-15,LB,2026-01-26,LB
463911,2017-03-26,VUS,2017-03-26,VUS
463912,2021-11-22,VUS,2023-10-14,VUS
463913,2019-10-31,LB,2025-12-05,LB
463914,2020-10-23,LB,2023-03-03,LB
463915,2019-08-29,LB,2026-02-03,LB
463916,2021-06-18,VUS,2025-07-19,VUS
463917,2019-06-24,P,2019-06-24,P
463919,2019-09-05,LB,2025-09-21,LB
463922,2021-01-04,LB,2024-08-30,LB
463925,2022-07-27,VUS,2024-02-19,VUS
463926,2020-11-25,LB,2023-09-20,LB
463927,2021-12-09,LB,2021-12-09,LB
463928,2020-01-11,LB,2020-01-11,LB
463930,2022-04-01,LB,2024-06-03,LB
463931,2017-07-30,VUS,2024-12-27,VUS
463932,2024-03-13,LB,2024-10-14,LB
463933,2024-01-31,VUS,2024-04-15,VUS
463935,2021-12-25,VUS,2024-11-12,VUS
463936,2022-02-08,VUS,2022-08-16,VUS
463937,2024-03-12,LB,2026-03-13,LB
463938,2020-11-01,LB,2025-04-07,LB
463939,2017-06-15,VUS,2017-06-15,VUS
463940,2022-03-06,VUS,2022-03-06,VUS
463941,2023-10-08,VUS,2024-05-02,VUS
463942,2022-04-01,VUS,2024-08-26,VUS
463944,2020-08-23,VUS,2024-03-30,VUS
463945,2021-08-31,VUS,2021-08-31,VUS
463946,2021-10-03,VUS,2024-06-24,VUS
463948,2022-03-03,LB,2025-08-04,LB
463951,2020-08-13,LB,2025-08-29,LB
463952,2025-04-03,LB,2025-04-03,LB
463956,2018-10-22,LB,2025-11-03,LB
463957,2017-06-26,VUS,2017-06-26,VUS
463959,2023-07-30,LB,2023-07-30,LB
463960,2019-07-24,LB,2024-10-05,LB
463961,2023-05-10,VUS,2023-06-27,VUS
463962,2018-11-04,VUS,2018-11-04,VUS
463963,2018-05-22,VUS,2025-11-11,VUS
478305,2018-07-27,P,2018-07-27,P
488014,2018-03-20,P,2018-03-20,P
488483,2017-10-12,P,2017-10-12,P
488682,2018-01-25,P,2025-12-02,P
488999,2018-08-23,P,2024-08-08,P
493093,2017-07-01,LP,2017-07-01,LP
493321,2017-07-01,VUS,2025-04-21,VUS
493546,2017-08-01,VUS,2017-08-01,VUS
493564,2017-10-31,VUS,2017-10-31,VUS
496507,2016-06-15,VUS,2016-06-15,VUS
496508,2016-06-14,VUS,2016-06-14,VUS
496509,2016-06-14,VUS,2016-06-14,VUS
496511,2016-06-15,VUS,2016-06-15,VUS
496512,2016-06-14,VUS,2016-06-14,VUS
496971,2015-07-20,P,2015-07-20,P
497329,2016-10-12,P,2016-10-12,P
498019,2016-10-17,VUS,2016-10-17,VUS
499338,2016-12-20,VUS,2025-11-09,VUS
499893,2017-02-06,VUS,2017-02-06,VUS
499902,2017-01-26,B,2025-12-28,B
500128,2017-02-07,LB,2026-01-20,LB
500228,2017-01-31,VUS,2024-07-22,VUS
500705,2017-03-09,P,2025-09-24,P
501082,2017-04-04,VUS,2017-04-04,VUS
501090,2017-03-22,VUS,2017-03-22,VUS
501620,2017-04-25,VUS,2017-04-25,VUS
501718,2017-05-02,VUS,2017-05-02,VUS
502014,2017-05-17,P,2025-10-03,P
502336,2017-05-31,VUS,2017-05-31,VUS
502599,2017-06-15,VUS,2024-10-28,VUS
503836,2017-11-16,LP,2017-11-16,LP
504259,2018-01-31,LP,2022-12-01,LP
504320,2018-02-13,LP,2018-02-13,LP
504391,2018-02-23,P,2018-02-23,P
504550,2016-06-02,VUS,2025-08-07,VUS
504551,2017-12-21,VUS,2025-02-25,VUS
504552,2016-12-22,LB,2026-01-17,LB
504908,2016-03-21,B,2026-01-24,B
504911,2016-03-21,B,2026-02-04,B
504912,2016-03-21,B,2026-02-04,B
504913,2016-03-21,B,2020-01-18,B
504914,2016-03-21,B,2026-02-04,B
504915,2016-03-21,B,2025-07-24,B
504916,2016-03-21,B,2025-07-24,B
505429,2016-11-19,VUS,2016-11-19,VUS
505442,2016-11-23,LB,2026-01-13,LB
505904,2017-07-27,LP,2017-07-27,LP
512318,2017-12-13,LB,2026-01-10,LB
514409,2018-01-08,LB,2026-01-06,LB
514413,2018-01-05,LB,2026-01-22,LB
514905,2018-01-11,LB,2025-05-05,LB
516116,2017-12-15,LB,2026-01-04,LB
520435,2018-03-29,P,2018-03-29,P
520733,2015-07-26,P,2015-07-26,P
520772,2015-10-23,P,2026-01-14,P
521093,2017-09-01,P,2025-01-07,P
521461,2017-08-04,P,2026-01-09,P
521475,2017-01-06,VUS,2024-03-24,VUS
521480,2019-10-09,LP,2019-10-09,LP
521526,2017-01-19,VUS,2017-01-19,VUS
521689,2017-08-07,P,2017-08-07,P
521801,2017-05-24,P,2017-05-24,P
522469,2017-09-18,VUS,2017-09-18,VUS
522534,2017-11-14,VUS,2017-11-14,VUS
522744,2017-12-03,P,2017-12-03,P
522964,2020-05-03,VUS,2020-05-03,VUS
523294,2017-01-01,LP,2017-01-01,LP
523319,2017-01-01,LP,2017-01-01,LP
523321,2017-01-01,LP,2024-07-30,LP
523909,2018-05-01,P,2023-04-11,P
524022,2018-03-16,P,2018-03-16,P
524189,2018-02-02,LP,2018-02-02,LP
524190,2018-02-02,VUS,2018-02-02,VUS
526797,2017-11-22,LP,2017-11-22,LP
526798,2017-12-11,P,2017-12-11,P
527798,2017-10-22,VUS,2017-10-22,VUS
527799,2026-01-11,LB,2026-01-11,LB
532576,2022-01-05,P,2022-01-05,P
532577,2025-02-20,VUS,2025-02-20,VUS
532579,2022-12-22,VUS,2024-04-10,VUS
532580,2022-07-10,VUS,2022-07-10,VUS
532581,2025-05-27,VUS,2025-05-27,VUS
532582,2023-12-08,VUS,2024-08-03,VUS
532583,2025-08-14,VUS,2025-08-14,VUS
532584,2020-08-13,VUS,2025-03-17,VUS
532585,2023-11-17,VUS,2023-11-17,VUS
532586,2023-04-16,VUS,2024-08-21,VUS
532587,2019-01-14,VUS,2019-01-14,VUS
532588,2019-06-21,LB,2025-10-02,LB
532589,2017-09-20,VUS,2017-09-20,VUS
532590,2017-10-12,VUS,2025-08-04,VUS
532591,2017-12-23,VUS,2017-12-23,VUS
532592,2019-03-31,LB,2023-07-10,LB
532593,2023-06-27,VUS,2023-10-13,VUS
532596,2017-08-08,VUS,2017-08-08,VUS
532597,2019-04-26,VUS,2019-04-26,VUS
532598,2024-03-26,VUS,2025-02-02,VUS
532599,2022-02-12,LB,2025-12-15,LB
532601,2017-12-10,VUS,2017-12-10,VUS
532602,2019-09-21,VUS,2025-12-09,VUS
532603,2022-04-01,VUS,2024-08-26,VUS
532604,2023-11-24,VUS,2023-11-24,VUS
532605,2025-02-02,VUS,2025-02-02,VUS
532606,2025-11-01,VUS,2025-11-01,VUS
532607,2025-12-13,VUS,2025-12-13,VUS
532608,2022-04-19,VUS,2024-05-07,VUS
532609,2022-04-04,VUS,2024-08-13,VUS
532611,2023-12-03,VUS,2024-11-18,VUS
532612,2017-11-06,VUS,2021-12-01,VUS
532613,2022-11-02,VUS,2025-12-24,VUS
532614,2022-04-22,VUS,2024-07-30,VUS
532615,2017-08-16,VUS,2017-08-16,VUS
532616,2023-10-10,VUS,2023-10-10,VUS
532617,2020-12-17,VUS,2024-02-07,VUS
532618,2018-05-06,P,2025-12-13,P
532621,2020-12-23,VUS,2020-12-23,VUS
532622,2017-10-17,VUS,2017-10-17,VUS
532623,2021-10-12,VUS,2021-10-12,VUS
532624,2023-11-27,LB,2025-02-15,LB
532625,2018-11-21,LB,2025-06-02,LB
532626,2022-03-03,LB,2022-03-03,LB
532627,2019-07-05,LB,2023-07-19,LB
532628,2019-01-28,LB,2024-12-16,LB
532629,2024-08-17,LB,2025-07-30,LB
532630,2019-07-23,LB,2025-12-03,LB
532631,2020-12-15,LB,2025-10-01,LB
532632,2017-10-02,LB,2024-08-19,LB
532633,2021-07-24,LB,2025-11-17,LB
532634,2022-05-14,LB,2025-12-30,LB
532635,2021-03-04,LB,2024-05-02,LB
532636,2020-11-14,LB,2024-03-07,LB
532637,2020-01-09,LB,2026-04-07,LB
532638,2019-05-25,LB,2025-07-08,LB
532640,2022-03-26,LB,2023-07-27,LB
532641,2022-03-08,LB,2025-05-14,LB
532642,2020-03-16,LB,2021-07-20,LB
532643,2021-01-05,LB,2026-01-12,LB
532644,2023-12-07,LB,2024-04-30,LB
532645,2020-09-16,LB,2025-09-10,LB
532646,2019-11-16,LB,2024-04-26,LB
532647,2021-03-01,LB,2025-11-18,LB
532648,2022-04-04,LB,2025-06-23,LB
532649,2022-12-18,LB,2025-12-22,LB
536215,2017-04-27,LB,2025-12-06,LB
544683,2018-04-23,P,2018-04-23,P
544805,2018-02-27,P,2018-02-27,P
544806,2018-02-27,P,2018-02-27,P
544807,2018-02-27,LP,2018-02-27,LP
545140,2018-03-20,LP,2018-03-20,LP
545290,2018-03-20,LP,2018-03-20,LP
545551,2018-05-28,P,2018-05-28,P
545703,2018-06-29,P,2023-12-26,P
546494,2022-02-11,VUS,2024-04-05,VUS
546796,2017-12-01,VUS,2025-01-26,VUS
546797,2017-12-01,VUS,2022-04-18,VUS
547174,2018-05-07,LP,2018-05-07,LP
548503,2018-03-05,VUS,2018-03-05,VUS
548636,2018-07-10,P,2025-10-25,P
548637,2018-07-10,P,2018-07-10,P
548654,2016-12-08,LP,2016-12-08,LP
548671,2017-09-08,LP,2017-09-08,LP
548673,2017-09-08,LP,2025-08-19,LP
548675,2017-09-08,LP,2025-05-01,LP
548676,2017-09-08,LP,2025-05-01,LP
548678,2017-09-08,LP,2024-08-09,LP
548978,2017-11-15,P,2017-11-15,P
549554,2017-08-18,VUS,2024-05-09,VUS
550070,2016-12-28,LP,2024-05-08,LP
550123,2017-01-05,LP,2017-01-05,LP
550129,2016-12-15,VUS,2016-12-15,VUS
550345,2017-01-10,LP,2017-01-10,LP
550408,2017-01-19,LB,2026-01-25,LB
550439,2017-01-20,VUS,2024-04-16,VUS
551167,2017-03-17,LP,2024-06-15,LP
551215,2017-03-24,LP,2025-03-07,LP
551296,2017-03-29,LP,2017-03-29,LP
551312,2017-04-03,LP,2025-05-12,LP
551339,2017-03-31,LP,2022-06-17,LP
551383,2017-04-06,VUS,2022-05-15,VUS
551385,2017-04-06,LP,2025-09-08,LP
551386,2017-04-06,VUS,2017-04-06,VUS
551406,2017-04-06,LP,2017-04-06,LP
551411,2017-04-24,VUS,2017-04-24,VUS
551579,2017-04-24,LP,2017-04-24,LP
551622,2017-04-26,LP,2017-04-26,LP
551923,2017-05-12,LP,2026-01-11,LP
552245,2017-05-31,LP,2017-05-31,LP
552328,2017-06-06,VUS,2017-06-06,VUS
553469,2017-08-25,VUS,2017-08-25,VUS
553655,2017-09-05,LP,2017-09-05,LP
553825,2017-09-08,VUS,2017-09-08,VUS
554052,2017-10-06,LP,2017-10-06,LP
554502,2017-10-24,VUS,2024-06-14,VUS
554506,2017-10-24,VUS,2023-10-27,VUS
554760,2017-11-02,LP,2022-08-12,LP
555266,2017-11-27,LP,2023-04-30,LP
555494,2017-12-09,LB,2017-12-09,LB
555539,2017-12-12,VUS,2022-09-26,VUS
555721,2017-12-19,VUS,2017-12-19,VUS
555775,2017-12-21,LB,2017-12-21,LB
556163,2018-01-16,LP,2023-02-14,LP
556665,2018-02-13,LP,2025-08-28,LP
556788,2018-02-20,VUS,2018-02-20,VUS
556976,2018-03-01,LP,2023-06-22,LP
556994,2018-03-06,LP,2018-03-06,LP
557083,2018-03-07,LP,2023-09-20,LP
557281,2018-03-21,P,2018-03-21,P
557777,2018-04-11,LP,2018-04-11,LP
558178,2018-05-03,LP,2025-10-13,LP
558448,2018-05-22,LP,2023-07-28,LP
558509,2018-05-24,LP,2018-05-24,LP
558526,2018-05-25,LP,2024-02-06,LP
558617,2018-06-03,VUS,2018-06-03,VUS
559575,2016-12-19,LP,2016-12-19,LP
560031,2016-06-16,LP,2016-06-16,LP
560033,2018-04-03,P,2018-04-03,P
560049,2018-04-05,P,2018-04-05,P
560065,2018-04-15,P,2018-04-15,P
560112,2018-03-22,VUS,2018-03-22,VUS
560256,2018-03-06,VUS,2021-03-05,VUS
560967,2017-09-01,VUS,2017-09-01,VUS
560969,2017-09-01,P,2017-09-01,P
561111,2017-09-01,VUS,2025-01-01,VUS
562272,2018-09-16,LP,2018-09-16,LP
562321,2018-09-16,LP,2018-09-16,LP
562382,2018-09-16,LP,2018-09-16,LP
562399,2018-09-16,P,2018-09-16,P
562411,1999-01-01,P,2025-09-16,P
562432,2018-09-16,LP,2018-09-16,LP
562447,2018-09-16,LP,2024-03-20,LP
562455,2018-05-23,P,2021-08-27,P
562457,2018-09-16,LP,2018-09-16,LP
562459,2018-09-16,LP,2018-09-16,LP
562500,2019-09-29,LB,2019-09-29,LB
562542,2017-09-22,VUS,2017-09-22,VUS
562546,2017-08-24,VUS,2017-08-24,VUS
562572,2019-04-08,VUS,2019-04-08,VUS
562608,2018-06-07,VUS,2018-06-07,VUS
562621,2018-04-12,P,2018-04-12,P
562656,2022-06-25,P,2022-06-25,P
562657,2022-10-04,P,2022-10-04,P
562659,2018-05-31,P,2018-05-31,P
562660,2017-08-28,P,2017-08-28,P
562671,2024-03-18,P,2024-03-18,P
562672,2025-05-19,LP,2025-05-19,LP
562680,2018-04-30,P,2018-04-30,P
562681,2018-01-17,P,2018-01-17,P
562809,2017-12-29,P,2017-12-29,P
562847,2018-01-31,P,2018-01-31,P
562848,2018-03-23,P,2018-03-23,P
562850,2017-12-06,P,2017-12-06,P
562852,2017-12-15,P,2017-12-15,P
562855,2024-12-30,P,2024-12-30,P
562874,2018-01-15,P,2018-01-15,P
562884,2017-11-16,P,2017-11-16,P
562894,2017-09-11,LB,2017-09-11,LB
562895,2017-06-09,VUS,2017-06-09,VUS
562896,2017-10-18,VUS,2017-10-18,VUS
563125,2021-09-10,P,2021-09-10,P
563126,2019-05-09,P,2019-05-09,P
563129,2017-12-06,P,2017-12-06,P
563422,2018-04-27,P,2018-04-27,P
563671,2018-05-10,P,2018-05-10,P
563683,2023-04-28,P,2023-04-28,P
563684,2018-03-08,P,2018-03-08,P
563685,2017-11-01,P,2017-11-01,P
563686,2017-08-30,P,2017-08-30,P
563687,2018-05-15,P,2018-05-15,P
563802,2017-07-08,P,2017-07-08,P
563878,2018-05-04,P,2018-05-04,P
563882,2018-04-16,P,2018-04-16,P
563884,2024-10-18,P,2024-10-18,P
564197,2018-02-26,P,2018-02-26,P
564342,2017-12-06,P,2017-12-06,P
564356,2017-09-20,P,2017-09-20,P
564463,2017-10-10,P,2017-10-10,P
564572,2018-05-17,VUS,2018-05-17,VUS
564772,2018-01-10,P,2018-01-10,P
564842,2018-03-09,P,2018-03-09,P
564843,2018-01-12,VUS,2018-01-12,VUS
564868,2018-01-10,P,2018-01-10,P
564874,2017-11-13,P,2017-11-13,P
564884,2023-10-04,P,2023-10-04,P
564888,2018-02-19,P,2018-02-19,P
564891,2018-08-02,P,2018-08-02,P
564897,2018-05-01,P,2018-05-01,P
564898,2017-11-04,P,2017-11-04,P
565077,2017-12-11,VUS,2017-12-11,VUS
565078,2018-03-21,VUS,2018-03-21,VUS
565079,2018-03-20,VUS,2018-03-20,VUS
565849,2025-11-02,VUS,2025-11-02,VUS
566256,2022-02-10,VUS,2025-05-23,VUS
566258,2022-02-10,VUS,2025-05-23,VUS
566280,2024-03-07,LP,2025-06-20,LP
566328,2024-06-03,VUS,2024-06-03,VUS
566622,2018-03-06,VUS,2018-03-06,VUS
566997,2019-12-09,VUS,2025-07-15,VUS
567454,2018-06-09,P,2018-06-09,P
567686,2019-05-28,VUS,2023-10-28,VUS
567876,2023-07-17,VUS,2025-04-22,VUS
568132,2017-11-25,LP,2017-11-25,LP
568253,2018-04-06,VUS,2018-04-06,VUS
568665,2020-06-30,VUS,2020-06-30,VUS
568693,2018-04-12,VUS,2022-12-14,VUS
568757,2018-03-10,VUS,2018-03-10,VUS
568920,2022-03-28,VUS,2022-06-06,VUS
569869,2019-10-26,LB,2025-07-21,LB
570033,2024-04-22,VUS,2024-04-22,VUS
570518,2022-08-16,VUS,2025-07-02,VUS
570826,2019-02-11,P,2019-02-11,P
570929,2024-02-07,VUS,2025-01-30,VUS
571131,2018-01-13,VUS,2022-10-03,VUS
571815,2021-11-19,VUS,2023-12-18,VUS
571816,2020-06-17,VUS,2022-05-10,VUS
572582,2022-02-04,VUS,2022-07-11,VUS
572669,2019-12-13,VUS,2023-12-19,VUS
572981,2022-11-20,VUS,2023-11-06,VUS
573494,2018-04-25,VUS,2024-09-04,VUS
574085,2023-03-21,VUS,2023-03-21,VUS
574086,2018-06-13,P,2018-06-13,P
574241,2018-01-13,VUS,2025-08-19,VUS
574903,2020-12-24,VUS,2020-12-24,VUS
575012,2018-06-23,VUS,2018-06-23,VUS
575067,2021-10-20,VUS,2025-01-27,VUS
575325,2022-02-23,VUS,2025-10-07,VUS
576164,2022-12-14,VUS,2022-12-14,VUS
576475,2022-08-09,VUS,2024-01-08,VUS
576949,2018-01-13,VUS,2024-01-20,VUS
577523,2018-04-08,VUS,2022-12-04,VUS
577870,2021-12-04,VUS,2022-12-03,VUS
578267,2022-06-04,VUS,2022-06-04,VUS
578271,2022-11-11,VUS,2023-12-23,VUS
578501,2023-01-14,VUS,2023-07-04,VUS
578925,2022-06-01,VUS,2022-08-29,VUS
579351,2024-06-13,P,2026-01-08,P
579416,2023-01-13,VUS,2024-01-16,VUS
579629,2025-07-01,VUS,2025-07-01,VUS
579763,2022-11-23,VUS,2023-08-04,VUS
580496,2020-10-08,VUS,2021-11-01,VUS
581679,2022-11-29,VUS,2022-11-29,VUS
581835,2018-04-09,VUS,2022-04-20,VUS
582293,2018-04-12,P,2018-04-12,P
582934,2021-05-18,VUS,2021-05-18,VUS
582968,2021-08-31,VUS,2021-08-31,VUS
583082,2017-08-22,P,2017-08-22,P
583113,2024-01-09,VUS,2025-04-07,VUS
583334,2023-04-19,VUS,2023-10-03,VUS
583811,2018-06-25,P,2018-06-25,P
584069,2018-02-05,VUS,2018-02-05,VUS
584389,2019-06-04,P,2019-06-04,P
585284,2017-05-16,VUS,2024-02-05,VUS
585618,2018-01-30,VUS,2021-01-21,VUS
585619,2017-11-03,VUS,2020-10-19,VUS
585620,2018-05-03,VUS,2025-12-10,VUS
585623,2018-09-10,VUS,2025-12-10,VUS
585624,2018-02-15,VUS,2026-04-17,VUS
585625,2017-11-03,VUS,2017-11-03,VUS
585698,2017-08-25,B,2023-07-17,B
585699,2017-08-25,B,2023-07-17,B
585700,2017-08-21,B,2026-02-04,B
585701,2018-05-08,VUS,2025-05-28,VUS
585702,2017-08-31,B,2026-02-04,B
585703,2018-11-10,B,2026-02-01,B
585704,2018-05-10,P,2024-07-23,P
585705,2017-08-31,B,2017-08-31,B
586009,2017-10-23,VUS,2017-10-23,VUS
586011,2018-07-02,VUS,2024-12-06,VUS
586012,2018-08-06,VUS,2018-10-31,VUS
586014,2018-06-05,B,2024-03-26,B
586015,2023-01-12,LB,2025-12-07,LB
586016,2017-09-21,VUS,2025-05-01,VUS
586017,2017-11-06,B,2025-10-22,B
586019,2018-02-28,VUS,2023-12-25,VUS
586020,2018-07-20,VUS,2024-05-09,VUS
586021,2018-07-23,VUS,2023-05-27,VUS
586022,2018-05-02,VUS,2024-09-26,VUS
586023,2017-10-19,P,2026-01-06,P
586075,2014-05-13,P,2025-09-11,P
586076,2017-12-04,P,2025-09-30,P
586597,2017-09-18,VUS,2025-02-06,VUS
586598,2020-07-10,VUS,2020-07-10,VUS
586599,2017-09-18,VUS,2025-02-06,VUS
587516,2018-08-07,LP,2018-08-07,LP
588488,2016-11-21,LB,2026-02-03,LB
588705,2017-01-24,VUS,2017-01-24,VUS
588942,2017-03-17,LB,2023-10-04,LB
589078,2017-05-15,B,2026-02-03,B
590252,2018-11-23,B,2026-02-01,B
591029,2018-09-16,VUS,2018-09-16,VUS
591088,2018-09-16,VUS,2018-09-16,VUS
591121,2018-09-16,VUS,2018-09-16,VUS
591122,2018-09-16,VUS,2018-09-16,VUS
591160,2018-09-16,VUS,2018-09-16,VUS
591216,2018-09-16,VUS,2024-03-01,VUS
591245,2018-09-16,VUS,2018-09-16,VUS
591307,2018-09-16,VUS,2018-09-16,VUS
591324,2018-09-16,VUS,2018-09-16,VUS
591397,2018-09-16,VUS,2018-09-16,VUS
591443,2018-09-16,VUS,2018-09-16,VUS
591478,2018-09-16,VUS,2022-05-15,VUS
591484,2018-09-16,VUS,2018-09-16,VUS
591491,2018-09-16,VUS,2018-09-16,VUS
591498,2018-09-16,VUS,2018-09-16,VUS
591528,2018-09-16,VUS,2018-09-16,VUS
591540,2018-09-16,VUS,2018-09-16,VUS
591543,2018-09-16,VUS,2022-03-29,VUS
591567,2018-09-16,VUS,2018-09-16,VUS
591572,2018-09-16,VUS,2018-09-16,VUS
591597,2018-09-16,VUS,2018-09-16,VUS
591606,2018-09-16,VUS,2018-09-16,VUS
591618,2018-09-16,VUS,2025-01-22,VUS
591625,2018-09-16,VUS,2018-09-16,VUS
591659,2018-09-16,VUS,2018-09-16,VUS
591668,2018-09-16,VUS,2022-07-18,VUS
591689,2018-09-16,VUS,2024-02-23,VUS
591731,2018-09-16,VUS,2018-09-16,VUS
591733,2018-09-16,VUS,2018-09-16,VUS
591757,2018-09-16,VUS,2018-09-16,VUS
591765,2018-09-16,VUS,2024-12-19,VUS
591811,2018-09-16,VUS,2018-09-16,VUS
591850,2018-09-16,VUS,2018-09-16,VUS
591871,2018-09-16,VUS,2018-09-16,VUS
591892,2018-09-16,VUS,2018-09-16,VUS
591898,2018-09-16,VUS,2018-09-16,VUS
591904,2018-09-16,VUS,2018-09-16,VUS
591923,2018-09-16,VUS,2018-09-16,VUS
591996,2018-09-16,VUS,2021-07-21,VUS
592045,2018-09-16,VUS,2018-09-16,VUS
592073,2018-09-16,VUS,2018-09-16,VUS
592078,2018-09-16,VUS,2018-09-16,VUS
592325,2017-07-27,B,2019-10-31,B
593448,2017-07-27,VUS,2017-07-27,VUS
593487,2017-07-28,VUS,2025-08-22,VUS
593540,2017-08-17,VUS,2022-01-26,VUS
593542,2017-08-17,VUS,2025-01-13,VUS
593926,2017-09-05,VUS,2017-09-05,VUS
594148,2017-09-28,P,2024-01-08,P
594563,2017-10-17,VUS,2023-10-10,VUS
594765,2017-10-30,VUS,2025-08-24,VUS
595236,2017-12-05,VUS,2017-12-05,VUS
595536,2018-01-02,VUS,2026-02-17,VUS
595537,2018-01-02,VUS,2022-03-29,VUS
595540,2017-12-28,VUS,2024-04-30,VUS
596339,2018-03-06,VUS,2018-03-06,VUS
596470,2018-04-04,VUS,2021-09-01,VUS
596877,2018-05-02,VUS,2018-05-02,VUS
597442,2018-06-01,VUS,2018-06-01,VUS
597466,2018-06-07,VUS,2018-06-07,VUS
597744,2018-06-29,VUS,2018-06-29,VUS
597859,2018-06-27,VUS,2024-07-29,VUS
598322,2018-08-08,P,2018-08-08,P
598637,2018-08-31,VUS,2024-05-31,VUS
598707,2018-09-18,VUS,2018-09-18,VUS
598996,2018-11-19,VUS,2018-11-19,VUS
617479,2019-01-14,LP,2019-01-14,LP
617649,2017-09-05,LP,2017-09-05,LP
617652,2017-11-20,P,2024-09-22,P
617653,2017-12-04,P,2017-12-04,P
617751,2017-06-05,LP,2017-06-05,LP
618370,2017-06-07,VUS,2017-06-07,VUS
618371,2018-05-18,VUS,2024-01-24,VUS
619047,2018-01-10,P,2018-01-10,P
620112,2018-10-19,P,2018-10-19,P
620131,2018-06-13,P,2025-11-27,P
620132,2018-06-01,P,2023-07-17,P
623229,2018-04-02,LP,2018-04-02,LP
624137,2018-04-01,VUS,2025-10-03,VUS
624416,2018-07-01,VUS,2023-07-26,VUS
624519,2018-04-27,LP,2018-04-27,LP
624573,2018-12-06,VUS,2018-12-06,VUS
625169,2019-04-10,P,2026-01-28,P
625550,2018-11-01,P,2018-11-01,P
625560,2018-11-01,P,2018-11-01,P
625594,2018-11-01,P,2018-11-01,P
625611,2018-11-01,P,2018-11-01,P
625636,2018-11-01,P,2018-11-01,P
625659,2018-11-01,P,2018-11-01,P
625703,2018-11-01,P,2018-11-01,P
625704,2018-11-01,P,2018-11-01,P
625759,2018-11-01,P,2018-11-01,P
625771,2018-11-01,P,2018-11-01,P
625779,2018-11-01,P,2018-11-01,P
625780,2018-11-01,LP,2018-11-01,LP
625781,2018-11-01,P,2018-11-01,P
625783,2018-11-01,P,2018-11-01,P
625808,2018-11-01,P,2018-11-01,P
626310,2019-04-20,P,2019-04-20,P
631654,2024-01-09,VUS,2024-06-20,VUS
631655,2024-05-10,P,2025-06-29,P
631663,2020-10-12,LP,2020-10-12,LP
631878,2018-10-24,P,2026-01-23,P
632052,2023-03-28,VUS,2023-03-28,VUS
632144,2019-01-11,LP,2019-01-11,LP
632166,2024-03-13,LP,2024-03-13,LP
632373,2017-04-27,VUS,2025-12-07,VUS
632526,2021-05-28,P,2021-05-28,P
635013,2018-06-15,VUS,2018-06-15,VUS
635429,2018-09-25,VUS,2021-02-02,VUS
635435,2018-10-31,VUS,2018-10-31,VUS
635517,2018-11-23,P,2018-11-23,P
635767,2019-04-04,VUS,2019-04-04,VUS
636952,2019-02-12,VUS,2019-02-12,VUS
638098,2018-07-12,P,2018-07-12,P
638099,2018-07-12,P,2018-07-12,P
638101,2018-07-20,P,2018-07-20,P
638115,2018-09-27,P,2018-09-27,P
638151,2019-02-01,P,2023-05-23,P
638431,2019-04-27,VUS,2024-03-01,VUS
638866,2021-08-31,P,2021-08-31,P
639212,2022-07-25,VUS,2022-07-25,VUS
639224,2020-11-12,VUS,2024-12-12,VUS
639389,2022-02-12,VUS,2022-09-03,VUS
639931,2022-01-14,VUS,2022-01-14,VUS
640331,2019-07-08,LB,2023-11-27,LB
640675,2018-12-03,VUS,2018-12-03,VUS
640678,2024-06-12,VUS,2025-03-04,VUS
640681,2018-01-13,VUS,2023-01-04,VUS
640929,2021-12-06,VUS,2022-09-08,VUS
641114,2020-07-30,P,2026-04-29,P
641162,2018-08-19,P,2018-08-19,P
641225,2021-11-03,VUS,2023-09-24,VUS
641261,2023-03-23,VUS,2023-03-23,VUS
641262,2018-08-18,LP,2018-08-18,LP
641279,2018-10-29,VUS,2023-09-27,VUS
641351,2019-10-19,VUS,2021-09-16,VUS
641377,2019-03-29,P,2024-01-22,P
641702,2022-03-16,VUS,2024-01-09,VUS
642139,2021-09-01,VUS,2021-09-24,VUS
642337,2018-10-13,LP,2018-10-13,LP
642564,2021-10-09,VUS,2023-11-27,VUS
642676,2018-12-10,VUS,2020-11-25,VUS
642723,2023-10-22,P,2024-05-16,P
643153,2019-01-28,P,2019-01-28,P
643681,2021-10-29,VUS,2022-09-18,VUS
643948,2021-10-17,VUS,2023-03-14,VUS
644116,2018-12-21,VUS,2018-12-21,VUS
644169,2018-12-31,LP,2018-12-31,LP
644355,2024-09-23,VUS,2024-09-23,VUS
644476,2022-12-07,VUS,2025-07-31,VUS
644486,2018-07-03,VUS,2021-09-10,VUS
644647,2020-10-29,VUS,2023-07-08,VUS
645213,2025-11-11,VUS,2025-11-11,VUS
645956,2018-07-24,P,2018-07-24,P
646655,2023-11-13,VUS,2024-09-27,VUS
646863,2023-12-14,VUS,2024-04-22,VUS
647098,2021-09-07,VUS,2025-11-16,VUS
647141,2020-10-28,VUS,2024-12-23,VUS
647197,2023-05-29,VUS,2023-05-29,VUS
647718,2022-09-05,VUS,2025-09-10,VUS
647799,2025-08-07,VUS,2025-08-07,VUS
647998,2018-09-03,VUS,2018-09-03,VUS
648077,2022-02-22,LB,2025-03-22,LB
648371,2018-07-29,VUS,2018-07-29,VUS
648479,2023-08-31,VUS,2023-08-31,VUS
648524,2022-10-12,P,2022-10-12,P
648660,2021-02-25,VUS,2021-02-25,VUS
649230,2022-10-20,VUS,2024-11-09,VUS
649238,2023-12-30,VUS,2023-12-30,VUS
649477,2023-07-17,P,2023-07-17,P
650175,2019-11-01,VUS,2019-11-01,VUS
650208,2018-07-20,VUS,2018-07-20,VUS
650821,2020-01-22,LP,2025-12-29,LP
650887,2018-09-10,P,2023-04-13,P
651071,2019-12-02,VUS,2019-12-02,VUS
651226,2018-08-07,VUS,2023-05-23,VUS
651366,2019-09-23,VUS,2023-06-02,VUS
651663,2024-07-02,VUS,2024-07-02,VUS
652071,2018-08-25,P,2018-08-25,P
652170,2021-08-27,VUS,2026-03-04,VUS
652364,2018-09-04,VUS,2018-09-04,VUS
652499,2022-06-13,VUS,2022-06-13,VUS
652617,2018-09-05,VUS,2018-09-05,VUS
652806,2019-01-13,LP,2019-01-13,LP
652928,2019-05-30,VUS,2023-06-05,VUS
653009,2022-06-24,LB,2024-02-17,LB
653820,2022-06-27,VUS,2024-01-19,VUS
653847,2023-07-29,VUS,2023-07-29,VUS
654514,2018-11-06,LP,2018-11-06,LP
654767,2018-12-21,P,2018-12-21,P
655170,2025-07-27,LP,2025-07-27,LP
655178,2021-11-22,VUS,2024-09-16,VUS
655587,2021-07-22,VUS,2021-07-22,VUS
655833,2021-11-05,VUS,2024-03-19,VUS
655918,2024-01-12,VUS,2024-01-12,VUS
656110,2018-08-02,VUS,2018-08-02,VUS
656688,2018-09-05,VUS,2018-09-05,VUS
656991,2018-10-30,VUS,2018-10-30,VUS
657548,2018-10-13,LP,2018-10-13,LP
657574,2022-04-12,VUS,2022-05-12,VUS
659706,2021-12-14,VUS,2022-03-23,VUS
660276,2021-08-27,VUS,2021-08-27,VUS
660501,2021-09-23,VUS,2023-09-01,VUS
660807,2023-07-21,VUS,2023-07-21,VUS
661008,2023-01-05,VUS,2024-10-24,VUS
661283,2022-07-26,LB,2024-11-02,LB
661323,2022-02-04,VUS,2022-02-04,VUS
661368,2022-10-19,VUS,2023-03-13,VUS
661907,2022-03-24,VUS,2024-03-11,VUS
662020,2018-10-23,VUS,2018-10-23,VUS
662519,2021-10-15,VUS,2025-03-15,VUS
662594,2022-03-29,VUS,2023-02-25,VUS
662833,2021-08-04,P,2021-08-04,P
664026,2024-01-19,VUS,2024-01-19,VUS
664041,2019-11-30,VUS,2019-11-30,VUS
664335,2018-12-11,VUS,2018-12-11,VUS
664453,2018-12-18,P,2018-12-18,P
664566,2018-08-08,VUS,2018-08-08,VUS
664654,2018-09-04,P,2018-09-04,P
664901,2018-12-19,VUS,2018-12-19,VUS
665094,2021-11-22,VUS,2025-06-24,VUS
665287,2024-07-18,VUS,2025-01-12,VUS
665477,2022-06-04,VUS,2022-06-04,VUS
665561,2022-04-07,VUS,2025-04-23,VUS
665985,2022-11-10,VUS,2024-09-12,VUS
666062,2020-10-05,VUS,2023-10-26,VUS
666217,2020-07-26,P,2020-07-26,P
666430,2016-01-01,P,2016-01-01,P
666558,2018-10-09,P,2024-11-20,P
667605,2018-06-14,B,2018-06-14,B
667606,2018-06-14,B,2018-06-14,B
667607,2018-06-14,B,2018-06-14,B
673538,2018-06-14,B,2018-06-14,B
674361,2018-06-14,B,2018-06-14,B
674363,2018-06-14,B,2018-06-14,B
674364,2018-06-14,B,2018-06-14,B
676879,2018-06-14,B,2018-06-14,B
676880,2018-06-14,B,2018-06-14,B
676881,2018-06-14,B,2018-06-14,B
676882,2018-06-14,B,2018-06-14,B
676886,2018-06-14,B,2018-06-14,B
676906,2018-06-14,B,2018-06-14,B
676907,2018-06-14,B,2018-06-14,B
676908,2018-06-14,B,2018-06-14,B
682700,2018-06-14,LB,2018-06-14,LB
682946,2018-06-15,B,2018-06-15,B
682985,2018-06-16,B,2018-06-16,B
682986,2018-06-16,LB,2018-06-16,LB
682987,2018-06-16,B,2018-06-16,B
684506,2024-05-01,VUS,2024-05-01,VUS
684754,2018-09-25,LP,2018-09-25,LP
684922,2018-06-04,P,2018-06-04,P
684934,2018-09-27,VUS,2018-09-27,VUS
684962,2018-07-18,P,2018-07-18,P
684964,2018-07-18,P,2018-07-18,P
685025,2017-10-13,P,2017-10-13,P
685054,2018-01-10,VUS,2018-01-10,VUS
685070,2017-11-22,VUS,2017-11-22,VUS
685107,2017-06-13,P,2017-06-13,P
685125,2017-11-29,P,2017-11-29,P
685183,2018-01-12,P,2018-01-12,P
685185,2017-10-13,VUS,2017-10-13,VUS
685188,2018-01-17,P,2018-01-17,P
685192,2018-09-28,P,2018-09-28,P
685231,2017-06-15,VUS,2017-06-15,VUS
685255,2018-07-26,P,2018-07-26,P
685257,2018-09-27,P,2018-09-27,P
685294,2018-05-30,VUS,2018-05-30,VUS
685331,2018-04-13,P,2018-04-13,P
685350,2017-10-16,VUS,2017-10-16,VUS
685440,2018-03-15,P,2018-03-15,P
685459,2018-03-05,VUS,2018-03-05,VUS
685565,2017-05-31,P,2017-05-31,P
685566,2017-05-31,P,2017-05-31,P
685702,2018-06-26,VUS,2018-06-26,VUS
685713,2018-05-31,VUS,2018-05-31,VUS
685795,2018-05-31,VUS,2018-05-31,VUS
685882,2018-03-01,VUS,2018-03-01,VUS
685892,2018-05-04,VUS,2018-05-04,VUS
686088,2017-05-31,P,2017-05-31,P
686109,2017-05-26,VUS,2017-05-26,VUS
686250,2018-06-26,P,2018-06-26,P
686698,2017-04-19,VUS,2017-04-19,VUS
686714,2018-01-26,P,2018-01-26,P
686734,2017-07-26,VUS,2017-07-26,VUS
686892,2018-06-06,VUS,2018-06-06,VUS
686997,2017-08-11,VUS,2017-08-11,VUS
687076,2018-03-23,P,2018-03-23,P
687087,2018-01-09,P,2018-01-09,P
687100,2018-05-25,P,2018-05-25,P
687106,2017-05-26,P,2017-05-26,P
687132,2017-05-31,P,2017-05-31,P
687202,2017-11-15,VUS,2017-11-15,VUS
687302,2017-08-16,P,2017-08-16,P
687332,2017-06-27,P,2017-06-27,P
687427,2018-09-28,P,2018-09-28,P
687452,2017-11-14,P,2017-11-14,P
687476,2018-07-30,P,2018-07-30,P
687493,2018-07-25,P,2018-07-25,P
687519,2018-09-24,VUS,2018-09-24,VUS
687644,2018-03-01,VUS,2018-03-01,VUS
687699,2017-12-06,VUS,2017-12-06,VUS
687787,2018-09-18,P,2018-09-18,P
687810,2018-09-12,P,2018-09-12,P
687905,2018-05-31,VUS,2018-05-31,VUS
687916,2018-06-05,VUS,2018-06-05,VUS
687972,2018-03-21,VUS,2018-03-21,VUS
687987,2018-02-13,VUS,2018-02-13,VUS
687997,2018-07-18,VUS,2018-07-18,VUS
688118,2017-11-15,VUS,2017-11-15,VUS
688137,2018-06-26,P,2018-06-26,P
688205,2018-01-18,VUS,2018-01-18,VUS
688264,2017-06-19,VUS,2017-06-19,VUS
688355,2017-09-26,P,2017-09-26,P
688406,2017-08-23,P,2017-08-23,P
688408,2017-08-23,P,2017-08-23,P
688465,2017-04-13,P,2017-04-13,P
688499,2017-04-21,P,2017-04-21,P
688570,2017-07-07,VUS,2017-07-07,VUS
688663,2017-10-25,P,2017-10-25,P
688878,2017-08-29,P,2017-08-29,P
688962,2018-02-26,VUS,2018-02-26,VUS
689117,2018-03-16,P,2018-03-16,P
689135,2017-09-27,P,2017-09-27,P
689168,2017-09-07,VUS,2017-09-07,VUS
689209,2017-05-26,P,2017-05-26,P
689338,2018-05-16,VUS,2018-05-16,VUS
689471,2025-02-07,LP,2025-02-07,LP
692157,2019-10-14,LP,2025-09-11,LP
694355,2019-10-23,LP,2019-10-23,LP
694393,2019-09-19,LP,2024-02-29,LP
694460,2019-07-05,LP,2019-07-05,LP
696599,2019-03-11,LB,2025-12-09,LB
696697,2020-03-04,LB,2025-12-02,LB
696916,2022-02-24,LB,2026-01-25,LB
697436,2018-01-13,B,2026-01-15,B
697520,2018-01-13,B,2025-12-31,B
697796,2022-09-19,LB,2023-11-12,LB
697915,2023-04-13,LB,2025-05-14,LB
698012,2022-02-17,LB,2025-02-13,LB
698228,2022-04-05,LB,2025-05-18,LB
698259,2019-05-20,LB,2025-08-11,LB
699235,2022-04-19,LB,2025-08-02,LB
699623,2019-05-30,LB,2024-04-30,LB
700259,2020-10-22,LB,2025-12-15,LB
701200,2019-05-20,LB,2025-11-24,LB
701527,2020-01-03,LB,2025-02-27,LB
701703,2022-06-04,LB,2024-05-06,LB
701881,2019-10-18,LB,2025-10-14,LB
701955,2021-02-14,LB,2025-08-03,LB
702411,2026-01-05,B,2026-01-05,B
702572,2022-03-07,LB,2025-08-04,LB
702619,2022-04-29,LB,2024-07-24,LB
702669,2020-04-29,LB,2025-11-24,LB
703200,2022-02-13,LB,2025-09-09,LB
703399,2022-02-08,LB,2025-04-22,LB
703658,2021-02-24,LB,2025-09-18,LB
703676,2022-03-24,LB,2025-05-04,LB
703815,2021-10-01,LB,2025-10-12,LB
705387,2020-03-24,LB,2024-12-06,LB
705724,2025-11-21,LB,2025-11-21,LB
706055,2022-01-04,LB,2025-08-18,LB
706387,2024-05-20,LB,2024-05-20,LB
706546,2023-09-15,LB,2024-06-25,LB
706716,2020-04-25,LB,2023-04-19,LB
707759,2021-09-10,LB,2022-08-08,LB
707813,2022-08-22,LB,2025-04-24,LB
707814,2022-08-22,LB,2025-04-24,LB
708313,2021-03-19,LB,2025-08-29,LB
708455,2021-08-27,LB,2025-09-11,LB
708586,2026-01-09,LB,2026-01-09,LB
708596,2019-04-01,B,2026-02-01,B
709327,2021-07-26,LB,2025-06-27,LB
709944,2026-01-18,B,2026-01-18,B
711111,2026-01-27,LB,2026-01-27,LB
711294,2021-07-27,B,2026-01-07,B
711357,2022-05-01,LB,2023-04-20,LB
711589,2020-06-01,LB,2023-12-15,LB
711667,2017-09-22,LB,2017-09-22,LB
711749,2024-03-25,LB,2024-03-25,LB
713619,2025-11-17,LB,2025-11-17,LB
714917,2021-11-15,LB,2025-04-22,LB
715085,2018-01-12,B,2026-02-01,B
715537,2026-01-18,B,2026-01-18,B
715538,2022-12-06,LB,2022-12-06,LB
716464,2021-08-16,B,2026-01-27,B
716539,2021-12-17,LB,2025-07-22,LB
717133,2021-07-26,LB,2025-07-16,LB
717732,2019-03-27,B,2026-01-19,B
718234,2018-11-28,LB,2023-10-04,LB
718386,2022-12-13,LB,2024-10-24,LB
718401,2024-02-15,LB,2024-02-15,LB
719205,2025-12-15,B,2025-12-15,B
719281,2019-01-04,LB,2025-12-30,LB
719424,2019-09-27,B,2026-01-28,B
719941,2021-02-08,LB,2026-01-27,LB
720378,2026-01-28,B,2026-01-28,B
720538,2021-05-04,B,2026-01-27,B
720539,2019-09-24,B,2025-12-27,B
721011,2018-02-25,LB,2018-02-25,LB
721109,2025-11-18,LB,2025-11-18,LB
721223,2026-01-12,B,2026-01-12,B
721335,2021-03-03,LB,2024-06-19,LB
721970,2021-09-09,LB,2025-09-02,LB
722644,2025-01-26,LB,2025-01-26,LB
722688,2018-02-02,LB,2018-02-02,LB
722895,2023-08-29,LB,2023-08-29,LB
723374,2018-10-20,LB,2018-10-20,LB
723641,2025-10-07,LB,2025-10-07,LB
723958,2018-02-08,LB,2018-02-08,LB
724336,2019-03-06,LB,2026-01-18,LB
724422,2020-07-28,LB,2023-06-29,LB
725274,2018-01-12,B,2025-10-06,B
725340,2022-10-25,LB,2022-10-25,LB
725475,2026-01-19,B,2026-01-19,B
725502,2020-02-24,LB,2024-12-04,LB
725809,2019-10-30,B,2026-01-17,B
726536,2025-08-20,LB,2026-01-27,LB
726672,2021-07-27,LB,2026-01-15,LB
726748,2019-12-31,LB,2021-08-31,LB
728262,2026-01-12,LB,2026-01-12,LB
728588,2018-06-13,LB,2026-01-13,LB
728641,2019-12-31,LB,2019-12-31,LB
728671,2023-08-14,LB,2023-08-14,LB
728792,2017-10-24,LB,2017-10-24,LB
728793,2017-10-24,LB,2017-10-24,LB
728876,2026-01-27,B,2026-01-27,B
729165,2021-08-10,LB,2025-12-30,LB
729287,2017-04-27,LB,2025-10-03,LB
729319,2024-04-26,LB,2026-02-01,LB
729759,2022-02-03,LB,2023-11-08,LB
729976,2018-10-09,LB,2018-10-09,LB
730174,2017-12-13,LB,2017-12-13,LB
730383,2022-03-22,LB,2025-08-31,LB
730916,2018-01-13,B,2026-02-01,B
731293,2026-01-06,B,2026-01-06,B
731700,2024-12-17,LB,2024-12-17,LB
731711,2021-12-07,LB,2026-03-01,LB
731906,2018-01-03,LB,2018-01-03,LB
731929,2020-10-27,LB,2025-08-21,LB
732134,2022-01-04,LB,2025-12-01,LB
732135,2019-12-31,LB,2019-12-31,LB
732145,2025-11-12,LB,2025-11-12,LB
732318,2022-07-15,LB,2022-07-15,LB
732319,2024-07-06,LB,2024-07-06,LB
732386,2025-06-12,LB,2025-06-12,LB
732806,2026-01-27,B,2026-01-27,B
733654,2021-07-27,LB,2026-01-12,LB
733796,2023-03-01,LB,2026-01-15,LB
734147,2020-12-10,LB,2023-11-27,LB
734235,2017-12-29,LB,2017-12-29,LB
734418,2026-01-20,B,2026-01-20,B
734473,2024-03-16,LB,2024-03-16,LB
734591,2018-01-19,LB,2018-01-19,LB
734983,2025-10-17,LB,2025-10-17,LB
735965,2018-03-06,LB,2018-03-06,LB
736343,2025-09-08,LB,2025-09-08,LB
736572,2021-09-20,LB,2025-06-22,LB
736784,2021-08-12,LB,2025-08-08,LB
736923,2020-04-13,B,2025-09-07,B
737083,2021-07-20,LB,2024-12-02,LB
737516,2021-09-13,LB,2026-01-15,LB
737678,2018-03-29,LB,2018-03-29,LB
737692,2021-07-20,LB,2026-02-01,LB
738521,2024-10-24,LB,2024-10-24,LB
738546,2022-02-16,LB,2025-04-14,LB
738687,2019-12-17,LB,2026-01-11,LB
738883,2018-03-29,LB,2018-03-29,LB
738901,2018-03-30,LB,2018-03-30,LB
739001,2019-03-28,LB,2025-03-10,LB
739131,2021-12-13,LB,2025-11-23,LB
739266,2019-06-05,LB,2023-11-14,LB
739394,2021-11-06,LB,2023-12-07,LB
739591,2026-01-01,LB,2026-01-01,LB
740570,2025-10-29,LB,2025-10-29,LB
740995,2019-10-23,LB,2026-01-14,LB
741060,2020-03-17,LB,2025-06-12,LB
741368,2021-07-09,LB,2026-01-25,LB
741462,2025-12-31,B,2025-12-31,B
742051,2018-04-30,LB,2018-04-30,LB
742196,2022-03-15,LB,2022-03-15,LB
742216,2023-06-22,LB,2026-01-16,LB
742307,2024-06-17,LB,2025-11-30,LB
742586,2022-09-03,LB,2023-08-16,LB
742658,2020-02-15,LB,2023-05-21,LB
742909,2025-11-06,LB,2025-11-06,LB
743229,2025-12-23,LB,2025-12-23,LB
743308,2022-04-22,LB,2026-01-13,LB
743488,2018-05-25,LB,2018-05-25,LB
743663,2018-05-08,LB,2018-05-08,LB
743697,2022-07-25,LB,2022-10-30,LB
743821,2020-01-17,LB,2024-05-22,LB
743985,2022-02-20,LB,2022-02-20,LB
744458,2024-06-13,LB,2024-06-13,LB
745305,2020-02-06,LB,2025-12-29,LB
745391,2024-12-12,LB,2024-12-12,LB
745407,2024-02-18,LB,2024-02-18,LB
745662,2023-05-21,LB,2023-05-21,LB
745942,2019-06-24,LB,2025-06-12,LB
746148,2026-01-15,LB,2026-01-15,LB
746251,2025-06-12,LB,2025-06-12,LB
746372,2019-06-04,LB,2023-12-25,LB
747071,2018-01-13,LB,2026-01-28,LB
747106,2024-04-26,LB,2025-11-08,LB
747505,2024-06-20,LB,2024-11-25,LB
747552,2019-05-30,LB,2026-01-16,LB
747687,2021-04-06,LB,2024-11-04,LB
747905,2023-09-11,LB,2026-01-19,LB
747947,2017-03-14,LB,2025-12-01,LB
748081,2026-01-15,LB,2026-01-15,LB
748495,2021-08-22,LB,2021-08-22,LB
748698,2019-08-14,LB,2019-08-14,LB
748994,2024-01-29,LB,2024-01-29,LB
749384,2024-06-15,LB,2025-02-25,LB
749523,2025-03-30,LB,2025-03-30,LB
749530,2018-06-06,LB,2018-06-06,LB
749894,2023-11-05,LB,2023-11-05,LB
750192,2022-03-22,LB,2024-01-16,LB
750900,2023-10-06,LB,2023-10-06,LB
751467,2024-05-23,LB,2024-05-23,LB
751766,2024-09-01,LB,2024-12-06,LB
751862,2024-02-17,LB,2024-02-17,LB
751878,2018-07-02,LB,2018-07-02,LB
751911,2023-07-29,LB,2023-07-29,LB
752135,2020-01-22,LB,2024-02-17,LB
752252,2022-04-24,LB,2025-09-04,LB
752824,2025-04-11,LB,2025-04-11,LB
752836,2022-06-28,LB,2022-06-28,LB
753210,2018-06-15,LB,2018-06-15,LB
753513,2025-07-29,LB,2025-07-29,LB
753527,2025-03-23,LB,2025-12-31,LB
753863,2025-07-31,LB,2025-12-16,LB
753963,2018-06-26,LB,2018-06-26,LB
754324,2018-07-30,LB,2019-06-12,LB
754611,2019-12-31,LB,2019-12-31,LB
754789,2019-09-19,LB,2025-10-03,LB
754887,2025-12-20,LB,2025-12-20,LB
755122,2021-07-25,LB,2021-07-25,LB
755124,2024-06-12,LB,2024-06-12,LB
755179,2018-03-27,LB,2024-12-12,LB
755315,2018-10-03,LB,2018-10-03,LB
755644,2022-01-14,LB,2022-01-14,LB
755978,2021-11-19,LB,2025-02-06,LB
756062,2025-05-04,LB,2025-05-04,LB
756306,2022-11-16,LB,2022-11-16,LB
756988,2025-12-06,LB,2025-12-06,LB
757178,2018-04-01,LB,2019-11-14,LB
757292,2024-03-24,LB,2024-03-24,LB
757451,2023-08-30,LB,2023-08-30,LB
757484,2020-03-18,LB,2026-01-18,LB
757735,2018-07-06,LB,2018-07-06,LB
757792,2022-07-12,LB,2025-08-09,LB
758258,2024-04-29,LB,2024-04-29,LB
758735,2024-11-15,LB,2024-11-15,LB
758899,2021-08-05,LB,2025-11-19,LB
758995,2022-02-03,LB,2025-06-27,LB
759200,2021-05-17,LB,2021-09-29,LB
759241,2022-07-19,LB,2024-04-02,LB
759540,2019-10-11,LB,2023-07-26,LB
759709,2018-05-07,LB,2026-03-14,LB
759875,2023-01-14,LB,2023-01-14,LB
759881,2018-07-16,LB,2018-07-16,LB
759979,2025-12-01,LB,2025-12-01,LB
760545,2018-11-17,LB,2025-09-27,LB
760654,2023-10-10,LB,2024-08-31,LB
760659,2023-10-03,LB,2023-10-03,LB
762005,2018-07-01,LB,2018-07-01,LB
762091,2021-09-08,LB,2024-10-08,LB
762418,2020-03-23,LB,2024-03-10,LB
762476,2018-08-06,LB,2021-11-17,LB
762622,2022-08-15,LB,2022-08-15,LB
763089,2024-03-16,LB,2024-03-16,LB
763452,2026-01-11,LB,2026-01-11,LB
763755,2021-05-26,LB,2025-12-14,LB
764219,2018-07-31,LB,2018-07-31,LB
764531,2025-10-14,LB,2025-10-14,LB
764653,2026-01-05,LB,2026-01-05,LB
764901,2018-07-21,LB,2018-07-21,LB
765173,2020-09-16,LB,2025-12-20,LB
765407,2023-06-11,LB,2023-06-11,LB
765458,2021-11-22,LB,2026-01-16,LB
765789,2021-07-04,LB,2023-05-16,LB
765818,2024-03-19,LB,2024-03-19,LB
765918,2021-08-03,LB,2025-06-03,LB
765999,2025-07-19,LB,2025-07-19,LB
766268,2018-08-21,LB,2018-08-21,LB
766516,2020-01-23,LB,2025-12-04,LB
766858,2026-01-26,B,2026-01-26,B
767369,2019-09-04,LB,2024-11-10,LB
767723,2019-03-25,B,2026-02-01,B
767724,2017-06-06,B,2022-10-04,B
767877,2020-05-02,LB,2026-02-02,LB
769178,2025-02-16,B,2026-02-04,B
769249,2017-08-02,B,2022-09-23,B
770318,2022-06-15,LB,2023-12-31,LB
770381,2026-02-01,LB,2026-02-01,LB
770392,2026-02-04,B,2026-02-04,B
770656,2025-12-30,LB,2025-12-30,LB
770958,2017-12-08,LB,2017-12-08,LB
771622,2025-08-28,LB,2025-08-28,LB
771996,2020-09-02,LB,2025-06-04,LB
772018,2024-08-01,LB,2024-08-01,LB
772108,2021-08-20,B,2025-12-30,B
772613,2018-01-12,LB,2018-01-12,LB
772693,2021-12-21,LB,2025-02-13,LB
772941,2022-01-10,LB,2024-04-03,LB
773499,2018-01-13,B,2026-01-31,B
774548,2021-12-15,LB,2025-12-20,LB
774769,2022-09-01,LB,2023-12-14,LB
775709,2021-10-06,LB,2025-08-14,LB
777954,2024-09-17,B,2026-01-23,B
778207,2026-01-28,B,2026-01-28,B
778589,2017-04-27,B,2026-01-31,B
779258,2021-12-10,LB,2026-01-06,LB
779296,2020-03-26,LB,2023-09-27,LB
779767,2024-03-25,LB,2024-03-25,LB
780428,2020-01-14,B,2026-02-01,B
780592,2018-01-13,B,2026-02-01,B
785487,2017-04-28,B,2026-01-26,B
785576,2022-02-15,LB,2022-12-29,LB
786451,2020-01-10,B,2026-01-28,B
786452,2020-01-10,B,2026-01-28,B
786453,2020-01-10,B,2026-02-01,B
786847,2021-07-23,LB,2026-01-04,LB
787323,2018-01-12,B,2026-02-04,B
787560,2018-01-31,B,2026-01-24,B
788848,2020-02-05,LB,2025-12-10,LB
789128,2021-10-27,LB,2024-03-01,LB
789259,2025-08-18,B,2026-01-05,B
789426,2019-01-10,B,2026-02-04,B
789838,2025-09-30,B,2026-01-26,B
790366,2021-04-21,B,2026-02-04,B
790816,2018-01-12,B,2026-01-18,B
791071,2018-06-08,LB,2022-02-09,LB
791203,2017-07-25,LB,2017-07-25,LB
792196,2022-08-16,LB,2022-08-16,LB
792248,2026-01-26,LB,2026-01-26,LB
792510,2023-07-16,LB,2023-07-16,LB
792710,2023-11-09,LB,2023-11-09,LB
793077,2018-10-14,LB,2024-06-27,LB
793240,2025-12-28,LB,2025-12-28,LB
793282,2023-01-09,LB,2023-01-09,LB
793382,2024-02-17,LB,2024-02-17,LB
793746,2018-12-20,LB,2023-09-20,LB
793910,2025-11-09,LB,2025-11-09,LB
793913,2019-01-03,LB,2022-03-23,LB
794261,2026-01-16,LB,2026-01-16,LB
794769,2018-11-07,LB,2018-11-07,LB
795043,2024-02-06,LB,2024-02-06,LB
795044,2021-10-04,LB,2026-01-19,LB
795078,2024-02-24,LB,2024-02-24,LB
795269,2022-04-09,LB,2022-04-09,LB
795767,2024-03-14,LB,2024-03-14,LB
795774,2022-02-20,LB,2022-02-20,LB
796127,2024-03-01,LB,2024-03-01,LB
796141,2021-12-03,LB,2021-12-03,LB
796270,2025-06-12,LB,2025-06-12,LB
796310,2024-10-16,LB,2024-10-16,LB
796344,2018-12-18,LB,2018-12-18,LB
796573,2020-03-12,LB,2025-10-03,LB
796775,2025-09-09,LB,2025-09-09,LB
796896,2024-02-13,LB,2024-02-13,LB
797100,2021-12-29,LB,2021-12-29,LB
797131,2025-02-20,LB,2025-02-20,LB
797212,2019-12-04,LB,2019-12-04,LB
797213,2019-12-04,LB,2019-12-04,LB
797392,2025-02-02,LB,2025-02-02,LB
797640,2018-12-30,LB,2021-09-22,LB
797738,2019-12-31,LB,2021-12-21,LB
797780,2021-12-07,LB,2026-01-26,LB
797834,2019-01-07,LB,2019-01-07,LB
798138,2025-09-24,LB,2025-09-24,LB
798273,2019-06-19,LB,2025-07-28,LB
798547,2018-12-05,LB,2018-12-05,LB
798669,2024-05-31,LB,2024-05-31,LB
798813,2020-04-13,LB,2025-11-10,LB
798969,2026-01-19,LB,2026-01-19,LB
798996,2022-08-04,LB,2025-09-17,LB
799041,2020-07-24,LB,2020-07-24,LB
799110,2018-12-19,LB,2018-12-19,LB
799284,2018-12-21,LB,2024-07-03,LB
799685,2019-09-08,LB,2024-09-23,LB
800002,2019-01-14,LB,2019-01-14,LB
801343,2024-10-16,VUS,2024-10-16,VUS
801446,2019-05-28,P,2022-11-01,P
801447,2019-05-28,P,2022-05-23,P
801448,2019-05-28,P,2026-04-15,P
801450,2019-05-28,LP,2019-05-28,LP
801451,2019-05-28,P,2019-05-28,P
801659,2018-11-13,B,2021-12-05,B
801719,2019-05-28,LP,2024-06-07,LP
801921,2019-05-28,LP,2019-05-28,LP
801995,2019-05-28,LP,2019-05-28,LP
802037,2019-05-28,LP,2019-05-28,LP
802368,2019-05-28,LP,2024-03-30,LP
802369,2019-05-28,LP,2022-02-09,LP
802371,2019-05-28,P,2019-05-28,P
802548,2019-05-28,VUS,2025-01-13,VUS
803425,2019-05-28,P,2025-08-17,P
803609,2019-05-14,VUS,2025-07-25,VUS
804084,2019-05-28,B,2020-02-03,B
804086,2019-05-28,P,2019-05-28,P
804177,2024-05-22,P,2025-11-12,P
804181,2024-01-24,LP,2024-08-26,LP
804182,2025-04-02,VUS,2025-04-02,VUS
804184,2024-08-26,P,2025-09-24,P
804190,2025-04-21,VUS,2025-04-21,VUS
804193,2022-11-23,P,2025-03-17,P
804194,2024-08-26,LP,2024-08-26,LP
804196,2021-12-20,P,2024-08-26,P
804198,2024-05-18,LP,2024-09-13,LP
804207,2019-07-03,P,2019-07-03,P
804410,2019-06-20,LP,2019-06-20,LP
804661,2019-02-03,LP,2019-02-03,LP
804662,2018-12-20,P,2018-12-20,P
804663,2018-11-02,VUS,2018-11-02,VUS
804664,2018-11-29,VUS,2019-01-26,VUS
804666,2019-06-05,VUS,2019-06-05,VUS
804912,2022-04-13,VUS,2025-07-16,VUS
804914,2019-07-24,P,2019-07-24,P
804915,2019-02-13,VUS,2025-05-13,VUS
804916,2019-01-07,VUS,2025-02-28,VUS
805464,2019-07-16,VUS,2021-04-20,VUS
805465,2018-11-01,VUS,2018-11-01,VUS
805466,2018-11-01,LP,2024-06-13,LP
805467,2019-07-16,LB,2025-12-31,LB
807237,2018-05-01,VUS,2018-05-01,VUS
807814,2018-09-01,VUS,2024-11-19,VUS
807815,2024-10-01,P,2024-10-01,P
808763,2016-08-01,LP,2016-08-01,LP
809210,2019-06-01,VUS,2019-06-01,VUS
809526,2016-06-01,VUS,2016-06-01,VUS
809527,2018-10-01,VUS,2018-10-01,VUS
810483,2019-03-01,VUS,2019-03-01,VUS
811209,2018-12-15,VUS,2018-12-15,VUS
811391,2023-10-27,P,2025-12-06,P
811735,2018-09-05,P,2018-09-05,P
811881,2019-02-06,VUS,2024-11-11,VUS
814137,2019-06-03,P,2019-06-03,P
814374,2019-01-15,P,2019-01-15,P
814378,2019-04-13,P,2019-04-13,P
814379,2018-10-26,P,2018-10-26,P
814497,2018-11-06,P,2018-11-06,P
814520,2018-06-13,P,2018-06-13,P
814524,2019-03-27,P,2019-03-27,P
814529,2019-03-13,LP,2019-03-13,LP
814532,2018-10-01,VUS,2018-10-01,VUS
814533,2019-03-18,LB,2019-03-18,LB
814534,2018-12-06,LB,2018-12-06,LB
815017,2022-04-14,P,2022-04-14,P
815042,2018-08-15,P,2018-08-15,P
815141,2018-06-19,VUS,2018-06-19,VUS
815190,2019-05-20,P,2019-05-20,P
815261,2019-03-21,VUS,2019-03-21,VUS
815475,2024-07-05,P,2024-07-05,P
815477,2024-07-26,P,2024-07-26,P
815483,2019-11-27,VUS,2019-11-27,VUS
815710,2019-06-03,P,2019-06-03,P
816270,2018-06-07,P,2018-06-07,P
816349,2018-12-05,P,2018-12-05,P
816364,2018-07-05,P,2018-07-05,P
816368,2019-01-31,P,2019-01-31,P
816382,2018-10-28,P,2018-10-28,P
816389,2018-12-11,VUS,2018-12-11,VUS
816497,2018-06-29,P,2018-06-29,P
816507,2018-02-23,P,2018-02-23,P
816582,2018-06-11,P,2018-06-11,P
816585,2019-05-01,P,2019-05-01,P
817241,2018-09-13,P,2022-12-15,P
817407,2023-08-04,P,2023-08-04,P
817444,2019-02-20,P,2019-02-20,P
818311,2023-09-26,VUS,2023-11-08,VUS
818371,2022-11-30,VUS,2024-01-12,VUS
818488,2019-06-28,VUS,2022-06-19,VUS
819287,2019-05-20,LB,2020-01-21,LB
820391,2022-07-21,VUS,2025-07-17,VUS
820797,2019-10-30,VUS,2019-10-30,VUS
821075,2019-01-30,VUS,2019-01-30,VUS
821078,2022-08-02,VUS,2024-01-11,VUS
821087,2019-06-21,LB,2019-06-21,LB
821537,2019-09-15,LB,2023-06-23,LB
821614,2019-01-28,LB,2019-01-28,LB
821677,2023-04-18,VUS,2023-04-18,VUS
821846,2019-07-23,VUS,2019-07-23,VUS
822803,2019-08-26,LB,2024-07-24,LB
826717,2019-07-25,LB,2025-09-24,LB
828113,2020-02-05,VUS,2020-02-05,VUS
829834,2019-04-11,LP,2019-04-11,LP
829840,2019-04-23,VUS,2021-09-20,VUS
829928,2019-12-02,LP,2019-12-02,LP
829961,2019-05-07,VUS,2019-05-07,VUS
829991,2019-07-04,VUS,2019-07-04,VUS
829995,2019-07-24,VUS,2019-07-24,VUS
830029,2019-07-23,VUS,2025-07-25,VUS
830032,2019-11-05,LP,2019-11-05,LP
830033,2019-11-05,VUS,2025-01-13,VUS
830041,2019-11-18,VUS,2019-11-18,VUS
830538,2019-05-13,P,2019-05-13,P
830749,2019-12-16,P,2019-12-16,P
830934,2019-08-24,P,2019-08-24,P
830958,2023-12-04,P,2023-12-04,P
830975,2019-09-30,P,2019-09-30,P
831120,2022-08-09,VUS,2022-08-09,VUS
831254,2019-08-22,VUS,2019-08-22,VUS
831367,2019-07-15,VUS,2019-07-15,VUS
832046,2019-08-24,P,2019-08-24,P
832076,2019-03-26,VUS,2019-03-26,VUS
832151,2019-10-10,P,2019-10-10,P
832299,2019-11-04,P,2019-11-04,P
832572,2019-05-25,P,2019-05-25,P
832574,2019-05-25,P,2019-06-04,P
832665,2019-05-21,VUS,2019-05-21,VUS
832717,2019-07-19,LP,2019-07-19,LP
834322,2018-01-13,VUS,2026-01-08,VUS
834498,2020-09-16,VUS,2021-08-13,VUS
834716,2022-08-09,VUS,2022-09-17,VUS
834725,2024-05-07,VUS,2024-05-07,VUS
835284,2019-10-23,VUS,2023-05-08,VUS
835419,2019-12-11,VUS,2019-12-11,VUS
835431,2025-09-03,P,2025-09-03,P
835463,2022-03-22,P,2022-03-22,P
835968,2021-06-15,VUS,2022-08-19,VUS
836174,2022-11-08,VUS,2022-11-08,VUS
836335,2022-08-10,VUS,2022-08-10,VUS
836339,2019-02-15,VUS,2019-02-15,VUS
836401,2024-01-16,P,2024-01-16,P
836436,2018-01-12,VUS,2024-01-19,VUS
836523,2019-12-04,VUS,2024-05-20,VUS
836563,2026-01-05,VUS,2026-01-05,VUS
836799,2019-12-04,VUS,2019-12-04,VUS
837320,2019-04-30,VUS,2019-04-30,VUS
837321,2019-04-30,VUS,2019-04-30,VUS
837441,2020-09-09,VUS,2020-09-09,VUS
837846,2024-02-15,LP,2025-10-03,LP
838073,2021-06-30,P,2025-02-19,P
838095,2022-09-01,LB,2023-10-15,LB
838647,2019-04-11,VUS,2019-04-11,VUS
838698,2019-12-19,VUS,2019-12-19,VUS
838850,2022-01-13,VUS,2023-08-04,VUS
839053,2020-06-30,VUS,2020-06-30,VUS
839341,2023-04-09,VUS,2023-11-07,VUS
840022,2018-01-12,VUS,2025-10-27,VUS
840054,2022-03-04,VUS,2024-04-17,VUS
840199,2022-03-09,VUS,2024-04-12,VUS
840219,2019-12-11,VUS,2019-12-11,VUS
840683,2019-12-11,VUS,2019-12-11,VUS
840869,2023-08-17,VUS,2023-08-17,VUS
840914,2021-08-27,VUS,2024-12-04,VUS
840938,2019-12-18,VUS,2020-03-27,VUS
841497,2023-04-12,VUS,2024-07-25,VUS
841527,2021-09-01,VUS,2021-09-01,VUS
841558,2021-08-28,VUS,2024-04-04,VUS
842633,2019-12-24,P,2019-12-24,P
842932,2021-10-15,VUS,2024-06-25,VUS
843050,2023-08-04,VUS,2023-08-04,VUS
843690,2023-03-23,VUS,2023-10-12,VUS
844441,2019-01-24,VUS,2019-01-24,VUS
844730,2018-01-12,VUS,2025-08-05,VUS
844746,2022-10-24,VUS,2022-10-24,VUS
844766,2020-10-10,VUS,2024-03-29,VUS
844919,2019-01-25,VUS,2024-03-26,VUS
845020,2021-11-29,VUS,2021-11-29,VUS
845388,2023-11-09,P,2023-11-09,P
845432,2019-04-01,VUS,2019-04-01,VUS
845433,2021-12-28,VUS,2022-03-25,VUS
845502,2019-11-18,LB,2025-06-09,LB
845880,2020-01-27,VUS,2020-01-27,VUS
846076,2021-06-06,VUS,2022-03-04,VUS
846260,2020-03-05,VUS,2025-10-16,VUS
846443,2019-08-08,P,2019-08-08,P
846484,2019-11-27,P,2019-11-27,P
846707,2022-02-03,VUS,2022-02-03,VUS
847542,2022-02-28,VUS,2025-09-14,VUS
847599,2022-09-12,VUS,2022-11-07,VUS
847621,2021-07-23,VUS,2021-10-05,VUS
847705,2020-08-22,VUS,2023-06-24,VUS
847940,2019-12-28,LP,2019-12-28,LP
848355,2022-04-21,VUS,2024-04-22,VUS
848467,2022-08-07,VUS,2024-03-27,VUS
848618,2021-03-15,VUS,2023-12-10,VUS
848789,2021-01-11,VUS,2022-04-01,VUS
848829,2023-05-08,VUS,2025-08-30,VUS
848844,2022-06-24,P,2025-12-15,P
848856,2024-01-04,P,2024-01-04,P
848956,2021-05-27,VUS,2021-05-27,VUS
849563,2019-04-08,VUS,2023-12-23,VUS
850085,2024-03-04,LB,2024-03-04,LB
850090,2022-02-25,VUS,2023-04-15,VUS
850150,2020-08-26,VUS,2020-08-26,VUS
850547,2021-09-02,VUS,2022-01-11,VUS
850669,2021-11-03,VUS,2022-12-29,VUS
850756,2023-10-25,VUS,2026-01-31,VUS
850942,2021-09-29,VUS,2021-09-29,VUS
851004,2024-01-22,VUS,2024-09-22,VUS
851226,2024-01-08,VUS,2025-04-13,VUS
851227,2024-02-20,LB,2024-02-20,LB
851352,2023-08-17,VUS,2024-01-17,VUS
851548,2019-12-18,LP,2019-12-18,LP
851652,2018-01-13,VUS,2024-05-13,VUS
851685,2018-01-12,VUS,2024-04-23,VUS
852126,2025-01-20,P,2026-03-30,P
852891,2025-03-20,P,2025-06-23,P
853262,2020-01-17,VUS,2024-01-18,VUS
853442,2019-11-29,LP,2023-05-19,LP
853832,2023-11-24,VUS,2023-11-24,VUS
854168,2024-04-08,LP,2024-08-27,LP
854641,2023-10-04,VUS,2024-04-10,VUS
854721,2023-10-26,VUS,2024-05-02,VUS
854866,2022-10-04,VUS,2025-11-10,VUS
855336,2025-09-02,VUS,2025-09-02,VUS
855971,2020-05-11,VUS,2021-12-11,VUS
856017,2022-07-06,VUS,2022-07-06,VUS
856559,2025-11-27,VUS,2025-11-27,VUS
856630,2023-11-27,LB,2023-11-27,LB
856657,2019-12-23,VUS,2019-12-23,VUS
856658,2022-05-21,VUS,2024-04-10,VUS
856702,2022-03-31,VUS,2023-07-17,VUS
856823,2024-02-21,VUS,2026-03-16,VUS
857055,2019-04-09,VUS,2022-11-20,VUS
857727,2022-11-15,P,2022-11-15,P
858237,2019-12-27,VUS,2019-12-27,VUS
858428,2019-04-09,LP,2019-04-09,LP
858478,2022-10-05,VUS,2024-03-06,VUS
858507,2023-03-13,VUS,2023-03-13,VUS
858637,2022-01-04,VUS,2023-09-21,VUS
858904,2021-07-27,VUS,2024-09-29,VUS
858905,2019-12-24,VUS,2019-12-24,VUS
859526,2024-02-26,P,2024-02-26,P
859953,2021-12-02,VUS,2025-04-29,VUS
860002,2022-03-03,VUS,2023-04-24,VUS
860327,2019-11-28,VUS,2024-02-15,VUS
860457,2025-11-10,VUS,2025-11-10,VUS
860702,2024-02-17,LB,2024-02-17,LB
860982,2022-06-13,LP,2022-06-13,LP
861083,2019-06-02,VUS,2019-06-02,VUS
861221,2019-11-20,VUS,2019-11-20,VUS
861226,2021-08-30,P,2021-08-30,P
861428,2021-04-05,VUS,2021-04-05,VUS
861507,2019-01-13,VUS,2019-01-13,VUS
861847,2021-09-22,VUS,2022-10-13,VUS
861919,2022-10-20,VUS,2025-05-26,VUS
862200,2022-01-27,VUS,2025-05-01,VUS
862201,2021-06-17,VUS,2023-05-17,VUS
862287,2024-10-17,VUS,2025-07-16,VUS
862368,2019-12-30,VUS,2021-07-22,VUS
862369,2020-10-20,VUS,2022-09-09,VUS
862960,2022-03-10,VUS,2024-10-29,VUS
863507,2019-02-08,VUS,2019-02-08,VUS
863639,2019-04-07,VUS,2019-04-07,VUS
863737,2019-11-08,VUS,2019-11-08,VUS
863889,2019-03-11,VUS,2019-03-11,VUS
863927,2019-11-18,VUS,2025-02-22,VUS
864148,2022-01-09,VUS,2024-11-07,VUS
864190,2019-11-26,VUS,2022-08-30,VUS
864263,2024-04-06,VUS,2024-08-23,VUS
864802,2021-02-27,VUS,2023-02-16,VUS
870267,2020-01-07,P,2020-01-07,P
870374,2024-04-06,LP,2025-04-09,LP
870375,2025-04-09,LP,2025-04-09,LP
871229,2018-08-01,P,2018-08-01,P
871641,2017-08-01,P,2017-08-01,P
872042,2018-10-01,P,2025-10-03,P
872664,2019-08-01,P,2024-08-26,P
872708,2019-07-01,P,2022-09-02,P
872709,2019-07-01,VUS,2019-07-01,VUS
873033,2019-09-01,LP,2019-09-01,LP
873596,2018-01-13,VUS,2022-03-24,VUS
874437,2018-01-13,VUS,2018-01-13,VUS
874438,2018-01-13,VUS,2018-01-13,VUS
874439,2018-01-12,VUS,2018-01-12,VUS
874440,2018-01-13,VUS,2018-01-13,VUS
874441,2018-01-12,VUS,2018-01-12,VUS
874442,2018-01-12,VUS,2018-01-12,VUS
874443,2018-01-13,VUS,2018-01-13,VUS
874444,2018-01-15,VUS,2018-01-15,VUS
874487,2018-01-13,VUS,2018-01-13,VUS
874488,2018-01-12,VUS,2018-01-12,VUS
874489,2018-01-12,VUS,2018-01-12,VUS
874490,2018-01-12,VUS,2018-01-12,VUS
874542,2018-01-13,VUS,2018-01-13,VUS
874543,2018-01-13,VUS,2018-01-13,VUS
874544,2018-01-12,VUS,2018-01-12,VUS
875352,2018-01-13,VUS,2018-01-13,VUS
875412,2018-01-13,VUS,2018-01-13,VUS
875413,2017-04-27,B,2017-04-27,B
875414,2018-01-12,VUS,2018-01-12,VUS
875415,2018-01-13,VUS,2018-01-13,VUS
875416,2018-01-12,VUS,2018-01-12,VUS
875465,2018-02-02,VUS,2023-08-04,VUS
875467,2018-01-13,VUS,2018-01-13,VUS
875468,2018-01-13,VUS,2025-08-02,VUS
876441,2018-01-13,VUS,2018-01-13,VUS
876442,2018-01-12,VUS,2018-01-12,VUS
876443,2018-01-12,VUS,2018-01-12,VUS
876444,2018-01-13,VUS,2018-01-13,VUS
876486,2018-01-13,VUS,2018-01-13,VUS
877104,2018-01-12,VUS,2018-01-12,VUS
877106,2017-04-27,VUS,2017-04-27,VUS
877123,2018-01-13,VUS,2018-01-13,VUS
877171,2018-01-13,VUS,2018-01-13,VUS
877172,2018-01-12,VUS,2018-01-12,VUS
877228,2018-01-12,VUS,2018-01-12,VUS
877259,2017-04-27,VUS,2024-01-18,VUS
877262,2018-01-15,VUS,2018-01-15,VUS
877263,2018-01-13,VUS,2025-10-23,VUS
877315,2017-04-27,B,2017-04-27,B
878139,2018-01-13,VUS,2025-01-13,VUS
878140,2018-01-12,VUS,2024-11-07,VUS
878142,2018-01-13,VUS,2018-01-13,VUS
878143,2018-01-13,VUS,2018-01-13,VUS
878155,2018-01-13,VUS,2018-01-13,VUS
878156,2018-01-13,VUS,2022-07-14,VUS
878157,2018-01-12,VUS,2018-01-12,VUS
878208,2018-01-13,VUS,2018-01-13,VUS
878209,2018-01-12,VUS,2018-01-12,VUS
878210,2018-01-12,LB,2018-01-12,LB
878230,2018-02-02,VUS,2018-02-02,VUS
878232,2017-04-28,VUS,2024-02-26,VUS
878233,2017-04-27,VUS,2024-03-06,VUS
878305,2017-04-28,VUS,2017-04-28,VUS
878343,2018-01-12,VUS,2018-01-12,VUS
878344,2018-01-22,VUS,2018-01-22,VUS
878889,2017-04-27,VUS,2022-04-20,VUS
878890,2017-08-28,VUS,2017-08-28,VUS
879566,2018-01-13,VUS,2018-01-13,VUS
879567,2018-01-12,VUS,2018-01-12,VUS
879568,2018-01-13,LB,2018-01-13,LB
879569,2018-01-12,VUS,2018-01-12,VUS
879602,2017-04-27,VUS,2024-09-03,VUS
879617,2018-01-13,VUS,2025-01-27,VUS
879656,2018-01-13,VUS,2018-01-13,VUS
879657,2018-01-13,VUS,2018-01-13,VUS
879658,2018-02-02,VUS,2018-02-02,VUS
879659,2018-03-23,VUS,2018-03-23,VUS
879685,2017-04-27,VUS,2024-06-11,VUS
879686,2018-01-13,VUS,2024-05-06,VUS
879961,2017-04-27,VUS,2017-04-27,VUS
879963,2018-01-12,VUS,2018-01-12,VUS
879964,2018-01-13,VUS,2018-01-13,VUS
879977,2018-01-13,VUS,2018-01-13,VUS
880024,2018-01-13,VUS,2018-01-13,VUS
880025,2017-04-27,VUS,2017-04-27,VUS
880026,2018-01-12,VUS,2018-01-12,VUS
880027,2018-01-12,VUS,2018-01-12,VUS
880048,2018-01-13,VUS,2018-01-13,VUS
880049,2017-04-28,B,2025-12-30,B
880050,2017-04-27,VUS,2024-05-03,VUS
880051,2017-08-21,VUS,2024-03-20,VUS
880113,2017-04-27,VUS,2017-04-27,VUS
880114,2018-01-12,VUS,2018-01-12,VUS
880115,2018-01-12,VUS,2018-01-12,VUS
880825,2018-01-12,VUS,2018-01-12,VUS
880826,2018-01-12,VUS,2018-01-12,VUS
880827,2018-01-13,VUS,2018-01-13,VUS
880828,2018-01-13,VUS,2018-01-13,VUS
880829,2018-01-13,VUS,2018-01-13,VUS
880886,2018-01-13,VUS,2018-01-13,VUS
880887,2017-04-28,B,2017-04-28,B
880888,2018-03-16,VUS,2018-03-16,VUS
880947,2018-01-13,VUS,2018-01-13,VUS
880995,2018-01-12,VUS,2024-05-01,VUS
880996,2018-01-13,VUS,2025-01-27,VUS
880997,2017-04-27,VUS,2017-04-27,VUS
880998,2018-01-12,VUS,2021-11-30,VUS
880999,2018-01-13,VUS,2022-04-28,VUS
882216,2018-01-12,VUS,2018-01-12,VUS
882217,2018-01-12,VUS,2018-01-12,VUS
882218,2018-01-12,VUS,2018-01-12,VUS
882259,2018-01-13,LB,2018-01-13,LB
882260,2018-01-13,LB,2018-01-13,LB
882261,2018-01-13,VUS,2018-01-13,VUS
882308,2018-01-13,VUS,2018-01-13,VUS
882309,2018-01-12,VUS,2018-01-12,VUS
882355,2017-04-27,B,2026-02-04,B
882357,2018-01-13,VUS,2025-06-12,VUS
882463,2018-01-13,VUS,2018-01-13,VUS
882464,2018-01-12,VUS,2018-01-12,VUS
882522,2018-01-13,VUS,2018-01-13,VUS
882523,2018-01-12,VUS,2018-01-12,VUS
882524,2018-01-13,VUS,2018-01-13,VUS
882525,2018-01-12,VUS,2018-01-12,VUS
882526,2018-01-13,LB,2018-01-13,LB
882575,2017-04-27,VUS,2024-03-08,VUS
882627,2017-04-27,VUS,2017-04-27,VUS
882628,2017-04-27,VUS,2017-04-27,VUS
882629,2018-01-13,VUS,2018-01-13,VUS
882630,2018-01-12,VUS,2018-01-12,VUS
883309,2017-04-27,VUS,2017-04-27,VUS
883402,2018-01-13,VUS,2018-01-13,VUS
884171,2017-04-28,VUS,2017-04-28,VUS
884313,2018-01-12,VUS,2024-10-29,VUS
884369,2018-01-13,VUS,2024-05-13,VUS
884370,2018-01-13,VUS,2025-05-01,VUS
884434,2018-01-12,VUS,2018-01-12,VUS
884435,2018-01-12,VUS,2018-01-12,VUS
884436,2018-01-12,VUS,2018-01-12,VUS
884437,2018-01-12,VUS,2018-01-12,VUS
884438,2018-01-13,LB,2018-01-13,LB
884720,2018-01-13,VUS,2018-01-13,VUS
884785,2018-01-12,VUS,2018-01-13,VUS
885366,2017-04-27,VUS,2017-04-27,VUS
886273,2018-01-12,LB,2018-01-12,LB
886336,2018-01-13,VUS,2018-01-13,VUS
886394,2018-01-12,VUS,2018-01-12,VUS
886395,2018-01-15,VUS,2018-01-15,VUS
886625,2018-01-13,VUS,2018-01-13,VUS
887269,2017-04-27,VUS,2024-06-17,VUS
887330,2018-01-12,VUS,2018-01-12,VUS
887331,2018-01-13,VUS,2018-01-13,VUS
887395,2018-01-13,VUS,2021-07-19,VUS
887396,2018-01-12,VUS,2018-01-12,VUS
887519,2018-01-12,VUS,2018-01-12,VUS
887520,2018-01-12,VUS,2024-07-01,VUS
887521,2018-01-13,VUS,2018-01-13,VUS
887522,2018-01-13,VUS,2018-01-13,VUS
887523,2018-01-12,VUS,2022-03-09,VUS
887582,2018-01-12,VUS,2018-01-12,VUS
887873,2018-01-13,VUS,2018-01-13,VUS
888523,2018-01-12,VUS,2018-01-12,VUS
888525,2017-09-06,VUS,2022-07-19,VUS
888527,2018-01-13,VUS,2024-04-09,VUS
888575,2018-01-13,VUS,2025-06-03,VUS
889077,2018-01-13,VUS,2018-01-13,VUS
889211,2018-01-13,VUS,2018-01-13,VUS
889212,2018-01-13,VUS,2018-01-13,VUS
889271,2018-01-13,VUS,2018-01-13,VUS
889517,2018-01-13,VUS,2018-01-13,VUS
889580,2017-04-27,VUS,2024-03-22,VUS
889687,2018-01-12,VUS,2018-01-12,VUS
889688,2018-01-13,VUS,2023-11-13,VUS
889751,2018-01-12,VUS,2021-12-02,VUS
889776,2018-01-13,VUS,2018-01-13,VUS
889828,2017-04-27,VUS,2017-04-27,VUS
889829,2018-01-13,VUS,2018-01-13,VUS
889892,2018-03-23,VUS,2018-03-23,VUS
889893,2018-01-12,VUS,2018-01-12,VUS
890132,2018-01-12,VUS,2018-01-12,VUS
890133,2018-01-13,VUS,2024-06-03,VUS
890177,2018-01-15,VUS,2018-01-15,VUS
890275,2018-01-13,VUS,2018-01-13,VUS
890276,2017-04-27,VUS,2017-04-27,VUS
890328,2018-01-13,VUS,2018-01-13,VUS
890658,2017-04-28,VUS,2017-04-28,VUS
891245,2018-01-12,VUS,2018-01-12,VUS
891246,2018-01-13,VUS,2018-01-13,VUS
891247,2018-01-12,VUS,2025-02-06,VUS
891314,2018-01-12,VUS,2018-01-12,VUS
891378,2018-01-13,VUS,2018-01-13,VUS
891437,2018-01-13,VUS,2018-01-13,VUS
891438,2018-01-13,VUS,2018-01-13,VUS
891439,2018-01-13,VUS,2018-01-13,VUS
891520,2018-01-12,VUS,2018-01-12,VUS
891521,2018-01-12,VUS,2021-07-28,VUS
891577,2018-02-02,VUS,2018-02-02,VUS
891629,2018-01-12,VUS,2018-01-12,VUS
891697,2018-01-13,VUS,2018-01-13,VUS
892457,2018-01-12,VUS,2018-01-12,VUS
892458,2018-01-12,VUS,2018-01-12,VUS
892491,2018-01-13,VUS,2018-01-13,VUS
892510,2018-01-12,VUS,2018-01-12,VUS
895123,2018-03-16,VUS,2018-03-16,VUS
895171,2017-04-27,LB,2017-04-27,LB
895244,2017-04-28,VUS,2017-04-28,VUS
895245,2018-01-13,VUS,2025-06-10,VUS
895309,2018-01-13,VUS,2018-01-13,VUS
895381,2017-04-28,VUS,2017-04-28,VUS
895404,2018-01-22,VUS,2018-01-22,VUS
895444,2018-01-12,VUS,2018-01-12,VUS
895445,2018-01-13,VUS,2018-01-13,VUS
895446,2018-01-13,VUS,2018-01-13,VUS
895447,2018-01-12,VUS,2018-01-12,VUS
895448,2018-01-12,VUS,2018-01-12,VUS
895449,2018-01-13,LB,2018-01-13,LB
895468,2018-01-12,LB,2021-09-10,LB
895510,2017-06-15,VUS,2017-06-15,VUS
895511,2018-01-12,VUS,2018-01-12,VUS
895512,2018-01-13,VUS,2022-01-18,VUS
895513,2018-01-12,VUS,2024-05-20,VUS
895537,2018-01-13,VUS,2018-01-13,VUS
895538,2017-04-27,VUS,2022-08-08,VUS
895539,2017-04-27,VUS,2017-04-27,VUS
895540,2018-01-13,VUS,2018-01-13,VUS
895585,2018-01-12,VUS,2018-01-12,VUS
895587,2017-04-27,VUS,2025-07-18,VUS
895588,2018-01-13,VUS,2024-04-29,VUS
895614,2018-01-13,B,2026-02-01,B
895651,2018-01-13,VUS,2024-05-22,VUS
895655,2018-01-12,VUS,2024-05-07,VUS
895656,2018-01-12,VUS,2018-01-12,VUS
895657,2018-01-12,VUS,2018-01-12,VUS
895658,2018-01-13,VUS,2025-09-02,VUS
895714,2017-04-28,VUS,2017-04-28,VUS
895716,2018-01-13,VUS,2018-01-13,VUS
895717,2018-01-12,VUS,2018-01-12,VUS
895722,2017-04-27,VUS,2022-05-29,VUS
895724,2017-04-27,VUS,2017-04-27,VUS
896001,2018-01-13,VUS,2018-01-13,VUS
896002,2017-04-28,VUS,2022-08-16,VUS
896003,2018-01-13,VUS,2018-01-13,VUS
896006,2018-01-13,VUS,2018-01-13,VUS
896007,2018-01-13,VUS,2022-02-16,VUS
896591,2018-01-13,VUS,2024-03-07,VUS
896663,2018-01-12,VUS,2024-01-24,VUS
896664,2018-01-13,VUS,2018-01-13,VUS
896674,2018-01-12,VUS,2018-01-12,VUS
896781,2018-01-13,VUS,2018-01-13,VUS
896782,2018-01-13,VUS,2018-01-13,VUS
896849,2018-01-12,VUS,2018-01-12,VUS
896850,2018-01-13,VUS,2018-01-13,VUS
896851,2018-01-12,VUS,2018-01-12,VUS
896852,2018-01-13,VUS,2018-01-13,VUS
896853,2018-01-12,LB,2018-01-12,LB
896854,2018-01-13,LB,2018-01-13,LB
896855,2018-01-13,VUS,2018-01-13,VUS
896868,2018-01-15,VUS,2018-01-15,VUS
896869,2018-01-13,VUS,2018-01-13,VUS
896870,2018-01-12,VUS,2018-01-12,VUS
896871,2018-01-12,VUS,2018-01-12,VUS
896872,2018-01-13,VUS,2018-01-13,VUS
896914,2018-01-12,VUS,2022-02-11,VUS
896915,2017-04-27,B,2025-11-06,B
896916,2018-01-13,VUS,2024-01-31,VUS
896940,2017-04-27,VUS,2024-03-08,VUS
896942,2018-01-13,VUS,2018-01-13,VUS
896943,2017-04-27,VUS,2025-05-04,VUS
896994,2018-01-12,VUS,2025-05-03,VUS
896995,2018-01-13,VUS,2018-01-13,VUS
896996,2018-01-12,VUS,2021-11-08,VUS
897001,2018-01-12,VUS,2018-01-12,VUS
897002,2018-01-12,VUS,2018-01-12,VUS
897019,2018-01-13,VUS,2024-01-30,VUS
897020,2018-01-12,VUS,2018-01-12,VUS
897061,2018-01-13,VUS,2024-01-13,VUS
897062,2018-01-13,VUS,2025-08-29,VUS
897063,2018-01-13,B,2026-01-18,B
897064,2018-01-13,B,2026-02-01,B
897065,2018-01-12,VUS,2022-02-21,VUS
897066,2018-01-13,VUS,2024-05-18,VUS
897067,2018-03-16,VUS,2018-03-16,VUS
897071,2018-01-12,VUS,2018-01-12,VUS
897072,2017-04-27,VUS,2017-04-27,VUS
897073,2018-01-13,VUS,2024-05-23,VUS
897123,2018-01-13,VUS,2018-01-13,VUS
897263,2018-01-13,VUS,2018-01-13,VUS
897264,2018-01-13,VUS,2018-01-13,VUS
897265,2018-01-13,VUS,2018-01-13,VUS
897266,2018-01-12,VUS,2018-01-12,VUS
897267,2017-04-27,VUS,2017-04-27,VUS
897346,2018-04-20,VUS,2018-04-20,VUS
897347,2018-01-13,VUS,2018-01-13,VUS
897348,2017-06-14,VUS,2024-01-27,VUS
897350,2018-01-12,VUS,2018-01-12,VUS
897370,2018-01-13,B,2018-01-13,B
897371,2018-01-12,VUS,2018-01-12,VUS
897372,2018-01-13,VUS,2018-01-13,VUS
897414,2017-06-27,VUS,2022-05-18,VUS
897415,2018-01-13,VUS,2018-01-13,VUS
897481,2018-01-12,VUS,2018-01-12,VUS
897483,2017-04-27,VUS,2024-03-04,VUS
897544,2017-04-28,VUS,2017-04-28,VUS
897547,2018-01-13,VUS,2018-01-13,VUS
897548,2018-01-12,VUS,2018-01-12,VUS
897549,2018-01-13,VUS,2018-01-13,VUS
897596,2018-01-13,VUS,2024-10-16,VUS
897597,2018-01-13,VUS,2025-08-12,VUS
897598,2018-04-06,VUS,2022-08-06,VUS
897599,2018-01-12,VUS,2018-01-12,VUS
897603,2018-01-12,VUS,2018-01-12,VUS
897604,2017-04-27,VUS,2017-04-27,VUS
898216,2017-04-27,VUS,2017-04-27,VUS
898218,2018-01-12,VUS,2025-12-11,VUS
898237,2017-04-28,VUS,2017-04-28,VUS
898285,2018-01-13,VUS,2018-01-13,VUS
898286,2018-01-12,VUS,2018-01-12,VUS
898287,2018-01-13,VUS,2018-01-13,VUS
898294,2018-01-13,VUS,2024-02-21,VUS
898295,2018-01-12,VUS,2025-04-09,VUS
898297,2017-04-27,VUS,2025-10-06,VUS
898437,2018-01-15,VUS,2018-01-15,VUS
898438,2018-01-13,VUS,2018-01-13,VUS
898503,2018-01-12,VUS,2024-04-11,VUS
898504,2018-01-13,VUS,2024-01-08,VUS
898528,2018-01-13,VUS,2018-01-13,VUS
898581,2018-01-12,VUS,2021-07-16,VUS
898583,2017-04-27,VUS,2022-05-16,VUS
898638,2018-01-22,VUS,2018-01-22,VUS
898639,2018-01-13,VUS,2022-09-29,VUS
898640,2018-01-12,VUS,2018-01-12,VUS
898655,2018-01-13,VUS,2018-01-13,VUS
898696,2018-01-12,VUS,2024-03-28,VUS
898700,2018-01-13,VUS,2018-01-13,VUS
898701,2018-01-12,VUS,2018-01-12,VUS
898702,2018-01-13,VUS,2018-01-13,VUS
898761,2018-01-13,VUS,2018-01-13,VUS
898762,2018-01-12,VUS,2018-01-12,VUS
899287,2018-01-12,VUS,2024-07-19,VUS
899352,2017-04-28,B,2025-04-22,B
899501,2018-01-13,VUS,2020-11-14,VUS
899502,2018-01-13,VUS,2018-01-13,VUS
899504,2018-03-02,VUS,2018-03-02,VUS
899505,2018-01-13,VUS,2024-05-15,VUS
899568,2018-01-13,B,2018-01-13,B
899569,2018-01-12,VUS,2018-01-12,VUS
899938,2018-01-13,VUS,2018-01-13,VUS
899982,2018-01-13,VUS,2022-04-20,VUS
900017,2018-01-13,VUS,2018-01-13,VUS
900089,2018-01-12,VUS,2018-01-12,VUS
900509,2018-03-23,VUS,2018-03-23,VUS
900562,2018-03-16,VUS,2018-03-16,VUS
900632,2018-01-13,LB,2018-01-13,LB
900633,2018-01-13,VUS,2018-01-13,VUS
900634,2018-01-13,VUS,2018-01-13,VUS
900709,2018-01-12,VUS,2018-01-12,VUS
900710,2018-03-02,VUS,2018-03-02,VUS
902114,2018-01-12,VUS,2018-01-12,VUS
902233,2018-01-12,VUS,2018-01-12,VUS
902248,2018-01-13,VUS,2018-01-13,VUS
902249,2018-01-12,LB,2018-01-12,LB
902250,2018-01-13,VUS,2021-11-27,VUS
902251,2018-01-13,VUS,2025-10-28,VUS
902315,2018-01-13,VUS,2018-01-13,VUS
902316,2018-01-13,VUS,2018-01-13,VUS
902317,2018-01-13,VUS,2018-01-13,VUS
902318,2018-01-13,VUS,2018-01-13,VUS
902387,2018-01-12,LB,2018-01-12,LB
902388,2017-04-28,VUS,2017-04-28,VUS
902389,2018-01-13,B,2018-01-13,B
902390,2018-01-12,VUS,2018-01-12,VUS
902391,2018-01-13,VUS,2018-01-13,VUS
902392,2018-01-13,LB,2018-01-13,LB
902393,2018-01-12,VUS,2018-01-12,VUS
903127,2018-01-15,VUS,2018-01-15,VUS
903584,2018-01-13,VUS,2018-01-13,VUS
904292,2018-01-12,VUS,2022-12-01,VUS
904364,2018-01-13,LB,2025-11-02,LB
904366,2018-01-12,VUS,2018-01-12,VUS
904531,2018-01-17,VUS,2018-01-17,VUS
904532,2017-06-07,B,2017-06-07,B
905095,2018-01-13,VUS,2018-01-13,VUS
905096,2018-01-13,LB,2018-01-13,LB
905163,2018-01-12,VUS,2018-01-12,VUS
905164,2018-01-12,VUS,2018-01-12,VUS
905165,2018-03-16,VUS,2018-03-16,VUS
906754,2018-01-13,VUS,2018-01-13,VUS
906755,2018-01-12,VUS,2018-01-12,VUS
906756,2018-01-12,B,2018-01-12,B
906757,2018-01-12,VUS,2018-01-12,VUS
906924,2017-04-27,VUS,2024-05-26,VUS
906925,2018-03-30,VUS,2021-08-06,VUS
906997,2018-01-12,VUS,2018-01-12,VUS
906998,2018-01-13,VUS,2018-01-13,VUS
906999,2018-01-13,VUS,2018-01-13,VUS
907704,2018-01-12,LB,2024-11-27,LB
907754,2018-01-12,VUS,2018-01-12,VUS
907755,2018-01-13,B,2018-01-13,B
907756,2017-04-28,VUS,2017-04-28,VUS
907837,2018-01-13,VUS,2018-01-13,VUS
907838,2018-01-13,VUS,2018-01-13,VUS
907839,2018-01-12,VUS,2018-01-12,VUS
908511,2018-01-12,VUS,2018-01-12,VUS
908601,2018-01-12,VUS,2018-01-12,VUS
908602,2018-01-13,VUS,2025-09-28,VUS
908603,2018-01-12,VUS,2024-04-19,VUS
908670,2018-01-13,VUS,2025-10-03,VUS
908730,2018-01-13,VUS,2018-01-13,VUS
908731,2018-01-15,VUS,2018-01-15,VUS
908732,2018-01-12,VUS,2018-01-12,VUS
909360,2018-01-13,VUS,2018-01-13,VUS
909361,2018-01-12,VUS,2018-01-12,VUS
909456,2018-01-13,VUS,2018-01-13,VUS
909458,2018-01-13,VUS,2022-07-26,VUS
909529,2018-01-13,VUS,2018-01-13,VUS
909530,2018-01-13,VUS,2018-01-13,VUS
909531,2018-01-13,VUS,2024-03-01,VUS
909532,2018-01-13,VUS,2024-12-23,VUS
909588,2018-01-13,B,2018-01-13,B
909589,2018-01-12,VUS,2018-01-12,VUS
910343,2018-01-12,VUS,2018-01-12,VUS
910400,2018-01-12,VUS,2018-01-12,VUS
910401,2018-01-12,VUS,2024-01-30,VUS
910458,2018-02-16,VUS,2018-02-16,VUS
911284,2018-01-13,VUS,2018-01-13,VUS
911285,2018-01-13,VUS,2018-01-13,VUS
911479,2018-01-13,VUS,2018-01-13,VUS
911480,2018-01-13,VUS,2021-09-03,VUS
911482,2018-01-12,VUS,2025-09-24,VUS
911554,2018-01-13,VUS,2018-01-13,VUS
911555,2018-01-13,VUS,2018-01-13,VUS
911619,2017-04-27,VUS,2024-06-04,VUS
911620,2018-01-13,VUS,2025-06-07,VUS
911682,2018-01-12,B,2026-02-04,B
911683,2018-01-15,VUS,2018-01-15,VUS
911685,2018-01-13,VUS,2018-01-13,VUS
911686,2018-01-13,VUS,2024-05-21,VUS
912557,2018-01-13,VUS,2018-01-13,VUS
912558,2017-04-27,VUS,2017-04-27,VUS
912880,2018-01-12,VUS,2024-04-29,VUS
912881,2018-01-13,VUS,2018-01-13,VUS
912882,2018-01-13,VUS,2018-01-13,VUS
912928,2018-01-13,VUS,2018-01-13,VUS
912974,2017-04-27,B,2025-07-20,B
912976,2018-01-12,VUS,2018-01-12,VUS
912977,2018-01-13,VUS,2018-01-13,VUS
912978,2018-01-13,VUS,2018-01-13,VUS
912979,2018-01-12,VUS,2018-01-12,VUS
913211,2018-01-13,VUS,2018-01-13,VUS
913212,2018-01-13,B,2026-01-22,B
913261,2018-01-13,VUS,2018-01-13,VUS
913262,2018-01-13,VUS,2018-01-13,VUS
913263,2018-01-13,VUS,2018-01-13,VUS
913299,2018-01-12,VUS,2018-01-12,VUS
913300,2018-01-13,VUS,2018-01-13,VUS
913344,2018-01-12,VUS,2018-01-12,VUS
913345,2018-01-12,VUS,2018-01-12,VUS
913617,2018-01-13,VUS,2024-01-02,VUS
913618,2018-01-12,VUS,2024-11-01,VUS
913661,2018-01-13,VUS,2024-04-03,VUS
913662,2018-01-12,VUS,2018-01-12,VUS
914013,2018-01-13,VUS,2018-01-13,VUS
914014,2018-01-13,VUS,2018-01-13,VUS
914015,2018-01-13,VUS,2025-11-10,VUS
914057,2018-01-12,VUS,2018-01-12,VUS
914376,2018-01-13,VUS,2018-01-13,VUS
914377,2018-01-12,VUS,2018-01-12,VUS
914414,2018-01-13,VUS,2018-01-13,VUS
914415,2018-01-12,VUS,2018-01-12,VUS
914466,2018-02-16,VUS,2018-02-16,VUS
914467,2018-01-13,VUS,2018-01-13,VUS
914468,2018-01-13,VUS,2018-01-13,VUS
914469,2018-01-13,B,2018-01-13,B
914874,2018-01-13,VUS,2018-01-13,VUS
914875,2018-01-12,VUS,2018-01-12,VUS
914876,2017-04-27,VUS,2017-04-27,VUS
914929,2018-01-13,VUS,2018-01-13,VUS
914930,2018-01-12,VUS,2018-01-12,VUS
914931,2018-01-15,VUS,2018-01-15,VUS
914932,2018-01-13,VUS,2018-01-13,VUS
915248,2018-01-12,VUS,2024-02-14,VUS
915249,2018-01-13,VUS,2024-01-31,VUS
915960,2020-04-16,P,2020-04-16,P
915980,2020-04-16,P,2020-04-16,P
916135,2019-10-07,LP,2019-10-07,LP
916550,2021-06-22,P,2021-06-22,P
917409,2018-01-19,VUS,2025-08-21,VUS
917410,2017-10-13,VUS,2017-10-13,VUS
929317,2019-08-27,VUS,2019-08-27,VUS
929330,2019-04-26,VUS,2019-04-26,VUS
929352,2019-12-06,VUS,2019-12-06,VUS
929396,2019-10-29,P,2019-10-29,P
929402,2019-11-22,VUS,2019-11-22,VUS
929828,2019-08-30,VUS,2019-08-30,VUS
930005,2019-03-02,VUS,2019-04-25,VUS
930232,2020-03-29,VUS,2020-03-29,VUS
930785,2019-09-17,VUS,2019-09-17,VUS
930786,2019-09-17,P,2024-04-01,P
930884,2018-10-12,VUS,2018-10-12,VUS
930899,2018-10-15,VUS,2018-10-15,VUS
930947,2018-11-08,B,2026-01-23,B
931741,2019-09-06,VUS,2025-01-03,VUS
932013,2016-01-01,LP,2016-01-01,LP
932126,2019-09-11,VUS,2022-06-14,VUS
932496,2021-08-18,LB,2026-01-12,LB
932640,2020-04-01,P,2020-04-01,P
932946,2025-12-06,P,2025-12-06,P
932948,2024-05-29,P,2024-05-29,P
933257,2025-07-27,VUS,2025-07-27,VUS
933266,2024-05-03,VUS,2025-05-11,VUS
933541,2023-08-17,VUS,2023-08-17,VUS
933716,2022-07-19,VUS,2022-07-19,VUS
933855,2024-05-17,VUS,2024-11-04,VUS
933870,2024-09-04,P,2024-09-04,P
934259,2019-06-12,VUS,2019-06-12,VUS
934358,2021-08-20,VUS,2021-08-20,VUS
934420,2019-10-21,VUS,2022-05-25,VUS
934434,2022-11-15,VUS,2022-11-15,VUS
934785,2019-05-29,VUS,2019-05-29,VUS
934977,2019-09-20,VUS,2019-09-20,VUS
935088,2024-10-05,VUS,2024-10-05,VUS
935089,2019-09-27,VUS,2025-08-31,VUS
935618,2021-08-28,VUS,2024-05-17,VUS
935650,2023-07-29,VUS,2025-04-13,VUS
935746,2019-06-03,VUS,2023-01-23,VUS
935768,2019-06-28,P,2025-07-11,P
935976,2021-02-04,VUS,2023-12-29,VUS
936069,2021-09-29,P,2021-09-29,P
936439,2021-09-01,VUS,2021-09-01,VUS
936493,2020-08-21,VUS,2020-08-21,VUS
936676,2022-04-18,VUS,2022-09-27,VUS
936745,2022-02-03,P,2022-02-03,P
936923,2019-05-15,VUS,2019-05-15,VUS
937083,2022-06-30,VUS,2024-02-24,VUS
937394,2025-04-02,VUS,2025-04-02,VUS
937846,2022-11-25,VUS,2024-07-06,VUS
938067,2023-11-03,VUS,2024-07-01,VUS
938722,2019-07-08,VUS,2022-03-22,VUS
938760,2019-06-15,VUS,2019-06-15,VUS
939485,2023-09-08,VUS,2023-09-08,VUS
940166,2019-09-09,VUS,2019-09-09,VUS
940197,2021-09-30,VUS,2024-01-03,VUS
940349,2019-08-12,VUS,2019-08-12,VUS
940617,2021-04-22,VUS,2023-10-04,VUS
940658,2022-11-03,VUS,2025-11-03,VUS
940712,2019-09-27,VUS,2019-09-27,VUS
940805,2019-06-23,VUS,2020-07-27,VUS
941127,2021-09-29,P,2021-09-29,P
941280,2024-08-05,LB,2024-08-05,LB
941422,2019-09-08,VUS,2025-11-17,VUS
941516,2019-07-12,VUS,2019-07-12,VUS
941666,2022-01-26,VUS,2024-04-05,VUS
942108,2023-03-02,VUS,2023-03-02,VUS
942321,2021-07-15,VUS,2024-08-02,VUS
942678,2022-04-26,VUS,2024-01-18,VUS
942972,2023-06-21,VUS,2025-02-01,VUS
942980,2019-08-15,VUS,2021-08-02,VUS
943142,2019-06-27,VUS,2019-06-27,VUS
943188,2022-05-31,VUS,2022-05-31,VUS
943548,2021-08-10,VUS,2025-02-18,VUS
943560,2022-03-15,VUS,2022-03-15,VUS
943631,2019-09-14,VUS,2021-07-20,VUS
943723,2025-04-23,VUS,2025-04-23,VUS
943869,2021-03-10,VUS,2022-03-21,VUS
944174,2022-07-12,VUS,2022-07-12,VUS
944226,2019-08-14,VUS,2019-08-14,VUS
944287,2019-07-15,P,2019-07-15,P
944289,2021-08-27,VUS,2022-03-22,VUS
944902,2022-07-06,VUS,2022-07-06,VUS
944926,2022-08-19,VUS,2025-08-04,VUS
945014,2024-01-10,P,2024-01-10,P
945017,2022-02-08,VUS,2024-01-31,VUS
945096,2019-05-01,VUS,2019-05-01,VUS
945553,2019-07-15,VUS,2024-04-21,VUS
945716,2022-08-16,VUS,2022-08-16,VUS
945722,2025-07-14,VUS,2025-07-14,VUS
945849,2025-06-19,P,2025-06-19,P
946068,2019-07-23,VUS,2023-07-05,VUS
946116,2019-05-29,VUS,2019-05-29,VUS
946506,2019-06-07,VUS,2019-06-07,VUS
946792,2023-07-08,VUS,2023-07-08,VUS
947001,2024-02-24,LB,2024-03-21,LB
947163,2019-06-06,VUS,2019-06-06,VUS
947205,2022-04-13,VUS,2024-10-06,VUS
947211,2019-06-10,VUS,2021-08-30,VUS
947493,2021-08-31,VUS,2021-08-31,VUS
947865,2025-03-27,VUS,2025-08-23,VUS
947875,2019-07-02,VUS,2019-07-02,VUS
948150,2021-10-19,VUS,2025-12-30,VUS
948330,2019-08-06,VUS,2019-08-06,VUS
948333,2021-10-01,VUS,2021-10-01,VUS
948647,2019-07-13,P,2019-07-13,P
948828,2025-01-06,VUS,2025-01-06,VUS
948876,2020-08-26,VUS,2022-11-11,VUS
949053,2022-05-24,VUS,2024-02-20,VUS
949061,2022-08-05,VUS,2024-09-27,VUS
949642,2020-11-25,VUS,2024-09-25,VUS
950001,2019-08-14,VUS,2019-08-14,VUS
950224,2019-07-12,VUS,2021-12-14,VUS
950226,2019-07-12,VUS,2024-06-07,VUS
950326,2021-04-03,P,2021-04-03,P
950396,2021-09-27,VUS,2022-10-13,VUS
950490,2022-08-23,VUS,2022-08-23,VUS
950657,2019-09-23,VUS,2019-09-23,VUS
950661,2022-12-21,VUS,2023-03-14,VUS
950698,2022-07-24,VUS,2024-04-23,VUS
950757,2020-08-05,VUS,2021-09-01,VUS
950817,2019-06-27,VUS,2019-06-27,VUS
951047,2021-12-30,VUS,2023-10-13,VUS
951373,2019-10-27,VUS,2023-07-01,VUS
951378,2019-08-19,VUS,2022-12-01,VUS
952096,2019-08-18,VUS,2019-08-18,VUS
952192,2019-05-30,VUS,2019-05-30,VUS
952765,2019-06-16,VUS,2019-06-16,VUS
952876,2022-06-03,VUS,2023-03-21,VUS
952942,2023-08-31,P,2025-10-03,P
953675,2021-11-01,VUS,2025-10-03,VUS
953840,2024-02-23,VUS,2024-04-05,VUS
953927,2021-07-01,VUS,2024-10-24,VUS
953951,2023-06-04,P,2024-12-16,P
954419,2019-10-02,VUS,2019-10-02,VUS
954486,2019-09-24,VUS,2021-12-03,VUS
954700,2020-03-23,VUS,2020-12-13,VUS
954724,2019-07-09,VUS,2019-07-09,VUS
955178,2022-07-13,VUS,2022-07-13,VUS
955233,2019-11-14,VUS,2025-02-23,VUS
955341,2022-02-08,LP,2026-05-21,LP
955468,2019-11-16,LP,2019-11-16,LP
955469,2019-11-16,P,2019-11-16,P
955514,2021-09-01,VUS,2021-09-01,VUS
955736,2019-10-25,VUS,2025-04-01,VUS
955843,2024-05-22,VUS,2024-11-11,VUS
956152,2021-10-29,VUS,2024-04-15,VUS
956341,2021-01-22,VUS,2021-01-22,VUS
956385,2021-09-10,VUS,2023-02-28,VUS
956899,2021-07-22,VUS,2021-07-22,VUS
956927,2019-08-13,VUS,2022-01-28,VUS
956956,2019-09-21,LP,2019-09-21,LP
957227,2022-07-14,VUS,2024-01-06,VUS
957463,2021-08-27,VUS,2022-03-21,VUS
957465,2019-09-24,VUS,2019-09-24,VUS
957488,2021-08-25,VUS,2021-08-25,VUS
957713,2020-10-12,VUS,2021-11-13,VUS
958296,2024-06-03,VUS,2025-10-26,VUS
958323,2021-09-01,VUS,2021-09-01,VUS
959736,2023-12-27,VUS,2025-12-08,VUS
959799,2019-07-25,VUS,2019-07-25,VUS
959800,2019-07-25,VUS,2024-06-10,VUS
960205,2022-10-19,VUS,2022-10-19,VUS
960238,2023-10-03,P,2023-10-03,P
960300,2021-10-19,VUS,2025-11-15,VUS
960432,2020-06-24,VUS,2020-06-24,VUS
960544,2024-03-06,VUS,2024-03-06,VUS
960591,2019-11-01,VUS,2024-07-11,VUS
960670,2021-08-09,VUS,2024-05-13,VUS
961671,2021-09-01,VUS,2024-03-28,VUS
961728,1999-09-01,P,2024-06-23,P
961739,2021-08-28,VUS,2021-08-28,VUS
961747,2021-02-05,VUS,2022-10-24,VUS
961748,2021-08-28,VUS,2024-01-20,VUS
962038,2022-07-30,VUS,2025-10-15,VUS
962187,2020-09-10,VUS,2022-03-07,VUS
962188,2022-07-07,VUS,2024-05-22,VUS
962290,2019-07-30,VUS,2022-03-30,VUS
962317,2023-08-14,VUS,2025-02-05,VUS
962759,2019-07-25,VUS,2019-07-25,VUS
963038,2021-03-14,VUS,2021-03-14,VUS
963235,2022-08-22,VUS,2022-08-22,VUS
963952,2023-05-11,VUS,2025-11-10,VUS
964399,2019-10-28,VUS,2019-10-28,VUS
964460,2019-09-16,VUS,2019-09-16,VUS
964604,2022-05-06,VUS,2022-05-06,VUS
964845,2021-08-20,VUS,2023-11-27,VUS
965079,2021-09-01,VUS,2022-05-04,VUS
965158,2024-11-05,VUS,2024-11-05,VUS
965187,2019-10-31,VUS,2019-10-31,VUS
965879,2021-12-21,VUS,2026-01-05,VUS
965937,2021-08-31,VUS,2021-08-31,VUS
966396,2019-11-22,P,2025-05-13,P
966823,2021-08-27,VUS,2021-08-27,VUS
966948,2020-03-11,VUS,2021-10-31,VUS
967342,2024-02-24,VUS,2024-02-24,VUS
967466,2024-04-10,VUS,2025-06-03,VUS
967599,2022-03-19,LB,2023-06-17,LB
968191,2019-10-23,VUS,2019-10-23,VUS
968283,2020-03-18,VUS,2024-12-16,VUS
968475,2019-10-31,VUS,2022-02-07,VUS
969010,2021-08-24,VUS,2021-08-24,VUS
969030,2021-08-02,VUS,2023-04-01,VUS
969232,2019-11-14,VUS,2024-11-13,VUS
969647,2021-09-16,VUS,2025-01-22,VUS
969787,2019-09-18,VUS,2023-10-13,VUS
969928,2022-08-23,VUS,2024-11-19,VUS
970222,2019-10-25,VUS,2019-10-25,VUS
970577,2024-12-15,VUS,2024-12-15,VUS
970654,2019-11-13,VUS,2019-11-13,VUS
971299,2019-11-13,VUS,2019-11-13,VUS
971434,2022-05-25,VUS,2022-05-25,VUS
971629,2021-08-28,VUS,2022-03-09,VUS
971637,2020-02-07,VUS,2024-11-24,VUS
972259,2021-11-25,VUS,2022-04-01,VUS
972498,2023-03-23,VUS,2025-08-31,VUS
972784,2020-01-22,VUS,2024-05-09,VUS
972785,2020-01-22,VUS,2023-12-25,VUS
973192,2020-07-02,LP,2020-07-02,LP
973759,2023-06-22,LP,2026-02-01,LP
973873,2020-03-13,P,2020-03-13,P
974420,2020-02-01,LP,2025-10-14,LP
974422,2020-02-01,LP,2020-02-01,LP
974551,2020-02-01,P,2020-02-01,P
975058,2018-10-25,P,2018-10-25,P
975076,2018-11-27,P,2023-12-26,P
975088,2019-03-19,P,2021-04-09,P
975095,2022-06-24,P,2022-06-24,P
975831,2020-07-03,P,2020-07-03,P
975851,2018-10-24,P,2024-09-04,P
975927,2017-09-27,VUS,2017-09-27,VUS
975995,2019-06-18,VUS,2023-04-27,VUS
976286,2019-06-06,VUS,2022-03-10,VUS
976515,2021-11-04,LB,2025-11-25,LB
976545,2025-11-17,LB,2025-11-17,LB
976577,2018-01-13,VUS,2018-01-13,VUS
976578,2018-01-13,VUS,2018-01-13,VUS
976579,2018-01-13,VUS,2018-01-13,VUS
976616,2018-01-12,VUS,2018-01-12,VUS
977293,2020-08-28,P,2023-03-20,P
977450,2022-01-07,VUS,2024-05-23,VUS
978027,2020-08-04,P,2020-08-04,P
978420,2020-01-30,VUS,2020-01-30,VUS
978421,2019-08-01,LP,2019-08-01,LP
978422,2019-06-03,VUS,2019-06-03,VUS
979302,2020-01-24,LP,2020-01-24,LP
979328,2020-04-09,P,2020-04-09,P
979329,2022-05-30,P,2022-05-30,P
979330,2019-11-16,VUS,2019-11-16,VUS
979357,2019-10-11,VUS,2019-10-11,VUS
979450,2020-02-01,VUS,2020-02-01,VUS
979487,2020-01-13,VUS,2020-01-13,VUS
979536,2020-04-02,P,2020-04-02,P
979537,2019-09-27,P,2019-09-27,P
979733,2019-09-21,P,2019-09-21,P
979777,2023-09-14,P,2023-09-14,P
979778,2019-07-30,P,2019-07-30,P
979836,2019-11-06,P,2019-11-06,P
980319,2019-11-04,P,2019-11-04,P
980328,2019-11-26,VUS,2019-11-26,VUS
980343,2019-11-20,LP,2019-11-20,LP
980360,2019-12-30,VUS,2019-12-30,VUS
980392,2025-05-30,P,2025-05-30,P
980671,2019-10-21,VUS,2019-10-21,VUS
980727,2019-12-23,VUS,2019-12-23,VUS
980870,2020-01-08,VUS,2020-01-08,VUS
982580,2019-01-01,VUS,2024-06-26,VUS
982581,2019-01-01,VUS,2019-01-01,VUS
982696,2020-08-27,LP,2020-08-27,LP
982703,2019-01-01,VUS,2019-01-01,VUS
982868,2019-01-01,VUS,2024-02-25,VUS
983144,2019-01-01,VUS,2019-01-01,VUS
983156,2020-09-03,P,2020-09-03,P
983184,2020-05-28,P,2020-05-28,P
983193,2020-09-03,P,2020-09-03,P
983516,2020-10-22,VUS,2020-10-22,VUS
983727,2019-05-31,LP,2019-05-31,LP
983728,2019-12-16,LP,2019-12-16,LP
983729,2019-10-18,LP,2019-10-18,LP
983730,2019-12-22,LP,2019-12-22,LP
983731,2020-02-02,LP,2020-02-02,LP
984352,2019-12-22,LP,2019-12-22,LP
984353,2019-09-13,LP,2019-09-13,LP
984354,2019-09-26,LP,2019-09-26,LP
984398,2020-09-30,LP,2025-07-25,LP
984525,2020-10-23,LB,2020-10-23,LB
985500,2020-07-16,P,2025-02-26,P
985582,2019-02-26,LP,2019-02-26,LP
986103,2018-06-12,VUS,2018-06-12,VUS
986753,2020-10-04,P,2020-10-04,P
987050,2020-10-23,LP,2020-10-23,LP
987115,2020-10-23,P,2020-10-23,P
987269,2020-10-23,LP,2020-10-23,LP
987818,2020-11-10,P,2024-12-02,P
987819,2020-11-10,VUS,2021-07-07,VUS
987830,2020-11-18,VUS,2024-08-01,VUS
988021,2020-09-01,P,2020-09-01,P
988022,2020-09-01,P,2020-09-01,P
988023,2020-09-01,P,2020-09-01,P
988024,2020-09-01,P,2020-09-01,P
988026,2020-09-01,P,2020-09-01,P
988027,2020-09-01,P,2020-09-01,P
988028,2020-09-01,P,2024-05-14,P
988029,2020-09-01,P,2020-09-01,P
988030,2020-09-01,P,2020-09-01,P
988031,2020-09-01,P,2020-09-01,P
988032,2020-09-01,LP,2020-09-01,LP
988035,2020-09-01,P,2020-09-01,P
988036,2020-09-01,LP,2020-09-01,LP
988037,2020-09-01,P,2020-09-01,P
988038,2020-09-01,P,2020-09-01,P
988040,2020-09-01,P,2020-09-01,P
988041,2020-09-01,P,2020-09-01,P
988042,2020-09-01,P,2020-09-01,P
988043,2020-09-01,P,2020-09-01,P
988045,2020-09-01,P,2024-03-11,P
988047,2020-09-01,P,2020-09-01,P
988049,2020-09-01,P,2021-07-07,P
988050,2020-09-01,P,2020-09-01,P
988052,2020-09-01,P,2025-12-29,P
988053,2020-09-01,P,2025-10-03,P
988054,2020-09-01,P,2020-09-01,P
988057,2020-09-01,P,2020-09-01,P
988058,2020-09-01,P,2020-09-01,P
988059,2020-09-01,P,2020-09-01,P
988060,2020-09-01,P,2020-09-01,P
988061,2020-09-01,P,2020-09-01,P
988062,2020-09-01,P,2020-09-01,P
988063,2020-09-01,LP,2020-09-01,LP
988064,2020-09-01,P,2020-09-01,P
988066,2020-09-01,P,2020-09-01,P
988067,2020-09-01,P,2020-09-01,P
988068,2020-09-01,P,2025-10-03,P
988070,2020-09-01,P,2020-09-01,P
988071,2020-09-01,LP,2020-09-01,LP
988127,2018-11-15,VUS,2018-11-15,VUS
988128,2018-05-29,VUS,2018-05-29,VUS
988129,2018-05-29,VUS,2018-05-29,VUS
988168,2018-01-19,LP,2018-01-19,LP
988206,2018-03-08,VUS,2023-08-30,VUS
988235,2018-11-16,VUS,2024-02-28,VUS
988236,2019-11-19,VUS,2019-11-19,VUS
988248,2018-10-24,P,2018-10-24,P
988249,2019-05-28,LP,2025-02-17,LP
988250,2018-06-07,LP,2022-01-19,LP
988251,2018-11-16,LP,2018-11-16,LP
988597,2020-06-26,VUS,2020-06-26,VUS
989901,2020-04-11,VUS,2024-02-27,VUS
989902,2020-04-11,VUS,2020-04-11,VUS
990340,2020-04-11,VUS,2020-04-11,VUS
990640,2020-08-14,VUS,2020-08-14,VUS
990641,2020-08-13,VUS,2022-01-08,VUS
990642,2020-05-31,VUS,2024-04-01,VUS
991642,2020-08-25,VUS,2020-08-25,VUS
991643,2020-08-17,VUS,2021-08-11,VUS
991644,2020-08-13,VUS,2024-04-24,VUS
991645,2020-08-13,VUS,2020-08-13,VUS
991646,2020-08-14,VUS,2020-08-14,VUS
991647,2020-08-13,VUS,2024-06-05,VUS
991668,2020-09-04,VUS,2020-09-04,VUS
991671,2020-11-04,LB,2025-12-16,LB
991673,2020-08-14,VUS,2020-08-14,VUS
992218,2020-12-30,VUS,2020-12-30,VUS
992408,2020-07-06,VUS,2020-07-06,VUS
992417,2020-01-14,LP,2020-01-14,LP
992424,2020-02-03,LP,2020-02-03,LP
992446,2020-10-28,VUS,2025-08-30,VUS
992465,2020-05-04,VUS,2020-05-04,VUS
992647,2020-11-23,P,2020-11-23,P
992648,2020-11-23,P,2020-11-23,P
992922,2019-11-25,P,2019-11-25,P
992924,2017-03-13,VUS,2017-03-13,VUS
993785,2019-10-15,VUS,2022-08-27,VUS
993791,2019-10-23,VUS,2026-01-27,VUS
994046,2020-01-16,VUS,2021-06-08,VUS
994056,2020-05-07,VUS,2021-12-08,VUS
994157,2019-11-06,VUS,2021-08-11,VUS
994203,2019-12-19,P,2025-10-03,P
994269,2020-02-28,VUS,2020-02-28,VUS
994270,2020-02-28,P,2020-02-28,P
994390,2020-08-31,P,2025-11-01,P
994768,2020-07-09,VUS,2020-07-09,VUS
994769,2020-09-01,VUS,2024-03-19,VUS
994897,2020-04-30,P,2020-04-30,P
994898,2020-01-30,LB,2020-01-30,LB
994899,2020-07-14,VUS,2020-07-14,VUS
994900,2023-08-30,VUS,2025-08-04,VUS
994902,2016-05-04,P,2023-08-13,P
995122,2019-11-18,LB,2025-08-29,LB
995123,2020-02-27,LB,2022-05-03,LB
995329,2020-03-11,VUS,2026-01-26,VUS
995346,2020-09-01,VUS,2020-09-01,VUS
995624,2019-11-11,P,2023-05-17,P
996354,2020-01-17,P,2020-01-17,P
996359,2020-01-29,VUS,2020-01-29,VUS
997810,2021-02-25,P,2021-02-25,P
997822,2021-02-25,P,2021-02-25,P
997825,2021-02-25,P,2021-02-25,P
998450,2022-05-25,VUS,2024-06-05,VUS
998834,2020-03-17,VUS,2020-03-17,VUS
999136,2022-02-16,VUS,2025-02-06,VUS
999606,2021-11-17,VUS,2025-08-03,VUS
999812,2021-08-31,VUS,2024-05-16,VUS
999874,2021-08-20,VUS,2021-08-20,VUS
1000207,2020-10-29,VUS,2020-10-29,VUS
1000294,2020-01-27,VUS,2020-01-27,VUS
1000573,2020-10-25,VUS,2025-08-05,VUS
1000904,2024-09-23,VUS,2024-09-23,VUS
1000916,2024-05-15,LB,2025-01-27,LB
1001301,2020-10-19,VUS,2025-08-27,VUS
1001315,2025-01-27,VUS,2025-01-27,VUS
1001421,2022-05-07,VUS,2024-06-10,VUS
1001478,2020-04-20,VUS,2020-04-20,VUS
1001584,2020-08-05,VUS,2020-08-05,VUS
1001698,2020-05-05,VUS,2020-05-05,VUS
1001841,2020-10-25,VUS,2020-10-25,VUS
1001982,2020-01-10,VUS,2025-03-26,VUS
1002813,2022-09-01,LB,2022-09-01,LB
1003167,2021-01-14,VUS,2021-01-14,VUS
1003257,2022-04-27,VUS,2022-07-05,VUS
1003263,2022-02-15,VUS,2022-06-13,VUS
1003381,2020-03-17,VUS,2020-03-17,VUS
1003397,2023-08-10,VUS,2023-08-10,VUS
1003645,2020-02-14,VUS,2020-02-14,VUS
1003846,2021-09-01,VUS,2021-09-01,VUS
1004322,2022-02-24,LB,2023-03-23,LB
1004909,2020-09-21,VUS,2025-05-07,VUS
1005188,2021-08-27,VUS,2021-08-27,VUS
1005444,2024-11-05,VUS,2024-11-05,VUS
1005741,2023-07-15,VUS,2024-05-15,VUS
1005779,2021-09-01,VUS,2021-09-01,VUS
1005845,2024-10-26,VUS,2024-10-26,VUS
1006150,2023-06-13,VUS,2023-09-26,VUS
1006650,2019-05-28,VUS,2022-01-06,VUS
1006704,2023-05-11,VUS,2023-05-11,VUS
1006916,2021-12-26,VUS,2023-08-16,VUS
1007186,2020-01-19,VUS,2020-01-19,VUS
1007225,2025-06-03,VUS,2025-06-03,VUS
1007706,2020-02-21,VUS,2020-02-21,VUS
1007859,2020-10-16,VUS,2020-10-16,VUS
1007879,2020-01-27,VUS,2022-06-19,VUS
1008263,2022-09-21,VUS,2022-09-21,VUS
1008553,2022-04-12,VUS,2024-04-19,VUS
1008574,2023-03-14,VUS,2023-03-14,VUS
1008751,2022-06-18,VUS,2024-01-31,VUS
1008901,2020-06-16,VUS,2020-06-16,VUS
1009301,2021-08-30,VUS,2021-08-30,VUS
1009432,2021-09-01,VUS,2021-09-01,VUS
1009798,2022-10-20,VUS,2024-05-21,VUS
1009965,2026-01-11,VUS,2026-01-11,VUS
1009972,2021-05-18,VUS,2021-05-18,VUS
1010015,2021-09-16,VUS,2022-07-26,VUS
1010304,2022-07-12,VUS,2022-07-12,VUS
1010458,2023-06-14,VUS,2024-04-11,VUS
1010950,2022-08-16,VUS,2022-08-16,VUS
1011158,2020-07-14,VUS,2020-07-14,VUS
1011699,2020-02-26,VUS,2020-02-26,VUS
1011746,2023-09-12,VUS,2023-12-30,VUS
1012068,2022-02-26,VUS,2024-03-27,VUS
1012115,2020-03-03,VUS,2023-04-18,VUS
1013080,2021-02-01,LB,2024-01-31,LB
1013976,2023-03-03,VUS,2023-03-03,VUS
1014250,2022-05-04,VUS,2025-12-10,VUS
1014792,2024-03-11,LB,2024-03-11,LB
1014996,2023-05-08,VUS,2024-05-16,VUS
1015015,2020-03-17,VUS,2024-12-09,VUS
1015029,2020-07-10,VUS,2022-01-19,VUS
1015315,2020-03-05,VUS,2021-11-17,VUS
1015579,2020-02-22,VUS,2020-02-22,VUS
1015666,2022-03-08,VUS,2022-03-08,VUS
1016242,2020-03-29,VUS,2020-03-29,VUS
1016266,2021-12-12,VUS,2025-04-19,VUS
1016508,2021-05-29,VUS,2024-03-28,VUS
1016628,2025-02-10,VUS,2025-02-10,VUS
1016658,2020-04-09,VUS,2020-04-09,VUS
1016806,2024-05-07,VUS,2025-09-10,VUS
1017222,2022-08-11,VUS,2025-10-05,VUS
1017340,2022-01-29,VUS,2024-01-24,VUS
1017357,2021-07-14,VUS,2021-07-14,VUS
1017363,2020-01-28,VUS,2020-01-28,VUS
1017426,2022-05-11,VUS,2022-06-03,VUS
1017506,2022-03-05,VUS,2022-03-05,VUS
1017579,2021-08-06,VUS,2025-07-28,VUS
1017727,2020-09-05,VUS,2021-09-23,VUS
1018057,2022-08-04,VUS,2023-01-26,VUS
1018075,2024-01-22,VUS,2025-08-04,VUS
1018165,2023-08-17,VUS,2023-09-21,VUS
1018329,2022-08-22,VUS,2022-08-22,VUS
1018361,2021-08-24,VUS,2023-10-22,VUS
1018488,2021-11-02,VUS,2025-04-17,VUS
1018684,2021-08-24,VUS,2024-05-30,VUS
1018803,2024-02-07,VUS,2024-02-07,VUS
1018807,2024-06-23,VUS,2025-10-26,VUS
1018816,2021-08-02,VUS,2024-11-05,VUS
1018942,2021-03-29,VUS,2021-03-29,VUS
1019096,2020-10-28,VUS,2020-10-28,VUS
1019205,2024-12-16,VUS,2024-12-16,VUS
1019477,2025-12-31,VUS,2025-12-31,VUS
1019481,2022-09-08,VUS,2024-10-29,VUS
1019683,2020-08-27,VUS,2025-03-31,VUS
1019837,2020-11-13,VUS,2020-11-13,VUS
1019857,2023-12-23,VUS,2023-12-23,VUS
1020161,2020-10-07,VUS,2020-10-07,VUS
1020201,2024-12-24,VUS,2025-12-24,VUS
1020213,2022-10-06,VUS,2023-06-30,VUS
1020657,2020-01-31,VUS,2020-01-31,VUS
1020731,2020-08-17,VUS,2020-08-17,VUS
1021183,2022-10-17,VUS,2022-10-17,VUS
1021593,2025-04-02,VUS,2025-04-02,VUS
1021636,2021-06-16,VUS,2024-02-07,VUS
1021961,2020-08-07,VUS,2022-05-11,VUS
1022478,2020-07-07,VUS,2020-07-07,VUS
1022530,2022-01-16,VUS,2025-05-05,VUS
1023476,2021-08-30,VUS,2024-04-10,VUS
1023499,2021-11-24,VUS,2024-08-15,VUS
1023753,2020-07-23,VUS,2020-07-23,VUS
1023754,2020-07-22,VUS,2020-07-22,VUS
1023816,2020-09-01,VUS,2022-03-31,VUS
1024187,2020-07-27,VUS,2022-02-12,VUS
1024934,2020-02-06,VUS,2020-02-06,VUS
1025227,2021-06-21,VUS,2023-09-09,VUS
1025280,2024-12-24,VUS,2024-12-24,VUS
1025638,2022-02-16,VUS,2023-10-13,VUS
1025704,2022-03-13,VUS,2022-03-13,VUS
1025771,2020-10-16,VUS,2023-12-24,VUS
1025841,2023-03-14,VUS,2023-07-21,VUS
1026140,2020-09-24,VUS,2023-12-23,VUS
1026171,2021-08-24,VUS,2021-08-24,VUS
1026249,2021-09-01,VUS,2021-09-01,VUS
1026323,2021-08-17,VUS,2025-10-27,VUS
1026394,2020-11-11,VUS,2021-04-26,VUS
1026717,2020-09-28,VUS,2020-09-28,VUS
1026755,2022-05-20,VUS,2023-02-07,VUS
1026963,2023-11-15,VUS,2024-12-22,VUS
1027133,2020-11-06,VUS,2020-11-06,VUS
1027672,2021-03-12,P,2021-03-12,P
1027747,2019-08-01,VUS,2025-08-02,VUS
1028176,2020-11-03,VUS,2024-09-02,VUS
1028202,2019-07-27,VUS,2019-07-27,VUS
1028203,2019-09-27,LP,2024-03-25,LP
1028372,2020-06-03,VUS,2020-06-03,VUS
1028524,2019-11-20,VUS,2024-03-14,VUS
1029473,2022-09-13,P,2025-04-29,P
1030577,2020-01-17,VUS,2020-01-17,VUS
1030752,2019-10-25,VUS,2024-05-20,VUS
1033006,2018-07-30,VUS,2025-05-18,VUS
1033128,2018-05-09,VUS,2018-05-09,VUS
1034167,2018-08-22,VUS,2024-02-26,VUS
1034576,2020-10-02,VUS,2020-10-02,VUS
1034636,2021-10-13,VUS,2022-05-17,VUS
1034758,2024-02-14,VUS,2025-10-26,VUS
1035079,2021-08-27,VUS,2021-08-27,VUS
1035600,2020-03-17,VUS,2020-03-17,VUS
1035980,2023-02-08,VUS,2023-08-27,VUS
1036123,2020-08-26,VUS,2020-08-26,VUS
1036319,2025-07-30,VUS,2025-07-30,VUS
1036372,2021-07-30,VUS,2024-01-24,VUS
1036471,2021-08-22,VUS,2024-11-26,VUS
1036514,2020-02-25,VUS,2025-03-26,VUS
1036670,2022-03-18,VUS,2022-08-30,VUS
1036728,2022-04-28,VUS,2025-07-31,VUS
1036765,2022-01-15,VUS,2025-04-03,VUS
1036876,2021-08-30,VUS,2022-02-08,VUS
1037145,2021-09-01,VUS,2021-09-01,VUS
1037220,2021-08-20,VUS,2024-03-25,VUS
1037358,2020-01-17,VUS,2024-08-26,VUS
1037418,2021-08-30,VUS,2021-08-30,VUS
1037478,2022-08-20,VUS,2024-10-16,VUS
1037558,2022-03-21,VUS,2022-05-12,VUS
1037810,2020-01-29,VUS,2020-01-29,VUS
1038083,2021-09-01,VUS,2024-04-13,VUS
1038090,2023-09-01,VUS,2023-09-01,VUS
1038161,2022-04-26,VUS,2023-11-02,VUS
1038282,2026-01-11,VUS,2026-01-11,VUS
1038443,2022-04-22,VUS,2024-07-12,VUS
1038600,2024-03-07,VUS,2025-05-13,VUS
1038635,2019-12-30,VUS,2021-09-01,VUS
1038891,2020-06-23,VUS,2020-06-23,VUS
1038992,2020-08-06,VUS,2020-08-06,VUS
1039012,2024-04-29,VUS,2024-04-29,VUS
1039155,2021-09-02,VUS,2021-09-02,VUS
1039187,2020-08-08,VUS,2020-08-08,VUS
1039346,2022-06-11,VUS,2023-04-05,VUS
1039383,2020-06-29,VUS,2020-06-29,VUS
1039426,2021-11-15,VUS,2022-04-07,VUS
1039442,2024-03-04,P,2024-03-04,P
1039669,2020-02-14,VUS,2020-02-14,VUS
1039710,2021-08-24,VUS,2022-03-16,VUS
1039761,2021-08-13,VUS,2025-10-28,VUS
1039774,2025-10-22,VUS,2025-11-10,VUS
1039925,2025-07-08,VUS,2025-07-08,VUS
1040148,2022-03-27,VUS,2025-07-15,VUS
1040651,2020-07-15,VUS,2020-07-15,VUS
1040697,2021-11-30,VUS,2025-10-03,VUS
1040776,2021-08-27,VUS,2021-08-27,VUS
1041488,2021-08-24,VUS,2021-08-24,VUS
1041703,2020-08-22,VUS,2020-08-22,VUS
1041847,2023-07-14,VUS,2024-05-03,VUS
1041951,2021-08-30,VUS,2024-03-06,VUS
1042445,2021-08-30,VUS,2022-04-22,VUS
1042817,2022-04-29,VUS,2024-09-16,VUS
1042940,2020-05-10,VUS,2020-05-10,VUS
1043033,2024-09-19,VUS,2024-09-19,VUS
1043266,2025-03-07,VUS,2025-03-07,VUS
1043306,2020-04-09,VUS,2020-04-09,VUS
1043520,2024-03-28,VUS,2024-03-28,VUS
1043730,2020-08-05,VUS,2020-08-05,VUS
1043821,2022-03-05,VUS,2022-03-05,VUS
1044489,2020-05-08,VUS,2022-05-02,VUS
1044646,2022-05-31,VUS,2024-01-09,VUS
1044874,2020-03-11,VUS,2020-03-11,VUS
1044893,2020-07-30,VUS,2020-07-30,VUS
1045381,2025-10-01,VUS,2025-10-01,VUS
1045654,2020-10-25,VUS,2020-10-25,VUS
1045690,2024-12-23,VUS,2024-12-23,VUS
1045731,2020-06-27,VUS,2024-03-18,VUS
1045851,2025-05-21,VUS,2025-05-21,VUS
1046098,2024-02-17,LB,2024-02-17,LB
1046465,2020-06-24,VUS,2021-12-26,VUS
1046785,2024-05-29,VUS,2024-05-29,VUS
1047004,2020-05-26,VUS,2020-05-26,VUS
1047088,2025-10-01,LB,2025-10-01,LB
1047727,2020-06-09,VUS,2020-06-09,VUS
1047897,2021-03-15,P,2021-03-15,P
1048364,2021-02-01,LP,2021-02-01,LP
1048365,2021-02-01,P,2021-02-01,P
1048367,2021-02-01,P,2021-02-01,P
1048618,2021-03-22,LP,2021-03-22,LP
1048941,2025-07-31,VUS,2025-07-31,VUS
1049109,2024-05-19,VUS,2025-11-27,VUS
1049164,2022-05-27,VUS,2025-08-24,VUS
1050084,2023-10-12,VUS,2024-02-19,VUS
1050380,2022-05-30,VUS,2022-05-30,VUS
1050964,2021-09-02,VUS,2022-04-28,VUS
1050980,2021-05-27,VUS,2025-08-03,VUS
1051412,2024-01-29,VUS,2025-11-06,VUS
1051620,2023-04-25,VUS,2024-10-10,VUS
1052023,2020-09-11,VUS,2020-09-11,VUS
1052258,2020-02-22,VUS,2020-02-22,VUS
1052292,2021-04-23,VUS,2021-04-23,VUS
1052336,2020-07-19,VUS,2020-07-19,VUS
1052340,2022-02-22,VUS,2025-09-27,VUS
1052779,2021-09-03,VUS,2022-07-27,VUS
1052978,2021-08-26,VUS,2022-03-03,VUS
1053055,2024-05-27,VUS,2024-05-27,VUS
1053071,2020-07-31,VUS,2020-07-31,VUS
1053263,2020-07-19,VUS,2020-07-19,VUS
1053281,2020-02-12,VUS,2020-02-12,VUS
1053351,2022-02-05,VUS,2024-07-17,VUS
1053365,2023-08-15,VUS,2025-05-14,VUS
1053514,2021-09-01,VUS,2021-09-01,VUS
1053526,2026-01-04,VUS,2026-01-04,VUS
1053787,2021-07-09,VUS,2024-04-17,VUS
1053792,2020-01-26,VUS,2020-01-26,VUS
1053881,2025-02-04,VUS,2025-02-04,VUS
1053970,2022-10-17,VUS,2022-10-17,VUS
1054194,2021-08-27,VUS,2021-08-27,VUS
1054366,2022-11-30,VUS,2022-11-30,VUS
1054437,2022-07-02,VUS,2025-08-30,VUS
1054642,2020-02-26,VUS,2020-02-26,VUS
1054744,2021-10-07,VUS,2022-07-12,VUS
1055353,2019-07-25,LB,2024-11-05,LB
1055539,2021-08-20,VUS,2021-08-20,VUS
1055583,2020-09-17,VUS,2020-09-17,VUS
1055796,2023-07-17,VUS,2024-01-15,VUS
1055828,2022-11-01,VUS,2022-11-01,VUS
1055834,2021-08-25,VUS,2022-09-27,VUS
1055847,2020-08-20,VUS,2020-08-20,VUS
1056222,2021-09-01,VUS,2024-05-25,VUS
1056225,2021-08-27,VUS,2021-08-27,VUS
1056372,2020-09-02,VUS,2022-03-26,VUS
1057188,2021-10-22,VUS,2023-10-04,VUS
1057229,2021-03-03,VUS,2024-08-08,VUS
1057361,2020-02-07,VUS,2020-02-07,VUS
1057395,2024-09-06,VUS,2025-02-19,VUS
1057482,2026-01-19,VUS,2026-01-19,VUS
1057717,2021-09-08,VUS,2021-09-08,VUS
1057752,2020-06-28,VUS,2020-06-28,VUS
1057787,2022-05-28,VUS,2025-08-24,VUS
1057893,2024-04-08,VUS,2025-04-02,VUS
1057911,2024-05-20,VUS,2024-09-11,VUS
1058179,2021-08-24,VUS,2025-10-14,VUS
1058336,2024-11-27,VUS,2024-11-27,VUS
1058391,2020-11-02,VUS,2020-11-02,VUS
1058527,2023-06-23,VUS,2024-01-24,VUS
1058572,2020-03-18,VUS,2020-03-18,VUS
1058630,2022-03-05,VUS,2022-03-05,VUS
1058648,2022-05-25,VUS,2025-03-04,VUS
1058713,2021-09-09,VUS,2021-12-30,VUS
1058955,2020-04-09,VUS,2020-04-09,VUS
1059207,2020-10-26,VUS,2022-05-23,VUS
1059445,2020-08-31,VUS,2020-08-31,VUS
1059510,2022-02-25,VUS,2023-06-09,VUS
1059781,2024-04-23,VUS,2024-06-13,VUS
1059874,2020-08-05,VUS,2020-08-05,VUS
1059908,2020-03-12,VUS,2020-03-12,VUS
1060054,2023-05-07,VUS,2023-05-07,VUS
1060274,2024-10-29,VUS,2024-10-29,VUS
1060317,2020-07-30,VUS,2022-01-27,VUS
1060471,2020-04-07,VUS,2020-04-07,VUS
1060590,2020-04-19,VUS,2020-04-19,VUS
1060618,2023-05-25,VUS,2025-06-23,VUS
1061014,2022-05-11,VUS,2024-01-02,VUS
1061470,2024-10-30,VUS,2024-10-30,VUS
1061584,2020-09-09,VUS,2020-09-09,VUS
1061934,2020-03-18,VUS,2024-05-24,VUS
1062378,2024-05-09,VUS,2025-02-28,VUS
1062467,2020-12-19,VUS,2025-11-26,VUS
1063034,2020-03-12,VUS,2020-03-12,VUS
1063076,2020-07-15,VUS,2020-07-15,VUS
1063254,2020-10-20,VUS,2025-11-26,VUS
1063602,2020-04-11,VUS,2020-04-11,VUS
1063702,2020-10-19,VUS,2020-10-19,VUS
1063785,2025-03-17,VUS,2025-03-17,VUS
1063858,2025-11-17,VUS,2025-11-17,VUS
1063935,2020-10-28,VUS,2020-10-28,VUS
1064289,2020-07-27,VUS,2020-07-27,VUS
1064450,2021-04-12,P,2021-04-12,P
1064456,2021-04-12,P,2024-08-16,P
1064457,2021-04-12,P,2021-04-12,P
1064819,2020-08-03,LP,2020-08-03,LP
1064900,2021-04-12,VUS,2021-04-12,VUS
1065019,2021-04-12,VUS,2023-11-22,VUS
1065129,2021-04-06,VUS,2025-06-18,VUS
1066069,2021-10-22,LP,2025-06-12,LP
1066173,2023-09-21,LP,2023-09-21,LP
1066256,2017-09-12,LP,2017-09-12,LP
1066383,2022-09-22,P,2025-01-11,P
1066395,2020-10-03,LP,2020-10-03,LP
1066532,2023-09-27,P,2023-09-27,P
1066719,2020-02-18,LP,2020-02-18,LP
1066820,2023-05-04,P,2023-05-04,P
1066835,2025-11-13,P,2025-11-13,P
1067369,2020-08-27,LP,2024-04-19,LP
1067800,2022-03-15,P,2026-01-05,P
1067886,2017-10-31,LP,2017-10-31,LP
1068041,2025-11-10,P,2025-11-10,P
1068215,2021-03-23,P,2025-07-10,P
1068229,2020-11-11,P,2020-11-11,P
1068601,2017-10-05,P,2017-10-05,P
1068795,2020-02-12,P,2020-02-12,P
1069571,2020-08-28,P,2020-08-28,P
1069766,2020-04-06,P,2020-04-06,P
1070102,2023-05-19,P,2023-05-19,P
1070104,2021-03-12,P,2021-03-12,P
1070118,2020-09-23,P,2020-09-23,P
1070213,2020-02-17,P,2024-08-26,P
1070677,2020-04-27,P,2020-04-27,P
1071373,2024-01-15,P,2024-01-15,P
1071398,2022-10-30,P,2022-10-30,P
1071553,2022-05-17,P,2024-05-02,P
1071557,2020-08-27,P,2020-08-27,P
1071558,2022-03-23,P,2023-04-18,P
1071621,2020-02-18,P,2020-02-18,P
1071729,2017-08-10,P,2017-08-10,P
1071747,2020-01-31,P,2025-03-04,P
1072433,2023-10-27,LP,2025-09-04,LP
1072671,2023-10-26,P,2023-10-26,P
1072816,2023-12-19,P,2023-12-19,P
1072834,2022-06-16,P,2024-06-20,P
1073068,2020-05-21,P,2020-05-21,P
1073111,2020-02-15,P,2020-02-15,P
1073203,2022-04-06,LP,2026-03-09,LP
1073892,2020-01-03,P,2020-01-03,P
1074068,2020-08-14,P,2020-08-14,P
1074073,2021-04-04,P,2021-04-04,P
1074076,2020-09-02,P,2020-09-02,P
1074131,2021-04-27,P,2021-04-27,P
1074132,2025-01-12,P,2026-02-18,P
1074139,2020-08-20,P,2020-08-20,P
1074185,2023-08-07,P,2023-08-07,P
1074315,2021-08-31,P,2021-08-31,P
1074397,2022-05-03,P,2022-05-03,P
1074500,2020-01-23,P,2020-01-23,P
1074796,2022-09-07,P,2022-09-07,P
1074918,2020-10-27,P,2020-10-27,P
1074921,2020-10-27,P,2020-10-27,P
1075299,2026-01-11,P,2026-01-11,P
1075315,2023-11-14,P,2023-11-14,P
1075330,2020-09-16,P,2020-09-16,P
1075582,2020-06-16,P,2020-06-16,P
1075767,2020-09-10,P,2020-09-10,P
1075778,2025-04-11,P,2025-05-19,P
1075791,2020-01-15,P,2020-01-15,P
1076230,2018-06-10,P,2018-06-10,P
1076232,2017-07-30,P,2017-07-30,P
1076354,2020-09-24,P,2020-09-24,P
1076613,2020-07-14,P,2020-07-14,P
1076639,2022-02-10,P,2022-02-10,P
1076659,2024-05-03,P,2025-09-03,P
1077324,2019-03-01,LB,2019-03-01,LB
1077533,2020-10-10,LB,2020-10-10,LB
1077561,2020-11-29,LB,2024-07-10,LB
1077564,2021-08-02,LB,2025-07-21,LB
1077708,2020-03-03,LB,2020-03-03,LB
1077765,2021-09-29,LB,2021-09-29,LB
1078012,2026-01-28,LB,2026-01-28,LB
1078016,2023-05-02,LB,2023-05-02,LB
1078325,2019-12-18,LB,2022-09-01,LB
1078600,2025-05-03,LB,2025-05-03,LB
1078675,2025-12-05,LB,2026-01-12,LB
1078786,2025-09-24,LB,2025-09-24,LB
1078802,2023-05-05,LB,2023-05-05,LB
1079324,2025-09-22,LB,2025-09-22,LB
1079486,2025-03-17,LB,2025-05-27,LB
1079588,2019-10-23,LB,2023-12-13,LB
1079629,2024-10-29,LB,2025-05-18,LB
1079731,2019-10-09,LB,2019-10-09,LB
1079881,2021-07-08,LB,2025-07-03,LB
1080022,2025-06-12,LB,2025-06-12,LB
1080231,2019-08-15,LB,2023-02-10,LB
1080258,2022-03-18,LB,2023-08-29,LB
1080419,2020-02-21,LB,2020-02-21,LB
1080462,2020-08-06,LB,2020-10-16,LB
1080684,2019-08-07,LB,2025-12-15,LB
1080740,2021-10-13,LB,2021-10-13,LB
1080741,2024-01-04,LB,2024-01-04,LB
1080805,2023-11-20,LB,2023-11-20,LB
1080865,2026-01-26,LB,2026-01-26,LB
1080880,2019-12-15,LB,2021-05-06,LB
1081368,2022-10-17,LB,2023-08-11,LB
1081446,2020-08-18,LB,2022-04-06,LB
1081603,2021-03-17,LB,2024-02-29,LB
1082024,2023-01-07,LB,2023-01-07,LB
1082185,2026-01-25,LB,2026-01-25,LB
1082356,2022-06-28,LB,2022-06-28,LB
1082547,2020-06-06,LB,2020-06-06,LB
1083154,2022-01-25,LB,2025-12-24,LB
1083322,2023-12-03,LB,2023-12-03,LB
1083658,2025-03-25,LB,2025-03-25,LB
1083719,2022-09-26,LB,2022-09-26,LB
1083978,2023-09-10,LB,2023-09-10,LB
1084311,2023-10-22,LB,2023-10-22,LB
1084799,2021-08-04,LB,2025-06-13,LB
1085169,2020-12-04,LB,2021-01-20,LB
1085304,2020-03-05,LB,2020-03-05,LB
1085493,2022-09-17,LB,2024-11-11,LB
1085586,2019-11-04,LB,2019-11-04,LB
1085599,2023-11-05,LB,2023-11-05,LB
1085646,2024-02-25,LB,2024-02-25,LB
1085725,2021-12-23,LB,2024-11-04,LB
1085750,2023-11-17,LB,2024-06-16,LB
1085929,2022-08-31,LB,2022-08-31,LB
1086035,2022-03-05,LB,2024-06-21,LB
1086253,2021-09-28,LB,2024-12-29,LB
1086637,2021-10-08,LB,2021-10-08,LB
1086718,2019-08-27,LB,2024-04-23,LB
1086751,2019-11-20,LB,2021-12-08,LB
1086804,2022-10-03,LB,2024-02-18,LB
1086864,2026-01-09,LB,2026-01-09,LB
1086924,2021-12-20,LB,2025-08-29,LB
1087209,2019-07-29,LB,2019-07-29,LB
1087371,2019-08-12,LB,2025-01-19,LB
1087547,2026-01-14,LB,2026-01-14,LB
1087627,2023-10-09,LB,2023-10-09,LB
1087862,2019-07-17,LB,2019-07-17,LB
1088146,2020-01-22,LB,2025-09-10,LB
1088229,2023-12-13,LB,2023-12-13,LB
1088503,2025-11-22,LB,2025-11-22,LB
1088560,2021-10-26,LB,2026-01-18,LB
1088882,2025-01-12,LB,2025-01-12,LB
1088992,2022-04-09,LB,2022-04-09,LB
1089141,2021-11-06,LB,2025-10-07,LB
1089217,2025-06-25,LB,2025-06-25,LB
1089348,2020-09-17,LB,2020-09-17,LB
1089408,2020-03-16,LB,2022-02-01,LB
1089764,2025-08-07,LB,2025-08-07,LB
1090050,2019-07-15,LB,2024-01-25,LB
1090068,2019-08-28,LB,2019-08-28,LB
1090502,2019-09-13,LB,2019-09-13,LB
1090503,2021-06-18,LB,2021-06-18,LB
1090526,2019-07-07,LB,2019-10-17,LB
1090677,2024-05-06,LB,2024-05-06,LB
1090904,2025-09-19,LB,2025-09-19,LB
1091069,2022-11-24,LB,2025-08-29,LB
1091122,2024-02-17,LB,2024-02-17,LB
1091161,2022-01-05,LB,2022-01-05,LB
1091416,2024-05-09,LB,2024-07-06,LB
1091521,2025-04-04,LB,2025-04-04,LB
1091538,2023-08-11,LB,2023-08-11,LB
1091611,2021-04-26,LB,2024-05-29,LB
1091620,2023-07-13,LB,2023-07-13,LB
1091846,2019-08-19,LB,2019-08-19,LB
1092163,2024-10-28,LB,2024-10-28,LB
1092218,2023-01-13,LB,2023-01-13,LB
1092580,2022-08-23,LB,2022-08-23,LB
1092772,2020-07-28,LB,2023-06-19,LB
1092843,2025-03-31,LB,2025-03-31,LB
1092951,2022-12-27,LB,2022-12-27,LB
1093090,2022-01-18,LB,2023-11-20,LB
1093213,2020-02-06,LB,2024-05-06,LB
1093354,2025-07-08,LB,2025-07-08,LB
1093523,2024-06-01,LB,2025-08-12,LB
1094005,2022-04-27,LB,2025-10-27,LB
1094513,2020-10-13,LB,2025-02-03,LB
1094825,2024-02-29,LB,2024-02-29,LB
1095057,2020-03-08,LB,2021-04-22,LB
1095171,2019-11-28,LB,2019-11-28,LB
1095177,2024-02-13,LB,2024-02-13,LB
1095552,2023-08-04,LB,2023-08-04,LB
1095748,2020-07-31,LB,2022-01-28,LB
1095795,2024-10-27,LB,2024-10-27,LB
1095796,2019-10-26,LB,2019-10-26,LB
1095848,2022-08-04,LB,2022-08-04,LB
1095979,2022-05-09,LB,2025-08-23,LB
1096161,2022-01-07,LB,2025-09-25,LB
1096420,2023-07-28,LB,2023-10-12,LB
1096861,2020-07-17,LB,2020-07-17,LB
1096867,2023-02-14,LB,2023-02-14,LB
1096875,2023-12-28,LB,2023-12-29,LB
1097021,2024-09-08,LB,2024-09-08,LB
1097367,2026-01-05,LB,2026-01-05,LB
1097549,2023-12-22,LB,2023-12-22,LB
1097771,2019-10-14,LB,2023-06-21,LB
1098081,2022-04-22,LB,2023-08-16,LB
1098718,2021-05-12,P,2021-05-12,P
1098780,2021-04-22,VUS,2021-04-22,VUS
1098781,2021-04-22,VUS,2021-04-22,VUS
1098949,2020-03-16,LB,2023-09-26,LB
1099088,2019-04-07,LB,2022-10-07,LB
1099131,2020-01-24,LB,2024-01-11,LB
1099265,2022-07-15,LB,2022-07-15,LB
1099708,2024-01-16,LB,2024-01-16,LB
1099712,2022-11-29,LB,2022-11-29,LB
1100008,2024-06-03,LB,2024-06-03,LB
1100104,2021-10-09,LB,2021-10-09,LB
1100121,2022-12-02,LB,2022-12-02,LB
1100152,2023-05-01,LB,2023-05-01,LB
1100327,2026-01-13,LB,2026-01-13,LB
1100368,2023-10-15,LB,2023-10-15,LB
1100455,2025-12-09,LB,2025-12-09,LB
1100484,2023-05-13,LB,2023-05-13,LB
1100564,2020-05-13,LB,2020-05-13,LB
1100692,2022-07-27,LB,2024-09-01,LB
1101006,2022-07-14,LB,2022-07-14,LB
1101012,2022-03-23,LB,2025-07-30,LB
1101223,2020-10-27,LB,2022-04-04,LB
1101262,2020-07-21,LB,2025-03-04,LB
1101404,2023-08-28,LB,2023-08-28,LB
1101420,2024-06-26,LB,2025-10-02,LB
1102171,2024-01-28,LB,2024-01-28,LB
1102304,2022-02-12,LB,2025-09-21,LB
1102889,2022-11-16,LB,2022-11-16,LB
1103321,2019-10-20,LB,2022-08-15,LB
1103351,2025-10-23,LB,2025-10-23,LB
1103488,2023-03-04,LB,2023-03-04,LB
1103694,2025-12-28,LB,2025-12-28,LB
1103707,2026-01-28,LB,2026-01-28,LB
1103840,2022-05-22,LB,2022-05-22,LB
1104341,2023-08-09,LB,2023-08-09,LB
1104546,2025-05-25,LB,2025-05-25,LB
1104623,2024-04-12,LB,2025-06-12,LB
1104783,2019-11-04,LB,2019-11-04,LB
1105055,2019-06-11,LB,2020-09-16,LB
1105354,2019-01-29,LB,2019-01-29,LB
1105419,2023-10-18,LB,2023-10-18,LB
1105422,2023-02-14,LB,2023-02-14,LB
1105557,2025-11-29,LB,2025-11-29,LB
1105597,2022-05-11,LB,2024-08-28,LB
1105743,2023-06-24,LB,2024-10-10,LB
1105751,2022-04-04,LB,2022-04-04,LB
1105757,2019-05-28,LB,2023-04-30,LB
1106072,2019-07-26,LB,2019-07-26,LB
1106082,2023-09-30,LB,2023-09-30,LB
1106086,2023-09-21,LB,2023-09-21,LB
1106312,2020-07-21,LB,2021-11-22,LB
1106329,2023-04-03,LB,2025-11-01,LB
1106602,2020-03-06,LB,2022-04-08,LB
1106705,2023-10-01,LB,2023-10-01,LB
1106799,2024-02-16,LB,2024-02-16,LB
1107155,2019-03-12,LB,2025-11-11,LB
1107479,2021-07-08,LB,2025-09-08,LB
1107503,2022-03-27,LB,2022-03-27,LB
1107656,2024-02-20,LB,2024-02-20,LB
1107754,2022-09-15,LB,2022-09-15,LB
1107959,2024-02-27,LB,2024-02-27,LB
1108133,2023-11-07,LB,2023-11-07,LB
1108261,2024-10-24,LB,2024-10-24,LB
1108947,2024-02-04,LB,2024-02-04,LB
1109023,2021-08-23,LB,2021-08-23,LB
1109209,2019-08-21,LB,2023-07-26,LB
1109230,2026-01-12,LB,2026-01-12,LB
1109344,2021-12-10,LB,2025-06-17,LB
1109563,2024-02-09,LB,2024-02-09,LB
1109765,2024-02-29,LB,2024-02-29,LB
1109881,2024-02-15,LB,2024-02-15,LB
1109887,2023-07-28,LB,2024-11-04,LB
1110036,2019-12-22,LB,2024-02-23,LB
1110084,2024-02-22,LB,2024-02-22,LB
1110091,2020-08-02,LB,2020-08-02,LB
1110201,2023-06-25,LB,2023-06-25,LB
1110352,2023-11-11,LB,2023-11-11,LB
1110594,2019-03-26,LB,2019-03-26,LB
1110704,2023-12-10,LB,2023-12-10,LB
1110786,2024-05-23,LB,2024-05-23,LB
1110801,2020-10-02,LB,2023-11-02,LB
1111351,2021-10-07,LB,2023-09-30,LB
1111569,2023-11-30,LB,2023-11-30,LB
1111810,2023-06-01,LB,2024-10-17,LB
1111952,2023-12-25,LB,2023-12-25,LB
1112018,2023-05-20,LB,2023-05-20,LB
1112135,2021-07-12,LB,2022-12-04,LB
1112180,2021-03-27,LB,2022-03-26,LB
1112210,2025-06-12,LB,2025-06-12,LB
1112215,2023-07-27,LB,2023-07-27,LB
1112341,2021-12-06,LB,2025-12-22,LB
1113030,2022-11-16,LB,2022-11-16,LB
1113058,2021-08-05,LB,2021-08-05,LB
1113108,2020-08-15,LB,2023-08-08,LB
1113417,2021-04-06,LB,2025-03-19,LB
1113424,2021-11-04,LB,2025-08-14,LB
1113437,2021-08-09,LB,2024-03-20,LB
1113506,2019-01-25,LB,2019-01-25,LB
1113507,2026-01-13,LB,2026-01-13,LB
1113904,2022-08-15,LB,2022-08-15,LB
1114303,2025-09-26,LB,2025-09-26,LB
1114446,2022-01-25,LB,2025-12-01,LB
1115002,2020-02-02,LB,2024-04-29,LB
1115056,2024-03-05,LB,2024-03-05,LB
1115211,2021-01-20,LB,2023-08-17,LB
1115456,2022-02-03,LB,2025-12-02,LB
1115587,2019-03-19,LB,2019-03-19,LB
1115616,2025-12-01,LB,2025-12-01,LB
1116019,2020-03-18,LB,2020-03-18,LB
1116052,2022-02-03,LB,2022-02-03,LB
1116125,2025-12-08,LB,2025-12-08,LB
1116164,2019-07-22,LB,2025-10-26,LB
1116364,2024-01-03,LB,2024-01-03,LB
1116585,2022-12-25,LB,2022-12-25,LB
1117136,2024-05-16,LB,2026-01-31,LB
1117294,2023-11-15,LB,2023-11-15,LB
1117661,2024-02-29,LB,2024-02-29,LB
1117935,2023-05-05,LB,2023-05-05,LB
1118099,2022-04-29,LB,2026-01-25,LB
1118279,2022-09-29,LB,2022-09-29,LB
1118394,2020-05-29,LB,2020-05-29,LB
1118672,2021-01-24,LB,2025-03-16,LB
1118801,2026-01-14,LB,2026-01-14,LB
1118969,2020-10-13,LB,2024-11-16,LB
1119354,2019-05-10,LB,2024-11-04,LB
1119476,2023-11-29,LB,2023-11-29,LB
1119481,2024-09-11,LB,2024-09-11,LB
1119546,2020-01-28,LB,2020-01-28,LB
1119932,2020-10-21,LB,2020-10-21,LB
1120435,2022-09-17,LB,2022-09-17,LB
1120520,2022-02-03,LB,2022-02-03,LB
1120571,2024-01-25,LB,2024-01-25,LB
1120591,2020-10-20,LB,2020-10-20,LB
1120673,2019-04-26,LB,2019-04-26,LB
1120722,2023-08-28,LB,2023-08-28,LB
1120853,2024-03-11,LB,2024-03-11,LB
1120889,2020-03-11,LB,2021-05-30,LB
1121075,2026-01-19,LB,2026-01-19,LB
1121221,2025-05-12,LB,2025-05-12,LB
1121277,2020-09-11,LB,2020-09-11,LB
1121464,2023-06-11,LB,2023-06-11,LB
1121596,2020-07-30,LB,2020-07-30,LB
1121799,2023-08-17,LB,2023-08-17,LB
1121819,2019-10-10,LB,2019-10-10,LB
1122291,2025-10-23,LB,2025-10-23,LB
1122339,2025-11-03,LB,2025-11-03,LB
1122627,2019-07-10,LB,2025-12-07,LB
1122799,2023-08-29,LB,2023-08-29,LB
1122851,2020-11-25,LB,2020-11-25,LB
1122950,2023-12-09,LB,2023-12-09,LB
1123325,2024-12-24,LB,2024-12-24,LB
1123380,2023-01-09,LB,2025-12-05,LB
1123422,2021-12-23,LB,2025-09-28,LB
1123559,2020-10-27,LB,2020-10-27,LB
1123775,2025-08-30,LB,2025-08-30,LB
1123909,2022-01-26,LB,2023-06-10,LB
1124013,2019-07-06,LB,2019-07-06,LB
1124077,2023-10-22,LB,2023-10-22,LB
1124123,2020-04-21,LB,2020-04-21,LB
1124180,2022-03-04,LB,2024-01-19,LB
1124220,2024-03-01,LB,2024-03-01,LB
1124295,2019-02-28,LB,2019-02-28,LB
1124449,2024-03-13,LB,2024-03-13,LB
1124577,2022-06-12,LB,2022-06-12,LB
1124590,2024-03-02,LB,2024-03-02,LB
1124618,2025-09-24,LB,2025-09-24,LB
1124912,2021-03-01,LB,2024-02-12,LB
1125614,2019-11-11,LB,2025-05-29,LB
1125635,2024-01-12,LB,2024-01-12,LB
1125962,2024-03-27,LB,2024-03-27,LB
1126000,2023-05-29,LB,2023-05-29,LB
1126004,2024-03-17,LB,2024-03-17,LB
1126236,2019-07-21,LB,2025-04-16,LB
1126308,2022-04-11,LB,2023-11-18,LB
1126569,2019-06-17,LB,2019-06-17,LB
1126636,2022-08-19,LB,2022-08-19,LB
1127287,2020-03-29,LB,2024-12-06,LB
1127331,2023-10-06,LB,2023-10-06,LB
1127756,2021-11-20,LB,2021-11-20,LB
1127923,2021-04-27,LB,2025-01-11,LB
1128137,2022-02-03,LB,2025-12-02,LB
1128355,2025-12-20,LB,2025-12-20,LB
1129004,2023-02-17,LB,2023-02-17,LB
1129186,2025-04-17,LB,2025-04-17,LB
1129263,2023-10-04,LB,2025-03-07,LB
1129321,2022-08-08,LB,2022-08-08,LB
1129430,2019-09-26,LB,2023-09-05,LB
1129557,2023-11-18,LB,2023-11-18,LB
1129645,2019-12-05,LB,2019-12-05,LB
1129971,2023-04-06,LB,2023-04-06,LB
1130219,2021-10-09,LB,2021-10-09,LB
1130501,2021-09-15,LB,2026-01-20,LB
1130822,2021-08-13,LB,2024-06-01,LB
1131131,2025-12-28,LB,2025-12-28,LB
1131433,2019-10-03,LB,2020-02-06,LB
1131489,2024-03-08,LB,2024-03-08,LB
1131492,2025-08-07,LB,2025-08-07,LB
1131541,2022-04-07,LB,2022-04-07,LB
1131706,2023-06-05,LB,2023-06-05,LB
1131722,2022-10-27,LB,2022-10-27,LB
1131809,2025-12-28,LB,2025-12-28,LB
1131846,2023-07-29,LB,2023-07-29,LB
1131904,2024-09-17,LB,2024-09-17,LB
1131954,2025-12-22,LB,2025-12-22,LB
1132011,2024-01-11,LB,2024-01-11,LB
1132132,2021-10-08,LB,2023-06-04,LB
1132289,2019-12-29,LB,2022-07-11,LB
1132435,2021-01-24,LB,2023-02-19,LB
1132441,2022-12-16,LB,2024-06-17,LB
1132491,2026-01-16,LB,2026-01-16,LB
1132652,2024-02-19,LB,2024-02-19,LB
1132699,2020-08-04,LB,2020-08-04,LB
1132890,2025-11-02,LB,2025-11-02,LB
1132917,2021-11-29,LB,2026-01-22,LB
1132941,2019-11-17,LB,2019-11-17,LB
1132963,2022-02-01,LB,2022-02-01,LB
1133249,2025-11-22,LB,2025-11-22,LB
1133354,2025-06-12,LB,2025-06-12,LB
1133557,2022-08-16,LB,2022-08-16,LB
1133637,2026-01-14,LB,2026-01-14,LB
1133681,2024-03-05,LB,2024-03-05,LB
1133840,2019-05-14,LB,2020-06-10,LB
1133853,2019-06-29,LB,2019-06-29,LB
1134266,2021-10-17,LB,2022-02-03,LB
1134468,2023-05-26,LB,2023-05-26,LB
1134475,2020-08-19,LB,2021-12-12,LB
1134560,2020-01-14,LB,2024-07-09,LB
1134668,2019-11-06,LB,2025-10-25,LB
1134778,2024-01-21,LB,2024-01-21,LB
1134795,2023-10-04,LB,2023-10-04,LB
1135034,2019-10-30,LB,2025-06-23,LB
1135198,2019-12-04,LB,2019-12-04,LB
1135396,2022-10-08,LB,2024-11-30,LB
1135647,2019-12-30,LB,2023-01-09,LB
1135667,2026-01-27,LB,2026-01-27,LB
1135728,2026-01-20,LB,2026-01-20,LB
1135813,2023-11-17,LB,2023-11-17,LB
1136186,2025-11-18,LB,2025-11-18,LB
1136188,2024-02-27,LB,2024-02-27,LB
1136206,2020-02-20,LB,2023-08-02,LB
1136382,2020-05-06,LB,2020-05-06,LB
1136447,2021-07-27,LB,2023-10-30,LB
1136451,2020-01-30,LB,2025-04-08,LB
1136605,2020-10-07,LB,2020-10-07,LB
1136695,2024-01-21,LB,2024-01-21,LB
1136763,2021-11-29,LB,2022-06-12,LB
1136807,2022-08-09,LB,2022-08-09,LB
1136917,2020-10-08,LB,2020-10-08,LB
1137140,2019-10-25,LB,2019-10-25,LB
1137274,2019-07-02,LB,2024-08-08,LB
1137398,2019-03-03,LB,2024-03-07,LB
1137854,2023-09-15,LB,2023-09-15,LB
1137972,2026-01-14,LB,2026-01-14,LB
1137985,2019-11-29,LB,2025-01-23,LB
1138167,2022-02-28,LB,2022-02-28,LB
1138193,2024-10-03,LB,2024-10-03,LB
1138409,2020-12-12,LB,2023-06-16,LB
1138734,2024-02-11,LB,2024-02-11,LB
1138828,2025-11-13,LB,2025-11-13,LB
1138897,2023-09-04,LB,2023-09-04,LB
1138903,2024-01-04,LB,2024-01-04,LB
1138998,2021-12-23,LB,2025-10-03,LB
1139035,2024-02-11,LB,2024-02-11,LB
1139217,2024-08-05,LB,2024-08-05,LB
1139315,2026-02-01,LB,2026-02-01,LB
1139347,2020-10-05,LB,2025-02-06,LB
1139370,2023-07-20,LB,2023-07-20,LB
1139684,2021-12-21,LB,2024-11-04,LB
1139727,2024-02-22,LB,2024-02-22,LB
1139980,2024-02-26,LB,2024-02-26,LB
1140029,2024-02-10,LB,2024-02-10,LB
1140335,2024-02-22,LB,2024-02-22,LB
1140336,2024-04-02,LB,2024-04-02,LB
1140363,2022-03-14,LB,2022-03-14,LB
1140660,2026-01-05,LB,2026-01-05,LB
1140841,2023-04-06,LB,2023-04-06,LB
1141115,2020-03-29,LB,2020-03-29,LB
1141292,2021-10-20,LB,2026-02-02,LB
1141502,2020-03-25,LB,2020-03-25,LB
1141640,2021-05-11,LB,2025-02-23,LB
1141831,2023-02-14,LB,2023-02-14,LB
1142066,2024-01-29,LB,2024-01-29,LB
1142100,2026-01-26,LB,2026-01-26,LB
1142208,2023-12-05,LB,2023-12-05,LB
1142446,2020-03-02,LB,2020-03-02,LB
1142495,2020-07-15,LB,2020-07-15,LB
1142891,2021-04-05,LB,2022-09-01,LB
1143008,2019-01-31,LB,2019-01-31,LB
1143402,2023-10-04,LB,2023-10-04,LB
1143663,2022-02-03,LB,2024-09-23,LB
1143994,2021-11-04,LB,2024-02-15,LB
1145192,2024-01-30,LB,2024-01-30,LB
1145634,2021-05-18,LB,2021-05-18,LB
1145646,2025-04-22,LB,2025-04-22,LB
1145764,2019-09-19,LB,2022-07-16,LB
1146083,2025-07-30,LB,2025-07-30,LB
1146866,2023-11-02,LB,2023-11-02,LB
1146952,2021-07-28,LB,2021-07-28,LB
1147023,2023-11-24,LB,2023-11-24,LB
1147086,2020-04-27,LB,2020-04-27,LB
1147223,2023-06-22,LB,2024-12-25,LB
1147397,2023-11-09,LB,2023-11-09,LB
1147696,2019-10-20,LB,2019-10-20,LB
1147898,2021-10-20,LB,2024-10-23,LB
1148003,2023-11-01,LB,2023-11-01,LB
1148026,2021-07-14,LB,2021-07-14,LB
1148031,2020-03-31,LB,2020-03-31,LB
1148385,2024-03-21,LB,2024-03-21,LB
1148700,2019-12-19,LB,2019-12-19,LB
1148763,2022-10-29,LB,2022-10-29,LB
1149113,2021-12-23,LB,2025-09-14,LB
1149142,2021-05-14,LB,2024-02-02,LB
1149716,2021-09-16,LB,2023-10-15,LB
1149743,2022-02-03,LB,2025-10-18,LB
1149751,2025-12-28,LB,2025-12-28,LB
1149759,2024-04-29,LB,2024-04-29,LB
1150258,2023-04-14,LB,2023-04-14,LB
1150261,2025-12-16,LB,2025-12-16,LB
1150269,2019-11-29,LB,2019-11-29,LB
1150788,2023-03-07,LB,2023-03-07,LB
1150864,2020-10-20,LB,2025-03-06,LB
1150939,2021-08-02,LB,2021-08-02,LB
1150960,2023-09-18,LB,2023-09-18,LB
1151078,2022-11-07,LB,2022-11-07,LB
1151314,2021-09-28,LB,2025-12-23,LB
1151452,2023-12-09,LB,2023-12-09,LB
1151884,2022-05-14,LB,2022-05-14,LB
1152141,2023-08-23,LB,2023-08-23,LB
1152236,2021-12-20,LB,2025-08-04,LB
1152293,2026-01-19,LB,2026-01-19,LB
1152386,2025-03-01,LB,2025-03-01,LB
1152643,2021-07-09,LB,2024-01-25,LB
1152664,2023-07-26,LB,2025-03-03,LB
1153172,2024-10-25,LB,2024-10-25,LB
1153247,2021-11-02,LB,2025-12-17,LB
1153257,2021-12-28,LB,2024-02-14,LB
1153754,2021-08-05,LB,2024-03-23,LB
1153854,2020-07-14,LB,2022-05-12,LB
1154352,2025-11-10,LB,2025-11-10,LB
1154468,2024-02-17,LB,2024-02-17,LB
1154506,2022-08-04,LB,2022-08-04,LB
1154575,2020-08-27,LB,2025-05-19,LB
1154593,2023-01-09,LB,2023-01-09,LB
1154647,2020-08-20,LB,2020-08-20,LB
1154690,2022-02-04,LB,2024-01-30,LB
1154733,2020-06-23,LB,2022-04-19,LB
1154986,2021-06-28,LB,2025-03-18,LB
1155237,2025-07-08,LB,2025-07-08,LB
1155315,2022-01-26,LB,2022-01-26,LB
1155417,2019-10-28,LB,2023-04-08,LB
1155488,2019-04-09,LB,2025-11-16,LB
1155914,2024-01-25,LB,2024-01-25,LB
1155956,2019-11-27,LB,2024-05-11,LB
1156035,2024-03-04,LB,2024-03-04,LB
1156248,2019-08-03,LB,2023-12-30,LB
1156272,2019-12-16,LB,2026-01-06,LB
1156325,2024-07-19,LB,2024-07-19,LB
1156362,2023-07-13,LB,2023-07-13,LB
1156388,2026-01-11,LB,2026-01-11,LB
1156591,2023-10-12,LB,2023-10-12,LB
1156743,2021-11-21,LB,2026-01-24,LB
1156917,2019-11-28,LB,2023-03-23,LB
1157141,2025-02-01,LB,2025-05-22,LB
1157159,2022-03-07,LB,2022-03-20,LB
1157181,2022-07-12,LB,2024-06-08,LB
1157608,2019-06-28,LB,2019-06-28,LB
1157646,2022-03-22,LB,2023-11-17,LB
1157801,2022-09-23,LB,2022-10-03,LB
1158582,2020-03-16,LB,2025-07-21,LB
1158976,2019-10-17,LB,2019-10-17,LB
1159174,2026-01-26,LB,2026-01-26,LB
1159392,2023-06-23,LB,2023-06-23,LB
1159393,2023-12-17,LB,2023-12-17,LB
1159513,2021-12-01,LB,2024-08-09,LB
1159546,2024-01-31,LB,2024-01-31,LB
1159563,2019-08-09,LB,2019-08-09,LB
1159663,2023-04-14,LB,2023-04-14,LB
1159761,2022-03-06,LB,2022-08-30,LB
1159850,2022-02-07,LB,2025-05-15,LB
1159931,2023-09-22,LB,2023-09-22,LB
1160181,2024-01-11,LB,2024-01-11,LB
1160388,2020-04-26,LB,2026-01-09,LB
1160432,2024-04-10,LB,2024-04-10,LB
1160542,2020-01-22,LB,2020-01-22,LB
1160579,2020-01-27,LB,2020-01-27,LB
1160596,2023-11-17,LB,2023-11-17,LB
1160715,2019-05-30,LB,2024-10-02,LB
1160814,2019-02-18,LB,2019-02-18,LB
1160853,2025-12-09,LB,2025-12-09,LB
1161301,2023-12-19,LB,2023-12-19,LB
1161512,2024-03-31,LB,2024-03-31,LB
1161599,2020-10-10,LB,2020-10-10,LB
1161809,2023-04-16,LB,2023-04-16,LB
1161845,2023-02-05,LB,2023-02-05,LB
1161885,2026-01-21,LB,2026-01-21,LB
1162816,2022-03-01,LP,2025-09-30,LP
1162817,2019-08-08,LP,2019-08-08,LP
1162818,2020-01-24,LP,2020-01-24,LP
1162819,2020-08-04,VUS,2025-04-22,VUS
1162820,2020-05-15,VUS,2023-03-06,VUS
1162822,2019-09-26,VUS,2024-01-30,VUS
1162823,2020-02-01,VUS,2020-02-01,VUS
1163101,2021-01-05,VUS,2021-01-05,VUS
1163102,2022-07-01,LP,2026-02-25,LP
1163103,2019-09-27,LP,2019-09-27,LP
1163106,2021-01-12,VUS,2021-01-12,VUS
1163107,2019-08-22,LP,2019-08-22,LP
1164197,2026-01-31,B,2026-01-31,B
1164408,2021-05-05,B,2026-02-01,B
1164409,2018-11-10,B,2026-02-04,B
1164410,2018-11-10,B,2026-02-03,B
1164455,2025-09-02,B,2025-09-02,B
1164706,2025-09-26,B,2025-09-26,B
1165080,2018-11-12,B,2026-02-04,B
1165550,2021-07-20,B,2026-01-19,B
1165853,2021-08-03,B,2026-01-24,B
1166404,2018-11-10,B,2026-02-04,B
1166455,2018-11-11,B,2026-02-04,B
1166498,2024-08-13,B,2024-08-13,B
1166985,2018-12-31,B,2026-02-02,B
1167241,2026-02-02,B,2026-02-02,B
1167742,2026-01-28,B,2026-01-28,B
1167760,2025-12-07,B,2025-12-07,B
1167835,2018-11-10,B,2026-02-04,B
1167836,2020-01-20,B,2026-02-04,B
1167837,2018-11-10,B,2026-02-03,B
1167838,2019-10-25,B,2026-02-02,B
1168138,2018-10-16,B,2026-02-04,B
1168370,2018-09-18,B,2026-02-01,B
1168400,2021-06-29,B,2023-12-02,B
1168477,2019-03-29,B,2026-02-01,B
1168549,2025-12-26,B,2025-12-26,B
1168649,2021-11-10,LB,2026-03-01,LB
1168708,2026-01-18,B,2026-01-18,B
1168801,2021-05-10,B,2026-01-15,B
1169426,2019-12-31,B,2026-02-01,B
1169733,2025-12-15,B,2025-12-15,B
1170069,2018-07-11,B,2026-01-31,B
1170250,2020-01-27,B,2025-11-25,B
1170397,2019-06-06,B,2026-02-01,B
1172849,2021-05-26,VUS,2024-04-03,VUS
1172863,2022-04-05,VUS,2023-11-28,VUS
1172869,2022-05-27,VUS,2024-07-09,VUS
1174338,2018-11-10,B,2018-11-10,B
1174391,2018-11-10,B,2018-11-10,B
1174420,2020-12-08,B,2020-12-08,B
1175001,2018-11-10,B,2026-02-04,B
1175393,2019-03-29,LB,2019-03-29,LB
1175411,2018-11-10,B,2018-11-10,B
1175521,2019-12-08,B,2019-12-08,B
1175697,2021-05-15,B,2021-05-15,B
1176499,2021-02-01,LB,2021-02-01,LB
1176757,2021-04-01,LP,2021-04-01,LP
1177289,2023-10-31,VUS,2025-09-10,VUS
1177306,2024-03-19,VUS,2024-03-19,VUS
1177503,2021-08-26,VUS,2021-11-23,VUS
1177515,2022-05-29,P,2023-10-26,P
1177674,2018-11-12,B,2018-11-12,B
1177973,2020-01-06,LB,2020-01-06,LB
1177979,2021-01-29,B,2021-01-29,B
1178167,2018-11-10,B,2018-11-10,B
1178456,2020-02-03,B,2020-02-03,B
1178464,2020-10-28,LB,2022-08-21,LB
1178518,2019-08-20,B,2019-08-20,B
1178594,2019-12-26,B,2019-12-26,B
1178819,2018-11-10,B,2021-07-14,B
1178833,2020-04-09,B,2020-04-09,B
1178962,2018-11-13,B,2018-11-13,B
1179048,2021-06-30,LP,2021-06-30,LP
1179049,2021-06-30,LP,2021-06-30,LP
1179051,2024-02-09,LP,2025-05-11,LP
1179081,2021-06-30,LP,2026-01-08,LP
1179151,2021-06-30,P,2021-11-18,P
1179193,2022-05-02,LP,2025-01-16,LP
1179275,2020-01-11,B,2020-01-11,B
1179398,2020-05-25,LB,2020-05-25,LB
1179497,2018-11-10,B,2018-11-10,B
1179539,2019-08-20,B,2019-08-20,B
1179593,2018-06-24,B,2018-06-24,B
1179718,2018-11-13,B,2018-11-13,B
1180086,2019-12-08,B,2019-12-08,B
1180108,2021-01-07,B,2021-01-07,B
1180231,2020-05-03,B,2020-05-03,B
1180339,2021-05-20,B,2026-02-03,B
1180517,2019-06-21,P,2019-06-21,P
1180535,2019-08-29,P,2019-08-29,P
1180545,2019-02-01,P,2019-02-01,P
1180546,2020-04-24,P,2020-04-24,P
1180551,2019-04-24,P,2019-04-24,P
1180558,2018-11-12,B,2021-07-10,B
1180662,2021-07-10,P,2024-03-21,P
1180776,2021-07-10,LP,2021-07-10,LP
1180934,2018-11-12,B,2018-11-12,B
1181086,2018-10-19,B,2018-10-19,B
1181116,2018-11-13,B,2018-11-13,B
1181320,2020-04-09,LB,2020-04-09,LB
1181383,2020-09-21,LB,2020-09-21,LB
1181402,2018-11-10,B,2018-11-10,B
1181685,2020-01-23,B,2020-01-23,B
1181739,2019-08-20,B,2019-08-20,B
1182092,2019-08-20,B,2021-04-07,B
1182138,2021-06-04,B,2021-06-04,B
1182241,2018-11-10,B,2018-11-10,B
1182363,2018-11-12,B,2018-11-12,B
1182448,2018-11-10,B,2018-11-10,B
1182461,2019-12-26,B,2019-12-26,B
1182542,2020-02-03,B,2020-02-03,B
1182749,2018-09-11,B,2018-09-11,B
1182921,2020-04-09,B,2020-04-09,B
1182947,2020-02-13,LB,2020-02-13,LB
1182961,2021-05-11,B,2021-05-11,B
1182976,2018-11-10,B,2018-11-10,B
1183134,2020-12-01,B,2020-12-01,B
1183187,2019-06-27,B,2019-06-27,B
1183253,2018-07-28,B,2018-07-28,B
1183407,2018-11-10,B,2018-11-10,B
1183502,2018-11-10,B,2018-11-10,B
1183578,2018-11-10,B,2018-11-10,B
1183670,2019-08-20,LB,2019-08-20,LB
1183733,2018-11-10,B,2021-07-22,B
1183882,2021-02-18,B,2021-02-18,B
1183889,2018-08-14,LB,2018-08-14,LB
1183907,2020-01-18,B,2020-01-18,B
1183989,2021-07-06,P,2021-07-06,P
1184741,2018-06-24,B,2021-07-10,B
1184742,2018-11-10,B,2021-07-10,B
1184743,2019-03-29,B,2021-07-10,B
1184744,2018-06-22,B,2021-07-10,B
1184756,2018-08-07,B,2021-07-10,B
1184757,2018-08-07,B,2021-07-10,B
1184758,2018-08-07,B,2021-07-10,B
1184759,2018-08-07,B,2021-07-10,B
1184760,2018-09-11,B,2021-07-10,B
1184761,2018-09-11,B,2021-07-10,B
1185142,2021-07-01,VUS,2025-02-28,VUS
1185158,2018-11-12,B,2021-07-10,B
1185159,2018-11-12,B,2021-07-10,B
1185160,2018-11-12,B,2021-07-10,B
1185933,2020-12-08,LB,2020-12-08,LB
1185938,2018-09-29,LB,2018-09-29,LB
1186038,2020-12-13,LB,2020-12-13,LB
1186134,2020-01-26,LB,2020-01-26,LB
1186295,2020-08-28,LB,2020-08-28,LB
1186312,2020-02-13,LB,2020-02-13,LB
1186461,2020-01-11,LB,2020-01-11,LB
1186532,2019-06-17,LB,2019-06-17,LB
1186591,2020-02-03,LB,2020-02-03,LB
1186704,2018-12-24,LB,2018-12-24,LB
1186713,2020-03-07,LB,2020-03-07,LB
1186757,2019-01-25,LB,2019-01-25,LB
1186966,2018-09-29,LB,2018-09-29,LB
1187225,2020-12-08,LB,2020-12-08,LB
1187283,2018-07-10,LB,2018-07-10,LB
1187714,2019-08-20,LB,2019-08-20,LB
1188378,2020-02-14,LB,2020-02-14,LB
1188424,2019-08-20,LB,2019-08-20,LB
1188481,2018-11-10,LB,2018-11-10,LB
1188482,2021-01-05,LB,2021-01-05,LB
1189033,2021-08-05,P,2021-08-05,P
1189053,2018-11-10,LB,2018-11-10,LB
1189084,2020-05-04,LB,2020-05-04,LB
1189196,2018-11-15,LB,2018-11-15,LB
1189200,2020-08-03,LB,2020-08-03,LB
1189765,2020-01-18,LB,2020-01-18,LB
1190041,2020-09-21,LB,2020-09-21,LB
1190097,2020-03-07,LB,2020-03-07,LB
1190138,2019-01-20,LB,2019-01-20,LB
1190172,2019-08-20,LB,2019-08-20,LB
1190183,2020-03-07,LB,2020-03-07,LB
1190336,2020-02-04,LB,2020-02-04,LB
1190820,2020-06-07,LB,2020-06-07,LB
1191104,2020-09-08,LB,2020-09-08,LB
1191242,2020-03-02,LB,2020-03-02,LB
1191266,2020-12-08,LB,2020-12-08,LB
1191369,2019-10-24,LB,2019-10-24,LB
1191747,2020-01-26,LB,2020-01-26,LB
1191777,2018-11-10,LB,2018-11-10,LB
1191804,2020-02-06,LB,2020-02-06,LB
1192263,2021-07-13,VUS,2021-07-13,VUS
1192264,2021-07-13,VUS,2021-07-13,VUS
1192265,2021-07-16,VUS,2021-07-16,VUS
1192297,2025-09-24,P,2025-09-24,P
1192464,2018-11-10,B,2021-07-14,B
1192465,2018-11-10,B,2021-07-14,B
1192641,2018-11-10,B,2021-07-14,B
1192651,2015-03-03,B,2021-07-14,B
1192979,2020-12-01,LB,2020-12-01,LB
1193029,2020-02-03,LB,2020-02-03,LB
1193092,2020-06-05,LB,2020-06-05,LB
1193558,2020-03-07,LB,2020-03-07,LB
1193607,2020-03-07,LB,2020-03-07,LB
1193707,2019-09-26,LB,2019-09-26,LB
1193774,2020-01-18,LB,2020-01-18,LB
1193825,2019-04-12,LB,2019-04-12,LB
1194341,2018-11-10,LB,2018-11-10,LB
1194456,2020-06-07,LB,2020-06-07,LB
1194501,2019-08-20,LB,2019-08-20,LB
1194958,2019-12-26,LB,2019-12-26,LB
1195041,2019-08-07,LB,2019-08-07,LB
1195106,2018-10-17,LB,2018-10-17,LB
1195614,2019-01-28,LB,2019-01-28,LB
1195784,2019-08-20,LB,2019-08-20,LB
1196096,2020-06-16,LB,2020-06-16,LB
1196347,2018-11-25,LB,2018-11-25,LB
1196621,2020-01-26,LB,2020-01-26,LB
1196670,2019-04-10,LB,2019-04-10,LB
1196680,2020-01-18,LB,2020-01-18,LB
1196985,2020-04-09,LB,2020-04-09,LB
1197170,2018-08-16,LB,2018-08-16,LB
1197201,2018-09-29,LB,2018-09-29,LB
1197222,2020-06-28,LB,2020-06-28,LB
1197375,2020-12-08,LB,2020-12-08,LB
1197397,2020-02-03,LB,2020-02-03,LB
1197593,2018-09-29,LB,2018-09-29,LB
1197677,2019-11-29,LB,2019-11-29,LB
1197837,2020-01-11,LB,2020-01-11,LB
1197960,2018-09-29,LB,2018-09-29,LB
1198054,2020-09-19,LB,2020-09-19,LB
1198181,2018-12-12,LB,2018-12-12,LB
1198303,2019-09-24,LB,2024-06-01,LB
1198593,2019-08-20,LB,2019-08-20,LB
1198616,2019-08-20,LB,2019-08-20,LB
1198702,2019-04-12,LB,2019-04-12,LB
1199400,2021-08-12,LP,2021-08-12,LP
1199600,2020-02-03,LB,2020-02-03,LB
1199675,2020-09-18,LB,2020-09-18,LB
1200071,2019-10-07,LB,2019-10-07,LB
1200129,2019-01-24,LB,2019-01-24,LB
1200151,2019-05-14,LB,2019-05-14,LB
1200389,2025-01-17,LP,2025-01-17,LP
1200449,2020-02-15,LB,2020-02-15,LB
1200595,2018-09-29,LB,2018-09-29,LB
1200673,2019-08-20,LB,2019-08-20,LB
1200824,2020-12-08,LB,2020-12-08,LB
1201010,2020-06-03,LB,2020-06-03,LB
1201076,2020-01-26,LB,2020-01-26,LB
1201216,2018-09-11,LB,2018-09-11,LB
1201821,2020-07-10,LB,2020-07-10,LB
1202189,2020-02-06,LB,2020-02-06,LB
1202276,2019-08-20,LB,2019-08-20,LB
1202638,2026-03-12,LP,2026-03-12,LP
1202774,2020-01-26,LB,2020-01-26,LB
1202964,2018-11-05,LB,2018-11-05,LB
1202969,2019-07-21,LB,2019-07-21,LB
1203012,2020-12-19,LB,2020-12-19,LB
1203063,2018-11-10,LB,2018-11-10,LB
1203324,2020-04-09,LB,2020-04-09,LB
1203347,2020-03-07,LB,2020-03-07,LB
1203670,2021-01-12,LB,2021-01-12,LB
1203701,2020-02-24,LB,2020-02-24,LB
1203754,2019-08-20,LB,2019-08-20,LB
1203847,2018-09-04,LB,2018-09-04,LB
1204316,2018-09-29,LB,2018-09-29,LB
1204625,2020-12-01,LB,2020-12-01,LB
1204710,2018-11-10,LB,2018-11-10,LB
1205130,2020-09-19,LB,2020-09-19,LB
1205135,2020-09-26,LB,2020-09-26,LB
1205161,2019-06-20,LB,2019-06-20,LB
1205305,2020-02-13,LB,2020-02-13,LB
1205397,2020-05-05,LB,2020-05-05,LB
1205460,2020-12-08,LB,2020-12-08,LB
1205503,2020-12-01,LB,2020-12-01,LB
1205552,2019-08-20,LB,2019-08-20,LB
1205603,2018-12-23,LB,2018-12-23,LB
1205737,2018-11-10,LB,2018-11-10,LB
1205774,2018-11-12,LB,2018-11-12,LB
1205777,2021-06-28,VUS,2022-10-10,VUS
1206274,2020-05-04,VUS,2022-01-10,VUS
1206486,2021-01-12,LB,2021-01-12,LB
1206574,2019-05-28,LB,2019-05-28,LB
1206597,2020-03-07,LB,2020-03-07,LB
1206599,2018-11-11,LB,2018-11-11,LB
1206648,2020-01-23,LB,2020-01-23,LB
1206898,2019-12-08,LB,2019-12-08,LB
1207146,2020-01-18,LB,2020-01-18,LB
1207284,2020-11-24,LB,2020-11-24,LB
1207446,2020-12-01,LB,2020-12-01,LB
1207595,2019-10-01,LB,2019-10-01,LB
1207875,2020-05-03,LB,2020-05-03,LB
1208090,2020-12-18,LB,2020-12-18,LB
1208182,2020-06-16,LB,2020-06-16,LB
1208188,2020-06-07,LB,2020-06-07,LB
1208402,2019-08-27,LB,2019-08-27,LB
1208470,2018-11-15,LB,2018-11-15,LB
1208473,2019-05-06,LB,2019-05-06,LB
1208560,2020-01-26,LB,2020-01-26,LB
1209150,2020-02-03,LB,2020-02-03,LB
1209284,2018-10-17,LB,2018-10-17,LB
1209374,2020-04-09,LB,2020-04-09,LB
1209691,2018-11-10,B,2021-07-22,B
1209692,2018-11-10,B,2021-07-22,B
1209750,2018-11-10,B,2021-07-22,B
1209751,2018-11-10,B,2021-07-22,B
1209752,2018-11-10,B,2021-07-22,B
1209753,2018-11-10,B,2021-07-22,B
1209775,2018-11-10,B,2021-07-22,B
1209776,2018-11-10,B,2021-07-22,B
1209826,2018-11-10,B,2021-07-22,B
1209827,2018-11-10,B,2021-07-22,B
1209828,2018-11-10,B,2021-07-22,B
1210151,2021-08-23,P,2021-08-23,P
1210152,2021-08-23,P,2021-08-23,P
1210153,2021-08-23,P,2021-08-23,P
1210154,2021-08-23,P,2021-08-23,P
1210523,2018-12-17,LB,2018-12-17,LB
1210757,2020-01-31,VUS,2025-08-01,VUS
1210842,2020-12-08,LB,2020-12-08,LB
1211000,2020-07-14,LB,2020-07-14,LB
1211130,2020-02-13,LB,2020-02-13,LB
1211337,2019-04-24,LB,2019-04-24,LB
1211479,2018-12-23,LB,2018-12-23,LB
1211500,2019-08-25,LB,2019-08-25,LB
1211797,2020-12-01,LB,2020-12-01,LB
1211998,2018-12-12,LB,2018-12-12,LB
1212063,2020-02-18,LB,2020-02-18,LB
1212159,2020-06-01,LB,2020-06-01,LB
1212629,2020-09-19,LB,2020-09-19,LB
1212639,2020-12-01,LB,2020-12-01,LB
1212772,2019-12-08,LB,2019-12-08,LB
1212845,2020-12-01,LB,2020-12-01,LB
1213253,2018-12-31,LB,2018-12-31,LB
1213324,2018-09-29,LB,2018-09-29,LB
1213345,2020-04-09,LB,2020-04-09,LB
1213556,2020-01-18,LB,2020-01-18,LB
1213647,2018-12-17,LB,2018-12-17,LB
1214071,2018-09-18,LB,2018-09-18,LB
1214256,2020-09-17,LB,2020-09-17,LB
1214262,2018-08-30,LB,2018-08-30,LB
1214354,2020-09-21,LB,2020-09-21,LB
1214459,2019-06-19,LB,2019-06-19,LB
1214521,2020-12-13,LB,2020-12-13,LB
1214567,2020-05-04,LB,2020-05-04,LB
1214572,2020-02-13,LB,2020-02-13,LB
1214628,2020-03-07,LB,2020-03-07,LB
1214692,2019-11-22,LB,2019-11-22,LB
1214843,2018-09-29,LB,2018-09-29,LB
1215090,2020-03-07,LB,2020-03-07,LB
1215161,2020-02-13,LB,2020-02-13,LB
1215386,2020-02-03,LB,2020-02-03,LB
1215662,2018-11-10,LB,2018-11-10,LB
1215715,2018-12-24,LB,2018-12-24,LB
1216058,2020-12-01,LB,2020-12-01,LB
1216185,2020-01-06,LB,2020-01-06,LB
1216374,2018-07-10,LB,2018-07-10,LB
1217080,2020-12-01,LB,2020-12-01,LB
1217243,2021-08-13,LP,2021-08-13,LP
1217244,2021-08-13,VUS,2024-07-30,VUS
1217276,2022-01-07,VUS,2024-03-19,VUS
1217395,2020-01-26,LB,2020-01-26,LB
1217502,2020-10-13,LB,2020-10-13,LB
1217616,2020-12-08,LB,2020-12-08,LB
1217778,2019-04-24,LB,2019-04-24,LB
1217983,2020-05-04,LB,2020-05-04,LB
1218210,2020-10-16,LB,2020-10-16,LB
1218592,2021-01-12,LB,2021-01-12,LB
1218976,2019-08-20,LB,2019-08-20,LB
1219187,2020-07-09,LB,2020-07-09,LB
1219614,2020-12-01,LB,2020-12-01,LB
1219814,2020-12-01,LB,2020-12-01,LB
1219878,2020-05-03,LB,2020-05-03,LB
1219954,2020-03-07,LB,2020-03-07,LB
1219968,2020-01-18,LB,2020-01-18,LB
1219999,2020-12-08,LB,2020-12-08,LB
1220086,2020-12-08,LB,2020-12-08,LB
1220478,2020-03-14,LB,2020-03-14,LB
1220534,2021-02-23,P,2021-02-23,P
1220710,2019-08-20,B,2019-08-20,B
1220810,2018-06-26,B,2018-06-26,B
1220995,2018-10-21,B,2018-10-21,B
1221111,2018-11-10,B,2018-11-10,B
1221187,2018-07-10,B,2018-07-10,B
1221315,2018-11-12,B,2018-11-12,B
1221354,2018-11-12,B,2018-11-12,B
1221452,2020-01-11,B,2020-01-11,B
1221522,2018-11-10,B,2018-11-10,B
1221654,2020-01-26,B,2020-01-26,B
1221764,2021-01-29,B,2021-01-29,B
1221830,2020-02-13,B,2020-02-13,B
1222328,2019-06-20,B,2019-06-20,B
1222548,2020-05-04,B,2020-05-04,B
1222556,2019-12-08,B,2019-12-08,B
1222614,2018-11-12,B,2021-07-15,B
1222752,2018-11-12,B,2018-11-12,B
1222788,2018-11-10,B,2026-02-04,B
1223211,2019-06-06,LB,2019-06-06,LB
1223260,2019-11-22,B,2019-11-22,B
1223592,2019-11-22,LB,2019-11-22,LB
1223699,2020-02-03,LB,2020-02-03,LB
1223760,2019-09-29,LB,2019-09-29,LB
1223809,2020-04-09,LB,2020-04-09,LB
1224165,2019-08-20,B,2019-08-20,B
1224210,2018-11-10,B,2018-11-10,B
1224284,2020-02-13,B,2020-02-13,B
1224615,2018-11-11,B,2018-11-11,B
1224642,2020-01-18,B,2020-01-18,B
1224668,2020-04-09,B,2020-04-09,B
1224705,2019-11-22,B,2019-11-22,B
1224765,2018-11-10,B,2018-11-10,B
1225392,2018-11-12,B,2018-11-12,B
1225428,2018-11-10,B,2018-11-10,B
1225462,2020-01-11,B,2020-01-11,B
1225514,2019-11-22,B,2019-11-22,B
1225554,2021-06-09,B,2021-06-09,B
1225643,2020-02-03,B,2020-02-03,B
1225682,2021-05-21,B,2021-05-21,B
1225747,2019-11-22,B,2019-11-22,B
1225785,2018-11-13,B,2018-11-13,B
1225793,2018-11-10,B,2018-11-10,B
1226010,2019-02-11,B,2019-02-11,B
1226100,2018-11-12,B,2018-11-12,B
1226133,2019-12-08,B,2019-12-08,B
1226201,2018-11-12,B,2018-11-12,B
1226271,2018-11-10,B,2018-11-10,B
1226435,2018-11-11,B,2018-11-11,B
1226457,2020-04-09,B,2020-04-09,B
1226624,2019-08-20,B,2019-08-20,B
1226850,2020-01-23,B,2020-01-23,B
1226858,2018-11-12,B,2018-11-12,B
1226964,2019-08-20,B,2019-08-20,B
1227104,2019-08-20,B,2019-08-20,B
1227145,2019-10-09,B,2019-10-09,B
1227154,2020-05-04,B,2020-05-04,B
1227606,2018-08-07,B,2018-08-07,B
1227772,2018-11-13,B,2018-11-13,B
1227880,2020-01-18,B,2020-01-18,B
1227967,2018-11-12,B,2018-11-12,B
1227980,2019-08-20,B,2019-08-20,B
1227991,2020-06-16,B,2020-06-16,B
1228249,2018-11-10,B,2018-11-10,B
1228252,2021-01-29,B,2021-01-29,B
1228272,2018-11-10,B,2018-11-10,B
1228355,2021-01-29,B,2021-04-07,B
1228357,2018-11-10,B,2018-11-10,B
1228362,2020-06-16,B,2020-06-16,B
1228567,2019-08-20,B,2019-08-20,B
1228636,2018-11-11,B,2018-11-11,B
1228653,2018-11-12,B,2018-11-12,B
1228830,2021-05-16,B,2021-05-16,B
1229089,2018-11-10,B,2018-11-10,B
1229103,2018-11-12,B,2018-11-12,B
1229236,2021-04-17,B,2021-04-17,B
1229272,2018-11-11,B,2018-11-11,B
1229364,2019-08-20,B,2019-08-20,B
1229645,2018-11-12,B,2018-11-12,B
1229652,2020-02-03,B,2020-02-03,B
1229681,2021-05-23,B,2021-05-23,B
1229918,2021-05-25,B,2021-05-25,B
1230015,2018-11-10,B,2018-11-10,B
1230081,2018-11-13,B,2018-11-13,B
1230343,2018-11-10,B,2018-11-10,B
1230357,2018-11-10,B,2018-11-10,B
1230422,2019-11-22,B,2019-11-22,B
1230432,2018-11-13,B,2018-11-13,B
1230582,2020-06-07,B,2020-06-07,B
1230669,2020-05-03,B,2020-05-03,B
1230788,2018-11-10,B,2018-11-10,B
1230809,2020-01-26,B,2020-01-26,B
1230824,2020-04-09,B,2020-04-09,B
1230849,2019-08-20,B,2019-08-20,B
1230995,2020-03-11,B,2020-03-11,B
1231049,2019-11-22,B,2019-11-22,B
1231115,2019-08-20,B,2019-08-20,B
1231146,2018-10-16,B,2018-10-16,B
1231231,2018-11-10,B,2018-11-10,B
1231344,2020-02-03,B,2020-02-03,B
1231461,2019-08-20,B,2019-08-20,B
1231500,2020-01-11,B,2020-01-11,B
1231522,2020-02-03,B,2020-02-03,B
1231677,2019-09-30,B,2019-09-30,B
1231893,2018-11-12,B,2018-11-12,B
1231943,2020-04-09,B,2020-04-09,B
1231989,2019-08-20,B,2019-08-20,B
1232074,2018-11-10,B,2018-11-10,B
1232117,2018-11-10,B,2018-11-10,B
1232372,2018-11-13,B,2018-11-13,B
1232486,2020-09-29,B,2020-09-29,B
1232600,2020-12-01,B,2020-12-01,B
1232745,2020-03-07,B,2020-03-07,B
1232843,2019-11-22,B,2019-11-22,B
1232893,2020-01-11,B,2020-01-11,B
1232908,2018-07-21,B,2018-07-21,B
1232957,2020-07-10,B,2020-07-10,B
1233325,2019-08-20,B,2019-08-20,B
1233357,2018-07-14,B,2018-07-14,B
1233445,2018-11-10,B,2018-11-10,B
1233536,2019-08-20,B,2019-08-20,B
1233549,2018-11-10,B,2018-11-10,B
1233641,2020-06-16,B,2020-06-16,B
1233675,2020-05-04,B,2020-05-04,B
1234021,2021-05-10,B,2021-05-10,B
1234101,2019-11-22,B,2019-11-22,B
1234123,2019-08-20,B,2019-08-20,B
1234175,2020-02-03,B,2020-02-03,B
1234312,2018-11-12,B,2021-07-15,B
1234341,2018-11-12,B,2018-11-12,B
1234494,2018-11-10,B,2018-11-10,B
1234732,2020-03-07,B,2020-03-07,B
1234774,2018-11-12,B,2018-11-12,B
1234811,2020-02-03,B,2020-02-03,B
1234846,2018-11-13,B,2018-11-13,B
1234919,2020-06-16,B,2020-06-16,B
1234936,2018-07-21,B,2018-07-21,B
1234950,2019-12-08,B,2019-12-08,B
1235065,2020-02-03,B,2020-02-03,B
1235172,2020-01-18,B,2020-01-18,B
1235232,2018-09-11,B,2018-09-11,B
1235489,2019-08-20,B,2019-08-20,B
1235546,2019-05-17,B,2019-05-17,B
1235810,2018-11-13,B,2018-11-13,B
1235811,2020-02-13,B,2020-02-13,B
1235855,2018-06-26,B,2018-06-26,B
1236040,2019-12-08,B,2019-12-08,B
1236275,2018-11-10,B,2018-11-10,B
1236350,2018-11-12,B,2018-11-12,B
1236394,2020-02-26,B,2020-02-26,B
1236398,2019-08-20,B,2019-08-20,B
1236637,2020-02-03,B,2020-02-03,B
1236800,2018-11-10,B,2018-11-10,B
1236854,2021-05-25,B,2021-05-25,B
1236856,2018-11-10,B,2018-11-10,B
1236915,2019-11-26,B,2019-11-26,B
1236955,2019-08-20,B,2019-08-20,B
1236993,2019-12-08,B,2019-12-08,B
1237050,2021-06-18,B,2021-06-18,B
1237093,2018-11-11,B,2018-11-11,B
1237162,2018-11-13,B,2018-11-13,B
1237192,2020-02-13,B,2020-02-13,B
1237261,2018-11-11,B,2018-11-11,B
1237335,2018-06-26,B,2018-06-26,B
1237415,2019-04-24,B,2019-04-24,B
1237479,2019-12-26,B,2019-12-26,B
1237500,2018-11-10,B,2018-11-10,B
1237554,2019-08-20,B,2019-08-20,B
1237557,2018-12-10,B,2018-12-10,B
1237608,2019-11-26,B,2019-11-26,B
1237646,2020-03-14,B,2020-03-14,B
1237747,2015-03-03,B,2015-03-03,B
1237808,2018-11-10,B,2018-11-10,B
1237953,2018-07-10,B,2018-07-10,B
1238042,2020-02-03,B,2020-02-03,B
1238161,2018-07-21,B,2018-07-21,B
1238197,2019-08-20,B,2019-08-20,B
1238288,2018-11-10,B,2018-11-10,B
1238325,2019-12-08,B,2019-12-08,B
1238417,2019-12-08,B,2019-12-08,B
1238508,2018-11-10,B,2018-11-10,B
1238763,2018-11-11,B,2018-11-11,B
1238782,2019-08-20,B,2019-08-20,B
1238953,2019-08-20,B,2019-08-20,B
1238992,2018-11-10,B,2018-11-10,B
1239079,2018-12-12,B,2018-12-12,B
1239092,2018-11-13,B,2018-11-13,B
1239148,2019-08-20,B,2019-08-20,B
1239226,2019-08-20,B,2019-08-20,B
1239482,2018-07-09,B,2018-07-09,B
1239483,2019-08-20,B,2019-08-20,B
1239725,2021-05-13,B,2026-02-01,B
1239841,2019-08-20,B,2019-08-20,B
1239909,2018-11-10,B,2018-11-10,B
1240402,2020-04-29,P,2020-04-29,P
1240484,2020-12-01,B,2020-12-01,B
1240506,2018-11-10,B,2018-11-10,B
1240838,2020-01-18,B,2020-01-18,B
1240870,2019-08-20,B,2019-08-20,B
1240927,2018-11-10,B,2018-11-10,B
1241111,2020-02-18,B,2020-02-18,B
1241169,2018-11-10,B,2018-11-10,B
1241174,2018-11-10,B,2018-11-10,B
1241230,2018-11-10,B,2018-11-10,B
1241270,2020-05-04,B,2020-05-04,B
1241399,2020-02-03,B,2020-02-03,B
1241550,2019-08-20,B,2019-08-20,B
1241587,2020-02-13,B,2020-02-13,B
1241606,2018-11-11,B,2018-11-11,B
1241690,2020-04-09,B,2020-04-09,B
1241691,2018-11-10,B,2018-11-10,B
1241708,2019-08-20,B,2019-08-20,B
1241850,2018-11-13,B,2018-11-13,B
1241933,2018-11-10,B,2018-11-10,B
1242004,2018-11-10,B,2018-11-10,B
1242114,2020-12-01,B,2020-12-01,B
1242143,2018-11-11,B,2018-11-11,B
1242156,2018-11-10,B,2018-11-10,B
1242162,2020-02-03,B,2020-02-03,B
1242368,2020-12-01,B,2020-12-01,B
1242406,2021-01-29,B,2021-01-29,B
1242591,2020-02-13,B,2020-02-13,B
1242797,2018-11-13,B,2018-11-13,B
1242836,2018-11-11,B,2018-11-11,B
1242973,2018-11-10,B,2018-11-10,B
1242987,2019-08-10,B,2019-08-10,B
1243011,2018-11-10,B,2018-11-10,B
1243017,2018-11-12,B,2018-11-12,B
1243049,2021-05-10,B,2021-05-10,B
1243105,2018-11-11,B,2018-11-11,B
1243205,2021-06-18,B,2021-06-18,B
1243595,2018-11-13,B,2018-11-13,B
1243783,2019-08-20,B,2019-08-20,B
1243786,2018-11-10,B,2018-11-10,B
1243790,2018-11-11,B,2018-11-11,B
1243896,2020-04-09,B,2020-04-09,B
1243915,2018-11-10,B,2018-11-10,B
1244103,2018-11-10,B,2018-11-10,B
1244115,2019-12-08,B,2019-12-08,B
1244178,2019-08-20,B,2019-08-20,B
1244192,2021-05-14,B,2021-05-14,B
1244386,2018-11-10,B,2018-11-10,B
1244397,2021-04-17,B,2021-04-17,B
1244451,2018-09-04,B,2018-09-04,B
1244514,2018-11-10,B,2018-11-10,B
1244615,2019-11-26,B,2019-11-26,B
1244897,2018-11-10,B,2018-11-10,B
1244945,2018-11-10,B,2018-11-10,B
1245013,2020-06-16,B,2020-06-16,B
1245111,2020-02-03,B,2020-02-03,B
1245126,2018-11-10,B,2018-11-10,B
1245187,2018-11-13,B,2018-11-13,B
1245314,2018-11-10,B,2018-11-10,B
1245380,2018-09-18,B,2018-09-18,B
1245383,2018-09-18,B,2018-09-18,B
1245581,2021-06-23,B,2021-06-23,B
1245891,2019-11-22,B,2019-11-22,B
1245946,2018-11-10,B,2018-11-10,B
1246027,2018-12-31,B,2018-12-31,B
1246073,2019-08-20,B,2019-08-20,B
1246183,2020-09-19,B,2020-09-19,B
1246195,2018-11-10,B,2018-11-10,B
1246375,2018-11-13,B,2021-12-05,B
1246415,2018-11-10,B,2018-11-10,B
1246688,2019-11-22,B,2019-11-22,B
1246909,2020-02-13,B,2020-02-13,B
1247073,2018-10-16,B,2018-10-16,B
1247096,2020-01-23,B,2020-01-23,B
1247131,2020-04-28,B,2020-04-28,B
1247242,2020-02-03,B,2020-02-03,B
1247280,2018-12-23,B,2018-12-23,B
1247306,2020-01-18,B,2020-01-18,B
1247389,2018-11-10,B,2018-11-10,B
1247454,2018-08-16,B,2018-08-16,B
1247507,2019-08-20,B,2019-08-20,B
1247639,2020-06-16,B,2020-06-16,B
1247644,2018-11-10,B,2018-11-10,B
1247740,2019-02-14,B,2019-02-14,B
1247935,2018-11-10,B,2018-11-10,B
1247999,2018-11-12,B,2021-07-15,B
1248078,2018-11-10,B,2018-11-10,B
1248090,2018-11-10,B,2018-11-10,B
1248268,2018-11-10,B,2018-11-10,B
1248333,2019-11-22,B,2019-11-22,B
1248346,2020-09-17,B,2020-09-17,B
1248355,2018-11-10,B,2018-11-10,B
1248430,2021-05-11,B,2021-05-11,B
1248439,2018-11-12,B,2018-11-12,B
1248549,2018-11-13,B,2018-11-13,B
1248551,2018-11-12,B,2018-11-12,B
1248960,2018-11-10,B,2018-11-10,B
1249094,2018-11-10,B,2018-11-10,B
1249164,2018-10-16,B,2018-10-16,B
1249198,2018-11-13,B,2018-11-13,B
1249220,2019-08-20,B,2019-08-20,B
1249232,2020-12-08,B,2020-12-08,B
1249289,2018-12-17,B,2018-12-17,B
1249302,2019-09-11,B,2019-09-11,B
1249313,2020-02-03,B,2020-02-03,B
1249411,2018-07-21,B,2018-07-21,B
1249479,2019-08-20,B,2019-08-20,B
1249510,2019-08-20,B,2019-08-20,B
1249665,2018-11-10,B,2018-11-10,B
1249715,2018-11-13,B,2021-12-05,B
1249867,2018-11-10,B,2018-11-10,B
1249990,2020-01-18,B,2020-01-18,B
1249992,2020-04-09,B,2020-04-09,B
1250236,2018-11-13,B,2018-11-13,B
1250321,2018-11-10,B,2018-11-10,B
1250383,2019-08-20,B,2019-08-20,B
1250476,2015-03-03,B,2015-03-03,B
1250763,2018-11-12,B,2018-11-12,B
1250812,2020-02-13,B,2020-02-13,B
1250823,2018-11-10,B,2018-11-10,B
1250826,2018-09-26,B,2018-09-26,B
1250876,2018-11-10,B,2018-11-10,B
1250909,2019-08-20,B,2019-08-20,B
1250999,2018-11-10,B,2018-11-10,B
1251001,2020-02-13,B,2020-02-13,B
1251071,2020-04-09,B,2020-04-09,B
1251078,2015-03-03,B,2015-03-03,B
1251205,2018-11-10,B,2018-11-10,B
1251248,2020-12-01,B,2020-12-01,B
1251344,2018-11-10,B,2018-11-10,B
1251477,2020-01-11,B,2020-01-11,B
1251667,2018-11-10,B,2018-11-10,B
1251714,2018-09-18,B,2018-09-18,B
1252221,2020-06-12,B,2020-06-12,B
1252343,2018-11-10,B,2018-11-10,B
1252452,2018-11-10,B,2018-11-10,B
1252498,2018-11-10,B,2018-11-10,B
1252506,2018-11-12,B,2018-11-12,B
1252684,2019-02-16,B,2019-02-16,B
1252816,2018-11-10,B,2018-11-10,B
1252888,2020-12-22,B,2020-12-22,B
1252890,2018-11-12,B,2018-11-12,B
1252894,2018-12-31,B,2018-12-31,B
1252969,2018-09-11,B,2018-09-11,B
1253001,2018-11-10,B,2018-11-10,B
1253095,2018-11-10,B,2018-11-10,B
1253277,2018-11-13,B,2018-11-13,B
1253416,2020-02-13,B,2020-02-13,B
1253773,2020-04-09,B,2020-04-09,B
1253862,2021-01-29,LB,2021-01-29,LB
1253978,2021-02-26,LB,2021-02-26,LB
1254062,2020-09-21,LB,2020-09-21,LB
1254319,2021-01-12,LB,2021-01-12,LB
1254479,2021-10-05,VUS,2024-08-02,VUS
1254690,2021-02-27,LB,2021-02-27,LB
1254745,2021-01-29,LB,2021-01-29,LB
1254991,2020-12-01,B,2020-12-01,B
1255024,2018-11-13,B,2018-11-13,B
1255603,2021-09-01,LP,2021-09-01,LP
1255604,2021-09-01,VUS,2021-09-01,VUS
1256479,2021-04-12,VUS,2023-05-23,VUS
1256480,2021-02-04,LP,2021-02-04,LP
1256481,2021-03-11,VUS,2021-03-11,VUS
1256482,2020-11-16,P,2020-11-16,P
1256483,2021-01-07,VUS,2022-06-22,VUS
1256558,2021-03-11,VUS,2021-03-11,VUS
1256559,2021-03-04,LB,2021-10-28,LB
1256560,2020-09-25,LB,2025-08-04,LB
1256634,2018-07-10,B,2018-07-10,B
1256673,2020-01-26,B,2020-01-26,B
1256746,2018-11-11,B,2018-11-11,B
1256901,2020-02-03,B,2020-02-03,B
1257031,2021-01-29,B,2021-01-29,B
1257193,2021-04-17,B,2021-04-17,B
1257287,2020-02-18,B,2020-02-18,B
1257306,2020-04-09,B,2020-04-09,B
1257335,2018-08-07,B,2018-08-07,B
1257486,2020-01-26,B,2020-01-26,B
1257649,2021-05-24,B,2021-05-24,B
1257791,2020-05-03,B,2020-05-03,B
1257966,2018-11-10,B,2018-11-10,B
1257969,2021-05-21,B,2021-05-21,B
1258090,2019-04-24,B,2019-04-24,B
1258167,2020-02-03,B,2020-02-03,B
1258171,2018-11-10,B,2018-11-10,B
1258255,2018-08-30,B,2018-08-30,B
1258275,2020-01-18,B,2020-01-18,B
1258378,2020-01-06,B,2020-01-06,B
1258428,2021-05-20,B,2021-05-20,B
1258617,2019-12-08,B,2019-12-08,B
1258679,2020-02-03,B,2020-02-03,B
1258811,2020-01-18,B,2020-01-18,B
1258835,2021-05-24,B,2021-05-24,B
1258861,2020-09-21,B,2020-09-21,B
1258864,2019-08-21,B,2019-08-21,B
1258869,2018-11-10,B,2018-11-10,B
1258870,2018-07-21,B,2018-07-21,B
1258963,2021-05-31,B,2021-05-31,B
1258978,2019-11-22,B,2019-11-22,B
1258997,2020-04-09,B,2020-04-09,B
1259126,2018-11-10,B,2018-11-10,B
1259287,2019-03-29,B,2023-04-20,B
1259336,2018-07-27,B,2018-07-27,B
1259600,2018-11-10,B,2018-11-10,B
1259614,2018-11-10,B,2018-11-10,B
1259746,2018-09-11,B,2018-09-11,B
1259834,2018-11-10,B,2018-11-10,B
1259910,2020-06-16,B,2020-06-16,B
1260188,2019-08-20,B,2019-08-20,B
1260229,2019-08-20,B,2019-08-20,B
1260289,2020-01-26,B,2020-01-26,B
1260324,2021-02-26,B,2021-02-26,B
1260424,2018-08-16,B,2018-08-16,B
1260445,2019-12-08,B,2019-12-08,B
1260479,2018-07-14,B,2018-07-14,B
1260791,2018-11-15,B,2018-11-15,B
1261096,2018-11-13,B,2018-11-13,B
1261156,2015-03-03,B,2015-03-03,B
1261288,2020-02-13,B,2020-02-13,B
1261429,2019-12-08,B,2019-12-08,B
1261645,2018-11-12,B,2018-11-12,B
1261672,2021-01-29,B,2021-04-07,B
1261717,2018-11-10,B,2018-11-10,B
1261997,2019-08-20,B,2019-08-20,B
1262199,2020-06-12,B,2020-06-12,B
1262572,2019-08-20,B,2019-08-20,B
1262734,2020-03-07,B,2020-03-07,B
1262839,2018-11-12,B,2018-11-12,B
1262864,2018-08-16,B,2018-08-16,B
1262870,2018-11-13,B,2018-11-13,B
1263123,2018-11-10,B,2018-11-10,B
1263182,2020-02-03,B,2020-02-03,B
1263248,2020-06-07,B,2020-06-07,B
1263263,2018-11-12,B,2018-11-12,B
1263344,2020-02-13,B,2020-02-13,B
1263381,2020-06-16,B,2020-06-16,B
1263496,2018-11-12,B,2018-11-12,B
1263570,2021-01-29,B,2021-01-29,B
1263859,2018-11-13,B,2018-11-13,B
1264094,2020-02-03,B,2020-02-03,B
1264145,2019-08-20,B,2019-08-20,B
1264195,2019-06-18,B,2019-06-18,B
1264271,2019-08-20,B,2019-08-20,B
1264371,2020-01-18,B,2020-01-18,B
1264412,2018-11-10,B,2018-11-10,B
1264438,2018-11-13,B,2018-11-13,B
1264660,2020-12-03,B,2020-12-03,B
1265044,2019-08-11,B,2019-08-11,B
1265100,2020-02-03,B,2020-02-03,B
1265208,2018-11-10,B,2018-11-10,B
1265216,2018-06-26,B,2018-06-26,B
1265368,2018-11-12,B,2018-11-12,B
1265446,2018-10-16,B,2018-10-16,B
1265460,2018-11-10,B,2018-11-10,B
1265585,2019-08-20,B,2019-08-20,B
1265648,2019-08-20,B,2019-08-20,B
1265848,2019-08-20,B,2019-08-20,B
1265932,2020-02-03,B,2020-02-03,B
1266027,2018-11-10,B,2018-11-10,B
1266107,2018-11-10,B,2018-11-10,B
1266147,2019-08-20,B,2021-07-15,B
1266379,2018-11-12,B,2018-11-12,B
1266432,2020-06-29,B,2020-06-29,B
1266493,2018-11-10,B,2018-11-10,B
1266556,2020-02-03,B,2020-02-03,B
1266576,2018-07-01,B,2018-07-01,B
1266716,2018-11-10,B,2018-11-10,B
1266842,2020-11-24,B,2020-11-24,B
1266845,2020-02-13,B,2020-02-13,B
1266881,2020-06-16,B,2020-06-16,B
1266907,2021-06-19,B,2021-06-19,B
1267058,2019-08-20,B,2019-08-20,B
1267079,2018-11-10,B,2018-11-10,B
1267183,2018-11-10,B,2018-11-10,B
1267215,2020-12-01,B,2020-12-01,B
1267239,2018-11-12,B,2018-11-12,B
1267257,2019-08-20,B,2019-08-20,B
1267401,2018-11-10,B,2018-11-10,B
1267525,2021-05-25,B,2021-05-25,B
1267628,2018-11-10,B,2018-11-10,B
1267691,2020-01-11,B,2020-01-11,B
1267894,2018-08-30,B,2018-08-30,B
1267911,2018-10-16,B,2018-10-16,B
1267967,2021-04-07,B,2021-10-25,B
1268005,2018-11-13,B,2018-11-13,B
1268083,2019-08-20,B,2019-08-20,B
1268085,2018-11-12,B,2018-11-12,B
1268116,2018-11-11,B,2018-11-11,B
1268159,2018-11-10,B,2018-11-10,B
1268250,2021-05-10,B,2021-05-10,B
1268339,2018-11-10,B,2026-02-04,B
1268384,2020-02-03,B,2020-02-03,B
1268520,2019-11-22,B,2019-11-22,B
1268581,2019-12-08,B,2019-12-08,B
1268704,2019-07-26,B,2019-07-26,B
1268739,2020-01-18,B,2020-01-18,B
1268844,2018-11-10,B,2018-11-10,B
1268856,2015-03-03,B,2015-03-03,B
1268865,2019-08-20,B,2019-08-20,B
1268996,2019-08-20,B,2019-08-20,B
1269181,2019-11-26,B,2019-11-26,B
1269196,2018-11-10,B,2018-11-10,B
1269423,2020-01-26,B,2020-01-26,B
1269592,2018-11-12,B,2018-11-12,B
1269668,2018-11-10,B,2018-11-10,B
1269710,2018-09-18,B,2018-09-18,B
1269731,2020-11-08,B,2020-11-08,B
1269849,2019-12-08,B,2019-12-08,B
1269951,2019-11-22,B,2019-11-22,B
1270030,2018-08-07,B,2018-08-07,B
1270081,2019-12-08,B,2019-12-08,B
1270150,2020-03-02,B,2020-03-02,B
1270262,2020-01-11,B,2020-01-11,B
1270273,2018-11-10,B,2018-11-10,B
1270394,2020-01-18,B,2020-01-18,B
1270527,2019-03-29,B,2019-03-29,B
1270633,2019-02-14,B,2019-02-14,B
1270680,2018-11-12,B,2018-11-12,B
1270683,2020-04-09,B,2020-04-09,B
1270727,2019-12-08,B,2019-12-08,B
1270740,2020-01-18,B,2020-01-18,B
1270769,2020-12-08,B,2020-12-08,B
1270789,2020-06-16,B,2020-06-16,B
1270889,2021-01-29,B,2021-01-29,B
1270962,2020-02-13,B,2020-02-13,B
1270964,2021-06-18,B,2021-06-18,B
1271006,2018-11-11,B,2018-11-11,B
1271082,2020-06-16,B,2020-06-16,B
1271149,2019-12-08,B,2019-12-08,B
1271203,2018-11-10,B,2018-11-10,B
1271205,2018-11-10,B,2018-11-10,B
1271218,2019-12-08,B,2019-12-08,B
1271283,2020-01-11,B,2020-01-11,B
1271487,2020-02-13,B,2020-02-13,B
1271610,2018-11-12,B,2018-11-12,B
1271747,2019-11-22,B,2019-11-22,B
1271935,2019-08-20,B,2021-07-15,B
1271974,2020-12-08,B,2020-12-08,B
1272704,2019-08-20,B,2019-08-20,B
1272906,2018-08-16,B,2018-08-16,B
1273018,2018-11-12,B,2018-11-12,B
1273100,2020-02-13,B,2020-02-13,B
1273120,2018-08-07,B,2018-08-07,B
1273122,2018-11-10,B,2018-11-10,B
1273162,2019-02-14,B,2019-02-14,B
1273244,2019-08-20,B,2019-08-20,B
1273304,2018-11-12,B,2018-11-12,B
1273471,2020-02-03,B,2020-02-03,B
1273566,2018-09-11,B,2018-09-11,B
1273636,2020-12-08,B,2020-12-08,B
1273647,2020-01-18,B,2020-01-18,B
1273648,2020-04-09,B,2020-04-09,B
1273960,2018-11-12,B,2018-11-12,B
1274062,2021-01-24,B,2021-01-24,B
1274403,2020-06-16,B,2020-06-16,B
1274794,2018-11-11,B,2018-11-11,B
1274895,2018-11-10,B,2018-11-10,B
1274925,2020-04-04,B,2020-04-04,B
1274962,2019-08-20,B,2019-08-20,B
1275061,2021-05-18,B,2021-05-18,B
1275100,2020-02-13,B,2020-02-13,B
1275155,2020-11-11,B,2026-01-27,B
1275256,2021-04-17,B,2021-04-17,B
1275322,2018-11-10,B,2018-11-10,B
1275408,2020-03-02,B,2020-03-02,B
1275480,2018-11-13,B,2018-11-13,B
1275690,2018-11-13,B,2018-11-13,B
1275803,2021-09-15,LP,2022-04-06,LP
1275932,2020-02-18,B,2020-02-18,B
1275984,2019-05-17,B,2019-05-17,B
1276006,2018-08-07,B,2024-08-20,B
1276047,2020-12-08,B,2020-12-08,B
1276065,2020-04-09,B,2020-04-09,B
1276324,2019-08-20,B,2019-08-20,B
1276340,2019-08-20,B,2019-08-20,B
1276355,2018-11-10,B,2018-11-10,B
1276372,2021-04-17,B,2021-04-17,B
1276462,2020-01-26,B,2020-01-26,B
1276681,2020-12-01,B,2020-12-01,B
1276706,2018-11-10,B,2018-11-10,B
1276791,2019-08-20,B,2019-08-20,B
1277064,2020-12-08,B,2020-12-08,B
1277091,2019-10-02,B,2019-10-02,B
1277178,2019-08-20,B,2019-08-20,B
1277184,2018-11-10,B,2018-11-10,B
1277187,2018-11-10,B,2018-11-10,B
1277228,2019-08-20,B,2019-08-20,B
1277406,2018-11-10,B,2018-11-10,B
1277417,2018-11-10,B,2018-11-10,B
1277450,2018-11-10,B,2018-11-10,B
1277585,2018-10-16,B,2018-10-16,B
1277645,2019-08-20,B,2019-08-20,B
1277648,2019-08-20,B,2019-08-20,B
1277698,2018-11-10,B,2018-11-10,B
1277733,2018-11-10,B,2018-11-10,B
1277735,2021-05-14,B,2021-05-14,B
1277742,2020-01-11,B,2020-01-11,B
1278170,2018-11-12,B,2018-11-12,B
1278297,2018-11-12,B,2018-11-12,B
1278355,2020-04-09,B,2020-04-09,B
1278616,2018-10-16,B,2018-10-16,B
1278618,2018-11-10,B,2018-11-10,B
1278639,2018-11-11,B,2018-11-11,B
1278655,2020-01-26,B,2020-01-26,B
1278674,2019-11-22,B,2019-11-22,B
1278687,2019-12-08,B,2019-12-08,B
1278691,2018-07-27,B,2018-07-27,B
1279049,2018-11-10,B,2018-11-10,B
1279079,2020-01-11,B,2020-01-11,B
1279158,2020-05-25,B,2020-05-25,B
1279211,2019-11-26,B,2019-11-26,B
1279349,2019-08-20,B,2019-08-20,B
1279356,2018-11-10,B,2018-11-10,B
1279392,2018-11-10,B,2018-11-10,B
1279395,2019-08-20,B,2019-08-20,B
1279514,2018-11-12,B,2018-11-12,B
1279522,2020-04-09,B,2020-04-09,B
1279531,2020-01-26,B,2020-01-26,B
1279552,2018-11-12,B,2018-11-12,B
1279613,2020-06-16,B,2020-06-16,B
1279783,2020-02-03,B,2020-02-03,B
1279939,2018-11-10,B,2018-11-10,B
1279952,2021-04-05,B,2021-04-05,B
1279980,2020-02-03,B,2020-02-03,B
1280004,2018-11-10,B,2018-11-10,B
1280067,2020-02-03,B,2020-02-03,B
1280107,2020-01-23,B,2020-01-23,B
1280178,2019-11-26,B,2019-11-26,B
1280297,2018-12-17,B,2018-12-17,B
1280405,2018-11-11,B,2018-11-11,B
1280604,2020-12-01,B,2020-12-01,B
1280688,2018-10-24,B,2018-10-24,B
1280722,2020-06-16,B,2020-06-16,B
1280765,2018-11-10,B,2018-11-10,B
1280834,2018-11-11,B,2018-11-11,B
1280975,2018-11-10,B,2018-11-10,B
1281313,2018-11-10,B,2018-11-10,B
1281432,2018-11-10,B,2018-11-10,B
1281674,2020-01-11,B,2020-01-11,B
1281750,2018-11-10,B,2018-11-10,B
1281821,2018-11-10,B,2018-11-10,B
1282058,2020-04-09,B,2020-04-09,B
1282104,2020-02-13,B,2020-02-13,B
1282107,2018-10-16,B,2018-10-16,B
1282138,2018-11-10,B,2018-11-10,B
1282207,2018-11-13,B,2018-11-13,B
1282224,2019-11-26,B,2019-11-26,B
1282239,2019-08-20,B,2019-08-20,B
1282293,2018-11-13,B,2018-11-13,B
1282300,2018-09-11,B,2018-09-11,B
1282351,2018-11-10,B,2018-11-10,B
1282355,2020-02-13,B,2020-02-13,B
1282424,2020-01-18,B,2020-01-18,B
1282503,2018-11-13,B,2018-11-13,B
1282510,2019-08-20,B,2019-08-20,B
1282526,2021-04-16,B,2021-04-16,B
1282586,2019-11-07,B,2019-11-07,B
1282591,2018-11-12,B,2018-11-12,B
1282618,2020-04-09,B,2020-04-09,B
1282636,2020-02-13,B,2020-02-13,B
1282647,2020-03-07,B,2020-03-07,B
1282847,2020-05-14,B,2020-05-14,B
1283016,2018-11-10,B,2018-11-10,B
1283037,2020-01-18,B,2020-01-18,B
1283080,2020-02-13,B,2020-02-13,B
1283135,2020-02-03,B,2020-02-03,B
1283317,2020-06-07,B,2020-06-07,B
1283486,2021-05-10,B,2021-05-10,B
1283663,2018-11-13,B,2018-11-13,B
1283674,2019-12-08,B,2019-12-08,B
1283958,2018-06-24,B,2018-06-24,B
1283984,2021-05-25,B,2021-05-25,B
1284126,2018-10-16,B,2018-10-16,B
1284166,2020-04-09,B,2020-04-09,B
1284446,2020-06-07,B,2021-10-23,B
1284899,2021-12-16,LB,2025-09-01,LB
1285352,2021-08-10,B,2026-01-11,B
1285647,2018-08-16,B,2018-08-16,B
1285701,2021-05-25,B,2021-05-25,B
1285708,2018-11-12,B,2018-11-12,B
1285728,2019-08-20,B,2019-08-20,B
1285909,2018-11-10,B,2018-11-10,B
1285996,2020-01-18,B,2020-01-18,B
1286044,2019-08-20,B,2019-08-20,B
1286088,2018-11-11,B,2018-11-11,B
1286093,2018-11-13,B,2018-11-13,B
1286134,2020-10-16,B,2020-10-16,B
1286137,2018-11-10,B,2018-11-10,B
1286163,2018-11-10,B,2018-11-10,B
1286228,2019-04-24,B,2019-04-24,B
1286257,2019-09-01,B,2019-09-01,B
1286295,2020-02-18,B,2020-02-18,B
1286454,2018-11-10,B,2018-11-10,B
1286530,2019-12-08,B,2019-12-08,B
1286560,2020-01-18,B,2020-01-18,B
1286585,2018-11-12,B,2018-11-12,B
1286709,2020-01-11,B,2020-01-11,B
1286736,2019-08-20,B,2019-08-20,B
1286790,2021-02-25,B,2021-02-25,B
1286799,2018-11-10,B,2018-11-10,B
1286808,2020-06-16,B,2020-06-16,B
1286917,2018-08-16,B,2018-08-16,B
1286936,2018-11-12,B,2018-11-12,B
1286937,2020-04-09,B,2020-04-09,B
1287171,2018-11-10,B,2018-11-10,B
1287173,2018-11-12,B,2021-07-15,B
1287182,2018-11-10,B,2018-11-10,B
1287286,2018-11-10,B,2018-11-10,B
1287539,2021-06-09,B,2026-01-28,B
1287567,2020-07-10,B,2020-07-10,B
1287605,2019-12-08,B,2019-12-08,B
1287628,2020-06-12,B,2020-06-12,B
1287737,2019-08-20,B,2019-08-20,B
1287765,2018-11-12,B,2018-11-12,B
1287766,2018-11-12,B,2018-11-12,B
1287857,2018-11-10,B,2018-11-10,B
1287890,2020-02-13,B,2020-02-13,B
1287982,2021-06-08,B,2021-06-08,B
1288193,2019-06-18,B,2025-09-24,B
1288415,2019-02-16,B,2019-02-16,B
1288517,2019-12-08,B,2019-12-08,B
1288541,2019-11-26,B,2019-11-26,B
1288585,2020-06-16,B,2020-06-16,B
1288627,2018-11-10,B,2018-11-10,B
1288632,2019-11-22,B,2019-11-22,B
1288670,2021-02-14,B,2021-02-14,B
1288682,2020-04-09,B,2020-04-09,B
1288695,2019-08-20,B,2019-08-20,B
1288714,2018-11-10,B,2018-11-10,B
1288727,2019-08-20,B,2019-08-20,B
1288788,2018-11-10,B,2018-11-10,B
1289089,2018-11-11,B,2018-11-11,B
1289105,2020-06-07,B,2020-06-07,B
1289400,2020-05-25,B,2020-05-25,B
1289511,2018-11-13,B,2018-11-13,B
1289522,2018-11-10,B,2018-11-10,B
1289535,2018-11-10,B,2018-11-10,B
1289718,2020-02-13,B,2020-02-13,B
1289850,2019-11-06,B,2019-11-06,B
1289882,2020-03-07,B,2020-03-07,B
1289891,2021-05-21,B,2021-05-21,B
1289977,2018-11-12,B,2018-11-12,B
1290004,2019-09-03,B,2019-09-03,B
1290067,2018-11-13,B,2018-11-13,B
1290194,2020-02-13,B,2020-02-13,B
1290198,2018-09-18,B,2018-09-18,B
1290264,2020-04-09,B,2020-04-09,B
1290356,2018-11-10,B,2018-11-10,B
1290372,2020-01-26,B,2020-01-26,B
1290434,2021-05-13,B,2021-05-13,B
1290600,2020-03-02,B,2020-03-02,B
1290659,2018-11-12,B,2018-11-12,B
1290690,2018-11-10,B,2018-11-10,B
1290872,2020-03-07,B,2020-03-07,B
1291490,2018-07-27,B,2018-07-27,B
1291630,2019-08-26,B,2019-08-26,B
1291758,2020-02-13,B,2020-02-13,B
1291856,2020-05-04,B,2020-05-04,B
1291952,2018-11-11,B,2018-11-11,B
1291976,2015-03-03,B,2015-03-03,B
1291996,2019-08-20,B,2019-08-20,B
1292036,2018-11-10,B,2018-11-10,B
1292429,2015-03-03,B,2015-03-03,B
1293162,2019-08-20,B,2019-08-20,B
1293179,2020-03-07,B,2020-03-07,B
1293425,2018-06-26,B,2018-06-26,B
1293761,2018-07-09,B,2018-07-09,B
1294120,2018-11-10,B,2018-11-10,B
1294519,2019-11-22,B,2019-11-22,B
1294537,2020-01-26,B,2020-01-26,B
1294539,2020-01-26,B,2020-01-26,B
1294544,2020-01-26,B,2020-01-26,B
1294832,2021-05-12,B,2021-05-12,B
1294877,2019-08-20,B,2019-08-20,B
1294888,2018-11-12,B,2018-11-12,B
1294898,2019-08-20,B,2019-08-20,B
1294945,2018-11-12,B,2018-11-12,B
1294995,2018-11-12,B,2018-11-12,B
1295091,2021-06-19,B,2021-06-19,B
1295132,2018-11-12,B,2018-11-12,B
1295162,2019-08-20,B,2019-08-20,B
1295171,2018-11-10,B,2018-11-10,B
1295177,2018-11-10,B,2018-11-10,B
1295187,2018-11-10,B,2018-11-10,B
1295211,2018-11-10,B,2018-11-10,B
1295221,2018-11-10,B,2018-11-10,B
1295230,2018-11-11,B,2018-11-11,B
1295537,2020-01-11,B,2020-01-11,B
1295539,2020-01-18,B,2020-01-18,B
1295541,2019-08-20,B,2021-04-07,B
1295542,2019-08-20,B,2019-08-20,B
1295544,2019-12-08,B,2019-12-08,B
1295545,2019-08-20,B,2019-08-20,B
1295547,2019-08-20,B,2019-08-20,B
1295548,2019-12-08,B,2019-12-08,B
1295961,2019-12-08,B,2019-12-08,B
1296172,2021-05-26,B,2021-05-26,B
1296218,2020-06-07,B,2020-06-07,B
1296686,2018-09-04,B,2018-09-04,B
1296726,2018-10-09,B,2018-10-09,B
1296755,2019-08-20,B,2019-08-20,B
1296823,2019-08-20,B,2019-08-20,B
1296824,2018-11-12,B,2018-11-12,B
1296826,2018-11-12,B,2018-11-12,B
1296834,2018-11-25,B,2018-11-25,B
1297408,2021-05-16,B,2021-05-16,B
1297833,2018-11-10,B,2018-11-10,B
1297841,2018-11-10,B,2018-11-10,B
1297888,2018-11-10,B,2018-11-10,B
1297897,2018-11-12,B,2018-11-12,B
1299206,2021-07-01,LB,2021-07-01,LB
1299395,2021-05-18,VUS,2024-05-09,VUS
1299750,2021-10-05,P,2025-10-13,P
1299751,2021-10-05,LP,2025-06-24,LP
1299752,2021-10-05,LP,2024-04-06,LP
1299753,2021-10-05,P,2021-10-05,P
1299754,2021-10-05,P,2024-01-22,P
1299822,2025-12-31,LB,2025-12-31,LB
1300570,2021-10-09,B,2021-10-09,B
1300657,2020-05-03,LB,2020-05-03,LB
1300691,2020-05-05,LB,2020-05-05,LB
1300862,2019-07-26,LB,2019-07-26,LB
1301322,2021-09-22,VUS,2021-09-22,VUS
1301323,2021-09-22,LP,2021-09-22,LP
1301688,2020-11-01,VUS,2020-11-01,VUS
1302796,2019-11-19,B,2025-12-26,B
1302827,2021-06-25,B,2021-06-25,B
1303097,2020-02-07,VUS,2020-02-07,VUS
1303130,2019-08-19,VUS,2025-10-24,VUS
1303491,2019-04-29,VUS,2019-04-29,VUS
1303801,2020-01-15,VUS,2020-01-15,VUS
1305021,2019-04-11,VUS,2025-04-07,VUS
1305168,2019-04-18,VUS,2019-04-18,VUS
1305615,2019-04-25,VUS,2019-04-25,VUS
1306000,2022-05-23,VUS,2022-05-23,VUS
1306289,2019-06-10,VUS,2019-06-10,VUS
1306324,2019-05-31,VUS,2019-05-31,VUS
1306471,2019-03-11,VUS,2019-03-11,VUS
1306737,2019-06-25,VUS,2019-06-25,VUS
1306903,2019-07-05,VUS,2019-07-05,VUS
1307350,2019-07-23,VUS,2025-08-03,VUS
1307619,2019-08-14,VUS,2024-02-14,VUS
1308485,2019-03-29,VUS,2019-03-29,VUS
1308675,2025-03-10,P,2025-03-10,P
1308690,2021-04-18,P,2021-04-18,P
1309466,2020-05-14,VUS,2025-10-27,VUS
1309474,2019-11-06,VUS,2023-11-22,VUS
1312086,2019-09-13,VUS,2019-09-13,VUS
1312285,2019-09-24,VUS,2019-09-24,VUS
1312719,2020-06-17,VUS,2020-06-17,VUS
1312811,2020-06-25,VUS,2023-10-26,VUS
1312891,2024-04-03,VUS,2025-07-06,VUS
1312957,2020-07-06,VUS,2020-07-06,VUS
1313362,2021-12-14,VUS,2024-02-06,VUS
1314885,2020-02-01,VUS,2020-02-01,VUS
1315493,2020-02-27,VUS,2020-02-27,VUS
1315840,2019-09-23,LB,2019-09-23,LB
1315856,2021-05-28,VUS,2021-05-28,VUS
1316123,2019-07-17,LB,2019-07-17,LB
1316461,2019-10-07,LB,2019-10-07,LB
1316609,2020-01-23,LB,2020-01-23,LB
1316610,2018-11-10,LB,2018-11-10,LB
1316611,2018-11-10,LB,2018-11-10,LB
1316613,2018-11-10,LB,2018-11-10,LB
1316614,2020-03-02,LB,2020-03-02,LB
1317247,2020-03-02,LB,2020-03-02,LB
1317558,2019-12-08,LB,2019-12-08,LB
1317864,2020-09-17,LB,2020-09-17,LB
1318259,2020-06-07,LB,2020-06-07,LB
1318390,2020-08-06,LB,2020-08-06,LB
1318391,2020-07-10,LB,2020-07-10,LB
1318412,2021-04-27,LB,2021-04-27,LB
1318453,2022-06-30,VUS,2025-11-04,VUS
1318516,2021-04-16,LB,2021-04-16,LB
1318766,2023-08-30,VUS,2024-03-21,VUS
1319286,2021-11-03,VUS,2021-11-03,VUS
1320252,2021-10-02,LP,2021-10-02,LP
1320258,2021-08-23,P,2025-07-29,P
1320593,2020-01-18,LB,2020-01-18,LB
1321003,2021-02-03,LB,2021-02-03,LB
1321363,2021-10-11,VUS,2021-10-11,VUS
1321391,2021-10-19,VUS,2021-12-15,VUS
1321412,2021-10-23,VUS,2021-10-23,VUS
1321420,2021-10-25,VUS,2021-10-25,VUS
1321439,2021-10-29,LP,2021-10-29,LP
1321537,2021-05-11,LB,2021-05-11,LB
1322093,2022-01-13,LP,2022-01-13,LP
1322095,2019-11-22,P,2019-11-22,P
1322863,2020-11-04,P,2026-01-12,P
1323616,2022-01-26,P,2022-01-26,P
1323841,2020-06-02,P,2020-06-02,P
1323843,2021-04-09,P,2025-03-20,P
1323856,2022-02-07,P,2025-03-19,P
1323866,2021-10-12,LP,2021-10-12,LP
1323868,2021-10-11,LP,2021-10-11,LP
1323924,2020-04-05,LP,2020-04-05,LP
1324089,2021-05-14,LP,2021-05-14,LP
1324203,2019-03-11,LP,2019-03-11,LP
1324829,2021-05-03,LP,2021-05-03,LP
1325085,2019-05-10,LP,2019-05-10,LP
1325092,2021-10-16,LP,2021-10-16,LP
1325099,2021-05-14,LP,2021-05-14,LP
1325100,2021-05-14,LP,2024-05-20,LP
1326028,2021-05-19,LB,2021-05-19,LB
1326307,2021-11-04,P,2021-11-04,P
1326479,2020-09-17,LB,2020-09-17,LB
1326532,2020-12-13,LB,2020-12-13,LB
1326609,2021-05-08,LB,2021-05-08,LB
1326635,2021-05-26,LB,2021-05-26,LB
1327201,2021-05-15,LB,2021-05-15,LB
1328115,2021-10-01,P,2021-10-01,P
1328340,2019-06-28,LB,2019-06-28,LB
1328470,2021-12-02,P,2024-01-04,P
1328631,2021-02-27,LB,2021-02-27,LB
1328640,2021-06-17,LB,2021-06-17,LB
1328643,2021-06-17,LB,2021-06-17,LB
1328810,2021-06-17,LB,2021-06-17,LB
1328890,2021-05-24,LB,2021-05-24,LB
1328935,2021-12-08,P,2024-04-16,P
1328989,2021-11-12,VUS,2026-01-25,VUS
1328990,2021-11-30,VUS,2025-02-23,VUS
1328991,2021-11-23,VUS,2022-05-26,VUS
1329560,2021-02-18,LB,2021-02-18,LB
1330177,2021-08-18,P,2021-08-18,P
1330181,2021-09-14,P,2021-09-14,P
1330183,2021-09-23,P,2021-09-23,P
1330294,2021-08-19,P,2021-08-19,P
1330440,2021-01-16,LP,2021-01-16,LP
1330539,2020-12-11,P,2020-12-11,P
1330569,2021-02-05,VUS,2021-02-05,VUS
1330636,2024-07-14,VUS,2025-05-21,VUS
1330736,2021-02-03,P,2021-02-03,P
1330775,2021-01-15,LB,2024-10-16,LB
1330900,2020-10-07,VUS,2025-07-08,VUS
1330956,2021-05-07,VUS,2024-01-23,VUS
1330962,2021-08-06,VUS,2021-10-15,VUS
1331054,2021-09-22,P,2021-09-22,P
1331379,2021-12-10,VUS,2021-12-10,VUS
1331384,2021-12-10,VUS,2021-12-10,VUS
1331429,2021-12-17,VUS,2021-12-17,VUS
1331430,2021-12-17,VUS,2021-12-17,VUS
1333473,2022-01-03,VUS,2022-01-03,VUS
1333489,2022-01-03,LP,2024-04-17,LP
1333541,2021-09-03,VUS,2024-10-12,VUS
1333601,2022-01-03,LP,2022-01-03,LP
1333609,2022-01-03,P,2022-08-22,P
1333621,2025-03-28,LP,2025-09-10,LP
1333645,2022-01-03,VUS,2022-01-03,VUS
1333648,2022-01-03,VUS,2022-01-03,VUS
1333652,2022-01-03,LP,2022-01-03,LP
1333737,2019-05-21,VUS,2019-05-21,VUS
1335452,2021-12-01,VUS,2021-12-01,VUS
1335792,2021-11-01,LP,2021-11-01,LP
1335793,2021-11-01,LP,2021-11-01,LP
1336260,2017-09-05,VUS,2017-09-05,VUS
1336599,2018-03-16,VUS,2018-03-16,VUS
1336601,2018-03-28,LB,2025-11-16,LB
1336606,2018-04-17,VUS,2024-10-15,VUS
1336763,2018-06-15,VUS,2018-06-15,VUS
1336871,2018-10-02,VUS,2018-10-02,VUS
1336901,2018-10-17,VUS,2018-10-17,VUS
1336989,2018-12-31,VUS,2025-12-21,VUS
1337204,2019-05-31,VUS,2019-05-31,VUS
1337271,2019-07-03,VUS,2025-10-13,VUS
1337492,2019-12-26,VUS,2024-06-06,VUS
1337587,2020-03-24,VUS,2020-03-24,VUS
1337790,2020-12-07,VUS,2025-11-21,VUS
1337905,2021-03-31,VUS,2021-03-31,VUS
1338308,2017-09-14,LP,2017-09-14,LP
1338343,2018-05-18,VUS,2024-11-27,VUS
1338399,2018-05-08,LP,2018-05-08,LP
1338424,2018-07-14,P,2018-07-14,P
1338451,2018-10-05,VUS,2024-01-09,VUS
1338475,2019-01-10,VUS,2019-01-10,VUS
1338550,2019-10-16,LP,2019-10-16,LP
1338590,2020-06-19,VUS,2024-04-04,VUS
1338619,2020-12-29,LP,2020-12-29,LP
1338932,2021-02-03,LB,2021-02-03,LB
1339445,2022-02-07,LP,2022-02-07,LP
1339451,2022-02-07,P,2022-02-07,P
1339452,2022-02-07,LP,2022-02-07,LP
1339690,2022-01-13,LP,2022-09-03,LP
1340021,2021-03-01,VUS,2021-03-01,VUS
1340028,2021-03-01,P,2021-03-01,P
1340213,2021-06-08,LP,2021-06-08,LP
1340275,2021-04-01,VUS,2021-04-01,VUS
1340283,2021-04-01,VUS,2021-04-01,VUS
1340335,2021-04-01,VUS,2021-04-01,VUS
1340498,2021-05-01,VUS,2021-05-01,VUS
1340526,2020-09-02,P,2020-09-02,P
1340528,2023-04-20,P,2023-04-20,P
1340600,2021-05-01,VUS,2021-05-01,VUS
1340707,2024-10-21,P,2024-10-21,P
1340782,2020-06-24,LP,2020-06-24,LP
1340836,2020-07-01,VUS,2020-07-01,VUS
1340949,2020-07-18,LB,2020-07-18,LB
1341071,2020-09-28,P,2020-09-28,P
1341097,2025-04-26,VUS,2025-04-26,VUS
1341108,2021-02-01,P,2021-02-01,P
1341115,2021-05-01,LB,2021-05-01,LB
1341168,2020-10-12,P,2020-10-12,P
1341223,2020-10-23,P,2020-10-23,P
1341233,2020-10-20,P,2020-10-20,P
1341257,2020-10-30,P,2020-10-30,P
1341552,2021-11-01,P,2021-11-01,P
1341613,2022-02-08,VUS,2024-03-11,VUS
1341663,2020-12-08,LB,2020-12-08,LB
1341980,2022-02-02,P,2022-02-02,P
1342020,2022-02-21,P,2024-01-23,P
1342087,2021-05-14,LB,2021-05-14,LB
1342088,2021-05-14,LB,2021-05-14,LB
1342118,2021-08-21,LB,2021-08-21,LB
1342526,2020-06-01,VUS,2025-06-25,VUS
1342818,2021-08-26,VUS,2021-08-26,VUS
1343085,2022-03-07,LP,2022-03-07,LP
1343089,2022-03-07,LP,2024-04-27,LP
1343092,2022-03-07,P,2026-01-13,P
1343093,2022-03-07,LP,2022-03-07,LP
1343249,2021-02-10,P,2025-03-10,P
1343421,2022-02-28,VUS,2022-03-03,VUS
1343853,2024-05-10,VUS,2025-01-24,VUS
1343856,2022-03-09,VUS,2022-03-09,VUS
1343874,2021-03-10,LB,2021-03-10,LB
1344666,2019-02-14,P,2025-12-29,P
1344667,2019-02-14,LP,2019-02-14,LP
1344704,2019-10-22,P,2019-10-22,P
1344705,2019-10-22,P,2019-10-22,P
1344881,2017-11-10,LP,2017-11-10,LP
1345109,2020-11-10,VUS,2020-11-10,VUS
1345162,2022-06-24,VUS,2022-06-24,VUS
1345494,2022-10-17,VUS,2022-10-17,VUS
1345495,2022-03-09,VUS,2023-11-25,VUS
1345653,2021-11-09,VUS,2021-11-09,VUS
1345743,2021-01-13,LB,2024-12-02,LB
1345938,2020-12-20,LP,2020-12-20,LP
1346375,2021-08-15,VUS,2021-08-15,VUS
1346430,2022-06-27,VUS,2022-06-27,VUS
1346647,2022-02-04,P,2022-02-04,P
1346816,2022-01-07,LP,2026-01-19,LP
1346895,2022-04-30,LB,2022-04-30,LB
1347075,2022-07-26,VUS,2022-07-26,VUS
1347665,2021-08-16,VUS,2022-05-06,VUS
1348289,2021-07-09,VUS,2024-05-09,VUS
1349140,2021-04-27,VUS,2021-04-27,VUS
1349143,2021-04-27,VUS,2021-04-27,VUS
1349356,2025-09-13,LB,2025-09-13,LB
1349538,2021-11-05,VUS,2021-11-05,VUS
1349648,2021-04-28,VUS,2021-04-28,VUS
1350047,2021-10-29,VUS,2026-03-27,VUS
1350061,2021-02-13,VUS,2021-02-13,VUS
1350127,2022-08-16,LB,2022-08-16,LB
1350336,2021-01-18,P,2021-01-18,P
1350378,2024-03-21,VUS,2025-09-24,VUS
1350443,2021-05-01,VUS,2021-05-01,VUS
1350475,2022-07-05,VUS,2022-07-05,VUS
1350522,2022-04-08,VUS,2025-08-12,VUS
1350578,2023-06-09,LB,2023-06-09,LB
1350658,2022-10-04,VUS,2022-10-04,VUS
1350964,2023-08-30,VUS,2023-08-30,VUS
1351513,2022-06-22,VUS,2024-11-10,VUS
1352118,2021-09-13,VUS,2021-12-31,VUS
1352272,2021-04-18,VUS,2021-04-18,VUS
1352465,2022-10-14,VUS,2024-06-18,VUS
1352529,2021-08-31,VUS,2022-04-12,VUS
1352560,2020-07-18,VUS,2023-10-31,VUS
1352624,2022-02-02,VUS,2023-05-12,VUS
1352868,2021-05-10,VUS,2021-12-20,VUS
1353654,2021-09-17,P,2021-09-17,P
1353812,2021-06-29,VUS,2024-01-22,VUS
1353908,2023-07-11,VUS,2024-03-07,VUS
1354397,2021-12-03,VUS,2021-12-03,VUS
1354540,2022-09-06,VUS,2025-02-28,VUS
1354545,2021-12-15,LB,2023-12-03,LB
1354982,2021-11-01,VUS,2021-11-01,VUS
1355159,2021-08-26,VUS,2024-11-08,VUS
1355202,2021-03-30,VUS,2024-11-09,VUS
1355271,2021-02-03,VUS,2021-02-03,VUS
1356092,2022-01-17,VUS,2023-11-19,VUS
1356296,2022-06-04,VUS,2022-06-04,VUS
1356316,2020-11-26,P,2020-11-26,P
1356408,2022-08-16,VUS,2022-08-16,VUS
1356463,2021-08-30,VUS,2024-06-18,VUS
1356728,2021-10-14,VUS,2021-10-14,VUS
1357161,2021-02-13,VUS,2021-02-13,VUS
1357196,2021-08-20,VUS,2022-05-25,VUS
1357408,2024-03-11,LB,2024-03-11,LB
1357772,2020-12-20,VUS,2020-12-20,VUS
1357916,2021-02-02,VUS,2021-02-02,VUS
1358222,2021-02-23,VUS,2024-12-11,VUS
1358389,2021-12-03,VUS,2026-02-15,VUS
1358593,2022-12-18,VUS,2023-10-08,VUS
1358647,2022-04-06,VUS,2025-10-13,VUS
1358727,2021-08-14,VUS,2021-08-14,VUS
1358884,2024-08-02,VUS,2024-08-02,VUS
1358912,2021-12-14,VUS,2021-12-14,VUS
1359036,2021-06-15,P,2021-06-15,P
1359597,2022-06-17,VUS,2022-06-17,VUS
1359926,2021-06-08,VUS,2021-06-08,VUS
1360030,2022-05-04,VUS,2022-05-04,VUS
1360197,2024-01-18,VUS,2024-01-18,VUS
1361192,2020-02-05,VUS,2024-04-01,VUS
1361222,2023-05-14,VUS,2023-10-22,VUS
1361352,2021-06-15,VUS,2021-06-15,VUS
1361360,2021-08-29,VUS,2021-12-30,VUS
1361551,2021-02-06,P,2021-02-06,P
1361649,2023-08-03,VUS,2023-12-27,VUS
1361655,2021-07-05,P,2021-07-05,P
1361758,2023-08-11,VUS,2023-08-11,VUS
1362413,2021-10-12,VUS,2025-10-21,VUS
1362476,2021-01-04,VUS,2021-01-04,VUS
1362799,2021-12-22,P,2021-12-22,P
1363004,2022-02-13,VUS,2024-01-08,VUS
1363201,2021-02-04,VUS,2021-02-04,VUS
1363404,2024-05-29,VUS,2024-05-29,VUS
1363899,2021-06-24,VUS,2022-03-29,VUS
1364032,2021-01-10,VUS,2021-01-10,VUS
1364090,2021-09-17,VUS,2025-12-15,VUS
1364585,2021-09-15,VUS,2023-10-26,VUS
1364840,2021-09-02,VUS,2025-03-07,VUS
1365049,2022-05-13,VUS,2024-03-05,VUS
1365247,2024-01-31,VUS,2024-01-31,VUS
1365942,2021-08-11,VUS,2021-08-11,VUS
1366179,2024-02-17,LB,2024-02-17,LB
1366778,2022-08-16,VUS,2023-02-13,VUS
1367188,2023-05-22,VUS,2023-05-22,VUS
1367702,2022-06-08,LP,2022-06-08,LP
1367709,2022-02-23,VUS,2024-05-08,VUS
1367722,2022-06-01,VUS,2023-03-31,VUS
1367794,2021-11-11,VUS,2022-09-15,VUS
1367851,2022-04-06,VUS,2025-04-17,VUS
1368032,2025-06-15,LB,2025-06-15,LB
1368152,2022-12-31,VUS,2025-07-30,VUS
1368223,2024-02-24,LB,2024-02-24,LB
1368295,2021-01-31,VUS,2021-01-31,VUS
1369362,2022-05-24,P,2025-09-03,P
1369888,2022-10-09,VUS,2022-10-09,VUS
1370652,2022-01-20,VUS,2022-12-06,VUS
1370698,2021-12-20,VUS,2024-09-09,VUS
1370751,2022-06-06,VUS,2023-12-27,VUS
1370837,2021-10-23,VUS,2025-10-23,VUS
1370843,2021-11-13,VUS,2021-11-13,VUS
1370927,2022-01-08,VUS,2024-01-14,VUS
1370955,2021-10-01,VUS,2024-01-30,VUS
1371097,2021-07-30,VUS,2021-07-30,VUS
1371785,2021-12-02,VUS,2021-12-02,VUS
1372007,2023-12-06,VUS,2023-12-06,VUS
1372014,2025-04-20,VUS,2025-04-20,VUS
1372365,2022-03-24,VUS,2024-03-11,VUS
1372462,2021-11-13,VUS,2023-05-16,VUS
1372852,2024-11-05,VUS,2024-11-05,VUS
1372858,2022-07-18,VUS,2022-07-18,VUS
1372873,2022-11-01,VUS,2024-09-30,VUS
1373054,2022-03-22,VUS,2022-03-22,VUS
1373114,2021-05-26,VUS,2022-01-08,VUS
1373219,2021-10-13,VUS,2021-11-16,VUS
1373420,2024-09-18,P,2024-09-18,P
1373495,2023-08-10,VUS,2023-08-10,VUS
1373583,2021-08-09,VUS,2021-08-09,VUS
1373606,2021-12-02,VUS,2021-12-02,VUS
1373811,2021-08-09,VUS,2021-08-09,VUS
1373925,2021-04-03,VUS,2021-04-03,VUS
1373946,2022-11-18,VUS,2022-11-18,VUS
1374045,2021-02-22,VUS,2021-02-22,VUS
1374104,2021-09-17,VUS,2022-02-03,VUS
1374399,2022-05-14,VUS,2023-10-03,VUS
1374720,2022-03-22,VUS,2022-03-22,VUS
1374763,2024-08-13,VUS,2024-12-12,VUS
1375635,2022-06-14,VUS,2022-08-08,VUS
1375711,2022-08-22,VUS,2022-08-22,VUS
1375830,2024-03-06,VUS,2024-03-06,VUS
1375831,2021-08-25,VUS,2021-08-25,VUS
1375888,2025-01-22,VUS,2025-06-20,VUS
1375998,2022-03-11,VUS,2022-07-13,VUS
1376028,2021-06-26,P,2021-06-26,P
1376192,2020-12-07,VUS,2020-12-07,VUS
1376282,2021-08-19,VUS,2021-08-19,VUS
1376400,2020-12-08,P,2020-12-08,P
1376549,2021-12-31,VUS,2024-04-15,VUS
1376824,2021-08-12,VUS,2021-08-12,VUS
1376895,2022-06-13,VUS,2024-01-22,VUS
1376949,2024-10-16,LB,2024-10-16,LB
1377080,2022-05-26,VUS,2026-01-15,VUS
1377428,2021-03-08,VUS,2021-03-08,VUS
1377560,2020-11-04,P,2020-11-04,P
1377991,2024-01-13,VUS,2024-10-29,VUS
1378083,2022-01-26,VUS,2024-05-28,VUS
1378483,2021-02-18,VUS,2021-02-18,VUS
1378762,2024-02-16,LB,2024-02-16,LB
1378865,2023-07-30,P,2024-06-25,P
1378885,2021-06-07,P,2021-06-07,P
1379485,2021-09-03,VUS,2022-07-05,VUS
1379628,2024-02-17,LB,2024-02-17,LB
1380042,2021-09-01,VUS,2025-06-30,VUS
1380694,2021-09-21,VUS,2021-09-21,VUS
1380785,2023-06-03,VUS,2023-06-03,VUS
1381478,2022-03-31,VUS,2022-03-31,VUS
1381759,2022-08-09,VUS,2022-08-09,VUS
1381899,2023-02-12,VUS,2023-09-25,VUS
1382003,2022-06-06,VUS,2024-03-20,VUS
1382160,2025-04-04,LB,2025-04-04,LB
1382571,2021-11-12,VUS,2024-06-04,VUS
1383070,2021-09-25,VUS,2021-09-25,VUS
1383527,2024-12-22,VUS,2025-07-08,VUS
1384043,2022-09-13,VUS,2025-10-03,VUS
1384273,2022-05-24,VUS,2025-12-08,VUS
1384773,2021-04-04,VUS,2021-04-04,VUS
1384994,2022-01-03,VUS,2023-04-14,VUS
1385435,2021-10-08,VUS,2021-10-08,VUS
1385786,2022-06-13,VUS,2022-06-13,VUS
1385858,2023-09-11,VUS,2023-09-11,VUS
1386260,2021-12-08,VUS,2021-12-08,VUS
1386314,2022-10-03,VUS,2024-04-15,VUS
1386432,2021-08-15,VUS,2021-09-29,VUS
1386527,2022-03-07,VUS,2025-12-24,VUS
1386970,2022-07-19,VUS,2024-05-02,VUS
1387117,2022-02-01,VUS,2022-02-01,VUS
1387232,2021-11-09,VUS,2021-11-09,VUS
1387284,2021-11-06,VUS,2021-11-06,VUS
1387539,2024-10-08,VUS,2024-10-08,VUS
1387726,2024-12-02,VUS,2024-12-02,VUS
1388264,2021-10-20,VUS,2021-10-20,VUS
1388420,2024-05-24,VUS,2025-09-08,VUS
1388422,2021-04-17,VUS,2021-04-17,VUS
1388693,2021-11-03,VUS,2024-05-21,VUS
1389175,2022-04-09,VUS,2023-11-24,VUS
1389736,2021-08-16,P,2021-08-16,P
1389743,2022-01-06,VUS,2022-01-06,VUS
1390048,2024-02-24,LB,2024-02-24,LB
1390125,2021-01-08,P,2021-01-08,P
1390397,2021-09-01,VUS,2025-04-12,VUS
1390549,2023-10-19,VUS,2023-10-19,VUS
1390571,2021-04-28,VUS,2021-04-28,VUS
1390615,2021-09-24,VUS,2023-12-24,VUS
1390833,2021-11-02,VUS,2021-11-02,VUS
1390841,2022-01-04,VUS,2025-03-13,VUS
1391236,2020-11-19,VUS,2021-07-28,VUS
1391466,2025-07-22,VUS,2025-07-22,VUS
1391637,2023-03-04,VUS,2024-03-08,VUS
1391837,2023-05-18,VUS,2023-06-27,VUS
1392231,2021-11-09,VUS,2021-11-09,VUS
1392660,2021-11-11,VUS,2021-11-11,VUS
1393056,2021-09-10,VUS,2021-09-10,VUS
1393124,2023-07-07,VUS,2024-06-20,VUS
1393307,2024-03-04,VUS,2025-01-06,VUS
1393469,2021-11-15,VUS,2021-11-15,VUS
1393795,2022-02-25,VUS,2022-05-25,VUS
1393873,2023-04-30,VUS,2023-04-30,VUS
1393899,2024-07-29,VUS,2024-07-29,VUS
1394090,2021-11-27,VUS,2022-10-13,VUS
1394607,2021-12-02,VUS,2021-12-02,VUS
1394831,2022-08-21,VUS,2024-03-22,VUS
1394901,2021-12-22,VUS,2025-08-25,VUS
1395071,2024-04-30,VUS,2024-05-06,VUS
1395483,2021-06-15,VUS,2023-10-23,VUS
1395853,2021-05-12,VUS,2024-06-10,VUS
1395915,2021-09-09,VUS,2024-03-29,VUS
1396298,2022-09-07,P,2022-09-07,P
1396334,2021-08-05,VUS,2021-08-05,VUS
1396892,2022-07-05,VUS,2025-03-04,VUS
1397176,2021-05-27,VUS,2021-05-27,VUS
1397626,2022-03-26,VUS,2022-03-26,VUS
1397770,2021-10-04,VUS,2023-04-08,VUS
1398193,2026-01-24,LB,2026-01-24,LB
1398300,2024-04-12,VUS,2024-11-25,VUS
1398355,2020-12-19,VUS,2020-12-19,VUS
1398380,2024-02-17,LB,2024-02-17,LB
1398532,2022-05-11,VUS,2022-05-11,VUS
1398899,2021-12-17,VUS,2026-03-01,VUS
1399022,2022-03-22,VUS,2022-03-22,VUS
1399936,2024-01-22,VUS,2024-04-05,VUS
1400036,2022-06-28,VUS,2025-04-11,VUS
1400205,2021-04-14,VUS,2025-04-25,VUS
1400238,2022-03-07,VUS,2024-03-07,VUS
1400312,2022-02-04,VUS,2024-06-12,VUS
1400331,2021-11-29,VUS,2021-11-29,VUS
1400471,2024-10-24,VUS,2024-10-24,VUS
1400508,2022-08-16,VUS,2024-04-05,VUS
1400636,2025-09-02,VUS,2025-09-02,VUS
1400667,2021-08-24,VUS,2025-10-24,VUS
1400673,2021-09-08,P,2021-09-08,P
1401178,2023-10-04,VUS,2023-10-04,VUS
1401236,2025-05-30,VUS,2025-05-30,VUS
1401401,2024-02-24,VUS,2024-02-24,VUS
1401454,2022-02-07,VUS,2024-11-18,VUS
1401460,2021-09-21,VUS,2021-09-21,VUS
1401548,2023-07-17,VUS,2023-07-17,VUS
1401568,2021-01-01,VUS,2021-01-01,VUS
1401670,2022-05-06,VUS,2025-08-17,VUS
1401735,2024-02-12,VUS,2024-02-12,VUS
1403013,2021-12-23,VUS,2023-04-06,VUS
1403071,2021-11-04,VUS,2025-08-28,VUS
1403076,2023-01-26,VUS,2025-08-20,VUS
1403077,2021-04-24,VUS,2022-02-17,VUS
1403316,2022-06-08,VUS,2022-10-04,VUS
1404068,2022-07-25,VUS,2024-09-22,VUS
1404534,2024-05-07,VUS,2025-06-12,VUS
1404775,2021-09-15,P,2024-08-26,P
1404937,2024-02-03,LB,2024-02-03,LB
1405292,2022-07-26,VUS,2025-10-01,VUS
1405799,2021-01-29,VUS,2021-01-29,VUS
1405831,2024-08-13,VUS,2024-08-13,VUS
1405960,2022-10-13,VUS,2022-10-13,VUS
1406026,2025-03-31,VUS,2025-03-31,VUS
1406088,2021-11-13,VUS,2021-11-13,VUS
1406091,2021-05-24,VUS,2024-09-15,VUS
1406402,2024-02-24,LB,2024-02-24,LB
1406474,2021-10-04,VUS,2021-10-29,VUS
1407165,2021-08-31,VUS,2022-05-20,VUS
1407353,2021-07-26,VUS,2021-07-26,VUS
1407400,2024-08-12,VUS,2024-08-12,VUS
1407752,2020-11-13,VUS,2021-02-19,VUS
1407753,2021-05-18,VUS,2024-04-25,VUS
1407973,2022-09-02,P,2025-11-07,P
1407974,2022-06-24,VUS,2024-04-06,VUS
1408291,2021-08-14,VUS,2022-05-12,VUS
1408334,2021-01-19,VUS,2024-03-27,VUS
1408495,2021-06-07,VUS,2021-06-07,VUS
1408979,2021-08-03,P,2021-08-03,P
1409223,2023-09-30,VUS,2023-09-30,VUS
1409406,2021-07-22,VUS,2022-02-10,VUS
1409637,2021-08-31,VUS,2024-04-22,VUS
1410753,2024-02-02,VUS,2024-02-02,VUS
1411130,2022-09-19,VUS,2022-09-19,VUS
1411504,2024-07-19,LB,2024-07-19,LB
1411719,2023-11-02,VUS,2023-11-02,VUS
1411770,2021-12-20,VUS,2021-12-20,VUS
1411885,2021-02-15,VUS,2021-02-15,VUS
1412251,2021-08-31,VUS,2024-03-05,VUS
1412351,2023-11-15,VUS,2023-11-15,VUS
1412441,2021-03-23,VUS,2021-03-23,VUS
1412468,2021-03-25,VUS,2025-02-07,VUS
1412600,2024-03-26,VUS,2024-11-11,VUS
1413589,2025-11-10,P,2025-11-10,P
1413859,2021-11-17,VUS,2021-11-17,VUS
1413964,2020-11-15,VUS,2020-11-15,VUS
1414137,2021-03-13,VUS,2021-03-13,VUS
1414216,2025-06-20,VUS,2025-06-20,VUS
1414547,2022-08-23,VUS,2022-08-23,VUS
1415258,2021-11-29,VUS,2025-12-01,VUS
1415931,2024-02-17,VUS,2024-02-17,VUS
1416063,2021-12-21,P,2021-12-21,P
1416357,2021-09-07,VUS,2021-09-07,VUS
1416798,2021-10-05,VUS,2022-01-25,VUS
1416817,2021-04-28,VUS,2021-04-28,VUS
1416848,2025-03-25,VUS,2025-03-25,VUS
1417044,2021-03-26,VUS,2021-03-26,VUS
1417107,2020-11-03,VUS,2021-09-01,VUS
1417223,2021-10-20,VUS,2021-10-20,VUS
1418206,2021-12-07,VUS,2023-02-09,VUS
1418230,2021-07-21,VUS,2022-07-05,VUS
1418471,2022-07-19,VUS,2025-01-23,VUS
1418539,2021-08-09,P,2021-08-09,P
1418635,2022-09-13,VUS,2025-10-03,VUS
1418801,2024-11-04,VUS,2024-11-04,VUS
1419010,2021-07-30,VUS,2021-07-30,VUS
1419029,2021-10-02,P,2021-10-02,P
1419583,2022-11-22,VUS,2022-11-22,VUS
1420087,2021-11-05,VUS,2021-11-05,VUS
1420390,2024-05-31,VUS,2025-08-25,VUS
1420547,2021-11-14,VUS,2024-03-26,VUS
1421675,2021-06-11,VUS,2021-06-11,VUS
1421740,2021-06-18,VUS,2025-11-08,VUS
1422510,2021-09-09,P,2024-10-09,P
1422683,2020-11-13,VUS,2020-11-13,VUS
1422752,2021-11-12,VUS,2021-11-12,VUS
1422868,2021-10-25,VUS,2021-10-25,VUS
1422909,2022-08-10,VUS,2022-08-10,VUS
1423260,2023-05-22,VUS,2023-05-22,VUS
1423670,2023-09-21,P,2023-09-21,P
1424241,2021-05-04,VUS,2021-05-04,VUS
1424804,2022-08-24,VUS,2025-11-17,VUS
1424823,2021-10-16,VUS,2021-10-16,VUS
1424866,2021-11-09,P,2021-11-09,P
1424968,2022-05-16,VUS,2023-03-25,VUS
1425273,2021-10-25,P,2021-10-25,P
1425408,2021-11-09,VUS,2024-05-24,VUS
1425413,2022-07-26,VUS,2022-07-26,VUS
1425737,2022-08-10,VUS,2025-11-20,VUS
1425954,2024-02-06,LP,2025-03-24,LP
1426253,2022-04-18,VUS,2025-09-10,VUS
1426272,2021-12-29,VUS,2022-05-16,VUS
1426376,2021-07-08,VUS,2025-08-06,VUS
1426911,2023-10-03,VUS,2023-10-03,VUS
1427188,2021-11-23,VUS,2021-11-23,VUS
1428337,2021-09-01,VUS,2024-04-17,VUS
1428454,2021-10-02,VUS,2024-04-26,VUS
1428534,2024-01-22,VUS,2024-01-22,VUS
1429069,2024-10-21,VUS,2024-10-21,VUS
1429233,2021-12-15,VUS,2021-12-15,VUS
1429383,2022-05-16,VUS,2023-11-14,VUS
1429399,2020-09-04,VUS,2025-08-29,VUS
1429601,2021-02-07,VUS,2021-02-07,VUS
1429656,2021-07-08,P,2021-07-08,P
1429926,2021-05-27,VUS,2023-01-28,VUS
1430315,2023-09-01,VUS,2023-11-24,VUS
1430546,2021-07-17,VUS,2022-11-19,VUS
1430786,2023-03-28,VUS,2025-02-05,VUS
1430864,2020-12-20,VUS,2020-12-20,VUS
1431323,2021-07-06,VUS,2021-07-06,VUS
1431438,2022-10-05,VUS,2024-01-08,VUS
1431911,2022-04-19,VUS,2022-04-19,VUS
1432045,2021-10-31,P,2021-10-31,P
1432219,2021-10-22,VUS,2024-02-26,VUS
1432242,2022-05-29,VUS,2022-05-29,VUS
1432782,2021-09-17,VUS,2024-06-16,VUS
1433214,2021-08-14,VUS,2021-08-14,VUS
1433328,2021-04-24,VUS,2024-04-18,VUS
1435234,2021-09-01,VUS,2024-01-03,VUS
1435901,2021-06-20,VUS,2021-06-20,VUS
1436089,2024-05-29,VUS,2024-05-29,VUS
1436242,2021-05-01,VUS,2021-05-01,VUS
1436365,2022-10-17,P,2022-10-17,P
1436736,2022-03-02,VUS,2026-01-27,VUS
1437053,2021-09-21,VUS,2021-09-21,VUS
1437540,2024-03-20,VUS,2024-03-20,VUS
1437562,2022-03-31,VUS,2022-10-14,VUS
1437566,2022-04-28,P,2022-04-28,P
1437668,2022-09-27,VUS,2024-05-31,VUS
1437672,2022-05-15,VUS,2025-11-19,VUS
1437903,2024-07-28,VUS,2024-07-28,VUS
1438009,2022-05-27,VUS,2024-05-03,VUS
1438217,2021-12-02,VUS,2025-03-11,VUS
1438804,2022-08-16,VUS,2024-05-11,VUS
1439719,2024-09-19,VUS,2024-09-19,VUS
1439727,2021-10-18,VUS,2021-12-06,VUS
1439965,2021-08-03,VUS,2021-08-03,VUS
1440185,2022-04-25,VUS,2025-08-20,VUS
1440540,2021-09-29,P,2021-09-29,P
1441005,2021-06-14,VUS,2021-06-14,VUS
1441345,2021-07-03,VUS,2021-07-03,VUS
1441486,2021-12-13,VUS,2025-02-20,VUS
1441612,2021-07-28,VUS,2021-07-28,VUS
1441781,2021-03-29,VUS,2025-09-28,VUS
1441907,2022-05-08,VUS,2024-08-19,VUS
1441984,2021-05-12,VUS,2026-03-24,VUS
1442008,2021-06-29,P,2021-06-29,P
1442032,2021-04-23,VUS,2023-04-07,VUS
1442327,2021-06-29,P,2021-06-29,P
1442407,2021-11-05,P,2021-11-05,P
1442665,2020-11-14,VUS,2020-11-14,VUS
1443156,2021-07-07,VUS,2021-07-07,VUS
1443292,2021-11-14,VUS,2024-01-30,VUS
1443689,2021-08-31,VUS,2024-03-05,VUS
1443728,2026-01-12,VUS,2026-01-12,VUS
1443822,2022-11-08,VUS,2025-12-15,VUS
1443896,2025-08-17,VUS,2025-08-17,VUS
1443908,2021-10-20,VUS,2021-10-20,VUS
1444076,2021-09-24,VUS,2022-02-17,VUS
1444128,2022-09-07,VUS,2022-09-07,VUS
1444552,2021-11-10,VUS,2025-03-27,VUS
1445578,2021-11-01,VUS,2024-08-22,VUS
1446077,2024-01-22,VUS,2025-11-24,VUS
1446193,2022-05-04,VUS,2025-08-26,VUS
1446233,2022-08-16,VUS,2022-08-16,VUS
1446240,2020-12-17,VUS,2022-12-13,VUS
1446470,2022-05-14,VUS,2023-08-29,VUS
1446501,2021-05-18,VUS,2025-01-28,VUS
1446608,2022-11-15,VUS,2025-12-29,VUS
1446612,2021-10-31,VUS,2025-01-19,VUS
1446704,2021-07-28,VUS,2021-07-28,VUS
1446786,2021-05-27,VUS,2021-05-27,VUS
1447125,2021-12-29,VUS,2025-06-12,VUS
1447272,2020-12-15,VUS,2020-12-15,VUS
1447740,2020-12-21,VUS,2020-12-21,VUS
1448101,2020-11-26,VUS,2020-11-26,VUS
1448764,2022-08-06,VUS,2022-08-06,VUS
1449080,2021-02-15,VUS,2024-01-12,VUS
1449188,2021-07-18,VUS,2021-07-18,VUS
1449213,2021-09-27,VUS,2025-08-09,VUS
1449397,2021-05-26,P,2021-05-26,P
1449425,2021-02-02,VUS,2022-03-07,VUS
1449935,2021-07-13,VUS,2021-07-13,VUS
1449972,2022-07-19,VUS,2026-04-27,VUS
1450007,2024-03-28,VUS,2024-04-23,VUS
1450377,2021-05-26,VUS,2021-05-26,VUS
1450655,2021-09-18,VUS,2025-08-05,VUS
1450681,2021-05-05,VUS,2021-05-05,VUS
1450954,2021-07-01,VUS,2025-09-15,VUS
1451026,2022-08-10,LB,2022-08-10,LB
1451095,2022-10-24,VUS,2022-10-24,VUS
1451493,2024-12-16,P,2024-12-16,P
1451604,2021-11-19,P,2022-10-01,P
1451724,2021-05-09,P,2021-05-09,P
1451923,2021-05-03,P,2021-05-03,P
1452099,2020-12-05,P,2020-12-05,P
1452119,2022-06-08,P,2022-06-08,P
1452280,2021-11-26,P,2021-11-26,P
1452349,2021-07-17,P,2021-07-17,P
1452630,2020-12-06,P,2020-12-06,P
1452928,2021-07-22,P,2021-07-22,P
1452963,2021-12-04,P,2021-12-04,P
1453597,2021-10-01,P,2021-10-01,P
1453750,2021-05-27,P,2021-05-27,P
1453952,2026-01-05,LB,2026-01-05,LB
1454269,2021-04-05,P,2021-04-05,P
1454295,2021-12-19,P,2021-12-19,P
1454475,2021-06-05,P,2021-06-05,P
1454595,2020-11-25,P,2020-11-25,P
1454775,2022-01-26,P,2023-05-20,P
1454870,2024-11-22,P,2025-10-03,P
1454890,2021-03-08,P,2021-03-08,P
1454950,2023-01-06,P,2023-01-06,P
1455478,2021-10-15,P,2021-10-15,P
1456334,2021-10-23,P,2021-10-23,P
1456809,2021-10-27,P,2021-10-27,P
1457004,2022-10-06,P,2022-10-06,P
1457305,2021-10-18,P,2021-10-18,P
1457657,2022-08-02,P,2024-12-14,P
1457675,2023-03-23,P,2025-06-30,P
1457782,2022-04-06,P,2026-01-06,P
1457953,2021-10-14,P,2021-10-14,P
1458122,2022-12-05,P,2024-05-03,P
1458179,2023-11-05,P,2023-11-05,P
1458416,2022-09-12,P,2022-09-12,P
1458465,2021-05-13,P,2021-12-05,P
1458671,2021-11-14,P,2021-11-14,P
1458961,2023-08-03,LB,2023-08-03,LB
1458962,2022-09-23,P,2022-09-23,P
1459037,2021-08-12,P,2021-08-12,P
1459125,2025-06-23,P,2025-06-23,P
1459243,2024-02-24,P,2024-02-24,P
1459453,2021-07-13,P,2021-07-13,P
1459497,2021-08-12,P,2021-08-12,P
1459519,2021-06-01,P,2021-06-01,P
1459881,2021-10-11,P,2021-10-11,P
1459890,2021-09-09,P,2021-09-09,P
1459919,2021-11-18,LB,2024-11-19,LB
1459930,2021-11-03,P,2021-11-03,P
1459983,2022-12-15,P,2022-12-15,P
1460149,2025-01-03,P,2025-05-27,P
1460173,2021-06-08,P,2021-06-08,P
1460213,2021-10-27,P,2021-10-27,P
1460348,2021-08-18,P,2021-08-18,P
1461068,2023-10-15,VUS,2023-10-15,VUS
1461235,2021-05-26,VUS,2021-05-26,VUS
1461446,2022-04-20,VUS,2024-10-26,VUS
1461559,2023-06-28,LB,2023-06-28,LB
1462171,2021-12-28,VUS,2022-08-16,VUS
1463745,2023-10-03,LB,2023-10-03,LB
1464180,2021-04-09,VUS,2024-03-28,VUS
1464322,2022-07-05,VUS,2022-07-05,VUS
1464330,2024-03-27,LB,2024-03-27,LB
1464763,2021-12-05,VUS,2021-12-05,VUS
1464834,2022-03-23,VUS,2024-11-04,VUS
1464906,2025-10-04,LP,2025-10-04,LP
1465318,2023-07-27,VUS,2023-07-27,VUS
1465329,2021-07-09,VUS,2021-07-09,VUS
1465744,2022-07-06,VUS,2024-01-08,VUS
1466000,2021-09-01,VUS,2021-09-01,VUS
1466050,2021-10-22,VUS,2021-10-22,VUS
1466185,2021-02-13,VUS,2021-02-13,VUS
1466194,2022-03-20,VUS,2022-03-20,VUS
1466652,2022-02-05,LP,2022-02-05,LP
1466792,2022-09-04,VUS,2022-09-04,VUS
1467002,2022-05-25,VUS,2023-12-27,VUS
1467244,2021-10-14,LP,2021-10-14,LP
1467324,2021-10-01,VUS,2024-01-03,VUS
1467944,2021-10-01,VUS,2021-10-01,VUS
1467974,2025-10-10,VUS,2025-10-10,VUS
1467997,2022-02-05,VUS,2022-02-05,VUS
1468315,2021-06-16,VUS,2021-06-16,VUS
1468455,2021-02-02,VUS,2021-02-02,VUS
1468770,2024-10-01,P,2024-10-01,P
1468772,2021-05-28,VUS,2021-05-28,VUS
1469318,2023-05-19,P,2023-05-19,P
1470354,2021-12-01,VUS,2021-12-01,VUS
1470673,2021-11-14,VUS,2021-11-14,VUS
1470726,2021-12-15,VUS,2024-05-06,VUS
1471115,2024-03-13,VUS,2024-03-13,VUS
1471343,2021-11-18,VUS,2022-01-05,VUS
1471570,2025-06-30,LP,2025-06-30,LP
1472312,2022-02-25,VUS,2022-08-19,VUS
1472423,2021-05-13,LP,2021-05-13,LP
1472750,2021-06-12,VUS,2022-04-22,VUS
1472767,2021-04-06,LP,2022-04-27,LP
1473269,2024-02-17,LB,2024-02-17,LB
1473653,2021-09-17,VUS,2022-04-29,VUS
1474429,2021-10-25,LP,2021-10-25,LP
1474533,2021-08-02,VUS,2021-08-02,VUS
1475177,2021-12-19,LP,2022-04-13,LP
1475377,2021-08-28,VUS,2025-04-16,VUS
1475598,2021-11-25,VUS,2024-06-12,VUS
1476030,2022-08-11,VUS,2025-06-12,VUS
1476045,2026-01-18,LP,2026-01-18,LP
1476177,2022-01-27,VUS,2022-01-27,VUS
1476209,2021-01-25,VUS,2021-01-25,VUS
1476242,2022-07-12,VUS,2023-09-19,VUS
1476471,2021-07-09,VUS,2021-10-10,VUS
1476927,2022-02-18,VUS,2024-10-22,VUS
1476947,2025-07-02,VUS,2025-07-02,VUS
1476982,2020-11-14,VUS,2020-11-14,VUS
1477043,2021-07-22,VUS,2021-07-22,VUS
1477236,2022-03-11,VUS,2022-03-11,VUS
1477706,2021-01-15,VUS,2021-01-15,VUS
1477784,2022-01-27,VUS,2022-01-27,VUS
1477848,2021-03-29,VUS,2021-03-29,VUS
1477898,2023-03-07,LP,2023-03-07,LP
1478066,2021-07-26,VUS,2021-07-26,VUS
1478077,2021-10-13,VUS,2025-08-31,VUS
1478218,2019-03-04,LB,2026-01-26,LB
1478664,2021-07-05,VUS,2021-07-05,VUS
1478770,2021-08-30,VUS,2021-08-30,VUS
1478875,2025-12-06,P,2025-12-06,P
1479198,2023-10-30,LP,2023-10-30,LP
1479559,2021-11-19,VUS,2021-11-19,VUS
1480725,2022-12-26,VUS,2023-09-03,VUS
1480973,2026-01-05,VUS,2026-01-05,VUS
1481123,2022-02-04,VUS,2022-02-04,VUS
1481767,2020-11-05,VUS,2020-11-05,VUS
1482094,2021-08-28,VUS,2021-11-04,VUS
1482322,2024-03-12,LP,2026-01-12,LP
1482513,2021-04-14,VUS,2025-04-10,VUS
1482608,2021-09-24,VUS,2021-09-24,VUS
1482748,2025-12-16,VUS,2025-12-16,VUS
1482911,2021-07-16,VUS,2021-07-16,VUS
1482993,2021-08-25,VUS,2021-08-31,VUS
1483073,2021-10-25,VUS,2025-08-12,VUS
1483336,2024-01-29,VUS,2025-01-23,VUS
1483433,2022-08-12,VUS,2022-08-12,VUS
1483708,2021-10-13,VUS,2021-10-13,VUS
1483851,2021-05-05,VUS,2021-05-05,VUS
1483914,2025-10-19,VUS,2025-10-19,VUS
1484049,2022-02-04,LP,2024-08-26,LP
1484177,2021-03-22,VUS,2021-03-22,VUS
1484247,2022-08-31,VUS,2022-08-31,VUS
1484578,2021-06-01,VUS,2022-08-25,VUS
1484645,2021-01-04,VUS,2021-01-04,VUS
1484669,2021-11-30,LP,2021-11-30,LP
1484763,2022-05-21,VUS,2022-05-21,VUS
1484844,2021-11-05,VUS,2021-11-05,VUS
1485008,2021-11-20,VUS,2022-06-14,VUS
1485053,2021-11-15,LP,2021-11-15,LP
1485288,2023-05-11,LP,2023-05-11,LP
1485628,2023-11-01,LB,2023-11-01,LB
1485634,2021-11-14,VUS,2023-04-12,VUS
1485650,2021-09-02,VUS,2021-09-02,VUS
1486017,2021-01-30,VUS,2021-01-30,VUS
1486024,2022-02-03,VUS,2023-12-28,VUS
1486335,2021-11-02,VUS,2022-08-09,VUS
1486647,2021-04-11,VUS,2024-08-02,VUS
1487611,2023-10-03,VUS,2023-10-03,VUS
1488064,2023-07-23,VUS,2024-04-25,VUS
1488136,2021-09-29,VUS,2021-09-29,VUS
1488458,2020-12-27,VUS,2020-12-27,VUS
1488763,2024-02-24,LB,2024-02-24,LB
1488764,2023-03-15,LB,2024-02-24,LB
1488770,2024-01-06,VUS,2025-12-19,VUS
1488840,2021-07-04,VUS,2021-07-04,VUS
1488872,2021-08-22,VUS,2021-08-22,VUS
1488908,2025-08-05,VUS,2025-12-19,VUS
1489324,2021-08-30,VUS,2022-10-03,VUS
1489397,2022-04-01,VUS,2022-04-01,VUS
1489985,2024-02-24,LB,2024-10-11,LB
1490002,2021-08-28,VUS,2021-08-28,VUS
1491214,2023-10-23,LB,2024-02-22,LB
1491395,2022-04-25,VUS,2023-11-21,VUS
1491442,2021-12-22,VUS,2022-09-01,VUS
1491542,2021-07-22,VUS,2021-07-22,VUS
1491676,2024-10-18,VUS,2024-10-18,VUS
1491881,2020-12-12,VUS,2020-12-12,VUS
1492098,2021-09-21,VUS,2021-09-21,VUS
1492930,2023-04-03,VUS,2025-03-28,VUS
1493614,2021-08-27,VUS,2022-02-15,VUS
1493852,2024-07-17,VUS,2024-07-17,VUS
1494537,2021-03-02,VUS,2021-03-02,VUS
1494635,2021-04-24,VUS,2025-03-06,VUS
1494690,2021-09-10,VUS,2021-09-10,VUS
1494971,2024-05-10,VUS,2024-11-16,VUS
1494976,2021-11-05,VUS,2025-10-21,VUS
1495069,2020-11-17,LP,2020-11-17,LP
1495083,2020-12-19,VUS,2020-12-19,VUS
1495226,2021-10-29,VUS,2021-10-29,VUS
1495484,2022-03-26,VUS,2022-03-26,VUS
1495641,2026-01-14,VUS,2026-01-14,VUS
1495911,2021-03-25,VUS,2021-03-25,VUS
1495965,2022-06-27,VUS,2022-06-27,VUS
1496241,2021-06-14,VUS,2023-02-12,VUS
1496390,2021-10-12,LP,2021-10-12,LP
1496432,2021-06-05,VUS,2021-06-05,VUS
1496456,2021-08-15,VUS,2021-12-20,VUS
1496743,2022-10-25,VUS,2022-10-25,VUS
1497032,2022-10-28,VUS,2026-04-22,VUS
1497047,2020-12-22,LP,2020-12-22,LP
1497216,2021-02-13,VUS,2022-02-18,VUS
1497367,2022-10-06,VUS,2025-06-03,VUS
1497719,2020-12-29,VUS,2020-12-29,VUS
1497749,2020-03-31,LB,2021-03-29,LB
1498073,2021-10-20,VUS,2023-04-03,VUS
1498312,2021-09-24,VUS,2025-06-07,VUS
1498325,2022-07-26,VUS,2024-02-17,VUS
1499164,2023-07-14,VUS,2025-12-31,VUS
1499251,2024-03-06,VUS,2024-03-06,VUS
1499457,2021-12-10,VUS,2022-05-21,VUS
1499499,2021-08-07,LP,2025-01-27,LP
1499546,2023-06-04,VUS,2024-06-10,VUS
1500042,2024-06-20,VUS,2024-06-20,VUS
1500251,2020-12-02,VUS,2020-12-02,VUS
1500255,2019-04-12,VUS,2021-03-21,VUS
1500675,2021-08-23,VUS,2025-10-03,VUS
1500693,2021-11-12,VUS,2025-07-14,VUS
1500807,2022-08-23,VUS,2022-08-23,VUS
1501532,2022-06-20,VUS,2022-06-20,VUS
1501610,2025-03-17,VUS,2025-03-17,VUS
1501934,2021-04-28,VUS,2021-04-28,VUS
1502382,2022-04-19,VUS,2023-09-03,VUS
1502439,2024-05-23,VUS,2025-04-07,VUS
1502953,2021-11-11,VUS,2021-11-11,VUS
1503362,2021-09-17,VUS,2021-09-17,VUS
1503667,2024-09-14,VUS,2024-09-14,VUS
1503672,2022-04-19,VUS,2022-04-19,VUS
1503961,2021-07-06,VUS,2021-07-06,VUS
1504247,2021-11-30,VUS,2023-05-12,VUS
1504399,2022-11-08,VUS,2022-11-08,VUS
1504567,2024-10-15,VUS,2024-10-15,VUS
1504639,2023-12-01,LB,2023-12-01,LB
1505513,2020-12-03,VUS,2020-12-03,VUS
1505542,2021-08-14,VUS,2024-06-13,VUS
1505609,2021-09-02,VUS,2021-09-02,VUS
1505653,2021-07-16,VUS,2021-07-16,VUS
1505876,2024-02-23,P,2024-02-23,P
1505930,2021-12-09,VUS,2025-04-01,VUS
1506010,2024-02-24,VUS,2024-02-24,VUS
1507619,2021-04-02,VUS,2021-04-02,VUS
1507642,2025-10-02,VUS,2025-10-02,VUS
1507818,2021-06-18,VUS,2024-09-05,VUS
1508246,2021-08-28,VUS,2021-08-28,VUS
1508324,2022-01-11,P,2022-01-11,P
1508507,2022-01-05,LP,2022-01-05,LP
1508637,2020-10-30,LP,2020-10-30,LP
1510042,2021-08-03,VUS,2025-03-18,VUS
1510061,2021-10-12,LP,2021-10-12,LP
1510566,2024-03-06,VUS,2024-03-06,VUS
1511254,2024-02-19,LP,2025-04-10,LP
1511274,2024-02-13,VUS,2024-02-13,VUS
1511340,2022-09-07,VUS,2026-04-17,VUS
1511440,2022-09-07,LP,2022-09-07,LP
1511643,2024-10-24,LP,2024-10-24,LP
1511903,2022-08-04,LP,2022-08-04,LP
1512051,2025-08-21,P,2025-08-21,P
1512128,2021-11-12,VUS,2021-11-12,VUS
1512547,2022-08-07,VUS,2024-05-04,VUS
1512936,2020-12-28,VUS,2023-09-04,VUS
1513768,2021-06-12,VUS,2021-06-12,VUS
1513898,2020-12-02,VUS,2020-12-02,VUS
1514498,2022-05-10,VUS,2025-03-25,VUS
1514721,2021-01-08,VUS,2023-12-22,VUS
1514747,2021-03-07,VUS,2021-03-07,VUS
1515099,2020-12-14,LP,2020-12-14,LP
1515253,2021-07-28,VUS,2021-07-28,VUS
1515280,2026-01-22,LP,2026-01-22,LP
1515382,2021-08-25,VUS,2024-04-27,VUS
1515570,2021-02-07,LP,2021-02-07,LP
1515719,2025-03-18,VUS,2025-03-18,VUS
1515855,2021-02-07,LP,2021-07-22,LP
1515860,2022-07-12,VUS,2022-07-12,VUS
1516080,2022-08-09,VUS,2024-01-11,VUS
1516299,2021-08-30,VUS,2021-08-30,VUS
1516438,2021-08-16,LP,2021-08-16,LP
1516739,2024-05-10,P,2024-12-23,P
1516963,2021-12-03,VUS,2024-05-10,VUS
1517076,2021-08-27,VUS,2024-04-30,VUS
1517157,2022-07-08,LP,2022-07-08,LP
1517237,2021-05-03,VUS,2021-05-03,VUS
1517594,2021-07-02,VUS,2024-02-07,VUS
1517667,2022-06-05,VUS,2022-06-05,VUS
1517686,2021-03-20,VUS,2021-03-20,VUS
1517696,2021-01-20,VUS,2021-01-20,VUS
1517764,2023-01-24,VUS,2023-01-24,VUS
1517772,2022-10-08,VUS,2022-10-08,VUS
1518178,2024-10-17,LB,2024-10-17,LB
1518519,2021-03-23,VUS,2021-03-23,VUS
1518588,2023-10-27,LP,2025-09-18,LP
1518856,2022-06-20,VUS,2026-01-20,VUS
1519023,2021-06-18,LP,2021-06-18,LP
1519263,2023-03-14,LP,2023-03-14,LP
1519367,2021-09-27,VUS,2025-12-22,VUS
1519956,2021-09-01,VUS,2024-04-17,VUS
1520055,2021-03-26,VUS,2021-03-26,VUS
1520083,2020-11-06,VUS,2024-04-01,VUS
1520283,2023-07-26,VUS,2023-07-26,VUS
1520331,2021-09-10,VUS,2024-10-20,VUS
1520527,2022-08-08,VUS,2025-08-20,VUS
1520961,2022-07-16,VUS,2022-07-16,VUS
1521230,2021-09-25,VUS,2022-10-28,VUS
1521563,2022-07-19,VUS,2023-12-27,VUS
1521600,2022-03-04,VUS,2025-11-05,VUS
1522154,2021-09-23,VUS,2024-12-02,VUS
1522211,2021-10-27,VUS,2025-12-02,VUS
1522472,2022-09-13,VUS,2022-09-13,VUS
1522591,2022-08-23,VUS,2024-05-21,VUS
1522836,2021-10-24,VUS,2026-01-16,VUS
1522845,2021-05-28,VUS,2021-05-28,VUS
1523026,2021-10-28,VUS,2023-06-02,VUS
1523476,2024-03-23,LP,2024-10-17,LP
1524043,2021-10-12,VUS,2024-07-06,VUS
1524259,2021-04-08,VUS,2021-04-08,VUS
1524575,2021-09-02,VUS,2024-01-27,VUS
1524616,2021-04-09,VUS,2021-04-09,VUS
1524796,2024-12-30,LB,2024-12-30,LB
1524815,2023-12-23,VUS,2025-02-23,VUS
1525067,2022-09-16,VUS,2022-09-16,VUS
1525707,2021-04-12,VUS,2021-04-12,VUS
1526447,2022-03-01,P,2022-03-01,P
1526451,2022-03-01,P,2022-03-01,P
1526453,2022-03-01,P,2022-03-01,P
1526474,2022-03-01,VUS,2022-03-01,VUS
1526485,2022-03-01,VUS,2022-03-01,VUS
1526496,2022-03-01,VUS,2022-03-01,VUS
1526507,2022-03-01,VUS,2022-03-01,VUS
1526518,2022-03-01,VUS,2022-03-01,VUS
1526543,2022-03-01,VUS,2022-03-01,VUS
1526660,2022-03-01,VUS,2022-03-01,VUS
1526692,2022-03-01,VUS,2022-03-01,VUS
1526762,2022-03-01,P,2022-03-01,P
1526848,2022-03-01,P,2022-03-01,P
1526855,2022-03-01,VUS,2022-03-01,VUS
1526856,2022-03-01,VUS,2022-03-01,VUS
1527067,2022-03-01,VUS,2022-03-01,VUS
1527074,2022-03-01,VUS,2022-03-01,VUS
1527075,2022-03-01,VUS,2022-03-01,VUS
1527348,2022-03-01,P,2022-03-01,P
1527359,2022-03-01,P,2022-03-01,P
1527395,2022-03-01,P,2022-03-01,P
1527440,2022-03-01,P,2022-03-01,P
1527444,2022-03-01,P,2022-03-01,P
1527487,2022-03-01,P,2022-03-01,P
1527488,2022-03-01,P,2022-03-01,P
1527491,2022-03-01,P,2022-03-01,P
1527564,2022-03-01,P,2022-03-01,P
1527567,2022-03-01,VUS,2022-03-01,VUS
1527598,2022-03-01,VUS,2022-03-01,VUS
1527702,2022-03-01,P,2022-03-01,P
1527803,2022-03-01,P,2022-03-01,P
1528302,2024-03-16,LB,2024-03-16,LB
1528521,2019-05-30,LB,2023-04-08,LB
1528538,2023-05-19,LB,2023-05-19,LB
1528849,2021-05-13,LB,2021-05-13,LB
1529012,2024-10-19,LB,2024-10-19,LB
1529062,2021-07-20,LB,2021-07-20,LB
1529194,2019-03-14,LB,2025-11-25,LB
1529615,2023-12-11,LB,2023-12-11,LB
1529757,2021-10-26,LB,2025-06-12,LB
1530063,2022-08-16,B,2022-08-16,B
1530092,2020-11-20,LB,2022-04-20,LB
1530409,2021-02-04,LB,2021-02-04,LB
1530538,2025-10-02,LB,2025-10-02,LB
1530542,2021-10-30,LB,2021-10-30,LB
1530901,2021-02-06,LB,2021-02-06,LB
1531057,2024-01-21,LB,2024-01-21,LB
1531250,2025-09-29,LB,2025-09-29,LB
1531605,2024-03-12,LB,2024-03-12,LB
1531997,2021-07-31,LB,2021-07-31,LB
1532013,2021-08-19,LB,2025-12-04,LB
1532038,2020-12-12,LB,2021-12-04,LB
1532480,2022-08-14,LB,2022-08-14,LB
1532723,2022-11-08,LB,2022-11-08,LB
1532779,2021-02-13,LB,2021-02-13,LB
1532787,2021-05-27,LB,2021-05-27,LB
1532835,2023-08-02,LB,2023-08-02,LB
1533481,2021-02-15,LB,2021-02-15,LB
1533731,2022-05-13,LB,2022-05-13,LB
1533733,2023-07-07,LB,2023-07-07,LB
1533947,2023-04-08,LB,2023-04-08,LB
1534071,2021-10-06,LB,2024-12-21,LB
1534567,2025-06-24,LB,2025-06-24,LB
1534613,2021-08-17,LB,2023-11-04,LB
1534643,2021-02-17,LB,2021-02-17,LB
1535046,2021-02-18,LB,2021-02-18,LB
1535143,2023-09-03,LB,2023-09-03,LB
1535187,2026-01-20,LB,2026-01-20,LB
1535381,2025-09-02,LB,2025-09-02,LB
1535734,2023-11-07,LB,2023-11-07,LB
1536717,2022-07-15,LB,2022-07-15,LB
1536750,2021-03-09,LB,2021-03-09,LB
1536867,2022-11-01,LB,2022-11-01,LB
1537281,2022-11-11,LB,2023-06-23,LB
1537660,2025-11-21,LB,2025-11-21,LB
1537902,2022-06-24,LB,2022-06-24,LB
1538082,2021-04-07,LB,2021-04-07,LB
1538113,2025-10-29,LB,2025-10-29,LB
1538305,2025-12-01,LB,2025-12-01,LB
1538331,2024-08-27,LB,2024-08-27,LB
1538394,2019-07-20,LB,2024-10-15,LB
1538490,2023-12-08,LB,2024-01-11,LB
1538602,2020-06-30,LB,2021-11-08,LB
1538627,2024-04-11,LB,2024-10-30,LB
1538901,2021-06-25,LB,2021-06-25,LB
1538932,2021-12-28,LB,2025-10-07,LB
1539705,2021-03-10,LB,2021-03-10,LB
1539853,2023-12-28,LB,2023-12-28,LB
1539990,2021-03-24,LB,2022-02-03,LB
1540210,2022-12-25,LB,2022-12-25,LB
1540410,2021-03-12,LB,2021-03-12,LB
1540619,2023-07-09,LB,2023-07-09,LB
1541327,2021-05-02,LB,2021-05-02,LB
1541407,2024-04-10,LB,2024-04-10,LB
1541625,2022-05-27,LB,2022-05-27,LB
1542118,2019-12-30,LB,2025-08-07,LB
1542473,2025-12-15,LB,2025-12-15,LB
1542739,2021-03-22,LB,2021-03-22,LB
1542905,2022-08-10,LB,2022-08-10,LB
1543495,2025-12-17,LB,2025-12-17,LB
1543508,2021-09-26,LB,2021-09-26,LB
1543930,2021-03-24,LB,2021-03-24,LB
1544049,2024-01-31,LB,2024-01-31,LB
1544284,2022-09-01,LB,2023-04-30,LB
1544507,2023-05-28,LB,2023-05-28,LB
1544659,2023-11-02,LB,2023-11-02,LB
1544784,2021-08-04,LB,2021-08-04,LB
1544978,2021-03-26,LB,2021-03-26,LB
1545263,2021-01-01,LB,2024-02-17,LB
1545516,2025-08-04,LB,2025-08-04,LB
1545738,2022-10-13,LB,2025-03-29,LB
1546027,2021-05-18,LB,2021-05-18,LB
1546067,2022-09-18,LB,2022-09-18,LB
1546135,2025-06-08,LB,2025-06-08,LB
1546452,2022-07-16,LB,2022-07-16,LB
1546701,2022-12-01,LB,2024-01-09,LB
1547152,2023-07-24,LB,2023-07-24,LB
1547239,2025-08-14,LB,2025-08-14,LB
1547843,2022-05-18,LB,2022-05-18,LB
1548160,2023-02-21,LB,2023-02-21,LB
1548202,2021-04-14,LB,2021-04-14,LB
1548366,2021-04-14,LB,2021-04-14,LB
1548444,2025-12-14,B,2025-12-14,B
1548477,2021-04-06,LB,2021-04-06,LB
1548568,2025-10-14,LB,2025-10-14,LB
1549293,2021-06-10,LB,2021-06-10,LB
1549435,2023-05-15,LB,2023-05-15,LB
1549902,2019-02-21,LB,2025-03-03,LB
1549968,2021-04-11,LB,2021-04-11,LB
1550041,2021-08-09,LB,2021-08-09,LB
1550541,2021-06-16,LB,2021-06-16,LB
1550558,2023-05-05,LB,2023-05-05,LB
1551278,2021-08-02,LB,2025-05-26,LB
1551359,2021-08-24,LB,2021-08-24,LB
1551535,2021-10-20,LB,2021-10-20,LB
1551713,2022-02-25,LB,2024-11-16,LB
1551877,2024-10-08,LB,2024-10-08,LB
1551904,2021-10-22,LB,2021-10-22,LB
1552561,2025-04-08,LB,2025-04-08,LB
1552792,2024-02-19,LB,2024-02-19,LB
1552868,2025-09-10,LB,2025-09-10,LB
1553900,2021-09-15,LB,2021-09-15,LB
1553911,2021-06-22,LB,2025-05-02,LB
1553948,2019-09-25,LB,2025-12-15,LB
1554057,2024-01-02,LB,2024-01-02,LB
1554072,2023-11-06,LB,2023-11-06,LB
1554261,2024-02-24,LB,2024-02-24,LB
1555177,2021-12-29,LB,2025-06-08,LB
1555394,2021-04-29,LB,2021-04-29,LB
1555522,2024-02-23,LB,2024-02-23,LB
1555743,2021-08-11,LB,2021-08-11,LB
1555805,2021-11-17,LB,2021-11-17,LB
1555944,2021-08-03,LB,2024-12-02,LB
1556138,2025-11-19,LB,2025-11-19,LB
1556246,2023-05-30,LB,2023-05-30,LB
1556378,2021-10-20,LB,2026-01-19,LB
1556616,2021-05-07,LB,2021-05-07,LB
1556660,2023-12-11,LB,2023-12-11,LB
1556665,2021-02-25,LB,2021-02-25,LB
1557006,2019-07-12,LB,2025-03-01,LB
1557102,2024-06-13,LB,2024-06-13,LB
1557170,2023-01-23,LB,2024-10-17,LB
1557514,2021-11-17,LB,2021-11-17,LB
1557791,2022-11-01,LB,2024-01-24,LB
1557805,2021-07-12,LB,2021-07-12,LB
1558018,2023-07-13,LB,2023-07-13,LB
1558249,2023-10-06,LB,2023-10-06,LB
1558436,2024-03-12,LB,2024-03-12,LB
1558585,2021-09-21,LB,2021-09-21,LB
1558643,2024-02-07,LB,2024-02-07,LB
1558756,2022-04-14,LB,2022-04-14,LB
1559041,2023-07-30,LB,2023-07-30,LB
1559112,2024-02-14,LB,2024-02-14,LB
1559121,2022-04-24,LB,2025-10-19,LB
1559189,2022-07-05,LB,2022-07-05,LB
1559656,2023-10-28,LB,2023-10-28,LB
1559795,2021-05-18,LB,2021-05-18,LB
1559845,2025-08-01,LB,2025-08-01,LB
1560232,2021-05-18,LB,2021-05-18,LB
1560409,2024-09-06,LB,2024-09-06,LB
1560568,2022-04-18,LB,2026-01-12,LB
1560794,2021-10-17,LB,2025-03-27,LB
1561137,2021-06-01,LB,2021-06-01,LB
1561145,2021-07-26,LB,2021-07-26,LB
1561219,2019-07-16,LB,2025-01-17,LB
1561381,2026-01-12,LB,2026-01-12,LB
1561445,2021-08-02,LB,2021-08-02,LB
1561629,2021-07-28,LB,2021-07-28,LB
1561964,2021-05-28,LB,2021-05-28,LB
1562101,2024-02-24,LB,2024-02-24,LB
1562140,2021-06-02,LB,2021-06-02,LB
1562868,2021-12-14,LB,2021-12-14,LB
1564530,2021-06-06,LB,2021-06-06,LB
1564958,2021-06-15,LB,2021-06-15,LB
1565058,2021-06-09,LB,2021-06-09,LB
1565284,2024-02-23,LB,2024-02-23,LB
1565428,2024-02-03,LB,2024-02-03,LB
1565505,2021-06-13,LB,2021-06-13,LB
1565511,2023-11-14,LB,2023-11-14,LB
1565754,2023-08-28,LB,2023-08-28,LB
1565806,2021-10-14,LB,2021-10-14,LB
1566169,2023-08-23,LB,2023-08-23,LB
1566239,2021-04-29,LB,2021-04-29,LB
1566296,2025-10-17,LB,2025-10-17,LB
1566539,2021-08-18,LB,2021-08-18,LB
1566543,2025-10-11,LB,2025-10-11,LB
1566716,2021-10-14,LB,2021-10-14,LB
1566732,2022-11-01,LB,2022-11-01,LB
1566760,2024-02-19,LB,2024-02-19,LB
1566784,2026-01-11,LB,2026-01-11,LB
1567041,2023-04-08,LB,2023-04-08,LB
1567430,2026-01-25,LB,2026-01-25,LB
1567510,2021-06-23,LB,2021-06-23,LB
1567580,2023-01-24,LB,2023-01-24,LB
1567995,2022-07-17,LB,2022-07-17,LB
1568263,2025-03-06,LB,2025-03-06,LB
1568302,2024-03-03,LB,2024-03-03,LB
1568323,2021-06-24,LB,2021-09-28,LB
1568326,2023-07-13,LB,2023-07-13,LB
1568449,2021-11-03,LB,2021-11-03,LB
1568563,2021-07-18,LB,2021-07-18,LB
1568574,2025-08-06,LB,2025-08-06,LB
1569002,2023-08-29,LB,2023-08-29,LB
1569651,2023-02-01,LB,2023-02-01,LB
1570480,2022-05-14,LB,2024-01-25,LB
1570599,2019-08-29,LB,2024-12-23,LB
1570801,2020-11-03,LB,2021-10-16,LB
1570892,2026-02-04,B,2026-02-04,B
1570985,2024-02-17,LB,2024-02-17,LB
1571046,2021-07-10,LB,2021-07-10,LB
1571679,2025-09-02,LB,2025-09-02,LB
1571740,2022-06-02,LB,2024-10-29,LB
1572071,2026-01-13,LB,2026-01-13,LB
1572105,2021-07-15,LB,2021-07-15,LB
1572176,2026-02-04,B,2026-02-04,B
1572327,2023-07-10,LB,2023-07-10,LB
1572437,2021-07-17,LB,2021-07-17,LB
1572519,2022-01-18,LB,2022-02-10,LB
1573406,2021-07-22,LB,2021-07-22,LB
1573821,2022-07-12,LB,2022-07-12,LB
1573901,2022-04-15,LB,2025-09-29,LB
1574034,2021-05-29,LB,2025-09-05,LB
1574398,2021-10-01,LB,2021-10-01,LB
1574928,2024-12-18,LB,2024-12-18,LB
1575240,2019-07-07,LB,2024-09-06,LB
1575391,2021-08-11,LB,2025-12-31,LB
1575459,2021-08-02,LB,2021-08-02,LB
1575721,2025-09-15,LB,2025-09-15,LB
1576307,2024-02-25,LB,2024-02-25,LB
1576358,2024-10-22,LB,2024-10-22,LB
1576654,2021-08-07,LB,2021-08-07,LB
1576656,2021-08-07,LB,2021-08-07,LB
1576742,2025-06-12,LB,2025-06-12,LB
1577016,2021-10-14,LB,2021-10-14,LB
1577020,2022-07-01,LB,2023-08-02,LB
1577195,2024-01-31,LB,2024-01-31,LB
1577495,2021-10-04,LB,2021-10-04,LB
1577718,2019-06-07,LB,2020-12-24,LB
1577937,2016-10-05,B,2025-06-27,B
1577956,2021-08-13,LB,2021-08-13,LB
1577999,2022-12-07,LB,2022-12-07,LB
1578419,2025-12-20,LB,2025-12-20,LB
1578469,2021-08-16,LB,2021-08-16,LB
1578582,2022-10-04,LB,2022-10-04,LB
1579464,2024-01-06,LB,2024-01-06,LB
1579520,2022-03-04,LB,2022-04-29,LB
1579621,2025-10-03,LB,2025-10-03,LB
1579641,2023-08-14,LB,2023-08-14,LB
1580046,2025-03-30,LB,2025-03-30,LB
1580485,2021-08-27,LB,2021-08-27,LB
1581360,2021-09-25,LB,2021-09-25,LB
1582085,2021-09-26,LB,2025-02-26,LB
1582351,2024-04-26,LB,2024-04-26,LB
1582425,2022-10-17,LB,2022-10-27,LB
1582711,2022-08-19,LB,2022-08-19,LB
1582755,2022-09-25,LB,2022-09-25,LB
1582833,2024-04-07,LB,2024-04-07,LB
1583121,2025-03-31,LB,2025-07-16,LB
1583236,2021-10-09,LB,2021-10-09,LB
1583779,2022-11-29,LB,2022-11-29,LB
1583972,2025-10-23,B,2025-10-23,B
1584133,2021-10-19,LB,2024-09-22,LB
1584614,2026-01-20,LB,2026-01-20,LB
1584940,2023-04-05,LB,2023-04-05,LB
1585188,2022-05-07,LB,2022-05-07,LB
1585263,2024-02-17,LB,2024-02-17,LB
1585631,2024-04-22,LB,2025-03-28,LB
1587099,2024-04-14,LB,2024-04-14,LB
1587221,2025-11-18,LB,2025-11-18,LB
1587675,2023-09-06,LB,2023-09-06,LB
1587750,2025-11-25,LB,2025-11-25,LB
1588283,2023-10-10,LB,2023-12-18,LB
1588407,2025-03-19,LB,2025-03-19,LB
1588457,2026-01-14,LB,2026-01-14,LB
1588673,2023-02-23,LB,2023-02-23,LB
1588709,2021-07-16,B,2021-07-16,B
1589336,2025-12-06,B,2025-12-06,B
1589392,2022-05-07,LB,2025-10-22,LB
1589500,2021-10-28,LB,2021-10-28,LB
1589544,2026-02-04,LB,2026-02-04,LB
1589589,2025-06-16,LB,2025-06-16,LB
1589682,2023-11-20,LB,2023-11-20,LB
1589879,2024-01-06,LB,2024-01-06,LB
1589985,2022-06-14,LB,2022-06-14,LB
1590329,2022-11-01,LB,2022-11-01,LB
1590546,2025-10-06,LB,2025-10-06,LB
1590578,2024-02-13,LB,2024-02-13,LB
1590726,2021-12-06,LB,2021-12-06,LB
1591891,2021-11-26,LB,2021-11-26,LB
1592514,2025-10-26,LB,2025-10-26,LB
1592526,2021-07-22,LB,2025-01-08,LB
1592784,2023-04-08,LB,2023-04-08,LB
1592798,2025-10-23,LB,2025-10-23,LB
1593325,2021-11-30,LB,2021-11-30,LB
1593403,2023-02-10,LB,2024-11-05,LB
1593562,2021-10-14,LB,2021-10-14,LB
1594333,2022-01-11,LB,2025-11-25,LB
1594771,2025-12-19,LB,2025-12-19,LB
1595180,2023-11-17,LB,2023-11-17,LB
1595391,2026-01-14,LB,2026-01-14,LB
1595448,2025-10-14,LB,2025-10-14,LB
1595638,2023-11-25,LB,2023-11-25,LB
1595987,2026-01-24,LB,2026-01-24,LB
1595995,2021-04-14,LB,2021-04-14,LB
1596319,2024-07-22,LB,2024-07-22,LB
1596820,2024-08-29,LB,2024-08-29,LB
1596868,2023-10-15,LB,2023-10-15,LB
1597347,2022-07-12,LB,2022-07-12,LB
1597393,2021-11-30,LB,2026-01-15,LB
1597763,2019-08-18,LB,2021-12-30,LB
1597857,2026-01-24,LB,2026-01-24,LB
1598070,2026-01-28,B,2026-01-28,B
1598382,2025-04-28,LB,2025-04-28,LB
1599340,2025-12-29,B,2025-12-29,B
1599519,2021-09-15,B,2021-09-15,B
1599718,2025-12-08,B,2025-12-08,B
1600179,2025-10-24,B,2025-10-24,B
1600782,2025-06-02,B,2025-06-02,B
1600901,2026-01-08,B,2026-01-08,B
1601355,2023-05-19,B,2023-05-19,B
1602026,2019-02-21,LB,2023-11-17,LB
1602481,2021-09-07,LB,2021-09-07,LB
1602927,2023-01-22,LB,2024-03-19,LB
1603548,2025-07-21,LB,2025-07-21,LB
1603800,2025-09-16,LB,2025-09-16,LB
1603862,2022-04-22,LB,2025-11-06,LB
1603881,2021-09-10,LB,2021-09-10,LB
1603894,2021-08-10,LB,2021-08-10,LB
1604047,2025-12-01,LB,2025-12-01,LB
1604193,2021-09-21,LB,2021-09-21,LB
1604559,2025-03-07,LB,2025-03-07,LB
1604579,2022-05-11,LB,2025-12-09,LB
1604628,2022-02-09,LB,2025-04-19,LB
1605262,2024-10-07,LB,2024-10-07,LB
1606754,2021-09-25,LB,2021-09-25,LB
1607138,2024-10-26,LB,2024-10-26,LB
1607602,2022-02-04,LB,2022-11-22,LB
1608027,2022-07-19,LB,2022-07-19,LB
1608037,2021-07-28,LB,2021-07-28,LB
1608077,2019-11-14,LB,2023-04-19,LB
1608121,2024-10-21,LB,2024-10-21,LB
1608605,2021-10-06,LB,2021-10-06,LB
1609019,2021-10-08,LB,2021-10-08,LB
1609643,2025-02-16,LB,2025-10-09,LB
1610056,2023-12-09,LB,2023-12-09,LB
1610591,2022-03-17,LB,2025-09-22,LB
1611232,2021-10-16,LB,2021-10-16,LB
1611389,2021-10-17,LB,2021-10-17,LB
1611730,2020-12-06,LB,2024-09-23,LB
1611904,2024-12-03,LB,2024-12-03,LB
1611906,2022-09-22,LB,2022-09-22,LB
1612434,2025-12-12,LB,2025-12-12,LB
1612844,2021-12-03,LB,2021-12-03,LB
1612932,2026-01-28,B,2026-01-28,B
1613035,2025-02-17,LB,2025-02-17,LB
1613317,2021-06-11,LB,2021-06-11,LB
1613975,2025-02-10,LB,2025-02-10,LB
1614033,2022-04-11,LB,2022-04-11,LB
1614216,2021-05-26,LB,2021-05-26,LB
1614450,2025-06-11,LB,2025-06-11,LB
1614489,2023-10-04,LB,2023-10-04,LB
1614731,2025-12-06,LB,2025-12-06,LB
1616168,2024-01-22,LB,2024-01-22,LB
1616360,2021-08-09,B,2026-01-31,B
1616774,2025-10-29,B,2025-10-29,B
1617101,2019-02-26,LB,2024-03-14,LB
1617215,2024-02-01,LB,2024-02-01,LB
1617307,2023-08-04,LB,2023-08-04,LB
1618125,2024-10-29,LB,2024-10-29,LB
1618154,2024-03-07,LB,2024-03-07,LB
1618199,2023-09-14,LB,2023-09-14,LB
1619332,2022-02-22,LB,2022-02-22,LB
1619380,2025-01-06,LB,2025-01-06,LB
1620308,2023-03-26,LB,2023-03-26,LB
1620508,2025-06-02,LB,2025-06-02,LB
1620828,2025-10-18,LB,2025-10-18,LB
1621070,2022-08-09,LB,2022-08-09,LB
1621275,2026-01-22,LB,2026-01-22,LB
1621763,2021-02-02,LB,2025-10-07,LB
1622032,2025-06-20,LB,2025-06-20,LB
1622174,2025-11-18,LB,2025-11-18,LB
1622265,2022-11-23,LB,2022-11-23,LB
1622277,2023-12-17,LB,2023-12-17,LB
1622534,2021-11-13,LB,2021-11-13,LB
1622825,2021-05-01,LB,2021-05-01,LB
1622950,2020-12-31,LB,2020-12-31,LB
1623263,2021-08-19,LB,2021-08-19,LB
1623462,2025-08-17,LB,2025-08-17,LB
1623944,2026-01-22,LB,2026-01-22,LB
1623973,2021-03-09,LB,2021-03-09,LB
1624332,2024-10-24,LB,2024-10-24,LB
1624341,2021-04-17,LB,2021-04-17,LB
1624590,2025-08-07,B,2025-08-07,B
1624658,2023-11-29,LB,2023-11-29,LB
1624778,2022-02-18,LB,2022-02-18,LB
1624822,2024-05-06,LB,2024-05-06,LB
1625428,2022-01-25,LB,2026-01-24,LB
1625645,2021-02-25,LB,2021-02-25,LB
1625667,2021-08-23,LB,2021-08-23,LB
1625865,2023-10-08,LB,2023-10-08,LB
1625875,2023-05-03,LB,2026-01-05,LB
1626016,2024-03-11,B,2024-03-11,B
1626588,2021-11-05,LB,2021-11-05,LB
1627556,2023-01-07,LB,2023-01-07,LB
1627633,2022-01-08,LB,2025-07-13,LB
1627826,2023-07-14,LB,2023-07-14,LB
1627836,2025-04-11,LB,2025-04-11,LB
1628478,2019-06-15,LB,2022-08-02,LB
1628513,2021-01-20,LB,2021-01-20,LB
1628896,2022-11-14,LB,2026-01-06,LB
1628984,2022-08-17,LB,2022-11-19,LB
1629024,2021-06-05,LB,2025-12-13,LB
1629186,2021-01-28,LB,2021-01-28,LB
1629196,2022-03-17,LB,2026-01-28,LB
1629642,2026-01-24,B,2026-01-24,B
1629791,2021-02-11,LB,2026-02-22,LB
1629817,2023-10-15,LB,2023-10-15,LB
1630117,2023-12-25,LB,2023-12-25,LB
1630195,2022-10-17,LB,2022-10-17,LB
1630835,2025-12-17,LB,2025-12-17,LB
1630851,2025-07-07,LB,2025-07-07,LB
1631107,2021-07-12,LB,2021-07-12,LB
1631290,2026-01-12,LB,2026-01-12,LB
1631542,2021-01-07,LB,2021-01-07,LB
1631846,2021-07-27,LB,2021-07-27,LB
1631920,2026-01-11,B,2026-01-11,B
1631942,2022-01-17,LB,2022-01-17,LB
1631971,2021-06-19,LB,2021-06-19,LB
1632014,2024-05-09,LB,2024-05-09,LB
1632533,2024-12-24,LB,2024-12-24,LB
1633209,2022-01-15,LB,2022-01-15,LB
1633517,2022-07-25,LB,2025-09-19,LB
1633857,2021-02-15,LB,2021-02-15,LB
1634869,2022-05-21,LB,2022-05-21,LB
1634930,2021-02-18,LB,2021-02-18,LB
1635236,2025-02-17,LB,2025-02-17,LB
1635508,2021-09-01,LB,2021-09-01,LB
1635647,2025-12-29,LB,2025-12-29,LB
1635705,2021-07-21,LB,2023-12-31,LB
1635712,2020-11-30,LB,2026-01-09,LB
1636358,2021-10-13,LB,2025-09-01,LB
1636381,2023-08-28,LB,2025-03-19,LB
1636851,2025-05-05,LB,2025-12-02,LB
1637122,2021-12-23,LB,2021-12-23,LB
1637289,2023-10-07,LB,2023-10-07,LB
1637375,2025-08-21,LB,2025-08-21,LB
1637501,2021-12-30,LB,2023-12-04,LB
1637512,2020-11-16,LB,2020-11-16,LB
1637593,2022-03-08,LB,2025-02-04,LB
1637834,2021-08-30,LB,2021-08-30,LB
1637863,2021-04-02,LB,2021-04-02,LB
1638060,2021-05-01,LB,2021-05-01,LB
1638113,2026-01-18,LB,2026-01-18,LB
1638228,2022-11-15,LB,2022-11-15,LB
1638482,2025-07-13,LB,2025-07-13,LB
1639056,2021-04-24,LB,2021-04-24,LB
1639212,2021-03-13,LB,2021-03-13,LB
1639227,2021-03-13,LB,2021-03-13,LB
1639373,2025-03-17,LB,2025-03-17,LB
1639705,2021-03-16,LB,2021-03-16,LB
1639988,2024-04-10,LB,2024-04-10,LB
1640006,2021-11-09,LB,2026-01-31,LB
1640178,2020-11-17,LB,2023-12-10,LB
1641142,2023-09-08,LB,2023-09-08,LB
1641436,2026-01-19,LB,2026-01-19,LB
1641515,2024-10-15,LB,2024-10-15,LB
1642008,2025-03-19,LB,2025-03-19,LB
1642817,2022-04-21,LB,2024-04-14,LB
1642850,2024-02-05,LB,2024-02-05,LB
1642952,2021-01-04,LB,2021-01-04,LB
1643125,2024-05-20,LB,2024-05-20,LB
1643529,2021-03-28,LB,2021-03-28,LB
1643578,2022-03-09,LB,2025-04-19,LB
1643942,2021-06-18,LB,2021-06-18,LB
1643953,2026-02-04,B,2026-02-04,B
1644230,2021-07-14,LB,2023-08-03,LB
1644302,2021-09-09,LB,2021-09-09,LB
1644579,2025-09-02,LB,2025-09-02,LB
1645530,2020-11-06,LB,2022-01-07,LB
1645679,2025-09-28,LB,2025-09-28,LB
1646420,2020-10-30,LB,2020-10-30,LB
1646510,2020-11-09,LB,2023-10-09,LB
1646526,2026-01-16,LB,2026-01-16,LB
1647033,2024-02-16,LB,2024-02-16,LB
1647156,2025-07-23,B,2025-07-23,B
1647448,2021-08-30,LB,2026-01-20,LB
1647880,2023-04-23,LB,2023-04-23,LB
1647954,2021-07-15,LB,2021-07-15,LB
1648352,2022-02-04,LB,2022-08-16,LB
1648353,2020-01-02,LB,2023-07-14,LB
1648470,2020-11-06,LB,2020-11-06,LB
1648670,2020-11-06,LB,2020-11-06,LB
1649094,2023-04-02,LB,2023-04-02,LB
1649165,2023-04-07,LB,2023-04-07,LB
1649775,2021-03-04,LB,2021-03-04,LB
1649961,2021-08-31,LB,2021-08-31,LB
1650088,2021-02-13,LB,2024-03-02,LB
1650130,2022-04-06,LB,2022-04-06,LB
1650189,2024-01-11,LB,2024-01-11,LB
1650204,2025-06-12,LB,2025-06-12,LB
1650217,2020-12-28,LB,2020-12-28,LB
1650421,2023-11-10,LB,2025-08-12,LB
1650475,2021-04-17,LB,2021-04-17,LB
1650889,2021-02-24,LB,2021-02-24,LB
1650917,2025-01-27,LB,2025-01-27,LB
1651048,2023-08-03,LB,2023-08-03,LB
1651490,2023-08-30,LB,2023-08-30,LB
1651492,2021-07-23,LB,2025-09-17,LB
1651519,2024-01-30,LB,2024-01-30,LB
1652129,2021-04-23,LB,2026-02-22,LB
1652217,2022-12-13,LB,2022-12-13,LB
1652388,2020-11-16,LB,2020-11-16,LB
1652673,2025-11-28,B,2025-11-28,B
1652994,2020-11-17,LB,2020-11-17,LB
1653375,2020-11-18,LB,2020-11-18,LB
1653744,2021-11-04,LB,2021-11-04,LB
1653914,2021-10-04,LB,2025-07-31,LB
1654018,2021-04-28,LB,2021-04-28,LB
1654381,2023-10-04,LB,2023-10-04,LB
1655064,2022-02-03,LB,2022-02-03,LB
1655397,2021-07-28,LB,2021-07-28,LB
1655518,2022-06-20,LB,2024-01-19,LB
1655522,2024-03-18,LB,2024-03-18,LB
1655697,2022-05-23,LB,2025-03-18,LB
1655762,2019-11-06,LB,2021-03-31,LB
1655852,2024-06-13,LB,2024-09-23,LB
1656000,2021-10-20,LB,2025-11-17,LB
1656517,2022-05-05,LB,2025-04-26,LB
1657321,2025-06-12,LB,2025-06-12,LB
1657484,2020-12-02,LB,2020-12-02,LB
1658070,2024-07-25,LB,2024-07-25,LB
1658107,2021-03-07,LB,2025-12-29,LB
1658346,2023-07-16,LB,2023-07-16,LB
1658423,2020-12-04,LB,2020-12-04,LB
1658511,2025-06-22,LB,2025-06-22,LB
1658725,2023-12-13,LB,2023-12-13,LB
1658747,2020-12-04,LB,2020-12-04,LB
1658828,2024-04-17,LB,2024-04-17,LB
1658920,2025-11-17,LB,2025-11-17,LB
1658991,2024-07-06,LB,2024-07-06,LB
1660075,2020-12-09,LB,2020-12-09,LB
1660146,2023-09-15,LB,2023-09-15,LB
1660154,2022-04-02,LB,2024-10-07,LB
1660199,2021-05-26,LB,2021-05-26,LB
1660485,2021-02-26,LB,2021-02-26,LB
1660785,2021-08-02,LB,2021-08-02,LB
1660787,2025-11-11,LB,2025-11-11,LB
1661000,2022-11-15,LB,2022-11-15,LB
1661052,2021-05-29,LB,2021-05-29,LB
1661188,2020-12-13,LB,2020-12-13,LB
1661310,2021-03-15,LB,2021-03-15,LB
1661909,2021-05-27,LB,2021-05-27,LB
1662733,2021-06-06,LB,2021-06-06,LB
1663016,2026-02-01,B,2026-02-01,B
1663236,2019-09-11,LB,2022-10-05,LB
1664082,2020-12-21,LB,2020-12-21,LB
1664148,2022-10-18,LB,2022-10-18,LB
1664547,2021-03-25,LB,2021-03-25,LB
1664572,2025-11-19,LB,2025-11-19,LB
1664628,2021-06-04,LB,2021-06-04,LB
1665070,2021-11-30,LB,2021-11-30,LB
1665095,2021-06-06,LB,2021-06-06,LB
1665478,2022-01-25,LB,2023-12-10,LB
1665901,2021-12-28,LB,2025-10-08,LB
1665966,2022-10-04,LB,2025-10-21,LB
1666094,2021-12-05,LB,2025-11-16,LB
1666860,2026-01-28,B,2026-01-28,B
1667199,2023-05-04,LB,2023-05-04,LB
1667275,2023-09-09,LB,2023-09-09,LB
1667495,2021-06-15,LB,2021-06-15,LB
1667545,2021-05-20,LB,2021-05-20,LB
1667854,2021-08-11,LB,2022-04-29,LB
1667988,2024-01-30,LB,2024-01-30,LB
1668105,2023-10-04,LB,2023-10-04,LB
1668802,2023-10-03,LB,2023-10-03,LB
1669102,2025-11-28,LB,2025-11-28,LB
1669208,2023-07-03,LB,2023-07-03,LB
1669311,2019-03-06,LB,2024-12-23,LB
1669395,2021-02-03,LB,2023-08-30,LB
1669437,2022-06-07,LB,2022-06-07,LB
1669867,2022-11-25,LB,2022-11-25,LB
1669916,2022-03-28,LB,2025-02-23,LB
1670224,2023-02-17,LB,2025-12-11,LB
1670768,2021-06-27,LB,2021-09-18,LB
1670805,2021-01-11,LB,2021-01-11,LB
1671354,2021-01-13,LB,2021-01-13,LB
1671454,2021-02-23,LB,2021-02-23,LB
1671844,2021-01-15,LB,2021-01-15,LB
1671994,2021-01-16,LB,2021-01-16,LB
1672203,2021-02-17,LB,2021-02-17,LB
1672276,2021-01-17,LB,2021-01-17,LB
1672278,2024-02-12,LB,2024-02-12,LB
1672322,2021-08-01,LB,2021-08-01,LB
1672595,2026-01-09,LB,2026-01-09,LB
1672757,2022-07-19,LB,2022-07-19,LB
1672922,2023-10-25,LB,2023-10-25,LB
1673362,2023-05-01,LB,2023-05-01,LB
1673645,2024-02-17,LB,2024-02-17,LB
1673941,2025-10-29,LB,2025-10-29,LB
1673977,2024-01-24,LB,2024-01-24,LB
1673995,2021-02-03,LB,2021-02-03,LB
1674093,2021-12-15,LB,2024-11-05,LB
1674712,2021-08-12,LB,2025-11-06,LB
1674817,2021-07-22,LB,2024-09-22,LB
1674926,2022-11-01,LB,2022-11-01,LB
1675194,2021-11-30,VUS,2021-12-10,VUS
1676239,2023-03-30,VUS,2023-03-30,VUS
1676599,2022-04-11,VUS,2022-04-11,VUS
1676600,2022-04-11,VUS,2022-04-11,VUS
1676806,2021-02-16,VUS,2021-02-16,VUS
1676823,2021-07-20,LP,2021-07-20,LP
1676953,2022-03-01,P,2022-03-01,P
1676958,2022-03-01,LP,2022-03-01,LP
1676959,2022-03-01,P,2026-01-03,P
1676960,2022-03-01,P,2023-03-08,P
1676961,2022-03-01,P,2022-03-01,P
1677023,2022-02-04,LP,2022-03-01,LP
1677640,2021-11-20,LP,2021-11-20,LP
1677853,2022-01-31,VUS,2022-01-31,VUS
1677861,2022-01-31,VUS,2022-01-31,VUS
1678214,2020-05-07,VUS,2020-05-07,VUS
1678431,2021-06-10,VUS,2021-06-10,VUS
1678535,2022-02-03,VUS,2022-02-03,VUS
1678546,2022-04-22,VUS,2022-04-22,VUS
1678560,2020-10-26,LP,2020-10-26,LP
1678650,2022-03-25,LP,2022-03-25,LP
1678753,2020-04-09,LB,2020-04-09,LB
1678754,2020-06-22,LP,2022-03-30,LP
1679313,2021-08-01,VUS,2025-01-03,VUS
1679438,2021-12-19,VUS,2021-12-19,VUS
1679442,2022-01-13,LB,2022-01-13,LB
1683231,2022-04-05,P,2024-10-15,P
1683241,2022-04-05,VUS,2022-04-05,VUS
1683243,2022-04-14,P,2026-01-19,P
1683780,2025-10-23,P,2025-10-23,P
1683918,2021-11-04,VUS,2024-05-28,VUS
1684044,2023-04-26,VUS,2024-04-24,VUS
1684635,2022-02-22,P,2022-02-22,P
1684804,2022-05-04,VUS,2022-05-04,VUS
1684973,2022-05-04,VUS,2022-05-04,VUS
1685348,2022-05-04,LP,2022-05-04,LP
1685349,2022-05-04,LP,2022-05-04,LP
1685388,2022-05-04,LP,2022-05-04,LP
1685443,2022-05-04,LP,2023-10-03,LP
1685601,2022-05-04,P,2022-05-04,P
1685636,2022-05-04,P,2022-05-04,P
1685885,2022-05-04,P,2022-05-04,P
1685996,2022-05-04,P,2022-05-04,P
1685997,2022-05-04,P,2022-05-04,P
1686208,2022-05-04,P,2022-05-04,P
1686293,2022-05-04,P,2025-04-01,P
1686486,2022-05-04,VUS,2025-08-13,VUS
1686572,2022-05-04,VUS,2022-05-04,VUS
1686573,2022-05-04,VUS,2025-04-23,VUS
1687290,2022-05-22,P,2025-02-04,P
1687338,2022-05-22,LP,2024-09-04,LP
1687433,2022-05-22,P,2025-09-24,P
1687510,2022-05-10,VUS,2024-02-19,VUS
1687553,2022-05-22,VUS,2022-05-22,VUS
1687561,2022-05-22,LP,2022-05-22,LP
1687613,2022-05-22,P,2022-05-22,P
1690683,2019-09-18,LP,2019-09-18,LP
1691149,2020-02-13,LB,2020-02-13,LB
1691192,2020-11-02,LB,2020-11-02,LB
1691373,2019-12-13,P,2019-12-13,P
1691793,2021-12-14,VUS,2021-12-14,VUS
1691803,2021-12-20,VUS,2021-12-20,VUS
1692423,2021-06-01,VUS,2021-12-15,VUS
1692609,2021-12-23,LB,2021-12-23,LB
1693442,2021-12-30,VUS,2021-12-30,VUS
1693702,2024-04-10,VUS,2025-04-22,VUS
1693703,2025-07-17,VUS,2025-11-26,VUS
1693704,2021-06-14,VUS,2025-11-19,VUS
1693706,2021-05-17,VUS,2025-03-05,VUS
1694653,2022-06-01,P,2022-06-01,P
1694845,2022-04-01,VUS,2022-04-01,VUS
1695457,2021-05-21,LB,2021-07-21,LB
1695883,2021-12-28,VUS,2022-01-07,VUS
1696070,2022-05-04,VUS,2022-05-04,VUS
1696918,2021-04-02,LB,2021-04-02,LB
1696930,2022-01-17,P,2024-03-30,P
1696938,2022-01-18,VUS,2022-01-18,VUS
1697108,2022-01-17,LB,2022-01-17,LB
1697234,2022-04-05,P,2022-04-05,P
1697467,2025-03-04,VUS,2025-03-04,VUS
1697468,2025-03-04,VUS,2025-03-04,VUS
1697469,2021-11-07,VUS,2025-03-04,VUS
1697470,2025-03-04,LB,2025-03-04,LB
1697471,2025-03-04,P,2025-03-04,P
1697472,2025-03-04,VUS,2025-03-04,VUS
1697473,2025-03-04,P,2025-03-04,P
1697474,2025-03-04,VUS,2025-03-04,VUS
1697582,2025-03-04,VUS,2025-03-04,VUS
1697583,2025-03-04,VUS,2025-03-04,VUS
1697584,2025-12-29,P,2025-12-29,P
1698732,2021-05-06,LP,2025-07-01,LP
1698774,2021-05-14,VUS,2021-05-14,VUS
1698776,2020-12-22,LP,2020-12-22,LP
1698809,2022-07-01,LP,2022-07-01,LP
1698853,2021-05-25,VUS,2021-05-25,VUS
1700018,2022-07-14,P,2022-07-14,P
1700298,2022-08-04,P,2025-10-01,P
1700659,2022-08-02,P,2026-01-08,P
1700661,2022-08-02,LP,2022-08-02,LP
1700662,2022-08-02,P,2022-08-02,P
1700663,2021-01-14,P,2024-11-27,P
1700669,2022-08-02,P,2022-08-02,P
1700682,2022-08-02,LP,2022-08-02,LP
1700822,2022-02-15,VUS,2022-02-15,VUS
1701010,2022-02-10,VUS,2025-10-28,VUS
1703174,2022-04-29,VUS,2022-04-29,VUS
1703471,2022-02-24,VUS,2024-04-05,VUS
1704137,2022-02-25,VUS,2022-02-25,VUS
1704925,2022-03-11,VUS,2022-03-11,VUS
1705005,2022-02-04,VUS,2025-08-13,VUS
1705009,2022-03-08,VUS,2022-03-08,VUS
1705043,2022-08-04,B,2022-08-04,B
1705332,2022-09-01,LP,2022-09-01,LP
1705377,2022-09-01,VUS,2022-09-01,VUS
1705668,2022-09-01,P,2022-09-01,P
1705965,2024-03-06,LP,2024-03-06,LP
1705967,2021-10-20,LP,2021-10-20,LP
1705968,2021-11-26,LP,2021-12-27,LP
1706241,2022-03-17,VUS,2025-08-26,VUS
1706358,2022-03-17,VUS,2022-03-17,VUS
1706703,2022-03-16,LB,2022-03-16,LB
1706798,2020-06-12,LB,2020-06-12,LB
1706892,2020-09-10,LB,2020-09-10,LB
1706928,2021-12-31,LB,2021-12-31,LB
1706943,2020-12-01,LB,2020-12-01,LB
1706985,2021-08-21,LB,2021-08-21,LB
1707450,2022-09-28,VUS,2022-09-28,VUS
1707458,2022-09-28,VUS,2022-09-28,VUS
1707471,2022-09-28,LP,2022-09-28,LP
1707620,2022-08-01,LP,2022-08-01,LP
1707627,2022-08-01,LP,2022-08-01,LP
1707628,2022-08-01,LP,2022-08-01,LP
1707630,2022-08-01,LP,2022-08-01,LP
1708862,2022-04-07,P,2022-04-07,P
1708915,2021-10-17,VUS,2025-07-28,VUS
1710014,2021-10-08,VUS,2021-10-08,VUS
1710036,2021-11-26,VUS,2021-11-26,VUS
1710515,2022-01-13,P,2022-01-13,P
1710597,2025-06-06,VUS,2025-06-06,VUS
1711534,2022-09-01,P,2022-09-01,P
1711720,2023-05-01,VUS,2023-05-01,VUS
1711923,2024-04-23,VUS,2024-04-23,VUS
1712182,2022-04-21,VUS,2022-04-21,VUS
1713456,2022-07-23,VUS,2022-07-23,VUS
1713460,2022-07-23,VUS,2022-07-23,VUS
1713647,2023-12-18,VUS,2023-12-18,VUS
1713960,2022-08-24,VUS,2022-08-24,VUS
1714157,2022-07-29,VUS,2022-07-29,VUS
1714660,2021-07-16,VUS,2022-07-29,VUS
1714788,2022-08-02,VUS,2022-08-02,VUS
1715150,2022-08-05,VUS,2022-08-05,VUS
1715371,2022-08-12,VUS,2022-08-12,VUS
1715431,2023-01-24,VUS,2023-01-24,VUS
1715505,2022-10-31,VUS,2022-10-31,VUS
1715658,2025-02-17,VUS,2025-02-17,VUS
1715712,2022-08-08,VUS,2022-08-08,VUS
1715876,2025-06-12,VUS,2025-06-12,VUS
1716086,2022-08-10,VUS,2022-08-10,VUS
1716170,2023-07-07,VUS,2023-07-07,VUS
1716210,2024-04-23,VUS,2024-04-23,VUS
1716235,2022-08-12,VUS,2022-08-12,VUS
1716243,2022-08-12,VUS,2022-08-12,VUS
1716245,2022-09-08,VUS,2024-08-13,VUS
1716357,2021-12-12,VUS,2022-08-13,VUS
1716522,2022-09-21,VUS,2025-01-24,VUS
1716703,2025-07-21,VUS,2025-07-21,VUS
1716827,2023-08-17,VUS,2024-10-18,VUS
1716922,2025-06-12,VUS,2025-06-12,VUS
1717007,2025-11-24,VUS,2025-11-24,VUS
1717652,2022-08-22,VUS,2022-08-22,VUS
1717796,2022-08-22,VUS,2022-08-22,VUS
1717946,2022-08-24,VUS,2022-08-24,VUS
1717961,2022-08-24,VUS,2022-08-24,VUS
1717979,2022-08-24,VUS,2022-08-24,VUS
1718172,2022-08-27,VUS,2022-08-27,VUS
1718715,2022-09-02,VUS,2022-09-02,VUS
1718951,2025-07-03,VUS,2025-07-03,VUS
1718980,2023-05-31,VUS,2025-05-19,VUS
1718986,2022-09-07,VUS,2022-09-07,VUS
1719144,2022-09-10,VUS,2022-09-10,VUS
1719256,2022-09-11,VUS,2022-09-11,VUS
1719777,2022-09-19,VUS,2022-09-19,VUS
1719829,2022-09-19,VUS,2022-09-19,VUS
1720141,2022-09-23,VUS,2022-09-23,VUS
1720149,2024-01-02,VUS,2025-10-10,VUS
1720247,2022-09-27,VUS,2022-09-27,VUS
1720500,2022-11-22,VUS,2022-11-22,VUS
1720539,2022-10-20,VUS,2025-02-05,VUS
1721328,2022-10-09,VUS,2022-10-09,VUS
1721329,2022-10-09,VUS,2022-10-09,VUS
1721388,2022-10-11,VUS,2022-10-11,VUS
1721545,2025-07-18,VUS,2025-07-18,VUS
1722145,2022-10-25,VUS,2022-10-25,VUS
1722186,2022-10-26,VUS,2022-10-26,VUS
1722270,2022-07-21,VUS,2022-07-21,VUS
1722348,2022-09-20,VUS,2022-09-20,VUS
1723052,2022-05-02,VUS,2022-05-02,VUS
1723076,2022-05-02,VUS,2022-05-02,VUS
1723210,2022-11-14,VUS,2025-09-17,VUS
1723236,2022-10-05,LP,2022-10-05,LP
1723853,2024-02-06,VUS,2024-02-06,VUS
1725026,2022-03-05,LP,2022-03-05,LP
1725119,2022-03-08,LP,2022-03-08,LP
1725188,2022-03-14,LP,2022-03-14,LP
1725194,2022-03-14,LP,2022-03-14,LP
1725382,2022-03-17,LP,2022-03-17,LP
1725398,2022-03-18,LP,2022-03-18,LP
1725503,2022-03-29,LP,2022-03-29,LP
1725601,2022-03-30,LP,2022-03-30,LP
1725682,2022-03-31,LP,2022-03-31,LP
1726132,2022-05-18,LP,2022-05-18,LP
1726291,2021-12-12,LP,2021-12-12,LP
1726644,2021-12-30,LP,2021-12-30,LP
1726776,2022-01-02,LP,2022-01-02,LP
1727277,2020-11-09,LB,2023-07-21,LB
1727455,2021-11-30,LB,2024-12-02,LB
1727556,2020-10-30,LB,2023-03-01,LB
1727811,2021-11-16,LB,2021-11-16,LB
1727908,2021-09-05,VUS,2021-09-05,VUS
1728087,2022-06-21,VUS,2022-06-21,VUS
1728139,2022-06-07,VUS,2024-06-19,VUS
1728260,2020-11-12,LB,2020-11-12,LB
1728350,2021-04-01,LB,2021-04-01,LB
1728401,2022-06-18,VUS,2022-06-18,VUS
1728467,2020-09-18,VUS,2023-05-25,VUS
1728555,2022-03-19,VUS,2022-03-19,VUS
1728566,2019-09-12,LB,2024-06-22,LB
1728720,2023-10-01,VUS,2023-10-01,VUS
1728724,2021-06-29,VUS,2021-06-29,VUS
1728866,2022-03-12,VUS,2022-03-12,VUS
1728876,2020-03-17,LB,2020-03-17,LB
1729055,2021-04-01,LB,2025-10-01,LB
1730384,2019-06-11,LB,2019-06-11,LB
1730888,2021-10-26,VUS,2021-10-26,VUS
1732677,2021-12-21,VUS,2021-12-21,VUS
1733797,2022-02-15,VUS,2025-03-05,VUS
1733802,2020-06-24,LB,2020-06-24,LB
1735157,2022-02-17,LB,2023-07-07,LB
1736647,2021-10-26,VUS,2021-10-26,VUS
1737712,2019-09-26,LB,2023-09-12,LB
1741343,2020-12-05,LB,2020-12-05,LB
1741475,2020-10-25,LB,2022-03-09,LB
1741960,2020-02-04,LB,2023-01-31,LB
1743026,2019-06-18,LB,2019-06-18,LB
1743546,2023-09-13,VUS,2023-09-13,VUS
1743951,2019-07-28,LB,2019-07-28,LB
1744390,2021-06-08,LB,2023-09-15,LB
1744719,2022-09-28,VUS,2022-09-28,VUS
1744896,2020-03-17,VUS,2023-07-30,VUS
1745053,2022-10-04,LB,2024-02-13,LB
1747905,2020-10-30,LB,2024-03-13,LB
1748186,2022-06-05,VUS,2023-12-21,VUS
1748630,2020-04-14,VUS,2024-12-04,VUS
1749036,2021-10-06,VUS,2021-10-06,VUS
1749979,2018-03-25,LP,2018-03-25,LP
1750448,2021-11-01,VUS,2021-11-01,VUS
1750555,2021-11-18,VUS,2021-11-18,VUS
1750710,2020-07-28,LB,2020-07-28,LB
1750769,2021-11-18,VUS,2021-11-18,VUS
1750822,2020-04-26,LB,2024-05-17,LB
1751063,2021-08-14,LB,2021-08-14,LB
1751310,2021-06-20,VUS,2021-06-20,VUS
1752152,2020-12-26,LB,2020-12-26,LB
1752823,2021-12-22,VUS,2021-12-22,VUS
1753168,2022-10-22,VUS,2022-10-22,VUS
1753265,2022-09-19,LB,2022-09-19,LB
1753331,2020-12-10,LB,2020-12-10,LB
1753375,2022-01-27,VUS,2022-01-27,VUS
1754041,2021-10-16,VUS,2021-10-16,VUS
1755819,2021-10-13,VUS,2021-10-13,VUS
1756381,2021-09-20,VUS,2021-09-20,VUS
1756524,2022-02-22,LB,2022-12-10,LB
1757210,2022-04-25,VUS,2024-06-20,VUS
1757255,2021-10-07,VUS,2021-10-07,VUS
1757724,2020-09-18,LB,2024-09-15,LB
1758043,2022-05-03,VUS,2022-05-03,VUS
1759241,2021-12-30,VUS,2021-12-30,VUS
1759467,2022-03-02,VUS,2022-03-02,VUS
1759521,2022-05-01,VUS,2023-11-19,VUS
1759572,2022-03-31,LB,2022-03-31,LB
1759610,2022-05-11,VUS,2022-05-11,VUS
1760250,2022-05-09,VUS,2022-05-09,VUS
1761109,2021-04-08,LB,2023-01-19,LB
1762182,2022-01-04,VUS,2022-08-12,VUS
1762287,2019-06-22,LB,2019-06-22,LB
1762405,2019-08-21,LB,2022-08-23,LB
1762643,2015-06-11,VUS,2015-06-11,VUS
1762802,2022-02-03,VUS,2022-02-03,VUS
1763053,2020-10-30,LB,2022-03-27,LB
1763078,2022-03-27,VUS,2022-10-15,VUS
1763324,2022-09-26,VUS,2025-12-08,VUS
1763496,2019-06-06,LB,2025-01-08,LB
1763610,2021-02-04,LB,2021-02-04,LB
1763719,2021-12-05,VUS,2024-05-09,VUS
1763862,2022-10-30,LB,2025-04-20,LB
1763944,2022-06-20,VUS,2023-11-18,VUS
1764280,2022-09-20,LB,2022-09-20,LB
1764729,2022-06-11,LB,2022-06-11,LB
1764748,2022-07-19,LB,2022-07-19,LB
1765178,2022-10-05,VUS,2023-09-03,VUS
1765213,2021-10-12,LB,2023-09-26,LB
1766041,2022-06-04,VUS,2024-08-01,VUS
1766389,2021-06-22,VUS,2021-06-22,VUS
1766507,2016-02-25,LB,2016-02-25,LB
1766616,2022-07-18,VUS,2022-07-18,VUS
1766701,2022-01-31,LB,2025-01-27,LB
1766943,2021-12-10,LB,2021-12-10,LB
1766994,2020-07-08,VUS,2020-07-08,VUS
1767017,2019-11-11,LB,2022-04-12,LB
1767019,2020-11-19,LB,2020-11-19,LB
1767032,2019-11-23,LB,2019-11-23,LB
1767135,2021-08-20,VUS,2021-08-20,VUS
1767244,2021-06-26,VUS,2021-06-26,VUS
1767428,2021-04-04,LB,2024-04-22,LB
1767479,2020-01-03,VUS,2020-01-03,VUS
1768051,2022-04-24,VUS,2022-04-24,VUS
1768105,2022-09-16,LB,2023-11-21,LB
1768169,2021-10-06,VUS,2021-10-06,VUS
1768575,2019-10-05,LB,2024-12-10,LB
1769499,2022-03-04,LB,2022-03-04,LB
1769835,2021-06-23,VUS,2023-09-11,VUS
1769849,2022-08-23,VUS,2022-12-02,VUS
1769941,2021-12-06,LB,2021-12-06,LB
1770213,2023-10-12,VUS,2023-10-12,VUS
1770228,2021-03-28,LB,2021-03-28,LB
1770527,2021-08-21,VUS,2021-08-21,VUS
1770617,2021-07-08,VUS,2021-07-08,VUS
1770826,2022-04-19,VUS,2022-04-19,VUS
1771365,2020-07-28,P,2020-07-28,P
1771896,2022-05-12,VUS,2023-03-03,VUS
1771978,2015-01-16,LP,2015-01-16,LP
1772083,2021-04-18,LB,2021-04-18,LB
1772374,2022-08-24,VUS,2022-08-24,VUS
1772375,2022-08-29,VUS,2022-08-29,VUS
1772724,2022-06-14,VUS,2022-06-14,VUS
1773042,2020-09-24,LB,2022-12-22,LB
1773322,2021-09-12,VUS,2021-09-12,VUS
1773519,2019-08-30,LB,2023-03-01,LB
1773739,2022-05-16,VUS,2022-05-16,VUS
1774042,2022-06-07,VUS,2022-06-07,VUS
1774358,2020-03-17,LB,2020-03-17,LB
1774428,2022-09-08,VUS,2022-09-08,VUS
1774463,2022-08-28,VUS,2023-09-19,VUS
1774802,2019-09-28,LB,2024-06-11,LB
1775220,2022-05-12,VUS,2022-11-23,VUS
1775247,2020-06-01,LB,2023-02-15,LB
1775377,2021-01-21,LB,2023-08-24,LB
1776034,2021-10-25,VUS,2021-10-25,VUS
1776060,2020-02-06,LB,2020-02-06,LB
1776072,2019-08-14,LB,2023-06-16,LB
1776134,2022-06-06,VUS,2022-06-06,VUS
1776322,2021-01-13,LP,2022-11-07,LP
1776740,2022-08-22,VUS,2025-03-04,VUS
1776801,2021-03-04,LB,2021-03-04,LB
1777055,2019-05-20,LB,2024-03-02,LB
1777059,2020-08-15,LB,2023-05-24,LB
1777514,2020-10-04,LB,2020-10-04,LB
1777617,2022-02-12,VUS,2022-02-12,VUS
1778110,2021-12-12,LB,2021-12-12,LB
1778496,2022-09-17,VUS,2022-09-17,VUS
1778590,2022-10-06,VUS,2022-10-06,VUS
1778594,2016-11-25,LP,2016-11-25,LP
1778616,2022-10-07,P,2022-10-07,P
1778856,2019-10-17,LB,2019-10-17,LB
1779144,2022-06-04,VUS,2023-04-26,VUS
1779237,2021-03-09,LB,2021-03-09,LB
1779636,2022-07-26,VUS,2022-07-26,VUS
1779642,2019-06-11,LB,2022-12-14,LB
1779750,2024-05-03,VUS,2024-10-23,VUS
1780024,2022-04-12,LB,2023-03-16,LB
1780119,2021-09-08,LB,2021-09-08,LB
1780515,2022-02-17,VUS,2022-02-17,VUS
1780730,2021-11-03,VUS,2021-11-03,VUS
1781174,2022-06-01,VUS,2024-02-12,VUS
1781318,2022-10-12,VUS,2022-10-12,VUS
1781543,2021-12-04,LB,2021-12-04,LB
1781553,2022-07-07,LB,2022-07-07,LB
1781719,2019-06-11,LB,2019-06-11,LB
1781823,2020-09-22,LB,2022-03-17,LB
1781835,2022-08-03,VUS,2022-08-03,VUS
1782142,2022-05-04,VUS,2022-05-04,VUS
1782390,2024-01-09,VUS,2024-01-09,VUS
1782438,2021-02-14,LB,2023-07-29,LB
1782442,2021-07-08,VUS,2021-07-08,VUS
1782548,2022-03-01,LB,2023-11-14,LB
1782866,2019-06-09,LB,2025-10-20,LB
1782911,2022-07-11,LB,2024-09-30,LB
1782947,2022-03-07,LB,2023-06-05,LB
1783391,2021-07-12,LB,2021-07-12,LB
1783481,2022-06-02,VUS,2022-07-13,VUS
1783554,2020-06-10,LB,2020-06-10,LB
1783799,2020-09-26,LB,2020-09-26,LB
1783873,2021-12-04,LB,2021-12-04,LB
1783894,2022-07-01,VUS,2022-07-01,VUS
1784037,2020-04-23,LB,2020-04-23,LB
1784099,2019-07-04,LB,2023-07-08,LB
1784165,2020-11-10,LP,2020-11-10,LP
1784409,2021-04-26,LB,2021-04-26,LB
1784700,2020-06-10,LB,2023-01-24,LB
1784767,2022-06-09,LB,2022-06-09,LB
1785442,2021-09-08,VUS,2023-03-29,VUS
1785503,2020-06-10,LB,2020-06-10,LB
1785562,2022-05-30,VUS,2022-05-30,VUS
1785675,2021-08-17,LB,2021-08-17,LB
1786024,2019-06-20,LB,2019-06-20,LB
1786028,2022-05-21,LB,2022-05-21,LB
1786104,2020-06-10,LB,2024-07-24,LB
1786170,2022-04-22,LB,2022-04-22,LB
1786198,2019-06-30,LB,2025-02-19,LB
1786253,2020-06-10,LB,2020-06-10,LB
1786271,2021-12-22,VUS,2021-12-22,VUS
1786477,2020-09-02,LB,2020-09-02,LB
1786672,2020-06-10,LB,2020-06-10,LB
1786788,2022-01-07,VUS,2022-01-07,VUS
1786918,2021-11-22,LB,2021-11-22,LB
1786921,2022-03-08,VUS,2022-03-08,VUS
1786984,2021-03-04,LB,2021-03-04,LB
1787313,2020-06-10,LB,2020-06-10,LB
1787316,2021-08-05,LB,2021-08-05,LB
1787419,2020-04-06,LB,2020-04-06,LB
1787422,2021-01-24,LB,2021-01-24,LB
1787450,2019-11-07,LB,2024-01-09,LB
1787487,2021-07-02,LB,2021-07-02,LB
1787584,2019-11-20,VUS,2019-11-20,VUS
1787684,2020-09-29,VUS,2020-09-29,VUS
1787928,2020-06-10,LB,2020-06-10,LB
1788136,2020-06-10,LB,2020-06-10,LB
1788160,2022-07-02,VUS,2022-07-02,VUS
1788236,2021-10-20,VUS,2022-12-23,VUS
1788421,2020-06-10,LB,2020-06-10,LB
1788527,2021-03-13,LB,2021-03-13,LB
1788724,2021-07-29,LB,2021-07-29,LB
1788808,2021-10-30,VUS,2022-11-05,VUS
1788851,2021-10-26,VUS,2023-04-07,VUS
1788973,2020-06-10,LB,2020-06-10,LB
1788983,2021-02-01,LB,2021-02-01,LB
1789434,2022-07-15,VUS,2022-07-15,VUS
1789438,2021-09-09,VUS,2025-02-11,VUS
1789578,2020-03-31,VUS,2025-01-28,VUS
1789636,2019-06-09,LB,2019-06-09,LB
1789796,2021-12-06,LB,2025-11-03,LB
1790041,2021-01-07,LB,2021-01-07,LB
1790524,2019-08-27,LB,2026-01-26,LB
1791012,2022-05-24,VUS,2022-05-24,VUS
1791045,2022-09-12,VUS,2022-09-12,VUS
1791270,2020-06-17,LB,2022-07-21,LB
1791492,2019-06-07,LB,2019-06-07,LB
1791496,2021-03-28,LB,2022-02-04,LB
1791916,2021-10-07,VUS,2024-03-25,VUS
1792051,2022-05-04,VUS,2022-05-04,VUS
1792258,2021-06-10,VUS,2021-06-10,VUS
1792440,2022-03-17,LB,2022-03-17,LB
1792876,2021-06-01,LB,2022-11-17,LB
1792885,2021-06-30,VUS,2023-12-26,VUS
1792974,2019-08-19,VUS,2019-08-19,VUS
1793191,2021-07-26,VUS,2021-07-26,VUS
1793458,2022-05-30,LB,2024-12-02,LB
1793572,2022-08-05,VUS,2022-08-05,VUS
1793700,2021-07-31,VUS,2021-07-31,VUS
1793742,2022-03-16,LB,2022-03-16,LB
1793755,2022-07-01,VUS,2023-09-03,VUS
1793864,2021-05-17,LB,2021-05-17,LB
1794015,2019-08-27,LB,2023-05-13,LB
1794557,2022-05-04,VUS,2022-05-04,VUS
1794576,2019-07-16,LB,2019-07-16,LB
1794718,2022-10-27,LB,2022-10-27,LB
1794833,2022-02-12,LB,2022-02-12,LB
1794963,2021-08-08,VUS,2021-08-08,VUS
1795002,2022-07-14,VUS,2022-08-30,VUS
1795106,2021-09-15,LB,2021-09-15,LB
1795241,2022-04-20,VUS,2025-07-31,VUS
1795246,2022-06-20,LB,2023-02-14,LB
1795445,2022-10-19,VUS,2023-09-10,VUS
1795623,2022-05-06,LB,2022-05-06,LB
1795712,2022-07-02,LB,2022-10-24,LB
1795739,2021-11-12,LB,2021-11-12,LB
1795975,2022-01-31,VUS,2022-12-12,VUS
1795985,2022-07-01,VUS,2022-07-01,VUS
1796043,2019-11-24,LB,2019-11-24,LB
1796063,2022-10-08,VUS,2022-10-08,VUS
1796262,2019-10-01,LB,2025-07-30,LB
1796263,2021-06-23,LB,2021-06-23,LB
1796285,2021-11-17,LB,2025-10-01,LB
1796337,2021-05-24,LB,2021-05-24,LB
1796459,2021-10-21,VUS,2021-10-21,VUS
1796465,2021-07-24,LB,2021-07-24,LB
1796518,2021-10-21,VUS,2021-10-21,VUS
1796547,2019-09-02,LB,2022-06-02,LB
1796635,2020-12-23,LB,2020-12-23,LB
1796651,2022-05-25,VUS,2023-01-20,VUS
1796735,2019-09-09,LB,2019-09-09,LB
1796762,2021-12-25,VUS,2023-02-16,VUS
1796779,2019-12-06,LB,2019-12-06,LB
1796791,2021-08-13,VUS,2021-08-13,VUS
1796981,2022-03-16,LB,2022-03-16,LB
1797058,2020-03-17,LB,2020-03-17,LB
1797071,2021-08-30,VUS,2021-08-30,VUS
1797194,2022-09-28,VUS,2022-09-28,VUS
1797253,2020-01-02,LB,2020-01-02,LB
1797523,2019-08-27,LB,2019-08-27,LB
1797882,2021-12-29,VUS,2021-12-29,VUS
1797976,2019-08-16,LB,2019-08-16,LB
1798006,2021-03-20,LB,2022-07-11,LB
1798075,2022-06-14,VUS,2022-06-14,VUS
1798091,2021-09-21,VUS,2021-09-21,VUS
1798096,2022-03-27,VUS,2022-03-27,VUS
1798176,2021-11-09,VUS,2023-12-13,VUS
1798216,2022-08-16,LB,2022-08-16,LB
1798252,2021-10-20,VUS,2021-10-20,VUS
1798433,2020-03-25,LB,2020-03-25,LB
1798529,2020-04-29,LB,2020-04-29,LB
1798800,2020-03-16,LB,2020-03-16,LB
1798849,2022-01-31,LB,2022-01-31,LB
1798866,2022-10-29,VUS,2024-03-29,VUS
1798926,2020-01-16,LB,2020-01-16,LB
1799168,2022-08-01,VUS,2022-08-01,VUS
1799210,2021-05-13,LB,2021-05-13,LB
1799265,2021-10-05,VUS,2024-02-06,VUS
1799281,2021-10-25,VUS,2025-03-12,VUS
1799317,2020-12-08,LB,2020-12-08,LB
1799350,2022-07-20,VUS,2023-09-01,VUS
1799448,2022-08-23,LB,2024-05-31,LB
1801127,2022-05-24,VUS,2022-05-24,VUS
1801446,2022-11-11,VUS,2022-11-11,VUS
1802247,2022-09-07,P,2022-09-07,P
1802691,2022-05-27,VUS,2022-05-27,VUS
1802726,2025-03-04,LB,2025-03-04,LB
1802727,2025-03-04,VUS,2025-03-04,VUS
1803180,2020-05-29,LP,2020-05-29,LP
1803241,2021-07-22,VUS,2022-11-20,VUS
1803360,2022-06-02,VUS,2022-06-02,VUS
1803423,2022-06-07,VUS,2022-06-07,VUS
1803516,2022-12-06,VUS,2025-08-20,VUS
1803616,2018-07-14,LB,2018-07-14,LB
1803834,2022-07-01,VUS,2024-01-05,VUS
1804659,2024-07-18,VUS,2024-07-18,VUS
1804660,2022-11-03,P,2026-01-09,P
1804661,2024-07-24,VUS,2024-07-24,VUS
1804675,2022-11-10,LP,2022-11-10,LP
1804677,2022-11-11,VUS,2025-08-02,VUS
1804732,2022-11-15,LP,2022-11-15,LP
1804929,2021-05-06,P,2021-05-06,P
1804969,2021-05-06,P,2021-05-06,P
1805093,2020-10-19,P,2020-10-19,P
1805279,2025-08-11,P,2026-01-20,P
1805461,2022-03-31,VUS,2022-03-31,VUS
1805530,2020-06-11,VUS,2020-06-11,VUS
1805878,2021-05-06,VUS,2021-05-06,VUS
1805904,2020-05-21,LP,2020-05-21,LP
1805911,2023-07-16,VUS,2023-07-16,VUS
1806074,2020-10-19,VUS,2020-10-19,VUS
1806147,2024-10-10,VUS,2024-10-10,VUS
1806150,2024-10-10,VUS,2024-10-10,VUS
1807340,2021-09-24,VUS,2022-11-23,VUS
1807341,2021-12-13,VUS,2021-12-13,VUS
1807342,2022-07-12,VUS,2025-10-23,VUS
1807343,2022-08-08,VUS,2022-08-08,VUS
1807344,2022-08-05,VUS,2022-08-05,VUS
1807418,2021-06-22,VUS,2021-06-22,VUS
1807419,2021-07-29,P,2021-07-29,P
1807420,2021-12-27,VUS,2021-12-27,VUS
1807421,2022-01-05,VUS,2025-04-08,VUS
1807422,2022-08-08,VUS,2022-08-08,VUS
1807706,2021-06-29,P,2021-06-29,P
1807722,2021-07-26,LP,2021-07-26,LP
1807754,2021-08-29,P,2021-08-29,P
1807815,2021-11-30,P,2021-11-30,P
1807819,2021-12-07,P,2021-12-07,P
1807866,2022-03-23,VUS,2022-03-23,VUS
1807876,2022-03-23,VUS,2022-03-23,VUS
1807911,2022-04-04,VUS,2022-04-04,VUS
1807957,2022-04-12,VUS,2022-04-12,VUS
1807959,2022-01-19,VUS,2022-01-19,VUS
1808438,2022-01-12,VUS,2022-01-12,VUS
1808501,2022-01-13,VUS,2022-01-13,VUS
1808552,2022-03-09,P,2022-03-09,P
1808610,2022-03-25,VUS,2022-03-25,VUS
1808621,2023-07-18,P,2023-07-18,P
1808622,2022-04-05,P,2022-04-05,P
1808629,2022-04-15,P,2022-04-15,P
1808652,2022-04-26,P,2022-04-26,P
1808658,2022-05-11,P,2022-05-11,P
1808681,2022-05-31,P,2022-05-31,P
1808722,2025-05-22,P,2025-05-22,P
1808750,2021-06-08,LP,2021-06-08,LP
1808934,2021-07-07,P,2021-07-07,P
1809070,2021-08-05,VUS,2021-08-05,VUS
1809097,2023-01-12,VUS,2023-01-12,VUS
1809213,2021-09-09,VUS,2021-09-09,VUS
1809262,2021-09-25,VUS,2021-09-25,VUS
1878292,2022-12-13,VUS,2022-12-13,VUS
1878365,2022-12-22,LP,2022-12-22,LP
1878394,2022-12-28,LP,2022-12-28,LP
1879219,2022-10-01,LP,2024-06-05,LP
1879587,2023-03-01,LP,2023-03-01,LP
1879601,2023-03-01,LP,2023-03-01,LP
1879839,2026-01-02,P,2026-01-02,P
1895570,2026-01-26,LB,2026-01-26,LB
1895851,2022-08-10,VUS,2022-08-10,VUS
1896078,2021-12-10,LB,2021-12-10,LB
1896081,2022-09-26,VUS,2024-04-10,VUS
1896267,2025-06-12,LB,2025-06-12,LB
1896491,2025-10-28,LB,2025-10-28,LB
1896743,2025-06-12,VUS,2025-12-15,VUS
1896797,2021-12-16,LB,2021-12-16,LB
1897008,2026-01-24,LB,2026-01-24,LB
1897142,2022-08-10,LB,2022-08-10,LB
1897362,2025-08-18,LB,2025-08-18,LB
1897612,2022-03-13,VUS,2022-03-13,VUS
1897747,2023-10-16,LB,2025-02-09,LB
1897757,2022-09-01,VUS,2024-01-19,VUS
1897759,2024-01-24,VUS,2024-01-24,VUS
1897849,2022-05-31,VUS,2024-02-27,VUS
1897894,2025-11-25,LB,2025-11-25,LB
1897957,2024-09-27,LB,2024-09-27,LB
1898025,2022-03-06,VUS,2022-03-06,VUS
1898043,2023-12-21,B,2023-12-21,B
1898307,2024-03-02,LB,2024-03-02,LB
1898348,2022-05-25,VUS,2023-03-22,VUS
1898366,2022-03-14,LB,2022-03-14,LB
1898481,2021-12-17,VUS,2024-04-12,VUS
1898502,2022-06-29,LB,2022-06-29,LB
1898701,2019-04-25,LB,2025-02-10,LB
1898702,2022-08-31,VUS,2022-08-31,VUS
1898703,2024-02-24,LB,2024-02-24,LB
1898714,2022-04-23,VUS,2022-04-23,VUS
1899232,2026-01-12,LB,2026-01-12,LB
1899822,2025-12-19,B,2025-12-19,B
1899865,2022-06-01,P,2022-06-01,P
1899879,2024-05-23,VUS,2025-11-13,VUS
1899898,2022-06-03,VUS,2022-06-03,VUS
1900237,2025-11-17,LB,2025-11-17,LB
1900305,2023-05-02,VUS,2023-05-02,VUS
1900357,2024-03-11,LB,2024-03-11,LB
1900377,2022-08-11,VUS,2022-08-11,VUS
1900424,2022-08-13,VUS,2024-04-10,VUS
1900737,2023-08-04,VUS,2023-08-04,VUS
1900905,2022-01-03,VUS,2022-01-03,VUS
1901052,2025-06-12,B,2025-06-12,B
1901117,2022-07-18,LB,2022-07-18,LB
1901251,2025-04-22,LB,2025-04-22,LB
1901379,2022-02-08,VUS,2025-09-22,VUS
1901385,2019-05-15,LB,2025-06-12,LB
1901853,2022-04-20,LB,2024-02-01,LB
1901914,2025-09-20,LB,2025-09-20,LB
1902102,2025-05-08,VUS,2025-05-08,VUS
1902139,2025-06-12,LB,2025-06-12,LB
1902221,2026-01-05,LB,2026-01-05,LB
1902764,2024-02-19,LB,2024-02-19,LB
1902874,2022-05-28,LB,2022-05-28,LB
1903092,2025-08-20,VUS,2025-08-20,VUS
1903104,2021-07-09,VUS,2022-07-25,VUS
1903150,2024-09-27,LB,2024-09-27,LB
1903225,2024-01-01,VUS,2025-06-12,VUS
1903836,2024-06-17,LB,2024-06-17,LB
1904063,2025-06-12,LB,2025-06-12,LB
1904364,2025-11-17,LB,2025-11-17,LB
1904375,2024-10-16,VUS,2024-10-16,VUS
1904576,2022-08-17,VUS,2022-08-17,VUS
1904745,2025-11-27,LB,2025-11-27,LB
1905061,2025-03-31,LB,2025-03-31,LB
1905132,2024-09-28,LB,2024-09-28,LB
1905222,2026-01-11,LB,2026-01-11,LB
1905425,2025-04-14,VUS,2025-07-15,VUS
1905652,2022-08-16,VUS,2023-05-04,VUS
1905882,2022-06-03,LB,2022-06-03,LB
1906127,2024-05-21,LB,2024-05-21,LB
1906221,2025-06-18,LB,2025-06-18,LB
1906223,2022-09-07,VUS,2025-08-29,VUS
1906304,2024-10-06,VUS,2024-10-06,VUS
1906394,2024-10-17,LB,2024-10-17,LB
1906561,2021-07-06,VUS,2024-11-05,VUS
1906883,2022-05-31,VUS,2024-09-10,VUS
1906898,2022-05-29,VUS,2022-05-29,VUS
1907031,2025-08-11,VUS,2025-08-11,VUS
1907067,2024-01-17,VUS,2025-12-17,VUS
1907092,2023-12-02,LB,2023-12-02,LB
1907106,2025-04-12,LB,2025-04-12,LB
1907112,2023-09-10,LB,2023-09-10,LB
1908002,2025-05-27,LB,2025-05-27,LB
1908048,2022-08-16,VUS,2024-01-16,VUS
1908242,2024-01-29,LB,2024-01-29,LB
1908417,2022-04-11,LB,2022-04-11,LB
1908553,2022-09-04,LB,2022-09-04,LB
1908660,2025-07-24,LB,2025-07-24,LB
1908727,2025-08-04,LB,2025-08-04,LB
1908747,2022-07-01,VUS,2025-08-13,VUS
1908832,2021-07-06,VUS,2025-11-10,VUS
1908941,2023-12-11,LB,2023-12-11,LB
1909004,2022-05-19,VUS,2024-06-04,VUS
1909512,2026-01-11,LB,2026-01-11,LB
1909684,2024-01-31,LB,2024-01-31,LB
1909782,2025-03-12,LB,2025-03-12,LB
1909800,2022-07-07,VUS,2024-09-25,VUS
1909803,2022-08-24,VUS,2025-07-24,VUS
1909890,2024-12-09,VUS,2024-12-09,VUS
1910020,2022-10-17,VUS,2022-10-17,VUS
1910150,2022-04-04,VUS,2022-04-04,VUS
1910202,2023-12-21,LB,2023-12-21,LB
1910276,2025-10-26,LB,2025-10-26,LB
1910482,2022-04-17,VUS,2024-07-12,VUS
1910509,2024-02-19,VUS,2024-02-19,VUS
1910524,2024-07-21,LB,2024-07-21,LB
1910591,2023-12-21,LB,2025-07-01,LB
1910796,2025-02-06,LB,2025-02-06,LB
1910853,2026-01-05,B,2026-01-05,B
1911103,2022-06-01,VUS,2024-01-23,VUS
1911168,2025-05-06,VUS,2025-05-06,VUS
1911339,2025-11-15,LB,2025-11-15,LB
1911374,2019-05-28,LB,2025-06-03,LB
1912012,2022-08-05,LB,2022-08-05,LB
1912076,2023-11-06,LB,2023-11-06,LB
1912099,2022-06-16,VUS,2024-04-09,VUS
1912456,2025-10-21,LB,2025-10-21,LB
1912648,2022-03-19,VUS,2022-03-19,VUS
1912707,2024-10-03,LB,2024-10-03,LB
1912714,2024-10-30,VUS,2024-10-30,VUS
1912779,2022-01-26,LB,2022-01-26,LB
1912818,2022-09-15,VUS,2022-09-15,VUS
1912884,2021-12-16,VUS,2021-12-16,VUS
1912887,2022-06-19,VUS,2025-09-04,VUS
1912917,2022-11-08,VUS,2022-11-08,VUS
1912978,2021-12-26,VUS,2021-12-26,VUS
1912982,2022-06-08,VUS,2022-06-08,VUS
1913042,2022-11-01,VUS,2022-11-01,VUS
1913055,2022-10-13,LB,2022-10-13,LB
1913125,2024-12-13,LB,2024-12-13,LB
1913130,2022-08-16,VUS,2022-08-16,VUS
1913230,2023-07-25,LB,2023-07-25,LB
1913276,2024-04-26,VUS,2026-01-06,VUS
1913291,2022-03-12,LB,2022-03-12,LB
1913292,2026-01-06,LB,2026-01-06,LB
1913322,2022-05-25,LB,2022-05-25,LB
1913484,2022-05-17,VUS,2022-05-17,VUS
1913603,2023-09-05,LB,2023-09-05,LB
1913637,2022-08-02,VUS,2023-11-07,VUS
1913941,2022-09-13,VUS,2022-09-13,VUS
1913993,2022-05-10,VUS,2022-05-10,VUS
1914134,2025-12-30,LB,2025-12-30,LB
1914172,2023-09-09,LB,2023-09-09,LB
1914231,2022-07-07,LB,2022-07-07,LB
1914267,2025-03-13,LB,2025-03-13,LB
1914559,2023-09-04,LB,2023-09-04,LB
1914788,2025-01-03,P,2025-01-03,P
1915078,2021-12-15,VUS,2023-12-26,VUS
1915279,2023-04-30,VUS,2025-11-10,VUS
1915287,2022-08-20,LP,2022-08-20,LP
1915339,2022-11-01,LB,2022-11-01,LB
1915400,2022-04-15,VUS,2022-04-15,VUS
1915500,2022-02-20,VUS,2022-02-20,VUS
1915790,2022-07-05,VUS,2022-07-05,VUS
1915850,2025-12-17,LB,2025-12-17,LB
1915924,2021-08-31,VUS,2021-08-31,VUS
1916116,2025-03-27,LB,2025-03-27,LB
1916182,2022-06-21,LB,2022-06-21,LB
1916189,2025-12-14,LB,2025-12-14,LB
1916354,2022-05-15,VUS,2024-06-08,VUS
1916370,2022-08-21,VUS,2024-03-21,VUS
1916375,2024-01-19,P,2025-10-03,P
1916478,2022-07-01,LB,2022-07-01,LB
1916480,2022-02-25,VUS,2022-02-25,VUS
1916624,2022-02-18,VUS,2022-02-18,VUS
1916629,2025-12-02,LB,2025-12-02,LB
1916893,2024-05-18,VUS,2025-08-21,VUS
1917053,2023-11-19,LB,2023-11-19,LB
1917061,2022-01-16,LB,2022-01-16,LB
1917079,2022-08-30,LB,2022-08-30,LB
1917095,2022-02-10,VUS,2022-02-10,VUS
1917158,2024-06-03,VUS,2024-06-03,VUS
1917300,2025-12-11,LB,2025-12-11,LB
1917324,2022-09-23,VUS,2024-04-16,VUS
1917352,2021-12-23,VUS,2022-08-26,VUS
1917487,2025-03-17,LB,2025-03-17,LB
1917648,2022-08-06,P,2022-08-06,P
1917666,2022-07-02,VUS,2024-03-14,VUS
1917898,2022-03-09,VUS,2022-03-09,VUS
1917981,2022-08-22,VUS,2022-08-22,VUS
1918043,2022-10-02,LB,2022-10-02,LB
1918252,2022-07-04,VUS,2022-07-04,VUS
1918420,2024-02-05,VUS,2025-05-06,VUS
1918578,2022-06-17,VUS,2022-06-17,VUS
1918740,2025-05-13,LB,2025-05-13,LB
1918769,2025-04-07,VUS,2025-04-07,VUS
1918819,2025-11-18,LB,2025-11-18,LB
1918944,2022-09-21,LB,2025-10-02,LB
1918987,2022-05-27,LB,2022-05-27,LB
1919091,2024-02-06,LB,2025-05-01,LB
1919327,2023-12-12,LP,2023-12-12,LP
1919373,2022-08-22,VUS,2024-02-14,VUS
1919428,2022-03-27,VUS,2022-03-27,VUS
1919479,2024-01-19,VUS,2024-01-19,VUS
1919725,2025-07-22,LB,2025-07-22,LB
1920214,2024-12-11,VUS,2025-09-02,VUS
1920215,2025-09-02,P,2025-09-02,P
1920240,2022-09-22,LB,2022-09-22,LB
1920297,2022-08-09,VUS,2026-03-02,VUS
1920473,2022-03-18,LB,2022-03-18,LB
1920705,2022-04-13,LB,2022-04-13,LB
1920859,2024-10-21,LB,2024-10-21,LB
1921240,2024-04-29,LB,2024-04-29,LB
1921243,2022-06-29,VUS,2022-06-29,VUS
1921257,2022-08-21,VUS,2025-06-07,VUS
1921284,2024-05-06,VUS,2024-05-06,VUS
1921444,2021-10-06,VUS,2022-08-14,VUS
1921571,2022-01-15,B,2022-01-15,B
1921634,2025-05-05,LB,2025-05-05,LB
1921724,2022-08-03,LB,2022-08-03,LB
1921915,2019-06-12,LB,2025-10-06,LB
1921936,2022-04-24,VUS,2022-04-24,VUS
1922045,2021-12-22,VUS,2021-12-22,VUS
1922109,2022-02-13,LB,2022-02-13,LB
1922117,2023-02-19,VUS,2024-06-26,VUS
1922317,2019-02-26,LB,2025-02-17,LB
1922506,2022-01-13,VUS,2022-01-13,VUS
1922511,2022-03-31,VUS,2022-03-31,VUS
1922645,2022-02-20,VUS,2022-02-20,VUS
1922951,2022-09-13,LB,2022-09-13,LB
1923060,2022-05-05,VUS,2022-05-05,VUS
1923079,2022-06-13,VUS,2022-06-13,VUS
1923313,2022-03-17,VUS,2025-10-01,VUS
1923444,2024-10-23,LB,2024-10-23,LB
1923780,2022-08-20,VUS,2022-08-20,VUS
1924045,2022-02-19,VUS,2022-02-19,VUS
1924050,2022-09-27,VUS,2022-09-27,VUS
1924052,2025-12-20,LB,2025-12-20,LB
1924335,2022-04-10,LB,2022-04-10,LB
1924350,2022-07-24,VUS,2022-07-24,VUS
1924376,2025-10-22,LB,2025-10-22,LB
1924573,2024-09-26,LB,2024-09-26,LB
1924630,2023-11-14,LB,2023-11-14,LB
1924795,2022-06-24,VUS,2025-03-20,VUS
1924832,2023-05-22,LB,2023-05-22,LB
1924924,2024-05-09,VUS,2025-03-01,VUS
1924978,2022-10-31,VUS,2022-10-31,VUS
1925093,2022-03-27,VUS,2022-03-27,VUS
1925324,2025-08-11,LB,2025-08-11,LB
1925347,2022-03-08,LP,2025-06-27,LP
1925357,2022-09-24,LB,2022-09-24,LB
1925461,2022-09-21,VUS,2022-10-17,VUS
1925529,2025-02-02,LB,2025-02-02,LB
1925642,2025-06-12,LB,2025-06-12,LB
1925939,2025-08-04,LB,2025-08-04,LB
1925947,2022-02-03,VUS,2023-10-25,VUS
1926131,2022-10-21,LB,2022-10-21,LB
1926137,2022-08-22,VUS,2022-08-22,VUS
1926323,2025-06-11,LB,2025-06-11,LB
1926568,2022-04-09,VUS,2022-04-09,VUS
1926572,2022-10-13,VUS,2022-10-13,VUS
1926958,2025-11-06,LB,2025-11-06,LB
1927186,2025-11-10,LB,2025-11-10,LB
1927244,2022-11-01,LB,2022-11-01,LB
1927273,2023-08-14,LP,2023-08-14,LP
1927369,2025-06-12,VUS,2025-06-12,VUS
1927576,2022-03-12,VUS,2022-03-12,VUS
1928286,2022-07-05,LB,2025-11-08,LB
1928292,2022-10-31,LB,2022-10-31,LB
1928845,2022-04-15,VUS,2025-04-07,VUS
1929010,2022-03-12,VUS,2022-03-12,VUS
1929112,2024-02-24,VUS,2024-02-24,VUS
1929146,2024-09-06,VUS,2024-09-06,VUS
1929322,2021-07-27,VUS,2022-08-31,VUS
1929504,2022-02-06,VUS,2022-02-06,VUS
1929728,2024-05-08,VUS,2024-11-05,VUS
1929977,2023-05-04,LB,2023-05-04,LB
1930346,2022-05-03,LB,2022-05-03,LB
1930461,2022-05-21,VUS,2022-05-21,VUS
1930553,2025-10-30,LB,2025-10-30,LB
1930691,2023-05-23,VUS,2024-05-02,VUS
1931082,2022-06-07,VUS,2022-06-07,VUS
1931121,2022-06-02,LB,2022-06-02,LB
1931432,2022-06-11,LB,2022-06-11,LB
1931609,2024-07-05,LB,2024-07-05,LB
1931866,2022-03-04,VUS,2022-03-04,VUS
1932682,2023-09-09,LB,2023-09-09,LB
1932736,2022-06-04,LB,2022-06-04,LB
1932749,2024-01-09,LP,2024-11-06,LP
1933234,2022-10-08,LB,2022-10-08,LB
1933248,2025-06-15,VUS,2025-06-15,VUS
1933385,2022-05-25,VUS,2024-04-05,VUS
1934089,2022-03-31,LB,2022-03-31,LB
1934472,2022-08-24,P,2022-08-24,P
1934937,2022-02-19,VUS,2022-02-19,VUS
1935042,2022-09-27,VUS,2025-07-02,VUS
1935584,2024-02-22,LB,2024-02-22,LB
1935652,2026-01-19,LB,2026-01-19,LB
1935750,2024-03-07,VUS,2024-03-07,VUS
1935751,2022-11-17,VUS,2024-01-03,VUS
1935792,2022-10-19,LB,2024-05-08,LB
1936059,2024-05-04,LB,2024-05-04,LB
1936625,2022-07-25,LB,2022-07-25,LB
1936629,2022-04-07,LB,2022-04-07,LB
1936762,2023-11-20,LB,2023-11-20,LB
1936806,2022-02-08,VUS,2022-02-08,VUS
1936819,2024-01-16,LB,2024-01-16,LB
1937094,2022-03-24,LB,2022-03-24,LB
1937418,2024-08-15,LB,2024-08-15,LB
1937696,2022-04-03,LB,2023-12-14,LB
1937818,2022-06-08,VUS,2024-01-05,VUS
1938288,2021-12-13,LB,2021-12-13,LB
1938471,2024-01-11,LB,2024-01-11,LB
1938677,2022-07-25,VUS,2024-01-18,VUS
1938704,2022-03-26,VUS,2022-03-26,VUS
1938823,2022-12-05,LB,2022-12-05,LB
1938985,2022-06-23,LB,2022-06-23,LB
1938998,2021-12-30,LB,2021-12-30,LB
1939139,2025-07-07,LB,2025-07-07,LB
1939252,2022-06-30,LB,2022-06-30,LB
1939358,2025-02-17,LB,2025-02-17,LB
1939394,2024-04-10,VUS,2024-04-10,VUS
1939688,2023-11-13,LB,2023-11-13,LB
1940406,2024-10-25,LB,2024-10-25,LB
1940721,2022-05-27,VUS,2022-05-27,VUS
1940985,2025-06-26,LB,2025-06-26,LB
1941052,2025-06-12,LB,2025-06-12,LB
1941302,2024-02-22,LB,2024-02-22,LB
1941474,2022-08-03,LB,2022-08-03,LB
1941936,2022-09-21,P,2023-12-21,P
1942230,2022-08-22,LB,2022-08-22,LB
1942433,2025-02-24,VUS,2025-02-24,VUS
1942732,2024-11-11,VUS,2024-11-11,VUS
1942986,2023-11-22,P,2023-11-22,P
1943499,2022-08-04,LB,2022-08-04,LB
1943589,2026-01-20,LB,2026-01-20,LB
1943705,2022-04-20,LB,2022-04-20,LB
1943956,2022-03-19,VUS,2024-05-23,VUS
1944141,2024-02-26,VUS,2024-02-26,VUS
1944336,2022-07-22,VUS,2022-07-22,VUS
1944447,2022-07-25,VUS,2023-12-21,VUS
1945053,2022-09-03,VUS,2023-09-13,VUS
1945348,2026-01-04,LB,2026-01-04,LB
1945933,2022-06-08,VUS,2025-03-22,VUS
1945973,2022-03-26,LB,2022-03-26,LB
1946173,2024-11-18,LB,2024-11-18,LB
1946490,2022-07-25,VUS,2022-07-25,VUS
1946847,2024-04-25,LB,2024-04-25,LB
1946890,2022-12-21,LB,2023-08-01,LB
1947014,2022-02-03,LB,2022-02-03,LB
1947156,2024-04-29,LB,2024-04-29,LB
1947162,2021-12-21,LB,2021-12-21,LB
1947342,2024-04-08,LB,2024-04-08,LB
1947468,2022-09-23,LB,2022-09-23,LB
1947556,2022-05-28,VUS,2024-05-24,VUS
1947633,2022-10-25,LB,2022-10-25,LB
1947780,2022-05-08,LB,2022-05-08,LB
1948027,2022-06-25,LB,2022-06-25,LB
1948091,2025-08-23,LB,2025-08-23,LB
1948222,2022-03-19,VUS,2022-03-19,VUS
1948727,2022-07-21,VUS,2022-07-21,VUS
1949228,2022-03-09,LB,2022-03-09,LB
1949478,2022-02-25,LP,2024-12-31,LP
1949594,2023-10-03,LB,2025-01-31,LB
1949652,2022-10-03,VUS,2022-10-03,VUS
1949863,2022-05-03,LB,2022-05-03,LB
1950099,2023-04-11,LB,2023-04-11,LB
1950133,2024-07-12,LB,2024-07-12,LB
1950327,2023-12-22,VUS,2023-12-22,VUS
1950800,2022-07-29,VUS,2022-07-29,VUS
1951124,2026-01-13,VUS,2026-01-13,VUS
1951166,2022-08-21,VUS,2022-08-21,VUS
1951431,2025-06-12,VUS,2025-06-12,VUS
1951488,2022-07-21,VUS,2024-08-26,VUS
1951608,2025-03-27,LB,2025-03-27,LB
1951779,2022-09-03,LB,2022-09-03,LB
1951948,2022-10-12,LB,2022-10-12,LB
1951981,2024-02-22,LB,2024-02-22,LB
1952186,2022-01-18,VUS,2025-09-28,VUS
1952442,2025-10-21,LB,2025-10-21,LB
1952886,2022-07-23,LB,2022-07-23,LB
1953286,2022-07-31,VUS,2023-10-13,VUS
1953353,2022-04-06,LB,2025-06-12,LB
1953393,2022-07-06,VUS,2022-07-06,VUS
1953479,2022-06-04,VUS,2025-06-08,VUS
1953635,2022-07-09,VUS,2022-07-09,VUS
1953878,2022-07-11,LB,2022-07-11,LB
1953945,2025-06-12,LB,2025-06-12,LB
1954153,2025-06-12,LB,2025-06-12,LB
1954314,2022-05-27,LB,2022-05-27,LB
1954567,2024-02-23,VUS,2024-05-13,VUS
1954983,2022-07-14,VUS,2022-07-14,VUS
1955062,2022-03-19,LB,2022-03-19,LB
1955368,2025-11-10,LB,2025-11-10,LB
1955384,2022-03-29,VUS,2022-03-29,VUS
1955734,2022-04-07,VUS,2022-04-07,VUS
1955866,2023-01-17,LB,2023-01-17,LB
1955874,2023-05-27,LB,2023-05-27,LB
1956039,2022-04-13,LB,2022-04-13,LB
1956118,2024-06-03,VUS,2024-06-03,VUS
1956122,2022-04-20,LB,2022-04-20,LB
1956505,2022-11-08,VUS,2024-04-23,VUS
1956566,2022-08-21,LB,2022-08-21,LB
1956601,2024-03-02,VUS,2025-06-12,VUS
1956709,2022-07-12,VUS,2022-07-12,VUS
1956895,2022-04-12,VUS,2022-04-12,VUS
1957090,2023-05-27,LB,2023-05-27,LB
1957211,2021-12-29,VUS,2025-05-01,VUS
1957226,2022-08-06,LB,2022-08-06,LB
1957857,2022-11-01,VUS,2022-11-01,VUS
1957903,2024-06-13,LB,2024-06-13,LB
1958075,2022-06-12,VUS,2022-06-12,VUS
1958219,2023-05-22,VUS,2023-05-22,VUS
1958341,2022-07-13,VUS,2023-07-16,VUS
1958407,2022-03-15,LB,2022-03-15,LB
1958573,2022-01-14,VUS,2025-08-22,VUS
1958751,2022-08-08,LB,2023-05-07,LB
1959275,2022-04-17,VUS,2024-06-14,VUS
1959329,2022-09-07,LB,2022-09-07,LB
1959387,2023-11-27,VUS,2023-11-27,VUS
1959393,2022-11-01,VUS,2022-11-01,VUS
1959590,2025-06-12,LB,2025-06-12,LB
1959603,2022-08-01,VUS,2022-08-01,VUS
1959622,2022-02-01,LB,2022-02-01,LB
1959960,2022-08-25,VUS,2022-08-25,VUS
1959997,2025-07-31,LB,2025-07-31,LB
1960280,2024-04-10,LB,2024-04-10,LB
1960557,2022-12-22,VUS,2022-12-22,VUS
1961328,2024-04-30,VUS,2024-04-30,VUS
1961979,2023-02-18,VUS,2026-01-01,VUS
1962567,2022-04-04,VUS,2024-03-22,VUS
1962801,2025-06-23,LB,2025-06-23,LB
1963733,2024-06-03,VUS,2024-06-03,VUS
1964164,2024-01-27,LB,2024-01-27,LB
1964426,2022-11-01,VUS,2022-11-01,VUS
1964902,2022-11-15,VUS,2022-11-15,VUS
1965205,2024-06-03,LB,2024-06-03,LB
1965427,2022-04-07,LB,2022-04-07,LB
1965578,2022-05-27,LB,2022-05-27,LB
1965630,2025-12-30,B,2025-12-30,B
1965693,2022-08-31,LB,2022-08-31,LB
1965772,2024-02-02,LB,2024-02-02,LB
1965931,2024-03-25,B,2024-03-25,B
1965975,2022-05-28,VUS,2022-05-28,VUS
1966047,2025-06-27,LB,2025-06-27,LB
1966118,2025-03-31,LB,2025-03-31,LB
1966284,2024-11-11,VUS,2024-11-11,VUS
1966291,2022-08-21,LB,2022-08-21,LB
1966554,2022-04-12,LB,2022-04-12,LB
1966673,2025-09-02,VUS,2025-09-02,VUS
1966807,2022-06-25,VUS,2022-06-25,VUS
1966810,2025-02-17,VUS,2025-02-17,VUS
1966851,2022-11-01,LB,2022-11-01,LB
1966854,2021-12-19,VUS,2021-12-19,VUS
1966870,2025-02-24,LB,2025-02-24,LB
1966970,2025-02-25,VUS,2025-02-25,VUS
1967023,2022-04-03,VUS,2022-04-03,VUS
1967305,2024-11-04,VUS,2024-11-04,VUS
1967513,2022-06-23,VUS,2022-06-23,VUS
1967578,2024-11-05,LB,2024-11-05,LB
1967772,2022-08-30,LB,2022-08-30,LB
1968097,2022-04-14,VUS,2022-04-14,VUS
1968601,2022-09-20,VUS,2022-09-20,VUS
1968972,2022-02-04,VUS,2022-02-04,VUS
1969111,2025-06-12,LB,2025-06-12,LB
1969288,2022-10-13,VUS,2022-10-13,VUS
1969830,2022-08-06,VUS,2024-03-12,VUS
1969948,2025-05-05,LB,2025-05-05,LB
1970118,2022-10-25,LB,2022-10-25,LB
1970720,2022-08-22,VUS,2022-08-22,VUS
1970760,2022-01-10,VUS,2022-01-10,VUS
1971048,2022-07-17,LB,2022-07-17,LB
1971286,2022-03-07,VUS,2024-02-03,VUS
1971586,2022-06-25,LB,2022-06-25,LB
1971758,2025-03-14,LB,2025-03-14,LB
1972288,2022-09-22,LB,2022-09-22,LB
1972470,2022-02-28,LB,2022-02-28,LB
1972652,2022-05-18,LB,2022-05-18,LB
1972772,2025-06-12,LB,2025-06-12,LB
1973034,2022-08-16,LB,2022-08-16,LB
1973225,2025-10-19,LB,2025-10-19,LB
1973232,2025-09-04,LB,2025-09-04,LB
1973775,2023-10-06,VUS,2025-01-30,VUS
1974148,2024-02-24,LB,2024-02-24,LB
1974262,2022-08-29,VUS,2022-08-29,VUS
1974478,2023-08-22,VUS,2023-08-22,VUS
1974511,2022-02-08,VUS,2022-02-08,VUS
1974652,2025-08-21,VUS,2025-08-21,VUS
1974663,2022-06-27,LB,2022-06-27,LB
1974734,2024-06-03,LB,2024-06-03,LB
1974911,2026-01-22,LB,2026-01-22,LB
1975180,2022-05-18,VUS,2022-05-18,VUS
1975222,2025-09-10,LB,2025-09-10,LB
1975555,2026-01-05,LB,2026-01-05,LB
1975562,2022-08-08,VUS,2022-08-08,VUS
1975709,2025-11-18,VUS,2025-11-18,VUS
1975754,2022-03-08,LB,2022-03-08,LB
1975826,2026-01-13,P,2026-01-13,P
1975937,2022-02-04,VUS,2022-02-04,VUS
1976195,2022-07-02,LB,2022-07-02,LB
1976413,2023-04-24,LB,2023-04-24,LB
1976514,2022-03-13,LP,2022-03-13,LP
1976889,2022-03-18,LB,2022-03-18,LB
1976917,2022-01-11,LB,2022-01-11,LB
1977016,2024-02-16,LB,2024-08-13,LB
1977041,2022-09-09,VUS,2024-12-23,VUS
1977089,2025-04-07,VUS,2025-04-07,VUS
1977232,2023-10-29,VUS,2025-04-13,VUS
1977258,2022-02-08,P,2022-02-08,P
1977850,2022-04-01,VUS,2022-04-01,VUS
1977903,2022-06-11,LP,2024-11-30,LP
1978244,2022-06-09,LB,2022-06-09,LB
1978354,2021-11-25,LB,2021-11-25,LB
1978416,2024-11-11,VUS,2024-11-11,VUS
1978501,2021-12-24,VUS,2024-10-19,VUS
1978945,2024-05-11,LB,2024-12-23,LB
1979236,2022-08-12,VUS,2025-11-12,VUS
1979319,2022-08-16,VUS,2025-08-07,VUS
1979642,2025-11-14,B,2025-11-14,B
1979732,2025-06-12,VUS,2025-06-18,VUS
1980160,2025-09-14,LB,2025-09-14,LB
1980210,2024-10-16,LB,2024-10-16,LB
1980406,2022-03-26,LB,2022-03-26,LB
1981268,2022-06-14,VUS,2024-02-07,VUS
1981318,2024-12-05,VUS,2024-12-05,VUS
1981493,2025-03-11,LB,2025-03-11,LB
1981703,2022-07-18,VUS,2024-02-27,VUS
1981913,2025-06-12,VUS,2025-06-12,VUS
1981987,2023-09-17,VUS,2023-09-17,VUS
1982009,2022-05-16,VUS,2022-05-16,VUS
1982154,2024-04-08,VUS,2025-10-22,VUS
1982327,2022-06-23,LB,2022-06-23,LB
1982663,2022-03-19,VUS,2025-06-18,VUS
1982797,2026-01-06,LB,2026-01-06,LB
1982867,2022-02-19,LB,2022-02-19,LB
1983115,2025-04-28,VUS,2025-04-28,VUS
1983457,2022-08-16,VUS,2025-07-07,VUS
1983748,2022-07-22,VUS,2022-07-22,VUS
1983765,2025-10-24,VUS,2025-11-07,VUS
1983917,2022-02-03,LB,2022-02-03,LB
1983970,2022-06-21,VUS,2022-06-21,VUS
1984005,2024-02-17,VUS,2025-01-07,VUS
1984171,2024-11-01,LB,2025-08-15,LB
1984263,2023-06-27,VUS,2023-06-27,VUS
1984362,2021-12-28,VUS,2021-12-28,VUS
1984649,2022-07-15,VUS,2022-07-15,VUS
1984804,2025-11-07,VUS,2025-11-07,VUS
1985545,2024-04-23,VUS,2024-04-23,VUS
1985621,2022-08-20,LB,2022-08-20,LB
1985815,2024-04-01,VUS,2025-06-12,VUS
1985963,2025-12-26,LB,2025-12-26,LB
1986075,2025-01-15,LB,2025-01-15,LB
1986512,2022-10-04,VUS,2022-10-04,VUS
1986558,2022-01-21,LB,2022-01-21,LB
1986584,2026-01-14,LB,2026-01-14,LB
1986670,2022-05-17,VUS,2022-05-17,VUS
1986702,2022-07-29,VUS,2022-07-29,VUS
1986922,2022-12-26,LB,2022-12-26,LB
1987048,2025-12-15,LB,2025-12-15,LB
1987204,2026-01-08,LB,2026-01-08,LB
1987243,2025-11-04,LB,2025-11-04,LB
1987276,2025-04-13,LB,2025-04-13,LB
1987287,2022-03-16,LB,2024-12-08,LB
1987790,2026-01-05,B,2026-01-05,B
1987813,2025-06-12,LB,2025-06-12,LB
1988031,2022-02-19,VUS,2022-02-19,VUS
1988294,2022-10-27,VUS,2024-11-11,VUS
1988575,2025-08-18,LB,2025-08-18,LB
1988748,2026-01-28,LB,2026-01-28,LB
1988900,2025-06-12,B,2025-06-12,B
1988969,2024-04-16,P,2024-04-16,P
1989004,2022-02-19,LB,2022-02-19,LB
1989037,2025-09-02,B,2025-09-02,B
1990118,2022-08-16,VUS,2022-08-16,VUS
1990447,2025-02-17,LB,2025-02-17,LB
1990485,2025-12-16,B,2025-12-16,B
1990497,2022-08-06,LB,2022-08-06,LB
1990812,2022-01-13,LB,2022-01-13,LB
1990867,2025-10-09,LB,2025-10-09,LB
1991148,2025-01-29,LB,2025-11-24,LB
1991272,2025-11-23,B,2025-11-23,B
1991273,2025-11-23,B,2025-11-23,B
1991413,2022-08-03,VUS,2022-08-03,VUS
1991702,2023-02-08,LB,2023-02-08,LB
1991903,2022-06-15,VUS,2022-06-15,VUS
1991948,2025-10-02,B,2025-10-02,B
1991952,2024-03-05,LB,2026-01-13,LB
1991958,2022-06-23,VUS,2022-06-23,VUS
1992285,2025-12-10,LB,2025-12-10,LB
1992847,2025-03-10,LB,2025-03-10,LB
1993438,2022-06-25,VUS,2022-06-25,VUS
1993698,2022-05-12,VUS,2022-05-12,VUS
1994354,2025-04-14,VUS,2025-04-14,VUS
1994472,2022-05-14,LB,2022-05-14,LB
1994759,2022-05-15,VUS,2022-05-15,VUS
1994772,2022-06-23,VUS,2022-06-23,VUS
1995501,2025-04-28,VUS,2025-04-28,VUS
1995577,2022-05-25,VUS,2022-05-25,VUS
1995667,2022-05-17,LP,2022-05-17,LP
1995839,2022-05-17,VUS,2022-05-17,VUS
1996862,2024-03-04,LB,2024-03-04,LB
1997109,2022-05-20,P,2022-05-20,P
1997235,2022-05-21,LB,2022-05-21,LB
1997386,2022-06-28,LB,2022-06-28,LB
1997479,2022-06-13,LB,2022-06-13,LB
1997657,2022-05-21,LP,2022-05-21,LP
1997836,2022-09-22,VUS,2022-09-22,VUS
1999158,2022-05-26,VUS,2022-05-26,VUS
1999566,2022-05-27,VUS,2022-05-27,VUS
1999574,2022-05-27,VUS,2022-05-27,VUS
1999620,2023-12-08,VUS,2023-12-08,VUS
1999627,2022-05-27,VUS,2022-05-27,VUS
1999663,2022-07-04,LB,2022-07-04,LB
2000319,2022-05-29,LB,2022-05-29,LB
2000396,2022-06-03,LB,2022-06-03,LB
2000809,2024-10-22,P,2024-10-22,P
2001177,2024-01-19,LP,2024-01-19,LP
2001590,2025-11-03,LB,2025-11-03,LB
2001896,2025-03-17,VUS,2025-03-17,VUS
2001926,2022-06-02,LB,2022-06-02,LB
2002304,2022-06-03,LB,2022-06-03,LB
2002556,2025-02-17,VUS,2025-02-17,VUS
2002557,2022-06-05,VUS,2022-06-05,VUS
2002718,2022-08-12,P,2022-08-12,P
2003345,2022-06-08,VUS,2022-06-08,VUS
2003573,2022-06-08,VUS,2022-06-08,VUS
2003680,2022-06-08,VUS,2022-06-08,VUS
2003681,2022-06-08,LB,2022-06-08,LB
2003725,2022-06-09,P,2022-06-09,P
2003999,2025-11-10,LB,2025-11-10,LB
2004086,2024-10-22,LB,2024-10-22,LB
2004592,2025-06-12,VUS,2025-06-12,VUS
2004691,2024-06-03,LP,2024-06-03,LP
2004692,2024-06-03,LB,2024-06-03,LB
2004866,2022-06-11,LB,2022-06-11,LB
2005055,2022-07-07,LB,2022-07-07,LB
2005220,2022-06-12,LB,2022-06-12,LB
2005322,2022-06-12,VUS,2022-06-12,VUS
2005824,2022-11-07,VUS,2022-11-07,VUS
2005956,2022-06-13,VUS,2022-06-13,VUS
2006250,2022-06-14,VUS,2022-06-14,VUS
2006338,2022-06-14,VUS,2022-06-14,VUS
2006544,2022-10-14,VUS,2023-12-27,VUS
2006735,2023-03-26,LB,2023-03-26,LB
2006823,2022-06-15,VUS,2022-06-15,VUS
2007114,2022-10-13,VUS,2022-10-13,VUS
2007186,2024-04-29,VUS,2024-04-29,VUS
2007326,2023-09-28,VUS,2023-09-28,VUS
2007460,2022-06-17,VUS,2022-06-17,VUS
2007672,2024-12-02,VUS,2024-12-02,VUS
2007822,2022-06-18,LB,2022-06-18,LB
2007861,2022-06-18,VUS,2022-06-18,VUS
2007889,2022-06-18,P,2022-06-18,P
2008195,2022-06-19,P,2022-06-19,P
2008361,2022-07-25,VUS,2022-07-25,VUS
2008818,2023-12-21,VUS,2023-12-21,VUS
2009102,2023-10-10,VUS,2023-10-10,VUS
2009561,2022-06-23,VUS,2022-06-23,VUS
2009562,2022-06-23,VUS,2022-06-23,VUS
2009682,2023-03-15,P,2023-03-15,P
2009821,2022-06-23,LB,2022-06-23,LB
2009846,2022-06-23,VUS,2022-06-23,VUS
2010101,2022-06-08,LP,2022-06-08,LP
2010420,2022-06-24,LB,2022-06-24,LB
2010501,2022-06-25,LB,2022-06-25,LB
2011066,2022-06-26,LB,2022-06-26,LB
2011072,2022-06-26,LB,2022-06-26,LB
2011240,2022-06-26,VUS,2022-06-26,VUS
2011602,2024-05-28,VUS,2024-05-28,VUS
2011824,2024-04-29,VUS,2024-04-29,VUS
2012098,2022-04-06,VUS,2022-04-06,VUS
2012307,2022-06-29,LB,2022-06-29,LB
2012392,2022-06-30,VUS,2022-06-30,VUS
2012448,2025-11-17,LB,2025-11-17,LB
2012629,2022-07-01,VUS,2022-07-01,VUS
2012908,2022-09-15,LB,2022-09-15,LB
2013174,2022-07-02,LB,2022-07-02,LB
2013660,2022-07-11,VUS,2022-07-11,VUS
2013913,2022-07-04,LB,2022-07-04,LB
2014057,2022-07-04,LP,2022-07-04,LP
2014136,2022-07-04,VUS,2022-07-04,VUS
2014495,2022-07-06,LB,2022-07-06,LB
2014662,2022-07-11,VUS,2022-07-11,VUS
2015317,2025-11-17,LB,2025-11-17,LB
2015418,2022-07-09,VUS,2022-07-09,VUS
2015541,2024-01-24,P,2024-01-24,P
2015737,2023-11-06,LB,2023-11-06,LB
2015859,2022-07-11,VUS,2022-07-11,VUS
2016352,2022-07-12,VUS,2022-07-12,VUS
2016791,2022-07-13,LB,2022-07-13,LB
2017526,2022-07-15,LB,2022-07-15,LB
2017914,2022-10-17,LB,2022-10-17,LB
2018423,2024-10-23,P,2024-10-23,P
2018570,2022-07-21,LB,2022-07-21,LB
2018637,2022-10-11,LB,2022-10-11,LB
2018823,2023-08-17,LB,2023-08-17,LB
2019028,2022-07-23,LB,2022-07-23,LB
2019114,2022-07-23,LB,2022-07-23,LB
2019483,2022-12-13,VUS,2022-12-13,VUS
2019821,2025-06-12,LB,2025-06-12,LB
2019858,2022-07-27,LB,2025-09-26,LB
2020002,2023-03-12,LB,2023-03-12,LB
2020131,2023-12-21,LB,2023-12-21,LB
2020862,2024-10-08,LB,2024-10-08,LB
2020981,2021-11-30,LP,2021-11-30,LP
2021188,2025-07-30,LB,2025-07-30,LB
2021292,2022-08-03,LB,2022-08-03,LB
2021395,2024-04-22,VUS,2024-04-22,VUS
2021423,2022-08-04,LB,2022-08-04,LB
2021514,2023-07-03,LB,2023-07-03,LB
2021577,2022-08-04,LB,2022-08-04,LB
2022284,2022-08-06,LB,2022-08-06,LB
2022593,2022-08-08,LB,2022-08-08,LB
2022661,2021-12-01,P,2021-12-01,P
2022714,2025-02-17,LB,2025-02-17,LB
2022857,2022-08-08,LB,2022-08-08,LB
2023096,2022-08-09,LB,2022-08-09,LB
2023600,2024-05-20,LB,2024-05-20,LB
2023675,2022-08-12,LB,2022-08-12,LB
2023759,2025-10-21,LB,2025-10-21,LB
2023996,2021-12-13,LB,2021-12-13,LB
2024148,2022-08-14,LB,2022-08-14,LB
2024664,2022-08-19,P,2022-08-19,P
2024712,2021-12-02,LB,2021-12-02,LB
2025532,2021-12-02,VUS,2021-12-02,VUS
2025562,2022-08-21,LB,2022-08-21,LB
2025808,2022-08-21,LB,2022-08-21,LB
2025822,2022-05-01,LB,2026-01-26,LB
2025858,2022-09-05,LB,2022-09-05,LB
2026185,2022-08-29,LB,2022-08-29,LB
2026423,2022-08-22,LB,2022-08-22,LB
2026894,2022-10-26,VUS,2022-10-26,VUS
2027360,2024-03-11,LB,2024-03-11,LB
2027405,2022-08-27,VUS,2022-08-27,VUS
2027558,2023-08-08,LB,2023-08-08,LB
2027694,2022-09-16,P,2022-09-16,P
2027697,2023-12-11,P,2023-12-11,P
2027739,2022-09-18,LB,2022-09-18,LB
2027854,2022-08-30,LB,2022-08-30,LB
2028563,2022-09-02,P,2022-09-02,P
2028777,2022-03-01,LB,2022-03-01,LB
2028889,2022-09-03,VUS,2022-09-03,VUS
2028949,2022-09-04,LB,2022-09-04,LB
2028962,2022-09-04,LB,2022-09-04,LB
2029233,2022-09-08,LB,2022-09-08,LB
2029385,2022-09-07,P,2022-09-07,P
2029395,2022-09-07,LP,2022-09-07,LP
2029553,2024-04-10,LB,2024-04-10,LB
2029619,2022-09-15,LP,2022-09-15,LP
2029683,2024-01-15,P,2024-01-15,P
2029745,2026-01-25,LB,2026-01-25,LB
2029869,2022-09-10,LB,2022-09-10,LB
2029948,2022-10-13,LB,2022-10-13,LB
2030752,2022-09-15,P,2022-09-15,P
2030910,2025-03-20,LB,2025-03-20,LB
2030934,2022-09-17,VUS,2022-09-17,VUS
2031048,2023-08-16,LB,2023-08-16,LB
2031226,2023-07-25,LB,2023-07-25,LB
2031439,2022-09-20,LB,2022-09-20,LB
2031560,2022-09-21,LB,2022-09-21,LB
2031592,2022-09-21,LB,2022-09-21,LB
2031695,2022-09-21,VUS,2022-09-21,VUS
2031934,2022-09-22,LB,2025-11-02,LB
2032286,2022-12-30,P,2022-12-30,P
2032307,2021-12-03,LP,2021-12-03,LP
2032332,2022-09-24,LB,2022-09-24,LB
2032450,2022-09-24,LB,2022-09-24,LB
2033045,2022-10-28,LB,2022-10-28,LB
2033054,2022-09-27,LB,2022-09-27,LB
2033065,2022-10-03,LB,2022-10-03,LB
2033147,2022-09-28,LB,2022-09-28,LB
2033193,2023-12-11,LB,2023-12-11,LB
2033311,2022-09-29,LB,2022-09-29,LB
2033348,2023-11-25,P,2023-11-25,P
2033544,2021-12-05,VUS,2021-12-05,VUS
2033603,2025-10-06,P,2025-10-06,P
2033637,2022-10-01,VUS,2022-10-01,VUS
2033683,2023-05-12,LB,2023-05-12,LB
2034118,2023-11-21,LB,2023-11-21,LB
2034341,2022-10-06,LB,2022-10-06,LB
2034671,2022-10-10,LB,2022-10-10,LB
2034789,2022-10-08,LB,2022-10-08,LB
2034802,2022-07-30,VUS,2024-02-28,VUS
2034929,2022-10-09,LB,2022-10-09,LB
2035288,2021-12-01,P,2021-12-01,P
2035711,2022-10-15,LB,2022-10-15,LB
2035904,2022-10-17,LB,2022-10-17,LB
2036139,2022-10-19,LB,2022-10-19,LB
2036485,2022-10-21,P,2022-10-21,P
2037042,2022-01-11,VUS,2022-01-11,VUS
2037322,2023-01-09,LB,2024-09-22,LB
2037323,2023-01-09,LB,2023-01-09,LB
2037324,2022-03-01,LB,2022-03-01,LB
2037812,2024-02-24,LB,2024-02-24,LB
2038184,2023-04-18,VUS,2025-10-18,VUS
2038477,2022-09-07,LB,2022-09-07,LB
2038800,2021-12-09,LB,2021-12-09,LB
2038876,2024-06-05,LP,2025-07-23,LP
2038909,2023-03-12,VUS,2023-03-12,VUS
2039405,2024-02-17,VUS,2024-02-17,VUS
2039502,2026-02-01,LB,2026-02-01,LB
2039773,2023-08-17,LB,2024-08-17,LB
2040126,2025-10-01,B,2025-10-01,B
2040281,2022-04-18,LB,2025-10-22,LB
2040636,2021-12-12,P,2021-12-12,P
2040727,2022-05-07,VUS,2022-05-07,VUS
2040775,2022-08-17,VUS,2024-06-06,VUS
2040782,2022-07-12,LB,2022-07-12,LB
2041014,2022-02-22,VUS,2025-08-04,VUS
2041017,2022-11-08,VUS,2022-11-08,VUS
2041060,2021-12-12,P,2021-12-12,P
2041473,2026-01-16,VUS,2026-01-16,VUS
2041653,2021-12-13,LB,2021-12-13,LB
2041833,2022-03-02,LB,2025-07-11,LB
2041949,2021-12-13,P,2021-12-13,P
2042512,2021-12-14,VUS,2024-04-03,VUS
2042736,2021-12-14,VUS,2021-12-14,VUS
2043200,2022-01-16,VUS,2022-01-16,VUS
2043338,2026-01-05,B,2026-01-05,B
2043482,2022-02-02,LB,2022-02-02,LB
2043514,2023-07-07,VUS,2023-07-07,VUS
2043781,2021-12-23,P,2021-12-23,P
2043837,2025-12-30,LB,2025-12-30,LB
2043950,2022-06-09,VUS,2025-06-16,VUS
2044061,2022-01-17,VUS,2022-01-17,VUS
2044327,2023-04-13,LB,2025-07-11,LB
2044655,2026-01-07,LB,2026-01-07,LB
2044664,2026-01-08,VUS,2026-01-08,VUS
2044689,2025-12-06,B,2025-12-06,B
2045549,2022-06-02,VUS,2024-04-12,VUS
2045776,2025-07-02,LB,2025-07-02,LB
2045829,2022-03-02,LB,2022-03-02,LB
2046088,2023-11-07,VUS,2025-01-10,VUS
2046204,2021-12-28,LB,2021-12-28,LB
2046231,2025-08-09,LB,2025-08-09,LB
2046327,2022-04-09,VUS,2024-02-26,VUS
2046553,2026-01-25,LB,2026-01-25,LB
2047110,2024-11-19,LB,2024-11-19,LB
2047591,2025-06-12,LB,2025-06-12,LB
2047615,2022-09-06,LB,2022-09-06,LB
2047918,2023-10-10,LB,2023-10-10,LB
2047925,2026-01-28,LB,2026-01-28,LB
2047990,2024-02-24,LB,2024-02-24,LB
2047994,2024-04-05,LB,2024-04-05,LB
2048142,2025-08-04,LB,2025-08-04,LB
2048144,2023-08-04,VUS,2025-11-17,VUS
2048158,2026-02-01,LB,2026-02-01,LB
2048167,2026-01-26,LB,2026-01-26,LB
2048297,2024-06-04,VUS,2026-01-12,VUS
2048650,2022-09-10,LB,2022-09-10,LB
2048660,2024-02-23,LB,2024-02-23,LB
2048850,2024-11-06,VUS,2025-01-15,VUS
2049003,2022-07-09,VUS,2022-07-09,VUS
2049110,2026-01-27,LB,2026-01-27,LB
2049316,2022-08-14,VUS,2024-07-16,VUS
2049586,2022-06-29,LB,2022-06-29,LB
2049791,2025-10-21,LB,2025-10-21,LB
2049817,2024-03-11,VUS,2024-12-04,VUS
2050086,2023-08-04,VUS,2025-01-15,VUS
2050369,2026-01-09,B,2026-01-09,B
2050610,2022-09-25,VUS,2023-10-06,VUS
2050709,2025-03-30,LB,2025-03-30,LB
2051046,2025-09-02,LB,2025-09-02,LB
2051251,2022-04-11,VUS,2022-04-11,VUS
2051311,2023-06-17,LB,2023-06-17,LB
2051735,2021-12-21,LB,2021-12-21,LB
2051933,2022-06-30,VUS,2022-06-30,VUS
2052041,2022-08-06,LB,2022-08-06,LB
2052060,2021-12-21,VUS,2021-12-21,VUS
2052092,2024-08-29,B,2024-08-29,B
2052279,2022-10-17,VUS,2022-10-17,VUS
2052341,2025-03-18,B,2025-03-18,B
2052450,2023-12-11,LB,2023-12-11,LB
2052539,2022-10-10,LB,2022-10-10,LB
2052615,2023-08-04,VUS,2023-08-04,VUS
2052644,2022-08-05,VUS,2025-07-08,VUS
2052670,2022-08-10,VUS,2022-08-10,VUS
2052767,2021-12-24,VUS,2021-12-24,VUS
2053023,2022-09-09,VUS,2022-09-09,VUS
2053229,2022-09-17,VUS,2022-09-17,VUS
2053419,2022-04-13,VUS,2022-04-13,VUS
2053808,2021-12-22,LB,2021-12-22,LB
2053987,2023-11-12,VUS,2025-08-11,VUS
2054160,2022-07-26,VUS,2022-07-26,VUS
2054488,2025-01-15,VUS,2025-01-15,VUS
2054527,2024-08-30,VUS,2024-08-30,VUS
2055146,2025-01-20,LB,2025-01-20,LB
2055207,2023-06-09,VUS,2025-06-12,VUS
2055335,2024-05-16,VUS,2026-01-18,VUS
2055342,2022-08-22,VUS,2024-04-02,VUS
2055392,2022-08-10,VUS,2022-08-10,VUS
2055600,2023-06-08,P,2024-12-18,P
2055977,2021-12-23,VUS,2021-12-23,VUS
2055991,2023-12-20,VUS,2024-06-18,VUS
2056050,2022-07-23,VUS,2022-07-23,VUS
2056246,2022-05-20,VUS,2022-05-20,VUS
2056293,2022-05-25,VUS,2022-05-25,VUS
2056578,2019-12-31,LB,2025-06-12,LB
2056646,2022-04-10,LB,2022-04-10,LB
2056952,2022-08-19,VUS,2024-04-29,VUS
2056983,2022-05-20,VUS,2022-05-20,VUS
2057205,2022-09-06,LB,2022-09-06,LB
2057350,2025-07-27,LB,2025-07-27,LB
2057424,2022-10-20,LB,2022-10-20,LB
2057620,2022-04-19,VUS,2022-04-19,VUS
2057803,2022-08-09,LB,2022-08-09,LB
2057925,2021-12-24,P,2021-12-24,P
2058291,2022-08-27,LB,2022-08-27,LB
2058310,2025-09-01,LB,2025-12-14,LB
2058484,2021-12-24,VUS,2021-12-24,VUS
2058975,2024-02-17,VUS,2024-02-17,VUS
2059109,2025-12-01,LB,2025-12-01,LB
2059236,2024-06-19,VUS,2024-06-19,VUS
2059439,2025-06-12,LB,2025-06-12,LB
2059553,2022-04-04,VUS,2022-04-04,VUS
2059750,2022-07-26,VUS,2024-05-23,VUS
2059800,2025-03-17,LB,2025-03-17,LB
2060423,2022-01-26,VUS,2022-01-26,VUS
2060623,2022-12-12,P,2022-12-12,P
2060624,2022-01-13,VUS,2022-01-13,VUS
2060717,2025-12-19,LB,2025-12-19,LB
2060719,2022-05-05,VUS,2025-04-30,VUS
2060751,2025-03-31,VUS,2025-03-31,VUS
2060879,2024-03-04,P,2025-05-19,P
2061066,2025-01-10,LB,2026-01-28,LB
2061074,2021-12-25,VUS,2021-12-25,VUS
2061504,2025-07-28,LB,2025-07-28,LB
2061609,2022-02-18,VUS,2025-08-09,VUS
2061787,2022-09-13,P,2022-09-13,P
2061896,2025-06-12,LB,2025-06-12,LB
2061901,2022-02-08,LB,2022-02-08,LB
2061908,2024-11-27,LB,2024-11-27,LB
2061913,2022-01-15,LB,2022-01-15,LB
2061938,2023-10-01,LB,2025-07-03,LB
2062024,2022-08-06,P,2022-08-06,P
2062589,2024-04-11,LB,2025-12-30,LB
2062879,2022-05-24,LB,2022-05-24,LB
2062927,2023-04-24,LB,2023-04-24,LB
2062975,2022-10-25,VUS,2024-04-11,VUS
2063055,2023-12-04,LB,2025-11-15,LB
2063111,2024-07-17,VUS,2024-08-19,VUS
2064304,2022-06-15,LB,2025-09-20,LB
2064447,2019-06-11,LB,2025-06-12,LB
2064669,2024-02-24,VUS,2025-01-07,VUS
2064691,2025-01-15,LB,2025-01-15,LB
2064740,2024-01-16,LB,2024-01-16,LB
2065022,2025-06-08,LB,2025-06-08,LB
2065425,2025-06-12,B,2025-06-12,B
2065431,2022-08-24,LB,2022-08-24,LB
2065579,2025-10-22,LB,2025-10-22,LB
2065677,2025-02-24,LB,2025-02-24,LB
2065678,2023-02-18,P,2023-02-18,P
2065818,2022-09-13,P,2022-09-13,P
2065819,2022-04-16,VUS,2022-04-16,VUS
2066430,2025-10-02,VUS,2025-10-02,VUS
2066730,2025-09-09,LB,2025-09-09,LB
2066756,2025-03-31,LB,2025-03-31,LB
2066806,2022-07-29,VUS,2022-07-29,VUS
2067274,2022-10-13,VUS,2023-11-21,VUS
2067408,2023-06-19,LB,2023-06-19,LB
2067410,2022-02-10,VUS,2024-03-04,VUS
2067418,2022-04-25,VUS,2023-05-24,VUS
2067443,2024-08-31,VUS,2024-08-31,VUS
2067557,2022-01-11,VUS,2022-01-11,VUS
2067801,2024-11-08,LB,2024-11-08,LB
2067802,2024-10-23,LB,2026-03-01,LB
2068178,2022-01-16,LB,2022-01-16,LB
2068627,2024-12-12,VUS,2024-12-12,VUS
2068741,2025-08-21,LB,2025-09-16,LB
2069242,2021-09-08,VUS,2021-10-19,VUS
2069350,2023-09-08,LB,2023-09-08,LB
2069420,2022-04-12,LB,2022-04-12,LB
2069425,2022-03-09,VUS,2022-03-09,VUS
2069442,2025-02-27,B,2025-02-27,B
2069579,2024-12-03,LB,2024-12-03,LB
2069781,2025-12-09,LB,2025-12-09,LB
2069834,2022-08-22,VUS,2022-08-22,VUS
2069944,2021-02-17,VUS,2022-02-22,VUS
2069947,2022-04-22,VUS,2022-04-22,VUS
2069983,2022-08-31,VUS,2024-08-14,VUS
2070175,2025-07-01,LB,2025-07-01,LB
2070380,2022-02-14,LB,2022-02-14,LB
2070652,2022-08-06,VUS,2024-01-29,VUS
2070866,2022-05-03,LB,2022-05-03,LB
2070984,2021-12-16,VUS,2021-12-16,VUS
2070996,2022-01-13,P,2022-01-13,P
2071065,2022-02-17,VUS,2022-02-17,VUS
2071226,2025-09-24,B,2025-09-24,B
2071545,2024-02-08,LB,2024-02-08,LB
2071764,2021-04-22,LB,2022-07-05,LB
2072156,2025-12-29,B,2025-12-29,B
2072204,2025-02-03,VUS,2025-02-03,VUS
2072322,2024-02-07,VUS,2025-06-12,VUS
2072618,2022-09-19,VUS,2022-09-19,VUS
2072807,2022-03-10,VUS,2022-03-10,VUS
2073134,2022-09-19,VUS,2022-09-19,VUS
2073366,2024-10-16,LB,2024-10-16,LB
2073703,2022-03-23,LB,2022-03-23,LB
2073968,2023-03-02,P,2023-03-02,P
2073971,2026-01-19,LB,2026-01-19,LB
2074310,2023-08-10,LB,2023-08-10,LB
2074580,2022-03-28,VUS,2022-03-28,VUS
2074927,2022-08-02,VUS,2025-10-27,VUS
2075055,2022-10-19,VUS,2024-02-17,VUS
2075091,2022-05-15,VUS,2022-05-15,VUS
2075272,2024-04-01,LB,2025-01-06,LB
2075434,2022-07-25,VUS,2022-07-25,VUS
2075756,2022-03-23,VUS,2022-03-23,VUS
2075929,2023-03-26,VUS,2023-03-26,VUS
2076354,2022-03-18,VUS,2022-03-18,VUS
2076518,2023-10-28,VUS,2023-10-28,VUS
2076535,2022-04-03,VUS,2022-04-03,VUS
2076725,2025-06-12,VUS,2025-06-12,VUS
2076779,2025-06-12,VUS,2025-06-12,VUS
2076809,2026-01-15,LB,2026-01-15,LB
2076984,2025-01-31,VUS,2025-01-31,VUS
2077250,2021-12-23,VUS,2021-12-23,VUS
2077566,2022-01-10,VUS,2022-01-10,VUS
2077666,2025-10-23,B,2025-10-23,B
2077735,2023-12-02,LB,2023-12-02,LB
2077753,2024-05-30,VUS,2025-05-05,VUS
2078054,2022-03-18,VUS,2022-03-18,VUS
2078439,2025-06-19,LB,2025-06-19,LB
2078543,2022-08-03,VUS,2025-12-24,VUS
2078815,2023-03-02,LP,2025-11-05,LP
2079218,2022-06-06,VUS,2022-06-06,VUS
2079386,2023-10-30,LB,2023-10-30,LB
2079485,2023-12-11,LB,2023-12-11,LB
2079775,2023-06-27,LB,2025-12-04,LB
2080032,2022-05-10,LB,2022-05-10,LB
2080228,2025-07-25,LB,2025-07-25,LB
2080494,2023-12-01,VUS,2024-09-05,VUS
2080565,2025-06-12,LB,2025-10-16,LB
2080594,2024-01-19,LB,2024-01-19,LB
2080711,2025-06-12,LB,2025-06-12,LB
2080738,2022-03-01,VUS,2024-06-20,VUS
2080802,2023-01-24,LB,2023-01-24,LB
2080803,2022-01-12,VUS,2022-01-12,VUS
2080805,2022-01-12,P,2022-01-12,P
2081177,2022-02-28,VUS,2024-01-25,VUS
2081180,2019-02-21,LB,2024-04-02,LB
2081409,2022-10-28,P,2022-10-28,P
2081627,2022-01-13,LB,2022-01-13,LB
2081946,2024-04-20,VUS,2025-08-13,VUS
2081947,2024-04-20,VUS,2025-08-13,VUS
2082205,2024-02-23,LB,2024-02-23,LB
2082381,2021-08-30,VUS,2024-02-17,VUS
2082462,2022-11-01,VUS,2025-08-19,VUS
2082606,2024-01-09,LB,2024-01-09,LB
2083314,2025-10-07,VUS,2025-10-07,VUS
2083442,2022-10-03,VUS,2022-12-01,VUS
2083596,2024-04-10,VUS,2024-04-25,VUS
2084179,2022-01-15,VUS,2022-01-15,VUS
2084596,2023-03-26,P,2023-03-26,P
2084813,2023-06-12,LB,2023-06-12,LB
2084957,2021-07-06,VUS,2024-05-14,VUS
2085105,2022-01-16,LB,2022-01-16,LB
2085148,2022-08-20,VUS,2022-08-20,VUS
2085220,2022-01-16,VUS,2022-01-16,VUS
2085271,2026-01-31,LB,2026-01-31,LB
2085287,2022-06-17,VUS,2025-08-09,VUS
2085404,2022-01-16,LB,2022-01-16,LB
2085687,2022-04-07,VUS,2024-05-06,VUS
2085989,2022-08-20,VUS,2024-06-11,VUS
2086173,2026-01-19,LB,2026-01-19,LB
2086181,2024-08-08,VUS,2026-01-23,VUS
2086256,2024-04-29,LB,2024-04-29,LB
2086498,2022-08-22,VUS,2022-08-22,VUS
2086593,2022-01-16,VUS,2022-01-16,VUS
2086694,2022-01-17,VUS,2022-01-17,VUS
2086865,2022-01-17,LB,2022-01-17,LB
2087567,2022-01-18,LB,2022-01-18,LB
2087763,2022-07-05,VUS,2022-07-05,VUS
2087778,2022-01-18,VUS,2022-01-18,VUS
2087958,2022-03-05,VUS,2022-03-05,VUS
2087976,2022-01-19,VUS,2022-01-19,VUS
2088418,2025-11-10,VUS,2025-11-10,VUS
2088931,2022-11-19,LP,2022-11-19,LP
2089414,2025-07-07,VUS,2025-07-07,VUS
2090010,2023-12-22,VUS,2023-12-22,VUS
2090143,2023-11-27,LB,2023-11-27,LB
2090265,2024-11-05,LB,2024-11-05,LB
2090659,2022-01-28,VUS,2022-01-28,VUS
2090844,2023-07-08,VUS,2023-07-08,VUS
2091119,2026-01-11,LB,2026-01-11,LB
2091258,2022-02-21,VUS,2022-02-21,VUS
2091280,2022-01-31,LB,2022-01-31,LB
2091338,2025-03-16,B,2025-03-16,B
2091644,2022-02-01,LB,2022-02-01,LB
2092191,2022-02-04,LB,2022-02-04,LB
2092192,2022-02-02,P,2022-02-02,P
2092225,2022-10-17,VUS,2022-10-17,VUS
2092460,2022-08-08,VUS,2022-08-08,VUS
2092830,2024-11-18,LB,2024-11-18,LB
2093120,2022-03-01,VUS,2022-03-01,VUS
2093377,2022-02-05,VUS,2022-02-05,VUS
2093659,2022-02-13,VUS,2022-02-13,VUS
2093883,2022-02-06,VUS,2022-02-06,VUS
2093884,2022-02-06,VUS,2022-02-06,VUS
2094095,2022-11-16,VUS,2023-04-19,VUS
2094423,2022-02-07,LB,2022-02-07,LB
2094479,2022-02-08,LB,2022-02-08,LB
2095050,2022-02-19,VUS,2022-02-19,VUS
2095106,2022-06-08,P,2022-06-08,P
2095232,2023-08-19,LB,2023-08-19,LB
2095383,2022-02-09,LB,2022-02-09,LB
2095631,2022-02-09,VUS,2022-02-09,VUS
2096180,2022-02-10,LB,2022-02-10,LB
2096289,2025-11-02,VUS,2025-11-02,VUS
2096568,2024-08-12,VUS,2024-08-12,VUS
2097025,2022-02-11,LB,2022-02-11,LB
2097030,2023-01-09,LB,2023-01-09,LB
2097143,2022-08-13,VUS,2022-08-13,VUS
2097877,2022-02-17,VUS,2022-02-17,VUS
2097936,2025-04-28,VUS,2025-04-28,VUS
2098208,2026-01-15,VUS,2026-01-15,VUS
2098247,2022-06-29,VUS,2022-06-29,VUS
2098490,2022-10-17,VUS,2022-10-17,VUS
2098647,2022-09-10,LP,2022-09-10,LP
2098911,2022-10-17,LB,2022-10-17,LB
2099318,2022-02-19,P,2022-02-19,P
2099368,2022-02-19,VUS,2022-02-19,VUS
2099371,2022-02-19,VUS,2022-02-19,VUS
2099534,2022-11-15,VUS,2022-11-15,VUS
2099652,2022-10-04,VUS,2022-10-04,VUS
2099848,2022-04-19,VUS,2022-04-19,VUS
2100400,2023-10-03,LB,2023-10-03,LB
2100525,2024-03-15,LB,2024-03-15,LB
2100698,2022-02-20,VUS,2022-02-20,VUS
2100731,2022-02-20,VUS,2022-02-20,VUS
2100921,2022-06-24,LP,2022-06-24,LP
2101677,2024-10-22,VUS,2024-10-22,VUS
2101959,2021-02-17,VUS,2022-02-22,VUS
2101996,2022-04-29,VUS,2022-04-29,VUS
2102095,2022-08-21,LB,2022-08-21,LB
2102169,2024-07-29,VUS,2024-07-29,VUS
2102553,2022-03-09,LB,2022-03-09,LB
2102576,2022-10-13,LB,2022-10-13,LB
2102641,2024-02-24,LB,2024-02-24,LB
2102865,2025-06-12,LB,2025-06-12,LB
2102931,2022-06-08,LB,2022-06-08,LB
2103327,2026-01-06,LB,2026-01-06,LB
2103513,2022-02-25,LP,2022-02-25,LP
2103585,2022-02-25,VUS,2022-02-25,VUS
2103711,2022-03-26,VUS,2024-04-02,VUS
2104280,2022-03-04,VUS,2022-03-04,VUS
2104417,2022-10-25,VUS,2022-10-25,VUS
2104428,2022-10-25,VUS,2022-10-25,VUS
2104521,2022-02-28,VUS,2022-02-28,VUS
2104697,2024-03-04,VUS,2024-03-04,VUS
2106161,2025-12-29,LB,2025-12-29,LB
2106203,2022-03-04,LB,2022-03-04,LB
2106467,2022-03-03,VUS,2022-03-03,VUS
2106547,2022-03-10,LB,2022-03-10,LB
2106588,2022-03-04,LB,2022-03-04,LB
2106755,2022-03-04,LB,2022-03-04,LB
2106761,2022-03-04,VUS,2022-03-04,VUS
2106813,2023-12-21,LB,2023-12-21,LB
2106928,2022-08-24,VUS,2022-08-24,VUS
2107030,2022-03-05,VUS,2022-03-05,VUS
2107139,2022-06-08,VUS,2022-06-08,VUS
2108115,2022-03-09,LB,2022-03-09,LB
2108119,2022-06-22,VUS,2022-06-22,VUS
2108201,2024-06-17,LB,2024-06-17,LB
2108235,2022-05-15,VUS,2022-05-15,VUS
2109849,2022-03-12,VUS,2022-03-12,VUS
2110074,2023-05-23,VUS,2023-05-23,VUS
2110076,2022-09-04,VUS,2022-09-04,VUS
2110170,2022-03-12,LB,2022-03-12,LB
2110730,2022-03-13,P,2022-03-13,P
2110792,2024-01-15,VUS,2024-01-15,VUS
2111107,2022-03-13,VUS,2022-03-13,VUS
2111176,2024-01-10,LB,2024-01-10,LB
2111579,2025-02-24,VUS,2025-02-24,VUS
2111620,2022-03-14,LP,2022-03-14,LP
2111621,2022-03-14,P,2022-03-14,P
2111932,2023-06-25,LB,2023-06-25,LB
2111944,2022-03-19,VUS,2022-03-19,VUS
2112074,2022-03-14,LB,2022-03-14,LB
2112180,2022-04-22,VUS,2022-04-22,VUS
2112257,2024-02-09,LB,2024-02-09,LB
2112511,2022-03-15,VUS,2022-03-15,VUS
2113101,2022-06-20,LB,2022-06-20,LB
2113299,2022-03-17,VUS,2022-03-17,VUS
2113538,2025-06-12,P,2025-06-12,P
2113785,2022-09-01,LB,2022-09-01,LB
2113963,2023-12-07,VUS,2023-12-07,VUS
2114134,2022-03-19,VUS,2022-03-19,VUS
2114368,2025-04-17,VUS,2025-04-17,VUS
2114616,2022-03-19,VUS,2022-03-19,VUS
2115062,2022-03-20,VUS,2022-03-20,VUS
2115069,2022-03-20,VUS,2022-03-20,VUS
2115391,2022-05-01,VUS,2022-05-01,VUS
2115395,2023-07-16,LB,2023-07-16,LB
2115626,2024-11-05,VUS,2024-11-05,VUS
2115627,2024-11-05,VUS,2024-11-05,VUS
2115794,2025-08-06,LB,2025-08-06,LB
2116236,2022-05-24,VUS,2022-05-24,VUS
2116306,2022-03-23,LB,2022-03-23,LB
2116315,2024-10-16,VUS,2024-10-16,VUS
2116706,2022-03-25,LB,2022-03-25,LB
2116746,2022-03-25,LB,2022-03-25,LB
2116827,2022-04-04,P,2022-04-04,P
2117054,2022-03-26,LB,2022-03-26,LB
2117143,2023-12-21,VUS,2023-12-21,VUS
2117492,2022-10-03,LB,2022-10-03,LB
2117688,2022-03-26,P,2022-03-26,P
2117719,2022-04-04,LP,2022-04-04,LP
2117877,2022-04-07,VUS,2022-04-07,VUS
2118182,2022-03-27,VUS,2022-03-27,VUS
2118252,2025-06-12,LB,2025-06-12,LB
2118931,2025-06-12,VUS,2025-09-25,VUS
2118935,2022-03-28,VUS,2022-03-28,VUS
2119638,2024-11-11,LB,2024-11-11,LB
2119715,2025-01-27,VUS,2025-01-27,VUS
2119717,2025-01-27,VUS,2025-01-27,VUS
2119754,2022-03-31,LB,2022-03-31,LB
2119770,2022-03-31,P,2022-03-31,P
2119839,2022-03-31,LB,2022-03-31,LB
2119904,2022-03-31,VUS,2022-03-31,VUS
2119983,2022-03-31,LP,2022-03-31,LP
2120183,2025-07-31,VUS,2025-07-31,VUS
2120567,2022-04-01,VUS,2022-04-01,VUS
2121405,2024-10-24,LB,2024-10-24,LB
2121693,2023-04-30,LP,2023-04-30,LP
2121811,2024-01-04,LB,2024-01-04,LB
2121835,2022-04-05,VUS,2022-04-05,VUS
2121836,2022-04-05,LB,2022-04-05,LB
2121968,2025-11-08,LB,2025-11-08,LB
2122520,2022-04-07,LB,2022-04-07,LB
2122824,2023-12-21,LB,2023-12-21,LB
2123107,2022-04-08,VUS,2022-04-08,VUS
2123649,2022-07-27,VUS,2022-07-27,VUS
2123964,2022-04-09,VUS,2022-04-09,VUS
2124164,2023-10-30,LB,2023-10-30,LB
2124168,2022-04-10,LB,2022-04-10,LB
2124548,2022-04-11,VUS,2022-04-11,VUS
2125001,2024-10-16,VUS,2024-10-16,VUS
2127191,2021-12-25,VUS,2021-12-25,VUS
2127342,2022-05-29,VUS,2022-05-29,VUS
2127374,2022-04-17,VUS,2022-04-17,VUS
2127630,2022-04-18,LB,2022-04-18,LB
2127774,2022-04-29,LB,2022-04-29,LB
2127789,2022-04-18,VUS,2022-04-18,VUS
2128002,2022-04-19,LB,2023-03-09,LB
2128060,2022-04-20,VUS,2022-04-20,VUS
2128076,2022-10-06,LB,2022-10-06,LB
2128297,2022-04-20,VUS,2022-04-20,VUS
2128967,2022-04-21,VUS,2022-04-21,VUS
2128981,2026-01-26,LB,2026-01-26,LB
2129305,2022-10-15,VUS,2022-10-15,VUS
2129383,2024-11-04,LB,2024-11-04,LB
2129517,2022-04-23,LB,2022-04-23,LB
2129751,2022-10-27,VUS,2022-10-27,VUS
2129787,2022-04-23,VUS,2022-04-23,VUS
2130194,2022-06-27,VUS,2022-06-27,VUS
2130299,2022-11-08,VUS,2022-11-08,VUS
2130325,2022-07-09,VUS,2022-07-09,VUS
2130386,2022-11-15,VUS,2022-11-15,VUS
2130493,2022-05-13,VUS,2022-05-13,VUS
2130558,2022-04-25,LB,2022-04-25,LB
2130567,2025-07-07,VUS,2025-07-07,VUS
2130659,2022-07-23,LB,2022-07-23,LB
2130817,2022-04-28,VUS,2022-04-28,VUS
2130818,2025-06-09,VUS,2025-06-09,VUS
2130905,2022-07-18,VUS,2022-07-18,VUS
2131878,2023-06-27,VUS,2023-06-27,VUS
2132150,2022-10-17,LB,2022-10-17,LB
2132228,2022-04-30,LB,2022-04-30,LB
2132261,2023-04-19,VUS,2023-04-19,VUS
2132817,2023-12-21,LB,2023-12-21,LB
2133084,2022-05-03,VUS,2022-05-03,VUS
2133209,2022-05-03,VUS,2022-05-03,VUS
2133259,2023-11-24,P,2023-11-24,P
2133264,2022-05-18,LB,2022-05-18,LB
2133767,2022-05-04,LB,2022-05-04,LB
2133771,2022-05-31,VUS,2022-05-31,VUS
2133961,2022-05-05,VUS,2022-05-05,VUS
2133979,2021-11-30,LP,2021-11-30,LP
2134440,2025-07-07,VUS,2025-07-07,VUS
2134779,2025-08-11,VUS,2025-08-11,VUS
2134892,2022-04-12,VUS,2022-04-12,VUS
2134972,2022-07-23,LB,2022-07-23,LB
2135373,2022-05-08,VUS,2022-05-08,VUS
2135727,2022-05-08,P,2022-05-08,P
2136055,2022-07-14,VUS,2022-07-14,VUS
2136219,2021-05-20,LB,2021-05-20,LB
2136505,2022-09-27,LB,2022-09-27,LB
2136689,2021-09-02,VUS,2025-10-02,VUS
2137126,2022-05-04,VUS,2022-05-04,VUS
2137128,2022-06-07,LP,2022-06-07,LP
2137281,2022-02-04,VUS,2024-04-02,VUS
2137319,2023-05-19,P,2023-05-19,P
2137321,2022-06-14,LP,2022-06-14,LP
2137670,2024-04-19,LP,2025-06-24,LP
2138051,2023-10-03,VUS,2024-02-12,VUS
2138052,2021-12-14,P,2021-12-14,P
2138099,2024-05-18,VUS,2026-01-07,VUS
2138100,2023-08-10,VUS,2023-08-10,VUS
2138268,2022-04-14,LP,2022-04-14,LP
2138287,2025-12-17,LB,2025-12-17,LB
2138717,2022-05-20,P,2022-05-20,P
2138720,2022-08-12,P,2022-08-12,P
2138722,2022-09-22,P,2022-09-22,P
2138723,2024-03-04,P,2024-03-04,P
2138724,2022-07-21,P,2022-07-21,P
2138956,2022-10-15,VUS,2025-12-09,VUS
2139129,2025-07-01,LB,2025-07-01,LB
2139302,2022-03-04,VUS,2024-06-18,VUS
2139600,2024-10-16,VUS,2024-10-16,VUS
2139733,2022-06-07,VUS,2025-10-07,VUS
2140318,2022-05-20,LP,2022-05-20,LP
2140331,2026-01-05,LB,2026-01-05,LB
2140904,2026-01-27,LB,2026-01-27,LB
2141512,2025-09-02,LB,2025-09-02,LB
2141725,2026-01-05,LB,2026-01-05,LB
2141727,2023-09-26,VUS,2023-09-26,VUS
2141992,2022-12-22,LB,2022-12-22,LB
2142092,2025-08-11,LB,2025-08-11,LB
2142311,2022-07-23,VUS,2023-02-17,VUS
2142363,2026-01-06,LB,2026-01-06,LB
2142542,2021-11-12,VUS,2022-02-09,VUS
2143014,2022-02-21,LB,2022-02-21,LB
2143570,2025-12-22,LB,2025-12-22,LB
2143999,2026-01-28,LB,2026-01-28,LB
2144081,2026-01-12,VUS,2026-01-12,VUS
2144313,2022-03-24,VUS,2024-01-22,VUS
2144471,2025-06-27,LB,2025-06-27,LB
2144515,2022-05-18,VUS,2025-03-07,VUS
2144516,2022-06-29,VUS,2024-02-25,VUS
2144547,2022-01-04,LB,2022-01-04,LB
2144896,2022-08-23,VUS,2022-08-23,VUS
2144976,2022-08-22,LB,2022-08-22,LB
2145159,2024-03-05,LP,2025-03-08,LP
2145453,2022-04-01,VUS,2022-04-01,VUS
2145861,2025-06-12,LB,2025-06-12,LB
2146263,2024-05-29,LB,2024-05-29,LB
2146603,2022-04-12,VUS,2022-04-12,VUS
2146935,2022-06-13,VUS,2025-12-11,VUS
2147011,2022-04-12,LB,2022-04-12,LB
2147153,2022-06-23,VUS,2022-06-23,VUS
2147388,2024-12-03,LB,2024-12-03,LB
2147410,2022-06-14,VUS,2022-12-15,VUS
2147417,2025-06-12,LB,2025-06-12,LB
2147769,2021-09-17,VUS,2021-09-17,VUS
2147800,2022-05-27,VUS,2024-02-20,VUS
2148283,2025-06-17,LB,2025-06-17,LB
2148296,2022-02-06,VUS,2022-02-06,VUS
2148404,2022-08-08,VUS,2022-08-08,VUS
2148631,2022-11-17,VUS,2024-02-09,VUS
2148780,2022-08-20,VUS,2022-08-20,VUS
2148795,2022-10-27,VUS,2026-01-26,VUS
2148863,2023-02-03,LB,2023-02-03,LB
2149167,2022-04-12,VUS,2022-04-12,VUS
2149280,2025-10-22,LB,2025-10-22,LB
2149356,2023-07-10,LB,2023-07-10,LB
2149715,2020-05-27,VUS,2020-05-27,VUS
2149762,2022-03-20,LB,2023-02-28,LB
2149832,2025-11-28,LB,2025-11-28,LB
2150187,2022-09-24,VUS,2022-09-24,VUS
2150677,2025-11-27,LB,2025-11-27,LB
2151303,2021-08-02,VUS,2025-10-12,VUS
2151510,2022-08-12,VUS,2022-08-12,VUS
2151734,2022-04-16,VUS,2022-04-16,VUS
2151735,2022-07-27,LB,2022-07-27,LB
2151863,2024-04-25,P,2024-04-25,P
2151864,2024-01-02,VUS,2024-01-02,VUS
2151934,2022-02-19,VUS,2024-04-30,VUS
2151935,2022-08-22,VUS,2022-08-22,VUS
2152045,2022-04-23,VUS,2025-08-28,VUS
2152346,2024-03-01,VUS,2025-10-02,VUS
2152586,2023-05-02,LB,2025-06-16,LB
2152626,2025-09-21,LB,2025-09-21,LB
2152817,2022-03-01,LB,2024-05-31,LB
2153073,2022-07-27,VUS,2024-01-30,VUS
2153078,2024-12-24,LB,2024-12-24,LB
2153159,2022-04-20,VUS,2022-04-20,VUS
2153280,2024-06-21,VUS,2024-06-21,VUS
2154023,2023-08-04,VUS,2023-08-04,VUS
2154138,2022-01-13,P,2022-01-13,P
2154674,2021-09-01,VUS,2025-02-03,VUS
2154778,2022-08-05,VUS,2022-08-05,VUS
2154937,2022-04-25,VUS,2022-04-25,VUS
2154951,2021-05-08,VUS,2021-05-08,VUS
2155015,2022-01-22,VUS,2022-01-22,VUS
2155057,2022-11-02,VUS,2024-12-12,VUS
2155356,2025-08-06,LB,2025-08-06,LB
2155424,2025-03-30,LB,2025-03-30,LB
2155476,2022-08-18,VUS,2022-08-18,VUS
2155766,2026-01-04,LB,2026-01-04,LB
2155846,2022-07-02,VUS,2022-07-02,VUS
2155965,2021-09-24,VUS,2021-09-24,VUS
2156151,2022-05-17,VUS,2022-05-17,VUS
2156329,2022-04-09,VUS,2024-02-27,VUS
2156418,2022-09-13,LB,2022-09-13,LB
2156629,2023-04-10,LP,2024-06-06,LP
2156874,2024-06-17,VUS,2024-10-23,VUS
2157287,2025-06-12,LB,2025-06-12,LB
2157423,2026-01-11,LP,2026-01-11,LP
2157481,2022-11-24,LB,2022-11-24,LB
2157774,2024-10-22,VUS,2024-10-22,VUS
2158148,2024-05-18,VUS,2025-08-26,VUS
2158181,2024-06-02,LB,2024-06-02,LB
2159394,2023-06-22,P,2024-08-26,P
2159405,2023-12-01,VUS,2023-12-01,VUS
2159406,2022-03-08,VUS,2022-03-08,VUS
2159550,2021-12-13,P,2021-12-13,P
2159591,2022-04-11,VUS,2023-11-20,VUS
2159704,2025-07-20,LB,2025-07-20,LB
2160125,2024-02-05,VUS,2025-12-29,VUS
2160193,2022-06-20,LB,2022-06-20,LB
2160228,2021-03-17,VUS,2025-05-05,VUS
2160233,2022-01-18,VUS,2022-01-18,VUS
2160297,2021-09-17,VUS,2024-02-02,VUS
2160935,2022-04-26,VUS,2022-04-26,VUS
2161015,2021-12-14,VUS,2021-12-14,VUS
2161090,2024-01-18,LB,2024-01-18,LB
2161315,2025-08-06,VUS,2025-10-19,VUS
2161374,2026-01-15,P,2026-01-15,P
2161793,2023-12-14,VUS,2024-01-29,VUS
2161831,2023-04-06,LB,2023-04-06,LB
2161922,2022-08-08,VUS,2022-08-08,VUS
2162018,2022-03-15,VUS,2024-05-06,VUS
2162124,2024-06-19,LB,2024-06-19,LB
2162565,2022-08-05,VUS,2024-04-22,VUS
2162656,2022-07-01,VUS,2022-07-01,VUS
2162937,2024-07-30,LB,2024-07-30,LB
2163406,2022-06-26,LB,2022-06-26,LB
2163449,2022-11-15,LB,2022-11-15,LB
2164072,2022-07-11,VUS,2024-01-08,VUS
2164752,2022-07-12,LB,2022-07-12,LB
2164754,2022-08-03,VUS,2022-08-03,VUS
2164910,2025-12-13,B,2025-12-13,B
2164949,2022-10-02,VUS,2024-04-12,VUS
2165350,2023-04-15,LB,2023-04-15,LB
2166205,2022-01-04,VUS,2024-06-18,VUS
2166516,2022-03-15,VUS,2025-12-02,VUS
2167396,2023-06-01,LB,2026-04-10,LB
2169248,2019-07-23,LB,2019-07-23,LB
2169273,2022-04-22,VUS,2024-12-10,VUS
2169620,2022-05-27,P,2022-05-27,P
2169713,2022-08-23,VUS,2022-08-23,VUS
2170025,2023-05-08,B,2023-05-08,B
2170283,2022-09-29,VUS,2022-09-29,VUS
2170754,2024-04-22,B,2024-04-22,B
2171040,2021-12-12,P,2021-12-12,P
2172088,2021-08-27,VUS,2024-06-08,VUS
2172170,2025-04-26,LB,2025-04-26,LB
2172389,2025-07-21,VUS,2025-07-21,VUS
2172853,2025-01-06,LB,2025-01-06,LB
2172859,2025-01-25,LB,2025-01-25,LB
2173069,2024-09-29,LB,2024-09-29,LB
2173242,2024-04-05,LB,2024-04-05,LB
2173439,2023-05-26,VUS,2025-11-08,VUS
2173714,2022-07-13,VUS,2025-08-21,VUS
2173798,2025-11-04,LB,2025-11-04,LB
2173845,2023-02-03,P,2023-02-03,P
2173945,2022-05-15,VUS,2025-03-06,VUS
2174136,2025-08-14,LB,2025-08-14,LB
2174202,2022-09-05,LB,2022-09-05,LB
2174210,2024-05-01,LB,2024-05-01,LB
2174369,2026-01-28,LB,2026-01-28,LB
2174391,2022-12-07,LB,2026-01-20,LB
2174473,2022-05-04,VUS,2022-05-04,VUS
2174629,2024-04-10,VUS,2024-10-29,VUS
2174651,2026-01-19,LB,2026-01-19,LB
2174683,2022-03-14,VUS,2025-11-07,VUS
2174849,2022-02-09,VUS,2022-02-09,VUS
2175145,2020-07-20,LB,2026-01-16,LB
2175168,2019-06-26,LB,2025-06-12,LB
2175400,2022-01-17,VUS,2022-07-29,VUS
2175881,2022-06-07,VUS,2024-08-19,VUS
2175895,2022-02-20,VUS,2023-05-08,VUS
2176128,2022-05-25,VUS,2022-05-25,VUS
2176266,2025-06-12,LB,2025-06-12,LB
2176543,2025-10-11,LB,2025-10-11,LB
2176800,2026-01-08,LB,2026-01-08,LB
2176975,2021-12-17,VUS,2021-12-17,VUS
2177083,2022-08-05,LB,2025-06-12,LB
2177113,2026-01-21,LB,2026-01-21,LB
2177276,2022-05-09,VUS,2022-05-09,VUS
2177474,2022-03-27,LB,2025-01-23,LB
2177526,2022-05-20,VUS,2022-12-06,VUS
2177675,2022-06-04,VUS,2024-03-22,VUS
2177679,2022-09-14,VUS,2022-09-14,VUS
2177980,2023-12-15,LB,2023-12-15,LB
2178217,2025-12-08,LB,2025-12-08,LB
2178507,2025-10-26,LB,2025-10-26,LB
2178660,2022-06-09,VUS,2022-06-09,VUS
2178839,2025-09-03,LB,2025-09-03,LB
2178904,2022-07-06,LB,2022-07-06,LB
2178929,2022-08-03,VUS,2025-08-27,VUS
2178958,2022-10-10,LB,2022-10-10,LB
2179011,2025-06-12,B,2025-06-12,B
2179050,2022-01-07,VUS,2022-08-15,VUS
2179325,2025-06-12,VUS,2025-06-12,VUS
2179369,2025-11-17,LB,2025-11-17,LB
2179743,2024-10-15,LB,2024-10-15,LB
2179893,2025-06-12,LB,2025-06-12,LB
2179980,2024-04-10,VUS,2024-12-02,VUS
2180137,2026-01-20,LB,2026-01-20,LB
2180138,2024-07-03,LB,2025-09-21,LB
2180184,2025-12-22,LB,2026-01-04,LB
2180218,2022-03-19,VUS,2022-03-19,VUS
2180451,2023-02-10,VUS,2023-04-18,VUS
2180951,2022-06-16,VUS,2022-06-16,VUS
2180966,2023-10-24,LB,2023-10-24,LB
2181005,2022-02-23,VUS,2023-03-22,VUS
2181278,2021-12-21,VUS,2021-12-21,VUS
2181300,2022-03-27,VUS,2024-04-08,VUS
2181406,2025-12-17,LB,2025-12-17,LB
2182268,2022-02-20,VUS,2025-10-03,VUS
2182412,2022-12-21,LB,2022-12-21,LB
2182444,2025-06-12,LB,2025-06-12,LB
2182485,2025-08-20,LB,2025-08-20,LB
2182486,2025-08-20,LB,2025-08-20,LB
2182929,2022-03-08,LB,2022-03-08,LB
2183243,2023-07-06,LB,2023-07-06,LB
2183502,2022-08-07,VUS,2022-08-07,VUS
2183559,2024-10-21,LB,2024-10-21,LB
2183670,2021-12-20,VUS,2025-12-10,VUS
2183789,2022-10-24,LB,2022-10-24,LB
2183813,2024-05-06,LB,2024-05-06,LB
2184375,2023-10-03,VUS,2025-04-01,VUS
2184541,2022-05-27,VUS,2024-10-25,VUS
2184635,2025-06-12,VUS,2025-06-12,VUS
2184756,2025-03-19,LB,2025-03-19,LB
2184826,2025-12-17,LB,2025-12-17,LB
2184827,2025-12-17,LB,2025-12-17,LB
2184856,2021-07-16,VUS,2024-04-08,VUS
2184860,2026-02-03,LB,2026-02-03,LB
2184909,2019-06-12,LB,2025-07-02,LB
2185427,2024-10-25,B,2024-10-25,B
2185650,2026-01-08,LB,2026-01-08,LB
2185654,2022-05-06,VUS,2022-05-06,VUS
2186093,2023-03-20,LB,2023-03-20,LB
2186113,2022-02-28,VUS,2026-04-08,VUS
2186131,2024-10-13,VUS,2025-12-09,VUS
2186268,2021-06-11,VUS,2022-02-25,VUS
2186472,2022-04-22,VUS,2022-04-22,VUS
2186515,2021-12-31,VUS,2024-04-22,VUS
2186616,2024-02-01,LB,2025-10-05,LB
2186641,2022-01-15,VUS,2022-01-15,VUS
2186711,2021-12-11,LB,2021-12-11,LB
2186724,2022-06-08,LB,2022-06-08,LB
2186735,2019-02-21,LB,2023-10-04,LB
2186762,2025-05-13,LB,2025-05-13,LB
2186974,2023-10-16,LB,2023-10-16,LB
2187103,2022-07-26,VUS,2022-07-26,VUS
2187332,2025-06-12,LB,2025-06-12,LB
2187386,2025-01-07,VUS,2025-01-07,VUS
2187650,2024-07-29,LB,2024-07-29,LB
2188443,2023-09-20,VUS,2023-11-11,VUS
2188630,2022-07-17,VUS,2024-05-01,VUS
2188863,2026-01-28,LB,2026-01-28,LB
2188996,2022-04-21,VUS,2022-04-21,VUS
2189297,2022-07-06,LB,2022-07-06,LB
2189429,2022-08-22,VUS,2024-06-11,VUS
2189444,2022-07-26,VUS,2022-07-26,VUS
2190242,2022-09-07,VUS,2022-09-07,VUS
2190334,2022-04-28,VUS,2022-04-28,VUS
2190348,2024-02-20,VUS,2025-08-11,VUS
2190622,2025-06-12,LB,2025-06-12,LB
2190836,2025-09-08,LB,2025-09-08,LB
2190935,2025-06-20,LB,2025-06-20,LB
2191029,2025-06-12,VUS,2025-08-20,VUS
2191071,2022-03-10,VUS,2022-03-10,VUS
2191122,2022-10-17,LB,2022-10-17,LB
2191127,2023-11-22,B,2023-11-22,B
2191159,2025-07-31,LB,2025-07-31,LB
2191164,2025-02-06,LB,2025-02-06,LB
2191520,2021-08-27,VUS,2024-09-24,VUS
2191749,2025-12-15,LB,2025-12-15,LB
2191828,2022-09-15,VUS,2022-09-15,VUS
2192023,2022-08-19,VUS,2022-08-19,VUS
2192042,2022-05-03,LB,2022-05-03,LB
2192103,2022-07-06,VUS,2022-07-06,VUS
2192112,2024-06-30,LB,2024-06-30,LB
2192306,2024-08-28,LB,2025-05-05,LB
2192578,2025-06-12,LB,2025-06-12,LB
2192715,2022-03-06,VUS,2022-03-06,VUS
2192776,2022-05-27,VUS,2025-06-02,VUS
2192861,2026-01-05,LB,2026-01-05,LB
2193109,2023-06-11,VUS,2025-10-03,VUS
2193187,2023-12-21,VUS,2025-08-11,VUS
2193395,2023-11-27,LB,2023-11-27,LB
2193483,2026-01-17,LB,2026-01-17,LB
2193674,2025-12-29,LB,2025-12-29,LB
2193853,2022-05-29,VUS,2022-05-29,VUS
2193928,2022-07-09,VUS,2024-05-20,VUS
2193982,2022-07-21,VUS,2022-07-21,VUS
2193992,2022-03-11,VUS,2024-06-24,VUS
2194375,2022-05-20,VUS,2024-06-12,VUS
2194402,2024-04-28,VUS,2025-06-26,VUS
2194547,2026-01-08,VUS,2026-01-08,VUS
2194588,2022-06-12,VUS,2022-06-12,VUS
2194962,2025-05-27,LB,2025-05-27,LB
2195359,2022-02-11,VUS,2022-02-11,VUS
2195519,2026-01-12,B,2026-01-12,B
2195539,2022-11-08,VUS,2022-11-08,VUS
2195823,2025-12-21,B,2025-12-21,B
2196156,2024-03-03,LB,2024-03-03,LB
2196278,2022-03-24,LB,2022-03-24,LB
2196481,2024-11-18,LB,2024-11-18,LB
2196541,2024-04-16,LB,2024-04-16,LB
2196631,2024-02-22,LB,2024-02-22,LB
2196676,2025-09-09,B,2025-09-09,B
2196677,2022-09-16,LB,2022-09-16,LB
2196692,2023-07-06,VUS,2023-07-06,VUS
2196748,2022-05-06,LB,2022-05-06,LB
2196778,2025-07-25,LB,2025-07-25,LB
2197094,2025-06-12,LB,2025-06-12,LB
2197169,2022-08-15,LB,2022-08-15,LB
2197232,2023-08-08,VUS,2023-08-08,VUS
2197308,2025-03-31,LB,2025-03-31,LB
2197666,2019-08-29,LB,2026-01-26,LB
2197772,2024-10-15,LB,2024-10-15,LB
2197935,2022-04-26,VUS,2022-04-26,VUS
2198398,2025-11-10,B,2025-11-10,B
2198445,2025-06-03,LB,2025-09-23,LB
2198452,2019-05-09,LB,2025-12-29,LB
2198663,2020-11-18,VUS,2020-11-18,VUS
2198704,2025-09-04,LB,2025-09-04,LB
2198710,2025-03-27,LB,2025-03-27,LB
2199130,2025-10-21,LB,2025-10-21,LB
2199379,2022-04-07,VUS,2022-04-07,VUS
2199407,2026-01-19,B,2026-01-19,B
2199546,2026-01-29,LB,2026-01-29,LB
2199578,2025-02-26,LB,2025-02-26,LB
2199730,2022-08-23,LB,2024-09-22,LB
2199853,2025-12-10,LB,2025-12-10,LB
2199879,2024-11-29,LB,2024-11-29,LB
2199907,2022-10-17,LB,2022-10-17,LB
2200323,2022-08-28,VUS,2022-08-28,VUS
2200372,2021-09-30,VUS,2022-07-25,VUS
2200388,2022-06-08,VUS,2024-09-25,VUS
2200526,2022-07-19,VUS,2022-07-19,VUS
2200667,2020-02-22,VUS,2025-11-27,VUS
2201025,2023-08-23,LB,2023-08-23,LB
2201105,2022-08-21,VUS,2025-10-28,VUS
2201271,2023-06-25,B,2023-06-25,B
2201466,2025-02-02,B,2025-02-02,B
2201557,2025-06-12,LB,2025-06-12,LB
2201656,2019-03-26,LB,2025-06-12,LB
2202005,2019-07-01,LB,2025-12-24,LB
2202512,2022-07-06,VUS,2022-07-06,VUS
2202661,2025-06-12,LB,2025-06-12,LB
2202678,2025-07-14,LB,2025-07-14,LB
2202706,2023-03-15,P,2025-12-14,P
2202999,2023-08-02,P,2023-08-02,P
2203046,2021-12-22,VUS,2025-09-27,VUS
2203058,2022-09-10,P,2024-02-21,P
2203059,2022-01-14,VUS,2022-01-14,VUS
2203080,2023-06-05,P,2025-01-30,P
2203081,2023-09-13,P,2024-11-29,P
2203082,2024-01-02,P,2024-01-02,P
2203234,2025-10-27,LB,2025-10-27,LB
2203298,2022-03-31,LP,2022-03-31,LP
2203412,2022-05-26,P,2022-05-26,P
2203413,2022-04-24,P,2022-04-24,P
2203414,2023-04-07,P,2023-04-07,P
2203415,2022-07-01,VUS,2022-07-01,VUS
2203417,2022-06-14,VUS,2023-12-08,VUS
2203418,2021-11-21,VUS,2021-11-21,VUS
2203419,2022-07-29,VUS,2022-07-29,VUS
2203421,2023-12-18,LP,2025-12-29,LP
2203422,2022-05-25,VUS,2022-05-25,VUS
2203423,2025-04-07,VUS,2025-04-07,VUS
2203426,2022-03-17,VUS,2022-03-17,VUS
2203471,2022-03-04,VUS,2022-03-04,VUS
2203533,2022-04-20,VUS,2022-04-20,VUS
2203758,2022-09-21,P,2022-09-21,P
2203899,2025-04-07,VUS,2025-04-07,VUS
2204661,2021-12-20,VUS,2021-12-20,VUS
2206140,2021-07-09,VUS,2025-05-17,VUS
2206571,2021-08-02,VUS,2021-08-02,VUS
2206635,2021-06-23,VUS,2024-05-15,VUS
2206866,2021-07-17,VUS,2021-07-17,VUS
2207839,2022-02-09,VUS,2022-02-09,VUS
2209677,2022-12-02,VUS,2022-12-02,VUS
2212877,2021-07-13,VUS,2021-07-13,VUS
2213262,2025-04-13,VUS,2026-01-09,VUS
2214153,2021-10-12,VUS,2021-10-12,VUS
2214782,2022-05-04,VUS,2024-04-23,VUS
2215129,2022-01-04,VUS,2024-05-23,VUS
2215552,2021-09-01,LB,2021-09-01,LB
2216171,2022-12-15,VUS,2022-12-15,VUS
2216247,2024-05-07,VUS,2024-10-19,VUS
2216677,2024-01-04,VUS,2024-12-04,VUS
2220217,2024-04-15,VUS,2024-11-07,VUS
2221179,2021-10-06,VUS,2024-06-08,VUS
2224011,2021-07-27,VUS,2021-07-27,VUS
2226849,2022-10-12,VUS,2022-10-12,VUS
2227307,2022-01-07,LB,2022-01-07,LB
2227969,2022-01-19,VUS,2022-01-19,VUS
2228323,2020-12-15,VUS,2024-04-04,VUS
2228726,2024-04-10,VUS,2025-12-11,VUS
2228873,2022-03-03,VUS,2022-03-03,VUS
2228911,2021-01-15,VUS,2021-01-15,VUS
2230832,2021-05-16,VUS,2025-12-17,VUS
2231372,2021-08-02,VUS,2021-08-02,VUS
2232655,2021-06-11,VUS,2023-12-23,VUS
2233209,2021-06-18,VUS,2021-06-18,VUS
2234347,2021-06-22,VUS,2021-06-22,VUS
2234621,2021-07-06,VUS,2021-07-06,VUS
2235801,2021-07-09,VUS,2021-07-09,VUS
2235964,2021-07-09,VUS,2021-07-09,VUS
2236245,2021-07-09,VUS,2021-07-09,VUS
2237095,2021-08-18,VUS,2021-08-18,VUS
2238111,2021-07-16,VUS,2021-07-16,VUS
2240525,2021-09-07,VUS,2021-09-07,VUS
2241698,2021-08-09,VUS,2021-08-09,VUS
2241917,2021-08-11,VUS,2024-06-13,VUS
2242706,2021-08-10,VUS,2021-08-10,VUS
2243360,2021-08-12,VUS,2021-08-12,VUS
2243976,2021-08-12,VUS,2021-08-12,VUS
2244594,2021-08-13,VUS,2021-08-13,VUS
2245147,2021-08-13,VUS,2021-08-13,VUS
2248252,2021-09-01,VUS,2021-09-01,VUS
2248740,2021-09-14,VUS,2021-09-14,VUS
2248911,2021-09-09,VUS,2024-04-20,VUS
2249514,2021-09-15,VUS,2024-12-12,VUS
2249802,2021-09-16,VUS,2021-09-16,VUS
2250970,2021-09-16,VUS,2021-09-16,VUS
2251353,2021-09-17,VUS,2021-09-17,VUS
2251700,2021-09-17,VUS,2021-09-17,VUS
2252293,2021-09-27,VUS,2021-09-27,VUS
2253562,2021-10-06,VUS,2021-10-06,VUS
2253611,2021-10-06,VUS,2021-10-06,VUS
2254926,2021-10-12,VUS,2021-10-12,VUS
2255987,2021-10-20,VUS,2024-08-07,VUS
2256365,2021-10-22,VUS,2021-10-22,VUS
2256435,2021-10-22,VUS,2021-10-22,VUS
2256859,2021-10-26,VUS,2021-10-26,VUS
2257136,2021-10-26,VUS,2021-10-26,VUS
2259165,2021-11-08,VUS,2021-11-08,VUS
2260038,2022-07-27,VUS,2022-07-27,VUS
2260513,2021-11-12,VUS,2021-11-12,VUS
2261491,2021-11-15,VUS,2021-11-15,VUS
2262059,2021-11-22,VUS,2021-11-22,VUS
2262924,2021-11-30,VUS,2021-11-30,VUS
2263555,2022-02-04,VUS,2022-02-04,VUS
2263559,2021-12-03,VUS,2021-12-03,VUS
2264277,2021-12-03,VUS,2024-01-14,VUS
2264644,2021-12-03,VUS,2021-12-03,VUS
2265094,2021-12-06,VUS,2021-12-06,VUS
2265281,2021-12-06,VUS,2021-12-06,VUS
2265982,2021-12-07,VUS,2024-05-20,VUS
2267460,2021-12-14,VUS,2021-12-14,VUS
2268437,2021-12-20,VUS,2021-12-20,VUS
2271013,2022-01-07,VUS,2022-01-07,VUS
2271202,2022-01-10,VUS,2022-01-10,VUS
2272418,2022-01-19,VUS,2022-01-19,VUS
2272543,2022-01-19,VUS,2022-01-19,VUS
2274756,2022-01-31,VUS,2024-01-09,VUS
2274758,2022-01-31,VUS,2022-01-31,VUS
2275838,2022-03-11,VUS,2022-03-11,VUS
2276283,2022-02-10,VUS,2022-02-10,VUS
2277100,2022-03-22,VUS,2022-03-22,VUS
2277596,2022-02-17,VUS,2022-02-17,VUS
2278497,2022-03-16,VUS,2022-03-16,VUS
2280655,2022-03-29,VUS,2022-03-29,VUS
2281420,2022-04-06,VUS,2022-04-06,VUS
2282347,2022-04-07,VUS,2022-04-07,VUS
2283317,2022-04-12,VUS,2022-04-12,VUS
2283542,2022-04-13,VUS,2022-04-13,VUS
2284043,2022-04-14,VUS,2022-04-14,VUS
2286139,2025-07-02,VUS,2025-07-02,VUS
2286415,2025-08-20,VUS,2025-08-20,VUS
2286725,2022-04-28,VUS,2022-04-28,VUS
2286771,2022-04-28,VUS,2022-04-28,VUS
2287034,2022-05-01,VUS,2022-05-01,VUS
2287255,2022-05-04,VUS,2022-05-04,VUS
2287479,2022-05-04,VUS,2022-05-04,VUS
2287684,2022-05-05,VUS,2022-05-05,VUS
2288596,2022-05-11,VUS,2022-05-11,VUS
2289735,2025-09-08,VUS,2025-10-28,VUS
2290099,2022-05-18,VUS,2022-05-18,VUS
2291262,2022-05-26,VUS,2022-05-26,VUS
2293380,2025-10-07,VUS,2025-10-07,VUS
2294753,2022-06-30,VUS,2024-05-03,VUS
2294790,2022-06-09,VUS,2022-06-09,VUS
2295355,2022-06-10,VUS,2022-06-10,VUS
2296104,2022-10-05,VUS,2022-10-05,VUS
2297121,2024-05-22,VUS,2025-06-29,VUS
2297226,2022-06-24,VUS,2022-06-24,VUS
2297886,2021-09-17,VUS,2021-09-17,VUS
2298383,2022-06-28,VUS,2023-10-17,VUS
2301009,2022-07-12,VUS,2022-07-12,VUS
2301206,2022-07-12,VUS,2024-05-10,VUS
2302851,2024-04-10,VUS,2025-10-22,VUS
2302963,2022-07-21,VUS,2024-04-18,VUS
2304137,2022-08-01,VUS,2022-08-01,VUS
2304790,2022-08-02,LB,2022-08-02,LB
2305016,2022-08-02,VUS,2022-08-02,VUS
2306184,2022-08-08,VUS,2022-08-08,VUS
2306475,2022-08-11,VUS,2022-08-11,VUS
2308634,2022-08-17,VUS,2022-08-17,VUS
2309768,2025-11-12,VUS,2025-11-12,VUS
2310319,2025-04-01,VUS,2025-04-01,VUS
2310831,2022-09-06,VUS,2022-09-06,VUS
2311515,2022-09-14,VUS,2022-09-14,VUS
2314239,2022-09-28,VUS,2024-01-02,VUS
2314945,2022-10-03,VUS,2022-10-03,VUS
2316406,2022-10-04,VUS,2022-10-04,VUS
2316948,2022-10-05,VUS,2022-10-05,VUS
2318458,2022-10-12,VUS,2022-10-12,VUS
2320109,2025-08-08,VUS,2025-08-08,VUS
2320548,2022-10-26,VUS,2022-10-26,VUS
2321254,2022-10-27,VUS,2024-04-02,VUS
2322490,2022-11-07,VUS,2022-11-07,VUS
2322876,2022-11-07,VUS,2022-11-07,VUS
2323198,2022-11-07,VUS,2022-11-07,VUS
2323609,2022-11-08,VUS,2022-11-08,VUS
2324829,2022-11-08,VUS,2022-11-08,VUS
2325320,2022-11-10,VUS,2022-11-10,VUS
2325716,2022-11-10,VUS,2022-11-10,VUS
2327122,2022-11-17,VUS,2022-11-17,VUS
2328072,2022-11-18,VUS,2022-11-18,VUS
2328799,2024-12-25,VUS,2024-12-25,VUS
2329410,2022-11-23,VUS,2022-11-23,VUS
2330929,2022-12-01,VUS,2022-12-01,VUS
2331052,2022-12-01,VUS,2022-12-01,VUS
2331184,2022-12-01,VUS,2022-12-01,VUS
2331951,2022-12-02,VUS,2022-12-02,VUS
2332229,2022-12-02,VUS,2022-12-02,VUS
2332832,2022-12-05,VUS,2022-12-05,VUS
2333044,2022-12-05,VUS,2022-12-05,VUS
2333268,2022-12-06,VUS,2022-12-06,VUS
2333395,2022-12-06,VUS,2022-12-06,VUS
2333495,2022-12-06,VUS,2022-12-06,VUS
2334870,2022-12-14,VUS,2022-12-14,VUS
2335767,2022-12-15,VUS,2022-12-15,VUS
2337771,2022-12-20,VUS,2022-12-20,VUS
2338817,2022-12-21,VUS,2022-12-21,VUS
2339844,2022-12-28,VUS,2022-12-28,VUS
2340705,2021-11-29,VUS,2024-06-18,VUS
2340723,2022-12-28,VUS,2022-12-28,VUS
2342075,2025-06-19,VUS,2025-06-19,VUS
2343775,2022-11-22,VUS,2025-12-01,VUS
2346810,2021-09-17,VUS,2021-09-17,VUS
2348899,2024-04-22,VUS,2025-09-22,VUS
2352642,2025-08-08,VUS,2025-08-08,VUS
2352661,2021-11-08,VUS,2024-09-29,VUS
2355273,2022-07-06,VUS,2025-01-29,VUS
2356792,2021-02-23,VUS,2024-11-23,VUS
2357253,2025-06-24,VUS,2025-06-24,VUS
2357295,2022-12-28,VUS,2022-12-28,VUS
2359200,2022-10-04,VUS,2024-06-25,VUS
2359681,2022-11-07,VUS,2022-11-07,VUS
2359995,2023-12-28,VUS,2025-01-21,VUS
2360487,2022-09-27,VUS,2022-09-27,VUS
2364217,2022-08-03,VUS,2022-08-03,VUS
2366822,2022-08-02,VUS,2022-08-02,VUS
2367066,2022-10-04,VUS,2022-10-04,VUS
2367135,2022-10-03,VUS,2022-10-03,VUS
2367378,2021-07-14,VUS,2021-07-14,VUS
2367890,2022-12-15,VUS,2022-12-15,VUS
2367996,2025-08-01,VUS,2025-08-01,VUS
2369652,2022-12-19,VUS,2024-04-24,VUS
2370359,2022-08-31,VUS,2022-08-31,VUS
2371508,2021-11-30,VUS,2021-11-30,VUS
2372743,2022-07-06,LB,2022-07-06,LB
2375402,2021-06-18,VUS,2021-06-18,VUS
2375774,2024-09-12,VUS,2024-09-12,VUS
2376519,2021-07-30,VUS,2024-01-16,VUS
2376889,2021-06-11,VUS,2024-09-06,VUS
2377426,2022-10-03,VUS,2024-05-31,VUS
2377830,2021-07-09,VUS,2021-07-09,VUS
2379851,2021-06-22,VUS,2021-06-22,VUS
2380310,2021-06-11,VUS,2021-06-11,VUS
2380538,2024-02-28,VUS,2024-06-12,VUS
2381438,2022-09-14,VUS,2022-09-14,VUS
2381542,2022-01-05,VUS,2024-12-30,VUS
2381926,2021-08-13,VUS,2021-08-13,VUS
2383615,2021-06-11,VUS,2024-03-22,VUS
2383789,2021-12-07,VUS,2021-12-07,VUS
2384377,2022-11-09,VUS,2025-12-24,VUS
2386267,2021-07-27,VUS,2023-07-28,VUS
2387586,2021-06-11,VUS,2024-09-06,VUS
2387613,2024-06-07,VUS,2024-11-09,VUS
2388241,2022-12-15,VUS,2024-02-19,VUS
2389068,2022-12-06,VUS,2024-06-20,VUS
2389859,2022-06-03,VUS,2022-06-03,VUS
2390770,2021-09-01,VUS,2021-09-01,VUS
2391201,2024-11-05,VUS,2025-09-26,VUS
2391657,2021-07-14,VUS,2021-07-14,VUS
2391900,2022-11-30,VUS,2025-04-16,VUS
2392625,2022-09-29,VUS,2022-09-29,VUS
2393273,2025-06-07,VUS,2025-06-07,VUS
2394160,2021-08-12,VUS,2021-08-12,VUS
2394411,2024-11-11,VUS,2024-11-11,VUS
2396300,2021-10-05,VUS,2021-10-05,VUS
2397869,2021-08-04,VUS,2021-08-04,VUS
2398254,2025-06-10,VUS,2025-06-10,VUS
2398487,2021-06-15,VUS,2021-06-15,VUS
2398535,2022-06-24,VUS,2022-06-24,VUS
2401486,2021-07-09,VUS,2025-09-22,VUS
2401566,2022-01-26,VUS,2022-01-26,VUS
2404032,2021-06-18,VUS,2024-02-25,VUS
2405476,2022-11-18,VUS,2022-11-18,VUS
2405905,2022-08-02,VUS,2024-03-25,VUS
2408672,2022-04-22,VUS,2022-04-22,VUS
2409283,2022-02-03,VUS,2022-02-03,VUS
2409641,2022-08-17,VUS,2026-03-16,VUS
2410422,2022-11-18,VUS,2022-11-18,VUS
2410921,2021-05-20,VUS,2021-05-20,VUS
2411429,2022-07-26,VUS,2022-07-26,VUS
2411491,2025-02-19,VUS,2025-02-19,VUS
2411855,2022-11-21,VUS,2024-10-17,VUS
2412679,2023-01-24,LP,2023-01-24,LP
2412785,2021-05-18,LP,2021-05-18,LP
2412995,2022-07-25,VUS,2025-03-25,VUS
2413318,2023-03-20,LB,2023-03-20,LB
2413532,2025-12-26,LB,2025-12-26,LB
2413937,2023-05-23,LB,2023-05-23,LB
2413968,2023-11-22,LP,2024-01-24,LP
2414061,2024-01-07,LB,2024-01-07,LB
2414286,2022-02-01,VUS,2022-02-01,VUS
2414603,2024-10-22,LB,2024-10-22,LB
2414769,2021-12-28,VUS,2024-12-14,VUS
2415449,2024-01-29,B,2024-01-29,B
2415620,2022-08-08,VUS,2024-09-03,VUS
2415642,2025-11-01,LB,2025-11-01,LB
2415739,2022-09-19,LB,2023-11-23,LB
2415820,2022-02-22,VUS,2024-01-22,VUS
2416083,2024-05-06,LB,2024-05-06,LB
2416092,2022-05-16,VUS,2022-05-16,VUS
2416187,2025-06-12,LB,2025-06-12,LB
2416367,2025-06-13,LB,2025-06-13,LB
2416410,2025-05-05,VUS,2025-05-05,VUS
2416508,2022-02-18,P,2022-02-18,P
2416517,2025-12-17,LB,2025-12-17,LB
2416766,2022-04-07,VUS,2024-04-15,VUS
2416972,2025-12-21,LB,2025-12-21,LB
2417609,2022-05-27,VUS,2022-07-24,VUS
2417721,2022-05-14,VUS,2022-05-14,VUS
2417994,2025-08-18,LB,2025-08-18,LB
2418102,2023-08-30,LB,2023-08-30,LB
2418243,2024-03-03,LB,2024-03-03,LB
2418707,2023-10-19,LB,2023-10-22,LB
2418844,2022-05-29,VUS,2022-05-29,VUS
2418940,2022-07-05,VUS,2022-07-05,VUS
2418960,2022-06-21,VUS,2022-06-21,VUS
2419131,2022-06-08,VUS,2024-06-18,VUS
2419239,2022-02-02,VUS,2024-05-22,VUS
2419307,2024-04-09,LB,2024-04-09,LB
2419505,2024-10-17,LB,2024-10-17,LB
2419613,2022-06-29,VUS,2022-06-29,VUS
2420020,2023-01-14,LB,2023-01-14,LB
2420062,2022-08-31,LB,2022-08-31,LB
2420462,2024-02-16,LB,2024-02-16,LB
2420871,2025-02-23,LB,2025-02-23,LB
2420954,2024-04-04,LB,2025-10-30,LB
2421250,2024-02-28,VUS,2025-01-15,VUS
2421326,2023-05-09,LB,2026-01-28,LB
2421328,2025-01-27,LB,2025-01-27,LB
2421448,2022-03-11,VUS,2024-03-11,VUS
2421840,2023-09-21,LB,2023-09-21,LB
2421977,2023-03-03,LB,2023-03-03,LB
2421983,2023-09-12,VUS,2023-11-24,VUS
2422019,2022-03-18,VUS,2022-03-18,VUS
2422122,2022-04-16,VUS,2025-08-30,VUS
2422154,2022-01-17,P,2022-01-17,P
2422155,2022-01-16,P,2022-01-16,P
2422156,2022-01-06,P,2022-01-06,P
2422329,2022-09-23,P,2022-09-23,P
2422362,2022-04-04,VUS,2023-12-07,VUS
2422485,2022-03-27,VUS,2022-09-29,VUS
2422566,2021-09-16,VUS,2021-09-16,VUS
2422567,2022-09-01,P,2022-09-01,P
2422568,2022-08-26,P,2022-08-26,P
2422665,2022-04-13,VUS,2022-04-13,VUS
2422782,2021-10-24,P,2021-10-24,P
2422783,2021-12-19,P,2021-12-19,P
2422784,2022-06-04,LP,2022-06-04,LP
2422785,2022-10-24,P,2022-10-24,P
2422786,2022-08-16,VUS,2022-08-16,VUS
2422787,2022-09-01,VUS,2022-09-01,VUS
2422922,2022-07-14,VUS,2022-07-14,VUS
2422923,2021-12-24,VUS,2021-12-24,VUS
2422931,2023-11-10,P,2023-11-10,P
2422933,2022-04-22,P,2022-04-22,P
2422934,2022-10-06,LP,2022-10-06,LP
2422935,2022-01-14,P,2022-01-14,P
2422936,2022-08-15,P,2022-08-15,P
2422941,2022-09-07,VUS,2022-09-07,VUS
2422979,2021-12-19,VUS,2023-11-27,VUS
2422980,2022-07-03,P,2022-07-03,P
2422981,2022-09-21,P,2022-09-21,P
2422982,2022-03-19,VUS,2022-03-19,VUS
2423000,2022-07-01,P,2022-07-01,P
2423001,2022-03-18,VUS,2022-03-18,VUS
2423002,2022-08-09,VUS,2022-08-09,VUS
2423367,2022-09-06,P,2022-09-06,P
2423581,2022-10-17,VUS,2022-10-17,VUS
2424090,2023-07-10,VUS,2023-07-10,VUS
2424345,2022-08-08,VUS,2022-08-08,VUS
2424426,2022-08-11,VUS,2022-08-11,VUS
2424527,2022-10-13,P,2022-10-13,P
2424617,2022-10-21,P,2022-10-21,P
2424629,2022-04-08,P,2022-04-08,P
2424746,2022-03-08,VUS,2022-03-08,VUS
2424748,2022-08-12,VUS,2022-08-12,VUS
2425028,2022-08-21,VUS,2022-08-21,VUS
2425065,2020-11-14,VUS,2020-11-14,VUS
2425085,2022-10-15,P,2022-10-15,P
2425308,2022-01-22,P,2022-01-22,P
2425346,2022-12-15,P,2022-12-15,P
2425474,2021-12-12,P,2021-12-12,P
2425478,2022-04-25,P,2022-04-25,P
2425479,2022-10-04,VUS,2022-10-04,VUS
2425559,2022-08-01,P,2022-08-01,P
2425616,2023-10-24,P,2023-10-24,P
2425752,2022-04-24,VUS,2022-04-24,VUS
2425774,2022-09-05,P,2022-09-05,P
2425775,2022-02-11,P,2022-02-11,P
2425776,2022-03-14,VUS,2022-03-14,VUS
2425844,2022-05-13,VUS,2022-05-13,VUS
2425881,2020-09-30,P,2020-09-30,P
2425922,2022-07-25,VUS,2022-08-03,VUS
2425932,2022-09-04,P,2022-09-04,P
2426262,2022-06-22,VUS,2022-06-22,VUS
2426319,2021-12-16,VUS,2021-12-16,VUS
2426468,2023-07-14,VUS,2023-07-14,VUS
2426469,2022-01-13,VUS,2022-01-13,VUS
2426512,2022-08-19,VUS,2022-08-19,VUS
2426517,2023-03-14,VUS,2023-03-14,VUS
2426568,2022-05-24,VUS,2022-05-24,VUS
2426654,2022-08-31,VUS,2022-08-31,VUS
2426758,2022-06-27,VUS,2022-06-27,VUS
2426886,2022-08-08,VUS,2022-08-08,VUS
2427025,2022-05-30,VUS,2022-05-30,VUS
2427238,2022-03-31,P,2022-03-31,P
2427239,2022-06-27,P,2022-06-27,P
2427543,2022-05-20,P,2022-05-20,P
2427631,2021-03-25,VUS,2021-03-25,VUS
2427913,2022-04-17,VUS,2022-04-17,VUS
2428066,2024-06-19,VUS,2025-05-06,VUS
2428078,2021-08-28,VUS,2021-08-28,VUS
2428433,2022-04-07,VUS,2022-04-07,VUS
2428506,2022-11-28,VUS,2022-11-28,VUS
2428661,2023-07-29,LB,2023-07-29,LB
2428694,2022-05-05,VUS,2022-05-05,VUS
2428826,2022-08-03,P,2024-08-16,P
2429023,2022-12-13,VUS,2022-12-13,VUS
2429027,2022-12-13,LP,2022-12-13,LP
2429146,2023-01-16,LP,2023-01-16,LP
2429674,2022-08-11,VUS,2022-08-11,VUS
2429695,2022-08-06,VUS,2022-08-06,VUS
2430793,2022-08-19,VUS,2022-08-19,VUS
2431528,2022-12-22,P,2022-12-22,P
2431578,2022-09-16,VUS,2022-09-16,VUS
2431695,2022-06-16,LP,2022-06-16,LP
2432359,2022-06-01,LP,2022-06-01,LP
2432491,2021-04-22,VUS,2021-04-22,VUS
2432521,2023-01-23,VUS,2023-01-23,VUS
2432522,2021-06-25,VUS,2021-06-25,VUS
2432998,2021-06-17,VUS,2021-06-17,VUS
2432999,2022-06-24,VUS,2023-10-03,VUS
2433471,2023-05-08,LP,2025-12-24,LP
2433474,2024-02-12,LP,2025-07-02,LP
2433479,2021-10-26,LP,2021-10-26,LP
2433483,2021-12-17,LP,2021-12-17,LP
2433489,2024-05-02,LP,2024-05-02,LP
2433500,2022-11-30,LP,2022-11-30,LP
2433512,2021-12-02,LP,2021-12-02,LP
2433518,2022-06-30,LP,2022-06-30,LP
2433531,2022-09-19,LP,2022-09-19,LP
2433535,2022-05-20,LP,2022-05-20,LP
2433551,2022-09-01,LP,2022-09-01,LP
2433553,2022-09-13,LP,2022-09-13,LP
2433559,2022-11-30,LP,2025-05-05,LP
2433572,2022-08-03,LP,2022-08-03,LP
2434488,2021-08-16,VUS,2021-08-16,VUS
2434490,2021-04-28,VUS,2021-04-28,VUS
2434491,2023-07-25,VUS,2025-04-10,VUS
2434492,2021-06-15,VUS,2024-11-05,VUS
2434513,2022-02-25,LP,2022-02-25,LP
2435722,2023-01-23,P,2023-01-23,P
2435964,2022-08-16,VUS,2022-08-16,VUS
2436013,2022-09-13,VUS,2022-09-13,VUS
2436014,2020-09-09,VUS,2020-09-09,VUS
2436015,2021-09-14,VUS,2021-09-14,VUS
2436017,2021-09-16,VUS,2021-09-16,VUS
2436018,2021-10-08,VUS,2026-02-23,VUS
2436019,2021-09-01,VUS,2021-09-01,VUS
2436020,2023-01-13,VUS,2023-01-13,VUS
2436031,2020-10-16,VUS,2020-10-16,VUS
2436032,2021-03-04,VUS,2021-03-04,VUS
2436033,2021-05-27,VUS,2021-05-27,VUS
2436034,2021-11-26,VUS,2025-12-05,VUS
2436035,2022-04-11,VUS,2025-03-12,VUS
2436036,2022-05-16,VUS,2022-05-16,VUS
2436037,2022-12-14,VUS,2022-12-14,VUS
2436038,2021-04-27,VUS,2021-04-27,VUS
2436039,2022-04-28,VUS,2022-04-28,VUS
2436040,2022-09-24,VUS,2023-12-18,VUS
2436041,2021-10-11,VUS,2024-04-22,VUS
2436042,2022-10-23,VUS,2025-08-02,VUS
2436043,2021-10-16,VUS,2021-10-16,VUS
2436044,2021-12-31,VUS,2021-12-31,VUS
2436045,2022-03-10,VUS,2024-11-01,VUS
2436046,2022-04-20,VUS,2022-04-20,VUS
2436047,2022-09-24,VUS,2022-09-24,VUS
2436048,2022-09-12,VUS,2025-08-10,VUS
2436049,2024-05-01,VUS,2024-05-01,VUS
2436050,2022-02-14,VUS,2022-02-14,VUS
2436051,2022-09-15,VUS,2022-09-15,VUS
2436052,2022-08-03,VUS,2022-08-03,VUS
2436053,2022-08-17,VUS,2025-09-29,VUS
2436054,2021-04-28,VUS,2025-11-19,VUS
2436055,2022-03-03,VUS,2022-03-03,VUS
2436056,2022-04-27,VUS,2024-09-02,VUS
2436057,2022-06-12,VUS,2022-06-12,VUS
2436058,2022-12-06,VUS,2025-04-25,VUS
2436059,2022-12-09,VUS,2025-09-24,VUS
2436060,2023-02-15,VUS,2025-01-21,VUS
2436074,2021-12-15,VUS,2025-11-19,VUS
2436075,2022-09-28,VUS,2022-09-28,VUS
2436076,2021-09-14,VUS,2023-12-25,VUS
2438523,2021-01-24,VUS,2021-01-24,VUS
2438524,2022-09-30,VUS,2022-09-30,VUS
2438617,2022-08-01,VUS,2024-01-20,VUS
2439386,2021-06-18,VUS,2021-06-18,VUS
2439388,2020-11-14,VUS,2020-11-14,VUS
2439389,2021-03-04,VUS,2021-03-04,VUS
2439767,2020-12-09,VUS,2020-12-09,VUS
2439768,2019-10-19,VUS,2024-07-19,VUS
2440133,2022-08-02,VUS,2022-08-02,VUS
2441337,2021-09-28,VUS,2022-04-20,VUS
2441960,2021-06-21,P,2021-06-21,P
2442097,2021-02-06,VUS,2024-03-14,VUS
2443050,2023-02-27,VUS,2023-02-27,VUS
2443143,2022-11-28,VUS,2022-11-28,VUS
2443144,2022-08-26,VUS,2022-08-26,VUS
2443312,2023-02-10,LP,2023-02-10,LP
2443368,2020-10-03,LB,2020-10-03,LB
2443539,2023-10-03,VUS,2023-10-03,VUS
2444090,2023-02-23,VUS,2023-02-23,VUS
2444097,2023-02-23,VUS,2023-02-23,VUS
2444102,2025-01-21,LP,2025-01-21,LP
2444136,2023-02-23,VUS,2023-02-23,VUS
2444138,2023-02-23,VUS,2023-02-23,VUS
2444148,2023-02-23,VUS,2024-04-13,VUS
2444214,2023-02-23,VUS,2023-02-23,VUS
2444378,2023-02-23,VUS,2023-02-23,VUS
2445460,2023-03-01,LP,2023-03-01,LP
2445461,2023-03-01,VUS,2023-03-01,VUS
2445462,2023-03-01,VUS,2023-03-01,VUS
2445463,2023-03-01,LP,2023-03-01,LP
2445490,2023-08-10,P,2023-08-10,P
2445496,2022-08-05,P,2022-08-05,P
2445596,2023-03-01,LP,2023-03-01,LP
2445614,2023-03-01,VUS,2023-03-01,VUS
2445702,2023-02-28,LP,2025-03-10,LP
2445952,2023-02-24,LP,2023-02-24,LP
2446000,2022-12-01,VUS,2022-12-01,VUS
2446001,2022-12-01,VUS,2022-12-01,VUS
2446002,2022-12-01,VUS,2022-12-01,VUS
2446003,2022-12-01,LP,2022-12-01,LP
2446004,2022-12-01,VUS,2022-12-01,VUS
2446005,2022-12-01,VUS,2022-12-01,VUS
2446006,2022-12-01,LP,2022-12-01,LP
2446007,2022-12-01,LP,2022-12-01,LP
2446008,2022-12-01,LP,2024-08-26,LP
2446442,2022-10-27,VUS,2022-10-27,VUS
2446820,2020-03-31,P,2020-03-31,P
2447006,2022-12-09,LB,2025-07-16,LB
2447007,2023-01-20,VUS,2023-01-20,VUS
2447008,2022-11-04,LB,2022-11-04,LB
2447009,2022-12-23,VUS,2022-12-23,VUS
2447010,2022-12-05,VUS,2022-12-05,VUS
2447011,2023-01-31,VUS,2023-01-31,VUS
2447012,2022-12-05,VUS,2022-12-05,VUS
2451439,2022-11-17,VUS,2023-05-30,VUS
2451440,2022-11-10,LB,2022-11-10,LB
2451441,2022-11-11,LB,2022-11-11,LB
2451442,2022-11-15,LB,2022-11-15,LB
2451443,2022-11-16,LB,2022-11-16,LB
2451444,2022-11-17,LB,2022-11-17,LB
2451445,2022-11-18,VUS,2022-11-18,VUS
2451446,2022-11-21,LB,2022-11-21,LB
2451447,2022-11-30,VUS,2022-11-30,VUS
2451448,2022-11-30,VUS,2026-04-29,VUS
2451449,2022-12-03,VUS,2022-12-03,VUS
2451450,2022-12-04,VUS,2022-12-04,VUS
2451451,2022-12-08,VUS,2022-12-08,VUS
2451452,2022-12-12,LB,2022-12-12,LB
2451453,2022-12-12,LB,2022-12-12,LB
2451454,2022-12-18,LB,2022-12-18,LB
2451455,2022-12-19,VUS,2022-12-19,VUS
2451456,2022-12-19,VUS,2022-12-19,VUS
2451457,2022-12-26,VUS,2022-12-26,VUS
2451458,2022-12-27,LB,2022-12-27,LB
2451459,2023-01-13,VUS,2024-11-25,VUS
2451460,2023-01-02,LB,2023-01-02,LB
2451461,2023-01-05,LB,2023-01-05,LB
2451462,2023-01-05,LB,2023-01-05,LB
2451463,2023-01-08,LB,2023-01-08,LB
2451464,2023-01-18,VUS,2023-01-18,VUS
2451465,2023-01-26,LB,2023-01-26,LB
2451466,2023-01-29,VUS,2023-04-29,VUS
2451467,2023-02-20,VUS,2024-12-15,VUS
2451468,2023-02-23,VUS,2023-02-23,VUS
2451469,2023-01-12,LB,2023-02-25,LB
2451470,2023-02-27,LB,2023-02-27,LB
2451471,2023-03-03,VUS,2023-03-03,VUS
2451472,2023-03-09,VUS,2023-03-09,VUS
2454835,2023-01-20,VUS,2024-04-24,VUS
2454869,2025-06-11,VUS,2025-07-23,VUS
2457721,2025-11-13,VUS,2025-11-13,VUS
2460014,2025-08-25,VUS,2025-08-25,VUS
2461270,2022-12-03,VUS,2023-01-24,VUS
2464414,2023-03-01,VUS,2025-07-15,VUS
2467180,2023-02-09,LB,2023-10-14,LB
2469330,2023-03-07,VUS,2025-07-14,VUS
2469563,2023-01-06,VUS,2023-01-06,VUS
2469721,2024-01-05,VUS,2025-10-26,VUS
2470086,2023-01-20,VUS,2023-01-20,VUS
2470089,2023-02-07,VUS,2023-02-07,VUS
2472564,2023-02-07,VUS,2023-02-07,VUS
2473016,2023-01-10,VUS,2023-01-10,VUS
2473170,2024-05-30,VUS,2025-08-04,VUS
2473872,2025-05-03,VUS,2025-05-03,VUS
2476222,2023-01-18,VUS,2023-01-18,VUS
2476964,2023-01-20,VUS,2023-01-20,VUS
2477504,2023-01-23,VUS,2023-01-23,VUS
2478239,2023-01-23,VUS,2023-01-23,VUS
2478240,2023-01-23,VUS,2023-01-23,VUS
2479280,2025-11-26,VUS,2025-11-26,VUS
2479333,2023-01-26,VUS,2023-01-26,VUS
2480521,2023-02-01,VUS,2023-02-01,VUS
2480667,2023-02-07,VUS,2023-02-07,VUS
2480983,2023-02-06,LB,2023-02-06,LB
2480984,2023-02-06,LB,2023-02-06,LB
2481985,2025-11-03,VUS,2025-11-03,VUS
2482044,2023-02-07,VUS,2023-02-07,VUS
2482164,2023-02-07,VUS,2023-02-07,VUS
2482224,2023-02-07,VUS,2023-02-07,VUS
2482310,2023-02-07,VUS,2023-02-07,VUS
2482786,2023-02-10,VUS,2024-04-15,VUS
2484046,2023-02-15,VUS,2024-12-13,VUS
2484246,2023-02-15,VUS,2023-02-15,VUS
2486765,2025-09-01,VUS,2025-09-01,VUS
2487010,2023-02-22,VUS,2023-02-22,VUS
2487263,2023-02-22,VUS,2023-02-22,VUS
2487855,2023-02-22,VUS,2023-02-22,VUS
2488695,2023-02-23,VUS,2023-02-23,VUS
2488723,2023-02-23,VUS,2024-06-08,VUS
2488831,2023-02-23,VUS,2023-02-23,VUS
2488876,2023-02-23,VUS,2023-02-23,VUS
2488877,2023-02-23,VUS,2023-02-23,VUS
2489357,2023-02-27,VUS,2023-02-27,VUS
2489448,2023-02-27,VUS,2023-02-27,VUS
2489877,2023-02-27,VUS,2023-02-27,VUS
2490101,2023-02-27,VUS,2023-02-27,VUS
2490131,2023-02-28,VUS,2023-02-28,VUS
2490165,2023-02-28,VUS,2023-02-28,VUS
2490556,2025-06-24,VUS,2025-06-24,VUS
2490932,2023-02-28,VUS,2023-02-28,VUS
2491598,2023-02-28,VUS,2023-02-28,VUS
2491867,2023-03-01,VUS,2023-03-01,VUS
2492951,2023-03-01,VUS,2023-03-01,VUS
2493526,2023-03-02,VUS,2023-03-02,VUS
2493986,2025-08-21,VUS,2025-08-21,VUS
2494174,2023-03-06,VUS,2023-03-06,VUS
2495082,2023-03-07,VUS,2023-03-07,VUS
2495345,2023-03-07,VUS,2023-03-07,VUS
2495573,2023-03-13,VUS,2023-03-13,VUS
2495690,2024-04-23,VUS,2025-10-29,VUS
2495832,2023-03-14,VUS,2023-03-14,VUS
2496074,2023-03-14,VUS,2023-03-14,VUS
2496373,2023-03-14,VUS,2023-03-14,VUS
2497749,2021-05-26,LB,2021-05-26,LB
2498038,2022-10-06,P,2022-10-06,P
2498868,2023-02-01,VUS,2023-02-01,VUS
2499136,2023-05-01,P,2024-04-05,P
2499447,2023-03-27,VUS,2023-03-27,VUS
2499759,2022-10-24,VUS,2024-06-15,VUS
2500120,2023-04-27,LP,2023-04-27,LP
2500310,2022-12-30,VUS,2023-03-22,VUS
2500383,2022-10-24,VUS,2022-10-24,VUS
2500697,2022-09-02,P,2024-04-02,P
2500926,2023-05-02,LP,2023-05-02,LP
2501068,2023-03-03,LP,2023-03-03,LP
2501125,2023-03-23,LP,2023-03-23,LP
2501240,2023-03-31,VUS,2023-03-31,VUS
2501334,2020-12-13,LB,2020-12-13,LB
2501635,2023-05-26,VUS,2023-05-26,VUS
2502186,2022-06-17,VUS,2022-06-17,VUS
2502288,2023-03-26,LP,2023-03-26,LP
2502289,2023-03-27,VUS,2023-03-27,VUS
2502290,2023-03-28,LP,2023-03-28,LP
2502380,2023-05-15,VUS,2023-05-15,VUS
2503467,2022-07-27,P,2022-07-27,P
2503468,2022-07-27,P,2022-07-27,P
2503469,2022-07-27,P,2022-07-27,P
2503875,2023-04-17,LP,2023-04-17,LP
2504080,2023-05-31,VUS,2023-05-31,VUS
2505491,2023-05-27,LP,2023-05-27,LP
2505492,2023-05-27,VUS,2023-05-27,VUS
2505493,2023-05-27,VUS,2023-05-27,VUS
2505494,2023-05-27,LP,2023-05-27,LP
2505495,2024-02-25,VUS,2024-02-25,VUS
2505658,2022-12-19,VUS,2025-04-08,VUS
2506156,2023-05-09,LP,2023-05-09,LP
2506185,2023-05-19,VUS,2023-05-19,VUS
2506489,2022-11-01,P,2022-11-01,P
2506544,2023-05-26,P,2023-05-26,P
2506546,2023-05-26,P,2023-05-26,P
2506936,2019-12-16,P,2019-12-16,P
2506945,2019-12-16,P,2025-05-01,P
2506947,2019-12-20,VUS,2019-12-20,VUS
2506948,2019-12-20,VUS,2019-12-20,VUS
2507974,2023-05-26,VUS,2023-05-26,VUS
2508635,2025-10-23,VUS,2025-10-23,VUS
2508935,2022-08-25,VUS,2023-05-30,VUS
2513538,2023-06-07,VUS,2023-06-07,VUS
2514003,2023-05-09,LB,2023-05-09,LB
2514047,2023-05-30,VUS,2024-04-04,VUS
2516186,2023-05-17,VUS,2025-04-22,VUS
2516191,2023-06-06,VUS,2024-01-02,VUS
2518479,2024-04-10,VUS,2025-12-11,VUS
2518586,2023-05-03,LB,2023-05-03,LB
2518712,2023-05-24,VUS,2023-05-24,VUS
2519398,2025-08-14,VUS,2025-08-14,VUS
2522344,2023-06-02,VUS,2023-06-02,VUS
2523191,2023-04-18,VUS,2023-04-18,VUS
2523222,2023-06-12,VUS,2023-06-12,VUS
2523265,2023-05-15,VUS,2023-05-15,VUS
2523737,2023-04-05,VUS,2025-09-10,VUS
2523896,2024-01-11,VUS,2025-07-15,VUS
2524269,2025-08-28,VUS,2025-08-28,VUS
2524925,2023-03-20,VUS,2023-03-20,VUS
2526024,2023-03-15,VUS,2023-03-15,VUS
2526259,2025-04-19,VUS,2025-04-19,VUS
2526940,2023-03-20,VUS,2023-03-20,VUS
2527414,2023-03-21,VUS,2023-03-21,VUS
2527425,2023-03-21,VUS,2023-03-21,VUS
2527984,2023-03-22,VUS,2023-03-22,VUS
2528340,2023-03-22,VUS,2023-03-22,VUS
2528461,2023-03-22,VUS,2023-03-22,VUS
2529229,2023-03-24,VUS,2023-03-24,VUS
2529540,2023-03-24,VUS,2023-03-24,VUS
2530097,2023-03-27,VUS,2025-11-26,VUS
2531000,2023-03-29,VUS,2023-03-29,VUS
2531151,2023-03-29,VUS,2023-03-29,VUS
2532402,2023-04-04,VUS,2023-04-04,VUS
2532686,2025-10-18,VUS,2025-10-18,VUS
2534352,2023-04-25,VUS,2023-04-25,VUS
2535527,2023-05-10,VUS,2023-05-10,VUS
2537501,2024-05-07,VUS,2025-08-30,VUS
2538041,2023-05-26,VUS,2023-05-26,VUS
2538757,2023-04-19,VUS,2023-04-19,VUS
2538774,2023-04-19,VUS,2023-04-19,VUS
2538817,2025-06-07,VUS,2025-06-07,VUS
2538840,2023-04-19,VUS,2023-04-19,VUS
2540268,2023-04-25,VUS,2023-04-25,VUS
2540528,2023-04-25,VUS,2023-04-25,VUS
2541181,2023-04-26,VUS,2023-04-26,VUS
2541852,2023-05-01,VUS,2024-04-22,VUS
2542049,2023-05-03,VUS,2023-05-03,VUS
2542182,2023-05-03,VUS,2023-05-03,VUS
2543087,2023-05-03,VUS,2023-05-03,VUS
2544280,2023-05-05,VUS,2023-05-05,VUS
2544633,2025-10-07,VUS,2025-10-07,VUS
2546068,2023-05-09,VUS,2023-05-09,VUS
2546611,2025-08-02,VUS,2025-08-02,VUS
2548378,2023-05-17,VUS,2023-05-17,VUS
2549026,2023-05-18,VUS,2023-05-18,VUS
2549031,2023-04-12,LB,2023-04-12,LB
2550187,2023-05-23,VUS,2023-05-23,VUS
2550764,2023-05-24,VUS,2023-05-24,VUS
2551625,2023-05-24,VUS,2023-05-24,VUS
2553469,2023-05-31,VUS,2023-05-31,VUS
2553976,2023-08-17,VUS,2025-05-05,VUS
2554278,2023-05-31,VUS,2023-05-31,VUS
2555428,2023-06-02,VUS,2023-06-02,VUS
2555430,2023-06-02,VUS,2023-06-02,VUS
2555759,2023-06-02,VUS,2023-06-02,VUS
2556001,2023-06-02,VUS,2023-06-02,VUS
2557073,2023-06-06,VUS,2023-06-06,VUS
2558744,2023-06-07,VUS,2023-06-07,VUS
2558867,2023-06-07,VUS,2023-06-07,VUS
2560388,2024-11-09,VUS,2024-11-09,VUS
2561051,2024-02-16,VUS,2025-08-21,VUS
2561081,2023-06-12,VUS,2023-06-12,VUS
2562905,2023-06-05,VUS,2023-06-05,VUS
2570610,2023-07-04,VUS,2023-07-04,VUS
2571932,2023-01-09,VUS,2023-01-09,VUS
2572941,2025-09-17,VUS,2025-09-17,VUS
2572955,2023-07-16,VUS,2024-08-31,VUS
2572959,2021-05-25,LB,2021-05-25,LB
2573092,2023-06-26,LP,2023-06-26,LP
2573381,2023-06-07,VUS,2023-07-11,VUS
2573395,2023-06-20,VUS,2023-06-20,VUS
2573902,2023-01-24,VUS,2023-01-24,VUS
2573962,2023-01-19,VUS,2023-01-19,VUS
2574170,2023-07-30,VUS,2023-07-30,VUS
2574171,2023-07-30,VUS,2025-09-15,VUS
2574172,2023-07-30,P,2023-07-30,P
2574173,2023-07-30,LP,2023-07-30,LP
2574633,2025-08-12,LP,2025-08-12,LP
2574795,2023-02-01,VUS,2023-02-01,VUS
2574831,2023-02-02,VUS,2024-06-12,VUS
2574876,2025-12-26,VUS,2025-12-26,VUS
2575129,2025-03-04,VUS,2025-03-04,VUS
2575421,2025-03-04,LP,2025-12-01,LP
2575422,2025-03-04,VUS,2025-03-04,VUS
2575423,2025-03-04,LB,2025-03-04,LB
2575424,2025-03-04,LB,2025-03-04,LB
2576160,2023-06-20,VUS,2023-06-20,VUS
2576222,2023-07-28,VUS,2023-07-28,VUS
2576283,2025-03-04,P,2025-03-04,P
2576284,2025-03-04,VUS,2025-03-04,VUS
2576307,2025-03-04,VUS,2025-03-04,VUS
2576628,2023-08-13,LP,2023-08-13,LP
2576630,2023-08-13,LP,2023-08-13,LP
2576631,2023-08-13,LP,2023-08-13,LP
2576632,2023-08-13,LP,2023-08-13,LP
2576678,2023-02-15,VUS,2023-02-15,VUS
2577018,2023-08-25,LP,2023-08-25,LP
2577088,2023-07-28,P,2023-07-28,P
2578031,2023-09-05,LB,2023-09-05,LB
2578341,2023-08-13,LP,2023-08-13,LP
2578342,2023-08-13,VUS,2023-08-13,VUS
2578343,2023-08-13,VUS,2023-08-13,VUS
2578344,2025-10-13,LP,2025-10-13,LP
2578345,2023-08-18,LP,2023-08-18,LP
2578346,2018-09-24,VUS,2025-12-23,VUS
2579170,2023-08-24,P,2023-08-24,P
2579171,2023-08-24,LP,2023-08-24,LP
2579172,2023-08-24,P,2023-08-24,P
2579173,2023-08-24,P,2023-08-24,P
2579174,2023-08-24,P,2023-08-24,P
2579175,2023-08-24,P,2023-08-24,P
2579440,2023-03-07,P,2023-03-07,P
2580344,2022-01-17,VUS,2022-01-17,VUS
2580600,2023-02-16,LP,2024-05-09,LP
2580873,2022-11-01,LP,2022-11-01,LP
2580874,2022-11-01,VUS,2022-11-01,VUS
2580875,2022-11-01,LP,2024-11-21,LP
2581131,2023-06-22,P,2023-06-22,P
2581134,2023-09-15,P,2024-05-06,P
2581135,2023-09-29,VUS,2023-09-29,VUS
2581284,2023-08-22,VUS,2023-08-22,VUS
2581412,2023-08-29,VUS,2023-08-29,VUS
2581500,2023-08-04,VUS,2023-08-04,VUS
2581557,2023-08-08,VUS,2023-08-08,VUS
2581903,2023-03-26,VUS,2023-03-26,VUS
2582176,2023-03-30,VUS,2023-03-30,VUS
2582313,2023-02-07,VUS,2023-02-07,VUS
2582776,2023-10-09,VUS,2023-10-09,VUS
2583026,2023-09-01,P,2023-09-01,P
2584401,2023-09-28,P,2023-09-28,P
2585141,2024-05-20,VUS,2024-05-20,VUS
2585314,2025-08-14,VUS,2025-08-14,VUS
2585401,2024-05-22,VUS,2024-05-22,VUS
2585412,2023-06-02,LP,2023-06-02,LP
2585413,2025-09-10,VUS,2025-09-10,VUS
2586947,2023-09-11,VUS,2023-09-11,VUS
2589692,2023-06-29,VUS,2023-06-29,VUS
2591230,2023-08-20,VUS,2023-08-20,VUS
2592009,2023-06-30,VUS,2024-12-24,VUS
2592799,2023-12-22,VUS,2025-12-03,VUS
2595293,2023-08-20,VUS,2023-08-20,VUS
2595993,2023-08-28,VUS,2023-08-28,VUS
2597041,2023-06-21,VUS,2023-06-21,VUS
2598840,2023-06-13,VUS,2023-08-30,VUS
2600972,2025-11-13,VUS,2025-11-13,VUS
2600973,2023-08-08,VUS,2023-08-08,VUS
2603184,2023-07-05,VUS,2024-01-08,VUS
2603361,2023-06-29,VUS,2024-07-24,VUS
2604887,2024-05-13,VUS,2025-08-30,VUS
2606154,2023-10-20,VUS,2023-10-20,VUS
2606264,2023-06-23,VUS,2023-06-23,VUS
2606292,2023-06-24,VUS,2023-06-26,VUS
2607006,2023-06-28,VUS,2023-06-28,VUS
2607111,2023-06-28,VUS,2023-06-28,VUS
2607817,2023-06-29,VUS,2025-01-15,VUS
2609445,2023-07-05,VUS,2023-07-05,VUS
2610800,2023-07-11,VUS,2023-07-11,VUS
2612089,2023-07-14,VUS,2023-07-14,VUS
2612252,2023-07-17,VUS,2024-05-16,VUS
2612433,2023-07-17,VUS,2025-10-28,VUS
2613109,2023-07-19,VUS,2023-07-19,VUS
2614835,2023-07-30,VUS,2023-07-30,VUS
2615287,2023-08-02,VUS,2023-08-02,VUS
2615335,2023-08-02,VUS,2023-08-02,VUS
2616282,2023-08-04,VUS,2023-08-04,VUS
2619380,2023-08-19,LB,2023-08-19,LB
2619446,2023-08-19,VUS,2023-08-19,VUS
2620984,2023-08-22,VUS,2023-08-22,VUS
2623016,2023-09-12,LB,2023-09-12,LB
2623052,2023-09-13,VUS,2023-09-13,VUS
2623337,2023-10-05,VUS,2023-10-05,VUS
2625217,2023-06-16,VUS,2023-06-16,VUS
2627549,2023-10-27,P,2023-10-27,P
2628377,2022-09-19,VUS,2022-09-19,VUS
2628597,2023-08-05,LP,2023-08-05,LP
2628632,2023-05-30,VUS,2023-05-30,VUS
2629585,2022-12-29,VUS,2022-12-29,VUS
2629727,2022-12-27,VUS,2024-03-04,VUS
2629751,2023-01-18,VUS,2023-01-18,VUS
2629960,2023-01-10,VUS,2023-01-10,VUS
2630193,2023-06-06,LP,2023-06-06,LP
2630255,2023-06-20,LP,2024-05-12,LP
2630391,2023-01-26,LP,2023-01-26,LP
2630404,2023-03-02,LP,2023-03-02,LP
2630473,2023-02-22,LP,2023-02-22,LP
2630477,2023-02-09,VUS,2023-02-09,VUS
2630587,2023-02-02,VUS,2023-02-02,VUS
2630596,2023-02-06,VUS,2023-02-06,VUS
2630609,2023-03-01,VUS,2025-11-26,VUS
2630659,2023-08-30,LP,2023-08-30,LP
2630682,2023-09-19,LP,2023-09-19,LP
2630797,2023-09-18,VUS,2024-05-21,VUS
2631133,2023-09-01,VUS,2023-09-01,VUS
2631139,2023-09-13,VUS,2023-09-13,VUS
2631252,2023-12-06,VUS,2023-12-06,VUS
2631495,2023-07-19,VUS,2024-01-22,VUS
2631675,2023-08-10,LP,2025-05-30,LP
2631746,2024-06-01,VUS,2024-06-27,VUS
2631817,2023-07-27,VUS,2023-07-27,VUS
2631844,2023-08-06,LP,2024-08-07,LP
2632109,2023-08-03,VUS,2025-06-01,VUS
2632351,2023-05-25,VUS,2023-05-25,VUS
2632541,2023-05-24,VUS,2023-05-24,VUS
2632613,2023-08-06,LP,2023-08-06,LP
2632812,2023-05-11,LP,2023-05-11,LP
2632871,2023-05-11,VUS,2024-03-08,VUS
2633240,2023-04-20,VUS,2023-04-20,VUS
2633381,2023-03-06,VUS,2023-03-06,VUS
2633538,2023-03-24,VUS,2023-03-24,VUS
2633820,2023-03-28,VUS,2023-03-28,VUS
2633832,2023-03-31,P,2025-05-26,P
2633870,2023-03-28,VUS,2023-03-28,VUS
2633924,2023-10-03,VUS,2023-10-03,VUS
2634593,2022-12-12,LP,2022-12-12,LP
2634677,2024-01-16,VUS,2024-12-09,VUS
2634747,2022-11-18,VUS,2022-11-18,VUS
2634791,2023-06-12,LP,2023-06-12,LP
2634956,2023-01-26,VUS,2023-01-26,VUS
2635308,2022-11-07,LP,2022-11-07,LP
2635352,2023-06-14,VUS,2023-06-14,VUS
2635722,2023-07-10,VUS,2024-04-19,VUS
2636080,2022-11-04,VUS,2022-11-04,VUS
2636227,2022-08-19,VUS,2022-08-19,VUS
2636276,2022-09-01,LP,2022-09-01,LP
2636443,2022-09-18,LP,2022-09-18,LP
2636539,2022-09-03,LP,2022-09-03,LP
2636694,2023-06-01,VUS,2023-06-01,VUS
2636765,2022-12-08,P,2022-12-08,P
2636868,2023-09-22,VUS,2023-09-22,VUS
2637162,2023-07-10,VUS,2025-07-30,VUS
2637351,2022-09-28,VUS,2022-09-28,VUS
2637426,2023-10-24,LB,2024-01-30,LB
2637452,2023-10-25,P,2023-10-25,P
2637577,2023-10-31,VUS,2023-10-31,VUS
2637581,2023-10-31,VUS,2023-10-31,VUS
2637790,2023-10-17,VUS,2023-10-17,VUS
2637796,2023-10-18,LB,2025-07-30,LB
2638356,2023-04-01,LB,2023-04-01,LB
2639530,2022-03-01,LB,2022-03-01,LB
2641926,2023-02-01,LB,2023-02-01,LB
2647827,2022-08-01,LB,2022-08-01,LB
2647828,2022-12-01,LB,2025-12-14,LB
2647829,2022-08-01,VUS,2025-08-05,VUS
2647830,2023-08-01,VUS,2023-08-01,VUS
2648153,2022-07-01,LB,2022-07-01,LB
2648228,2023-10-01,VUS,2023-10-01,VUS
2648229,2022-12-01,VUS,2022-12-01,VUS
2648230,2022-12-01,LB,2022-12-01,LB
2648231,2023-02-01,LB,2023-02-01,LB
2648232,2023-07-01,VUS,2023-07-01,VUS
2648233,2023-03-01,VUS,2023-03-01,VUS
2648235,2022-07-01,VUS,2025-03-18,VUS
2651016,2023-03-01,LB,2023-03-01,LB
2652099,2023-02-01,LB,2023-02-01,LB
2652421,2023-04-01,LB,2023-04-01,LB
2652422,2022-09-01,VUS,2022-09-01,VUS
2652423,2022-09-01,VUS,2024-05-31,VUS
2654664,2019-10-31,LB,2025-02-01,LB
2658010,2022-07-01,LB,2025-05-18,LB
2658674,2022-12-01,LB,2022-12-01,LB
2661393,2023-01-01,LB,2023-01-01,LB
2661394,2022-08-01,LB,2025-07-20,LB
2661476,2023-12-01,LB,2023-12-01,LB
2661940,2023-04-26,VUS,2023-04-26,VUS
2662169,2023-04-14,VUS,2023-04-14,VUS
2662374,2023-05-05,VUS,2025-04-11,VUS
2663006,2023-05-10,VUS,2023-05-10,VUS
2664053,2023-11-24,LP,2023-11-24,LP
2664092,2023-10-27,VUS,2023-10-27,VUS
2664093,2023-10-27,LP,2023-10-27,LP
2664094,2021-10-06,VUS,2024-06-11,VUS
2664095,2023-10-27,VUS,2023-10-27,VUS
2664096,2023-10-27,VUS,2023-10-27,VUS
2664097,2025-10-03,P,2025-10-03,P
2664098,2023-10-27,P,2023-10-27,P
2664099,2023-10-27,LP,2023-10-27,LP
2664100,2023-10-27,P,2023-10-27,P
2664101,2022-07-14,P,2024-06-11,P
2664102,2023-10-27,P,2024-05-31,P
2664103,2023-10-27,P,2023-10-27,P
2664104,2023-10-27,VUS,2023-10-27,VUS
2664105,2023-10-27,P,2023-10-27,P
2664106,2023-10-27,LP,2023-10-27,LP
2664107,2023-10-27,P,2023-10-27,P
2664109,2023-10-27,P,2023-10-27,P
2664110,2023-10-27,P,2023-10-27,P
2664111,2023-10-27,P,2023-10-27,P
2664112,2025-10-03,P,2025-10-03,P
2664114,2023-10-27,P,2025-11-05,P
2664115,2023-10-27,LP,2023-10-27,LP
2664116,2023-10-27,VUS,2023-12-31,VUS
2664118,2023-10-27,LP,2023-10-27,LP
2664120,2023-10-27,LP,2023-10-27,LP
2664121,2023-10-27,LP,2023-10-27,LP
2664122,2023-10-27,VUS,2023-10-27,VUS
2664123,2023-10-27,P,2023-10-27,P
2664124,2023-10-27,P,2023-10-27,P
2664126,2023-10-27,P,2023-10-27,P
2664127,2023-10-27,P,2025-10-24,P
2664128,2024-01-10,LP,2024-01-10,LP
2664129,2023-10-27,VUS,2024-05-06,VUS
2664130,2023-10-27,P,2023-10-27,P
2664131,2023-10-27,VUS,2023-10-27,VUS
2664132,2023-10-27,LP,2023-10-27,LP
2664133,2023-10-27,VUS,2023-10-27,VUS
2664134,2023-10-27,VUS,2025-08-04,VUS
2664135,2023-10-27,VUS,2023-10-27,VUS
2664136,2023-10-27,VUS,2023-10-27,VUS
2664355,2025-08-12,VUS,2025-08-12,VUS
2664356,2025-08-12,LP,2025-08-12,LP
2664379,2023-10-27,P,2024-11-05,P
2664380,2023-10-27,P,2025-02-03,P
2664381,2023-10-27,LP,2023-10-27,LP
2664383,2023-10-27,P,2023-10-27,P
2664384,2023-10-27,VUS,2025-01-17,VUS
2664385,2023-10-27,LP,2023-10-27,LP
2664386,2023-10-27,LP,2024-08-26,LP
2664387,2023-10-27,LP,2026-01-26,LP
2664388,2023-10-27,LP,2023-10-27,LP
2664389,2023-10-27,LP,2023-10-27,LP
2664390,2023-10-27,LP,2023-10-27,LP
2664391,2023-10-27,LP,2026-01-26,LP
2664392,2023-10-27,VUS,2023-10-27,VUS
2664393,2023-10-27,LP,2023-10-27,LP
2664395,2023-10-27,LP,2023-10-27,LP
2664396,2023-10-27,LP,2023-10-27,LP
2664397,2023-10-27,VUS,2023-10-27,VUS
2664398,2023-10-27,LP,2023-10-27,LP
2664399,2023-10-27,LP,2023-10-27,LP
2664400,2023-10-27,LP,2023-10-27,LP
2664401,2023-10-27,P,2024-08-26,P
2664402,2023-10-27,P,2023-10-27,P
2664403,2023-10-27,LP,2023-10-27,LP
2664404,2023-10-27,LP,2023-10-27,LP
2664405,2023-10-27,LP,2023-10-27,LP
2664406,2023-10-27,LP,2023-10-27,LP
2664408,2023-10-27,LP,2023-10-27,LP
2664409,2023-10-27,VUS,2023-10-27,VUS
2664410,2023-10-27,P,2023-10-27,P
2664411,2023-10-27,LP,2024-08-26,LP
2664412,2023-10-27,P,2023-10-27,P
2664415,2023-10-27,P,2023-10-27,P
2664417,2023-10-27,LP,2023-10-27,LP
2664418,2023-10-27,LP,2023-10-27,LP
2664421,2023-10-27,VUS,2023-10-27,VUS
2664422,2023-10-27,P,2023-10-27,P
2664423,2023-10-27,LP,2023-10-27,LP
2664424,2023-10-27,VUS,2023-10-27,VUS
2664425,2023-10-27,P,2023-10-27,P
2664426,2023-10-27,VUS,2023-10-27,VUS
2664427,2023-10-27,LP,2023-10-27,LP
2664428,2023-10-27,LP,2023-10-27,LP
2664429,2023-10-27,LP,2023-10-27,LP
2664725,2022-07-21,VUS,2022-07-21,VUS
2664766,2022-07-21,LP,2022-07-21,LP
2664844,2023-07-10,VUS,2023-07-10,VUS
2664871,2023-12-12,P,2023-12-12,P
2664908,2023-02-14,LP,2023-02-14,LP
2664932,2023-03-01,VUS,2025-11-12,VUS
2671584,2023-09-01,P,2023-09-01,P
2671587,2023-05-24,P,2023-05-24,P
2671595,2023-04-24,P,2023-04-24,P
2671612,2023-04-25,P,2023-04-25,P
2671619,2023-05-23,P,2023-05-23,P
2671625,2023-06-06,P,2023-06-06,P
2671687,2023-03-01,LP,2023-03-01,LP
2671856,2023-10-27,LP,2023-10-27,LP
2671857,2023-10-27,P,2023-10-27,P
2671858,2023-10-27,P,2023-10-27,P
2671860,2023-10-27,LP,2023-10-27,LP
2671861,2023-10-27,P,2023-10-27,P
2671863,2023-10-27,P,2023-10-27,P
2671864,2023-10-27,LP,2024-05-08,LP
2671865,2023-10-27,P,2023-10-27,P
2671866,2023-10-27,P,2023-10-27,P
2671867,2023-10-27,P,2023-10-27,P
2671868,2023-10-27,P,2023-10-27,P
2671869,2023-10-27,P,2023-10-27,P
2671870,2023-10-27,VUS,2023-10-27,VUS
2671872,2023-10-27,P,2023-10-27,P
2671873,2023-10-27,P,2023-10-27,P
2671951,2023-11-25,LP,2023-11-25,LP
2672311,2023-12-18,LP,2023-12-18,LP
2672988,2023-11-01,VUS,2023-11-01,VUS
2673274,2023-11-01,VUS,2023-11-01,VUS
2674619,2022-04-21,LP,2022-04-21,LP
2675032,2023-09-20,LP,2023-09-20,LP
2675047,2023-09-15,LP,2023-09-15,LP
2675100,2023-07-09,LP,2023-07-09,LP
2675209,2023-01-07,LP,2024-01-24,LP
2675235,2022-09-26,LP,2022-09-26,LP
2675945,2023-10-17,LP,2023-10-17,LP
2675946,2023-09-05,LP,2023-09-05,LP
2675947,2023-08-14,LP,2023-08-14,LP
2675948,2023-08-10,LP,2023-08-10,LP
2675949,2023-07-02,LP,2025-01-20,LP
2675950,2023-05-23,LP,2025-09-05,LP
2675951,2023-02-26,LP,2023-02-26,LP
2675952,2023-01-28,LP,2023-01-28,LP
2675953,2023-01-03,LP,2023-01-03,LP
2675954,2022-12-01,LP,2022-12-01,LP
2675955,2024-03-26,LP,2024-03-26,LP
2681152,2023-10-27,LP,2023-10-27,LP
2681153,2023-10-27,LP,2023-10-27,LP
2681154,2023-10-27,VUS,2023-10-27,VUS
2681155,2023-10-27,LP,2023-10-27,LP
2681156,2023-10-27,LP,2023-10-27,LP
2681158,2023-10-27,P,2023-10-27,P
2681159,2023-10-27,VUS,2024-05-31,VUS
2681160,2023-10-27,P,2024-08-26,P
2681161,2023-10-27,VUS,2023-10-27,VUS
2681162,2023-10-27,LP,2023-10-27,LP
2681163,2023-10-27,P,2023-10-27,P
2681164,2023-10-27,LP,2024-01-18,LP
2681165,2023-10-27,LP,2023-10-27,LP
2681166,2023-10-27,LP,2023-10-27,LP
2681167,2023-10-27,P,2023-10-27,P
2681168,2023-10-27,LP,2023-10-27,LP
2681169,2023-10-27,LP,2026-01-19,LP
2681170,2023-10-27,VUS,2023-10-27,VUS
2681171,2023-10-27,P,2024-08-26,P
2681172,2023-10-27,LP,2023-10-27,LP
2681173,2023-10-27,P,2023-10-27,P
2681174,2023-10-27,P,2023-10-27,P
2681175,2023-10-27,LP,2023-10-27,LP
2681176,2023-10-27,P,2023-10-27,P
2681177,2023-10-27,LP,2023-10-27,LP
2681178,2023-10-27,LP,2023-10-27,LP
2681179,2023-10-27,P,2026-01-12,P
2681180,2023-10-27,LP,2023-10-27,LP
2681181,2023-10-27,LP,2024-08-26,LP
2681182,2023-10-27,LP,2025-09-12,LP
2681183,2023-10-27,VUS,2023-10-27,VUS
2681184,2023-10-27,P,2023-10-27,P
2681185,2023-10-27,LP,2024-02-10,LP
2681186,2023-10-27,P,2023-10-27,P
2681187,2023-10-27,P,2025-10-03,P
2681188,2023-10-27,VUS,2023-10-27,VUS
2681189,2023-10-27,LP,2023-10-27,LP
2681190,2023-10-27,VUS,2023-10-27,VUS
2681191,2023-10-27,VUS,2023-10-27,VUS
2681192,2023-10-27,P,2023-10-27,P
2681193,2023-10-27,P,2023-10-27,P
2681783,2023-12-01,P,2023-12-01,P
2682443,2023-11-10,LB,2023-11-10,LB
2682565,2023-11-16,VUS,2023-11-16,VUS
2682843,2022-12-19,VUS,2022-12-19,VUS
2683094,2023-03-28,VUS,2023-03-28,VUS
2683152,2023-01-13,VUS,2024-04-08,VUS
2683191,2023-06-02,VUS,2023-06-02,VUS
2683426,2022-09-26,VUS,2022-09-26,VUS
2683427,2022-06-24,VUS,2022-06-24,VUS
2683428,2023-01-17,VUS,2024-11-19,VUS
2683518,2022-10-13,LP,2022-10-13,LP
2683521,2022-08-16,LP,2022-08-16,LP
2683530,2023-05-31,LP,2023-05-31,LP
2683537,2022-11-22,LP,2024-12-18,LP
2683548,2023-03-08,VUS,2024-05-21,VUS
2683632,2024-01-02,P,2024-01-02,P
2683643,2023-05-17,LP,2023-05-17,LP
2683652,2023-03-08,LP,2025-05-30,LP
2684151,2022-10-04,VUS,2023-10-05,VUS
2684229,2022-11-04,VUS,2022-11-04,VUS
2684546,2022-12-21,P,2022-12-21,P
2684547,2023-06-01,VUS,2023-06-01,VUS
2684569,2023-01-16,P,2023-01-16,P
2684590,2022-12-21,P,2022-12-21,P
2684602,2022-07-09,P,2022-07-09,P
2684646,2022-12-05,P,2022-12-05,P
2684659,2023-03-24,VUS,2023-03-24,VUS
2684889,2022-07-07,VUS,2022-07-07,VUS
2684890,2023-06-23,VUS,2023-06-23,VUS
2684980,2023-12-15,P,2023-12-15,P
2684986,2023-01-18,P,2023-01-18,P
2685186,2024-08-26,P,2024-08-26,P
2685271,2022-11-28,P,2022-11-28,P
2685315,2023-04-07,P,2023-04-07,P
2685408,2023-03-23,VUS,2023-03-23,VUS
2685512,2023-03-10,VUS,2023-03-10,VUS
2685587,2022-12-20,P,2022-12-20,P
2685647,2022-12-07,VUS,2022-12-07,VUS
2685690,2023-03-31,P,2023-03-31,P
2685708,2022-09-19,P,2022-09-19,P
2685717,2022-07-09,P,2022-07-09,P
2685718,2023-04-20,P,2023-04-20,P
2685720,2022-12-05,P,2022-12-05,P
2685754,2023-01-13,P,2023-01-13,P
2685766,2023-06-20,VUS,2023-06-20,VUS
2685875,2022-07-28,P,2022-07-28,P
2685889,2022-08-10,VUS,2022-08-10,VUS
2688720,2023-06-22,VUS,2023-06-22,VUS
2689288,2023-02-17,VUS,2023-02-17,VUS
2689636,2023-11-08,VUS,2023-11-08,VUS
2689637,2023-11-03,VUS,2023-11-03,VUS
2690013,2023-06-26,VUS,2023-06-26,VUS
2690014,2023-06-29,VUS,2023-06-29,VUS
2690015,2023-03-18,VUS,2023-05-02,VUS
2690017,2023-08-01,VUS,2023-08-01,VUS
2690018,2023-02-19,VUS,2025-03-26,VUS
2690019,2023-05-04,VUS,2023-05-04,VUS
2690020,2023-05-02,VUS,2025-08-30,VUS
2690021,2023-03-06,VUS,2023-03-06,VUS
2690022,2023-05-01,VUS,2023-05-01,VUS
2690023,2023-05-01,VUS,2023-05-01,VUS
2690024,2023-06-12,VUS,2025-01-14,VUS
2690025,2023-07-05,VUS,2023-07-05,VUS
2690026,2023-07-25,VUS,2024-01-09,VUS
2690027,2023-02-28,VUS,2023-02-28,VUS
2690034,2024-02-14,VUS,2024-02-14,VUS
2690035,2023-05-01,VUS,2023-05-01,VUS
2690493,2023-03-28,P,2023-03-28,P
2690703,2023-05-03,LP,2025-09-02,LP
2690704,2023-02-14,LP,2023-02-14,LP
2690705,2023-02-16,LP,2023-02-16,LP
2690706,2023-02-21,LP,2023-02-21,LP
2690707,2023-03-31,LP,2023-03-31,LP
2690709,2023-04-25,LP,2023-04-25,LP
2690710,2023-05-15,LP,2023-05-15,LP
2690711,2023-07-18,LP,2023-07-18,LP
2690713,2023-02-05,LP,2023-02-05,LP
2690714,2023-08-11,LP,2023-08-11,LP
2690715,2023-08-11,LP,2023-08-11,LP
2690841,2021-05-27,VUS,2021-05-27,VUS
2690842,2021-07-28,VUS,2021-07-28,VUS
2690843,2022-09-01,VUS,2022-09-01,VUS
2690844,2023-02-02,VUS,2024-09-17,VUS
2690845,2022-06-18,VUS,2025-09-04,VUS
2690923,2024-01-25,VUS,2024-01-25,VUS
2690995,2023-10-27,LP,2023-10-27,LP
2691288,2022-10-27,LP,2023-12-15,LP
2691295,2023-12-15,LP,2023-12-15,LP
2691351,2023-12-20,VUS,2023-12-20,VUS
2691486,2023-12-01,LP,2023-12-01,LP
2691490,2023-12-07,VUS,2023-12-07,VUS
2691659,2023-12-13,VUS,2023-12-13,VUS
2691660,2023-12-13,VUS,2023-12-13,VUS
2691720,2023-09-21,VUS,2023-12-30,VUS
2691836,2024-01-22,LP,2024-01-22,LP
2691837,2024-01-28,VUS,2024-01-28,VUS
2692000,2025-03-04,LP,2025-03-04,LP
2692002,2025-03-04,LP,2025-03-04,LP
2692003,2025-03-04,VUS,2025-03-04,VUS
2692082,2025-03-04,P,2025-03-04,P
2692633,2023-11-02,P,2023-11-02,P
2693135,2024-01-09,LB,2024-01-09,LB
2693566,2023-06-06,LB,2023-06-06,LB
2693623,2023-11-06,LB,2023-11-06,LB
2693848,2022-09-09,VUS,2025-11-18,VUS
2693906,2023-11-06,LB,2023-11-06,LB
2694151,2023-11-07,LB,2023-11-07,LB
2694496,2023-07-31,LB,2023-07-31,LB
2694521,2023-11-09,LB,2023-11-09,LB
2694756,2023-11-10,P,2023-11-10,P
2694871,2025-06-12,P,2025-06-12,P
2695469,2023-11-13,LB,2023-11-13,LB
2695653,2022-11-21,VUS,2023-04-30,VUS
2695809,2023-06-06,LB,2023-06-06,LB
2695869,2024-05-15,LB,2024-05-15,LB
2695897,2023-11-14,LB,2023-11-14,LB
2696008,2023-11-15,P,2023-11-15,P
2696015,2023-11-24,LB,2023-11-24,LB
2696087,2023-05-24,LB,2023-05-24,LB
2696150,2023-11-15,P,2023-11-15,P
2696386,2023-11-22,LB,2023-11-22,LB
2696454,2023-11-22,LB,2023-11-22,LB
2696486,2023-11-24,LB,2023-11-24,LB
2696779,2023-11-17,VUS,2023-11-17,VUS
2696979,2023-11-27,LB,2023-11-27,LB
2697214,2023-11-18,LB,2023-11-18,LB
2697231,2023-06-07,LB,2023-06-07,LB
2697254,2023-12-02,LB,2023-12-02,LB
2697309,2024-02-19,LB,2024-02-19,LB
2697319,2024-10-03,P,2024-10-03,P
2697510,2024-01-18,VUS,2024-01-18,VUS
2697799,2023-11-20,P,2023-11-20,P
2697806,2023-08-14,LB,2023-08-14,LB
2698062,2023-11-21,LB,2023-11-21,LB
2698354,2024-02-20,LB,2024-02-20,LB
2698406,2023-11-24,LB,2023-11-24,LB
2698593,2023-11-24,LB,2023-11-24,LB
2698732,2023-11-24,LB,2023-11-24,LB
2698846,2023-11-25,LB,2023-11-25,LB
2699244,2023-11-27,LB,2023-11-27,LB
2699363,2023-11-27,LP,2023-11-27,LP
2699465,2024-03-08,VUS,2025-02-13,VUS
2699466,2023-12-04,LB,2023-12-04,LB
2699619,2022-11-14,LB,2022-11-14,LB
2699688,2023-11-29,LB,2023-11-29,LB
2699704,2023-06-09,LB,2023-06-09,LB
2699712,2023-11-29,LB,2023-11-29,LB
2699794,2023-06-09,LB,2023-06-09,LB
2699853,2023-11-30,B,2023-11-30,B
2699924,2023-12-01,LB,2023-12-01,LB
2700444,2023-12-02,VUS,2023-12-02,VUS
2700652,2023-12-03,LB,2023-12-03,LB
2700946,2023-12-04,VUS,2023-12-04,VUS
2700988,2023-06-09,LB,2023-06-09,LB
2701132,2023-12-05,LB,2023-12-05,LB
2701396,2023-12-08,LB,2023-12-08,LB
2701648,2024-11-05,VUS,2024-11-05,VUS
2701711,2025-10-02,LB,2025-10-02,LB
2701798,2023-12-09,LB,2023-12-09,LB
2701804,2023-12-09,LB,2023-12-09,LB
2702068,2023-12-10,P,2023-12-10,P
2702515,2023-12-12,LB,2023-12-12,LB
2702666,2025-06-12,LB,2025-06-12,LB
2702965,2023-06-09,LB,2023-06-09,LB
2703087,2023-06-09,LB,2023-06-09,LB
2703208,2023-12-14,LB,2023-12-14,LB
2703381,2023-12-15,VUS,2023-12-15,VUS
2703436,2023-12-15,LB,2023-12-15,LB
2703553,2023-12-27,LB,2023-12-27,LB
2703708,2023-12-17,LB,2023-12-17,LB
2703740,2024-11-11,LB,2024-11-11,LB
2703748,2023-06-09,LB,2023-06-09,LB
2704201,2023-12-19,P,2023-12-19,P
2704688,2023-12-21,LB,2023-12-21,LB
2704789,2023-12-22,P,2023-12-22,P
2704807,2023-06-09,LB,2023-06-09,LB
2704876,2023-12-29,LB,2023-12-29,LB
2705080,2023-12-23,LB,2023-12-23,LB
2705159,2025-06-12,P,2025-06-12,P
2705536,2023-12-25,LB,2023-12-25,LB
2705732,2023-12-26,P,2023-12-26,P
2705736,2023-12-26,LB,2023-12-26,LB
2705783,2024-02-08,VUS,2024-02-08,VUS
2706336,2023-12-30,LB,2023-12-30,LB
2706867,2024-01-01,P,2024-01-01,P
2707075,2024-01-02,LB,2024-01-02,LB
2707127,2023-08-18,LB,2025-04-19,LB
2707219,2024-01-03,VUS,2024-01-03,VUS
2707399,2024-01-04,LB,2024-01-04,LB
2707485,2024-06-03,LB,2024-06-03,LB
2707640,2024-01-04,P,2024-01-04,P
2707797,2024-01-05,LB,2024-01-05,LB
2707808,2019-09-11,LB,2025-12-31,LB
2707861,2024-01-05,LB,2024-01-05,LB
2707867,2024-01-05,LB,2024-01-05,LB
2707927,2024-01-06,VUS,2024-01-06,VUS
2708047,2023-06-10,LB,2023-06-10,LB
2708171,2024-01-07,LB,2024-01-07,LB
2708262,2024-01-08,LB,2024-01-08,LB
2708339,2024-11-11,LB,2024-11-11,LB
2708372,2025-02-24,LB,2025-02-24,LB
2708498,2024-01-09,LB,2024-01-09,LB
2708608,2024-01-23,VUS,2024-01-23,VUS
2708968,2024-01-22,LB,2024-01-22,LB
2709145,2024-01-12,LB,2024-01-12,LB
2709192,2022-06-13,LB,2022-06-13,LB
2709328,2024-01-20,LB,2024-01-20,LB
2709497,2025-08-28,LB,2025-08-28,LB
2709635,2024-01-16,LB,2024-01-16,LB
2709654,2024-01-16,LB,2024-01-16,LB
2709799,2024-01-17,LB,2024-01-17,LB
2709876,2024-01-18,LB,2024-01-18,LB
2709891,2024-01-18,LB,2024-01-18,LB
2709903,2024-01-17,LB,2024-01-17,LB
2709955,2024-01-18,LB,2024-01-18,LB
2710007,2024-01-18,P,2024-01-18,P
2710064,2025-05-12,LB,2025-05-12,LB
2710570,2024-01-28,P,2024-01-28,P
2711325,2024-06-03,LB,2024-06-03,LB
2711357,2024-06-03,VUS,2024-06-03,VUS
2711409,2024-02-02,VUS,2024-02-02,VUS
2711618,2023-06-11,P,2023-06-11,P
2711709,2023-06-11,LP,2023-06-11,LP
2711882,2025-05-27,VUS,2025-05-27,VUS
2712070,2023-10-20,LB,2023-10-20,LB
2712171,2022-01-03,VUS,2025-12-21,VUS
2713000,2023-06-21,LB,2023-06-21,LB
2713224,2023-08-30,LB,2023-12-02,LB
2713937,2024-01-29,LB,2024-01-29,LB
2713979,2024-01-29,LB,2024-01-29,LB
2714068,2025-03-07,LB,2025-03-07,LB
2714256,2024-01-30,LB,2024-01-30,LB
2714291,2024-01-31,LB,2024-01-31,LB
2714622,2023-06-14,P,2023-06-14,P
2714708,2023-12-19,LB,2023-12-19,LB
2714769,2023-08-15,LB,2023-08-15,LB
2714974,2025-07-31,LB,2025-07-31,LB
2715181,2023-06-25,VUS,2024-04-29,VUS
2715404,2023-06-14,LB,2023-06-14,LB
2715415,2023-07-25,LB,2023-07-25,LB
2715416,2023-07-25,LB,2023-07-25,LB
2716057,2024-01-20,LB,2024-01-20,LB
2716079,2026-01-26,LB,2026-01-26,LB
2716088,2024-12-05,LB,2024-12-05,LB
2716109,2023-06-23,LB,2023-06-23,LB
2716137,2023-06-15,LB,2023-06-15,LB
2716198,2025-06-12,LB,2025-06-12,LB
2716378,2023-10-04,LB,2023-10-04,LB
2716439,2025-12-03,LB,2025-12-03,LB
2716493,2025-10-18,LB,2025-10-18,LB
2716519,2024-02-03,LB,2024-02-03,LB
2716683,2023-07-31,VUS,2025-06-02,VUS
2716687,2023-09-18,B,2023-09-18,B
2716716,2025-02-25,VUS,2025-09-13,VUS
2716855,2023-08-14,VUS,2025-02-24,VUS
2716957,2023-08-29,VUS,2023-08-29,VUS
2717322,2023-06-16,LB,2023-06-16,LB
2717530,2023-06-16,LB,2023-06-16,LB
2717614,2024-01-10,B,2024-01-10,B
2717619,2023-10-16,LB,2023-10-16,LB
2717715,2022-11-10,VUS,2022-11-10,VUS
2717890,2023-06-16,LP,2023-06-16,LP
2718175,2025-10-21,LB,2025-10-21,LB
2718440,2025-09-04,LB,2025-09-04,LB
2718482,2024-10-28,VUS,2024-10-28,VUS
2718551,2023-07-15,LB,2023-07-15,LB
2718615,2023-06-17,LB,2023-06-17,LB
2718650,2024-01-19,LB,2024-01-19,LB
2718674,2023-06-17,LB,2023-06-17,LB
2719108,2023-12-20,LB,2023-12-20,LB
2719124,2023-09-20,VUS,2023-09-20,VUS
2719302,2025-06-12,VUS,2025-08-13,VUS
2719316,2023-10-20,LP,2023-10-20,LP
2719590,2024-02-24,LB,2024-02-24,LB
2719696,2023-06-20,LB,2023-06-20,LB
2719727,2025-02-12,VUS,2025-02-12,VUS
2719780,2023-06-20,LB,2023-06-20,LB
2719899,2025-05-27,P,2025-05-27,P
2720297,2023-06-20,LB,2023-06-20,LB
2720797,2023-06-23,LB,2023-06-23,LB
2720971,2023-07-17,VUS,2023-07-17,VUS
2720983,2025-08-26,LB,2025-08-26,LB
2721063,2023-06-03,VUS,2023-06-03,VUS
2722029,2025-02-28,LB,2025-02-28,LB
2722850,2025-07-14,LB,2025-07-14,LB
2722927,2022-11-10,VUS,2022-11-10,VUS
2722991,2024-10-15,LB,2024-10-15,LB
2723208,2022-12-14,P,2024-04-05,P
2723515,2025-09-03,LB,2025-09-03,LB
2723688,2023-11-07,VUS,2023-11-07,VUS
2723818,2023-12-02,LB,2023-12-02,LB
2724077,2023-11-17,VUS,2023-11-17,VUS
2724561,2026-01-19,LB,2026-01-19,LB
2724989,2023-06-23,LB,2023-06-23,LB
2725230,2022-12-23,VUS,2024-09-20,VUS
2725273,2024-02-19,LB,2024-02-19,LB
2725326,2023-12-21,LB,2023-12-21,LB
2725530,2023-06-23,LB,2023-06-23,LB
2726065,2023-03-31,VUS,2023-03-31,VUS
2726219,2024-02-23,LB,2024-02-23,LB
2726223,2025-07-14,LB,2025-07-14,LB
2726225,2024-02-23,VUS,2024-02-23,VUS
2726339,2023-06-09,LB,2023-06-09,LB
2726658,2023-06-23,LB,2023-06-23,LB
2726687,2023-06-23,P,2023-06-23,P
2727020,2026-01-24,LB,2026-01-24,LB
2727026,2023-05-26,LB,2023-05-26,LB
2727171,2023-05-26,P,2023-05-26,P
2727842,2023-07-03,LB,2023-07-03,LB
2727875,2023-08-04,LP,2025-08-08,LP
2728381,2023-09-01,LB,2023-09-01,LB
2728581,2023-08-28,LB,2023-08-28,LB
2728595,2023-06-25,LB,2023-06-25,LB
2729250,2023-07-08,LB,2023-07-08,LB
2729319,2025-06-06,LB,2025-06-06,LB
2729394,2025-01-27,VUS,2025-01-27,VUS
2729453,2023-08-24,VUS,2023-08-24,VUS
2729605,2026-02-04,LB,2026-02-04,LB
2729689,2023-06-27,LB,2023-06-27,LB
2730285,2023-03-14,LB,2023-03-14,LB
2730788,2023-12-19,LB,2023-12-19,LB
2731099,2026-01-03,LB,2026-01-03,LB
2731116,2023-07-12,P,2024-03-12,P
2731172,2024-03-14,LB,2024-03-14,LB
2731207,2023-06-27,LB,2023-06-27,LB
2731224,2023-05-26,LB,2023-05-26,LB
2731229,2026-01-26,LB,2026-02-02,LB
2731267,2026-01-24,B,2026-01-24,B
2731319,2026-01-24,LB,2026-01-24,LB
2731457,2025-06-13,LB,2025-06-13,LB
2731494,2023-11-05,LB,2023-11-05,LB
2731646,2023-07-06,LB,2023-07-06,LB
2731722,2023-10-25,LB,2023-10-25,LB
2732169,2025-12-03,LB,2025-12-03,LB
2732178,2025-05-02,LB,2025-05-02,LB
2732611,2023-09-09,LB,2023-09-09,LB
2732823,2023-06-09,LB,2023-06-09,LB
2732929,2023-07-08,LB,2023-07-08,LB
2733086,2025-12-22,LB,2025-12-22,LB
2733126,2023-11-06,LB,2023-11-06,LB
2733247,2023-09-05,LB,2023-09-05,LB
2733250,2023-10-20,LB,2023-10-20,LB
2733284,2025-12-29,LB,2025-12-29,LB
2733316,2026-02-01,LB,2026-02-01,LB
2733353,2023-07-05,LB,2023-07-05,LB
2733357,2024-01-17,LB,2024-01-17,LB
2733358,2023-12-10,LB,2023-12-10,LB
2733420,2026-01-01,LB,2026-01-01,LB
2733831,2023-05-09,P,2023-05-09,P
2733832,2025-06-12,VUS,2025-06-12,VUS
2733833,2023-10-04,LP,2024-02-07,LP
2733924,2023-06-30,VUS,2023-06-30,VUS
2734173,2023-06-09,VUS,2023-06-09,VUS
2734176,2023-07-28,P,2023-07-28,P
2734177,2023-08-16,VUS,2023-08-16,VUS
2734178,2025-01-23,VUS,2025-12-01,VUS
2734179,2022-12-25,P,2022-12-25,P
2734204,2022-11-29,LP,2022-11-29,LP
2734437,2022-11-23,P,2022-11-23,P
2734474,2023-07-15,P,2023-07-15,P
2734608,2024-01-18,VUS,2024-01-18,VUS
2734937,2025-04-27,LB,2025-04-27,LB
2735380,2025-09-02,P,2025-09-02,P
2735530,2026-01-24,LB,2026-01-24,LB
2735542,2023-07-13,P,2023-07-13,P
2735637,2025-08-21,VUS,2025-08-21,VUS
2735692,2023-06-05,LB,2023-06-05,LB
2735785,2024-03-20,LP,2024-03-20,LP
2735786,2024-01-29,LP,2024-01-29,LP
2735787,2023-12-30,LP,2024-03-04,LP
2735788,2023-06-25,VUS,2024-01-29,VUS
2735789,2023-07-03,P,2023-07-03,P
2735790,2024-01-29,P,2024-01-29,P
2735859,2026-01-19,B,2026-01-19,B
2735920,2023-07-06,LB,2023-07-06,LB
2735957,2024-01-24,LB,2024-01-24,LB
2736060,2024-03-11,LB,2024-03-11,LB
2736144,2023-07-06,LB,2023-07-06,LB
2736213,2023-10-19,LP,2023-10-19,LP
2736214,2023-07-10,P,2024-01-22,P
2736215,2023-11-01,P,2024-04-16,P
2736216,2023-11-27,P,2023-11-27,P
2736217,2023-03-26,P,2023-03-26,P
2736483,2023-07-07,LB,2023-07-07,LB
2736492,2023-07-07,VUS,2023-07-07,VUS
2736602,2024-03-26,P,2024-03-26,P
2737231,2023-01-18,P,2023-01-18,P
2737232,2023-07-17,P,2023-07-17,P
2737487,2023-01-19,LB,2023-01-19,LB
2737530,2023-10-04,LB,2023-10-04,LB
2737930,2024-01-09,LB,2024-01-09,LB
2737939,2024-01-02,LB,2024-01-02,LB
2737978,2023-07-12,LB,2023-07-12,LB
2738077,2023-10-07,LB,2023-10-07,LB
2738093,2023-11-19,LB,2023-11-19,LB
2738214,2026-01-21,P,2026-01-21,P
2738277,2024-06-09,LB,2024-06-09,LB
2738392,2022-05-10,VUS,2024-08-05,VUS
2738609,2023-07-08,VUS,2023-07-08,VUS
2738635,2024-02-20,LB,2024-02-20,LB
2739021,2023-10-27,LB,2023-10-27,LB
2739032,2023-07-11,LB,2023-07-11,LB
2739402,2026-01-26,LB,2026-01-26,LB
2739532,2025-01-15,LB,2025-01-15,LB
2739656,2023-06-17,LB,2023-06-17,LB
2739740,2023-01-28,LB,2023-01-28,LB
2739871,2025-12-30,LB,2025-12-30,LB
2740020,2026-01-04,B,2026-01-04,B
2740185,2025-01-23,LB,2025-01-23,LB
2740233,2023-07-09,LB,2023-07-09,LB
2740349,2023-02-14,LB,2023-02-14,LB
2740636,2023-05-26,LB,2023-05-26,LB
2741078,2023-04-26,VUS,2025-02-28,VUS
2741580,2024-01-11,LB,2024-01-11,LB
2741597,2024-01-19,LB,2024-01-19,LB
2741624,2023-11-10,LB,2023-11-10,LB
2742162,2024-05-07,LB,2024-05-07,LB
2742590,2026-01-07,LB,2026-01-07,LB
2742644,2022-12-20,LB,2022-12-20,LB
2742848,2023-07-13,LB,2023-07-13,LB
2742897,2023-07-13,LB,2023-07-13,LB
2742988,2023-07-13,LB,2023-07-13,LB
2743120,2023-07-13,P,2023-07-13,P
2743649,2023-07-16,LB,2023-07-16,LB
2743992,2023-07-16,LB,2023-07-16,LB
2744066,2023-12-11,VUS,2024-02-01,VUS
2744272,2023-07-17,P,2023-07-17,P
2744533,2023-07-25,LB,2023-07-25,LB
2744635,2023-05-28,P,2023-05-28,P
2744823,2025-10-21,LB,2025-10-21,LB
2744995,2023-07-19,LB,2023-07-19,LB
2745269,2023-07-26,LB,2023-07-26,LB
2745818,2023-07-22,LB,2023-07-22,LB
2746246,2023-07-25,P,2023-07-25,P
2746510,2023-07-25,LB,2023-07-25,LB
2746547,2023-09-09,LB,2023-09-09,LB
2746744,2023-07-25,LB,2023-07-25,LB
2747104,2023-07-26,LB,2023-07-26,LB
2747185,2023-07-26,LB,2023-07-26,LB
2747488,2023-07-27,VUS,2025-06-04,VUS
2747638,2023-07-28,LB,2023-07-28,LB
2747658,2023-07-28,LB,2023-07-28,LB
2747729,2023-07-28,LB,2023-07-28,LB
2747774,2023-07-28,LB,2023-07-28,LB
2747800,2023-08-07,P,2024-04-29,P
2747879,2023-08-04,P,2023-08-04,P
2747941,2023-07-28,VUS,2023-10-20,VUS
2747982,2025-04-07,LB,2025-04-07,LB
2748059,2023-07-29,LB,2023-07-29,LB
2748152,2023-07-29,LB,2023-07-29,LB
2748196,2023-07-29,LB,2023-07-29,LB
2748262,2023-11-08,LB,2023-11-08,LB
2748310,2023-08-05,LP,2023-08-05,LP
2748742,2023-07-31,LB,2023-07-31,LB
2748743,2023-07-31,LB,2023-07-31,LB
2748913,2025-10-01,VUS,2025-10-01,VUS
2749061,2023-08-01,LB,2023-08-01,LB
2749422,2023-08-02,LB,2023-08-02,LB
2749514,2023-08-03,LB,2023-08-03,LB
2749967,2023-08-27,LB,2023-08-27,LB
2750292,2024-07-30,LB,2024-07-30,LB
2750525,2023-08-05,VUS,2023-08-05,VUS
2750540,2025-12-31,LB,2025-12-31,LB
2750642,2023-08-06,LB,2023-08-06,LB
2751127,2023-12-27,VUS,2023-12-27,VUS
2751177,2023-08-08,LB,2023-08-08,LB
2751635,2023-09-27,LB,2023-09-27,LB
2751682,2023-08-10,VUS,2023-08-10,VUS
2751688,2023-08-10,P,2023-08-10,P
2751707,2023-12-20,LB,2023-12-20,LB
2751992,2023-08-19,P,2023-08-19,P
2751993,2023-08-19,LB,2023-08-19,LB
2752111,2023-08-19,LB,2023-08-19,LB
2752123,2023-08-11,LB,2023-08-11,LB
2752422,2024-01-15,VUS,2024-01-15,VUS
2752689,2023-05-31,LB,2023-05-31,LB
2752954,2023-05-31,LB,2023-05-31,LB
2753373,2025-12-23,LB,2025-12-23,LB
2753500,2024-10-26,LB,2024-10-26,LB
2753562,2024-04-20,LB,2024-04-20,LB
2753716,2023-08-18,LP,2023-08-18,LP
2753770,2023-10-14,LB,2023-10-14,LB
2753904,2023-08-18,LB,2023-08-18,LB
2753912,2023-10-24,VUS,2023-10-24,VUS
2753913,2023-08-18,LB,2023-08-18,LB
2753963,2023-08-19,LB,2023-08-19,LB
2753974,2023-08-19,LB,2023-08-19,LB
2754559,2023-11-14,LB,2023-11-14,LB
2754618,2023-08-23,P,2023-08-23,P
2754999,2023-08-24,LB,2023-08-24,LB
2755019,2023-10-30,LB,2023-10-30,LB
2755207,2023-08-28,LB,2023-08-28,LB
2755319,2023-08-28,LB,2023-08-28,LB
2755580,2023-09-06,VUS,2023-09-06,VUS
2755601,2023-08-27,LB,2023-08-27,LB
2755673,2023-08-27,P,2023-08-27,P
2755967,2023-08-29,LB,2023-08-29,LB
2756010,2023-09-05,P,2023-09-05,P
2756222,2023-08-29,VUS,2023-08-29,VUS
2756237,2023-08-29,LB,2023-08-29,LB
2756282,2023-10-23,VUS,2023-10-23,VUS
2756741,2023-08-30,P,2023-08-30,P
2756799,2024-12-02,LB,2024-12-02,LB
2757231,2023-09-01,LB,2023-09-01,LB
2757306,2023-09-01,VUS,2023-09-01,VUS
2757506,2023-05-07,LB,2023-05-07,LB
2757759,2023-09-05,LB,2023-09-05,LB
2758048,2023-06-02,LB,2023-06-02,LB
2758411,2023-09-06,LB,2023-09-06,LB
2758524,2023-11-06,P,2023-11-06,P
2758549,2023-09-11,LB,2023-09-11,LB
2758599,2024-02-06,LB,2024-02-06,LB
2758734,2023-09-08,LB,2023-09-08,LB
2758774,2023-06-03,LP,2023-06-03,LP
2759116,2023-09-15,VUS,2023-09-15,VUS
2759149,2023-09-08,LB,2023-09-08,LB
2759156,2023-09-08,LB,2023-09-08,LB
2759185,2023-11-10,P,2023-11-10,P
2759316,2023-09-09,LB,2023-09-09,LB
2759318,2024-01-29,LB,2024-01-29,LB
2759331,2023-09-09,LB,2023-09-09,LB
2759442,2023-09-09,LB,2023-09-09,LB
2759539,2023-09-10,P,2023-09-10,P
2759548,2023-09-10,LB,2023-09-10,LB
2759596,2023-09-10,LB,2023-09-10,LB
2759956,2023-09-10,LB,2023-09-10,LB
2760234,2023-12-21,LB,2023-12-21,LB
2760463,2023-09-12,P,2023-09-12,P
2760517,2023-09-13,VUS,2023-09-13,VUS
2760545,2023-09-13,LB,2023-09-13,LB
2760598,2023-09-14,LB,2023-09-14,LB
2760861,2023-09-15,P,2023-09-15,P
2761495,2023-12-23,LB,2023-12-23,LB
2761518,2023-09-27,LB,2023-09-27,LB
2761633,2023-09-19,P,2023-09-19,P
2761735,2025-08-04,LB,2025-08-04,LB
2761768,2025-06-12,LB,2025-06-12,LB
2762200,2024-01-26,P,2024-01-26,P
2762289,2023-09-21,LB,2023-09-21,LB
2762300,2023-09-21,LB,2023-09-21,LB
2762420,2023-10-11,LB,2023-10-11,LB
2762441,2023-09-21,VUS,2023-09-21,VUS
2762534,2023-06-03,LB,2023-06-03,LB
2762607,2023-09-22,LB,2023-09-22,LB
2762780,2023-07-24,LB,2023-07-24,LB
2762833,2023-09-22,VUS,2023-09-22,VUS
2762975,2023-09-23,LB,2023-09-23,LB
2763089,2023-09-24,LP,2024-05-07,LP
2763224,2023-09-25,LB,2023-09-25,LB
2763308,2023-09-25,LB,2023-09-25,LB
2763445,2023-09-26,LB,2023-09-26,LB
2763464,2023-09-26,LB,2023-09-26,LB
2763747,2023-09-27,VUS,2023-09-27,VUS
2764195,2023-09-29,LB,2023-09-29,LB
2764302,2025-11-24,LB,2025-11-24,LB
2764604,2024-03-04,LB,2024-03-04,LB
2764624,2023-09-30,VUS,2023-09-30,VUS
2765077,2023-10-04,LB,2023-10-04,LB
2765181,2023-06-04,P,2023-06-04,P
2765234,2023-10-04,LB,2023-10-04,LB
2765454,2023-10-04,LB,2023-10-04,LB
2765491,2023-10-04,LP,2023-10-04,LP
2765492,2023-12-12,LB,2023-12-12,LB
2765837,2023-10-05,LB,2023-10-05,LB
2766206,2025-09-15,LB,2025-09-15,LB
2766298,2023-10-06,LB,2023-10-06,LB
2766420,2023-10-06,LB,2023-10-06,LB
2766646,2024-08-06,LB,2024-08-06,LB
2766709,2023-10-07,VUS,2023-10-07,VUS
2766861,2023-10-23,LB,2023-10-23,LB
2766919,2023-10-08,LB,2023-10-08,LB
2766954,2023-10-08,LB,2023-10-08,LB
2767064,2023-10-27,LB,2023-10-27,LB
2767196,2023-10-09,P,2023-10-09,P
2767247,2023-10-09,LB,2023-10-09,LB
2767506,2024-10-03,LB,2024-10-03,LB
2767513,2023-11-10,LB,2023-11-10,LB
2767522,2023-10-10,VUS,2023-10-10,VUS
2768049,2024-10-12,LB,2025-11-01,LB
2768225,2024-02-16,LB,2024-02-16,LB
2768338,2024-02-05,LB,2024-02-05,LB
2768355,2023-10-14,LB,2023-10-14,LB
2768581,2023-10-14,LB,2023-10-14,LB
2768680,2023-06-05,LB,2023-06-05,LB
2768764,2023-10-15,LB,2023-10-15,LB
2769061,2023-10-16,LB,2023-10-16,LB
2769500,2023-08-09,VUS,2024-01-15,VUS
2769553,2023-10-23,LB,2023-10-23,LB
2770275,2023-10-20,LB,2023-10-20,LB
2770288,2023-06-05,LB,2023-06-05,LB
2770709,2025-12-23,LB,2025-12-23,LB
2770782,2023-10-22,LB,2023-10-22,LB
2770834,2023-10-22,VUS,2025-10-22,VUS
2770929,2023-10-22,LB,2023-10-22,LB
2770931,2023-10-22,LB,2023-10-22,LB
2771073,2024-01-20,LB,2024-01-20,LB
2771133,2023-10-30,LB,2023-10-30,LB
2771185,2023-06-05,LB,2023-06-05,LB
2771220,2024-02-07,LB,2024-02-07,LB
2771340,2023-10-23,VUS,2023-10-23,VUS
2771352,2024-03-12,LB,2024-03-12,LB
2771925,2023-10-26,LB,2023-10-26,LB
2772024,2023-10-27,LB,2023-10-27,LB
2772061,2023-10-27,LB,2023-10-27,LB
2772319,2023-10-28,LB,2023-10-28,LB
2772458,2023-07-27,LB,2023-07-27,LB
2772481,2022-12-11,LB,2022-12-11,LB
2772483,2023-06-11,LB,2023-06-11,LB
2772681,2023-10-29,LB,2023-10-29,LB
2772709,2023-10-29,LB,2023-10-29,LB
2772990,2024-02-02,P,2024-02-02,P
2773176,2023-11-01,LB,2023-11-01,LB
2775412,2022-11-11,VUS,2022-11-11,VUS
2775416,2023-10-11,VUS,2023-10-11,VUS
2775423,2022-11-30,VUS,2025-12-29,VUS
2775492,2023-11-17,LB,2023-11-17,LB
2775513,2023-08-29,LB,2023-08-29,LB
2775517,2022-11-08,LB,2022-11-08,LB
2775527,2023-12-21,LP,2025-04-03,LP
2775553,2023-08-19,VUS,2023-08-19,VUS
2775660,2023-11-05,LB,2023-11-05,LB
2775794,2023-02-09,LB,2023-02-09,LB
2775799,2019-03-29,LB,2025-06-15,LB
2775869,2023-11-24,LB,2023-11-24,LB
2775898,2023-07-06,LB,2023-07-06,LB
2776195,2022-12-31,LB,2022-12-31,LB
2776362,2022-11-04,LB,2022-11-04,LB
2776431,2025-06-12,LB,2025-06-12,LB
2776507,2023-12-04,LB,2023-12-04,LB
2776542,2023-04-18,LB,2023-04-18,LB
2776642,2022-11-29,VUS,2022-11-29,VUS
2777215,2026-01-19,LB,2026-01-19,LB
2777426,2024-02-10,LB,2024-02-10,LB
2777631,2022-12-06,P,2022-12-06,P
2777733,2023-12-27,LB,2023-12-27,LB
2777737,2024-01-11,LB,2024-01-11,LB
2778030,2022-12-30,LB,2022-12-30,LB
2778167,2024-01-30,LB,2024-01-30,LB
2778196,2024-01-25,LB,2024-01-25,LB
2778219,2023-11-21,LB,2023-11-21,LB
2778382,2023-10-24,LB,2023-10-24,LB
2778433,2024-03-07,LB,2024-03-07,LB
2779048,2023-10-06,LB,2023-10-06,LB
2779175,2023-11-06,VUS,2023-11-06,VUS
2779254,2022-10-30,VUS,2022-10-30,VUS
2779317,2023-03-04,LB,2023-03-04,LB
2779421,2023-06-07,P,2023-06-07,P
2779544,2023-01-24,LB,2023-01-24,LB
2779587,2023-07-17,LB,2023-07-17,LB
2779810,2023-12-09,VUS,2025-06-26,VUS
2779881,2023-10-04,P,2023-10-04,P
2780277,2023-08-29,LB,2023-08-29,LB
2780765,2023-09-24,LB,2023-09-24,LB
2780819,2024-02-13,LB,2024-02-13,LB
2780979,2025-02-19,LB,2025-02-19,LB
2781121,2023-07-26,LB,2023-07-26,LB
2781351,2022-12-22,VUS,2025-04-22,VUS
2781518,2023-11-06,LB,2023-11-06,LB
2781519,2023-09-10,LB,2023-09-10,LB
2781554,2024-10-21,LB,2024-10-21,LB
2781866,2023-06-20,LB,2023-06-20,LB
2781886,2023-08-02,LB,2023-08-02,LB
2782036,2023-06-09,VUS,2023-06-09,VUS
2782131,2024-04-24,LB,2024-04-24,LB
2782269,2023-09-05,LB,2023-09-05,LB
2782397,2023-07-18,LB,2023-07-18,LB
2782405,2023-02-18,LB,2023-02-18,LB
2782418,2023-11-20,LB,2023-11-20,LB
2782617,2023-08-29,VUS,2023-08-29,VUS
2782620,2023-06-16,LB,2023-06-16,LB
2782621,2023-07-12,LB,2023-07-12,LB
2782788,2023-09-28,LB,2023-09-28,LB
2782834,2023-12-09,P,2023-12-09,P
2782883,2023-08-17,LB,2023-08-17,LB
2782902,2022-12-25,VUS,2022-12-25,VUS
2783143,2022-11-16,LB,2022-11-16,LB
2783196,2023-10-14,P,2023-10-14,P
2783270,2023-10-17,LB,2023-10-17,LB
2783350,2023-04-20,LB,2023-04-20,LB
2783448,2024-08-13,LB,2024-08-13,LB
2783546,2024-01-05,LB,2024-01-05,LB
2783547,2024-06-03,VUS,2024-06-03,VUS
2783657,2023-11-04,LB,2023-11-04,LB
2783673,2023-08-10,LB,2023-08-10,LB
2783783,2023-12-13,LB,2023-12-13,LB
2783785,2023-11-15,LB,2023-11-15,LB
2783983,2023-10-22,LB,2023-10-22,LB
2784861,2023-11-25,VUS,2023-11-25,VUS
2784899,2023-03-14,LB,2023-03-14,LB
2785125,2024-10-13,LB,2024-10-13,LB
2785161,2023-12-21,LB,2023-12-21,LB
2785234,2026-01-28,LB,2026-01-28,LB
2785598,2023-07-29,LB,2023-07-29,LB
2785622,2023-12-22,LB,2023-12-22,LB
2785632,2023-10-25,P,2023-10-25,P
2785761,2022-12-31,LB,2022-12-31,LB
2785806,2023-03-07,LB,2023-03-07,LB
2785964,2023-03-09,LB,2023-03-09,LB
2786209,2024-03-10,VUS,2024-03-10,VUS
2786247,2023-10-29,LB,2023-10-29,LB
2786341,2025-03-07,LB,2025-03-07,LB
2786457,2023-12-12,LB,2023-12-12,LB
2786493,2023-02-24,LB,2023-02-24,LB
2786775,2025-05-27,VUS,2025-05-27,VUS
2786816,2023-02-03,LB,2023-02-03,LB
2786895,2023-12-02,LB,2023-12-02,LB
2786917,2024-01-12,LB,2024-01-12,LB
2787031,2023-04-25,LB,2023-04-25,LB
2787037,2023-02-26,LB,2023-02-26,LB
2787050,2024-10-16,LB,2024-10-16,LB
2787266,2023-02-20,LB,2023-02-20,LB
2787267,2023-02-18,LB,2023-02-18,LB
2787816,2023-07-19,LB,2023-07-19,LB
2787886,2023-12-30,LB,2023-12-30,LB
2787950,2023-08-14,VUS,2023-08-14,VUS
2787979,2024-01-04,LB,2024-01-04,LB
2788082,2022-11-28,VUS,2022-11-28,VUS
2788083,2024-01-08,LB,2024-01-08,LB
2788088,2023-07-16,LB,2023-07-16,LB
2788676,2023-06-20,LB,2023-06-20,LB
2788691,2023-01-17,LB,2023-01-17,LB
2788973,2023-05-23,LB,2023-05-23,LB
2789057,2023-08-18,LB,2023-08-18,LB
2789256,2025-12-24,LB,2025-12-24,LB
2789693,2023-11-17,LB,2023-11-17,LB
2789900,2025-02-10,LB,2025-02-10,LB
2790003,2023-04-24,LB,2023-04-24,LB
2790008,2023-12-01,LB,2023-12-01,LB
2790083,2023-01-09,LB,2023-01-09,LB
2790213,2022-11-01,LB,2022-11-01,LB
2790278,2022-04-23,VUS,2022-04-23,VUS
2790433,2022-12-20,LB,2022-12-20,LB
2790509,2024-02-22,VUS,2024-02-22,VUS
2790796,2023-04-06,LB,2023-04-06,LB
2790861,2025-06-12,VUS,2025-06-12,VUS
2790865,2023-05-25,LB,2023-05-25,LB
2791070,2023-11-27,LB,2023-11-27,LB
2791092,2023-11-27,LB,2023-11-27,LB
2791556,2024-10-29,VUS,2024-10-29,VUS
2791624,2024-12-27,LB,2024-12-27,LB
2791650,2023-12-30,LB,2023-12-30,LB
2791651,2023-07-30,LB,2023-07-30,LB
2791655,2023-03-21,LB,2023-03-21,LB
2791721,2023-08-02,LB,2023-08-02,LB
2791968,2022-04-12,VUS,2025-12-03,VUS
2792011,2023-09-26,LB,2023-09-26,LB
2792018,2022-12-23,B,2022-12-23,B
2792155,2024-01-08,LP,2024-06-14,LP
2792281,2023-11-14,VUS,2023-11-14,VUS
2792320,2023-01-01,LB,2023-01-01,LB
2792649,2023-12-14,VUS,2023-12-14,VUS
2792651,2023-12-01,LB,2023-12-01,LB
2792687,2023-11-13,LB,2023-11-13,LB
2792859,2024-12-02,LB,2024-12-02,LB
2792885,2024-10-26,LB,2024-10-26,LB
2792913,2023-04-07,LB,2023-04-07,LB
2792953,2023-05-27,LB,2023-05-27,LB
2793021,2024-03-06,LB,2024-03-06,LB
2793438,2024-02-14,LB,2024-02-14,LB
2793446,2023-04-19,LB,2023-04-19,LB
2793663,2024-02-11,LB,2024-02-11,LB
2793680,2022-12-29,LB,2022-12-29,LB
2793993,2023-06-17,VUS,2024-05-29,VUS
2794031,2023-01-10,LB,2023-01-10,LB
2794244,2022-05-27,LB,2022-05-27,LB
2794622,2023-04-08,LB,2023-04-08,LB
2794645,2024-01-15,VUS,2024-01-15,VUS
2794710,2023-07-16,VUS,2023-07-16,VUS
2794721,2022-12-29,LB,2022-12-29,LB
2794950,2023-08-02,VUS,2023-08-02,VUS
2795324,2024-01-14,LB,2024-01-14,LB
2795338,2023-09-29,LB,2023-09-29,LB
2795362,2025-05-12,LB,2025-05-12,LB
2795613,2023-09-25,LP,2023-09-25,LP
2795651,2023-12-26,LB,2023-12-26,LB
2795659,2023-07-19,LB,2023-07-19,LB
2795887,2023-05-05,LB,2023-05-05,LB
2796169,2023-12-01,VUS,2023-12-01,VUS
2796200,2023-06-23,VUS,2023-06-23,VUS
2796688,2023-05-08,VUS,2023-05-08,VUS
2796794,2023-12-21,LB,2023-12-21,LB
2796935,2023-07-26,LB,2023-07-26,LB
2796942,2022-12-05,P,2022-12-05,P
2796946,2023-10-09,VUS,2023-10-09,VUS
2797100,2025-03-26,VUS,2025-06-12,VUS
2797339,2023-11-14,LB,2023-11-14,LB
2797383,2023-09-12,LB,2023-09-12,LB
2797397,2025-08-19,LB,2025-08-19,LB
2797668,2023-12-30,LB,2023-12-30,LB
2797738,2023-07-25,LB,2023-07-25,LB
2797870,2023-07-07,LB,2023-07-07,LB
2798052,2023-02-04,LB,2023-02-04,LB
2798273,2023-12-17,VUS,2023-12-17,VUS
2798344,2023-03-18,LB,2023-03-18,LB
2798381,2022-12-20,LB,2022-12-20,LB
2798402,2023-01-30,VUS,2023-01-30,VUS
2798508,2023-06-09,LB,2023-06-09,LB
2798584,2023-02-14,LB,2023-02-14,LB
2798637,2024-04-10,VUS,2024-04-10,VUS
2798952,2023-11-20,LB,2023-11-20,LB
2799210,2023-03-27,LB,2023-03-27,LB
2799768,2024-01-08,LB,2024-01-08,LB
2799944,2023-04-09,LB,2023-04-09,LB
2799989,2023-11-02,LB,2023-11-02,LB
2800140,2024-06-17,LB,2024-06-17,LB
2800262,2023-03-04,LB,2023-03-04,LB
2800345,2023-09-14,P,2023-09-14,P
2800354,2023-08-04,LP,2023-08-04,LP
2800386,2023-11-25,LB,2023-11-25,LB
2800499,2023-10-13,LB,2023-10-13,LB
2800818,2023-09-01,VUS,2023-09-01,VUS
2801026,2023-12-12,LB,2023-12-12,LB
2801179,2023-04-27,VUS,2026-02-24,VUS
2801317,2024-01-04,LB,2024-01-04,LB
2801319,2023-05-13,LB,2023-05-13,LB
2801479,2023-07-24,P,2023-07-24,P
2801512,2024-01-25,LB,2024-01-25,LB
2801597,2023-05-05,LP,2023-05-05,LP
2801838,2024-02-09,LB,2024-02-09,LB
2801931,2024-01-10,LB,2024-01-10,LB
2802293,2023-11-14,LB,2023-11-14,LB
2802372,2025-12-19,LB,2025-12-19,LB
2802476,2022-12-20,LB,2022-12-20,LB
2802564,2023-05-13,LB,2023-05-13,LB
2802616,2026-01-20,LB,2026-01-20,LB
2802800,2022-12-14,VUS,2022-12-14,VUS
2802904,2023-05-07,LB,2023-05-07,LB
2803328,2023-12-01,LB,2023-12-01,LB
2803574,2023-09-10,LB,2023-09-10,LB
2803606,2023-01-28,LB,2023-01-28,LB
2803768,2023-03-19,P,2023-03-19,P
2804523,2023-12-05,LB,2023-12-05,LB
2804635,2024-09-05,P,2024-09-05,P
2804887,2024-08-06,LB,2024-08-06,LB
2805272,2023-10-20,LB,2023-10-20,LB
2805375,2023-08-08,LB,2023-08-08,LB
2805439,2022-12-23,P,2022-12-23,P
2805479,2023-12-23,LB,2023-12-23,LB
2805541,2022-11-29,LB,2022-11-29,LB
2805697,2025-01-22,LB,2025-01-22,LB
2805761,2023-12-04,VUS,2023-12-04,VUS
2805794,2023-12-03,LB,2023-12-03,LB
2806363,2024-01-31,LB,2024-01-31,LB
2806379,2024-01-24,LB,2024-01-24,LB
2806398,2023-04-04,LB,2023-04-04,LB
2806778,2023-01-20,LB,2023-01-20,LB
2806901,2023-07-28,LB,2023-07-28,LB
2807011,2025-07-27,B,2025-07-27,B
2807184,2024-04-29,LB,2024-04-29,LB
2807344,2024-04-08,VUS,2024-04-08,VUS
2807731,2022-12-02,LB,2022-12-02,LB
2807993,2023-11-19,LB,2023-11-19,LB
2808014,2024-12-02,VUS,2024-12-02,VUS
2808015,2023-04-30,P,2023-04-30,P
2808025,2023-12-02,LB,2023-12-02,LB
2808422,2023-07-19,LB,2023-07-19,LB
2808567,2023-06-14,LB,2023-06-14,LB
2809006,2023-05-20,LB,2023-05-20,LB
2809155,2022-11-15,LB,2022-11-15,LB
2809249,2023-12-27,VUS,2023-12-27,VUS
2809503,2023-08-11,LB,2023-08-11,LB
2809504,2023-09-26,LB,2023-09-26,LB
2809814,2024-09-06,VUS,2024-09-06,VUS
2809888,2024-01-05,LB,2024-01-05,LB
2810241,2022-10-27,LB,2022-10-27,LB
2810248,2022-10-27,LB,2022-10-27,LB
2810447,2022-11-14,VUS,2022-11-14,VUS
2810478,2022-11-06,LB,2022-11-06,LB
2810623,2022-10-29,P,2022-10-29,P
2810734,2025-04-28,LB,2025-04-28,LB
2810757,2023-05-23,LB,2023-05-23,LB
2810758,2023-11-14,LB,2023-11-14,LB
2810788,2023-10-04,LB,2024-05-12,LB
2810823,2025-09-08,P,2025-09-08,P
2810922,2025-05-11,VUS,2025-05-11,VUS
2810967,2022-10-31,LB,2022-10-31,LB
2811445,2023-02-21,LB,2023-02-21,LB
2812416,2023-03-18,LB,2023-03-18,LB
2812578,2022-11-08,P,2022-11-08,P
2812812,2023-07-28,LB,2023-07-28,LB
2813177,2023-06-05,LB,2023-06-05,LB
2813294,2023-07-25,LP,2023-07-25,LP
2813310,2022-11-10,P,2022-11-10,P
2813377,2022-11-10,P,2022-11-10,P
2813403,2023-07-10,LB,2023-07-10,LB
2813437,2023-03-07,LB,2023-03-07,LB
2814020,2023-03-27,LB,2023-03-27,LB
2814218,2022-11-15,LB,2022-11-15,LB
2814488,2022-11-15,LB,2022-11-15,LB
2814665,2022-11-16,VUS,2022-11-16,VUS
2814671,2022-11-16,LB,2022-11-16,LB
2814761,2023-01-08,P,2023-01-08,P
2814934,2023-03-22,LB,2023-03-22,LB
2815048,2022-11-18,LP,2022-11-18,LP
2815064,2022-11-18,LB,2022-11-18,LB
2815331,2022-12-02,LB,2022-12-02,LB
2815595,2023-10-17,LB,2023-10-17,LB
2815800,2022-12-02,LB,2022-12-02,LB
2815892,2023-09-20,VUS,2023-09-20,VUS
2815908,2023-05-02,LB,2023-05-02,LB
2815953,2023-11-20,P,2023-11-20,P
2816195,2022-11-24,LB,2022-11-24,LB
2816201,2022-11-24,LB,2022-11-24,LB
2816218,2022-12-20,LB,2022-12-20,LB
2816507,2023-10-26,LB,2023-10-26,LB
2816710,2023-02-05,LB,2023-02-05,LB
2817327,2023-12-14,LB,2023-12-14,LB
2817800,2024-03-04,LB,2024-03-04,LB
2818220,2023-09-27,LB,2023-09-27,LB
2818293,2025-05-21,LB,2025-05-21,LB
2818368,2023-10-06,LB,2023-10-06,LB
2818595,2022-12-04,P,2022-12-04,P
2818637,2023-10-20,VUS,2023-10-20,VUS
2818967,2022-12-06,P,2022-12-06,P
2819144,2025-06-03,LB,2025-06-03,LB
2819311,2023-05-18,LB,2023-05-18,LB
2819343,2023-07-25,LB,2023-07-25,LB
2819368,2022-12-08,VUS,2022-12-08,VUS
2819418,2022-12-08,LB,2022-12-08,LB
2819492,2025-08-18,LB,2025-08-18,LB
2819638,2022-12-09,LB,2022-12-09,LB
2819781,2025-07-21,LB,2025-07-21,LB
2820029,2024-02-29,LB,2024-02-29,LB
2820089,2022-12-10,LB,2022-12-10,LB
2820316,2022-12-13,LB,2022-12-13,LB
2820554,2023-11-06,VUS,2023-11-06,VUS
2820700,2023-03-01,VUS,2023-03-01,VUS
2821021,2022-12-15,LB,2022-12-15,LB
2821479,2023-08-16,LB,2023-08-16,LB
2821753,2023-05-22,LP,2023-05-22,LP
2821833,2023-04-08,LB,2023-04-08,LB
2821892,2023-12-01,P,2023-12-01,P
2821945,2023-11-18,LB,2023-11-18,LB
2822349,2023-03-17,LB,2023-03-17,LB
2822405,2023-02-09,B,2023-02-09,B
2822708,2023-12-18,LB,2023-12-18,LB
2822754,2024-02-22,LB,2024-02-22,LB
2822759,2022-12-21,LB,2022-12-21,LB
2822808,2023-04-24,LB,2023-04-24,LB
2822912,2026-01-22,LB,2026-01-22,LB
2822984,2022-12-21,LP,2022-12-21,LP
2823074,2022-12-22,LB,2022-12-22,LB
2823079,2022-12-22,LB,2022-12-22,LB
2823098,2022-12-22,LB,2022-12-22,LB
2823127,2022-12-31,LB,2022-12-31,LB
2823133,2025-10-02,LB,2025-10-02,LB
2823151,2023-05-30,LB,2023-05-30,LB
2823541,2022-12-23,LB,2022-12-23,LB
2823551,2023-12-03,LB,2023-12-03,LB
2823625,2023-02-06,LB,2023-02-06,LB
2823855,2023-05-17,LB,2023-05-17,LB
2823927,2022-12-24,LB,2022-12-24,LB
2824093,2024-05-07,LB,2024-05-07,LB
2824161,2022-12-25,LB,2022-12-25,LB
2824190,2022-12-25,VUS,2022-12-25,VUS
2824459,2023-02-01,P,2023-02-01,P
2824467,2024-02-01,LB,2024-02-01,LB
2824747,2022-12-29,LB,2022-12-29,LB
2824932,2023-12-12,LB,2023-12-12,LB
2825494,2022-12-31,LB,2022-12-31,LB
2825581,2023-11-01,VUS,2023-11-01,VUS
2825759,2024-06-03,LB,2024-06-03,LB
2825807,2024-06-25,LB,2024-06-25,LB
2826175,2024-05-06,LB,2024-05-06,LB
2826691,2023-06-17,LB,2023-06-17,LB
2827022,2023-01-30,LB,2023-01-30,LB
2827061,2023-01-08,VUS,2023-01-08,VUS
2827554,2023-01-16,LB,2023-01-16,LB
2827700,2023-10-30,LB,2023-10-30,LB
2827706,2023-01-11,LP,2023-01-11,LP
2827878,2023-05-08,LB,2023-05-08,LB
2828087,2023-01-13,P,2023-01-13,P
2828136,2023-01-13,LB,2023-01-13,LB
2828423,2023-01-14,LB,2023-01-14,LB
2828496,2023-06-10,LB,2023-06-10,LB
2828603,2024-01-18,LB,2024-01-18,LB
2828666,2023-10-13,LB,2023-10-13,LB
2828672,2024-02-03,B,2024-02-03,B
2828674,2023-06-11,LB,2023-06-11,LB
2828841,2024-10-21,LB,2024-10-21,LB
2828893,2023-08-25,LB,2023-08-25,LB
2828959,2023-01-15,P,2023-01-15,P
2829067,2023-01-16,LB,2023-01-16,LB
2829080,2023-01-16,LB,2023-01-16,LB
2829484,2023-01-17,LB,2023-01-17,LB
2829698,2025-06-12,LB,2025-06-12,LB
2830460,2023-01-20,LB,2023-01-20,LB
2830497,2023-01-20,LB,2023-01-20,LB
2830672,2023-07-28,VUS,2023-07-28,VUS
2830811,2023-01-21,LB,2023-01-21,LB
2830906,2023-01-23,LB,2023-01-23,LB
2830948,2023-01-22,LP,2023-01-22,LP
2831246,2023-01-23,LB,2023-01-23,LB
2831358,2023-01-23,P,2023-01-23,P
2831445,2023-02-01,LB,2023-02-01,LB
2831454,2023-01-24,LB,2023-01-24,LB
2831483,2023-01-24,LB,2023-01-24,LB
2831553,2023-08-16,LB,2023-08-16,LB
2831872,2023-01-25,LB,2023-01-25,LB
2831876,2023-01-25,LB,2023-01-25,LB
2831889,2023-01-25,LB,2023-01-25,LB
2831905,2023-08-18,VUS,2023-08-18,VUS
2832464,2023-02-07,LB,2023-02-07,LB
2832567,2023-03-23,LB,2023-03-23,LB
2832651,2023-11-18,LB,2023-11-18,LB
2832665,2023-01-28,LB,2023-01-28,LB
2832731,2023-02-05,LB,2023-02-05,LB
2832843,2025-08-25,LB,2025-08-25,LB
2833099,2023-01-31,LB,2023-01-31,LB
2833575,2023-02-03,LB,2023-02-03,LB
2833599,2023-02-03,LB,2023-02-03,LB
2833660,2023-02-01,LB,2023-02-01,LB
2833861,2023-02-08,LB,2023-02-08,LB
2833947,2023-02-02,LB,2023-02-02,LB
2834124,2023-02-03,LB,2023-02-03,LB
2834127,2023-02-03,LB,2023-02-03,LB
2834191,2023-02-03,VUS,2023-02-03,VUS
2834421,2023-02-04,LB,2023-02-04,LB
2834606,2023-09-11,VUS,2023-09-11,VUS
2834688,2023-08-04,LB,2023-08-04,LB
2834689,2023-08-04,LB,2023-08-04,LB
2834770,2023-02-05,LB,2023-02-05,LB
2834821,2023-08-14,LB,2023-08-14,LB
2834982,2023-09-21,P,2023-09-21,P
2835121,2023-02-07,LB,2023-02-07,LB
2835557,2023-03-14,P,2023-03-14,P
2835734,2023-07-10,LB,2023-07-10,LB
2835802,2023-02-09,LB,2023-02-09,LB
2835875,2023-02-09,LB,2023-02-09,LB
2835952,2023-02-09,LB,2023-02-09,LB
2836129,2023-02-10,LB,2023-02-10,LB
2836251,2023-02-11,LB,2023-02-11,LB
2836319,2023-12-03,LB,2023-12-03,LB
2836616,2023-03-17,LB,2023-03-17,LB
2836958,2023-09-21,LB,2023-09-21,LB
2837123,2023-02-14,LB,2023-02-14,LB
2837129,2023-02-14,LB,2023-02-14,LB
2837302,2023-02-14,LB,2023-02-14,LB
2837546,2023-02-14,LB,2023-02-14,LB
2837847,2023-02-16,LB,2023-02-16,LB
2838243,2024-03-07,LB,2024-03-07,LB
2838357,2023-02-16,LB,2023-02-16,LB
2838411,2023-02-17,VUS,2023-02-17,VUS
2838617,2023-11-24,LB,2023-11-24,LB
2838658,2023-02-18,LB,2023-02-18,LB
2838833,2023-02-18,LB,2023-02-18,LB
2839082,2023-02-20,LB,2023-02-20,LB
2839181,2024-05-08,VUS,2024-05-08,VUS
2839317,2023-02-20,P,2023-02-20,P
2839679,2023-02-22,LB,2023-02-22,LB
2839821,2023-03-02,LB,2023-03-02,LB
2839882,2023-04-13,LB,2023-04-13,LB
2840113,2023-02-23,P,2023-02-23,P
2840151,2023-06-12,LB,2023-06-12,LB
2840272,2023-07-07,LB,2023-07-07,LB
2840308,2023-11-19,VUS,2023-11-19,VUS
2840353,2023-03-09,LB,2023-03-09,LB
2840459,2023-02-24,P,2023-02-24,P
2840606,2023-02-24,P,2023-02-24,P
2840762,2023-02-25,LB,2023-02-25,LB
2840770,2023-02-25,LB,2023-02-25,LB
2840828,2024-01-02,LB,2024-01-02,LB
2840971,2024-06-29,LB,2024-06-29,LB
2840982,2024-01-06,LB,2024-01-06,LB
2841435,2023-04-04,LP,2023-04-04,LP
2841547,2023-02-28,LB,2023-02-28,LB
2841549,2023-02-28,LB,2023-02-28,LB
2841656,2023-02-28,LB,2023-02-28,LB
2841813,2023-03-01,LB,2023-03-01,LB
2841982,2023-03-02,VUS,2023-03-02,VUS
2842008,2023-03-01,LB,2023-03-01,LB
2842100,2023-03-16,LB,2023-03-16,LB
2842102,2023-03-02,LB,2023-03-02,LB
2842114,2023-03-02,LB,2023-03-02,LB
2842563,2023-03-04,VUS,2023-03-04,VUS
2842684,2023-06-16,VUS,2023-06-16,VUS
2842685,2023-06-16,VUS,2023-06-16,VUS
2842792,2023-03-04,LB,2023-03-04,LB
2842872,2024-01-31,LB,2024-01-31,LB
2843234,2023-06-14,LB,2023-06-14,LB
2843292,2023-03-10,LB,2023-03-10,LB
2843295,2025-12-08,LB,2025-12-08,LB
2843375,2023-03-07,P,2023-03-07,P
2843532,2023-03-13,LB,2023-03-13,LB
2843588,2023-03-07,LB,2023-03-07,LB
2843905,2025-06-02,LB,2025-06-02,LB
2843993,2023-03-08,LB,2023-03-08,LB
2844055,2024-04-08,VUS,2024-04-08,VUS
2844295,2023-10-10,LP,2023-10-10,LP
2844479,2023-03-17,P,2023-03-17,P
2844547,2023-03-15,LB,2023-03-15,LB
2844610,2023-03-09,LB,2023-03-09,LB
2845045,2023-08-17,LB,2023-08-17,LB
2845058,2023-03-12,LB,2023-03-12,LB
2845066,2026-01-19,LB,2026-01-19,LB
2845197,2023-03-12,VUS,2023-03-12,VUS
2845406,2023-03-13,LP,2023-03-13,LP
2845499,2023-03-13,LB,2023-03-13,LB
2845501,2023-03-13,P,2023-03-13,P
2845637,2023-07-25,LB,2023-07-25,LB
2845674,2023-03-14,P,2023-03-14,P
2846090,2023-03-15,LB,2023-03-15,LB
2846114,2023-03-15,LB,2023-03-15,LB
2846530,2024-03-16,LB,2024-03-16,LB
2846549,2023-03-28,LB,2023-03-28,LB
2846709,2023-11-19,LB,2023-11-19,LB
2846844,2023-10-27,B,2023-10-27,B
2847041,2023-03-26,LB,2023-03-26,LB
2847072,2023-03-18,LB,2023-03-18,LB
2847171,2023-03-18,VUS,2023-03-18,VUS
2847239,2023-10-13,LB,2023-10-13,LB
2847265,2023-03-18,P,2023-03-18,P
2847368,2023-10-22,LB,2023-10-22,LB
2847462,2024-01-05,LB,2024-01-05,LB
2847651,2023-03-20,LB,2023-03-20,LB
2847740,2023-12-02,VUS,2024-10-16,VUS
2847771,2023-03-20,LB,2023-03-20,LB
2847866,2023-03-20,LB,2023-03-20,LB
2847867,2023-03-20,LB,2023-03-20,LB
2848047,2023-03-29,LB,2023-03-29,LB
2848079,2023-03-21,LB,2023-03-21,LB
2848095,2023-03-21,P,2023-03-21,P
2848135,2023-03-21,LB,2023-03-21,LB
2848178,2023-12-24,LB,2023-12-24,LB
2848698,2023-03-22,LB,2023-03-22,LB
2849101,2023-04-12,LB,2023-04-12,LB
2849168,2023-10-06,LB,2023-10-06,LB
2849545,2023-03-26,LB,2023-03-26,LB
2849655,2025-07-24,LB,2025-07-24,LB
2850242,2023-03-27,LB,2023-03-27,LB
2850388,2024-02-20,LB,2024-02-20,LB
2850484,2023-04-28,LB,2023-04-28,LB
2850596,2024-02-10,P,2024-02-11,P
2850636,2023-03-29,LB,2023-03-29,LB
2850973,2023-03-30,VUS,2023-03-30,VUS
2851057,2023-02-16,LB,2023-02-16,LB
2851547,2023-04-02,VUS,2023-04-02,VUS
2851593,2023-04-02,LB,2023-04-02,LB
2851634,2023-04-03,LB,2023-04-03,LB
2851641,2023-04-03,LB,2023-04-03,LB
2851695,2023-04-03,LB,2023-04-03,LB
2851718,2023-04-18,VUS,2023-04-18,VUS
2851752,2023-04-03,VUS,2023-04-03,VUS
2852400,2023-05-22,LB,2023-05-22,LB
2852520,2023-05-23,VUS,2023-05-23,VUS
2852538,2023-07-28,LB,2023-07-28,LB
2852561,2023-04-06,LB,2023-04-06,LB
2853127,2023-04-07,LB,2023-04-07,LB
2853304,2025-02-25,LB,2025-02-25,LB
2853376,2025-06-12,LB,2025-06-12,LB
2853377,2024-10-22,LB,2024-10-22,LB
2853515,2023-04-08,LB,2023-04-08,LB
2854069,2023-04-10,LB,2023-04-10,LB
2854259,2023-04-09,LB,2023-04-09,LB
2854806,2024-05-16,LB,2024-05-16,LB
2854996,2023-04-11,LB,2023-04-11,LB
2855083,2023-04-11,LB,2023-04-11,LB
2855386,2023-04-12,LB,2023-04-12,LB
2855712,2024-10-21,P,2024-10-21,P
2855759,2025-10-21,VUS,2025-10-21,VUS
2855839,2023-10-17,LB,2023-10-17,LB
2855951,2023-04-13,LB,2023-04-13,LB
2856037,2023-04-14,LB,2023-04-14,LB
2856048,2023-04-14,LB,2023-04-14,LB
2856068,2023-04-14,LB,2023-04-14,LB
2856352,2023-04-15,VUS,2023-04-15,VUS
2856505,2023-04-15,LP,2023-04-15,LP
2856886,2023-04-17,LB,2023-04-17,LB
2856893,2023-04-17,B,2023-04-17,B
2857430,2023-07-25,LB,2023-07-25,LB
2857728,2023-05-12,LB,2023-05-12,LB
2857790,2023-10-22,LB,2023-10-22,LB
2858075,2024-08-29,LB,2024-08-29,LB
2858520,2023-04-23,LB,2023-04-23,LB
2858548,2023-04-23,LB,2023-04-23,LB
2858587,2023-04-23,VUS,2023-04-23,VUS
2858723,2023-04-24,LB,2023-04-24,LB
2858735,2023-04-24,LB,2023-04-24,LB
2858806,2023-03-01,LB,2023-03-01,LB
2859006,2023-04-25,P,2023-04-25,P
2859327,2023-04-26,LB,2023-04-26,LB
2859480,2023-04-26,P,2023-04-26,P
2859497,2023-04-26,LB,2023-04-26,LB
2859568,2023-04-26,LB,2023-04-26,LB
2859892,2023-06-24,LB,2023-06-24,LB
2860057,2023-04-28,LB,2023-04-28,LB
2860344,2023-04-28,LB,2023-04-28,LB
2860805,2023-03-08,LB,2024-10-29,LB
2860921,2024-02-13,LB,2024-02-13,LB
2861216,2023-05-01,LB,2023-05-01,LB
2861460,2023-10-03,VUS,2023-10-03,VUS
2861701,2023-05-02,LB,2023-05-02,LB
2861703,2023-05-02,LB,2023-05-02,LB
2862365,2023-05-05,LB,2023-05-05,LB
2862511,2024-04-27,LB,2024-04-27,LB
2862677,2023-05-08,LB,2023-05-08,LB
2862778,2023-05-09,LB,2023-05-09,LB
2862976,2023-05-11,LP,2023-05-11,LP
2863069,2023-05-12,LB,2023-05-12,LB
2863080,2023-05-11,LP,2023-05-11,LP
2863201,2023-08-19,P,2023-08-19,P
2863271,2025-10-13,LB,2025-10-13,LB
2863389,2026-01-11,LB,2026-01-11,LB
2863415,2023-06-28,LB,2023-06-28,LB
2863448,2023-07-31,VUS,2023-07-31,VUS
2863505,2023-06-04,LB,2023-06-04,LB
2863584,2023-05-12,LB,2023-05-12,LB
2863899,2023-05-13,LP,2023-05-13,LP
2863902,2023-05-13,LB,2023-05-13,LB
2864016,2023-05-13,LP,2023-05-13,LP
2864138,2024-02-07,VUS,2025-04-11,VUS
2864218,2023-05-14,LB,2023-05-14,LB
2864332,2023-05-15,LB,2023-05-15,LB
2864371,2023-05-18,LB,2023-05-18,LB
2865087,2023-05-16,LB,2023-05-16,LB
2865211,2023-05-24,P,2023-05-24,P
2865367,2023-05-30,LB,2023-05-30,LB
2865631,2023-05-19,LB,2023-05-19,LB
2866081,2023-06-02,LB,2023-06-02,LB
2866166,2023-07-17,LB,2023-07-17,LB
2866335,2023-05-20,VUS,2023-05-20,VUS
2866341,2025-01-15,VUS,2025-01-15,VUS
2866435,2025-02-25,LP,2025-02-25,LP
2866897,2023-05-22,LB,2023-05-22,LB
2866990,2023-05-22,B,2023-05-22,B
2867092,2023-11-14,LB,2023-11-14,LB
2867289,2023-10-03,LB,2023-10-03,LB
2867536,2024-11-27,LB,2024-11-27,LB
2867717,2023-04-15,LB,2023-04-15,LB
2868102,2024-03-13,P,2024-03-13,P
2868162,2023-06-23,LB,2023-06-23,LB
2868233,2024-02-05,LB,2024-02-05,LB
2868849,2025-11-18,LB,2025-11-18,LB
2869042,2023-12-14,LB,2023-12-14,LB
2869084,2023-12-01,LB,2023-12-01,LB
2869178,2025-09-30,LB,2025-09-30,LB
2869256,2025-05-29,VUS,2025-05-29,VUS
2869267,2023-07-30,LB,2023-07-30,LB
2869298,2023-10-28,LB,2023-10-28,LB
2869395,2023-12-30,LB,2023-12-30,LB
2869700,2025-10-21,LB,2025-10-21,LB
2869864,2023-07-08,LB,2023-07-08,LB
2870075,2023-07-23,LB,2023-07-23,LB
2870152,2023-11-10,LB,2023-11-10,LB
2870170,2023-10-23,LB,2023-10-23,LB
2870245,2023-08-29,LB,2023-08-29,LB
2870258,2023-05-22,LB,2023-05-22,LB
2870328,2025-06-12,LB,2025-06-12,LB
2870363,2022-12-23,LB,2023-07-13,LB
2870440,2023-12-03,VUS,2023-12-03,VUS
2870462,2023-12-05,LB,2023-12-05,LB
2870580,2023-06-14,LB,2023-06-14,LB
2870701,2024-07-17,LB,2024-07-17,LB
2870727,2023-06-29,LB,2023-06-29,LB
2871222,2025-12-07,LB,2025-12-07,LB
2871275,2023-10-06,LB,2023-10-06,LB
2871351,2023-08-06,LB,2023-08-06,LB
2871490,2023-06-23,LB,2023-06-23,LB
2871665,2022-11-10,VUS,2022-11-10,VUS
2871687,2025-08-04,LB,2025-08-04,LB
2871781,2024-02-11,LB,2024-02-11,LB
2871994,2023-10-09,LB,2023-10-09,LB
2872088,2026-01-21,LB,2026-01-21,LB
2872267,2025-12-24,LB,2025-12-24,LB
2872357,2023-10-13,LB,2023-10-13,LB
2872638,2024-11-13,LB,2024-11-13,LB
2872821,2023-09-23,LP,2023-09-23,LP
2872893,2023-11-17,LB,2023-11-17,LB
2873261,2023-11-15,LB,2023-11-15,LB
2873689,2023-11-09,LB,2023-11-09,LB
2873738,2023-08-01,LB,2023-08-01,LB
2873875,2023-06-05,LB,2023-06-05,LB
2874010,2025-06-12,LB,2025-06-12,LB
2874522,2023-12-10,LB,2023-12-10,LB
2874528,2022-11-18,LB,2022-11-18,LB
2874586,2024-03-05,LB,2024-03-05,LB
2874862,2023-01-17,LB,2023-01-17,LB
2874918,2023-12-28,LB,2023-12-28,LB
2875139,2023-12-03,LB,2023-12-03,LB
2875143,2023-11-14,LB,2023-11-14,LB
2875563,2023-12-02,B,2023-12-02,B
2875630,2023-01-16,P,2023-01-16,P
2875656,2023-10-09,LB,2023-10-09,LB
2875682,2023-06-17,LB,2023-06-17,LB
2875843,2023-10-26,LB,2023-10-26,LB
2876117,2023-04-10,VUS,2023-04-10,VUS
2876246,2024-01-11,LB,2024-01-11,LB
2876633,2023-01-22,LP,2023-01-22,LP
2876646,2023-11-02,LB,2023-11-02,LB
2876707,2023-07-07,LB,2023-07-07,LB
2876746,2025-11-05,LB,2025-11-05,LB
2876747,2025-11-05,LB,2025-11-05,LB
2876748,2025-11-05,LB,2025-11-05,LB
2876982,2023-02-05,LB,2023-02-05,LB
2877133,2023-01-20,VUS,2023-01-20,VUS
2877267,2023-02-08,LB,2023-02-08,LB
2877327,2023-10-06,LB,2023-10-06,LB
2877422,2023-08-22,LB,2023-08-22,LB
2877677,2025-03-18,LB,2025-03-18,LB
2877803,2023-10-04,VUS,2023-10-04,VUS
2878076,2021-12-12,VUS,2021-12-12,VUS
2878158,2024-02-01,LB,2024-02-01,LB
2878263,2023-02-13,LB,2023-02-13,LB
2878782,2023-03-22,LB,2023-03-22,LB
2879004,2023-03-14,LB,2023-03-14,LB
2879035,2024-11-11,LB,2024-11-11,LB
2879100,2023-05-27,LB,2023-05-27,LB
2879297,2025-03-07,LB,2025-03-07,LB
2879301,2023-03-12,LB,2023-03-12,LB
2879512,2023-09-06,LB,2023-09-06,LB
2879516,2024-09-30,LB,2024-09-30,LB
2879734,2024-07-24,LB,2024-07-24,LB
2879735,2024-07-24,LB,2024-07-24,LB
2879994,2023-12-10,LB,2023-12-10,LB
2880108,2023-03-03,LB,2023-03-03,LB
2880129,2023-11-07,VUS,2023-11-07,VUS
2880148,2023-11-07,LB,2023-11-07,LB
2880628,2023-09-14,B,2023-09-14,B
2880646,2024-02-25,LB,2024-02-25,LB
2880922,2023-04-11,LB,2023-04-11,LB
2881091,2022-12-10,LB,2022-12-10,LB
2881146,2023-10-22,LB,2023-10-22,LB
2881187,2023-01-13,LB,2023-01-13,LB
2881305,2025-08-15,P,2025-08-15,P
2881368,2023-10-03,LB,2023-10-03,LB
2881631,2024-01-09,LB,2024-01-09,LB
2881802,2023-09-01,LB,2023-09-01,LB
2881855,2025-04-22,LB,2025-04-22,LB
2881958,2023-12-04,LB,2023-12-04,LB
2882051,2023-12-01,LB,2023-12-01,LB
2882117,2025-11-19,LB,2025-11-19,LB
2882427,2024-03-19,LB,2024-03-19,LB
2882864,2023-02-24,LB,2023-02-24,LB
2883412,2023-06-15,LB,2023-06-15,LB
2883420,2023-11-07,LB,2023-11-07,LB
2883473,2025-12-13,LB,2025-12-13,LB
2883703,2025-12-15,LB,2025-12-15,LB
2884058,2023-03-14,P,2023-03-14,P
2884076,2022-10-07,VUS,2024-02-28,VUS
2884282,2023-04-06,LB,2023-04-06,LB
2884457,2022-08-09,VUS,2024-05-02,VUS
2884775,2023-05-24,LB,2023-05-24,LB
2884882,2025-07-21,LB,2025-07-21,LB
2885122,2024-01-04,LB,2024-01-04,LB
2885123,2024-01-04,VUS,2024-01-04,VUS
2885239,2022-05-27,VUS,2024-09-08,VUS
2885631,2025-07-30,LB,2025-07-30,LB
2885789,2025-11-25,LB,2025-11-25,LB
2885846,2023-05-23,LB,2025-09-05,LB
2885858,2025-08-27,LB,2025-08-27,LB
2886097,2025-02-04,LB,2025-02-04,LB
2886170,2025-02-11,LB,2026-01-06,LB
2886195,2023-01-24,LB,2023-01-24,LB
2886330,2026-01-26,LB,2026-01-26,LB
2886469,2025-12-08,B,2025-12-08,B
2886534,2023-10-10,LB,2023-10-10,LB
2886745,2023-06-05,LB,2023-06-05,LB
2886816,2023-06-22,LB,2023-06-22,LB
2886950,2024-02-07,LB,2024-02-07,LB
2887050,2024-08-21,LB,2024-08-21,LB
2887140,2022-12-29,LB,2022-12-29,LB
2887153,2025-12-23,LB,2025-12-23,LB
2887186,2023-03-14,LB,2023-03-14,LB
2887215,2025-10-25,LB,2025-10-25,LB
2887246,2023-07-03,LB,2023-07-03,LB
2887263,2023-05-20,VUS,2023-05-20,VUS
2887456,2025-06-12,LB,2025-06-12,LB
2887510,2023-08-20,LB,2023-08-20,LB
2887880,2023-02-26,VUS,2023-02-26,VUS
2888048,2023-09-15,LB,2023-09-15,LB
2888241,2025-04-07,LB,2025-04-07,LB
2888285,2024-05-01,LB,2026-01-09,LB
2888522,2023-07-29,LB,2023-07-29,LB
2888569,2023-05-01,LB,2023-05-01,LB
2888809,2023-08-16,LB,2023-08-16,LB
2888816,2023-11-24,LB,2023-11-24,LB
2888983,2026-01-17,LB,2026-01-17,LB
2889266,2024-02-07,LB,2024-02-07,LB
2889382,2024-02-25,LB,2024-02-25,LB
2890008,2023-08-31,LB,2023-08-31,LB
2890166,2025-09-23,LB,2025-09-23,LB
2890278,2024-02-01,LB,2024-02-01,LB
2890322,2025-10-28,LB,2025-11-18,LB
2890475,2022-12-25,LB,2022-12-25,LB
2890714,2025-11-08,LB,2025-11-08,LB
2890729,2023-12-12,LB,2023-12-12,LB
2890771,2023-08-06,LB,2023-08-06,LB
2890931,2023-02-25,LB,2023-02-25,LB
2890944,2023-11-21,LB,2023-11-21,LB
2891098,2024-01-08,VUS,2024-01-08,VUS
2891149,2024-02-16,LB,2024-02-16,LB
2891376,2026-01-18,LB,2026-01-18,LB
2891442,2026-01-19,LB,2026-01-19,LB
2891448,2023-09-28,LB,2023-09-28,LB
2891547,2024-12-14,LB,2024-12-14,LB
2891680,2022-11-28,B,2022-11-28,B
2891724,2023-10-14,LB,2023-10-14,LB
2891743,2019-08-09,LB,2024-01-25,LB
2891769,2023-10-13,LB,2023-10-13,LB
2891821,2025-07-13,LB,2025-07-13,LB
2891878,2024-02-08,LB,2024-02-08,LB
2891951,2024-11-23,VUS,2024-11-23,VUS
2892035,2025-12-08,LB,2025-12-08,LB
2892228,2023-06-20,LB,2023-06-20,LB
2892269,2023-05-07,LB,2023-05-07,LB
2892542,2024-02-24,LB,2024-02-24,LB
2892677,2023-02-17,LB,2023-02-17,LB
2892876,2025-09-19,LB,2025-09-19,LB
2892968,2022-12-25,VUS,2024-07-05,VUS
2893494,2025-12-01,VUS,2025-12-01,VUS
2893538,2023-08-04,LB,2023-08-04,LB
2893539,2023-12-13,LB,2023-12-13,LB
2893700,2023-05-15,LB,2023-05-15,LB
2893867,2023-12-02,LB,2023-12-02,LB
2893928,2023-11-18,LB,2023-11-18,LB
2893949,2023-12-03,LB,2023-12-03,LB
2893959,2025-10-22,LB,2025-10-22,LB
2894014,2025-12-09,LB,2025-12-09,LB
2894192,2024-03-03,LB,2024-03-03,LB
2894384,2024-01-02,LB,2024-01-02,LB
2894702,2025-04-11,LB,2025-04-11,LB
2895051,2023-11-14,LB,2023-11-14,LB
2895388,2023-04-09,VUS,2023-04-09,VUS
2895444,2023-10-24,LB,2023-10-24,LB
2895585,2023-03-15,LB,2023-03-15,LB
2895697,2023-05-09,LB,2023-05-09,LB
2895798,2023-08-16,LB,2023-08-16,LB
2895813,2025-08-12,LB,2025-08-12,LB
2896152,2022-10-27,LB,2022-10-27,LB
2896487,2026-01-20,LB,2026-01-20,LB
2896647,2024-12-13,VUS,2024-12-13,VUS
2896946,2023-12-15,VUS,2023-12-20,VUS
2897243,2023-11-25,VUS,2023-11-25,VUS
2897873,2023-12-21,LB,2023-12-21,LB
2898136,2024-11-13,LB,2024-11-13,LB
2898446,2025-12-30,LB,2025-12-30,LB
2898528,2025-12-22,LB,2025-12-22,LB
2898540,2023-07-29,LP,2023-07-29,LP
2898546,2022-11-20,VUS,2024-12-02,VUS
2898592,2023-05-26,P,2023-05-26,P
2898640,2025-01-11,LB,2025-01-11,LB
2898883,2025-06-03,LB,2025-06-03,LB
2898942,2023-08-25,LB,2023-08-25,LB
2899002,2023-12-22,VUS,2025-12-08,VUS
2899094,2025-12-28,P,2025-12-28,P
2899098,2023-03-13,LB,2023-03-13,LB
2899560,2024-06-24,LB,2024-06-24,LB
2899669,2024-02-08,LB,2024-02-08,LB
2899720,2025-04-14,LB,2025-04-14,LB
2899870,2024-02-05,LB,2024-02-05,LB
2899940,2023-07-17,LB,2023-07-17,LB
2899964,2023-06-23,VUS,2023-06-23,VUS
2900053,2024-02-01,B,2024-02-01,B
2900158,2024-03-01,LB,2024-03-01,LB
2900189,2024-01-21,LB,2024-01-21,LB
2900352,2023-09-03,LB,2023-09-03,LB
2900940,2023-07-16,LB,2023-07-16,LB
2900978,2025-06-12,LB,2025-06-12,LB
2901261,2023-11-18,LB,2023-11-18,LB
2901275,2024-05-21,VUS,2024-05-21,VUS
2901644,2023-12-29,LB,2023-12-29,LB
2902205,2023-10-15,LB,2023-10-15,LB
2902651,2023-04-28,LB,2023-04-28,LB
2902787,2023-11-08,LB,2023-11-08,LB
2902788,2024-01-15,VUS,2024-12-25,VUS
2903011,2025-09-04,LB,2025-09-04,LB
2903056,2023-06-22,VUS,2023-06-22,VUS
2903274,2023-10-22,LB,2023-10-22,LB
2903377,2026-01-26,LB,2026-01-26,LB
2903552,2023-09-24,LB,2023-09-24,LB
2903564,2024-02-25,P,2024-02-25,P
2903668,2023-11-17,LB,2023-11-17,LB
2904068,2024-01-15,LB,2024-01-15,LB
2904159,2024-01-04,LB,2024-01-04,LB
2904332,2023-09-27,LB,2023-09-27,LB
2904562,2025-05-15,LB,2025-05-15,LB
2904657,2023-09-08,LB,2023-09-08,LB
2904727,2023-05-31,LB,2023-05-31,LB
2904920,2019-03-07,LB,2023-03-26,LB
2905035,2024-01-13,LB,2024-01-13,LB
2905068,2023-12-04,LB,2023-12-04,LB
2905377,2023-09-22,LB,2023-09-22,LB
2905460,2022-12-30,LB,2022-12-30,LB
2905504,2023-12-09,LB,2023-12-09,LB
2905511,2023-09-19,LB,2023-09-19,LB
2905546,2024-08-20,LB,2025-09-28,LB
2905685,2023-10-08,LB,2023-10-08,LB
2905897,2023-07-30,VUS,2023-08-31,VUS
2906081,2023-04-12,LB,2023-04-12,LB
2906364,2025-12-24,LB,2025-12-24,LB
2906402,2023-02-18,LB,2023-02-18,LB
2906410,2023-12-12,LB,2023-12-12,LB
2906539,2023-04-06,LB,2023-04-06,LB
2906564,2023-05-31,LB,2023-05-31,LB
2906573,2026-01-28,B,2026-01-28,B
2906734,2025-08-20,LB,2025-08-20,LB
2906936,2023-05-31,LB,2023-05-31,LB
2907181,2025-01-13,LB,2025-01-13,LB
2907520,2025-11-12,VUS,2025-11-12,VUS
2907820,2025-02-02,LB,2025-02-02,LB
2907843,2025-12-20,LB,2025-12-20,LB
2907914,2024-02-22,LB,2024-02-22,LB
2908068,2024-03-09,LB,2025-11-02,LB
2908074,2024-02-07,LB,2024-02-07,LB
2908372,2024-10-17,LB,2024-10-17,LB
2908524,2023-07-24,LB,2023-07-24,LB
2908549,2025-01-07,LB,2025-01-07,LB
2908826,2023-06-05,LB,2023-06-05,LB
2908875,2023-05-01,LB,2023-05-01,LB
2908892,2023-10-25,VUS,2023-10-25,VUS
2908901,2023-03-14,LB,2023-03-14,LB
2909054,2023-06-25,LB,2023-06-25,LB
2909137,2023-03-09,B,2023-03-09,B
2909253,2025-09-04,LB,2025-09-04,LB
2909281,2023-12-06,VUS,2023-12-06,VUS
2909285,2024-03-14,LB,2024-03-14,LB
2909311,2024-01-19,VUS,2024-01-19,VUS
2909500,2023-08-23,LB,2023-08-23,LB
2909540,2023-04-11,LB,2023-04-11,LB
2909671,2023-11-17,VUS,2023-11-17,VUS
2909703,2025-06-12,LB,2025-06-12,LB
2909764,2023-01-08,LB,2023-01-08,LB
2909810,2025-08-17,LB,2025-08-17,LB
2909854,2023-02-23,LB,2023-02-23,LB
2909959,2023-04-13,LB,2023-04-13,LB
2910097,2024-01-16,VUS,2024-01-16,VUS
2910098,2025-03-18,LP,2025-03-18,LP
2910376,2023-05-02,P,2023-05-02,P
2910432,2024-03-01,VUS,2024-03-01,VUS
2910758,2023-06-09,P,2023-06-09,P
2910791,2021-08-25,LB,2024-10-17,LB
2910841,2025-12-23,LB,2025-12-23,LB
2910849,2023-10-18,LB,2023-10-18,LB
2911283,2023-09-11,LB,2023-09-11,LB
2911324,2023-02-04,LB,2023-02-04,LB
2911376,2023-11-12,LB,2023-11-12,LB
2911407,2025-08-20,LB,2025-08-20,LB
2911539,2025-04-11,LB,2025-04-11,LB
2911690,2024-08-28,LB,2024-08-28,LB
2911695,2023-09-03,LB,2023-09-03,LB
2911872,2023-11-10,LB,2023-11-10,LB
2912007,2024-02-19,LB,2024-02-19,LB
2912071,2023-02-28,LB,2023-02-28,LB
2912159,2023-01-28,VUS,2024-05-08,VUS
2912417,2023-01-20,LB,2023-01-20,LB
2912611,2026-01-26,LB,2026-01-26,LB
2912808,2023-05-11,LB,2023-05-11,LB
2912852,2023-11-09,LB,2023-11-09,LB
2912919,2023-05-24,P,2023-05-24,P
2913029,2025-03-19,LB,2025-03-19,LB
2913182,2026-01-17,LB,2026-01-17,LB
2913246,2023-05-13,LB,2023-05-13,LB
2913389,2024-10-28,LB,2024-10-28,LB
2913653,2023-09-21,LP,2023-09-21,LP
2913697,2023-06-03,LB,2023-06-03,LB
2913784,2025-03-18,VUS,2025-03-18,VUS
2913918,2025-12-29,LB,2025-12-29,LB
2913981,2024-12-23,LB,2024-12-23,LB
2914120,2024-01-16,LB,2024-01-16,LB
2914207,2024-06-03,VUS,2024-06-03,VUS
2914390,2026-01-15,LB,2026-01-15,LB
2914413,2024-12-02,LB,2024-12-02,LB
2914769,2025-10-15,LB,2025-10-15,LB
2915004,2024-10-17,LB,2024-10-17,LB
2915085,2025-06-12,LB,2025-06-12,LB
2915171,2023-09-19,LB,2023-09-19,LB
2915226,2022-10-26,LB,2022-10-26,LB
2915329,2023-10-15,LB,2023-10-15,LB
2915814,2023-06-14,VUS,2023-06-14,VUS
2915840,2024-05-09,LB,2024-05-09,LB
2916041,2025-09-24,LB,2025-09-24,LB
2916497,2026-01-17,LB,2026-01-17,LB
2916674,2024-02-19,LB,2024-02-19,LB
2916735,2023-08-07,P,2023-08-07,P
2916921,2025-09-20,LB,2025-09-20,LB
2916944,2026-01-01,LB,2026-01-01,LB
2917029,2023-10-27,LB,2023-10-27,LB
2917053,2023-05-20,VUS,2023-05-20,VUS
2917102,2024-02-19,LB,2024-02-19,LB
2917149,2022-12-10,LB,2022-12-10,LB
2917389,2024-11-27,LB,2024-11-27,LB
2917440,2024-02-02,LB,2024-02-02,LB
2917575,2023-01-16,LB,2023-01-16,LB
2917742,2024-04-02,LB,2024-04-02,LB
2918137,2023-11-05,LP,2023-11-05,LP
2918237,2023-10-20,P,2023-10-20,P
2918474,2025-08-01,LB,2025-08-01,LB
2918847,2024-02-19,LB,2024-02-19,LB
2918855,2023-10-17,LB,2023-10-17,LB
2919085,2025-01-20,LB,2025-01-20,LB
2919480,2023-10-15,LB,2023-10-15,LB
2919761,2023-04-28,LB,2023-04-28,LB
2920158,2025-09-21,LB,2026-03-05,LB
2920174,2023-01-13,VUS,2023-01-13,VUS
2920210,2024-08-12,LB,2024-08-12,LB
2920405,2023-03-15,LB,2023-03-15,LB
2920542,2025-08-12,LB,2025-08-12,LB
2920560,2024-01-22,LB,2024-01-22,LB
2920828,2022-12-01,P,2022-12-01,P
2920854,2023-01-30,VUS,2024-05-17,VUS
2920978,2023-03-17,LB,2023-03-17,LB
2921023,2023-08-25,P,2023-08-25,P
2921030,2023-08-30,VUS,2023-08-31,VUS
2921067,2023-09-27,P,2023-09-27,P
2921156,2023-11-09,VUS,2024-06-26,VUS
2921193,2023-11-21,VUS,2023-11-21,VUS
2921207,2023-08-18,P,2023-08-18,P
2921255,2023-11-29,VUS,2023-11-29,VUS
2921483,2023-06-27,VUS,2023-06-27,VUS
2921687,2023-12-29,VUS,2023-12-29,VUS
2921770,2025-10-02,P,2025-10-02,P
2921795,2023-12-30,LB,2023-12-30,LB
2922036,2024-01-11,P,2024-01-11,P
2922202,2024-01-14,VUS,2024-01-14,VUS
2922297,2024-01-19,VUS,2024-01-19,VUS
2922413,2024-01-24,VUS,2024-01-24,VUS
2922486,2022-12-17,LB,2026-03-03,LB
2922505,2024-02-01,LB,2024-02-01,LB
2922631,2024-01-27,LP,2024-01-27,LP
2922700,2024-09-01,VUS,2024-09-01,VUS
2922762,2024-01-31,LB,2024-01-31,LB
2922797,2023-01-10,VUS,2023-10-19,VUS
2922836,2023-07-22,LB,2023-07-22,LB
2922891,2024-01-22,LB,2024-01-22,LB
2923048,2023-04-15,VUS,2023-04-15,VUS
2923210,2023-08-16,LB,2023-08-16,LB
2923291,2023-03-31,VUS,2023-03-31,VUS
2923540,2023-10-14,VUS,2023-10-14,VUS
2923553,2023-04-09,VUS,2023-04-09,VUS
2923665,2023-04-07,LB,2024-04-15,LB
2923881,2023-01-10,P,2023-01-10,P
2924319,2023-09-29,LB,2023-09-29,LB
2924341,2023-04-05,VUS,2023-04-05,VUS
2924491,2023-08-10,LB,2023-08-10,LB
2924589,2023-06-09,LB,2023-06-09,LB
2924590,2026-01-11,LB,2026-01-11,LB
2924994,2023-06-04,LB,2023-06-04,LB
2925151,2025-09-09,LB,2025-09-09,LB
2925355,2023-12-03,VUS,2023-12-03,VUS
2925356,2025-11-04,VUS,2025-11-04,VUS
2925357,2023-02-18,VUS,2025-12-18,VUS
2925358,2024-09-24,LP,2025-09-02,LP
2925359,2023-07-25,VUS,2023-07-25,VUS
2925360,2023-06-24,P,2023-06-24,P
2925363,2023-09-03,P,2023-09-03,P
2925365,2022-12-06,VUS,2022-12-06,VUS
2925366,2025-08-14,VUS,2025-08-14,VUS
2925367,2025-08-02,VUS,2025-08-02,VUS
2925368,2023-01-13,VUS,2023-01-13,VUS
2925369,2023-02-23,VUS,2023-02-23,VUS
2925370,2023-04-12,VUS,2023-04-12,VUS
2925686,2023-03-13,LP,2023-03-13,LP
2925687,2023-08-04,P,2023-08-04,P
2925688,2023-08-01,VUS,2023-08-01,VUS
2925689,2023-04-18,VUS,2023-04-18,VUS
2925897,2023-05-31,VUS,2023-05-31,VUS
2926183,2023-06-02,LB,2024-04-12,LB
2926215,2023-05-16,VUS,2023-05-16,VUS
2926261,2023-08-31,LB,2023-08-31,LB
2926636,2024-11-13,LB,2024-11-13,LB
2926918,2023-01-09,VUS,2025-09-24,VUS
2927457,2024-06-04,LB,2025-12-15,LB
2927494,2023-11-02,VUS,2024-10-07,VUS
2927964,2023-06-02,VUS,2024-01-14,VUS
2928042,2024-09-29,VUS,2024-09-29,VUS
2928121,2022-11-23,LB,2022-11-23,LB
2928350,2023-03-30,LB,2023-03-30,LB
2928520,2023-10-19,VUS,2023-10-19,VUS
2928796,2023-07-16,LB,2023-07-16,LB
2928891,2023-10-16,VUS,2023-10-16,VUS
2929055,2023-05-22,LB,2023-05-22,LB
2929321,2023-09-14,LB,2023-09-14,LB
2929343,2023-09-15,LB,2023-09-15,LB
2929347,2023-09-08,LB,2023-09-08,LB
2929445,2023-01-20,LB,2024-05-19,LB
2929548,2022-10-18,VUS,2022-10-18,VUS
2929708,2023-09-23,LB,2023-09-23,LB
2929878,2023-07-19,VUS,2023-07-19,VUS
2929917,2024-01-18,LB,2024-01-18,LB
2929920,2023-04-03,VUS,2025-02-21,VUS
2929926,2023-04-16,VUS,2024-04-24,VUS
2929959,2022-12-12,LB,2022-12-12,LB
2930372,2023-10-13,LB,2025-04-04,LB
2930597,2022-11-29,VUS,2022-11-29,VUS
2930782,2023-06-29,LB,2023-06-29,LB
2931062,2023-05-01,VUS,2023-05-01,VUS
2931079,2025-03-14,VUS,2025-03-14,VUS
2931144,2023-08-09,VUS,2024-02-29,VUS
2931215,2023-01-14,VUS,2023-01-14,VUS
2931264,2023-12-27,LB,2023-12-27,LB
2931390,2024-05-20,LB,2024-05-20,LB
2931391,2023-04-07,LB,2023-04-07,LB
2931392,2023-04-19,LB,2023-04-19,LB
2931563,2023-10-03,VUS,2023-10-03,VUS
2932075,2023-09-24,LB,2026-01-05,LB
2932140,2022-12-29,LB,2024-09-02,LB
2932209,2023-05-01,VUS,2023-05-01,VUS
2932271,2024-04-30,VUS,2024-04-30,VUS
2932503,2023-02-23,LB,2023-02-23,LB
2932744,2023-11-09,LB,2023-11-09,LB
2932916,2025-12-01,LB,2025-12-01,LB
2932978,2023-05-22,LB,2023-05-22,LB
2933111,2023-01-07,VUS,2024-10-18,VUS
2933248,2023-07-19,VUS,2023-07-19,VUS
2933366,2023-10-20,VUS,2023-10-20,VUS
2933758,2023-09-01,LB,2024-02-26,LB
2934112,2023-08-09,VUS,2023-08-09,VUS
2934314,2023-12-11,LB,2024-06-16,LB
2934482,2023-09-10,VUS,2023-09-10,VUS
2934589,2023-10-20,LB,2023-10-20,LB
2934622,2023-02-02,LB,2025-03-07,LB
2934907,2022-11-21,LB,2022-11-21,LB
2935185,2023-03-30,LB,2023-05-09,LB
2935197,2023-11-27,VUS,2023-11-27,VUS
2935632,2023-04-19,VUS,2023-04-19,VUS
2935963,2024-01-02,LB,2025-09-06,LB
2936084,2023-04-08,VUS,2023-04-08,VUS
2936286,2023-08-30,VUS,2023-08-30,VUS
2936303,2023-09-26,VUS,2024-03-26,VUS
2936565,2025-10-20,VUS,2025-10-20,VUS
2936883,2025-11-04,B,2025-11-04,B
2936937,2024-01-09,B,2024-01-09,B
2936964,2023-10-23,LB,2023-10-23,LB
2937045,2024-03-16,LB,2024-04-10,LB
2937107,2022-12-31,VUS,2022-12-31,VUS
2937117,2024-10-29,VUS,2024-10-29,VUS
2937244,2023-08-03,VUS,2023-08-03,VUS
2937275,2023-10-19,LB,2023-10-19,LB
2937480,2023-01-14,VUS,2023-01-14,VUS
2937909,2025-06-23,LB,2025-06-23,LB
2937931,2023-05-13,LB,2023-05-13,LB
2938084,2023-06-10,VUS,2024-06-17,VUS
2938085,2023-05-07,VUS,2023-05-07,VUS
2938183,2023-11-05,VUS,2023-11-05,VUS
2938583,2023-09-28,VUS,2023-09-28,VUS
2938649,2024-02-18,LB,2024-02-18,LB
2938698,2023-07-28,VUS,2023-07-28,VUS
2938867,2023-10-23,LB,2025-10-17,LB
2938874,2023-04-26,LB,2023-04-26,LB
2938875,2023-02-08,LB,2023-02-08,LB
2938911,2023-03-04,VUS,2023-03-04,VUS
2939042,2023-11-24,LB,2023-11-24,LB
2939157,2023-09-17,VUS,2023-09-17,VUS
2939390,2022-11-04,VUS,2022-11-04,VUS
2939507,2025-04-11,LB,2025-04-11,LB
2939555,2023-10-19,LB,2023-10-19,LB
2939567,2025-01-13,P,2025-01-13,P
2939849,2023-10-10,LB,2023-10-10,LB
2940334,2023-08-20,VUS,2023-08-20,VUS
2940750,2025-05-13,VUS,2025-05-13,VUS
2940845,2023-10-23,LB,2024-03-19,LB
2940984,2022-11-10,VUS,2022-11-10,VUS
2941022,2024-12-02,VUS,2024-12-02,VUS
2941040,2023-04-07,VUS,2023-04-07,VUS
2941111,2022-10-30,VUS,2022-10-30,VUS
2941124,2022-10-31,VUS,2022-10-31,VUS
2941143,2022-10-31,VUS,2022-10-31,VUS
2941147,2023-08-30,VUS,2023-08-30,VUS
2941182,2022-10-31,LB,2022-10-31,LB
2941347,2022-11-06,VUS,2024-01-23,VUS
2941418,2023-01-05,LB,2023-01-05,LB
2941422,2022-11-08,VUS,2022-11-08,VUS
2941471,2024-04-29,VUS,2024-04-29,VUS
2941478,2022-11-10,VUS,2022-11-10,VUS
2941749,2022-11-23,P,2022-11-23,P
2941775,2022-11-23,VUS,2022-11-23,VUS
2941776,2023-04-06,VUS,2023-04-06,VUS
2941959,2023-01-09,LB,2023-01-09,LB
2942150,2022-12-08,P,2022-12-08,P
2942157,2022-12-08,LB,2025-08-19,LB
2942403,2022-12-16,LB,2022-12-16,LB
2942444,2022-12-19,B,2022-12-19,B
2942478,2024-04-15,VUS,2024-04-15,VUS
2942651,2022-12-23,VUS,2022-12-23,VUS
2942862,2022-12-31,VUS,2022-12-31,VUS
2942978,2023-01-06,VUS,2023-01-06,VUS
2942988,2023-01-07,LB,2024-02-26,LB
2943165,2023-01-13,VUS,2023-01-13,VUS
2943205,2023-01-14,VUS,2023-01-14,VUS
2943236,2023-04-07,VUS,2023-04-07,VUS
2943278,2023-01-16,LB,2023-01-16,LB
2943288,2023-06-23,LB,2023-06-23,LB
2943313,2023-01-17,P,2023-01-17,P
2943470,2023-01-20,LB,2023-01-20,LB
2943581,2023-01-24,VUS,2023-01-24,VUS
2943842,2023-02-01,P,2023-02-01,P
2944118,2023-02-10,VUS,2023-02-10,VUS
2944134,2023-02-10,VUS,2023-02-10,VUS
2944188,2023-06-17,VUS,2023-09-13,VUS
2944255,2023-02-14,VUS,2023-02-14,VUS
2944421,2023-02-16,VUS,2023-02-16,VUS
2944603,2023-07-19,LB,2023-07-19,LB
2944646,2023-02-23,VUS,2023-02-23,VUS
2944757,2024-05-28,VUS,2024-05-28,VUS
2944853,2023-03-01,LB,2025-03-24,LB
2944950,2023-03-04,VUS,2023-12-12,VUS
2945026,2024-11-18,LB,2024-11-18,LB
2945187,2023-07-07,LP,2023-07-07,LP
2945200,2023-03-10,LB,2023-03-10,LB
2945245,2023-03-13,P,2023-03-13,P
2945254,2023-03-28,VUS,2023-03-28,VUS
2945326,2023-03-15,LP,2023-03-15,LP
2945633,2023-05-10,LB,2023-05-10,LB
2945784,2023-03-26,VUS,2023-03-26,VUS
2945946,2022-11-19,LB,2022-11-19,LB
2945947,2023-09-05,LB,2023-09-20,LB
2946013,2023-03-31,LB,2023-03-31,LB
2946062,2025-10-15,P,2025-10-15,P
2946116,2023-04-04,P,2023-04-04,P
2946117,2023-04-04,VUS,2023-04-04,VUS
2946238,2023-01-20,LB,2024-06-14,LB
2946547,2023-08-03,VUS,2023-08-03,VUS
2946569,2023-04-17,LB,2023-04-17,LB
2946623,2023-04-12,VUS,2023-04-12,VUS
2946731,2025-02-17,LB,2025-02-17,LB
2946807,2023-04-16,LB,2023-04-16,LB
2946808,2023-04-24,LB,2024-11-17,LB
2947144,2023-04-26,LB,2023-04-26,LB
2947197,2023-04-27,LB,2023-04-27,LB
2947232,2023-08-31,P,2023-08-31,P
2947390,2023-05-02,VUS,2023-05-02,VUS
2947539,2023-05-07,VUS,2023-05-07,VUS
2947645,2023-05-11,VUS,2023-05-11,VUS
2947770,2025-06-09,LB,2025-06-09,LB
2947883,2023-07-20,VUS,2023-07-20,VUS
2948027,2023-05-21,LB,2023-05-21,LB
2948107,2023-05-22,P,2023-05-22,P
2948151,2023-05-23,P,2023-05-23,P
2948228,2023-05-21,VUS,2023-05-21,VUS
2948335,2023-05-29,LB,2023-05-29,LB
2948402,2023-05-31,VUS,2023-05-31,VUS
2948405,2023-05-31,VUS,2023-05-31,VUS
2948449,2023-06-02,LB,2023-06-02,LB
2948537,2023-06-04,LB,2023-06-04,LB
2948557,2023-06-04,P,2023-06-04,P
2948610,2024-02-19,LB,2024-02-19,LB
2948629,2023-08-23,LB,2023-08-23,LB
2948680,2023-06-09,VUS,2023-06-09,VUS
2948762,2023-06-11,VUS,2023-06-11,VUS
2948769,2023-07-26,VUS,2023-07-26,VUS
2948793,2025-02-26,LB,2025-02-26,LB
2948844,2023-03-26,VUS,2023-05-07,VUS
2948871,2023-06-15,VUS,2023-06-15,VUS
2948882,2023-10-14,VUS,2023-10-14,VUS
2949036,2023-06-20,VUS,2023-06-20,VUS
2949152,2023-06-22,VUS,2023-06-22,VUS
2949245,2023-06-24,LB,2023-06-24,LB
2949330,2023-06-27,VUS,2023-06-27,VUS
2949427,2023-06-28,VUS,2023-06-28,VUS
2949592,2023-07-07,VUS,2023-10-27,VUS
2949643,2025-09-23,VUS,2025-09-23,VUS
2949645,2023-07-07,LB,2023-10-15,LB
2949706,2023-07-11,LB,2023-07-11,LB
2949737,2023-07-10,LB,2026-03-14,LB
2949828,2023-07-13,LB,2023-07-13,LB
2949969,2023-07-19,LB,2023-07-19,LB
2949975,2023-07-17,LB,2023-07-17,LB
2950016,2025-02-10,VUS,2025-02-10,VUS
2950144,2023-07-20,VUS,2023-07-20,VUS
2950149,2023-07-21,VUS,2023-08-29,VUS
2950386,2023-09-01,VUS,2023-09-01,VUS
2950525,2023-07-31,VUS,2023-07-31,VUS
2950614,2023-08-02,VUS,2023-08-02,VUS
2950670,2023-11-11,VUS,2023-11-11,VUS
2950671,2023-11-08,VUS,2024-02-15,VUS
2950841,2024-01-08,VUS,2025-11-05,VUS
2950924,2023-08-11,LB,2023-08-11,LB
2951255,2023-08-24,VUS,2023-08-24,VUS
2951287,2023-10-09,LB,2025-08-08,LB
2951288,2023-10-16,LB,2023-10-16,LB
2951375,2023-11-20,VUS,2023-11-20,VUS
2951424,2023-08-30,VUS,2023-08-30,VUS
2951522,2024-12-02,VUS,2024-12-02,VUS
2951593,2024-06-10,VUS,2024-06-10,VUS
2951598,2023-09-04,LB,2023-09-04,LB
2951821,2023-09-10,VUS,2023-09-10,VUS
2951839,2024-08-19,VUS,2024-08-19,VUS
2951901,2023-09-13,VUS,2023-09-13,VUS
2951962,2023-09-15,VUS,2023-09-15,VUS
2952004,2023-09-17,LB,2023-09-17,LB
2952084,2023-09-20,VUS,2023-09-20,VUS
2952125,2023-09-21,LB,2023-09-21,LB
2952205,2023-09-23,VUS,2023-09-23,VUS
2952220,2023-09-23,LB,2023-09-23,LB
2952244,2023-09-25,LB,2023-09-25,LB
2952269,2023-09-26,LB,2023-09-26,LB
2952270,2023-09-26,P,2023-09-26,P
2952274,2023-09-26,VUS,2025-01-27,VUS
2952287,2023-08-17,VUS,2023-08-17,VUS
2952296,2023-09-26,VUS,2023-09-26,VUS
2952335,2023-03-08,VUS,2023-03-08,VUS
2952491,2023-10-27,P,2023-10-27,P
2952539,2023-10-05,VUS,2023-10-05,VUS
2952670,2023-10-08,LB,2023-10-08,LB
2952745,2023-12-19,LB,2023-12-19,LB
2953086,2023-11-07,VUS,2023-11-07,VUS
2953087,2023-10-27,LB,2023-10-27,LB
2953145,2023-08-07,VUS,2023-08-07,VUS
2953202,2023-10-22,VUS,2023-10-22,VUS
2953299,2023-10-26,VUS,2023-10-26,VUS
2953300,2025-11-30,VUS,2025-11-30,VUS
2953330,2023-10-28,VUS,2023-10-28,VUS
2953449,2023-11-01,LB,2023-11-01,LB
2953497,2023-11-02,VUS,2023-11-02,VUS
2953623,2023-11-14,VUS,2023-11-14,VUS
2953709,2023-11-09,VUS,2023-11-09,VUS
2953809,2023-01-15,VUS,2023-01-15,VUS
2953824,2022-11-19,LB,2022-11-19,LB
2953825,2023-06-30,VUS,2023-11-14,VUS
2954156,2023-11-24,LB,2023-11-24,LB
2954205,2023-07-06,VUS,2023-10-08,VUS
2954273,2023-12-05,VUS,2025-05-06,VUS
2954333,2023-12-01,VUS,2023-12-01,VUS
2954356,2023-12-01,VUS,2023-12-01,VUS
2954411,2023-12-08,P,2023-12-08,P
2954822,2023-10-14,LB,2023-10-14,LB
2954850,2023-10-15,LB,2023-10-15,LB
2955032,2025-06-12,LB,2025-06-12,LB
2955095,2023-01-13,LB,2023-01-13,LB
2955247,2022-04-05,VUS,2022-04-05,VUS
2955286,2023-06-07,B,2023-06-07,B
2955321,2024-03-14,LB,2024-03-14,LB
2955473,2023-11-22,LB,2023-11-22,LB
2955509,2024-01-11,LB,2024-01-11,LB
2955606,2023-11-21,LB,2023-11-21,LB
2955663,2024-08-13,LB,2024-08-13,LB
2955704,2026-01-16,LB,2026-01-16,LB
2955810,2023-12-06,LB,2023-12-06,LB
2955813,2023-07-31,LB,2023-07-31,LB
2956021,2025-06-12,LB,2025-06-12,LB
2956057,2024-02-18,LB,2024-02-18,LB
2956455,2026-01-11,LB,2026-01-11,LB
2956502,2024-03-16,LB,2024-03-16,LB
2956520,2023-11-21,LB,2023-11-21,LB
2956578,2023-11-25,LB,2023-11-25,LB
2956601,2023-03-14,LP,2023-03-14,LP
2956698,2023-11-06,LB,2023-11-06,LB
2957096,2025-06-03,LB,2025-06-03,LB
2957277,2026-01-20,LB,2026-01-20,LB
2957283,2025-07-23,LB,2025-07-23,LB
2957409,2025-09-15,LB,2025-09-15,LB
2957425,2023-12-21,LB,2023-12-21,LB
2957505,2024-02-08,LB,2024-02-08,LB
2957702,2025-09-02,LB,2025-09-02,LB
2957849,2023-07-24,VUS,2024-09-06,VUS
2957948,2025-04-23,LB,2025-04-23,LB
2958054,2023-11-17,LB,2023-11-17,LB
2958099,2025-09-29,LB,2025-09-29,LB
2958125,2025-05-26,LB,2025-05-26,LB
2958151,2022-11-01,LB,2022-11-01,LB
2958195,2023-12-18,VUS,2024-06-17,VUS
2958354,2022-12-19,LB,2022-12-19,LB
2958413,2022-10-20,VUS,2022-10-20,VUS
2958428,2024-06-03,LB,2024-06-03,LB
2958565,2022-10-27,VUS,2024-03-01,VUS
2958637,2025-05-12,LB,2025-05-12,LB
2958844,2023-10-06,LB,2023-10-06,LB
2958878,2026-01-13,LB,2026-01-13,LB
2958947,2022-12-20,LB,2022-12-20,LB
2959192,2026-02-04,LB,2026-02-04,LB
2959271,2025-11-05,LB,2025-11-05,LB
2959389,2023-11-21,LB,2023-11-21,LB
2959489,2023-05-05,VUS,2023-05-05,VUS
2959735,2019-07-30,LB,2026-04-13,LB
2959882,2023-08-23,LB,2023-08-23,LB
2959922,2023-09-12,LB,2023-09-12,LB
2960041,2025-06-12,LB,2025-06-12,LB
2960077,2025-12-30,LB,2025-12-30,LB
2960145,2022-11-18,LB,2022-11-18,LB
2960164,2022-12-08,LB,2022-12-08,LB
2960265,2023-12-06,VUS,2023-12-06,VUS
2960595,2023-10-22,LB,2023-10-22,LB
2960870,2023-12-15,VUS,2023-12-15,VUS
2960953,2023-12-09,VUS,2023-12-09,VUS
2961021,2023-10-03,VUS,2023-10-03,VUS
2961083,2024-03-20,LB,2024-03-20,LB
2961434,2025-06-12,LB,2025-06-12,LB
2961436,2024-02-02,LB,2024-02-02,LB
2961642,2023-11-01,B,2023-11-01,B
2961769,2025-02-25,VUS,2025-05-27,VUS
2961906,2023-03-03,VUS,2023-03-03,VUS
2961957,2025-12-23,LB,2025-12-23,LB
2962148,2025-04-19,LB,2025-04-19,LB
2962291,2023-02-21,LB,2023-02-21,LB
2962336,2023-03-26,LB,2023-03-26,LB
2962524,2022-11-01,LB,2022-11-01,LB
2962859,2023-08-07,LB,2023-08-07,LB
2963240,2024-03-18,LB,2024-03-18,LB
2963435,2023-04-06,LB,2023-04-06,LB
2963449,2023-04-12,LB,2023-04-12,LB
2963510,2024-01-10,VUS,2024-01-10,VUS
2963546,2023-11-21,LB,2023-11-21,LB
2963566,2025-10-02,LB,2025-10-02,LB
2963603,2025-07-24,LB,2025-07-24,LB
2963621,2023-03-24,LB,2023-03-24,LB
2963665,2023-06-23,LB,2023-06-23,LB
2964050,2025-04-01,LB,2025-04-01,LB
2964085,2022-12-22,LB,2022-12-22,LB
2964165,2023-12-24,LB,2023-12-24,LB
2964364,2023-10-23,LB,2023-10-23,LB
2964378,2025-10-02,LB,2025-10-02,LB
2964437,2024-03-14,LB,2024-03-14,LB
2964457,2023-11-15,LB,2023-11-15,LB
2964552,2022-12-29,LB,2022-12-29,LB
2964906,2024-02-22,LB,2024-02-22,LB
2965031,2023-05-31,LB,2023-05-31,LB
2965266,2023-05-09,LB,2023-05-09,LB
2965395,2023-07-27,P,2023-07-27,P
2965657,2023-11-05,LB,2025-11-04,LB
2965730,2023-11-13,LB,2023-11-13,LB
2965741,2023-04-09,LB,2023-04-09,LB
2965775,2023-12-18,LB,2023-12-18,LB
2966229,2023-12-05,LB,2023-12-05,LB
2966370,2023-10-04,LB,2023-10-04,LB
2966495,2025-05-11,LB,2025-05-11,LB
2966947,2024-02-23,VUS,2024-02-23,VUS
2966951,2023-06-01,LB,2023-06-01,LB
2966975,2023-07-17,VUS,2023-07-17,VUS
2966989,2025-08-21,LB,2025-08-21,LB
2967001,2021-08-12,VUS,2025-11-29,VUS
2967072,2023-08-23,VUS,2023-08-23,VUS
2967096,2023-02-13,LB,2023-02-13,LB
2967152,2025-10-26,LB,2025-10-26,LB
2967203,2023-09-30,VUS,2023-09-30,VUS
2967493,2025-06-16,LB,2025-06-16,LB
2967595,2025-11-12,LB,2025-11-12,LB
2967737,2023-04-09,LB,2023-04-09,LB
2967803,2024-02-17,LB,2024-02-17,LB
2967847,2023-05-19,LB,2023-05-19,LB
2967868,2025-01-21,VUS,2025-06-12,VUS
2967931,2023-12-01,LB,2023-12-01,LB
2967984,2022-11-21,LB,2022-11-21,LB
2968258,2023-03-26,LB,2023-03-26,LB
2968313,2023-08-06,LB,2023-08-06,LB
2968333,2025-12-21,LB,2025-12-21,LB
2968407,2023-06-07,B,2023-06-07,B
2968985,2023-12-17,LB,2023-12-17,LB
2969198,2022-10-26,LB,2022-10-26,LB
2969346,2023-05-13,LB,2023-05-13,LB
2969890,2023-07-17,LB,2023-07-17,LB
2969901,2025-03-17,LB,2025-03-17,LB
2970183,2023-12-21,LB,2023-12-21,LB
2970297,2023-12-21,LB,2023-12-21,LB
2970324,2024-02-03,LB,2024-02-03,LB
2970359,2025-06-08,VUS,2025-12-02,VUS
2970395,2024-04-02,LB,2024-04-02,LB
2970399,2023-04-15,LB,2023-04-15,LB
2970468,2025-06-12,LB,2025-06-12,LB
2970604,2025-12-03,LB,2025-12-03,LB
2970701,2026-01-11,LB,2026-01-11,LB
2970751,2024-05-14,LB,2024-05-14,LB
2970832,2023-03-19,LB,2023-03-19,LB
2970919,2024-05-02,VUS,2024-05-02,VUS
2971107,2024-02-08,LB,2024-02-08,LB
2971129,2024-08-06,LB,2024-08-06,LB
2971910,2023-10-09,VUS,2023-10-09,VUS
2971933,2024-03-13,LB,2024-03-13,LB
2971950,2023-08-25,LB,2023-08-25,LB
2971991,2023-12-30,LB,2023-12-30,LB
2972305,2023-12-31,LB,2023-12-31,LB
2972326,2023-12-25,LB,2023-12-25,LB
2972328,2024-10-30,LB,2024-10-30,LB
2972334,2025-06-12,LB,2025-06-12,LB
2972384,2024-06-03,LB,2024-06-03,LB
2972525,2025-06-12,LB,2025-06-12,LB
2972539,2026-01-21,LB,2026-01-21,LB
2972574,2023-10-28,LB,2023-10-28,LB
2972922,2025-09-02,LP,2025-10-13,LP
2972940,2025-05-27,LB,2025-05-27,LB
2972941,2025-05-27,LB,2025-05-27,LB
2972942,2025-05-27,LB,2025-05-27,LB
2972997,2024-11-28,LB,2024-11-28,LB
2973058,2022-12-01,VUS,2022-12-01,VUS
2973523,2024-02-06,LB,2024-02-06,LB
2973563,2024-02-25,LB,2024-02-25,LB
2973689,2024-01-10,LB,2024-01-10,LB
2973803,2023-08-21,LB,2023-08-21,LB
2973932,2025-12-13,LB,2025-12-13,LB
2974106,2022-07-12,VUS,2025-06-07,VUS
2974205,2024-09-04,LB,2024-09-04,LB
2974273,2023-07-10,LB,2023-07-10,LB
2974279,2024-12-05,B,2024-12-05,B
2974376,2025-11-21,LB,2025-11-21,LB
2974405,2024-06-07,LB,2024-06-07,LB
2974441,2025-05-01,LB,2025-05-01,LB
2974716,2025-11-25,LB,2025-11-25,LB
2974752,2023-03-12,LB,2023-03-12,LB
2974803,2022-11-18,LB,2022-11-18,LB
2974911,2025-11-08,LB,2025-11-08,LB
2975019,2024-03-18,LB,2024-03-18,LB
2975199,2023-07-29,LB,2023-07-29,LB
2975504,2023-07-27,LB,2023-07-27,LB
2975511,2023-10-13,LB,2023-10-13,LB
2975652,2025-11-27,LB,2025-11-27,LB
2975810,2023-02-01,LB,2023-02-01,LB
2975920,2023-10-03,VUS,2024-05-04,VUS
2975922,2026-01-20,LB,2026-01-20,LB
2975931,2025-05-23,VUS,2025-05-23,VUS
2975941,2023-06-26,LB,2023-06-26,LB
2976141,2025-03-04,LB,2025-03-04,LB
2976258,2024-02-02,LB,2024-02-02,LB
2976268,2023-10-10,VUS,2025-02-16,VUS
2976330,2023-10-13,VUS,2023-10-13,VUS
2976365,2023-12-21,LB,2023-12-21,LB
2976393,2023-06-29,LB,2023-06-29,LB
2976498,2023-12-01,VUS,2023-12-01,VUS
2976649,2026-01-13,LB,2026-01-13,LB
2976777,2023-11-28,LB,2023-11-28,LB
2976957,2024-08-13,LB,2024-08-13,LB
2977051,2023-09-20,LB,2023-09-20,LB
2977222,2023-11-20,LB,2023-11-20,LB
2977299,2023-08-28,LB,2023-08-28,LB
2977556,2023-03-22,LB,2023-03-22,LB
2977569,2023-04-09,LB,2023-04-09,LB
2977675,2023-12-26,VUS,2024-04-03,VUS
2977825,2025-11-16,LB,2025-11-16,LB
2977845,2024-08-10,LB,2024-08-10,LB
2978074,2023-03-08,LB,2023-03-08,LB
2978079,2026-01-19,LB,2026-01-19,LB
2978157,2023-11-13,LB,2023-11-13,LB
2978254,2022-12-20,LB,2022-12-20,LB
2978268,2023-12-12,LB,2023-12-12,LB
2978274,2023-06-03,LB,2023-06-03,LB
2978609,2023-10-16,LB,2023-10-16,LB
2978624,2023-02-16,LB,2023-02-16,LB
2978756,2023-10-18,LB,2023-10-18,LB
2979002,2023-09-27,LB,2023-09-27,LB
2979055,2024-03-16,LB,2024-03-16,LB
2979086,2025-07-13,LB,2025-07-13,LB
2979280,2023-04-18,VUS,2023-04-18,VUS
2979348,2025-11-08,LB,2025-11-08,LB
2979521,2023-04-25,LB,2023-04-25,LB
2979559,2025-08-10,LB,2025-08-10,LB
2979627,2022-12-18,LB,2022-12-18,LB
2979905,2026-01-17,LB,2026-01-17,LB
2980054,2025-06-12,LB,2025-06-12,LB
2980124,2023-03-28,LB,2023-03-28,LB
2980310,2022-12-23,LB,2022-12-23,LB
2980327,2024-06-04,LB,2024-06-04,LB
2980481,2023-12-29,LB,2023-12-29,LB
2980486,2024-01-11,LB,2024-01-11,LB
2980620,2023-09-03,LB,2023-09-03,LB
2980780,2023-10-17,LB,2023-10-17,LB
2980787,2023-11-14,LB,2023-11-14,LB
2980911,2023-08-31,LB,2023-08-31,LB
2981287,2023-12-05,LB,2023-12-05,LB
2981318,2024-03-25,LB,2024-03-25,LB
2981350,2023-08-07,LB,2023-08-07,LB
2981504,2023-06-15,LP,2023-06-15,LP
2981904,2019-08-01,LB,2023-06-17,LB
2981952,2024-10-18,LB,2024-10-18,LB
2981983,2023-09-11,LB,2023-09-11,LB
2982031,2023-08-25,LB,2023-08-25,LB
2982399,2022-11-14,LB,2022-11-14,LB
2982492,2023-04-22,LB,2023-04-22,LB
2982691,2023-03-20,LB,2023-03-20,LB
2982746,2023-01-01,LB,2023-01-01,LB
2982783,2024-05-28,VUS,2025-07-29,VUS
2982980,2023-03-29,LB,2023-03-29,LB
2983034,2023-08-28,LB,2023-08-28,LB
2983066,2023-06-26,LB,2024-12-06,LB
2983086,2024-01-20,LP,2026-01-24,LP
2983178,2023-08-24,LB,2023-08-24,LB
2983306,2023-06-30,LP,2023-06-30,LP
2983457,2024-03-16,LB,2024-03-16,LB
2983558,2023-10-17,LB,2023-10-17,LB
2983696,2023-06-02,LB,2023-06-02,LB
2983718,2025-09-13,LB,2025-10-21,LB
2983992,2023-10-23,LB,2023-10-23,LB
2984076,2023-02-21,LB,2023-02-21,LB
2984093,2024-02-27,LB,2024-02-27,LB
2984143,2023-09-08,LB,2023-09-08,LB
2984322,2023-11-24,LB,2023-11-24,LB
2984373,2023-05-20,LB,2023-05-20,LB
2984468,2023-04-11,LB,2023-04-11,LB
2984567,2026-01-25,LB,2026-01-25,LB
2985037,2023-06-07,LB,2023-06-07,LB
2985300,2024-02-09,LB,2024-02-09,LB
2985788,2023-04-18,LB,2023-04-18,LB
2985843,2025-03-22,LB,2025-03-22,LB
2985994,2023-05-27,LB,2023-05-27,LB
2986059,2024-12-07,LB,2024-12-07,LB
2986123,2023-08-07,LB,2023-08-07,LB
2986339,2023-04-23,LB,2023-04-23,LB
2986371,2023-11-03,LB,2023-11-03,LB
2986588,2024-06-03,LB,2024-06-03,LB
2986763,2023-12-14,LB,2023-12-14,LB
2986856,2023-09-20,LB,2023-09-20,LB
2986890,2023-09-08,LB,2023-09-08,LB
2987115,2024-05-22,VUS,2025-04-07,VUS
2987141,2023-09-19,VUS,2023-09-19,VUS
2987258,2023-05-13,LB,2023-05-13,LB
2987288,2023-09-21,LB,2025-07-01,LB
2987334,2024-07-30,VUS,2024-08-20,VUS
2987369,2023-03-26,LB,2023-03-26,LB
2987497,2024-10-14,LB,2024-10-14,LB
2987620,2023-12-18,VUS,2023-12-18,VUS
2987896,2023-11-04,VUS,2023-11-04,VUS
2987964,2025-04-28,LB,2025-04-28,LB
2988032,2023-09-21,LB,2023-09-21,LB
2988135,2022-11-08,VUS,2022-11-08,VUS
2988245,2024-01-09,LB,2024-01-09,LB
2988277,2022-11-23,VUS,2022-11-23,VUS
2988683,2025-03-20,LB,2025-03-20,LB
2988714,2023-09-12,LB,2023-09-12,LB
2988771,2024-02-08,LB,2024-02-08,LB
2988920,2023-05-10,LB,2023-05-10,LB
2988932,2023-09-08,LP,2023-09-08,LP
2988937,2023-03-17,LB,2023-03-17,LB
2989020,2022-12-14,VUS,2022-12-14,VUS
2989692,2023-08-08,VUS,2024-11-14,VUS
2989717,2023-09-12,LB,2023-09-12,LB
2989797,2023-06-27,LB,2023-06-27,LB
2990029,2023-12-01,LB,2023-12-01,LB
2990096,2023-12-01,LB,2023-12-01,LB
2990159,2023-12-07,LB,2023-12-07,LB
2990214,2023-10-16,LB,2023-10-16,LB
2990274,2024-07-24,B,2024-07-24,B
2990287,2023-10-26,LB,2023-10-26,LB
2990542,2024-03-03,LB,2024-03-03,LB
2990651,2024-01-24,LB,2024-01-24,LB
2990711,2025-12-21,LB,2025-12-21,LB
2990746,2023-12-14,LB,2023-12-14,LB
2990762,2023-05-13,LB,2023-05-13,LB
2990996,2025-12-30,LB,2025-12-30,LB
2990997,2025-12-30,LB,2025-12-30,LB
2990998,2023-04-09,P,2023-04-09,P
2991115,2024-01-25,LP,2024-01-25,LP
2991215,2023-11-03,LB,2023-11-03,LB
2991296,2024-10-16,VUS,2024-10-16,VUS
2991422,2023-06-15,LB,2023-06-15,LB
2991780,2023-10-25,LB,2023-10-25,LB
2991923,2023-07-08,LB,2023-07-08,LB
2991958,2023-02-03,LB,2023-02-03,LB
2991995,2023-05-12,LB,2023-05-12,LB
2992997,2023-07-31,LB,2023-07-31,LB
2993030,2023-06-13,LP,2023-06-13,LP
2993085,2023-06-27,LB,2023-06-27,LB
2993107,2023-10-15,LB,2023-10-15,LB
2993374,2024-02-12,LB,2024-02-12,LB
2993582,2023-06-10,LB,2023-06-10,LB
2993674,2025-01-15,P,2025-01-15,P
2993727,2023-05-09,LB,2023-05-09,LB
2993870,2022-06-27,VUS,2022-06-27,VUS
2993936,2025-01-06,LB,2025-01-06,LB
2993983,2023-09-05,LB,2023-09-05,LB
2993984,2024-01-30,LB,2024-01-30,LB
2994173,2026-01-05,LB,2026-01-05,LB
2994223,2025-08-04,LB,2025-08-04,LB
2994262,2023-06-22,VUS,2024-02-22,VUS
2994467,2023-11-04,VUS,2023-11-04,VUS
2994704,2025-06-12,VUS,2025-06-12,VUS
2994771,2023-09-08,LB,2023-09-08,LB
2994793,2024-10-17,LB,2024-10-17,LB
2994796,2024-07-14,LB,2024-07-14,LB
2994832,2022-11-29,LB,2022-11-29,LB
2994932,2023-12-05,LB,2023-12-05,LB
2994942,2023-05-25,VUS,2023-05-25,VUS
2994958,2024-05-20,LB,2024-05-20,LB
2995046,2023-11-17,VUS,2023-11-17,VUS
2995105,2023-08-28,LB,2023-08-28,LB
2995111,2024-12-24,LB,2024-12-24,LB
2995198,2024-03-12,LB,2024-03-12,LB
2995267,2023-02-26,LB,2023-02-26,LB
2995280,2023-10-15,LB,2023-10-15,LB
2995619,2024-01-16,VUS,2024-01-16,VUS
2995665,2023-07-09,LB,2023-07-09,LB
2995672,2023-01-14,LB,2023-01-14,LB
2995848,2023-06-28,LB,2023-06-28,LB
2995969,2022-10-30,LB,2022-10-30,LB
2996050,2023-09-08,LB,2023-09-08,LB
2996106,2024-01-11,LB,2024-01-11,LB
2996319,2024-03-06,LB,2024-03-06,LB
2996445,2022-12-19,P,2022-12-19,P
2996656,2025-09-08,LB,2025-09-08,LB
2997084,2023-03-24,LB,2023-03-24,LB
2997107,2023-01-21,LB,2023-01-21,LB
2997156,2025-07-02,LB,2025-07-02,LB
2997211,2023-02-15,LB,2023-02-15,LB
2997237,2023-10-12,LB,2023-10-12,LB
2997294,2023-11-04,LB,2023-11-04,LB
2997437,2023-04-15,LB,2023-04-15,LB
2997460,2026-01-09,LB,2026-01-09,LB
2997574,2023-11-13,LB,2023-11-13,LB
2997582,2023-06-09,LB,2023-06-09,LB
2997983,2024-04-29,VUS,2024-04-29,VUS
2998036,2025-01-23,LB,2025-01-23,LB
2998445,2023-08-30,LB,2023-08-30,LB
2998498,2023-10-18,LB,2023-10-18,LB
2998691,2024-01-22,LB,2024-01-22,LB
2998736,2024-06-16,LB,2024-06-16,LB
2999028,2024-02-12,LB,2024-02-12,LB
2999034,2024-02-25,LB,2024-02-25,LB
2999095,2023-07-28,LP,2023-07-28,LP
2999117,2023-03-13,VUS,2023-11-03,VUS
2999441,2023-04-09,LB,2023-04-09,LB
2999627,2023-11-03,LB,2023-11-03,LB
2999676,2024-04-08,VUS,2024-04-08,VUS
2999718,2023-11-24,LB,2023-11-24,LB
2999747,2024-01-22,LB,2024-01-22,LB
2999872,2024-02-05,B,2024-02-05,B
3000033,2025-06-12,VUS,2025-09-25,VUS
3000070,2025-06-12,LB,2025-06-12,LB
3000228,2023-11-07,LB,2023-11-07,LB
3000261,2024-02-01,LB,2024-02-01,LB
3000333,2023-08-02,LB,2023-08-02,LB
3000493,2023-11-01,LB,2023-11-01,LB
3000594,2023-05-05,P,2023-05-05,P
3000719,2022-11-28,LB,2022-11-28,LB
3000780,2023-11-04,VUS,2023-11-04,VUS
3001022,2025-10-07,LB,2025-10-07,LB
3001027,2025-03-07,LB,2025-03-07,LB
3001065,2023-02-28,LB,2023-02-28,LB
3001420,2023-08-17,LB,2023-08-17,LB
3001543,2023-04-25,LB,2023-04-25,LB
3001942,2024-02-12,LB,2024-02-12,LB
3002057,2023-10-08,LB,2023-10-08,LB
3002181,2022-12-27,B,2022-12-27,B
3002258,2023-04-14,LB,2023-04-14,LB
3002399,2024-02-17,VUS,2024-02-17,VUS
3002506,2024-02-03,VUS,2025-04-08,VUS
3002525,2024-03-09,LB,2024-03-09,LB
3002632,2025-02-13,VUS,2025-02-13,VUS
3002656,2023-03-13,LB,2023-03-13,LB
3003224,2022-12-27,LB,2022-12-27,LB
3003228,2023-09-29,LB,2023-09-29,LB
3003310,2023-11-21,P,2023-11-21,P
3003490,2023-05-18,LB,2023-05-18,LB
3003552,2023-07-14,LB,2023-07-14,LB
3003564,2023-10-26,LB,2023-10-26,LB
3003718,2023-05-20,LB,2023-05-20,LB
3003743,2023-09-26,LB,2023-09-26,LB
3003882,2026-01-18,LB,2026-01-18,LB
3003891,2023-09-18,LB,2023-09-18,LB
3004235,2023-05-23,LP,2023-05-23,LP
3004342,2023-10-13,LB,2023-10-13,LB
3004526,2025-12-08,LB,2025-12-08,LB
3004557,2023-09-10,LB,2023-09-10,LB
3004576,2023-05-16,LB,2023-05-16,LB
3004586,2024-01-24,LB,2024-01-24,LB
3004611,2023-10-16,VUS,2023-10-16,VUS
3004651,2024-02-13,P,2024-02-13,P
3004918,2023-01-21,LB,2023-01-21,LB
3005077,2024-10-21,LB,2024-10-21,LB
3005575,2023-08-27,LB,2023-08-27,LB
3005728,2024-02-05,LB,2024-02-05,LB
3005768,2025-06-12,LB,2025-06-12,LB
3006125,2024-01-15,P,2024-01-15,P
3006140,2023-02-20,LB,2023-02-20,LB
3006143,2025-03-17,LB,2025-03-17,LB
3006439,2022-09-24,VUS,2025-10-29,VUS
3006458,2025-09-13,LB,2025-09-13,LB
3006464,2025-06-12,LB,2025-06-12,LB
3006519,2024-01-31,LB,2024-01-31,LB
3006563,2025-01-06,LB,2025-01-06,LB
3006767,2025-03-08,LB,2025-03-08,LB
3006934,2023-04-28,LB,2023-04-28,LB
3007248,2023-11-18,LB,2023-11-18,LB
3007255,2023-10-17,LB,2023-10-17,LB
3007256,2023-02-02,LB,2023-02-02,LB
3007456,2024-01-11,LB,2024-01-11,LB
3007721,2024-01-03,LB,2024-01-03,LB
3007934,2024-01-16,LB,2024-01-16,LB
3008020,2024-07-01,LB,2024-07-01,LB
3008039,2023-11-07,LB,2023-11-07,LB
3008350,2023-02-16,LB,2023-02-16,LB
3008389,2023-09-03,LB,2023-09-03,LB
3008402,2024-02-19,P,2024-02-19,P
3008419,2023-09-28,LB,2023-09-28,LB
3008516,2023-10-07,LB,2023-10-07,LB
3009323,2023-06-17,LB,2023-06-17,LB
3009441,2023-06-25,LB,2023-06-25,LB
3009623,2025-10-12,LB,2025-10-12,LB
3009780,2023-02-03,LB,2023-02-03,LB
3009871,2025-04-28,LB,2025-04-28,LB
3010222,2026-01-09,LB,2026-01-09,LB
3010706,2023-07-25,LB,2023-07-25,LB
3010767,2025-12-19,LB,2025-12-19,LB
3010944,2024-02-01,LB,2024-02-01,LB
3010958,2023-07-03,LB,2023-07-03,LB
3011084,2023-07-11,LB,2023-07-11,LB
3011119,2023-06-02,VUS,2023-06-02,VUS
3011428,2024-02-01,LB,2024-02-01,LB
3011824,2024-02-19,LB,2024-02-19,LB
3011992,2023-11-27,LB,2023-11-27,LB
3012009,2023-12-18,LB,2023-12-18,LB
3012049,2025-01-23,LP,2025-01-23,LP
3012069,2023-06-17,LB,2023-06-17,LB
3012322,2023-10-05,LB,2023-10-05,LB
3012368,2025-12-08,LB,2025-12-08,LB
3012382,2024-03-14,LB,2024-03-14,LB
3012625,2024-01-05,LB,2024-01-05,LB
3012692,2023-09-08,LB,2023-09-08,LB
3012711,2022-11-23,LB,2022-11-23,LB
3012734,2023-08-18,VUS,2023-08-18,VUS
3012830,2022-12-30,VUS,2022-12-30,VUS
3013249,2023-11-15,LB,2023-11-15,LB
3013546,2025-08-01,LB,2025-08-01,LB
3013730,2021-05-21,LB,2023-12-02,LB
3013808,2023-11-14,LB,2023-11-14,LB
3013817,2023-10-25,LB,2023-10-25,LB
3014216,2023-11-27,LB,2023-11-27,LB
3014403,2026-01-06,LB,2026-01-06,LB
3014636,2023-11-27,LB,2023-11-27,LB
3014671,2023-08-19,VUS,2024-04-11,VUS
3014923,2024-02-17,LB,2024-02-17,LB
3015120,2025-11-05,LB,2025-11-05,LB
3015150,2025-06-12,VUS,2025-08-20,VUS
3015168,2023-09-06,LB,2023-09-06,LB
3015823,2024-02-29,LB,2024-02-29,LB
3015891,2025-02-03,LB,2025-02-03,LB
3016015,2023-01-28,LB,2023-01-28,LB
3016125,2024-10-08,LB,2024-10-08,LB
3016137,2023-09-05,LB,2023-09-05,LB
3016202,2023-04-02,LB,2023-04-02,LB
3016412,2025-08-11,LB,2025-08-11,LB
3016431,2023-11-09,LB,2023-11-09,LB
3016767,2025-03-17,VUS,2025-03-17,VUS
3017244,2023-11-04,LB,2025-09-24,LB
3017314,2023-09-27,LB,2023-09-27,LB
3017676,2025-08-29,LB,2025-08-29,LB
3018255,2023-08-29,LB,2023-08-29,LB
3018642,2025-09-13,LB,2025-09-13,LB
3018673,2023-07-17,LB,2023-07-17,LB
3018764,2024-02-20,LB,2024-02-20,LB
3018923,2023-12-20,LB,2023-12-20,LB
3019023,2023-08-22,VUS,2025-04-24,VUS
3019203,2023-12-25,LB,2023-12-25,LB
3019262,2023-02-16,VUS,2023-02-16,VUS
3019385,2026-01-06,LB,2026-01-06,LB
3019445,2024-01-23,LB,2024-01-23,LB
3019852,2023-12-03,LB,2023-12-03,LB
3019917,2023-07-16,LB,2023-07-16,LB
3020087,2023-09-04,LB,2023-09-04,LB
3020142,2025-12-30,LB,2025-12-30,LB
3020596,2025-06-15,LB,2025-06-15,LB
3020786,2025-09-08,LB,2025-09-08,LB
3020829,2023-04-27,LB,2023-04-27,LB
3020911,2025-12-22,LB,2025-12-22,LB
3021274,2023-07-08,LB,2023-07-08,LB
3021315,2024-06-03,LB,2024-06-03,LB
3021526,2023-02-22,LB,2023-02-22,LB
3021609,2023-03-12,LB,2023-03-12,LB
3021749,2023-03-08,P,2023-03-08,P
3021774,2024-05-02,VUS,2025-11-13,VUS
3022001,2023-03-03,LB,2023-03-03,LB
3022132,2023-09-13,B,2023-09-13,B
3022334,2024-05-07,LB,2024-05-07,LB
3022402,2023-12-27,LB,2023-12-27,LB
3022514,2023-04-10,LB,2023-04-10,LB
3022588,2023-07-23,LB,2023-07-23,LB
3022705,2023-11-27,VUS,2023-11-27,VUS
3022872,2024-07-30,LB,2024-07-30,LB
3023025,2023-10-17,LB,2023-10-17,LB
3023159,2026-01-13,LB,2026-01-13,LB
3023248,2025-11-04,LB,2025-11-04,LB
3023334,2025-10-21,LB,2025-10-21,LB
3023335,2025-06-22,LB,2025-06-22,LB
3023435,2023-05-08,LB,2023-05-08,LB
3023738,2024-11-19,LB,2024-11-19,LB
3023878,2024-07-27,LB,2024-07-27,LB
3023936,2024-11-06,VUS,2025-04-10,VUS
3024006,2023-03-20,VUS,2023-03-20,VUS
3024606,2023-12-01,P,2023-12-01,P
3024630,2023-12-01,P,2023-12-01,P
3024654,2024-01-01,P,2024-01-01,P
3026578,2023-12-01,LB,2023-12-01,LB
3026713,2024-01-01,VUS,2024-01-01,VUS
3027122,2024-02-01,LB,2024-02-01,LB
3027232,2024-02-01,VUS,2024-02-01,VUS
3028914,2024-03-08,LP,2024-03-08,LP
3028915,2024-03-08,P,2024-03-08,P
3028917,2024-03-08,LP,2024-03-08,LP
3028920,2024-03-08,LP,2024-03-08,LP
3028921,2024-03-08,LP,2024-03-08,LP
3028922,2024-03-08,LP,2024-03-08,LP
3028924,2024-03-08,VUS,2024-03-08,VUS
3028947,2024-02-21,VUS,2025-10-02,VUS
3028987,2022-06-21,LB,2022-06-21,LB
3029020,2021-07-14,LB,2021-07-14,LB
3029359,2021-12-23,LB,2021-12-23,LB
3029485,2021-08-19,LB,2021-08-19,LB
3030061,2024-01-04,VUS,2024-01-04,VUS
3030196,2020-11-09,LB,2020-11-09,LB
3030209,2021-03-19,LB,2021-03-19,LB
3030251,2021-02-03,LB,2021-02-03,LB
3031137,2024-01-11,VUS,2024-01-11,VUS
3031354,2021-01-20,LB,2021-01-20,LB
3031580,2023-01-18,LB,2023-01-18,LB
3031636,2024-01-04,VUS,2024-01-04,VUS
3031652,2023-10-16,LB,2023-10-16,LB
3031747,2022-12-22,LB,2022-12-22,LB
3031856,2022-12-22,LB,2022-12-22,LB
3032901,2024-01-08,VUS,2024-01-08,VUS
3033610,2019-06-18,B,2019-06-18,B
3033768,2023-11-28,LB,2023-11-28,LB
3033937,2024-02-05,LB,2024-02-05,LB
3034108,2019-06-17,LB,2019-06-17,LB
3034438,2021-05-18,LB,2021-05-18,LB
3034523,2024-01-31,P,2024-01-31,P
3034554,2019-02-18,LB,2019-02-18,LB
3034811,2020-01-02,LB,2020-01-02,LB
3034935,2019-08-07,LB,2019-08-07,LB
3035119,2019-03-29,LB,2019-03-29,LB
3036420,2023-10-28,LP,2023-10-28,LP
3036714,2024-01-19,VUS,2024-01-19,VUS
3037043,2020-07-14,LB,2020-07-14,LB
3038723,2019-10-22,LB,2019-10-22,LB
3038942,2019-10-22,LB,2019-10-22,LB
3039013,2019-10-10,LB,2019-10-10,LB
3039176,2023-11-27,VUS,2026-01-20,VUS
3039441,2021-04-07,LB,2021-04-07,LB
3039541,2023-07-28,LB,2023-07-28,LB
3040751,2020-02-26,LB,2020-02-26,LB
3041383,2019-05-30,LB,2019-05-30,LB
3041699,2019-03-05,B,2024-06-03,B
3041974,2019-03-05,LB,2019-03-05,LB
3043073,2019-12-06,LB,2019-12-06,LB
3043755,2022-12-09,LB,2022-12-09,LB
3044258,2023-10-30,LP,2023-10-30,LP
3044587,2022-04-28,LB,2022-04-28,LB
3044607,2023-07-19,LB,2023-07-19,LB
3045178,2019-11-06,B,2019-11-06,B
3045369,2023-06-22,LB,2023-06-22,LB
3045825,2024-02-06,VUS,2024-02-06,VUS
3045832,2022-09-22,LB,2022-09-22,LB
3045976,2019-10-28,LB,2019-10-28,LB
3046440,2024-01-13,VUS,2024-01-13,VUS
3046879,2020-04-03,LB,2020-04-03,LB
3046942,2024-02-12,P,2024-02-12,P
3047178,2020-03-25,LB,2020-03-25,LB
3047431,2019-03-14,LB,2019-03-14,LB
3047779,2023-11-30,VUS,2023-11-30,VUS
3047884,2019-02-22,LB,2025-12-28,LB
3048343,2019-11-19,LB,2019-11-19,LB
3048445,2019-12-16,LB,2025-06-12,LB
3048658,2019-12-11,B,2019-12-11,B
3048747,2019-02-27,LB,2019-02-27,LB
3048958,2019-12-19,LB,2019-12-19,LB
3049370,2023-11-01,VUS,2023-11-01,VUS
3049736,2019-07-15,LB,2019-07-15,LB
3049815,2019-07-16,LB,2019-07-16,LB
3049983,2019-07-16,LB,2019-07-16,LB
3050992,2020-03-10,LB,2020-03-10,LB
3051606,2024-01-04,LB,2026-01-28,LB
3051851,2020-03-02,LB,2020-03-02,LB
3051909,2022-08-30,LB,2022-08-30,LB
3052181,2021-03-17,LB,2021-03-17,LB
3052325,2023-12-16,VUS,2023-12-16,VUS
3052436,2019-08-22,LB,2025-02-15,LB
3052574,2020-08-24,LB,2020-08-24,LB
3052590,2020-03-10,LB,2020-03-10,LB
3052833,2019-08-22,LB,2019-08-22,LB
3053193,2019-09-04,LB,2019-09-04,LB
3054655,2022-10-19,LB,2022-10-19,LB
3054812,2024-01-03,VUS,2024-01-03,VUS
3054948,2021-06-28,LB,2025-11-12,LB
3055141,2020-04-21,LB,2020-04-21,LB
3055187,2022-08-26,LB,2022-08-26,LB
3055658,2021-04-22,LB,2021-04-22,LB
3055832,2021-12-13,LB,2021-12-13,LB
3056467,2021-08-25,LB,2025-06-03,LB
3057174,2021-04-22,LB,2021-04-22,LB
3057446,2019-03-27,LB,2019-03-27,LB
3057889,2019-02-22,LB,2019-02-22,LB
3058198,2019-03-29,LB,2019-03-29,LB
3058483,2019-02-21,LB,2019-02-21,LB
3058787,2019-02-19,LB,2019-02-19,LB
3058981,2021-04-27,LB,2021-04-27,LB
3059018,2021-11-11,LB,2021-11-11,LB
3059221,2021-12-08,LB,2021-12-08,LB
3059848,2021-04-07,LB,2021-04-07,LB
3060742,2021-04-07,LB,2021-04-07,LB
3060898,2021-04-07,LB,2021-04-07,LB
3061117,2024-02-06,VUS,2024-02-06,VUS
3061331,2024-02-19,VUS,2024-02-19,VUS
3061649,2021-11-22,LB,2021-11-22,LB
3062108,2019-12-06,LP,2019-12-06,LP
3062354,2024-03-26,VUS,2024-03-26,VUS
3063843,2024-01-11,VUS,2024-01-11,VUS
3063860,2024-01-11,LP,2024-01-11,LP
3063964,2024-01-17,VUS,2025-04-07,VUS
3064072,2024-03-17,LP,2024-03-17,LP
3064162,2024-03-17,P,2024-03-17,P
3064750,2024-03-29,VUS,2024-03-29,VUS
3064756,2024-03-29,LP,2024-03-29,LP
3064877,2024-03-25,VUS,2024-03-25,VUS
3064889,2024-03-25,LP,2024-03-25,LP
3064965,2024-03-25,VUS,2024-03-25,VUS
3064966,2024-03-25,VUS,2024-03-25,VUS
3065094,2024-03-26,VUS,2024-03-26,VUS
3065183,2024-03-26,VUS,2024-03-26,VUS
3065220,2024-03-26,VUS,2024-03-26,VUS
3065243,2024-03-26,VUS,2024-03-26,VUS
3065291,2024-03-26,VUS,2024-03-26,VUS
3065292,2024-03-26,VUS,2024-03-26,VUS
3065431,2024-03-26,VUS,2024-03-26,VUS
3065680,2024-03-29,LP,2024-03-29,LP
3066182,2023-03-06,VUS,2023-03-06,VUS
3066230,2024-02-08,P,2024-02-08,P
3066251,2023-08-15,LP,2023-08-15,LP
3066283,2023-03-10,LP,2023-03-10,LP
3066305,2023-08-30,VUS,2023-08-30,VUS
3066332,2023-04-26,LP,2023-04-26,LP
3066341,2021-07-22,VUS,2021-07-22,VUS
3066348,2022-03-17,LP,2022-03-17,LP
3066381,2022-11-10,VUS,2022-11-10,VUS
3067130,2023-06-24,VUS,2023-06-24,VUS
3067442,2024-03-01,VUS,2024-03-01,VUS
3067444,2024-03-01,VUS,2024-03-01,VUS
3067966,2024-04-04,VUS,2024-04-04,VUS
3068007,2024-04-04,LP,2024-04-04,LP
3068136,2024-04-04,LP,2024-04-04,LP
3068152,2024-04-04,LP,2024-04-04,LP
3068204,2024-04-04,LP,2024-04-04,LP
3068324,2022-08-30,LP,2022-08-30,LP
3068335,2022-07-20,VUS,2022-07-20,VUS
3068341,2022-08-16,LP,2022-08-16,LP
3068343,2023-07-05,LP,2023-07-05,LP
3068355,2023-05-31,LP,2023-05-31,LP
3068403,2021-09-24,LP,2025-08-05,LP
3068527,2024-04-05,P,2024-04-05,P
3068528,2024-04-05,VUS,2024-04-05,VUS
3068529,2024-04-05,LP,2024-04-05,LP
3068530,2024-04-05,P,2024-04-05,P
3068531,2024-04-05,P,2024-04-05,P
3068532,2024-04-05,P,2024-04-05,P
3068534,2024-04-05,VUS,2024-04-05,VUS
3068550,2024-01-05,VUS,2024-01-05,VUS
3068557,2023-08-01,LP,2023-08-01,LP
3068801,2024-02-16,VUS,2024-02-16,VUS
3068847,2023-12-07,B,2023-12-07,B
3068859,2024-02-27,VUS,2024-02-27,VUS
3068867,2024-02-14,P,2024-02-14,P
3068868,2024-02-01,P,2024-02-01,P
3068996,2024-02-01,VUS,2024-02-01,VUS
3069198,2024-01-26,VUS,2024-01-26,VUS
3079401,2024-03-07,VUS,2024-03-07,VUS
3079402,2023-12-18,VUS,2023-12-18,VUS
3079403,2024-01-08,VUS,2024-01-08,VUS
3079404,2023-10-13,VUS,2023-10-13,VUS
3081135,2023-10-16,VUS,2023-10-16,VUS
3081150,2024-01-22,VUS,2024-01-22,VUS
3081165,2024-01-24,LB,2024-01-24,LB
3081169,2023-10-30,VUS,2023-10-30,VUS
3081182,2023-09-29,VUS,2023-09-29,VUS
3081215,2023-12-27,VUS,2023-12-27,VUS
3081225,2024-01-24,VUS,2024-01-24,VUS
3081232,2023-10-16,VUS,2023-10-16,VUS
3081233,2024-01-23,VUS,2024-01-23,VUS
3081270,2023-11-03,LB,2023-11-03,LB
3081277,2024-01-16,VUS,2024-01-16,VUS
3081282,2024-01-17,VUS,2024-01-17,VUS
3081311,2024-01-09,VUS,2024-01-09,VUS
3081314,2023-12-19,VUS,2023-12-19,VUS
3081342,2023-12-18,VUS,2023-12-18,VUS
3081347,2023-09-25,VUS,2023-09-25,VUS
3085794,2024-01-03,VUS,2024-01-03,VUS
3085795,2023-11-07,VUS,2023-11-07,VUS
3085796,2024-01-19,VUS,2024-01-19,VUS
3085797,2023-12-01,VUS,2023-12-01,VUS
3085798,2024-02-05,VUS,2024-02-05,VUS
3085799,2024-01-03,VUS,2024-01-03,VUS
3085800,2024-03-07,VUS,2024-03-07,VUS
3085802,2023-11-14,VUS,2023-11-14,VUS
3085803,2023-10-03,VUS,2023-10-03,VUS
3085804,2023-12-20,VUS,2023-12-20,VUS
3092246,2022-02-11,VUS,2024-05-13,VUS
3092247,2024-03-01,LB,2024-03-01,LB
3092248,2023-10-20,VUS,2023-10-20,VUS
3092249,2023-10-03,VUS,2023-10-03,VUS
3097488,2024-02-06,VUS,2024-02-06,VUS
3097505,2023-11-14,VUS,2024-01-02,VUS
3097510,2023-12-05,VUS,2023-12-05,VUS
3102302,2024-01-08,VUS,2024-01-08,VUS
3102303,2023-09-25,VUS,2024-03-06,VUS
3106466,2024-01-03,VUS,2024-01-03,VUS
3106467,2024-01-30,VUS,2024-01-30,VUS
3106468,2024-02-05,VUS,2024-02-05,VUS
3113311,2023-10-05,VUS,2024-02-13,VUS
3128095,2024-03-05,VUS,2024-03-05,VUS
3128096,2024-02-05,VUS,2024-02-05,VUS
3131857,2024-03-07,VUS,2024-03-07,VUS
3131858,2023-10-02,VUS,2024-03-15,VUS
3131860,2023-10-25,VUS,2023-10-25,VUS
3131861,2023-12-20,VUS,2023-12-20,VUS
3131862,2023-11-15,VUS,2024-01-22,VUS
3131863,2024-03-08,VUS,2024-04-20,VUS
3131864,2023-10-13,VUS,2023-10-13,VUS
3131890,2023-12-13,VUS,2025-01-09,VUS
3131891,2024-01-02,VUS,2024-04-29,VUS
3131892,2024-02-05,VUS,2024-02-05,VUS
3131893,2023-12-22,VUS,2023-12-22,VUS
3131894,2023-12-16,VUS,2023-12-16,VUS
3131896,2023-11-09,VUS,2023-11-09,VUS
3131897,2023-12-20,VUS,2024-05-28,VUS
3136127,2023-10-30,VUS,2023-10-30,VUS
3137676,2023-12-14,VUS,2023-12-14,VUS
3137677,2023-11-16,VUS,2023-11-16,VUS
3145419,2024-01-24,VUS,2024-05-31,VUS
3145421,2024-02-26,VUS,2024-02-26,VUS
3145441,2023-12-08,VUS,2023-12-08,VUS
3145442,2024-03-01,VUS,2024-03-01,VUS
3145443,2024-02-06,VUS,2024-02-06,VUS
3145444,2024-01-24,VUS,2024-01-24,VUS
3145445,2023-12-26,VUS,2024-03-07,VUS
3145446,2023-12-27,LB,2023-12-27,LB
3145447,2024-02-06,VUS,2024-02-06,VUS
3145448,2023-12-26,VUS,2023-12-26,VUS
3145449,2024-01-23,VUS,2024-01-23,VUS
3145450,2024-02-13,VUS,2024-02-13,VUS
3145451,2023-12-28,VUS,2023-12-28,VUS
3145452,2024-01-16,VUS,2024-01-16,VUS
3145454,2024-01-04,VUS,2024-09-12,VUS
3145455,2023-10-17,VUS,2023-10-17,VUS
3145456,2023-09-29,VUS,2023-09-29,VUS
3145470,2024-01-23,VUS,2024-01-23,VUS
3145471,2023-11-09,VUS,2023-11-09,VUS
3145472,2024-03-04,VUS,2024-03-04,VUS
3145473,2023-12-07,LB,2023-12-07,LB
3148965,2024-04-22,VUS,2024-04-22,VUS
3162810,2023-01-25,VUS,2023-01-25,VUS
3162811,2023-11-07,VUS,2023-11-07,VUS
3162813,2023-12-21,VUS,2023-12-21,VUS
3162814,2024-01-29,VUS,2024-01-29,VUS
3162815,2024-01-29,VUS,2024-01-29,VUS
3162816,2022-08-12,VUS,2024-01-04,VUS
3162817,2023-11-14,VUS,2023-11-14,VUS
3162818,2023-12-16,VUS,2023-12-16,VUS
3162819,2023-12-11,VUS,2023-12-11,VUS
3163340,2021-06-18,VUS,2021-06-18,VUS
3163341,2023-10-26,VUS,2023-10-26,VUS
3163342,2023-12-28,VUS,2023-12-28,VUS
3163343,2023-10-30,VUS,2023-10-30,VUS
3164210,2023-12-19,VUS,2023-12-19,VUS
3164211,2023-12-18,VUS,2023-12-18,VUS
3164212,2024-02-06,VUS,2024-02-06,VUS
3164285,2023-10-13,VUS,2023-10-13,VUS
3164288,2024-01-04,VUS,2024-01-04,VUS
3164289,2024-01-23,VUS,2024-08-29,VUS
3164291,2024-01-31,VUS,2024-01-31,VUS
3164292,2023-12-13,VUS,2023-12-13,VUS
3164296,2023-10-10,VUS,2023-10-10,VUS
3164297,2024-02-05,VUS,2024-02-05,VUS
3164298,2024-01-19,VUS,2024-05-21,VUS
3164299,2023-11-14,VUS,2023-11-14,VUS
3164301,2023-12-15,VUS,2024-02-29,VUS
3164302,2024-02-17,VUS,2024-02-17,VUS
3164304,2023-11-18,LB,2023-11-18,LB
3164305,2024-01-17,VUS,2024-01-17,VUS
3164307,2023-10-02,VUS,2023-10-02,VUS
3164308,2024-01-03,VUS,2024-01-03,VUS
3164738,2023-11-13,VUS,2023-11-13,VUS
3164740,2023-11-14,VUS,2023-11-14,VUS
3165013,2024-01-16,VUS,2024-01-16,VUS
3165014,2024-03-08,VUS,2024-06-07,VUS
3165015,2024-02-05,VUS,2024-02-05,VUS
3165017,2023-10-05,VUS,2023-10-05,VUS
3179157,2024-01-29,LB,2024-01-29,LB
3179160,2022-08-17,LB,2022-08-17,LB
3188425,2024-01-31,VUS,2024-01-31,VUS
3188426,2024-01-03,VUS,2024-01-03,VUS
3188427,2023-10-05,VUS,2023-10-05,VUS
3190970,2023-10-13,VUS,2024-01-08,VUS
3190971,2023-10-06,VUS,2023-10-06,VUS
3190972,2026-02-23,VUS,2026-02-23,VUS
3190973,2023-12-11,VUS,2023-12-11,VUS
3190974,2023-09-22,VUS,2023-09-22,VUS
3190975,2024-06-17,VUS,2025-08-09,VUS
3190976,2025-05-14,VUS,2025-05-14,VUS
3190977,2024-05-10,VUS,2025-04-13,VUS
3190978,2024-03-01,VUS,2024-03-01,VUS
3190980,2023-12-30,VUS,2023-12-30,VUS
3190981,2024-01-16,VUS,2024-01-16,VUS
3190982,2024-02-27,VUS,2024-02-27,VUS
3190983,2023-12-20,VUS,2023-12-20,VUS
3190984,2023-10-20,VUS,2023-10-20,VUS
3190986,2024-01-30,VUS,2024-01-30,VUS
3190987,2024-02-12,VUS,2024-02-12,VUS
3190988,2024-02-27,VUS,2024-06-05,VUS
3190989,2024-02-27,VUS,2024-02-27,VUS
3190991,2023-11-17,VUS,2023-11-17,VUS
3190992,2023-12-15,VUS,2023-12-15,VUS
3190993,2023-12-27,VUS,2023-12-27,VUS
3199417,2021-11-22,VUS,2021-11-22,VUS
3199421,2022-08-17,VUS,2022-08-17,VUS
3199425,2023-09-20,VUS,2023-09-20,VUS
3199441,2024-02-21,VUS,2024-02-21,VUS
3199448,2023-10-05,VUS,2025-10-03,VUS
3199450,2024-02-02,VUS,2024-06-20,VUS
3199452,2022-04-13,VUS,2022-04-13,VUS
3199458,2022-06-29,VUS,2022-06-29,VUS
3199462,2021-07-20,VUS,2021-07-20,VUS
3199466,2021-09-01,LB,2021-09-01,LB
3199472,2023-12-17,VUS,2023-12-17,VUS
3203956,2023-01-17,VUS,2023-11-20,VUS
3203957,2024-01-09,VUS,2024-01-09,VUS
3220860,2024-04-05,LP,2024-04-05,LP
3226217,2024-03-08,VUS,2024-03-08,VUS
3231485,2023-07-24,VUS,2023-07-24,VUS
3231486,2023-05-16,LB,2023-05-16,LB
3231487,2023-09-16,VUS,2025-10-10,VUS
3231488,2023-10-08,LB,2023-10-08,LB
3231489,2023-04-03,LB,2023-04-03,LB
3231490,2023-10-06,LB,2023-10-06,LB
3231491,2023-05-23,LB,2023-05-23,LB
3231492,2023-08-29,VUS,2023-08-29,VUS
3231493,2023-09-25,LB,2023-09-25,LB
3231494,2023-10-22,VUS,2023-10-22,VUS
3231495,2024-01-01,LB,2024-01-01,LB
3231496,2023-06-27,LB,2023-06-27,LB
3231497,2023-12-14,VUS,2023-12-14,VUS
3231498,2023-07-26,LB,2023-07-26,LB
3231499,2023-12-29,VUS,2023-12-29,VUS
3231500,2023-09-20,LB,2023-09-20,LB
3231501,2023-04-25,VUS,2023-04-25,VUS
3231502,2023-05-25,LB,2023-05-25,LB
3231503,2023-12-11,VUS,2023-12-11,VUS
3231504,2023-04-28,LB,2023-04-28,LB
3231505,2023-09-05,LB,2023-09-05,LB
3231506,2023-05-12,VUS,2023-05-12,VUS
3231507,2023-05-18,VUS,2023-05-18,VUS
3231508,2023-10-10,VUS,2023-10-10,VUS
3231509,2023-09-14,VUS,2023-09-14,VUS
3231510,2023-04-11,LB,2023-04-11,LB
3231511,2023-09-18,VUS,2023-09-18,VUS
3231512,2024-02-29,VUS,2024-02-29,VUS
3231513,2023-10-01,LB,2023-10-01,LB
3231514,2023-04-19,LB,2023-04-19,LB
3231515,2024-01-26,LB,2024-01-26,LB
3231516,2023-05-21,LB,2023-05-21,LB
3231517,2023-03-23,VUS,2023-03-23,VUS
3231518,2023-05-30,VUS,2023-05-30,VUS
3231520,2023-06-21,VUS,2023-06-21,VUS
3231521,2023-11-21,VUS,2023-11-21,VUS
3231522,2023-07-07,VUS,2023-07-07,VUS
3231523,2024-02-16,LB,2024-02-16,LB
3231524,2023-10-16,LB,2023-10-16,LB
3231525,2023-03-26,VUS,2023-03-26,VUS
3231526,2023-04-05,VUS,2023-04-05,VUS
3231527,2023-05-14,VUS,2023-05-14,VUS
3231528,2023-11-23,LB,2023-11-23,LB
3231529,2023-09-28,VUS,2023-09-28,VUS
3231530,2023-11-29,VUS,2023-11-29,VUS
3231531,2023-04-13,VUS,2023-04-13,VUS
3231532,2023-09-12,VUS,2023-09-12,VUS
3231533,2023-05-15,LB,2023-05-15,LB
3231534,2023-12-30,LB,2023-12-30,LB
3231535,2023-10-19,VUS,2023-10-19,VUS
3231536,2023-11-02,VUS,2023-11-02,VUS
3231537,2023-09-09,VUS,2024-03-21,VUS
3231538,2023-07-26,LB,2023-07-26,LB
3231539,2023-07-21,VUS,2023-07-21,VUS
3231540,2022-11-11,LB,2022-11-11,LB
3231542,2023-12-14,LB,2023-12-14,LB
3231543,2023-06-21,VUS,2023-06-21,VUS
3231544,2023-07-26,VUS,2023-07-26,VUS
3231545,2023-10-01,LB,2023-10-01,LB
3231546,2023-07-21,VUS,2023-07-21,VUS
3231547,2024-01-16,LB,2024-01-16,LB
3231548,2023-05-14,VUS,2023-05-14,VUS
3231549,2023-11-08,LB,2023-11-08,LB
3231550,2023-05-06,VUS,2023-05-06,VUS
3231551,2024-01-09,VUS,2024-01-09,VUS
3231552,2024-02-09,LB,2024-02-09,LB
3231553,2023-12-15,VUS,2023-12-15,VUS
3231554,2023-07-21,VUS,2023-07-21,VUS
3231555,2023-11-21,VUS,2023-11-21,VUS
3231556,2023-06-12,LB,2023-06-12,LB
3231557,2023-05-28,LB,2025-07-15,LB
3231558,2023-04-16,VUS,2023-04-16,VUS
3231559,2023-09-15,VUS,2023-09-15,VUS
3231560,2023-09-07,VUS,2024-02-15,VUS
3231561,2023-11-10,VUS,2023-11-10,VUS
3231562,2023-04-06,VUS,2023-04-06,VUS
3231563,2023-10-16,VUS,2024-05-19,VUS
3231564,2023-05-19,VUS,2023-05-19,VUS
3231565,2023-04-13,VUS,2023-04-13,VUS
3231566,2023-06-24,VUS,2023-06-24,VUS
3231567,2023-10-09,LB,2023-10-09,LB
3231568,2024-02-29,LB,2024-02-29,LB
3231569,2023-10-06,VUS,2023-10-06,VUS
3231570,2023-04-08,LB,2023-04-08,LB
3231571,2023-08-25,VUS,2023-08-25,VUS
3231572,2023-07-29,VUS,2023-07-29,VUS
3231573,2023-07-20,VUS,2023-07-20,VUS
3231574,2023-12-10,VUS,2024-01-14,VUS
3231575,2023-08-29,VUS,2023-08-29,VUS
3231576,2023-05-05,LB,2023-05-05,LB
3231577,2023-03-19,LB,2023-03-19,LB
3231578,2023-10-19,VUS,2023-10-19,VUS
3231579,2023-04-09,VUS,2023-04-09,VUS
3231580,2023-09-10,VUS,2023-09-10,VUS
3231581,2024-01-16,VUS,2024-01-16,VUS
3231582,2023-03-22,VUS,2023-03-22,VUS
3231583,2023-07-05,LB,2023-07-05,LB
3231584,2023-09-10,LB,2023-09-10,LB
3231585,2023-09-19,LB,2023-09-19,LB
3231586,2023-07-29,VUS,2024-09-12,VUS
3231588,2023-05-13,VUS,2023-05-13,VUS
3231589,2023-04-22,LB,2023-04-22,LB
3231590,2023-12-05,VUS,2023-12-05,VUS
3231591,2023-05-27,VUS,2023-05-27,VUS
3231592,2023-11-18,LB,2023-11-18,LB
3231593,2023-10-05,LB,2023-10-05,LB
3231594,2023-06-11,VUS,2024-09-30,VUS
3231595,2023-06-21,VUS,2023-06-21,VUS
3231596,2023-10-22,VUS,2024-10-16,VUS
3231597,2023-07-23,VUS,2023-07-23,VUS
3231598,2023-11-29,VUS,2023-11-29,VUS
3231599,2023-12-08,P,2023-12-08,P
3231600,2023-06-30,VUS,2023-06-30,VUS
3233355,2024-04-29,VUS,2024-04-29,VUS
3233380,2024-03-14,LP,2024-03-14,LP
3234003,2024-04-07,LP,2024-04-07,LP
3234004,2024-04-07,VUS,2024-04-07,VUS
3234005,2024-05-01,VUS,2024-05-01,VUS
3234006,2024-05-02,VUS,2024-05-02,VUS
3234007,2024-04-06,VUS,2024-04-06,VUS
3234008,2024-04-06,LP,2024-04-06,LP
3234027,2021-11-11,P,2021-11-11,P
3234081,2023-03-16,VUS,2024-05-10,VUS
3234101,2021-09-13,VUS,2021-09-13,VUS
3234402,2024-04-01,LB,2025-10-21,LB
3234580,2024-04-01,VUS,2024-04-01,VUS
3234824,2024-02-01,LB,2024-04-01,LB
3235061,2024-05-06,VUS,2024-06-08,VUS
3235184,2022-08-17,VUS,2022-08-17,VUS
3235944,2022-11-20,P,2022-11-20,P
3236043,2022-01-04,LP,2022-01-04,LP
3236061,2024-01-22,VUS,2024-01-22,VUS
3236073,2023-10-31,P,2023-10-31,P
3236100,2024-01-08,VUS,2024-01-08,VUS
3236142,2023-10-31,LP,2023-10-31,LP
3236145,2022-08-22,VUS,2024-02-08,VUS
3236186,2022-07-19,LP,2022-07-19,LP
3236225,2022-09-28,P,2022-09-28,P
3236232,2023-10-31,LP,2023-10-31,LP
3236234,2023-04-26,LP,2025-02-06,LP
3236344,2024-02-26,LP,2024-02-26,LP
3236363,2021-07-26,VUS,2024-04-02,VUS
3236388,2023-06-22,VUS,2023-06-22,VUS
3236753,2024-03-12,LP,2024-06-24,LP
3236755,2024-03-15,LP,2024-03-15,LP
3237500,2023-11-30,LP,2024-03-06,LP
3238968,2024-05-09,LP,2024-05-09,LP
3238969,2024-05-09,P,2024-05-09,P
3238970,2024-05-09,VUS,2024-05-09,VUS
3238971,2024-05-09,VUS,2024-05-09,VUS
3238972,2024-05-09,VUS,2024-05-09,VUS
3238973,2024-05-09,VUS,2024-05-09,VUS
3238974,2024-05-10,LP,2024-05-10,LP
3238975,2024-06-09,P,2024-06-09,P
3238976,2024-06-09,LP,2024-06-09,LP
3238977,2024-06-09,P,2024-06-09,P
3239484,2024-05-01,VUS,2024-05-01,VUS
3239672,2024-02-01,LP,2024-02-01,LP
3241720,2024-03-24,LP,2024-03-24,LP
3241721,2024-03-03,LP,2024-03-03,LP
3241722,2023-12-15,LP,2023-12-15,LP
3242217,2021-05-24,P,2021-05-24,P
3242218,2021-05-24,P,2021-05-24,P
3242274,2017-08-03,P,2017-08-03,P
3242301,2020-10-23,P,2020-10-23,P
3242307,2017-01-20,P,2017-01-20,P
3242308,2017-01-27,P,2017-01-27,P
3242320,2017-08-18,P,2017-08-18,P
3242583,2024-03-21,LP,2024-03-25,LP
3242586,2023-03-07,P,2023-03-07,P
3242589,2024-06-20,P,2024-06-20,P
3243321,2023-10-29,P,2023-10-29,P
3243328,2023-10-09,P,2023-10-09,P
3243329,2023-10-25,VUS,2023-10-25,VUS
3243662,2023-09-08,P,2023-09-08,P
3243693,2023-05-16,P,2023-05-16,P
3243704,2023-07-14,VUS,2023-07-14,VUS
3243717,2018-09-28,LP,2018-09-28,LP
3243857,2023-02-20,P,2023-02-20,P
3243858,2023-08-17,P,2023-08-17,P
3243859,2022-11-29,LP,2022-11-29,LP
3243860,2023-04-19,LP,2023-04-19,LP
3243886,2023-11-19,P,2023-11-19,P
3244360,2023-06-30,P,2023-06-30,P
3244373,2024-01-25,P,2024-01-25,P
3244550,2019-07-24,P,2019-07-24,P
3244684,2023-11-06,VUS,2023-11-06,VUS
3245036,2023-06-28,P,2023-06-28,P
3245038,2023-08-11,P,2023-08-11,P
3245076,2023-06-06,P,2023-06-06,P
3245284,2023-10-19,P,2023-10-19,P
3245344,2023-11-25,P,2023-11-25,P
3245385,2023-02-23,LP,2023-02-23,LP
3245386,2023-03-01,P,2023-03-01,P
3245602,2023-11-17,P,2023-11-17,P
3245701,2023-11-07,VUS,2023-11-07,VUS
3246508,2023-05-22,P,2023-05-22,P
3246741,2022-12-08,P,2022-12-08,P
3246754,2023-04-26,P,2023-04-26,P
3246879,2023-07-07,P,2023-07-07,P
3247003,2023-08-30,P,2023-08-30,P
3247037,2022-07-18,P,2022-07-18,P
3247120,2023-11-04,P,2023-11-04,P
3247121,2023-02-24,P,2023-02-24,P
3247122,2023-08-27,P,2023-08-27,P
3247123,2024-01-16,P,2024-01-16,P
3247230,2023-03-10,P,2023-03-10,P
3247233,2022-08-09,VUS,2022-08-09,VUS
3247316,2023-03-18,P,2023-03-18,P
3247317,2023-12-11,LP,2023-12-11,LP
3247415,2023-09-19,P,2023-09-19,P
3247433,2022-10-25,P,2022-10-25,P
3247799,2022-09-22,P,2022-09-22,P
3247800,2023-01-31,VUS,2023-01-31,VUS
3247992,2022-03-20,P,2022-03-20,P
3248011,2023-10-17,P,2023-10-17,P
3248012,2023-03-13,P,2023-03-13,P
3248279,2024-01-12,P,2024-01-12,P
3248320,2023-05-08,P,2023-05-08,P
3248321,2020-01-21,VUS,2020-01-21,VUS
3248362,2023-02-10,P,2023-02-10,P
3248631,2024-03-08,LP,2024-03-08,LP
3248632,2024-03-08,LP,2024-03-08,LP
3251036,2024-06-01,VUS,2024-06-01,VUS
3251245,2024-05-24,LP,2024-05-24,LP
3251246,2024-07-01,LP,2024-07-01,LP
3251487,2024-04-29,LB,2024-04-29,LB
3251511,2024-04-05,VUS,2024-04-17,VUS
3251723,2024-04-24,VUS,2024-04-24,VUS
3251827,2024-04-21,VUS,2024-04-21,VUS
3251852,2024-04-19,LP,2024-04-19,LP
3252507,2023-12-07,P,2023-12-07,P
3253068,2023-10-09,LP,2023-10-09,LP
3254619,2023-07-17,P,2023-07-17,P
3254700,2023-07-17,VUS,2023-07-17,VUS
3255100,2024-09-21,LP,2024-09-21,LP
3255103,2023-07-17,P,2023-07-17,P
3255104,2023-07-17,P,2023-07-17,P
3255164,2023-07-17,LP,2023-07-17,LP
3255506,2024-07-17,LP,2024-07-17,LP
3255603,2021-01-05,LP,2021-01-05,LP
3256598,2023-12-23,VUS,2024-05-24,VUS
3256630,2024-05-23,P,2024-05-23,P
3256634,2024-05-29,LP,2024-05-29,LP
3256663,2024-02-01,VUS,2024-02-01,VUS
3256887,2024-05-07,VUS,2024-05-07,VUS
3256891,2024-02-01,VUS,2024-02-01,VUS
3257158,2024-07-01,VUS,2024-07-01,VUS
3257703,2024-07-01,VUS,2024-07-01,VUS
3263475,2024-06-16,LB,2024-06-16,LB
3263478,2024-03-21,VUS,2024-03-21,VUS
3263479,2024-03-25,VUS,2024-03-25,VUS
3263481,2024-03-28,VUS,2024-03-28,VUS
3263482,2024-03-16,LB,2024-03-16,LB
3263483,2024-03-24,LB,2024-03-24,LB
3263484,2024-03-31,LB,2024-03-31,LB
3263485,2024-04-04,LB,2024-04-04,LB
3263486,2024-04-15,VUS,2024-04-25,VUS
3263487,2024-04-12,LB,2024-04-12,LB
3263490,2024-04-16,LB,2024-04-16,LB
3263491,2024-04-22,LB,2024-04-22,LB
3263492,2024-04-24,LB,2024-04-24,LB
3263494,2024-05-10,VUS,2024-05-10,VUS
3263495,2024-04-30,LB,2024-04-30,LB
3263496,2024-05-09,LB,2024-05-09,LB
3263497,2024-05-09,LB,2024-05-09,LB
3263498,2024-05-23,VUS,2024-05-23,VUS
3263499,2024-05-20,LB,2026-01-24,LB
3263500,2024-06-04,VUS,2024-06-04,VUS
3263501,2024-05-28,LB,2024-05-28,LB
3263502,2024-06-04,LB,2024-06-04,LB
3263503,2024-06-19,VUS,2024-06-19,VUS
3263504,2024-06-08,LB,2024-06-08,LB
3263505,2024-05-24,VUS,2024-05-24,VUS
3267581,2024-03-18,VUS,2024-06-05,VUS
3267582,2024-04-15,VUS,2024-04-15,VUS
3267583,2024-04-09,VUS,2024-04-09,VUS
3267584,2024-04-30,VUS,2024-04-30,VUS
3267593,2024-05-30,VUS,2024-05-30,VUS
3267594,2024-06-22,VUS,2024-06-22,VUS
3267599,2024-04-09,LB,2024-04-09,LB
3267600,2024-03-30,VUS,2024-03-30,VUS
3269247,2024-03-28,VUS,2025-07-10,VUS
3269257,2024-06-02,VUS,2024-06-02,VUS
3269263,2024-03-31,VUS,2024-03-31,VUS
3269282,2024-05-13,VUS,2024-05-13,VUS
3269289,2024-05-28,VUS,2024-05-28,VUS
3270510,2024-04-23,VUS,2024-04-23,VUS
3273761,2024-03-18,VUS,2024-03-18,VUS
3273762,2024-04-06,VUS,2024-04-06,VUS
3273763,2024-04-18,VUS,2024-04-18,VUS
3273764,2024-05-20,VUS,2024-05-20,VUS
3276730,2024-04-20,VUS,2024-04-20,VUS
3276736,2024-04-01,VUS,2024-04-01,VUS
3276756,2024-05-21,VUS,2024-05-21,VUS
3282681,2024-03-26,VUS,2024-03-26,VUS
3287637,2024-04-12,VUS,2024-04-12,VUS
3287638,2024-06-18,LB,2024-06-18,LB
3299616,2024-04-17,VUS,2024-04-17,VUS
3308902,2024-05-08,VUS,2024-05-08,VUS
3318802,2024-04-24,VUS,2025-02-05,VUS
3318803,2024-05-28,VUS,2024-06-03,VUS
3318804,2024-03-15,VUS,2024-03-15,VUS
3318805,2024-05-02,VUS,2024-05-02,VUS
3319060,2024-04-24,VUS,2024-04-24,VUS
3319061,2024-05-08,LB,2024-05-08,LB
3319062,2024-03-15,VUS,2024-03-15,VUS
3319063,2024-03-25,VUS,2024-03-25,VUS
3319064,2024-04-01,VUS,2024-04-01,VUS
3319492,2024-03-19,VUS,2024-03-19,VUS
3319493,2024-04-19,VUS,2024-04-19,VUS
3319537,2024-04-08,VUS,2024-04-08,VUS
3319538,2024-04-24,VUS,2024-04-24,VUS
3319539,2024-06-13,VUS,2024-06-13,VUS
3319547,2024-04-22,VUS,2024-04-23,VUS
3319548,2024-04-23,VUS,2024-04-23,VUS
3319549,2024-04-30,VUS,2024-04-30,VUS
3319550,2024-06-16,VUS,2024-06-16,VUS
3319785,2024-04-08,VUS,2024-04-08,VUS
3319786,2024-04-30,VUS,2024-04-30,VUS
3319916,2024-04-04,VUS,2024-04-04,VUS
3319918,2024-05-09,VUS,2024-08-05,VUS
3319919,2024-05-26,VUS,2024-05-26,VUS
3320233,2024-06-13,VUS,2024-06-13,VUS
3320235,2024-02-09,VUS,2024-03-25,VUS
3329460,2024-01-22,VUS,2024-03-31,VUS
3329461,2024-05-21,VUS,2024-05-21,VUS
3329464,2024-03-20,VUS,2024-05-25,VUS
3329467,2024-05-30,VUS,2024-05-30,VUS
3329468,2024-04-04,VUS,2024-06-02,VUS
3329469,2024-06-22,VUS,2024-06-22,VUS
3329523,2024-03-29,VUS,2024-03-29,VUS
3329528,2024-05-20,VUS,2024-05-20,VUS
3333353,2024-03-18,VUS,2024-03-18,VUS
3333354,2024-04-12,VUS,2024-04-12,VUS
3333355,2024-06-18,VUS,2024-06-18,VUS
3333356,2024-05-10,VUS,2024-05-10,VUS
3333357,2024-03-28,VUS,2024-06-17,VUS
3333358,2024-04-04,VUS,2024-04-04,VUS
3333359,2024-05-16,LB,2024-05-16,LB
3333361,2024-04-26,VUS,2024-04-26,VUS
3333362,2024-05-08,VUS,2024-05-08,VUS
3333363,2024-06-18,VUS,2024-06-18,VUS
3333364,2024-06-22,VUS,2024-06-22,VUS
3336091,2024-05-08,VUS,2024-05-08,VUS
3336410,2024-05-23,VUS,2024-05-23,VUS
3336458,2024-05-21,P,2024-05-21,P
3336461,2024-05-21,VUS,2024-05-21,VUS
3336473,2024-05-31,LP,2024-05-31,LP
3337415,2022-05-27,VUS,2022-05-27,VUS
3337416,2022-05-27,VUS,2022-05-27,VUS
3337593,2023-05-29,VUS,2023-05-29,VUS
3338390,2024-07-30,LP,2024-07-30,LP
3338407,2024-08-01,VUS,2024-08-01,VUS
3338411,2024-08-14,VUS,2024-08-14,VUS
3338442,2024-06-01,LP,2024-06-01,LP
3338629,2024-08-20,LP,2024-08-20,LP
3338818,2024-10-04,P,2024-10-04,P
3338819,2023-07-11,VUS,2023-07-11,VUS
3338981,2024-07-10,VUS,2024-07-10,VUS
3338986,2024-03-19,VUS,2024-07-10,VUS
3339268,2024-07-31,LB,2024-07-31,LB
3339315,2024-07-27,VUS,2024-10-17,VUS
3339405,2024-07-31,P,2024-07-31,P
3339483,2024-07-16,LB,2024-07-16,LB
3339488,2024-07-16,VUS,2024-07-16,VUS
3339539,2024-06-27,VUS,2024-06-27,VUS
3339732,2024-06-05,VUS,2024-06-05,VUS
3339839,2024-06-24,VUS,2024-06-24,VUS
3339933,2024-06-20,VUS,2025-03-04,VUS
3340454,2024-11-26,LP,2024-11-26,LP
3340600,2024-03-19,LP,2024-05-31,LP
3340651,2023-12-20,VUS,2024-02-02,VUS
3340980,2021-05-25,LB,2021-05-25,LB
3341138,2024-07-30,P,2024-07-30,P
3341140,2024-07-31,VUS,2025-10-28,VUS
3341395,2023-05-20,VUS,2023-05-20,VUS
3342045,2024-08-01,VUS,2024-08-01,VUS
3342082,2024-08-01,LB,2024-08-01,LB
3342419,2023-07-17,VUS,2023-07-17,VUS
3344071,2024-04-05,VUS,2024-04-05,VUS
3344397,2024-04-25,P,2024-04-25,P
3344448,2024-05-14,LP,2024-05-14,LP
3344672,2024-04-17,VUS,2024-04-17,VUS
3344831,2024-09-14,VUS,2024-09-14,VUS
3344930,2024-09-07,LP,2024-09-07,LP
3345007,2024-04-04,LB,2024-04-04,LB
3345105,2024-04-04,LP,2024-04-04,LP
3345657,2024-07-22,VUS,2024-07-22,VUS
3345680,2024-07-28,VUS,2024-07-28,VUS
3345844,2024-06-10,LP,2024-06-10,LP
3346134,2024-08-06,LB,2024-08-06,LB
3346191,2024-06-17,VUS,2024-06-17,VUS
3346381,2024-07-19,VUS,2024-07-19,VUS
3346546,2024-05-13,LP,2024-05-13,LP
3347232,2024-09-24,LB,2024-09-24,LB
3347516,2024-03-27,LP,2024-04-25,LP
3348135,2024-06-22,VUS,2025-06-18,VUS
3348160,2024-07-09,LP,2024-07-09,LP
3348869,2024-03-20,VUS,2024-03-20,VUS
3349200,2024-03-07,VUS,2024-03-07,VUS
3349280,2024-05-30,LB,2024-05-30,LB
3350207,2024-03-07,LB,2024-03-07,LB
3350842,2024-03-20,VUS,2024-03-20,VUS
3350900,2024-07-15,LB,2024-07-15,LB
3350969,2024-07-24,VUS,2024-07-24,VUS
3351476,2024-06-21,LP,2025-08-29,LP
3351884,2024-01-02,VUS,2024-09-11,VUS
3352062,2024-09-12,LB,2024-09-12,LB
3352138,2019-06-21,LB,2019-06-21,LB
3354861,2024-08-01,VUS,2024-08-01,VUS
3355463,2024-05-02,VUS,2024-06-06,VUS
3355902,2024-09-13,VUS,2024-09-13,VUS
3355997,2024-04-04,VUS,2024-04-04,VUS
3356541,2023-01-12,LB,2023-01-12,LB
3356590,2024-04-04,VUS,2024-04-04,VUS
3356675,2024-07-05,LP,2024-07-05,LP
3356677,2024-09-24,LB,2024-09-24,LB
3356837,2024-08-07,VUS,2024-08-07,VUS
3357233,2024-07-18,VUS,2024-07-18,VUS
3357349,2024-04-29,VUS,2024-04-29,VUS
3358622,2024-06-19,VUS,2024-09-24,VUS
3358874,2024-09-09,P,2024-09-09,P
3358875,2024-09-10,VUS,2024-09-10,VUS
3358876,2024-09-10,P,2024-09-10,P
3358877,2024-09-18,VUS,2024-09-18,VUS
3358878,2024-09-18,P,2024-09-18,P
3358971,2024-06-12,VUS,2024-06-12,VUS
3359151,2024-08-26,P,2024-08-26,P
3359152,2024-08-26,P,2024-08-26,P
3359153,2024-08-26,LP,2024-08-26,LP
3359154,2024-03-05,LP,2024-08-26,LP
3359155,2024-08-26,LP,2024-08-26,LP
3359157,2024-08-26,LP,2024-08-26,LP
3359158,2024-08-26,LP,2024-08-26,LP
3359159,2024-08-26,P,2024-08-26,P
3359160,2024-08-26,P,2024-08-26,P
3359161,2024-08-26,LP,2024-08-26,LP
3359162,2024-08-26,P,2024-08-26,P
3359163,2024-08-26,LP,2024-08-26,LP
3359164,2024-08-26,LP,2024-08-26,LP
3359165,2024-08-26,P,2024-08-26,P
3359166,2024-08-26,LP,2024-08-26,LP
3359168,2024-08-26,LP,2024-08-26,LP
3359169,2024-08-26,LP,2024-08-26,LP
3359170,2024-08-26,LP,2024-08-26,LP
3359171,2024-08-26,LP,2024-08-26,LP
3359172,2024-08-26,LP,2024-08-26,LP
3359173,2024-08-26,P,2024-08-26,P
3359174,2024-08-26,LP,2024-08-26,LP
3359175,2024-08-26,P,2024-08-26,P
3359176,2024-08-26,P,2024-08-26,P
3359177,2024-08-26,P,2024-08-26,P
3359178,2024-08-26,P,2024-08-26,P
3359179,2024-08-26,LP,2024-08-26,LP
3359180,2024-08-26,P,2024-08-26,P
3359181,2024-08-26,LP,2025-10-28,LP
3359182,2024-08-26,P,2024-08-26,P
3359183,2024-08-26,P,2024-08-26,P
3359184,2024-08-26,LP,2024-08-26,LP
3359185,2024-08-26,P,2024-08-26,P
3359186,2024-08-26,P,2024-08-26,P
3359187,2024-08-26,P,2024-08-26,P
3359188,2024-06-06,LP,2026-01-16,LP
3359189,2024-08-26,LP,2024-08-26,LP
3359190,2024-08-26,LP,2024-08-26,LP
3359191,2024-08-26,P,2024-08-26,P
3359192,2024-08-26,LP,2024-08-26,LP
3359193,2024-08-26,LP,2024-08-26,LP
3359194,2024-08-26,LP,2024-08-26,LP
3359196,2024-08-26,LP,2024-08-26,LP
3359197,2024-08-26,LP,2024-08-26,LP
3359199,2024-08-26,P,2024-08-26,P
3359200,2024-08-26,P,2024-08-26,P
3359201,2024-08-26,P,2024-08-26,P
3359202,2024-08-26,P,2024-08-26,P
3359203,2024-08-26,LP,2024-08-26,LP
3359204,2024-08-26,LP,2024-08-26,LP
3359205,2024-08-26,P,2024-08-26,P
3359206,2024-08-26,LP,2024-08-26,LP
3359207,2024-08-26,P,2024-08-26,P
3359210,2024-08-26,P,2024-08-26,P
3359211,2024-03-07,VUS,2026-02-27,VUS
3359395,2023-06-07,VUS,2025-09-08,VUS
3359531,2023-06-05,VUS,2023-06-05,VUS
3359899,2023-06-16,VUS,2023-06-16,VUS
3360942,2023-07-06,VUS,2023-07-06,VUS
3361359,2023-07-26,VUS,2024-03-07,VUS
3361444,2023-08-01,VUS,2023-08-01,VUS
3361649,2023-07-27,VUS,2023-07-27,VUS
3362760,2024-09-22,VUS,2024-09-22,VUS
3362874,2024-09-01,P,2024-09-01,P
3362876,2024-09-01,P,2024-09-01,P
3363462,2023-10-27,VUS,2023-10-27,VUS
3363626,2023-10-26,VUS,2023-10-26,VUS
3364339,2023-11-16,VUS,2023-11-16,VUS
3364359,2023-11-16,VUS,2023-11-16,VUS
3364851,2024-04-18,VUS,2024-04-18,VUS
3365992,2023-10-16,VUS,2023-10-16,VUS
3366371,2024-08-08,VUS,2024-08-08,VUS
3366372,2024-08-08,VUS,2024-08-08,VUS
3366448,2024-08-07,VUS,2024-08-07,VUS
3366530,2024-08-02,P,2024-08-02,P
3366581,2024-08-31,VUS,2024-08-31,VUS
3366609,2024-08-31,VUS,2024-08-31,VUS
3366901,2024-09-30,VUS,2024-09-30,VUS
3367047,2023-05-20,VUS,2023-05-20,VUS
3367112,2023-05-20,VUS,2023-05-20,VUS
3367125,2023-05-20,VUS,2023-05-20,VUS
3367307,2023-12-31,VUS,2023-12-31,VUS
3368738,2024-02-01,VUS,2024-02-01,VUS
3368938,2024-02-06,VUS,2024-02-06,VUS
3369021,2024-02-15,VUS,2024-02-15,VUS
3369914,2024-02-28,VUS,2024-02-28,VUS
3370033,2023-12-26,VUS,2023-12-26,VUS
3370333,2024-09-13,LP,2024-09-13,LP
3370338,2024-10-04,VUS,2024-10-04,VUS
3370354,2024-10-04,VUS,2024-10-04,VUS
3370382,2024-10-14,VUS,2024-10-14,VUS
3370383,2024-10-14,VUS,2024-10-14,VUS
3370455,2024-10-14,VUS,2024-10-14,VUS
3370456,2024-10-24,P,2024-10-24,P
3370457,2024-10-24,LP,2024-10-24,LP
3370944,2024-03-12,VUS,2024-03-12,VUS
3372128,2024-04-05,VUS,2024-04-05,VUS
3372960,2024-04-21,VUS,2024-04-21,VUS
3373279,2024-05-01,VUS,2024-05-01,VUS
3373457,2024-03-08,VUS,2024-03-08,VUS
3374726,2024-10-14,VUS,2024-10-14,VUS
3374899,2025-11-07,P,2025-11-07,P
3376593,2022-02-02,VUS,2022-02-02,VUS
3376610,2022-02-02,VUS,2022-02-02,VUS
3376790,2023-07-17,P,2023-07-17,P
3376792,2023-07-17,LP,2024-01-22,LP
3376824,2024-09-16,LP,2024-09-21,LP
3376872,2024-10-10,LP,2024-10-10,LP
3377295,2024-10-10,LP,2024-10-10,LP
3377378,2020-05-21,P,2020-05-21,P
3377517,2022-06-24,VUS,2022-06-24,VUS
3377519,2022-06-24,VUS,2022-06-24,VUS
3377640,2023-06-22,VUS,2023-06-22,VUS
3377727,2023-06-22,VUS,2023-06-22,VUS
3377753,2024-03-15,LP,2024-03-15,LP
3378240,2024-05-14,VUS,2024-05-14,VUS
3378410,2024-11-20,LP,2024-11-20,LP
3379433,2024-01-16,VUS,2024-01-16,VUS
3379437,2024-06-03,VUS,2024-06-03,VUS
3379484,2023-08-21,VUS,2024-06-26,VUS
3379485,2024-03-26,VUS,2024-03-26,VUS
3379486,2023-07-06,VUS,2023-07-06,VUS
3379487,2024-08-21,VUS,2024-08-21,VUS
3379488,2024-06-18,VUS,2024-08-15,VUS
3379941,2023-11-27,VUS,2023-11-27,VUS
3379980,2024-06-11,VUS,2024-06-11,VUS
3380157,2024-08-14,VUS,2024-08-14,VUS
3380167,2024-03-15,VUS,2024-03-15,VUS
3380286,2024-06-06,VUS,2024-06-06,VUS
3380491,2023-10-20,VUS,2024-04-23,VUS
3380493,2024-03-07,VUS,2024-03-07,VUS
3380494,2024-02-26,VUS,2024-02-26,VUS
3380746,2024-01-15,VUS,2025-10-03,VUS
3380753,2024-04-26,VUS,2024-04-26,VUS
3380806,2025-04-30,LP,2025-04-30,LP
3380807,2023-08-03,VUS,2023-08-03,VUS
3380820,2024-02-13,VUS,2024-06-12,VUS
3380978,2023-09-29,P,2023-09-29,P
3381029,2023-11-14,P,2023-11-14,P
3381162,2023-12-18,LP,2023-12-18,LP
3381163,2025-04-21,LP,2025-04-21,LP
3381164,2024-04-02,LP,2024-04-02,LP
3381165,2023-07-14,LP,2023-07-14,LP
3381166,2024-01-23,LP,2024-01-23,LP
3381208,2024-11-19,LP,2024-11-19,LP
3381560,2024-05-20,VUS,2024-05-20,VUS
3381625,2024-05-21,VUS,2024-05-21,VUS
3383340,2024-11-14,VUS,2024-11-14,VUS
3383343,2024-11-14,LP,2024-11-14,LP
3383372,2024-11-01,LP,2024-11-01,LP
3383468,2024-05-26,VUS,2024-05-26,VUS
3383935,2024-12-02,B,2024-12-02,B
3383936,2024-12-09,P,2024-12-09,P
3383937,2024-11-27,P,2024-11-27,P
3383938,2024-12-02,LP,2024-12-02,LP
3383988,2024-10-04,LP,2024-10-04,LP
3384045,2024-10-04,LP,2024-10-04,LP
3384048,2024-10-04,LP,2024-10-04,LP
3384682,2024-05-12,LP,2024-05-12,LP
3384724,2024-10-13,VUS,2024-10-13,VUS
3384937,2024-10-04,VUS,2024-10-04,VUS
3385016,2024-10-01,VUS,2024-10-01,VUS
3385072,2024-10-25,VUS,2024-10-25,VUS
3385258,2024-10-16,VUS,2024-10-16,VUS
3385266,2024-10-16,VUS,2024-10-16,VUS
3385267,2024-10-16,VUS,2024-10-16,VUS
3389453,2024-11-01,VUS,2024-11-01,VUS
3390109,2024-11-01,P,2024-11-01,P
3390280,2024-11-01,VUS,2024-11-01,VUS
3390465,2024-06-12,VUS,2024-06-12,VUS
3390467,2024-06-12,VUS,2024-06-12,VUS
3390472,2024-06-12,VUS,2025-08-13,VUS
3390567,2024-06-10,LP,2024-06-10,LP
3390939,2024-12-17,P,2025-09-10,P
3390990,2024-11-01,P,2024-11-01,P
3390992,2024-11-01,P,2024-11-01,P
3390994,2024-11-01,P,2024-11-01,P
3391000,2024-11-01,P,2024-11-01,P
3391001,2024-11-01,P,2024-11-01,P
3391002,2024-11-01,P,2024-11-01,P
3391437,2024-12-20,LP,2024-12-20,LP
3391637,2024-06-20,VUS,2024-06-20,VUS
3391785,2024-06-20,VUS,2024-06-20,VUS
3391805,2024-06-22,VUS,2024-06-22,VUS
3391842,2024-02-19,P,2024-02-19,P
3391843,2023-10-19,P,2023-10-19,P
3391844,2024-03-01,P,2024-03-01,P
3391845,2024-03-15,P,2024-03-15,P
3391877,2023-10-03,P,2023-10-03,P
3391897,2023-08-12,P,2023-08-12,P
3391898,2024-06-26,P,2024-06-26,P
3391907,2024-04-19,P,2024-04-19,P
3391932,2023-07-21,P,2023-07-21,P
3391938,2023-10-26,P,2023-10-26,P
3391958,2024-05-01,P,2024-05-01,P
3392016,2024-06-11,VUS,2024-06-11,VUS
3392069,2023-11-17,VUS,2023-11-17,VUS
3392556,2024-12-13,VUS,2024-12-13,VUS
3392565,2024-06-25,P,2024-06-25,P
3392787,2024-06-25,VUS,2024-06-25,VUS
3393154,2024-12-19,VUS,2024-12-19,VUS
3393194,2024-12-19,VUS,2024-12-19,VUS
3393223,2024-12-19,LP,2024-12-19,LP
3393248,2024-12-19,LP,2024-12-19,LP
3393510,2025-01-03,VUS,2025-01-03,VUS
3393511,2025-01-03,VUS,2025-01-03,VUS
3393512,2025-01-03,VUS,2025-01-03,VUS
3393513,2024-12-06,VUS,2024-12-06,VUS
3393514,2024-12-13,VUS,2024-12-13,VUS
3393515,2024-12-20,P,2024-12-20,P
3393556,2024-07-03,VUS,2024-07-03,VUS
3393557,2024-07-03,VUS,2024-07-03,VUS
3393763,2024-07-03,VUS,2024-07-03,VUS
3405361,2024-03-29,VUS,2024-07-17,VUS
3405362,2024-10-19,VUS,2024-10-19,VUS
3405363,2024-11-10,VUS,2024-11-10,VUS
3405364,2024-08-07,VUS,2024-08-07,VUS
3405365,2024-09-01,VUS,2024-09-01,VUS
3405367,2024-09-12,VUS,2024-09-12,VUS
3405368,2024-09-26,VUS,2024-09-26,VUS
3405369,2024-10-22,VUS,2024-10-22,VUS
3405370,2024-11-12,VUS,2024-11-12,VUS
3409730,2024-02-20,VUS,2024-11-13,VUS
3409731,2024-08-05,VUS,2025-08-20,VUS
3409732,2024-08-27,LB,2024-08-27,LB
3409733,2024-09-02,VUS,2024-09-02,VUS
3442496,2024-09-25,VUS,2024-09-25,VUS
3442497,2024-10-07,VUS,2024-10-07,VUS
3442498,2024-10-06,VUS,2024-10-06,VUS
3442499,2024-08-05,VUS,2024-08-05,VUS
3442500,2024-09-08,VUS,2024-09-08,VUS
3442501,2024-09-08,VUS,2024-09-08,VUS
3442503,2024-01-20,VUS,2024-10-29,VUS
3443050,2024-10-08,VUS,2024-10-08,VUS
3443052,2024-11-20,VUS,2024-11-20,VUS
3443930,2024-11-12,VUS,2024-11-12,VUS
3443931,2024-06-26,VUS,2024-06-26,VUS
3443932,2024-08-05,VUS,2024-08-05,VUS
3443933,2024-08-20,VUS,2024-08-20,VUS
3443934,2024-09-27,VUS,2024-09-27,VUS
3443935,2024-10-23,VUS,2024-10-23,VUS
3443936,2024-11-20,VUS,2024-11-20,VUS
3444005,2024-01-28,VUS,2025-12-01,VUS
3444006,2024-08-14,VUS,2024-08-14,VUS
3444007,2024-09-09,VUS,2024-09-09,VUS
3444008,2024-10-07,VUS,2025-12-01,VUS
3444010,2024-11-15,VUS,2024-11-15,VUS
3444011,2024-12-05,VUS,2024-12-05,VUS
3444012,2024-12-09,VUS,2024-12-09,VUS
3444019,2024-01-14,VUS,2024-09-02,VUS
3444020,2024-11-13,VUS,2024-11-13,VUS
3444021,2024-04-30,VUS,2024-08-28,VUS
3444022,2024-09-26,VUS,2024-09-26,VUS
3444023,2024-09-02,LB,2024-09-02,LB
3444025,2024-09-20,VUS,2024-09-20,VUS
3444026,2024-10-01,VUS,2024-10-01,VUS
3444027,2024-11-15,VUS,2024-11-15,VUS
3444028,2024-12-02,VUS,2024-12-02,VUS
3444475,2024-12-06,VUS,2024-12-06,VUS
3444476,2024-07-27,LB,2024-07-27,LB
3444477,2024-09-11,VUS,2024-09-11,VUS
3444478,2024-12-03,LB,2024-12-03,LB
3444479,2024-07-25,VUS,2024-07-25,VUS
3444480,2024-11-28,VUS,2024-11-28,VUS
3444481,2024-12-04,VUS,2024-12-04,VUS
3444675,2024-02-06,VUS,2024-09-09,VUS
3444676,2024-08-05,VUS,2024-08-05,VUS
3444677,2024-08-20,VUS,2024-08-20,VUS
3444678,2024-09-04,VUS,2024-09-04,VUS
3444679,2024-06-14,VUS,2024-10-22,VUS
3444680,2024-12-03,VUS,2024-12-03,VUS
3445156,2024-06-25,VUS,2024-06-25,VUS
3445157,2024-08-12,LB,2024-08-12,LB
3445158,2024-10-08,VUS,2024-10-08,VUS
3458135,2024-10-06,VUS,2024-10-06,VUS
3458444,2024-11-11,VUS,2024-11-11,VUS
3458500,2024-06-25,VUS,2024-06-25,VUS
3458509,2024-08-12,VUS,2024-08-12,VUS
3458520,2024-09-30,VUS,2024-09-30,VUS
3458531,2024-11-26,VUS,2024-11-26,VUS
3458538,2024-12-03,VUS,2024-12-03,VUS
3458543,2024-12-04,VUS,2024-12-04,VUS
3458825,2024-10-08,VUS,2024-10-08,VUS
3458841,2024-08-28,VUS,2025-10-03,VUS
3458851,2024-05-10,VUS,2024-08-27,VUS
3458861,2024-05-23,VUS,2024-09-09,VUS
3458873,2024-09-18,VUS,2024-09-18,VUS
3458882,2024-12-10,VUS,2025-07-01,VUS
3467933,2024-06-26,VUS,2024-06-26,VUS
3467934,2024-09-30,VUS,2024-09-30,VUS
3467935,2024-10-09,VUS,2024-10-09,VUS
3467938,2024-10-29,VUS,2024-10-29,VUS
3471127,2024-09-04,VUS,2024-09-04,VUS
3471128,2024-07-07,VUS,2024-07-07,VUS
3471129,2024-08-04,VUS,2024-08-04,VUS
3471130,2024-08-15,VUS,2024-08-15,VUS
3471131,2024-10-08,VUS,2024-10-08,VUS
3471133,2024-11-13,VUS,2024-11-13,VUS
3471134,2024-11-24,VUS,2024-11-24,VUS
3483751,2024-08-06,VUS,2024-08-06,VUS
3483752,2024-07-05,VUS,2024-07-05,VUS
3485304,2024-10-29,LB,2024-10-29,LB
3485306,2024-08-05,VUS,2024-08-05,VUS
3485308,2024-06-27,VUS,2024-06-27,VUS
3485309,2024-07-12,VUS,2024-07-12,VUS
3485310,2024-07-01,LB,2024-07-01,LB
3485313,2024-07-03,LB,2024-07-03,LB
3485314,2024-07-07,LB,2024-07-07,LB
3485315,2024-08-01,VUS,2024-08-01,VUS
3485316,2024-08-20,VUS,2024-08-20,VUS
3485317,2024-08-17,LB,2024-08-17,LB
3485319,2024-08-31,LB,2024-08-31,LB
3485320,2024-09-17,VUS,2024-09-17,VUS
3485321,2024-09-03,LB,2024-09-03,LB
3485322,2024-09-26,VUS,2024-09-26,VUS
3485323,2024-09-22,LB,2024-09-22,LB
3485325,2024-09-22,LB,2024-09-22,LB
3485326,2024-09-26,LB,2024-09-26,LB
3485327,2024-09-27,LB,2024-09-27,LB
3485328,2024-10-01,LB,2024-10-01,LB
3485329,2024-10-11,LB,2024-10-11,LB
3485331,2024-10-13,LB,2024-10-13,LB
3485332,2024-10-17,LB,2024-10-17,LB
3485333,2024-10-17,LB,2025-11-01,LB
3485334,2024-10-20,LB,2024-10-20,LB
3485335,2024-10-24,LB,2024-10-24,LB
3485336,2024-11-09,VUS,2024-11-09,VUS
3485337,2024-10-28,LB,2024-10-28,LB
3485338,2024-10-29,LB,2025-06-01,LB
3485340,2024-11-04,LB,2024-11-04,LB
3485341,2024-11-09,LB,2024-11-09,LB
3485342,2024-11-18,LB,2024-11-18,LB
3485343,2024-11-22,LB,2024-11-22,LB
3485344,2024-11-26,LB,2024-11-26,LB
3485346,2024-07-15,VUS,2024-07-15,VUS
3485347,2024-08-23,VUS,2024-10-02,VUS
3493323,2024-11-23,VUS,2024-11-23,VUS
3493347,2024-09-27,LB,2024-09-27,LB
3493348,2024-10-04,VUS,2024-10-04,VUS
3493350,2024-09-24,VUS,2024-09-24,VUS
3493351,2024-10-08,VUS,2024-10-08,VUS
3493352,2024-05-06,VUS,2024-10-11,VUS
3493353,2024-10-28,VUS,2024-10-28,VUS
3493354,2024-11-20,VUS,2024-11-20,VUS
3493355,2024-09-03,VUS,2024-09-03,VUS
3493356,2024-11-14,VUS,2024-11-14,VUS
3493357,2024-09-27,VUS,2024-09-27,VUS
3493358,2024-10-03,VUS,2024-10-03,VUS
3493371,2024-12-03,VUS,2024-12-03,VUS
3493377,2024-10-29,VUS,2025-07-09,VUS
3493379,2024-06-26,VUS,2024-06-26,VUS
3493380,2024-06-26,VUS,2024-06-26,VUS
3493381,2024-08-05,LB,2024-08-05,LB
3493382,2024-09-25,VUS,2024-09-25,VUS
3493383,2024-09-25,VUS,2024-09-25,VUS
3493384,2024-11-28,VUS,2024-11-28,VUS
3494323,2024-09-11,VUS,2024-09-11,VUS
3494333,2024-10-29,VUS,2024-10-29,VUS
3494342,2024-12-10,VUS,2024-12-10,VUS
3494350,2024-10-29,VUS,2025-05-18,VUS
3494355,2024-11-08,VUS,2024-11-08,VUS
3494363,2024-08-20,VUS,2024-08-20,VUS
3494374,2024-07-02,VUS,2024-07-02,VUS
3494391,2024-07-22,VUS,2024-07-22,VUS
3494401,2024-07-26,VUS,2024-07-26,VUS
3494410,2024-08-14,VUS,2024-08-14,VUS
3494418,2024-11-11,VUS,2024-11-11,VUS
3494430,2024-10-19,VUS,2024-10-19,VUS
3494433,2024-11-09,LB,2024-11-09,LB
3494441,2024-11-20,VUS,2024-11-20,VUS
3494451,2024-11-24,VUS,2024-11-24,VUS
3494461,2024-11-25,VUS,2024-11-25,VUS
3499074,2024-06-07,VUS,2024-09-04,VUS
3499075,2024-11-15,VUS,2024-11-15,VUS
3499076,2024-06-28,VUS,2024-06-28,VUS
3499077,2024-10-25,VUS,2024-10-25,VUS
3499078,2024-08-28,VUS,2024-08-28,VUS
3499079,2024-10-07,VUS,2024-10-07,VUS
3499080,2024-11-20,VUS,2024-11-20,VUS
3499082,2024-12-10,VUS,2024-12-10,VUS
3505253,2024-09-09,VUS,2024-09-09,VUS
3505254,2024-08-05,VUS,2024-08-05,VUS
3505255,2024-07-26,VUS,2024-07-26,VUS
3505257,2024-11-25,VUS,2024-11-25,VUS
3512090,2024-12-10,VUS,2024-12-16,VUS
3512091,2024-11-29,VUS,2024-11-29,VUS
3512092,2024-02-12,VUS,2024-07-26,VUS
3512094,2024-06-24,VUS,2024-08-21,VUS
3512095,2024-08-27,VUS,2024-08-27,VUS
3512096,2024-05-29,VUS,2024-11-26,VUS
3512097,2024-10-07,VUS,2024-10-07,VUS
3522552,2024-11-13,VUS,2024-11-13,VUS
3522553,2024-08-01,VUS,2024-08-01,VUS
3522554,2024-09-26,VUS,2024-09-26,VUS
3522555,2024-09-26,VUS,2024-09-26,VUS
3522556,2024-11-10,VUS,2024-11-10,VUS
3522557,2024-11-29,VUS,2024-11-29,VUS
3526147,2024-07-26,VUS,2024-07-26,VUS
3526148,2024-12-05,VUS,2024-12-05,VUS
3571651,2023-12-21,VUS,2025-09-03,VUS
3571735,2023-12-06,VUS,2023-12-06,VUS
3571793,2024-08-07,VUS,2024-08-07,VUS
3571801,2024-04-10,VUS,2024-04-10,VUS
3572799,2024-07-09,VUS,2024-07-09,VUS
3572938,2025-01-08,VUS,2025-01-08,VUS
3573719,2024-07-15,VUS,2024-07-15,VUS
3574588,2023-12-29,VUS,2023-12-29,VUS
3574589,2024-05-30,VUS,2024-05-30,VUS
3574590,2024-01-15,VUS,2024-01-15,VUS
3574591,2024-01-23,VUS,2024-01-23,VUS
3574592,2024-04-12,VUS,2024-04-12,VUS
3574594,2024-01-08,VUS,2024-01-08,VUS
3574595,2024-02-28,VUS,2024-02-28,VUS
3574596,2024-02-20,VUS,2024-02-20,VUS
3574597,2024-03-08,LP,2024-03-08,LP
3574598,2024-06-04,VUS,2024-06-04,VUS
3574599,2024-06-17,LP,2024-06-17,LP
3574601,2024-02-19,VUS,2024-02-19,VUS
3574602,2024-02-20,VUS,2024-02-20,VUS
3574603,2024-06-07,VUS,2024-06-07,VUS
3574604,2024-02-21,VUS,2024-02-21,VUS
3574605,2024-01-09,VUS,2024-01-09,VUS
3574607,2024-05-03,VUS,2024-05-03,VUS
3574608,2024-03-02,VUS,2024-03-02,VUS
3574609,2024-05-10,VUS,2024-05-10,VUS
3574610,2024-06-03,VUS,2024-06-03,VUS
3574611,2024-03-24,VUS,2026-03-10,VUS
3574613,2024-01-02,VUS,2024-01-02,VUS
3574614,2024-01-30,VUS,2024-01-30,VUS
3574615,2024-06-20,VUS,2025-05-08,VUS
3574616,2024-04-20,VUS,2024-04-20,VUS
3574617,2024-06-07,VUS,2024-06-07,VUS
3574618,2024-06-03,VUS,2024-06-03,VUS
3574620,2024-03-05,VUS,2024-03-05,VUS
3574621,2024-06-17,VUS,2024-06-17,VUS
3574622,2024-01-24,VUS,2024-01-24,VUS
3574623,2024-03-25,VUS,2024-03-25,VUS
3574625,2024-04-28,VUS,2024-04-28,VUS
3574626,2024-05-18,VUS,2024-05-18,VUS
3574627,2024-03-05,VUS,2024-03-05,VUS
3574628,2024-04-02,VUS,2024-04-02,VUS
3577241,2024-01-09,VUS,2024-01-09,VUS
3577242,2024-05-02,VUS,2024-05-02,VUS
3577243,2024-05-08,VUS,2025-11-26,VUS
3577244,2024-06-18,VUS,2024-06-18,VUS
3577245,2024-02-14,VUS,2024-02-14,VUS
3577246,2024-01-01,VUS,2024-01-01,VUS
3577247,2024-06-03,VUS,2024-06-03,VUS
3577248,2024-01-03,VUS,2024-01-03,VUS
3577249,2024-03-02,VUS,2024-03-02,VUS
3577250,2024-06-18,VUS,2024-06-18,VUS
3577251,2024-03-06,VUS,2024-03-06,VUS
3577252,2024-02-18,VUS,2024-02-18,VUS
3577253,2024-05-11,VUS,2024-05-11,VUS
3577255,2024-03-28,VUS,2024-03-28,VUS
3577256,2024-02-14,VUS,2024-02-14,VUS
3577257,2024-02-19,VUS,2024-02-19,VUS
3577258,2024-02-13,VUS,2024-02-13,VUS
3577259,2024-04-27,VUS,2024-04-27,VUS
3577260,2024-04-03,VUS,2024-04-03,VUS
3577262,2024-01-09,VUS,2024-01-09,VUS
3577263,2024-02-07,VUS,2024-02-07,VUS
3577264,2023-12-24,VUS,2023-12-24,VUS
3577265,2024-05-09,LP,2024-05-09,LP
3577266,2024-04-16,VUS,2024-04-16,VUS
3577267,2024-03-13,VUS,2024-03-13,VUS
3577268,2024-02-21,VUS,2024-02-21,VUS
3577269,2024-06-06,LP,2024-06-06,LP
3577270,2024-06-04,VUS,2024-06-04,VUS
3577271,2024-03-11,VUS,2024-03-11,VUS
3577272,2024-04-24,VUS,2024-04-24,VUS
3577273,2024-03-28,VUS,2024-03-28,VUS
3577274,2024-01-02,LP,2024-01-02,LP
3577275,2024-01-23,VUS,2024-01-23,VUS
3577276,2024-04-04,VUS,2024-04-04,VUS
3577277,2024-03-08,VUS,2024-03-08,VUS
3577278,2024-05-23,LP,2024-05-23,LP
3577279,2024-03-20,VUS,2024-03-20,VUS
3577280,2024-03-13,LP,2024-03-13,LP
3577281,2024-04-30,VUS,2024-04-30,VUS
3577282,2024-04-10,LP,2024-04-10,LP
3577283,2024-01-22,VUS,2024-01-22,VUS
3577284,2024-06-14,VUS,2025-05-18,VUS
3577285,2024-02-19,VUS,2024-02-19,VUS
3577286,2024-05-28,LP,2024-05-28,LP
3577287,2024-04-23,LP,2024-04-23,LP
3577288,2024-01-09,VUS,2024-01-09,VUS
3577289,2024-04-23,VUS,2024-04-23,VUS
3577290,2022-03-08,VUS,2024-05-18,VUS
3577291,2024-04-23,VUS,2024-04-23,VUS
3577292,2024-04-12,LP,2024-04-12,LP
3577293,2023-12-28,VUS,2023-12-28,VUS
3577294,2024-03-27,VUS,2024-03-27,VUS
3577295,2024-03-24,VUS,2024-03-24,VUS
3577296,2024-03-30,VUS,2025-03-06,VUS
3577298,2024-01-28,VUS,2024-01-28,VUS
3577299,2024-01-08,VUS,2024-01-08,VUS
3577300,2023-12-27,VUS,2025-01-23,VUS
3577301,2024-05-13,LP,2024-05-13,LP
3577302,2024-04-01,VUS,2024-04-01,VUS
3577303,2024-03-27,VUS,2024-03-27,VUS
3577304,2024-01-29,VUS,2024-01-29,VUS
3577305,2024-01-23,LP,2024-01-23,LP
3577307,2024-02-20,VUS,2024-02-20,VUS
3577308,2024-02-23,VUS,2024-02-23,VUS
3577309,2024-01-02,VUS,2024-01-02,VUS
3577311,2024-02-06,VUS,2024-02-06,VUS
3577312,2023-12-29,VUS,2023-12-29,VUS
3577313,2024-01-23,LP,2024-02-24,LP
3577314,2024-06-01,VUS,2024-06-01,VUS
3577315,2024-03-26,VUS,2024-03-26,VUS
3577316,2024-03-11,VUS,2024-03-11,VUS
3577318,2024-03-21,VUS,2024-03-21,VUS
3577319,2024-05-07,VUS,2024-05-07,VUS
3577320,2024-03-21,VUS,2024-03-21,VUS
3577321,2024-03-04,VUS,2024-03-04,VUS
3577322,2024-04-24,VUS,2025-08-24,VUS
3577323,2024-04-28,VUS,2024-04-28,VUS
3577324,2024-05-31,VUS,2024-05-31,VUS
3577325,2024-01-20,VUS,2024-01-20,VUS
3577326,2023-12-28,LP,2023-12-28,LP
3577327,2024-06-20,LP,2024-06-20,LP
3577328,2024-02-28,VUS,2024-02-28,VUS
3577329,2024-05-13,VUS,2024-05-13,VUS
3577330,2024-04-15,VUS,2024-04-15,VUS
3577332,2024-05-20,VUS,2024-05-20,VUS
3577334,2024-05-01,LP,2024-05-01,LP
3577335,2024-05-07,VUS,2024-05-07,VUS
3577336,2024-06-20,VUS,2024-06-20,VUS
3577337,2024-02-13,VUS,2024-02-13,VUS
3577338,2024-01-16,VUS,2024-01-16,VUS
3577340,2024-02-21,VUS,2024-02-21,VUS
3577341,2024-05-16,VUS,2024-05-16,VUS
3577342,2024-04-17,VUS,2024-04-17,VUS
3577343,2024-04-26,VUS,2025-06-30,VUS
3581338,2024-02-13,VUS,2024-02-13,VUS
3581339,2024-03-11,VUS,2024-03-11,VUS
3581340,2024-04-20,VUS,2024-04-20,VUS
3581341,2024-04-15,VUS,2024-04-15,VUS
3581342,2024-05-06,VUS,2024-05-06,VUS
3581343,2024-02-06,VUS,2025-06-24,VUS
3581344,2024-02-23,VUS,2024-02-23,VUS
3581345,2024-06-05,VUS,2025-10-22,VUS
3581346,2024-04-28,VUS,2024-04-28,VUS
3581347,2024-04-12,VUS,2024-04-12,VUS
3581348,2023-12-24,VUS,2023-12-24,VUS
3581349,2024-03-04,VUS,2024-03-04,VUS
3581350,2024-04-04,LP,2024-04-04,LP
3581352,2024-04-09,VUS,2025-05-18,VUS
3581353,2024-05-16,VUS,2024-05-16,VUS
3581354,2024-05-16,VUS,2024-05-16,VUS
3581355,2024-05-07,VUS,2024-05-07,VUS
3581356,2024-04-01,VUS,2024-04-01,VUS
3581357,2024-03-08,LP,2024-03-08,LP
3581358,2024-03-08,LP,2024-03-08,LP
3581359,2024-04-04,VUS,2024-04-04,VUS
3581360,2024-03-04,VUS,2024-03-04,VUS
3581361,2024-01-05,VUS,2024-01-05,VUS
3581362,2024-04-26,VUS,2024-04-26,VUS
3581363,2024-04-30,VUS,2024-04-30,VUS
3581364,2024-06-04,VUS,2025-12-16,VUS
3581365,2024-03-19,LP,2024-03-19,LP
3581366,2024-03-05,VUS,2024-03-05,VUS
3581367,2024-05-31,VUS,2024-05-31,VUS
3581368,2024-01-15,VUS,2024-01-15,VUS
3582091,2024-03-07,VUS,2025-06-12,VUS
3582092,2024-04-07,VUS,2024-04-07,VUS
3582093,2024-02-29,VUS,2024-02-29,VUS
3582094,2024-06-17,VUS,2024-06-17,VUS
3582095,2024-06-15,VUS,2024-06-15,VUS
3582096,2024-03-07,VUS,2024-03-07,VUS
3582097,2024-04-30,VUS,2025-04-12,VUS
3582098,2024-03-28,VUS,2024-03-28,VUS
3582099,2024-06-09,VUS,2024-06-09,VUS
3582100,2024-02-14,VUS,2024-02-14,VUS
3582101,2024-03-31,VUS,2024-09-23,VUS
3582102,2024-03-11,VUS,2024-06-04,VUS
3582103,2024-06-09,VUS,2024-06-09,VUS
3582104,2024-01-22,VUS,2024-01-22,VUS
3582105,2024-04-10,VUS,2024-04-10,VUS
3582106,2024-06-01,VUS,2026-03-03,VUS
3582107,2024-05-22,VUS,2024-05-22,VUS
3582108,2024-01-29,VUS,2024-01-29,VUS
3582109,2024-05-18,VUS,2024-05-18,VUS
3582110,2024-05-21,VUS,2025-09-17,VUS
3582111,2024-06-18,VUS,2025-09-29,VUS
3582112,2024-06-04,VUS,2025-07-16,VUS
3582113,2024-04-17,VUS,2024-04-17,VUS
3582114,2024-03-13,VUS,2024-03-13,VUS
3582116,2024-03-17,VUS,2024-03-17,VUS
3582117,2024-04-27,VUS,2024-04-27,VUS
3582118,2024-02-29,VUS,2024-02-29,VUS
3582119,2024-03-24,VUS,2024-03-24,VUS
3582120,2024-04-08,VUS,2024-04-08,VUS
3582121,2023-12-27,VUS,2023-12-27,VUS
3582122,2024-03-20,VUS,2024-03-20,VUS
3582123,2024-06-25,LB,2025-12-09,LB
3582124,2024-03-22,VUS,2025-03-18,VUS
3582125,2024-06-17,VUS,2024-06-17,VUS
3582126,2024-03-07,VUS,2024-03-07,VUS
3582127,2024-05-25,VUS,2024-05-25,VUS
3582128,2024-04-25,VUS,2024-04-25,VUS
3582129,2024-05-04,VUS,2024-05-04,VUS
3582130,2023-12-23,VUS,2023-12-23,VUS
3582131,2024-05-10,VUS,2024-05-10,VUS
3582132,2024-03-07,VUS,2024-03-07,VUS
3582133,2023-12-28,VUS,2023-12-28,VUS
3582134,2024-02-29,VUS,2024-02-29,VUS
3582135,2024-03-07,VUS,2024-03-07,VUS
3582136,2024-01-15,VUS,2024-01-15,VUS
3582138,2024-01-12,VUS,2024-01-12,VUS
3582725,2024-05-12,VUS,2024-05-12,VUS
3582726,2024-04-23,VUS,2024-04-23,VUS
3582727,2024-05-04,VUS,2024-05-04,VUS
3582729,2024-01-05,VUS,2024-01-05,VUS
3582730,2024-05-17,VUS,2025-02-05,VUS
3582731,2024-03-17,VUS,2024-03-17,VUS
3582732,2024-05-04,VUS,2024-05-04,VUS
3582733,2024-02-28,VUS,2024-02-28,VUS
3582734,2024-01-08,VUS,2024-01-08,VUS
3582735,2024-06-20,VUS,2024-06-20,VUS
3582736,2024-03-20,VUS,2024-03-20,VUS
3582737,2024-02-20,VUS,2024-02-20,VUS
3582738,2024-01-22,VUS,2024-01-22,VUS
3582739,2024-01-09,LP,2024-01-09,LP
3582740,2024-01-29,VUS,2024-01-29,VUS
3582741,2024-01-03,VUS,2024-01-03,VUS
3582742,2023-12-29,LP,2023-12-29,LP
3582743,2024-04-17,VUS,2024-04-17,VUS
3582744,2024-02-14,LP,2024-02-14,LP
3582745,2024-04-20,VUS,2024-04-20,VUS
3582746,2024-06-11,VUS,2024-06-11,VUS
3582747,2024-03-06,VUS,2024-03-06,VUS
3582748,2024-04-30,VUS,2024-04-30,VUS
3582749,2024-06-19,VUS,2024-06-19,VUS
3582750,2024-02-12,VUS,2024-02-12,VUS
3582751,2024-04-22,VUS,2025-06-18,VUS
3582753,2024-05-24,VUS,2025-03-10,VUS
3582754,2023-12-23,VUS,2023-12-23,VUS
3582755,2024-05-06,LP,2024-05-06,LP
3582756,2024-06-12,VUS,2024-06-12,VUS
3582757,2024-03-03,VUS,2025-03-25,VUS
3582759,2024-03-11,VUS,2024-03-11,VUS
3582760,2024-01-02,P,2024-01-02,P
3582761,2024-04-21,VUS,2024-04-21,VUS
3582762,2024-04-16,VUS,2025-01-18,VUS
3582763,2023-12-27,VUS,2023-12-27,VUS
3582764,2024-04-08,VUS,2024-04-08,VUS
3582766,2024-05-17,LP,2024-05-17,LP
3582768,2024-01-15,VUS,2024-01-15,VUS
3582769,2024-05-24,VUS,2024-05-24,VUS
3582770,2024-05-15,P,2024-05-15,P
3582771,2024-04-10,VUS,2024-04-10,VUS
3582772,2024-06-17,VUS,2024-06-17,VUS
3582773,2024-04-10,VUS,2024-04-10,VUS
3582774,2024-01-15,VUS,2024-01-15,VUS
3582775,2024-02-14,VUS,2024-02-14,VUS
3582776,2024-04-14,VUS,2024-04-14,VUS
3582777,2024-02-14,VUS,2024-02-14,VUS
3582778,2024-03-29,VUS,2024-03-29,VUS
3582779,2024-05-25,LP,2024-05-25,LP
3582780,2024-04-20,VUS,2024-04-20,VUS
3582781,2024-02-23,VUS,2024-02-23,VUS
3582782,2024-03-07,VUS,2024-03-07,VUS
3582783,2024-02-04,VUS,2024-02-04,VUS
3582784,2024-05-28,VUS,2024-05-28,VUS
3582785,2024-01-21,LB,2024-01-21,LB
3582786,2024-03-07,VUS,2024-03-07,VUS
3582787,2024-04-08,VUS,2024-04-08,VUS
3582788,2023-12-27,VUS,2023-12-27,VUS
3582790,2024-03-18,VUS,2024-03-18,VUS
3582791,2024-05-28,VUS,2024-05-28,VUS
3582792,2024-05-27,VUS,2024-05-27,VUS
3582793,2024-06-19,VUS,2024-06-19,VUS
3582794,2024-06-11,VUS,2025-12-17,VUS
3582795,2024-04-18,VUS,2024-04-18,VUS
3582796,2024-02-14,VUS,2024-02-14,VUS
3583574,2024-05-18,VUS,2024-05-18,VUS
3583575,2024-02-21,VUS,2024-02-21,VUS
3583576,2024-03-22,VUS,2024-03-22,VUS
3583577,2024-05-04,VUS,2024-05-04,VUS
3583578,2024-06-11,VUS,2024-06-11,VUS
3583579,2024-01-01,VUS,2024-01-01,VUS
3583580,2024-03-23,LP,2024-03-23,LP
3583581,2023-12-23,VUS,2024-03-13,VUS
3583582,2024-06-05,LP,2024-06-05,LP
3583583,2024-03-29,VUS,2024-03-29,VUS
3583584,2024-05-10,VUS,2024-05-10,VUS
3583585,2024-06-17,LP,2024-06-17,LP
3583586,2024-04-29,LP,2024-04-29,LP
3583587,2024-05-23,VUS,2025-05-27,VUS
3583588,2024-06-17,VUS,2024-07-23,VUS
3583589,2024-01-19,LP,2024-01-19,LP
3583590,2024-04-30,VUS,2024-04-30,VUS
3583592,2024-04-08,VUS,2024-04-08,VUS
3583593,2024-01-29,VUS,2024-01-29,VUS
3583594,2024-02-07,VUS,2024-02-07,VUS
3583595,2024-04-01,VUS,2024-04-01,VUS
3583597,2024-01-08,VUS,2024-01-08,VUS
3583598,2024-04-17,VUS,2024-04-17,VUS
3583601,2024-05-09,VUS,2024-05-09,VUS
3583602,2024-01-08,VUS,2024-01-08,VUS
3583603,2024-04-22,VUS,2024-04-22,VUS
3583604,2024-05-04,VUS,2024-05-04,VUS
3583605,2024-04-09,VUS,2024-04-09,VUS
3583606,2024-02-07,VUS,2024-02-07,VUS
3583608,2024-06-10,VUS,2024-07-03,VUS
3583609,2024-01-30,LP,2024-01-30,LP
3583610,2024-04-04,VUS,2024-04-04,VUS
3583611,2024-04-02,LP,2024-04-02,LP
3583612,2024-04-10,VUS,2025-06-12,VUS
3583613,2024-02-14,LP,2024-02-14,LP
3583614,2023-12-29,VUS,2023-12-29,VUS
3583615,2024-01-22,VUS,2024-01-22,VUS
3583616,2024-06-10,VUS,2025-06-24,VUS
3583617,2024-03-26,LP,2024-03-26,LP
3583618,2024-04-22,VUS,2024-04-22,VUS
3583619,2024-06-17,VUS,2024-06-17,VUS
3583620,2024-03-01,VUS,2024-03-01,VUS
3583621,2024-05-15,VUS,2024-05-15,VUS
3583622,2024-05-20,VUS,2024-05-20,VUS
3583623,2024-04-09,VUS,2024-04-09,VUS
3583624,2024-05-31,VUS,2024-08-31,VUS
3583625,2024-02-07,VUS,2024-02-07,VUS
3583626,2024-03-22,VUS,2024-03-22,VUS
3583627,2024-02-14,VUS,2024-02-14,VUS
3583628,2024-06-04,VUS,2024-06-04,VUS
3583629,2024-05-13,LP,2024-05-13,LP
3583874,2024-04-17,VUS,2024-04-17,VUS
3583893,2024-06-17,VUS,2024-06-17,VUS
3583900,2024-01-13,VUS,2024-01-13,VUS
3583907,2024-04-12,VUS,2024-04-12,VUS
3583911,2024-05-20,VUS,2024-05-20,VUS
3583912,2024-04-14,VUS,2024-04-14,VUS
3583914,2024-05-12,VUS,2024-05-12,VUS
3583918,2024-05-12,VUS,2024-05-12,VUS
3583938,2024-03-11,VUS,2024-03-11,VUS
3583940,2024-03-18,LP,2024-03-18,LP
3583944,2024-05-16,LP,2024-05-16,LP
3583947,2024-03-22,LP,2024-03-22,LP
3583950,2024-05-14,VUS,2024-05-14,VUS
3583969,2024-04-01,VUS,2025-01-08,VUS
3583982,2024-04-22,LP,2024-04-22,LP
3583990,2024-01-30,VUS,2024-01-30,VUS
3583998,2024-01-10,VUS,2024-01-10,VUS
3584027,2024-05-07,VUS,2024-05-07,VUS
3584035,2024-01-24,LB,2024-01-24,LB
3586198,2024-03-11,VUS,2024-03-11,VUS
3586199,2024-06-06,VUS,2024-06-06,VUS
3586200,2024-05-04,VUS,2024-05-04,VUS
3586201,2024-06-09,VUS,2024-06-09,VUS
3586202,2024-06-17,VUS,2024-06-17,VUS
3586203,2024-05-16,VUS,2024-05-16,VUS
3586204,2024-06-01,VUS,2024-06-01,VUS
3586206,2024-06-17,VUS,2024-06-17,VUS
3586207,2024-05-21,VUS,2024-05-21,VUS
3586208,2024-04-10,VUS,2024-04-10,VUS
3586210,2024-06-01,VUS,2024-06-01,VUS
3586211,2024-01-01,VUS,2024-01-01,VUS
3586212,2024-04-28,VUS,2024-04-28,VUS
3586213,2024-03-28,VUS,2024-03-28,VUS
3586214,2024-06-09,VUS,2024-06-09,VUS
3586216,2024-02-13,LP,2024-02-13,LP
3586217,2024-02-21,VUS,2024-02-21,VUS
3586218,2024-06-01,LP,2024-06-01,LP
3586219,2024-05-13,VUS,2024-05-13,VUS
3586220,2024-01-05,VUS,2024-01-05,VUS
3586221,2024-05-07,LP,2024-05-07,LP
3586222,2024-05-25,VUS,2024-05-25,VUS
3586223,2024-06-03,VUS,2024-06-03,VUS
3586224,2024-04-07,VUS,2024-04-07,VUS
3586225,2024-03-13,LP,2024-03-13,LP
3586226,2024-02-28,VUS,2024-02-28,VUS
3586227,2024-04-22,VUS,2024-04-22,VUS
3586228,2024-06-01,VUS,2024-06-01,VUS
3586229,2024-03-27,VUS,2024-03-27,VUS
3586230,2024-05-17,VUS,2024-05-17,VUS
3586231,2023-03-31,VUS,2024-01-15,VUS
3586232,2024-02-26,VUS,2025-11-24,VUS
3586233,2024-04-11,VUS,2024-04-11,VUS
3586234,2024-04-17,VUS,2024-04-17,VUS
3586235,2024-05-12,VUS,2024-05-12,VUS
3586236,2024-05-29,VUS,2024-05-29,VUS
3586237,2024-06-17,VUS,2024-06-17,VUS
3586405,2024-04-15,VUS,2024-04-15,VUS
3586406,2024-01-02,VUS,2024-01-02,VUS
3586407,2024-04-24,VUS,2024-04-24,VUS
3586408,2024-01-16,VUS,2024-01-16,VUS
3586409,2024-03-25,VUS,2024-03-25,VUS
3586410,2024-04-15,VUS,2024-04-15,VUS
3586411,2024-06-18,VUS,2025-04-03,VUS
3586412,2024-05-31,VUS,2024-05-31,VUS
3586413,2024-05-10,VUS,2024-05-10,VUS
3586414,2023-12-30,LP,2023-12-30,LP
3586415,2024-02-14,VUS,2024-02-14,VUS
3586416,2024-02-13,VUS,2024-02-13,VUS
3586417,2024-04-26,LP,2024-04-26,LP
3586418,2024-06-12,VUS,2024-06-12,VUS
3586419,2024-06-13,VUS,2024-06-13,VUS
3586420,2024-05-14,VUS,2024-05-14,VUS
3586421,2024-04-19,VUS,2025-08-27,VUS
3586422,2024-04-22,VUS,2024-04-22,VUS
3586424,2024-04-07,VUS,2024-04-07,VUS
3586425,2024-05-16,VUS,2024-05-16,VUS
3586426,2024-06-03,VUS,2024-06-03,VUS
3586427,2024-04-28,VUS,2024-04-28,VUS
3586428,2024-01-20,VUS,2024-01-20,VUS
3586429,2024-05-30,VUS,2024-05-30,VUS
3586430,2024-03-02,VUS,2024-03-02,VUS
3586431,2024-06-20,VUS,2024-06-20,VUS
3586432,2024-02-03,VUS,2024-02-03,VUS
3586433,2024-06-15,VUS,2024-06-15,VUS
3586434,2024-04-29,VUS,2024-04-29,VUS
3586435,2024-05-22,VUS,2024-05-22,VUS
3586436,2024-03-07,VUS,2024-03-07,VUS
3586438,2024-04-01,LP,2024-04-01,LP
3586439,2024-03-06,VUS,2024-03-06,VUS
3586440,2024-03-13,VUS,2024-03-13,VUS
3586441,2024-05-21,VUS,2024-05-21,VUS
3586442,2024-06-17,VUS,2024-06-17,VUS
3586443,2023-12-27,VUS,2023-12-27,VUS
3586444,2024-05-13,VUS,2024-05-13,VUS
3586445,2024-01-16,VUS,2024-01-16,VUS
3586446,2024-05-27,VUS,2024-05-27,VUS
3586447,2024-06-17,VUS,2024-06-17,VUS
3586449,2024-03-19,VUS,2024-03-19,VUS
3586450,2024-05-10,VUS,2024-08-31,VUS
3586451,2024-05-08,VUS,2024-05-08,VUS
3586452,2024-04-29,VUS,2024-04-29,VUS
3586453,2024-06-12,VUS,2024-06-12,VUS
3586454,2024-01-06,VUS,2025-01-24,VUS
3586455,2024-03-27,VUS,2024-03-27,VUS
3586456,2024-01-12,VUS,2024-01-12,VUS
3586457,2024-02-11,VUS,2024-02-11,VUS
3586458,2024-01-09,VUS,2024-01-09,VUS
3586459,2024-03-29,LP,2024-03-29,LP
3586461,2024-05-17,VUS,2024-05-17,VUS
3586462,2024-01-21,LP,2024-01-21,LP
3586463,2024-03-15,VUS,2024-03-15,VUS
3586464,2024-05-07,VUS,2024-05-07,VUS
3586465,2024-04-08,VUS,2024-04-08,VUS
3586466,2023-12-28,VUS,2023-12-28,VUS
3586467,2024-02-18,VUS,2024-02-18,VUS
3586468,2023-12-28,VUS,2023-12-28,VUS
3586469,2024-06-24,VUS,2024-06-24,VUS
3586470,2024-04-16,LP,2024-04-16,LP
3586471,2024-04-05,VUS,2024-04-05,VUS
3586472,2024-02-10,VUS,2024-02-10,VUS
3586474,2024-02-16,VUS,2024-02-16,VUS
3586475,2024-01-12,VUS,2024-01-12,VUS
3586476,2024-04-28,VUS,2024-04-28,VUS
3586477,2024-04-14,VUS,2024-04-14,VUS
3586478,2024-03-06,VUS,2024-03-06,VUS
3586479,2024-01-03,LP,2024-01-03,LP
3586480,2024-01-20,VUS,2024-01-20,VUS
3586481,2024-05-21,VUS,2024-05-21,VUS
3586482,2024-04-15,VUS,2024-04-15,VUS
3586483,2024-02-28,VUS,2024-02-28,VUS
3586484,2024-06-19,LP,2024-06-19,LP
3586485,2024-01-05,VUS,2024-01-05,VUS
3586486,2024-05-10,VUS,2024-06-14,VUS
3586487,2024-01-20,VUS,2024-01-20,VUS
3586488,2024-03-14,VUS,2024-03-14,VUS
3586489,2024-06-11,VUS,2024-06-11,VUS
3586490,2024-05-29,VUS,2024-05-29,VUS
3586491,2024-03-08,VUS,2024-03-08,VUS
3586492,2024-03-20,VUS,2024-03-20,VUS
3586493,2024-03-18,VUS,2024-03-18,VUS
3586494,2024-02-08,VUS,2024-02-08,VUS
3586495,2024-04-25,VUS,2024-04-25,VUS
3586496,2024-05-19,VUS,2025-11-24,VUS
3586497,2024-04-09,VUS,2024-04-09,VUS
3586498,2024-02-12,VUS,2024-02-12,VUS
3586499,2023-12-27,VUS,2023-12-27,VUS
3586500,2024-04-26,VUS,2024-04-26,VUS
3586501,2024-02-28,VUS,2024-02-28,VUS
3586502,2024-04-04,VUS,2024-04-04,VUS
3586503,2024-05-06,VUS,2024-05-06,VUS
3586504,2024-04-20,VUS,2024-04-20,VUS
3586506,2024-02-21,VUS,2024-02-21,VUS
3586507,2024-06-04,VUS,2024-06-04,VUS
3586508,2024-04-15,VUS,2024-04-15,VUS
3586510,2024-04-22,VUS,2024-04-22,VUS
3586511,2024-03-02,VUS,2024-03-02,VUS
3586512,2024-03-25,VUS,2024-03-25,VUS
3586513,2024-05-28,LP,2024-05-28,LP
3586514,2024-03-31,VUS,2024-03-31,VUS
3586515,2024-02-04,VUS,2024-02-04,VUS
3586516,2024-03-31,VUS,2024-03-31,VUS
3586517,2024-06-17,VUS,2024-06-17,VUS
3586518,2024-05-30,VUS,2024-05-30,VUS
3586519,2024-01-03,VUS,2024-01-03,VUS
3586520,2024-02-21,LP,2024-02-21,LP
3586521,2024-04-01,VUS,2024-04-01,VUS
3586522,2024-06-07,VUS,2024-06-07,VUS
3586523,2024-05-13,VUS,2024-05-13,VUS
3586524,2024-01-18,VUS,2024-01-18,VUS
3586525,2024-04-30,VUS,2024-04-30,VUS
3586526,2024-03-22,VUS,2024-03-22,VUS
3586527,2024-06-07,VUS,2024-06-07,VUS
3586528,2024-06-25,LP,2024-06-25,LP
3586529,2024-06-15,LP,2024-06-15,LP
3586530,2024-06-04,VUS,2024-06-04,VUS
3586531,2024-02-02,VUS,2024-02-02,VUS
3586533,2024-04-28,VUS,2024-04-28,VUS
3586534,2024-03-22,VUS,2024-03-22,VUS
3586535,2024-05-13,VUS,2024-05-13,VUS
3586536,2024-02-23,VUS,2024-02-23,VUS
3586537,2024-03-27,VUS,2024-03-27,VUS
3586538,2024-04-23,VUS,2024-04-23,VUS
3586539,2024-03-28,VUS,2024-03-28,VUS
3586541,2024-03-30,VUS,2024-03-30,VUS
3586542,2024-01-06,LP,2024-01-06,LP
3586543,2024-04-28,VUS,2024-04-28,VUS
3586544,2024-02-07,VUS,2024-02-07,VUS
3586545,2024-05-27,VUS,2024-05-27,VUS
3586546,2024-04-06,LP,2024-04-06,LP
3586547,2024-03-11,VUS,2024-03-11,VUS
3586548,2024-02-21,LP,2025-12-26,LP
3586549,2024-05-01,VUS,2024-05-01,VUS
3586550,2024-05-17,VUS,2024-05-17,VUS
3586551,2024-02-19,VUS,2024-02-19,VUS
3586552,2024-05-17,VUS,2024-05-17,VUS
3586553,2024-01-23,VUS,2024-01-23,VUS
3586554,2024-04-12,VUS,2024-04-12,VUS
3586555,2024-05-03,VUS,2024-05-03,VUS
3586556,2024-03-04,LP,2024-03-04,LP
3586557,2024-02-19,VUS,2025-02-22,VUS
3586558,2024-03-07,VUS,2025-08-14,VUS
3586559,2024-03-13,VUS,2024-03-13,VUS
3586560,2024-02-04,VUS,2024-02-04,VUS
3586561,2024-04-24,VUS,2024-04-24,VUS
3586597,2024-02-04,VUS,2024-02-04,VUS
3586598,2024-01-31,VUS,2024-01-31,VUS
3586599,2024-05-13,VUS,2024-05-13,VUS
3586600,2024-03-02,VUS,2024-03-02,VUS
3586601,2024-02-03,VUS,2024-02-03,VUS
3586602,2024-03-01,VUS,2024-03-01,VUS
3586604,2024-05-13,VUS,2024-05-13,VUS
3586605,2024-05-22,VUS,2024-05-22,VUS
3586606,2024-05-25,VUS,2024-05-25,VUS
3586607,2024-03-07,VUS,2024-03-07,VUS
3586608,2024-02-04,VUS,2024-02-04,VUS
3586609,2024-05-03,VUS,2024-05-03,VUS
3586610,2024-02-29,VUS,2024-02-29,VUS
3586611,2024-04-18,VUS,2024-04-18,VUS
3586612,2024-01-01,VUS,2024-01-01,VUS
3586613,2024-05-18,VUS,2024-05-18,VUS
3586614,2024-05-09,VUS,2024-05-09,VUS
3586615,2024-05-10,VUS,2024-05-10,VUS
3586616,2024-03-28,VUS,2024-03-28,VUS
3586617,2024-05-12,VUS,2024-05-12,VUS
3586618,2024-04-08,LP,2024-04-08,LP
3586619,2024-05-27,VUS,2024-05-27,VUS
3586620,2024-04-15,VUS,2024-04-15,VUS
3586621,2024-02-07,VUS,2024-02-07,VUS
3586622,2024-04-15,VUS,2025-10-23,VUS
3586623,2024-01-23,VUS,2024-01-23,VUS
3586624,2023-12-27,VUS,2023-12-27,VUS
3586625,2023-12-29,VUS,2023-12-29,VUS
3586626,2024-04-08,VUS,2024-04-08,VUS
3586627,2024-05-26,VUS,2024-05-26,VUS
3586628,2024-06-13,VUS,2024-06-13,VUS
3586629,2024-05-18,VUS,2024-05-18,VUS
3586630,2024-02-07,LP,2024-02-07,LP
3586631,2024-06-10,VUS,2024-06-10,VUS
3586632,2023-12-29,VUS,2023-12-29,VUS
3586633,2024-03-29,LP,2024-03-29,LP
3586634,2024-04-01,VUS,2024-04-01,VUS
3586636,2024-04-19,VUS,2024-04-19,VUS
3586637,2024-04-25,VUS,2024-04-25,VUS
3586638,2024-03-30,VUS,2024-03-30,VUS
3586639,2024-04-15,VUS,2024-04-15,VUS
3586640,2022-01-27,LP,2024-04-03,LP
3586641,2024-05-09,VUS,2024-05-09,VUS
3586642,2024-04-02,VUS,2025-01-23,VUS
3586643,2024-04-03,LP,2024-04-03,LP
3586644,2024-03-04,VUS,2024-03-04,VUS
3586645,2024-01-05,VUS,2024-01-05,VUS
3586646,2024-03-31,VUS,2024-03-31,VUS
3586647,2024-05-25,LP,2024-05-25,LP
3586648,2024-04-11,VUS,2024-04-11,VUS
3586649,2024-01-22,VUS,2024-01-22,VUS
3586650,2024-05-06,LP,2024-07-31,LP
3586651,2024-02-25,VUS,2024-02-25,VUS
3586652,2024-05-13,VUS,2024-05-13,VUS
3586653,2024-01-20,VUS,2024-01-20,VUS
3586654,2024-06-04,VUS,2024-06-04,VUS
3586655,2024-05-10,VUS,2025-09-30,VUS
3586656,2024-01-06,VUS,2024-01-06,VUS
3586657,2024-03-23,VUS,2024-03-23,VUS
3586658,2024-02-21,VUS,2024-02-21,VUS
3586659,2024-01-11,VUS,2024-01-11,VUS
3586660,2024-06-04,VUS,2024-06-04,VUS
3586661,2024-01-30,VUS,2024-01-30,VUS
3586662,2024-02-03,VUS,2024-02-03,VUS
3586663,2024-03-21,VUS,2024-03-21,VUS
3586664,2024-04-15,VUS,2024-04-15,VUS
3586665,2024-01-12,VUS,2024-01-12,VUS
3586666,2023-12-29,VUS,2023-12-29,VUS
3586667,2024-05-02,VUS,2024-05-02,VUS
3586668,2024-04-23,VUS,2024-04-23,VUS
3586669,2024-02-13,VUS,2024-02-13,VUS
3586671,2024-03-01,LP,2024-03-01,LP
3586672,2024-04-01,VUS,2024-04-01,VUS
3586673,2024-02-12,LP,2024-02-12,LP
3586674,2024-02-12,VUS,2024-02-12,VUS
3586675,2024-02-21,P,2024-02-21,P
3586676,2024-05-28,VUS,2024-05-28,VUS
3586677,2024-03-19,VUS,2024-03-19,VUS
3586678,2024-04-10,VUS,2024-04-10,VUS
3586679,2024-02-28,VUS,2024-02-28,VUS
3586680,2024-03-21,VUS,2024-03-21,VUS
3586681,2024-05-01,LP,2024-05-01,LP
3586683,2024-04-17,LP,2024-04-17,LP
3586684,2024-04-15,VUS,2024-04-15,VUS
3586685,2024-04-07,VUS,2024-04-07,VUS
3586686,2024-05-28,VUS,2024-05-28,VUS
3586687,2024-05-13,VUS,2024-05-13,VUS
3586688,2024-05-16,VUS,2025-05-12,VUS
3586689,2024-03-02,VUS,2024-03-02,VUS
3586690,2024-01-08,VUS,2024-01-08,VUS
3586691,2024-04-09,VUS,2024-04-09,VUS
3586692,2024-01-08,VUS,2024-01-08,VUS
3586693,2024-02-16,VUS,2024-02-16,VUS
3586694,2024-01-29,VUS,2024-01-29,VUS
3586696,2024-06-20,VUS,2024-06-20,VUS
3586697,2024-01-16,VUS,2024-01-16,VUS
3586698,2024-02-19,VUS,2024-02-19,VUS
3586699,2024-05-13,VUS,2024-05-13,VUS
3586700,2024-04-16,VUS,2024-04-16,VUS
3586701,2024-04-03,VUS,2024-04-03,VUS
3586702,2024-04-19,VUS,2024-04-19,VUS
3586703,2024-06-07,VUS,2024-06-07,VUS
3586704,2024-06-04,VUS,2024-06-04,VUS
3586705,2024-01-25,VUS,2024-01-25,VUS
3586707,2024-04-09,VUS,2024-04-09,VUS
3586708,2024-04-04,VUS,2024-04-04,VUS
3586709,2024-03-26,VUS,2024-03-26,VUS
3586710,2024-06-22,VUS,2024-06-22,VUS
3586847,2024-05-24,VUS,2024-05-24,VUS
3586848,2024-04-19,VUS,2024-04-19,VUS
3586849,2024-04-15,VUS,2024-04-15,VUS
3586850,2024-01-20,VUS,2024-01-20,VUS
3586851,2024-01-08,VUS,2025-11-20,VUS
3586852,2024-02-06,VUS,2024-02-06,VUS
3586853,2024-05-14,VUS,2024-05-14,VUS
3586854,2024-05-07,VUS,2026-01-14,VUS
3586856,2024-03-06,VUS,2024-03-06,VUS
3586857,2024-05-27,VUS,2024-05-27,VUS
3586858,2024-01-30,VUS,2024-01-30,VUS
3586859,2024-02-19,VUS,2024-02-19,VUS
3586860,2024-04-13,VUS,2024-04-13,VUS
3586861,2024-05-08,VUS,2024-05-08,VUS
3586862,2024-03-18,LP,2024-03-18,LP
3586863,2024-03-13,VUS,2024-03-13,VUS
3586864,2024-02-15,VUS,2024-02-15,VUS
3586865,2024-03-26,VUS,2024-03-26,VUS
3586866,2024-05-15,VUS,2024-05-15,VUS
3586867,2024-04-10,VUS,2024-04-10,VUS
3586868,2024-06-20,VUS,2024-06-20,VUS
3586869,2024-04-15,VUS,2024-04-15,VUS
3586870,2024-03-17,VUS,2024-03-17,VUS
3586871,2024-04-23,VUS,2024-04-23,VUS
3586872,2024-06-18,VUS,2024-06-18,VUS
3586873,2024-05-07,VUS,2025-10-03,VUS
3586874,2024-01-14,VUS,2024-01-14,VUS
3586875,2024-03-12,LP,2024-03-12,LP
3586877,2024-05-11,VUS,2024-05-11,VUS
3586878,2024-03-26,VUS,2024-03-26,VUS
3586880,2024-05-20,VUS,2024-05-20,VUS
3586881,2024-03-01,VUS,2024-03-01,VUS
3586882,2024-02-01,VUS,2025-10-23,VUS
3586883,2023-12-29,VUS,2023-12-29,VUS
3586884,2024-01-24,LP,2024-01-24,LP
3586885,2024-03-25,VUS,2024-03-25,VUS
3586886,2024-04-14,VUS,2024-04-14,VUS
3586887,2024-04-25,VUS,2024-04-25,VUS
3586889,2024-03-28,VUS,2024-03-28,VUS
3586891,2024-06-20,LP,2024-06-20,LP
3586892,2024-02-03,VUS,2024-02-03,VUS
3586893,2024-02-27,VUS,2024-02-27,VUS
3586894,2024-02-07,VUS,2024-02-07,VUS
3586895,2024-02-29,VUS,2025-08-29,VUS
3586896,2023-07-12,LP,2024-01-05,LP
3586897,2023-12-27,VUS,2023-12-27,VUS
3586898,2024-04-26,LP,2024-04-26,LP
3586899,2024-03-26,VUS,2024-03-26,VUS
3586900,2024-04-02,LP,2024-04-02,LP
3586901,2024-03-23,VUS,2024-03-23,VUS
3586902,2024-03-07,VUS,2024-03-07,VUS
3586903,2024-04-08,VUS,2025-04-10,VUS
3586904,2023-12-27,VUS,2023-12-27,VUS
3587240,2024-04-23,VUS,2024-04-23,VUS
3587241,2024-02-20,VUS,2024-02-20,VUS
3587244,2024-02-07,VUS,2024-02-07,VUS
3587245,2024-01-31,VUS,2024-01-31,VUS
3587246,2024-05-03,VUS,2024-05-03,VUS
3587247,2024-03-14,VUS,2025-02-28,VUS
3587249,2024-05-18,VUS,2024-05-18,VUS
3587250,2024-02-15,VUS,2024-02-15,VUS
3587251,2024-06-09,VUS,2024-06-09,VUS
3587252,2024-01-24,VUS,2024-01-24,VUS
3587253,2024-04-16,VUS,2024-04-16,VUS
3587254,2024-02-20,VUS,2024-02-20,VUS
3587257,2024-05-08,VUS,2024-05-08,VUS
3587258,2024-01-16,VUS,2024-01-16,VUS
3587260,2024-01-20,VUS,2025-12-23,VUS
3587261,2024-03-15,VUS,2024-03-15,VUS
3587262,2024-01-08,VUS,2024-01-08,VUS
3587263,2024-02-25,VUS,2024-02-25,VUS
3587264,2024-04-18,LP,2024-04-18,LP
3587265,2024-05-21,VUS,2024-05-21,VUS
3587266,2024-06-20,VUS,2024-06-20,VUS
3587267,2024-03-11,VUS,2024-03-11,VUS
3587268,2024-02-10,VUS,2024-04-02,VUS
3587415,2024-01-17,VUS,2024-01-17,VUS
3587416,2024-06-18,VUS,2024-06-18,VUS
3587418,2024-02-29,VUS,2024-02-29,VUS
3587419,2023-12-29,LP,2023-12-29,LP
3587420,2024-01-22,VUS,2024-01-22,VUS
3587421,2024-02-12,VUS,2024-02-12,VUS
3587422,2024-01-12,VUS,2024-01-12,VUS
3587423,2024-06-22,VUS,2024-06-22,VUS
3587424,2024-02-13,VUS,2024-02-13,VUS
3587425,2024-02-01,VUS,2024-02-01,VUS
3587426,2024-01-30,LP,2024-01-30,LP
3587427,2024-02-07,LP,2024-02-07,LP
3587428,2024-04-17,VUS,2024-04-17,VUS
3587429,2024-05-06,VUS,2024-05-06,VUS
3587430,2024-02-07,VUS,2024-02-07,VUS
3587431,2024-05-04,VUS,2024-05-04,VUS
3587432,2024-05-31,VUS,2024-05-31,VUS
3587433,2024-05-25,LP,2024-05-25,LP
3587434,2024-02-19,VUS,2024-02-19,VUS
3587435,2024-01-06,LP,2024-01-06,LP
3587436,2024-02-07,VUS,2024-02-07,VUS
3587437,2024-04-01,VUS,2024-04-01,VUS
3587438,2024-01-30,VUS,2024-01-30,VUS
3587439,2024-05-31,VUS,2024-05-31,VUS
3587440,2023-12-27,VUS,2023-12-27,VUS
3587441,2024-01-14,VUS,2024-01-14,VUS
3587442,2023-12-28,VUS,2023-12-28,VUS
3587444,2024-05-13,VUS,2024-05-13,VUS
3587445,2024-05-25,VUS,2024-05-25,VUS
3587446,2023-12-29,VUS,2023-12-29,VUS
3587447,2024-03-04,VUS,2024-03-04,VUS
3587448,2024-05-14,P,2024-05-14,P
3587449,2024-06-10,LP,2024-06-10,LP
3587450,2024-03-04,P,2024-03-04,P
3587452,2024-02-29,LP,2024-02-29,LP
3587453,2024-02-14,VUS,2024-02-14,VUS
3587454,2024-03-29,VUS,2024-03-29,VUS
3587455,2024-06-24,VUS,2024-06-24,VUS
3587456,2024-04-28,VUS,2024-04-28,VUS
3587457,2024-06-21,P,2025-10-03,P
3587458,2024-03-20,VUS,2024-03-20,VUS
3587459,2024-05-22,LP,2024-05-22,LP
3587460,2024-02-03,VUS,2024-02-03,VUS
3587461,2024-04-10,LP,2024-04-10,LP
3587462,2024-03-25,VUS,2024-03-25,VUS
3587463,2024-03-04,VUS,2024-03-04,VUS
3587464,2024-04-03,VUS,2024-04-03,VUS
3587465,2024-05-31,LP,2024-05-31,LP
3587466,2024-03-26,VUS,2025-07-15,VUS
3587468,2024-05-07,VUS,2024-05-07,VUS
3587469,2024-03-07,LP,2024-03-07,LP
3587470,2024-05-16,VUS,2024-05-16,VUS
3587471,2024-04-20,VUS,2024-04-20,VUS
3587472,2024-04-10,VUS,2024-04-10,VUS
3587473,2024-03-04,VUS,2024-03-04,VUS
3587474,2024-05-16,VUS,2024-05-16,VUS
3587475,2024-03-08,VUS,2024-03-08,VUS
3587476,2024-02-27,LP,2024-02-27,LP
3587477,2024-05-13,VUS,2024-05-13,VUS
3587478,2024-05-07,LP,2024-05-07,LP
3587479,2024-05-27,VUS,2024-05-27,VUS
3587480,2024-06-15,LP,2024-06-15,LP
3587481,2024-02-12,VUS,2024-02-12,VUS
3587482,2023-12-27,VUS,2023-12-27,VUS
3587483,2024-05-13,VUS,2024-05-13,VUS
3587484,2024-02-06,VUS,2024-02-06,VUS
3587485,2024-02-07,VUS,2024-02-07,VUS
3587486,2024-05-15,LP,2024-05-15,LP
3587487,2024-06-04,VUS,2024-06-04,VUS
3587488,2024-06-19,VUS,2024-06-19,VUS
3587489,2024-03-06,VUS,2024-03-06,VUS
3587492,2024-06-12,VUS,2024-06-12,VUS
3587493,2024-04-25,VUS,2024-04-25,VUS
3588340,2024-04-03,VUS,2025-08-18,VUS
3588341,2024-06-18,VUS,2024-06-18,VUS
3588342,2024-06-09,VUS,2024-06-09,VUS
3588343,2024-01-24,VUS,2024-01-24,VUS
3588344,2024-03-13,VUS,2024-03-13,VUS
3588345,2024-02-23,VUS,2024-02-23,VUS
3588346,2024-02-16,LP,2024-02-16,LP
3588347,2024-02-07,VUS,2024-02-07,VUS
3588348,2024-02-13,VUS,2024-02-13,VUS
3588349,2024-04-10,VUS,2024-04-10,VUS
3588350,2024-04-15,VUS,2024-04-15,VUS
3588352,2024-05-02,VUS,2024-05-02,VUS
3589091,2023-12-26,LP,2023-12-26,LP
3589092,2024-05-10,VUS,2024-05-10,VUS
3589093,2023-12-31,VUS,2023-12-31,VUS
3589094,2024-06-05,VUS,2024-06-05,VUS
3589095,2024-05-30,VUS,2024-05-30,VUS
3589096,2024-05-23,VUS,2024-05-23,VUS
3589097,2024-01-09,VUS,2024-01-09,VUS
3589098,2024-02-28,VUS,2024-02-28,VUS
3589099,2024-06-09,VUS,2024-06-09,VUS
3589100,2024-06-24,VUS,2024-06-24,VUS
3589101,2024-02-06,VUS,2024-02-06,VUS
3589102,2024-03-08,LP,2024-03-08,LP
3589103,2024-03-13,VUS,2024-03-13,VUS
3589104,2024-02-07,VUS,2024-02-07,VUS
3589105,2024-02-19,VUS,2024-02-19,VUS
3589106,2024-06-12,VUS,2024-06-12,VUS
3589107,2024-03-26,VUS,2025-08-26,VUS
3589108,2024-02-12,VUS,2024-02-12,VUS
3589109,2024-06-12,LP,2024-06-12,LP
3589110,2024-01-10,VUS,2024-01-10,VUS
3589111,2024-03-27,VUS,2025-10-03,VUS
3592091,2024-04-08,VUS,2024-04-08,VUS
3592092,2024-02-12,VUS,2024-02-12,VUS
3592093,2024-03-26,VUS,2024-06-11,VUS
3592094,2024-03-04,VUS,2024-03-04,VUS
3592096,2024-04-17,VUS,2025-05-01,VUS
3592097,2024-01-30,VUS,2024-01-30,VUS
3592098,2024-02-04,VUS,2024-02-04,VUS
3592099,2024-03-14,VUS,2024-03-14,VUS
3592100,2024-04-22,VUS,2024-04-22,VUS
3592102,2024-06-01,VUS,2024-06-01,VUS
3592103,2024-05-13,LP,2024-05-13,LP
3592105,2024-05-10,VUS,2024-05-10,VUS
3592106,2024-02-12,VUS,2024-02-12,VUS
3592107,2024-01-06,VUS,2024-01-06,VUS
3592108,2024-04-20,VUS,2024-04-20,VUS
3592110,2024-04-25,VUS,2024-04-25,VUS
3592111,2024-05-12,VUS,2024-05-12,VUS
3592112,2024-03-04,P,2024-03-04,P
3592113,2024-05-28,VUS,2024-05-28,VUS
3592114,2024-02-01,VUS,2024-02-01,VUS
3592115,2024-03-07,VUS,2024-03-07,VUS
3592116,2024-05-17,VUS,2024-05-17,VUS
3592119,2024-03-20,VUS,2024-03-20,VUS
3592120,2023-12-23,VUS,2023-12-23,VUS
3592121,2024-01-14,VUS,2024-01-14,VUS
3592122,2024-02-19,VUS,2024-02-19,VUS
3592123,2024-03-07,VUS,2024-03-07,VUS
3592124,2024-02-28,LP,2024-02-28,LP
3592125,2024-01-03,LP,2024-01-03,LP
3592126,2023-12-29,VUS,2025-07-03,VUS
3592128,2024-03-27,VUS,2024-03-27,VUS
3592129,2024-03-11,VUS,2024-03-11,VUS
3592130,2024-05-07,VUS,2024-05-07,VUS
3592131,2024-06-14,VUS,2024-06-14,VUS
3592132,2024-04-07,VUS,2024-04-07,VUS
3592133,2024-02-28,VUS,2024-02-28,VUS
3592135,2024-04-01,LP,2024-04-01,LP
3592136,2024-05-27,VUS,2024-05-27,VUS
3592137,2024-03-24,VUS,2024-03-24,VUS
3592138,2024-05-20,VUS,2024-05-20,VUS
3592139,2024-04-15,VUS,2024-04-15,VUS
3592140,2024-04-23,VUS,2024-04-23,VUS
3592142,2024-04-22,VUS,2024-04-22,VUS
3592143,2024-03-07,VUS,2024-03-07,VUS
3592144,2024-03-07,VUS,2024-03-07,VUS
3592145,2024-04-28,VUS,2024-04-28,VUS
3592146,2024-06-15,VUS,2026-04-24,VUS
3592147,2024-03-08,VUS,2024-03-08,VUS
3592148,2024-01-20,VUS,2025-04-14,VUS
3592149,2024-04-05,VUS,2024-04-05,VUS
3592150,2024-02-19,VUS,2024-02-19,VUS
3592151,2024-03-05,VUS,2025-05-27,VUS
3592153,2024-05-04,VUS,2024-05-04,VUS
3592155,2024-02-04,VUS,2024-02-04,VUS
3592156,2024-04-17,VUS,2024-04-17,VUS
3592158,2024-02-14,VUS,2024-02-14,VUS
3592159,2024-05-10,VUS,2024-05-10,VUS
3592160,2024-01-08,VUS,2024-01-08,VUS
3594300,2024-05-18,VUS,2024-05-18,VUS
3594301,2024-04-15,VUS,2024-04-15,VUS
3594302,2024-01-31,VUS,2024-12-23,VUS
3594303,2024-04-24,VUS,2024-04-24,VUS
3594304,2024-05-25,LP,2024-05-25,LP
3594305,2024-01-20,VUS,2024-01-20,VUS
3594306,2024-04-15,VUS,2024-04-15,VUS
3594307,2023-12-24,VUS,2023-12-24,VUS
3594308,2024-03-24,VUS,2024-03-24,VUS
3594309,2024-06-19,VUS,2024-06-19,VUS
3594310,2024-01-29,VUS,2024-01-29,VUS
3594311,2024-04-01,VUS,2024-04-01,VUS
3594312,2024-04-01,VUS,2024-04-01,VUS
3594313,2024-03-27,VUS,2025-06-07,VUS
3594314,2024-01-29,LP,2024-01-29,LP
3594315,2024-03-25,VUS,2024-03-25,VUS
3594317,2024-06-07,VUS,2024-06-07,VUS
3594318,2024-01-25,VUS,2024-01-25,VUS
3594319,2024-04-01,VUS,2024-04-01,VUS
3594320,2024-01-25,VUS,2024-01-25,VUS
3594321,2024-02-06,VUS,2024-02-06,VUS
3594322,2024-01-29,VUS,2024-01-29,VUS
3594323,2024-03-11,LP,2024-03-11,LP
3594324,2024-02-08,VUS,2024-02-08,VUS
3594325,2023-12-30,LP,2023-12-30,LP
3594326,2024-03-19,LP,2025-08-19,LP
3594328,2024-04-29,VUS,2024-04-29,VUS
3594329,2024-02-14,LP,2024-02-14,LP
3594330,2024-02-06,VUS,2024-02-06,VUS
3594331,2024-04-01,VUS,2024-04-01,VUS
3594332,2024-05-18,LP,2024-05-18,LP
3594334,2024-05-25,VUS,2024-05-25,VUS
3594335,2024-05-18,VUS,2024-05-18,VUS
3594336,2024-04-19,VUS,2024-04-19,VUS
3594337,2024-03-07,VUS,2024-03-07,VUS
3594338,2024-01-31,VUS,2024-01-31,VUS
3594339,2024-06-18,LP,2024-06-18,LP
3594340,2024-06-12,VUS,2024-06-12,VUS
3594341,2024-02-14,LP,2024-02-14,LP
3594342,2024-04-01,VUS,2024-04-01,VUS
3594343,2024-03-03,LP,2024-03-03,LP
3594344,2023-12-27,VUS,2023-12-27,VUS
3594345,2024-03-19,VUS,2024-03-19,VUS
3594346,2024-05-12,VUS,2024-05-12,VUS
3594347,2024-05-17,VUS,2024-05-17,VUS
3594348,2024-04-04,VUS,2024-04-04,VUS
3594349,2024-04-12,VUS,2025-08-22,VUS
3594350,2024-05-23,VUS,2025-10-22,VUS
3594351,2024-01-23,VUS,2025-04-29,VUS
3594352,2024-03-11,VUS,2024-03-11,VUS
3594353,2024-04-12,LP,2024-04-12,LP
3594355,2024-02-06,VUS,2024-02-06,VUS
3594356,2024-04-06,LP,2024-04-06,LP
3594357,2024-05-21,VUS,2024-05-21,VUS
3594358,2024-06-03,VUS,2025-04-13,VUS
3594359,2024-02-19,VUS,2024-02-19,VUS
3594360,2024-01-06,P,2024-01-06,P
3594361,2024-02-05,LP,2024-02-05,LP
3594362,2024-03-28,VUS,2024-03-28,VUS
3594363,2024-06-09,VUS,2024-06-09,VUS
3594364,2024-01-04,LP,2024-01-04,LP
3594365,2024-05-17,VUS,2024-05-17,VUS
3594366,2024-04-10,VUS,2024-04-10,VUS
3594367,2024-06-07,VUS,2024-06-07,VUS
3594368,2024-03-07,VUS,2024-03-07,VUS
3594369,2024-02-03,VUS,2024-02-03,VUS
3594370,2024-06-12,VUS,2024-06-12,VUS
3594372,2024-02-19,VUS,2024-02-19,VUS
3594373,2023-12-23,VUS,2023-12-23,VUS
3594374,2024-05-07,LP,2024-05-07,LP
3594375,2024-03-24,VUS,2024-03-24,VUS
3594376,2024-03-07,VUS,2024-03-07,VUS
3594377,2024-02-12,VUS,2024-02-12,VUS
3594378,2024-05-09,LP,2024-05-09,LP
3594379,2024-03-25,VUS,2024-03-25,VUS
3594380,2024-04-18,LP,2024-04-18,LP
3594381,2024-05-31,VUS,2024-05-31,VUS
3594382,2024-03-13,VUS,2024-03-13,VUS
3594383,2024-06-04,VUS,2024-06-04,VUS
3594384,2024-05-13,VUS,2024-05-13,VUS
3594385,2024-02-06,VUS,2024-02-06,VUS
3594386,2024-03-13,VUS,2024-03-13,VUS
3594387,2024-04-12,VUS,2024-04-12,VUS
3594389,2024-03-13,VUS,2024-03-13,VUS
3594390,2024-05-28,VUS,2025-08-20,VUS
3594391,2024-01-02,VUS,2026-03-03,VUS
3595886,2024-05-07,VUS,2024-05-07,VUS
3595887,2024-06-15,VUS,2024-06-15,VUS
3595888,2024-01-31,VUS,2024-01-31,VUS
3595890,2024-04-09,VUS,2024-04-09,VUS
3595891,2024-02-19,VUS,2024-02-19,VUS
3595892,2024-04-12,VUS,2024-12-31,VUS
3595893,2024-03-28,LP,2024-03-28,LP
3595894,2024-05-21,VUS,2024-05-21,VUS
3595895,2024-02-09,VUS,2025-08-28,VUS
3595896,2024-04-08,VUS,2024-04-08,VUS
3595897,2024-01-16,VUS,2024-01-16,VUS
3595898,2024-02-13,VUS,2024-02-13,VUS
3595900,2024-04-09,LP,2024-04-09,LP
3595901,2024-01-21,LP,2024-01-21,LP
3595902,2024-02-26,VUS,2024-02-26,VUS
3595903,2024-01-30,VUS,2024-01-30,VUS
3595904,2024-02-08,LP,2024-02-08,LP
3595905,2024-06-19,VUS,2024-06-19,VUS
3595907,2024-01-09,VUS,2024-01-09,VUS
3595908,2024-03-31,VUS,2024-03-31,VUS
3595909,2024-05-06,VUS,2024-05-06,VUS
3595910,2024-01-22,VUS,2024-01-22,VUS
3595911,2024-04-30,VUS,2024-04-30,VUS
3595912,2024-03-13,VUS,2024-03-13,VUS
3595913,2024-01-28,VUS,2024-01-28,VUS
3595915,2024-05-16,LP,2024-05-16,LP
3595916,2024-01-24,VUS,2024-01-24,VUS
3595917,2024-05-09,VUS,2025-08-30,VUS
3595918,2024-04-02,VUS,2024-04-02,VUS
3595919,2024-02-19,VUS,2024-02-19,VUS
3596850,2024-05-18,VUS,2024-05-18,VUS
3596851,2024-04-02,VUS,2025-09-28,VUS
3596852,2024-06-17,LP,2024-06-17,LP
3596853,2024-01-10,VUS,2025-04-29,VUS
3596855,2024-06-11,VUS,2024-06-11,VUS
3596856,2024-06-13,VUS,2024-06-13,VUS
3596857,2024-03-02,VUS,2024-03-02,VUS
3596858,2024-03-26,VUS,2024-03-26,VUS
3596859,2024-05-17,LP,2024-05-17,LP
3596860,2024-04-25,VUS,2024-04-25,VUS
3596861,2024-05-28,LP,2024-05-28,LP
3596863,2024-02-03,VUS,2024-02-03,VUS
3596864,2024-03-08,VUS,2024-03-08,VUS
3596865,2024-03-20,VUS,2024-03-20,VUS
3596867,2024-05-20,VUS,2024-05-20,VUS
3596868,2024-06-11,VUS,2024-06-11,VUS
3596869,2024-05-28,VUS,2024-05-28,VUS
3596870,2024-03-13,VUS,2024-03-13,VUS
3596871,2024-02-04,VUS,2024-02-04,VUS
3596872,2024-04-25,VUS,2024-04-25,VUS
3596873,2024-05-31,VUS,2024-05-31,VUS
3596874,2024-06-12,VUS,2024-06-12,VUS
3596875,2024-06-09,VUS,2024-06-09,VUS
3596876,2024-01-09,VUS,2024-01-09,VUS
3596877,2024-01-04,VUS,2024-01-04,VUS
3596879,2024-03-07,VUS,2024-03-07,VUS
3596880,2024-06-12,VUS,2024-06-12,VUS
3596881,2024-05-18,VUS,2024-05-18,VUS
3596883,2024-02-19,VUS,2024-02-19,VUS
3596884,2024-04-06,VUS,2024-04-06,VUS
3596885,2024-01-09,VUS,2024-01-09,VUS
3596886,2024-04-29,VUS,2024-09-30,VUS
3596887,2024-03-07,LP,2024-03-07,LP
3596888,2024-02-27,VUS,2024-02-27,VUS
3596889,2024-01-23,VUS,2024-01-23,VUS
3596890,2024-06-14,VUS,2024-06-14,VUS
3596891,2024-03-30,LP,2024-03-30,LP
3596892,2024-01-23,LP,2024-01-23,LP
3596893,2024-01-04,VUS,2024-01-04,VUS
3596894,2024-01-16,VUS,2024-01-16,VUS
3596895,2024-04-04,LP,2024-04-04,LP
3596896,2024-04-16,VUS,2024-04-16,VUS
3596897,2024-05-13,VUS,2025-08-14,VUS
3596898,2024-01-10,VUS,2024-01-29,VUS
3596899,2024-06-11,VUS,2024-06-11,VUS
3596900,2024-01-20,VUS,2024-01-20,VUS
3596901,2024-02-29,LP,2024-02-29,LP
3596902,2024-06-10,VUS,2024-06-10,VUS
3596903,2024-04-01,VUS,2024-04-01,VUS
3596904,2024-01-24,VUS,2024-01-24,VUS
3596905,2024-06-18,VUS,2024-06-18,VUS
3596906,2024-05-08,VUS,2025-07-21,VUS
3596907,2024-04-16,LP,2024-04-16,LP
3596908,2024-02-28,VUS,2024-02-28,VUS
3596909,2024-01-09,VUS,2024-01-09,VUS
3596910,2024-01-14,VUS,2024-01-14,VUS
3596911,2024-03-02,LP,2024-03-02,LP
3596912,2024-01-24,VUS,2024-01-24,VUS
3596913,2024-03-08,VUS,2024-03-08,VUS
3596914,2024-06-04,VUS,2024-06-04,VUS
3596915,2024-04-12,VUS,2024-04-12,VUS
3596916,2024-04-24,VUS,2024-04-24,VUS
3596918,2024-01-14,VUS,2024-01-14,VUS
3596919,2024-03-16,LP,2024-03-16,LP
3596920,2024-06-04,VUS,2024-06-04,VUS
3596921,2023-12-29,VUS,2023-12-29,VUS
3596922,2024-05-19,VUS,2024-05-19,VUS
3596923,2024-06-06,VUS,2024-06-06,VUS
3596924,2024-04-22,VUS,2024-04-22,VUS
3596925,2024-02-23,LP,2024-02-23,LP
3596926,2024-04-09,VUS,2024-04-09,VUS
3596927,2024-05-18,VUS,2024-10-31,VUS
3596928,2024-04-10,LP,2024-04-10,LP
3596929,2024-04-01,VUS,2024-04-01,VUS
3596930,2024-04-15,LP,2024-04-15,LP
3596932,2024-05-12,VUS,2024-05-12,VUS
3596933,2024-02-21,VUS,2025-10-29,VUS
3596934,2024-02-13,VUS,2024-02-13,VUS
3596935,2024-01-29,LP,2024-01-29,LP
3596936,2024-05-18,VUS,2024-05-18,VUS
3596937,2024-01-30,VUS,2024-01-30,VUS
3596938,2024-05-14,VUS,2024-05-14,VUS
3596939,2024-05-27,VUS,2024-05-27,VUS
3596940,2024-05-09,VUS,2024-05-09,VUS
3596941,2024-05-02,VUS,2024-10-16,VUS
3596942,2024-05-13,VUS,2024-05-13,VUS
3596943,2024-03-23,VUS,2024-03-23,VUS
3597316,2024-03-18,VUS,2025-08-26,VUS
3597317,2024-05-27,VUS,2024-05-27,VUS
3597318,2024-03-18,VUS,2024-03-18,VUS
3597319,2024-06-06,LP,2024-06-06,LP
3597320,2024-03-26,VUS,2024-03-26,VUS
3597321,2024-06-12,VUS,2024-06-12,VUS
3597322,2024-02-13,VUS,2024-02-13,VUS
3597323,2024-06-12,VUS,2024-06-12,VUS
3597324,2024-03-07,VUS,2024-03-07,VUS
3597325,2024-01-20,VUS,2024-01-20,VUS
3597326,2024-06-04,VUS,2024-06-04,VUS
3597327,2024-03-01,VUS,2024-03-01,VUS
3597328,2024-04-16,VUS,2024-04-16,VUS
3597330,2024-04-14,VUS,2024-04-14,VUS
3597331,2024-01-30,VUS,2024-01-30,VUS
3597332,2024-03-31,VUS,2024-03-31,VUS
3597333,2024-02-20,VUS,2024-02-20,VUS
3597334,2024-01-02,VUS,2024-01-02,VUS
3597335,2023-12-29,VUS,2023-12-29,VUS
3597336,2023-12-28,VUS,2023-12-28,VUS
3597337,2024-06-17,VUS,2024-06-17,VUS
3597338,2024-05-04,VUS,2024-05-04,VUS
3597339,2024-04-19,VUS,2024-04-19,VUS
3597340,2024-02-06,VUS,2024-02-06,VUS
3597341,2024-01-27,VUS,2024-01-27,VUS
3597342,2024-03-07,VUS,2024-03-07,VUS
3597343,2024-03-25,VUS,2024-03-25,VUS
3597344,2024-05-04,LP,2024-05-04,LP
3597345,2024-05-16,VUS,2024-05-16,VUS
3598007,2024-01-08,VUS,2024-01-08,VUS
3598009,2024-03-18,VUS,2024-03-18,VUS
3598010,2024-03-29,VUS,2024-03-29,VUS
3598011,2024-06-18,VUS,2024-06-18,VUS
3598012,2024-05-02,LP,2024-05-02,LP
3598013,2024-03-18,VUS,2024-03-18,VUS
3598014,2024-05-15,VUS,2024-05-15,VUS
3598015,2024-06-20,VUS,2024-06-20,VUS
3598016,2023-12-26,VUS,2023-12-26,VUS
3598018,2024-02-28,VUS,2024-02-28,VUS
3598019,2024-04-10,VUS,2025-02-17,VUS
3598020,2024-06-12,VUS,2024-06-12,VUS
3598021,2024-05-02,VUS,2024-05-02,VUS
3598022,2024-05-27,VUS,2024-05-27,VUS
3598023,2024-05-23,VUS,2025-12-24,VUS
3598024,2024-06-17,VUS,2025-10-20,VUS
3598025,2024-03-01,LP,2024-03-01,LP
3598026,2024-06-21,LP,2024-06-21,LP
3598027,2024-04-26,VUS,2024-04-26,VUS
3598028,2024-05-22,VUS,2024-05-22,VUS
3598030,2024-02-07,VUS,2024-02-07,VUS
3598031,2024-01-08,VUS,2024-01-08,VUS
3598050,2024-01-30,VUS,2024-01-30,VUS
3598051,2024-02-06,VUS,2024-02-06,VUS
3598052,2024-06-19,LP,2024-06-19,LP
3598053,2024-06-20,VUS,2024-06-20,VUS
3598054,2024-05-30,VUS,2024-05-30,VUS
3598359,2024-06-03,LP,2024-06-03,LP
3598360,2024-03-07,VUS,2024-03-07,VUS
3598361,2024-04-05,P,2024-04-05,P
3598362,2024-02-06,LP,2024-02-06,LP
3598363,2024-05-16,P,2024-05-16,P
3598364,2024-02-02,LP,2024-02-02,LP
3598365,2024-05-01,VUS,2024-05-01,VUS
3598366,2024-03-28,VUS,2024-03-28,VUS
3598367,2024-04-11,LP,2024-04-11,LP
3598368,2024-04-20,VUS,2024-04-20,VUS
3598369,2024-06-01,VUS,2024-06-01,VUS
3598370,2024-02-27,VUS,2024-02-27,VUS
3598372,2024-02-29,LP,2024-02-29,LP
3598373,2024-04-24,VUS,2024-04-24,VUS
3598375,2024-03-29,VUS,2024-03-29,VUS
3598376,2024-01-08,VUS,2024-01-08,VUS
3598377,2024-05-30,LP,2024-05-30,LP
3598378,2024-02-20,LP,2024-02-20,LP
3598381,2024-02-19,VUS,2024-02-19,VUS
3598382,2024-06-11,VUS,2024-06-11,VUS
3598383,2024-06-18,VUS,2024-06-18,VUS
3598384,2024-02-20,VUS,2024-02-20,VUS
3598385,2024-06-07,VUS,2024-06-07,VUS
3598387,2024-02-16,LP,2024-02-16,LP
3598388,2024-05-28,VUS,2026-03-05,VUS
3598389,2024-01-22,LP,2024-01-22,LP
3598390,2024-02-28,LP,2024-02-28,LP
3598391,2024-03-25,LP,2024-03-25,LP
3598392,2024-06-14,LP,2024-06-14,LP
3598393,2024-01-16,VUS,2024-01-16,VUS
3598395,2024-04-02,LP,2024-04-02,LP
3598396,2024-05-21,VUS,2024-05-21,VUS
3598397,2024-06-14,VUS,2024-06-14,VUS
3598398,2024-03-13,LP,2024-03-13,LP
3598400,2024-06-13,LB,2024-06-13,LB
3598745,2024-03-26,VUS,2024-03-26,VUS
3598746,2024-02-21,LP,2024-02-21,LP
3598747,2024-06-17,VUS,2024-06-17,VUS
3598748,2023-12-21,VUS,2023-12-21,VUS
3598750,2024-03-20,VUS,2024-03-20,VUS
3598751,2024-05-29,LP,2024-05-29,LP
3598752,2024-04-27,LP,2024-04-27,LP
3598753,2024-05-17,VUS,2024-05-17,VUS
3598755,2024-06-18,VUS,2024-06-18,VUS
3598756,2024-03-30,VUS,2024-03-30,VUS
3598757,2024-03-11,LP,2024-03-11,LP
3598758,2024-06-09,VUS,2024-06-09,VUS
3598759,2024-02-03,VUS,2024-02-03,VUS
3598760,2024-04-08,VUS,2024-04-08,VUS
3598761,2024-02-01,VUS,2024-02-01,VUS
3598763,2024-06-24,LP,2024-06-24,LP
3598764,2024-04-24,LP,2024-04-24,LP
3598765,2024-03-19,VUS,2024-03-19,VUS
3598766,2024-04-15,LP,2024-04-15,LP
3598767,2024-02-22,VUS,2024-02-22,VUS
3598768,2024-01-24,LP,2024-01-24,LP
3598769,2024-01-10,VUS,2024-01-10,VUS
3598770,2024-05-07,VUS,2025-09-14,VUS
3598771,2024-04-20,VUS,2024-04-20,VUS
3598772,2024-05-02,VUS,2024-05-02,VUS
3598773,2024-04-23,VUS,2024-04-23,VUS
3598775,2024-01-08,VUS,2024-01-08,VUS
3598776,2024-04-12,VUS,2025-08-30,VUS
3598777,2024-02-15,VUS,2025-11-20,VUS
3598778,2024-05-31,VUS,2024-05-31,VUS
3599056,2024-02-07,VUS,2024-02-07,VUS
3599063,2024-03-25,VUS,2024-03-25,VUS
3599072,2024-05-27,VUS,2024-05-27,VUS
3599074,2024-06-10,VUS,2024-06-10,VUS
3599078,2024-05-27,VUS,2024-05-27,VUS
3599089,2023-12-30,VUS,2025-02-26,VUS
3599099,2024-05-03,VUS,2024-05-03,VUS
3599103,2024-05-13,VUS,2024-06-24,VUS
3599106,2024-03-27,VUS,2025-08-12,VUS
3599112,2024-03-27,VUS,2025-10-29,VUS
3599121,2024-04-12,VUS,2024-04-12,VUS
3599125,2024-02-28,VUS,2024-02-28,VUS
3599129,2024-06-04,VUS,2024-06-04,VUS
3599133,2024-05-24,VUS,2024-05-24,VUS
3599147,2024-04-30,VUS,2024-04-30,VUS
3599148,2024-02-02,VUS,2024-02-02,VUS
3599149,2024-01-16,VUS,2024-01-16,VUS
3599150,2024-03-26,VUS,2024-03-26,VUS
3599151,2024-04-28,VUS,2024-04-28,VUS
3599152,2024-03-18,VUS,2024-03-18,VUS
3599154,2024-01-06,VUS,2024-01-06,VUS
3599155,2024-02-08,LP,2024-02-08,LP
3599156,2024-05-02,VUS,2024-05-02,VUS
3599157,2024-02-15,VUS,2024-02-15,VUS
3599158,2024-02-19,VUS,2024-02-19,VUS
3599159,2023-12-27,VUS,2023-12-27,VUS
3599160,2024-01-25,LP,2025-05-01,LP
3599161,2024-05-07,VUS,2024-05-07,VUS
3599162,2024-01-04,VUS,2024-01-04,VUS
3599163,2024-03-22,VUS,2024-03-22,VUS
3599164,2024-06-03,VUS,2024-06-03,VUS
3599165,2024-06-18,VUS,2024-06-18,VUS
3599166,2024-06-04,LP,2024-06-04,LP
3599167,2024-04-12,VUS,2024-04-12,VUS
3599168,2024-03-20,VUS,2024-03-20,VUS
3599169,2024-05-29,LP,2024-05-29,LP
3599170,2024-02-03,VUS,2024-02-03,VUS
3599171,2024-06-17,LP,2024-06-17,LP
3599172,2024-02-19,VUS,2024-02-19,VUS
3599173,2024-03-20,VUS,2024-03-20,VUS
3599174,2024-03-22,VUS,2024-03-22,VUS
3599175,2024-03-08,LP,2024-03-08,LP
3599176,2023-12-23,VUS,2025-09-22,VUS
3599177,2024-02-19,VUS,2024-02-19,VUS
3599178,2024-06-13,LP,2025-09-01,LP
3599179,2024-06-11,VUS,2024-06-11,VUS
3599180,2024-02-24,LP,2024-02-24,LP
3599181,2024-01-29,VUS,2024-01-29,VUS
3599182,2024-04-10,LP,2024-04-10,LP
3599183,2024-06-20,LP,2024-06-20,LP
3599184,2024-02-19,VUS,2024-02-19,VUS
3599185,2024-05-18,VUS,2024-05-18,VUS
3599186,2024-05-30,VUS,2024-05-30,VUS
3599193,2024-01-06,VUS,2024-09-05,VUS
3599203,2024-03-26,VUS,2024-03-26,VUS
3599208,2024-02-06,LP,2024-02-06,LP
3599231,2024-05-13,VUS,2024-05-13,VUS
3599245,2024-05-23,VUS,2024-05-23,VUS
3599253,2024-05-04,VUS,2024-05-04,VUS
3599260,2024-01-11,VUS,2024-01-11,VUS
3599269,2024-03-20,VUS,2024-03-20,VUS
3599276,2024-05-13,VUS,2024-05-13,VUS
3599284,2024-01-01,VUS,2024-01-01,VUS
3599291,2024-05-17,LB,2024-05-17,LB
3599296,2024-05-30,LP,2024-05-30,LP
3599300,2024-05-29,VUS,2024-05-29,VUS
3599306,2024-01-09,LP,2024-01-09,LP
3599309,2024-04-23,VUS,2024-04-23,VUS
3599313,2024-04-03,LP,2024-04-03,LP
3599317,2024-02-14,VUS,2024-02-14,VUS
3599325,2024-05-25,VUS,2024-05-25,VUS
3599349,2024-05-27,VUS,2024-05-27,VUS
3599354,2024-06-04,VUS,2024-06-04,VUS
3599358,2024-05-04,VUS,2025-09-28,VUS
3599368,2024-03-05,LP,2024-03-05,LP
3599379,2024-03-07,VUS,2024-03-07,VUS
3599383,2024-01-30,VUS,2024-01-30,VUS
3599390,2024-03-22,VUS,2024-03-22,VUS
3599393,2024-06-10,VUS,2026-01-22,VUS
3599402,2024-02-15,LP,2024-02-15,LP
3599405,2024-05-07,VUS,2024-05-07,VUS
3599410,2024-06-16,LP,2024-06-16,LP
3599417,2024-05-27,VUS,2024-05-27,VUS
3599421,2024-04-04,VUS,2024-04-04,VUS
3599427,2024-01-09,P,2024-01-09,P
3599461,2024-01-23,VUS,2024-01-23,VUS
3599485,2024-01-18,LP,2024-01-18,LP
3599489,2024-02-19,VUS,2024-02-19,VUS
3599494,2024-06-10,VUS,2024-06-10,VUS
3599504,2024-04-30,VUS,2024-04-30,VUS
3599524,2024-01-20,VUS,2024-01-20,VUS
3599527,2024-04-28,VUS,2024-04-28,VUS
3599535,2024-03-07,VUS,2024-03-07,VUS
3599539,2024-05-23,VUS,2024-05-23,VUS
3599542,2024-05-15,LP,2024-05-15,LP
3599551,2024-04-15,VUS,2024-04-15,VUS
3599554,2024-04-20,VUS,2024-04-20,VUS
3599561,2024-03-21,VUS,2024-03-21,VUS
3599563,2024-03-23,LP,2024-03-23,LP
3599573,2024-04-30,VUS,2025-02-05,VUS
3599576,2023-12-29,VUS,2023-12-29,VUS
3599583,2024-05-29,LP,2024-05-29,LP
3599588,2024-02-09,VUS,2024-02-09,VUS
3599593,2024-01-23,VUS,2025-06-12,VUS
3599601,2024-03-24,VUS,2024-03-24,VUS
3599609,2024-01-28,VUS,2024-01-28,VUS
3599615,2024-01-09,VUS,2024-01-09,VUS
3599626,2024-05-04,VUS,2024-05-04,VUS
3599632,2024-06-17,VUS,2024-06-17,VUS
3599641,2024-04-27,VUS,2024-04-27,VUS
3599656,2024-05-21,VUS,2024-05-21,VUS
3599664,2024-02-16,LP,2024-02-16,LP
3599677,2024-04-23,VUS,2024-04-23,VUS
3599683,2024-02-14,VUS,2025-09-01,VUS
3599694,2024-02-12,VUS,2025-01-25,VUS
3599789,2024-06-07,VUS,2024-06-07,VUS
3599951,2024-04-09,VUS,2024-04-09,VUS
3599952,2024-02-05,VUS,2024-02-05,VUS
3599953,2024-05-14,VUS,2024-05-14,VUS
3599954,2024-05-20,VUS,2024-05-20,VUS
3599955,2023-12-26,VUS,2023-12-26,VUS
3599956,2024-01-05,VUS,2024-01-05,VUS
3599957,2024-06-25,VUS,2024-06-25,VUS
3599958,2024-03-08,LP,2024-03-08,LP
3599959,2024-03-20,VUS,2024-03-20,VUS
3599961,2024-06-13,LB,2024-06-13,LB
3599962,2024-06-11,VUS,2024-06-11,VUS
3599963,2024-04-20,VUS,2024-07-30,VUS
3599964,2024-02-05,P,2025-03-24,P
3599965,2024-01-20,VUS,2024-01-20,VUS
3599966,2024-05-04,VUS,2024-05-04,VUS
3599969,2024-04-08,LP,2024-04-08,LP
3599970,2024-05-18,VUS,2024-05-18,VUS
3599971,2024-04-11,VUS,2024-04-11,VUS
3599972,2024-05-14,VUS,2024-05-14,VUS
3599973,2024-03-13,VUS,2024-03-13,VUS
3599974,2024-03-18,LP,2024-03-18,LP
3599976,2024-01-09,VUS,2024-01-09,VUS
3599977,2024-04-24,VUS,2024-04-24,VUS
3599978,2024-02-12,VUS,2024-02-12,VUS
3599979,2024-02-28,VUS,2024-02-28,VUS
3599981,2024-06-11,VUS,2024-06-11,VUS
3599982,2024-03-13,VUS,2024-03-13,VUS
3599983,2024-03-27,VUS,2024-03-27,VUS
3599984,2024-05-31,VUS,2024-05-31,VUS
3599985,2024-02-29,VUS,2024-02-29,VUS
3599986,2024-04-10,VUS,2024-04-10,VUS
3599987,2024-03-14,VUS,2024-03-14,VUS
3599988,2024-02-07,VUS,2024-02-07,VUS
3599989,2024-06-10,VUS,2024-06-10,VUS
3599991,2024-02-20,VUS,2024-02-20,VUS
3599992,2024-03-06,VUS,2024-03-06,VUS
3599993,2023-12-26,VUS,2023-12-26,VUS
3599994,2024-04-01,VUS,2024-04-01,VUS
3599995,2024-04-01,VUS,2024-04-01,VUS
3599996,2024-06-12,VUS,2024-06-12,VUS
3599997,2024-04-04,VUS,2024-04-04,VUS
3599998,2024-02-07,VUS,2024-02-07,VUS
3599999,2024-02-08,VUS,2025-05-25,VUS
3600000,2024-04-24,VUS,2024-04-24,VUS
3600001,2024-02-07,VUS,2024-02-07,VUS
3600002,2024-05-23,VUS,2024-05-23,VUS
3600003,2024-02-07,VUS,2024-02-07,VUS
3600004,2024-02-28,VUS,2024-02-28,VUS
3600005,2024-03-30,VUS,2024-03-30,VUS
3600007,2024-04-24,VUS,2024-04-24,VUS
3600008,2024-05-13,VUS,2024-05-13,VUS
3600009,2024-04-12,VUS,2024-04-12,VUS
3600010,2024-06-18,VUS,2024-06-18,VUS
3600011,2024-03-13,VUS,2024-03-13,VUS
3600269,2025-01-21,P,2025-01-21,P
3601978,2025-01-10,VUS,2025-01-10,VUS
3602119,2025-01-16,VUS,2025-01-16,VUS
3602120,2025-01-29,LP,2025-01-29,LP
3602121,2025-01-29,VUS,2025-01-29,VUS
3602122,2025-01-29,LP,2025-01-29,LP
3602123,2025-01-29,VUS,2025-01-29,VUS
3602138,2024-08-01,VUS,2025-09-28,VUS
3602173,2024-08-02,VUS,2024-08-02,VUS
3603501,2024-08-16,LB,2024-08-16,LB
3603525,2024-08-09,LB,2024-08-09,LB
3603544,2024-10-13,LB,2024-10-13,LB
3603775,2024-08-22,LB,2024-08-22,LB
3603849,2025-08-20,LB,2025-08-20,LB
3603913,2024-04-29,LB,2024-04-29,LB
3603936,2026-01-02,B,2026-01-02,B
3604477,2025-12-31,LB,2025-12-31,LB
3604522,2025-12-28,LB,2025-12-28,LB
3604894,2025-06-12,LB,2025-06-12,LB
3605044,2024-02-16,LB,2024-02-16,LB
3605299,2026-01-06,LB,2026-01-06,LB
3605443,2024-06-12,VUS,2024-06-12,VUS
3605636,2024-11-21,LB,2024-11-21,LB
3605665,2024-03-07,VUS,2024-03-07,VUS
3605678,2024-03-05,LB,2024-03-05,LB
3605683,2025-12-08,LB,2025-12-08,LB
3605957,2025-03-05,VUS,2025-03-05,VUS
3606156,2024-03-17,VUS,2024-03-17,VUS
3606393,2025-06-12,LB,2025-06-12,LB
3606521,2024-02-10,LB,2024-02-10,LB
3606559,2024-05-07,LB,2024-05-07,LB
3606601,2024-11-20,LB,2024-11-20,LB
3606657,2025-12-28,LB,2025-12-28,LB
3606921,2025-04-17,VUS,2025-04-17,VUS
3607070,2024-05-29,LB,2024-05-29,LB
3607116,2024-06-16,LB,2024-06-16,LB
3607244,2025-04-19,LB,2025-04-19,LB
3607372,2024-08-08,LB,2024-08-08,LB
3607749,2025-11-18,LB,2025-11-18,LB
3607831,2024-09-27,LB,2024-09-27,LB
3608013,2024-04-19,LB,2024-04-19,LB
3608104,2024-02-10,LB,2024-02-10,LB
3608257,2024-05-23,LB,2024-05-23,LB
3608266,2024-03-18,P,2024-03-18,P
3608453,2025-05-15,LB,2025-05-15,LB
3608553,2024-05-22,LB,2024-05-22,LB
3608606,2025-01-01,B,2025-01-01,B
3608790,2025-03-11,LB,2025-03-11,LB
3608922,2025-08-20,LB,2025-08-20,LB
3608974,2024-03-30,VUS,2024-03-30,VUS
3609062,2024-06-26,LB,2024-06-26,LB
3609511,2024-03-26,LB,2024-03-26,LB
3609798,2024-07-06,LB,2024-07-06,LB
3610152,2025-04-21,LB,2025-06-12,LB
3610457,2024-06-20,LB,2024-06-20,LB
3610469,2025-06-12,VUS,2025-06-12,VUS
3610517,2025-02-16,LB,2025-12-01,LB
3610679,2024-09-04,LB,2024-09-04,LB
3610988,2025-06-12,LB,2025-06-12,LB
3611017,2025-02-24,LB,2025-02-24,LB
3611211,2024-11-27,LB,2024-11-27,LB
3611213,2024-07-03,LB,2024-07-03,LB
3611337,2025-06-18,VUS,2025-06-18,VUS
3611418,2024-09-29,VUS,2024-09-29,VUS
3611500,2025-03-10,LB,2025-03-10,LB
3611553,2024-02-07,LB,2024-02-07,LB
3611808,2024-04-17,VUS,2024-04-17,VUS
3611813,2024-02-22,LB,2024-02-22,LB
3611881,2024-11-15,LB,2024-11-15,LB
3612016,2024-07-23,LB,2024-07-23,LB
3612090,2026-01-12,LB,2026-01-12,LB
3612185,2024-08-13,VUS,2024-08-13,VUS
3612415,2025-12-24,VUS,2025-12-24,VUS
3612524,2024-02-06,LB,2024-02-06,LB
3612594,2025-01-18,VUS,2025-01-18,VUS
3613254,2024-07-06,VUS,2024-07-06,VUS
3613960,2024-02-16,LB,2024-02-16,LB
3613982,2025-03-11,LB,2025-03-11,LB
3614616,2024-07-19,P,2024-07-19,P
3614634,2024-02-07,VUS,2024-02-07,VUS
3614653,2024-09-03,LB,2024-09-03,LB
3615010,2024-06-20,LB,2024-06-20,LB
3615035,2024-03-10,LB,2024-03-10,LB
3615178,2024-07-14,LB,2024-07-14,LB
3615242,2024-04-03,LB,2024-04-03,LB
3615269,2024-08-06,LB,2024-08-06,LB
3615303,2024-05-10,LB,2024-05-10,LB
3615304,2024-07-30,LB,2024-07-30,LB
3615385,2024-10-12,P,2024-10-12,P
3615396,2025-06-12,LB,2025-06-12,LB
3615466,2025-06-12,LB,2025-06-12,LB
3615585,2024-04-07,LB,2024-04-07,LB
3615655,2024-05-24,VUS,2024-05-24,VUS
3615676,2024-10-17,LB,2024-10-17,LB
3616025,2024-12-04,LB,2024-12-04,LB
3616039,2024-08-06,B,2024-08-06,B
3616224,2024-07-24,LB,2024-07-24,LB
3616721,2024-03-13,VUS,2024-03-13,VUS
3616762,2025-03-06,VUS,2025-07-21,VUS
3617140,2024-02-23,VUS,2024-02-23,VUS
3617517,2024-09-11,LB,2024-09-11,LB
3617657,2024-09-18,LB,2024-09-18,LB
3617700,2024-11-22,LB,2024-11-22,LB
3617939,2024-06-03,LB,2024-06-03,LB
3617965,2024-08-11,VUS,2024-08-11,VUS
3618027,2024-11-11,LB,2024-11-11,LB
3618097,2024-11-22,VUS,2024-11-22,VUS
3618266,2024-12-05,LB,2024-12-05,LB
3618428,2024-03-21,VUS,2024-03-21,VUS
3618463,2024-02-06,LB,2024-02-06,LB
3618698,2024-09-01,VUS,2024-09-01,VUS
3618770,2025-08-26,B,2025-08-26,B
3618850,2024-03-15,VUS,2024-03-15,VUS
3619204,2024-10-31,LB,2024-10-31,LB
3619252,2024-02-08,P,2024-02-08,P
3619318,2024-11-07,LB,2024-11-07,LB
3619481,2025-02-17,LB,2025-02-17,LB
3619668,2024-08-31,LB,2024-08-31,LB
3619790,2025-06-12,LB,2025-06-12,LB
3620091,2024-06-21,LB,2024-06-21,LB
3620398,2024-05-15,LB,2024-05-15,LB
3620812,2024-02-24,LB,2024-02-24,LB
3621054,2024-08-21,VUS,2024-08-21,VUS
3621070,2025-06-12,LB,2025-06-12,LB
3621072,2024-03-27,LP,2024-03-27,LP
3621450,2024-09-27,VUS,2024-09-27,VUS
3621612,2024-04-29,LB,2024-04-29,LB
3621659,2024-10-31,VUS,2024-10-31,VUS
3622131,2024-07-01,VUS,2024-07-01,VUS
3622312,2024-07-20,LB,2024-07-20,LB
3622318,2024-06-22,LB,2024-06-22,LB
3622700,2024-06-13,LB,2024-06-13,LB
3622864,2025-05-18,VUS,2025-05-18,VUS
3622869,2024-02-05,LB,2024-02-05,LB
3623362,2025-01-21,VUS,2025-01-21,VUS
3623378,2024-03-21,LB,2024-03-21,LB
3623446,2024-04-03,VUS,2024-04-03,VUS
3623506,2024-02-27,VUS,2024-02-27,VUS
3623631,2025-06-12,LB,2025-06-12,LB
3623634,2024-06-24,VUS,2024-06-24,VUS
3623870,2024-11-04,P,2024-11-04,P
3623933,2025-01-16,VUS,2025-01-16,VUS
3623936,2024-03-07,LB,2024-03-07,LB
3623947,2024-06-26,VUS,2024-06-26,VUS
3624013,2024-06-13,LB,2024-06-13,LB
3624049,2026-01-06,LB,2026-01-06,LB
3624076,2024-07-19,VUS,2024-07-19,VUS
3624643,2024-07-06,LB,2024-07-06,LB
3625024,2024-08-21,LB,2024-08-21,LB
3625272,2026-01-15,LB,2026-01-15,LB
3625373,2024-11-25,LB,2024-11-25,LB
3626112,2024-03-19,LB,2024-03-19,LB
3626761,2024-10-03,LB,2024-10-03,LB
3627028,2025-01-15,LP,2025-01-15,LP
3627081,2024-02-22,LB,2024-02-22,LB
3627271,2024-12-02,LB,2024-12-02,LB
3627367,2025-01-31,VUS,2025-01-31,VUS
3627719,2025-06-12,LB,2025-06-12,LB
3627826,2024-06-12,LB,2024-06-12,LB
3627908,2024-03-25,LB,2025-08-27,LB
3628016,2025-09-22,LB,2025-09-22,LB
3628115,2025-06-12,LB,2025-06-12,LB
3628337,2024-04-20,LB,2024-04-20,LB
3628628,2024-02-16,LB,2024-02-16,LB
3628987,2024-04-20,VUS,2026-01-09,VUS
3629131,2026-01-05,LB,2026-01-05,LB
3629546,2024-11-26,VUS,2024-11-26,VUS
3629766,2024-11-08,P,2024-11-08,P
3629813,2024-11-05,LB,2025-11-18,LB
3629824,2024-11-05,VUS,2024-11-05,VUS
3629849,2024-11-04,VUS,2024-11-04,VUS
3629879,2024-11-01,VUS,2024-11-01,VUS
3630027,2024-11-18,VUS,2024-11-18,VUS
3630383,2025-12-31,B,2025-12-31,B
3630405,2024-05-23,VUS,2024-05-23,VUS
3630439,2024-04-29,LB,2024-04-29,LB
3630455,2024-04-16,LB,2024-04-16,LB
3630483,2024-12-19,LB,2024-12-19,LB
3630634,2024-02-21,LB,2024-02-21,LB
3631255,2024-10-07,LB,2024-10-07,LB
3631363,2024-12-21,VUS,2024-12-21,VUS
3631562,2024-01-25,LB,2024-01-25,LB
3632075,2024-03-07,LB,2024-03-07,LB
3632338,2025-10-27,LB,2025-10-27,LB
3632501,2024-06-20,LB,2024-06-20,LB
3632632,2024-06-12,VUS,2024-06-12,VUS
3632776,2024-07-01,VUS,2024-07-01,VUS
3632802,2024-01-23,P,2024-01-23,P
3632940,2024-01-19,LB,2024-01-19,LB
3632976,2025-06-12,LB,2025-06-12,LB
3633148,2024-01-29,LB,2024-01-29,LB
3635181,2024-02-23,LB,2024-02-23,LB
3635286,2024-11-22,VUS,2024-11-22,VUS
3635616,2024-12-07,LB,2024-12-07,LB
3636335,2022-01-17,VUS,2024-02-17,VUS
3636336,2024-11-10,VUS,2024-11-10,VUS
3636380,2024-08-08,VUS,2024-08-08,VUS
3637412,2024-07-01,LB,2024-07-01,LB
3637908,2024-09-08,LB,2024-09-08,LB
3637913,2024-10-17,VUS,2024-10-17,VUS
3638723,2024-02-04,LB,2024-02-04,LB
3638832,2024-02-04,P,2024-02-04,P
3639108,2024-03-03,LP,2024-03-03,LP
3639172,2024-02-06,VUS,2024-02-06,VUS
3639274,2024-02-06,LB,2024-02-06,LB
3639468,2024-02-07,LB,2024-02-07,LB
3639572,2024-02-07,LB,2024-02-07,LB
3639690,2025-01-20,LB,2025-01-20,LB
3639740,2024-02-08,LB,2024-02-08,LB
3640383,2024-02-12,LB,2024-02-12,LB
3640736,2024-05-27,LB,2024-05-27,LB
3640888,2024-02-14,VUS,2024-02-14,VUS
3640906,2024-02-15,LB,2024-02-15,LB
3640996,2025-06-12,VUS,2025-06-12,VUS
3641207,2024-02-16,B,2024-02-16,B
3641248,2024-02-22,LB,2024-02-22,LB
3641372,2024-02-16,LB,2024-02-16,LB
3641888,2024-02-18,LB,2024-02-18,LB
3642037,2024-02-19,LB,2024-02-19,LB
3642260,2024-02-20,LB,2024-02-20,LB
3642560,2024-02-22,LB,2024-02-22,LB
3642651,2024-02-22,P,2024-02-22,P
3642652,2024-02-22,VUS,2024-02-22,VUS
3642751,2024-02-23,LB,2024-02-23,LB
3643256,2024-02-25,LB,2024-02-25,LB
3643386,2024-02-26,LB,2024-02-26,LB
3643500,2024-03-03,LB,2024-03-03,LB
3643703,2024-03-01,LB,2024-03-01,LB
3643901,2024-03-01,LB,2024-03-01,LB
3644124,2024-03-02,LB,2024-03-02,LB
3644202,2024-03-02,LB,2024-03-02,LB
3644371,2024-03-03,VUS,2024-03-03,VUS
3644807,2024-03-22,LB,2024-03-22,LB
3644845,2024-03-07,LB,2024-03-07,LB
3645009,2024-03-07,LB,2024-03-07,LB
3645016,2024-05-24,VUS,2024-05-24,VUS
3645378,2024-03-11,LB,2024-03-11,LB
3645668,2024-03-13,LB,2024-03-13,LB
3645780,2024-03-13,B,2024-03-13,B
3645916,2024-03-14,LB,2024-03-14,LB
3646011,2024-03-14,LB,2024-03-14,LB
3646260,2024-08-31,P,2024-08-31,P
3646583,2024-03-18,LB,2024-03-18,LB
3646586,2024-03-18,LB,2024-03-18,LB
3646648,2024-04-16,LB,2024-04-16,LB
3646995,2024-03-20,LB,2024-03-20,LB
3646997,2024-03-20,P,2024-03-20,P
3647207,2024-03-21,VUS,2024-03-21,VUS
3647306,2024-03-28,LB,2024-03-28,LB
3647466,2024-03-24,LB,2024-03-24,LB
3647885,2024-03-27,LB,2024-03-27,LB
3648138,2025-01-27,VUS,2025-01-27,VUS
3648262,2024-03-31,LB,2024-03-31,LB
3648319,2024-04-09,LB,2024-04-09,LB
3648474,2024-04-04,VUS,2024-04-04,VUS
3649025,2024-04-13,LB,2024-04-13,LB
3649369,2024-04-09,P,2024-04-09,P
3649384,2024-04-09,VUS,2024-04-09,VUS
3649478,2025-06-12,LB,2025-06-12,LB
3650416,2024-04-19,LP,2024-04-19,LP
3650567,2024-04-22,LB,2024-04-22,LB
3650821,2024-05-13,LB,2024-05-13,LB
3651213,2024-04-25,VUS,2024-04-25,VUS
3651230,2024-04-25,LB,2024-04-25,LB
3651231,2024-04-26,VUS,2024-04-26,VUS
3651298,2024-10-30,LB,2024-10-30,LB
3651394,2024-07-08,LB,2024-07-08,LB
3651510,2024-04-29,P,2024-04-29,P
3651579,2024-04-29,LB,2024-04-29,LB
3651884,2024-05-07,LB,2024-05-07,LB
3652149,2024-05-04,VUS,2024-05-04,VUS
3652152,2024-05-12,VUS,2024-05-12,VUS
3652278,2024-05-06,LB,2024-05-06,LB
3652770,2024-05-09,LP,2024-05-09,LP
3653604,2024-05-16,VUS,2024-05-16,VUS
3653890,2025-06-12,VUS,2025-06-12,VUS
3653921,2024-05-20,P,2024-05-20,P
3653942,2024-11-05,LP,2024-11-05,LP
3654936,2024-06-07,LB,2024-06-07,LB
3655259,2024-06-01,LB,2024-06-01,LB
3655310,2024-08-05,P,2024-08-05,P
3655642,2024-06-19,LB,2024-06-19,LB
3655739,2024-07-31,LB,2024-07-31,LB
3656031,2025-06-12,VUS,2025-06-12,VUS
3656040,2025-06-12,P,2025-06-12,P
3656733,2024-06-15,VUS,2024-06-15,VUS
3657495,2024-06-22,VUS,2024-06-22,VUS
3657645,2024-12-08,VUS,2024-12-08,VUS
3657730,2024-12-12,LB,2024-12-12,LB
3657984,2024-06-26,LB,2024-06-26,LB
3658209,2025-06-08,LP,2025-06-08,LP
3658321,2024-06-30,P,2024-06-30,P
3659029,2024-07-08,VUS,2024-07-08,VUS
3659297,2024-07-11,VUS,2024-07-11,VUS
3659593,2024-10-29,VUS,2024-10-29,VUS
3659771,2024-07-17,VUS,2024-07-17,VUS
3659936,2024-07-19,P,2024-07-19,P
3659980,2024-07-19,LB,2024-07-19,LB
3660137,2024-07-21,VUS,2024-07-21,VUS
3660353,2024-08-31,P,2024-08-31,P
3660369,2024-07-23,LB,2024-07-23,LB
3660827,2024-07-30,VUS,2024-07-30,VUS
3661122,2025-01-15,P,2025-01-15,P
3661281,2024-08-02,LB,2024-08-02,LB
3661393,2024-08-04,VUS,2024-08-04,VUS
3661843,2024-08-09,LB,2024-08-09,LB
3661897,2025-12-13,B,2025-12-13,B
3661902,2024-08-15,VUS,2024-08-15,VUS
3661910,2024-08-10,VUS,2024-08-10,VUS
3662202,2024-10-07,LB,2024-10-07,LB
3662307,2024-08-13,VUS,2024-08-13,VUS
3662425,2024-10-24,LB,2024-10-24,LB
3662716,2024-09-05,LB,2024-09-05,LB
3663729,2024-08-28,VUS,2024-08-28,VUS
3663831,2024-08-29,VUS,2024-08-29,VUS
3663957,2024-08-29,LB,2024-08-29,LB
3664830,2024-12-30,VUS,2026-01-07,VUS
3664840,2025-06-12,LB,2025-06-12,LB
3665115,2024-09-14,VUS,2024-09-14,VUS
3665234,2025-06-12,LB,2025-06-12,LB
3665300,2024-09-03,VUS,2024-09-03,VUS
3665446,2024-12-24,VUS,2024-12-24,VUS
3665452,2024-09-11,VUS,2024-09-11,VUS
3665862,2024-11-27,VUS,2024-11-27,VUS
3665892,2024-12-04,VUS,2024-12-04,VUS
3666093,2024-12-24,VUS,2024-12-24,VUS
3666197,2024-02-12,B,2024-02-12,B
3666221,2024-04-26,LB,2024-04-26,LB
3666451,2025-01-20,VUS,2025-01-20,VUS
3666511,2024-11-21,VUS,2024-11-21,VUS
3666741,2024-06-19,VUS,2025-08-31,VUS
3666813,2025-01-06,VUS,2025-01-06,VUS
3667091,2025-02-03,VUS,2025-02-03,VUS
3667135,2025-01-19,LB,2025-01-19,LB
3667417,2024-12-06,VUS,2024-12-06,VUS
3667468,2024-11-30,VUS,2024-11-30,VUS
3667850,2024-07-09,P,2024-07-09,P
3668121,2025-07-06,LB,2025-07-06,LB
3668909,2024-03-26,LB,2024-03-26,LB
3669230,2024-01-28,LB,2024-01-28,LB
3669484,2024-12-30,LB,2024-12-30,LB
3669514,2024-12-02,LB,2024-12-02,LB
3669938,2024-02-25,P,2024-02-25,P
3670250,2025-01-16,LB,2025-01-16,LB
3670274,2024-07-02,LB,2024-07-02,LB
3670326,2024-11-21,VUS,2024-11-21,VUS
3670610,2025-01-21,P,2025-01-21,P
3670723,2024-05-23,LB,2024-05-23,LB
3671186,2024-07-12,LB,2024-07-12,LB
3671253,2024-05-06,LB,2024-05-06,LB
3671555,2024-02-17,LB,2024-02-17,LB
3671708,2024-02-16,LB,2024-02-16,LB
3671764,2024-09-19,LB,2024-09-19,LB
3671782,2024-12-09,LB,2024-12-09,LB
3671926,2024-10-12,LB,2024-10-12,LB
3672400,2024-08-29,VUS,2024-08-29,VUS
3672753,2024-10-15,LB,2024-10-15,LB
3672904,2024-05-28,LB,2024-05-28,LB
3672907,2024-12-23,LB,2024-12-23,LB
3673213,2024-05-15,LB,2024-05-15,LB
3673233,2024-09-29,VUS,2024-09-29,VUS
3673298,2024-02-11,LB,2025-09-26,LB
3673492,2024-07-23,LB,2024-07-23,LB
3673676,2024-08-31,VUS,2024-08-31,VUS
3673851,2024-03-15,LB,2024-03-15,LB
3674210,2024-03-22,LB,2024-03-22,LB
3674317,2025-03-31,LP,2025-03-31,LP
3674455,2024-08-13,LB,2024-08-13,LB
3674527,2024-02-03,LB,2024-02-03,LB
3674574,2024-11-25,VUS,2024-11-25,VUS
3674904,2024-10-24,LB,2024-10-24,LB
3675047,2024-08-08,LB,2024-08-08,LB
3675860,2024-02-19,LB,2024-02-19,LB
3676151,2025-02-03,LB,2025-02-03,LB
3676563,2024-06-08,LB,2024-06-08,LB
3676566,2025-01-17,LB,2025-01-17,LB
3676685,2024-02-09,LB,2024-02-09,LB
3676960,2024-09-15,LB,2024-09-15,LB
3677086,2024-03-21,LB,2024-03-21,LB
3677578,2024-03-15,LB,2024-03-15,LB
3677659,2025-01-13,LB,2025-01-13,LB
3677743,2024-02-08,LB,2024-02-08,LB
3678183,2025-01-27,LB,2025-01-27,LB
3678771,2024-06-04,LB,2024-06-04,LB
3678963,2025-10-27,LB,2025-10-27,LB
3679106,2024-05-25,LB,2024-05-25,LB
3679196,2024-04-09,VUS,2024-04-09,VUS
3679207,2025-02-15,VUS,2025-02-15,VUS
3679863,2025-04-17,LB,2025-04-17,LB
3680020,2024-04-25,VUS,2024-04-25,VUS
3680243,2025-02-02,LB,2025-02-02,LB
3680306,2024-02-26,LB,2024-02-26,LB
3680522,2024-12-04,VUS,2024-12-04,VUS
3680602,2025-06-23,LB,2025-06-23,LB
3681110,2025-07-07,LB,2025-07-07,LB
3681324,2025-06-12,LB,2025-06-12,LB
3681373,2024-09-06,VUS,2024-09-06,VUS
3681420,2024-06-03,LB,2024-06-03,LB
3681807,2025-06-12,VUS,2025-06-12,VUS
3682007,2025-08-04,LB,2025-08-04,LB
3682096,2024-04-16,LB,2024-04-16,LB
3682165,2024-01-31,LB,2024-01-31,LB
3682177,2024-03-03,LB,2024-03-03,LB
3682433,2024-03-04,LB,2024-03-04,LB
3682474,2024-03-29,P,2024-03-29,P
3682475,2024-10-18,LB,2024-10-18,LB
3682624,2025-06-12,P,2025-06-12,P
3682949,2024-11-18,VUS,2024-11-18,VUS
3682950,2025-06-12,LB,2025-06-12,LB
3683218,2025-06-12,VUS,2025-06-12,VUS
3683369,2024-10-28,VUS,2024-10-28,VUS
3683571,2025-01-05,LB,2025-01-05,LB
3683652,2024-03-02,LB,2024-03-02,LB
3683701,2024-03-28,LB,2024-03-28,LB
3683826,2024-02-09,LB,2024-02-09,LB
3683954,2024-08-27,LB,2024-08-27,LB
3684126,2024-05-09,LB,2024-05-09,LB
3684452,2024-03-07,LB,2024-03-07,LB
3684607,2025-06-17,VUS,2025-06-17,VUS
3684627,2025-01-30,LB,2025-01-30,LB
3684893,2025-05-12,LB,2025-05-12,LB
3685043,2024-01-31,LB,2024-01-31,LB
3685101,2024-02-04,LB,2024-02-04,LB
3685510,2024-04-30,VUS,2024-04-30,VUS
3685938,2024-09-01,LB,2024-09-01,LB
3686027,2025-04-11,VUS,2025-04-11,VUS
3686359,2024-05-19,LB,2024-05-19,LB
3686903,2024-06-03,LB,2024-06-03,LB
3687561,2024-04-17,LB,2024-04-17,LB
3687883,2024-01-25,LB,2024-01-25,LB
3687981,2025-06-12,LB,2025-06-12,LB
3688036,2024-09-27,VUS,2024-09-27,VUS
3688113,2024-02-23,LB,2024-02-23,LB
3688172,2024-02-09,LB,2024-02-09,LB
3688646,2025-11-01,LB,2025-11-01,LB
3688794,2024-01-31,LB,2024-01-31,LB
3688878,2024-11-13,VUS,2024-11-13,VUS
3689152,2024-02-14,LP,2024-02-14,LP
3689340,2025-01-07,LB,2025-01-07,LB
3689387,2024-08-12,LB,2024-08-12,LB
3689476,2024-08-05,VUS,2024-08-05,VUS
3689681,2024-09-15,VUS,2024-09-15,VUS
3690023,2025-06-02,LB,2025-06-02,LB
3690029,2025-04-18,LB,2025-04-18,LB
3690118,2024-10-13,LB,2024-10-13,LB
3690560,2024-12-23,LB,2024-12-23,LB
3691609,2024-10-12,VUS,2025-03-26,VUS
3691638,2024-06-28,LB,2024-06-28,LB
3691686,2024-11-27,LB,2024-11-27,LB
3692400,2025-01-16,VUS,2025-01-16,VUS
3692491,2024-12-19,LB,2024-12-19,LB
3693014,2024-12-29,LB,2024-12-29,LB
3693085,2024-02-20,LB,2024-02-20,LB
3693227,2024-03-25,LB,2024-03-25,LB
3693277,2024-03-03,LB,2024-03-03,LB
3693357,2024-03-02,LB,2024-03-02,LB
3693781,2024-11-05,LB,2024-11-05,LB
3693794,2024-03-13,LB,2024-03-13,LB
3694026,2024-01-30,LB,2024-01-30,LB
3694086,2024-04-08,LB,2024-04-08,LB
3694321,2024-04-10,VUS,2025-10-07,VUS
3694484,2024-07-05,LB,2024-07-05,LB
3694557,2024-08-13,LB,2024-08-13,LB
3694559,2025-01-14,LB,2025-01-14,LB
3694597,2024-12-16,LB,2024-12-16,LB
3694621,2024-11-05,VUS,2024-11-05,VUS
3694680,2024-12-30,VUS,2025-03-18,VUS
3694687,2024-02-06,VUS,2024-02-06,VUS
3694971,2024-11-11,VUS,2024-11-11,VUS
3695358,2025-06-02,LB,2025-06-02,LB
3695624,2025-03-10,VUS,2025-03-10,VUS
3695748,2024-02-13,LB,2024-02-13,LB
3695771,2024-03-29,P,2024-03-29,P
3696598,2026-01-27,LB,2026-01-27,LB
3696628,2024-09-27,LB,2024-09-27,LB
3696677,2024-04-07,LB,2024-04-07,LB
3696767,2024-12-18,LB,2024-12-18,LB
3696979,2025-06-22,B,2025-06-22,B
3697279,2025-06-12,LB,2025-06-12,LB
3697384,2024-06-10,LB,2024-06-10,LB
3697422,2024-09-27,P,2024-09-27,P
3697793,2024-01-27,LB,2024-01-27,LB
3697813,2025-01-01,VUS,2025-01-01,VUS
3698196,2024-03-05,LB,2024-03-05,LB
3698673,2024-04-22,VUS,2024-04-22,VUS
3698740,2024-04-25,LB,2024-04-25,LB
3698996,2024-03-20,LB,2024-03-20,LB
3699053,2025-01-07,LB,2025-01-07,LB
3699323,2024-06-10,LB,2024-06-10,LB
3699358,2024-07-24,LB,2024-07-24,LB
3699984,2024-10-08,VUS,2024-10-08,VUS
3700425,2024-02-05,VUS,2025-06-22,VUS
3700856,2024-02-02,LB,2024-02-02,LB
3701008,2024-03-01,VUS,2024-03-01,VUS
3701537,2024-03-10,LB,2024-03-10,LB
3701953,2024-06-06,VUS,2024-06-06,VUS
3702129,2024-05-20,B,2024-05-20,B
3702165,2025-01-07,LB,2025-01-07,LB
3702198,2025-09-02,VUS,2025-09-02,VUS
3702302,2024-11-26,VUS,2024-11-26,VUS
3702462,2024-02-13,LB,2024-02-13,LB
3702872,2024-05-23,VUS,2024-05-23,VUS
3702917,2024-04-10,VUS,2025-10-07,VUS
3703007,2026-01-31,VUS,2026-01-31,VUS
3703084,2024-09-11,VUS,2024-09-11,VUS
3703192,2024-06-11,LB,2024-06-11,LB
3703466,2024-09-30,VUS,2024-09-30,VUS
3703771,2024-08-17,VUS,2024-08-17,VUS
3703923,2025-06-12,LB,2025-06-12,LB
3704344,2025-04-29,VUS,2025-04-29,VUS
3705033,2024-06-25,LB,2024-06-25,LB
3705081,2025-02-19,VUS,2025-02-19,VUS
3705132,2024-08-06,VUS,2025-06-23,VUS
3705250,2024-12-20,LB,2024-12-20,LB
3705392,2024-05-07,LB,2024-05-07,LB
3705615,2025-06-09,VUS,2026-01-12,VUS
3706131,2025-10-25,LB,2025-10-25,LB
3706664,2024-04-01,LB,2024-04-01,LB
3707327,2024-07-30,VUS,2024-07-30,VUS
3707558,2024-02-22,LB,2024-02-22,LB
3708379,2024-02-29,LB,2024-02-29,LB
3708494,2025-02-03,LB,2025-02-03,LB
3708685,2024-02-02,P,2024-02-02,P
3708768,2024-12-24,LB,2024-12-24,LB
3708845,2025-06-12,P,2025-06-12,P
3709556,2024-09-30,LB,2024-09-30,LB
3709627,2024-05-27,LP,2024-05-27,LP
3709753,2025-12-30,VUS,2025-12-30,VUS
3709825,2024-12-03,LB,2024-12-03,LB
3710130,2025-03-11,LB,2025-03-11,LB
3710931,2024-04-30,VUS,2024-04-30,VUS
3711038,2024-07-11,LB,2024-07-11,LB
3711066,2024-09-26,LB,2024-09-26,LB
3711668,2024-07-13,VUS,2024-07-13,VUS
3711928,2024-01-29,LB,2024-01-29,LB
3712022,2024-02-02,LB,2024-02-02,LB
3712041,2026-01-13,LB,2026-01-13,LB
3712197,2024-03-20,LB,2024-09-01,LB
3712376,2024-04-17,LB,2024-04-17,LB
3712566,2024-08-12,VUS,2024-08-12,VUS
3712627,2024-02-23,LB,2024-02-23,LB
3713128,2024-06-05,LB,2024-06-05,LB
3713194,2024-12-04,LB,2024-12-04,LB
3713416,2024-06-22,LB,2024-06-22,LB
3713452,2024-06-16,LB,2024-06-16,LB
3713515,2024-04-29,VUS,2024-04-29,VUS
3714104,2024-08-10,LB,2024-08-10,LB
3714259,2025-05-07,LB,2025-05-07,LB
3714282,2026-01-19,LB,2026-01-19,LB
3714436,2024-09-27,LB,2024-09-27,LB
3714992,2024-10-10,P,2024-10-10,P
3714996,2024-12-04,LB,2024-12-04,LB
3715306,2024-11-07,VUS,2024-11-07,VUS
3715315,2024-02-02,LB,2024-02-02,LB
3715352,2024-05-31,LP,2024-05-31,LP
3715474,2026-01-12,LB,2026-01-12,LB
3715826,2024-08-21,LB,2024-08-21,LB
3715868,2025-03-04,VUS,2025-03-04,VUS
3715958,2024-12-14,VUS,2024-12-14,VUS
3716148,2025-07-10,LB,2025-07-10,LB
3716468,2024-05-02,VUS,2024-05-02,VUS
3716699,2024-04-17,VUS,2024-04-17,VUS
3716706,2024-10-07,LB,2024-10-07,LB
3716747,2024-09-14,VUS,2024-09-14,VUS
3716844,2025-12-14,LB,2025-12-14,LB
3716939,2024-09-13,P,2024-09-13,P
3717408,2024-09-16,LB,2024-09-16,LB
3717537,2024-05-26,LB,2024-05-26,LB
3717692,2024-05-02,B,2024-05-02,B
3717739,2024-12-02,LB,2024-12-02,LB
3717785,2024-09-17,LB,2024-09-17,LB
3717804,2024-12-10,LB,2024-12-10,LB
3718016,2024-12-06,P,2024-12-06,P
3718047,2024-03-10,LB,2024-03-10,LB
3718302,2025-01-31,VUS,2025-09-10,VUS
3718667,2024-10-02,VUS,2024-10-02,VUS
3718694,2025-11-28,VUS,2025-11-28,VUS
3718717,2024-12-05,LB,2024-12-05,LB
3718748,2024-07-24,VUS,2024-07-24,VUS
3718824,2024-07-10,LB,2024-07-10,LB
3719146,2025-08-14,VUS,2025-08-14,VUS
3719516,2025-12-14,LB,2025-12-14,LB
3719570,2024-04-04,P,2024-04-04,P
3719587,2025-11-03,VUS,2025-11-03,VUS
3720323,2024-10-02,P,2024-10-02,P
3720325,2024-08-13,VUS,2024-08-13,VUS
3721572,2024-09-27,LB,2024-09-27,LB
3721722,2024-05-09,P,2024-05-09,P
3721927,2024-09-30,LB,2024-09-30,LB
3722568,2024-02-19,LB,2024-02-19,LB
3722793,2024-10-12,LB,2024-10-12,LB
3722818,2024-07-04,VUS,2024-07-04,VUS
3722819,2025-02-15,LB,2025-02-15,LB
3722821,2024-10-12,P,2025-03-26,P
3723193,2024-10-19,LB,2024-10-19,LB
3723277,2025-06-03,P,2025-06-03,P
3723460,2024-10-21,LB,2024-10-21,LB
3723659,2024-10-23,LB,2024-10-23,LB
3723948,2024-11-04,LB,2024-11-04,LB
3724236,2024-10-28,P,2024-10-28,P
3724440,2024-02-11,P,2024-02-11,P
3724941,2025-07-13,B,2025-07-13,B
3725241,2024-12-12,VUS,2024-12-12,VUS
3725657,2024-12-04,LB,2024-12-04,LB
3726383,2024-11-29,LB,2024-11-29,LB
3726509,2024-12-03,P,2026-04-03,P
3726648,2024-12-04,LB,2024-12-04,LB
3726859,2024-12-08,LB,2024-12-08,LB
3726904,2024-12-08,LP,2024-12-08,LP
3727092,2024-12-12,P,2024-12-12,P
3727276,2024-12-14,LB,2024-12-14,LB
3727332,2024-12-16,LB,2024-12-16,LB
3728048,2024-12-24,VUS,2024-12-24,VUS
3728510,2025-01-05,LB,2025-01-05,LB
3729040,2025-01-15,P,2025-01-15,P
3729134,2025-01-18,LB,2025-01-18,LB
3729452,2025-01-23,LB,2025-01-23,LB
3729646,2025-01-27,P,2025-01-27,P
3729807,2024-08-08,VUS,2024-08-08,VUS
3729859,2025-04-13,VUS,2025-04-13,VUS
3730361,2024-04-03,LB,2024-04-03,LB
3730684,2024-09-19,LB,2024-09-19,LB
3731023,2024-08-14,LP,2024-08-14,LP
3731337,2023-06-22,VUS,2023-06-22,VUS
3731343,2023-06-22,LP,2023-06-22,LP
3731364,2023-06-22,VUS,2023-06-22,VUS
3731431,2023-06-22,LP,2023-06-22,LP
3731501,2023-06-22,VUS,2023-06-22,VUS
3747868,2024-12-20,VUS,2024-12-20,VUS
3748119,2024-11-20,VUS,2024-11-20,VUS
3748120,2024-02-12,LB,2024-02-12,LB
3748665,2025-01-23,VUS,2025-01-23,VUS
3749023,2024-09-16,LB,2024-09-16,LB
3749625,2024-09-19,VUS,2024-09-19,VUS
3750177,2024-04-25,VUS,2024-04-25,VUS
3751416,2024-10-30,VUS,2024-10-30,VUS
3751545,2025-01-23,VUS,2025-04-09,VUS
3751679,2024-03-17,VUS,2024-03-17,VUS
3751706,2024-04-01,VUS,2024-04-01,VUS
3751775,2024-06-04,VUS,2024-06-04,VUS
3752732,2024-09-09,VUS,2024-09-09,VUS
3753227,2024-07-19,P,2024-07-19,P
3753435,2024-12-13,VUS,2024-12-13,VUS
3754458,2024-02-06,VUS,2024-02-06,VUS
3754520,2024-02-08,LB,2024-02-08,LB
3754626,2024-02-22,VUS,2024-02-22,VUS
3754630,2025-10-27,VUS,2025-10-27,VUS
3754689,2024-02-15,VUS,2024-02-15,VUS
3754997,2024-02-29,P,2024-02-29,P
3755106,2024-03-04,VUS,2024-03-04,VUS
3755140,2024-04-26,P,2024-04-26,P
3755369,2024-03-18,VUS,2024-03-18,VUS
3755370,2024-03-18,P,2024-03-18,P
3755425,2024-04-04,VUS,2024-04-04,VUS
3755489,2024-03-24,VUS,2024-03-24,VUS
3755557,2024-03-27,VUS,2024-03-27,VUS
3755578,2024-04-03,VUS,2024-04-03,VUS
3755631,2024-04-02,VUS,2024-04-02,VUS
3755632,2024-02-15,LB,2024-02-15,LB
3755671,2024-04-03,VUS,2024-04-03,VUS
3755856,2024-04-15,VUS,2024-04-15,VUS
3755904,2024-05-18,P,2024-05-18,P
3755953,2024-04-24,P,2024-04-24,P
3756097,2024-04-29,VUS,2024-04-29,VUS
3756392,2024-03-20,VUS,2024-03-20,VUS
3756427,2024-05-21,VUS,2024-09-11,VUS
3756520,2025-08-10,VUS,2025-08-10,VUS
3756527,2024-07-18,LP,2024-07-18,LP
3756709,2024-06-06,P,2024-06-06,P
3756830,2024-06-15,VUS,2024-06-15,VUS
3756937,2024-06-23,P,2024-06-23,P
3757051,2024-06-30,P,2024-06-30,P
3757195,2024-07-09,VUS,2024-07-09,VUS
3757210,2024-10-10,VUS,2024-10-10,VUS
3757241,2024-07-15,P,2024-07-15,P
3757350,2024-07-23,VUS,2024-07-23,VUS
3757579,2024-08-07,VUS,2024-08-07,VUS
3757671,2024-08-14,VUS,2024-12-19,VUS
3757810,2024-08-24,VUS,2024-08-24,VUS
3757854,2024-08-28,VUS,2024-08-28,VUS
3757867,2024-08-28,VUS,2024-08-28,VUS
3758468,2024-07-03,VUS,2024-07-03,VUS
3758521,2024-09-10,P,2024-09-10,P
3758697,2024-05-04,VUS,2024-05-04,VUS
3758960,2024-02-02,LB,2024-02-02,LB
3759088,2024-03-06,P,2024-03-06,P
3759089,2024-10-05,VUS,2024-10-05,VUS
3759090,2024-02-03,LP,2024-02-03,LP
3759092,2025-01-11,VUS,2025-01-11,VUS
3759094,2024-09-04,P,2024-09-04,P
3759205,2024-09-23,P,2024-09-23,P
3759464,2024-10-15,VUS,2024-10-15,VUS
3759576,2024-10-24,VUS,2024-10-24,VUS
3759618,2024-10-29,VUS,2025-08-13,VUS
3759656,2024-10-31,VUS,2024-10-31,VUS
3759673,2024-10-23,VUS,2024-10-23,VUS
3759674,2024-09-27,P,2024-09-27,P
3759675,2025-01-30,P,2025-01-30,P
3759678,2024-12-21,P,2024-12-21,P
3759679,2025-01-25,LP,2025-01-25,LP
3759680,2024-11-03,P,2024-11-03,P
3759823,2024-11-20,P,2024-11-20,P
3759885,2025-01-20,LB,2025-01-20,LB
3759944,2024-12-03,VUS,2024-12-03,VUS
3760033,2024-12-12,VUS,2024-12-12,VUS
3760090,2024-12-17,VUS,2024-12-17,VUS
3760199,2024-12-30,P,2024-12-30,P
3760417,2025-01-23,VUS,2025-01-23,VUS
3760419,2025-01-29,LB,2025-01-29,LB
3760435,2025-01-26,VUS,2025-01-26,VUS
3760533,2024-01-25,LB,2024-01-25,LB
3761381,2024-12-11,VUS,2024-12-11,VUS
3761621,2024-08-15,VUS,2024-08-15,VUS
3763124,2024-07-11,P,2024-07-11,P
3763134,2024-02-15,LB,2024-02-15,LB
3763451,2024-06-25,VUS,2024-06-25,VUS
3763624,2024-12-12,LB,2024-12-12,LB
3764627,2024-01-01,P,2024-01-01,P
3765086,2025-03-04,LP,2025-03-04,LP
3765087,2025-03-04,LP,2025-03-04,LP
3765088,2025-03-04,LP,2026-01-17,LP
3765379,2025-03-04,LP,2025-03-04,LP
3765380,2025-03-04,LP,2025-03-04,LP
3765865,2024-07-25,LP,2024-07-25,LP
3766481,2024-02-28,P,2024-02-28,P
3766714,2025-02-25,VUS,2025-05-21,VUS
3766748,2024-07-29,LP,2024-07-29,LP
3766752,2024-07-30,LB,2024-07-30,LB
3766808,2024-08-30,P,2024-08-30,P
3766984,2023-12-05,LP,2023-12-05,LP
3767060,2024-07-26,LB,2024-07-26,LB
3767148,2025-02-24,VUS,2025-02-24,VUS
3767332,2024-01-06,VUS,2024-01-06,VUS
3767459,2024-09-09,VUS,2024-09-09,VUS
3767964,2025-02-05,LP,2025-02-05,LP
3767965,2025-02-05,VUS,2025-02-05,VUS
3768130,2024-12-11,LB,2024-12-11,LB
3768140,2024-12-10,LB,2024-12-10,LB
3768141,2024-12-10,LB,2024-12-10,LB
3768143,2024-12-10,LB,2024-12-10,LB
3768144,2024-12-10,LB,2024-12-10,LB
3768223,2024-12-06,LB,2024-12-06,LB
3768224,2024-12-06,LB,2024-12-06,LB
3768225,2024-12-06,LB,2024-12-06,LB
3768226,2024-12-06,LB,2024-12-06,LB
3768227,2024-12-06,LB,2024-12-06,LB
3768240,2024-12-05,VUS,2024-12-05,VUS
3768286,2024-12-04,LB,2024-12-04,LB
3768303,2024-12-03,VUS,2024-12-03,VUS
3768453,2024-12-24,VUS,2024-12-24,VUS
3768567,2026-03-24,LP,2026-03-24,LP
3768605,2025-02-11,LB,2025-02-11,LB
3768898,2025-02-21,VUS,2025-02-21,VUS
3769006,2025-02-18,VUS,2025-02-18,VUS
3769430,2025-01-25,VUS,2025-01-25,VUS
3769486,2025-01-22,VUS,2025-01-22,VUS
3769677,2024-09-12,VUS,2024-09-12,VUS
3770187,2024-11-06,P,2024-11-06,P
3772072,2025-07-01,P,2025-07-01,P
3772102,2024-12-01,VUS,2024-12-01,VUS
3772623,2025-08-01,LP,2025-08-01,LP
3772670,2025-02-25,VUS,2025-02-25,VUS
3773724,2025-03-04,VUS,2025-03-04,VUS
3773769,2024-09-08,VUS,2024-09-08,VUS
3773896,2024-09-22,VUS,2024-09-22,VUS
3773929,2024-09-23,P,2024-09-23,P
3774108,2024-09-20,VUS,2024-09-20,VUS
3774413,2025-02-21,P,2025-02-21,P
3774560,2025-02-25,VUS,2025-02-25,VUS
3774581,2025-02-19,P,2025-02-19,P
3774591,2025-02-10,VUS,2025-02-10,VUS
3775536,2024-01-06,VUS,2024-01-06,VUS
3775554,2023-06-01,LP,2023-06-01,LP
3775585,2023-06-19,VUS,2023-06-19,VUS
3775639,2023-11-10,VUS,2023-11-10,VUS
3775672,2024-01-02,P,2024-01-02,P
3775753,2024-01-18,LP,2024-01-18,LP
3776136,2024-01-17,VUS,2024-01-17,VUS
3776436,2024-09-24,VUS,2024-11-14,VUS
3777110,2022-10-07,LP,2022-10-07,LP
3777124,2023-02-07,LP,2023-02-07,LP
3777188,2022-10-25,LP,2025-10-03,LP
3778105,2025-03-01,VUS,2025-03-01,VUS
3778119,2025-03-01,LB,2026-02-10,LB
3778709,2025-03-07,VUS,2025-03-07,VUS
3779292,2021-12-01,VUS,2021-12-01,VUS
3779326,2023-01-20,VUS,2023-01-20,VUS
3779386,2022-10-10,LP,2022-10-10,LP
3779532,2023-06-19,LP,2023-06-19,LP
3779558,2023-07-20,LP,2023-07-20,LP
3780587,2022-08-08,VUS,2022-08-08,VUS
3780618,2021-12-21,LP,2021-12-21,LP
3780621,2023-10-17,LP,2023-10-17,LP
3780622,2023-01-12,LP,2023-01-12,LP
3780633,2023-03-15,LP,2023-03-15,LP
3780634,2022-02-02,VUS,2022-02-02,VUS
3780635,2021-07-30,VUS,2021-07-30,VUS
3780648,2022-09-14,VUS,2022-09-14,VUS
3780649,2022-09-14,VUS,2022-09-14,VUS
3781255,2024-10-17,VUS,2024-10-17,VUS
3781320,2025-10-03,LP,2025-10-03,LP
3796410,2025-01-20,VUS,2025-01-20,VUS
3796411,2025-01-02,VUS,2025-01-02,VUS
3796412,2025-02-07,VUS,2025-02-07,VUS
3796413,2025-03-03,VUS,2025-03-03,VUS
3796414,2025-03-06,VUS,2025-03-06,VUS
3796814,2025-02-12,VUS,2025-02-12,VUS
3796815,2025-02-12,VUS,2025-02-12,VUS
3796816,2025-03-06,VUS,2025-03-06,VUS
3797436,2025-02-04,VUS,2025-02-04,VUS
3797438,2025-01-16,VUS,2025-01-16,VUS
3797439,2025-02-14,VUS,2025-02-14,VUS
3797482,2025-01-22,VUS,2025-01-22,VUS
3797483,2024-12-30,LB,2024-12-30,LB
3797484,2024-12-24,VUS,2024-12-24,VUS
3797485,2025-01-21,VUS,2025-01-21,VUS
3797494,2025-02-08,VUS,2025-02-08,VUS
3797495,2025-01-09,VUS,2025-11-10,VUS
3797496,2025-01-23,VUS,2025-01-23,VUS
3797497,2025-01-26,VUS,2025-01-26,VUS
3797498,2025-01-26,VUS,2025-01-26,VUS
3797499,2025-02-06,VUS,2025-02-06,VUS
3797500,2025-03-01,VUS,2025-03-01,VUS
3797806,2025-01-23,VUS,2025-01-23,VUS
3797807,2025-01-17,VUS,2025-01-17,VUS
3797808,2025-02-04,VUS,2025-02-04,VUS
3797809,2025-02-12,VUS,2025-02-12,VUS
3797810,2025-02-21,VUS,2025-02-21,VUS
3797811,2025-03-05,VUS,2025-03-05,VUS
3797960,2025-02-19,VUS,2025-09-29,VUS
3797961,2025-01-23,VUS,2025-01-23,VUS
3797962,2025-02-07,VUS,2025-02-07,VUS
3797963,2025-02-09,VUS,2025-02-09,VUS
3797964,2025-02-19,VUS,2025-02-19,VUS
3798334,2024-12-20,VUS,2024-12-20,VUS
3798335,2025-01-09,VUS,2025-01-09,VUS
3806979,2024-12-24,VUS,2024-12-24,VUS
3806988,2024-12-30,VUS,2024-12-30,VUS
3806999,2024-12-17,VUS,2024-12-17,VUS
3807008,2025-01-01,VUS,2025-01-01,VUS
3807018,2025-01-10,VUS,2025-01-10,VUS
3807026,2025-02-07,VUS,2025-02-07,VUS
3807147,2025-02-07,VUS,2025-02-07,VUS
3807157,2025-01-28,VUS,2025-01-28,VUS
3807168,2025-03-07,VUS,2025-03-07,VUS
3807177,2025-01-20,VUS,2025-01-20,VUS
3807192,2025-01-18,VUS,2025-01-18,VUS
3808140,2025-03-03,VUS,2025-03-03,VUS
3814875,2024-12-11,VUS,2024-12-11,VUS
3814876,2024-12-14,VUS,2024-12-14,VUS
3817596,2025-02-12,VUS,2025-02-12,VUS
3817598,2025-02-07,VUS,2025-02-07,VUS
3817599,2024-12-12,VUS,2024-12-12,VUS
3817600,2025-01-19,VUS,2025-01-19,VUS
3817601,2025-01-16,VUS,2025-01-16,VUS
3817602,2024-12-14,LB,2024-12-14,LB
3817603,2025-01-03,VUS,2025-01-03,VUS
3817604,2025-01-18,LB,2025-01-18,LB
3817606,2025-01-21,VUS,2025-01-21,VUS
3817607,2025-01-28,VUS,2025-01-28,VUS
3817608,2025-01-29,LB,2025-01-29,LB
3817609,2025-02-27,VUS,2025-02-27,VUS
3827610,2025-01-27,LB,2025-01-27,LB
3827611,2025-02-13,LB,2025-02-13,LB
3827612,2024-12-12,LB,2024-12-12,LB
3827613,2024-12-13,LB,2024-12-13,LB
3827614,2024-12-15,LB,2024-12-15,LB
3827615,2024-12-16,LB,2024-12-16,LB
3827616,2024-12-20,LB,2024-12-20,LB
3827618,2025-01-27,LB,2025-01-27,LB
3827619,2025-02-01,LB,2025-02-01,LB
3827620,2025-02-04,LB,2025-02-04,LB
3827621,2025-02-05,LB,2025-02-05,LB
3827622,2025-02-08,LB,2025-02-08,LB
3833008,2025-01-21,VUS,2025-01-21,VUS
3833028,2025-01-23,VUS,2025-01-23,VUS
3833044,2025-01-28,VUS,2025-01-28,VUS
3833071,2025-03-03,VUS,2025-03-03,VUS
3833081,2024-12-20,VUS,2024-12-20,VUS
3833091,2024-12-31,VUS,2024-12-31,VUS
3833101,2024-12-31,VUS,2024-12-31,VUS
3833109,2025-02-09,LB,2025-02-09,LB
3833118,2025-02-09,VUS,2025-02-09,VUS
3833129,2025-02-12,VUS,2025-02-12,VUS
3833139,2025-02-25,VUS,2025-02-25,VUS
3833150,2025-02-25,VUS,2025-02-25,VUS
3833783,2024-12-11,VUS,2024-12-11,VUS
3833784,2024-12-17,VUS,2024-12-17,VUS
3833785,2024-12-25,VUS,2024-12-25,VUS
3833802,2025-02-19,VUS,2025-02-19,VUS
3833804,2025-01-01,VUS,2025-01-01,VUS
3833805,2025-01-23,VUS,2025-01-23,VUS
3833806,2024-12-15,VUS,2024-12-15,VUS
3833807,2025-03-05,VUS,2025-03-05,VUS
3833814,2024-12-17,VUS,2024-12-17,VUS
3837772,2024-12-14,VUS,2024-12-14,VUS
3837773,2025-02-07,VUS,2025-02-07,VUS
3837774,2025-02-26,VUS,2025-02-26,VUS
3837776,2025-02-07,VUS,2025-02-07,VUS
3837777,2025-03-11,VUS,2025-03-11,VUS
3842465,2025-02-24,VUS,2025-02-24,VUS
3842466,2025-01-27,VUS,2025-01-27,VUS
3842467,2025-01-27,LB,2025-01-27,LB
3842468,2025-01-27,VUS,2025-01-27,VUS
3842469,2025-02-27,VUS,2025-02-27,VUS
3842470,2024-12-12,VUS,2024-12-12,VUS
3842471,2025-01-07,VUS,2025-01-07,VUS
3842472,2025-01-17,LB,2025-01-17,LB
3842473,2025-01-21,VUS,2025-01-21,VUS
3842474,2025-02-18,VUS,2025-02-18,VUS
3843261,2025-01-23,VUS,2025-01-23,VUS
3843271,2024-12-20,VUS,2024-12-20,VUS
3843282,2025-01-09,VUS,2025-01-09,VUS
3847578,2024-12-25,VUS,2024-12-25,VUS
3847579,2025-01-26,VUS,2025-01-26,VUS
3847580,2025-01-26,VUS,2025-01-26,VUS
3847581,2025-02-19,LB,2025-02-19,LB
3847582,2025-03-08,VUS,2025-03-08,VUS
3855692,2024-12-16,VUS,2024-12-16,VUS
3855693,2024-12-21,VUS,2024-12-21,VUS
3855694,2025-02-15,VUS,2025-02-15,VUS
3858208,2024-12-29,LB,2024-12-29,LB
3858299,2025-02-25,VUS,2025-02-25,VUS
3862838,2025-02-09,VUS,2025-02-09,VUS
3862839,2025-02-05,VUS,2025-02-05,VUS
3862841,2025-02-08,VUS,2025-02-08,VUS
3862842,2025-03-07,VUS,2025-03-07,VUS
3879406,2024-12-25,VUS,2024-12-25,VUS
3879407,2025-02-04,VUS,2025-02-04,VUS
3879408,2025-03-06,VUS,2025-03-06,VUS
3882532,2024-12-25,VUS,2024-12-25,VUS
3882533,2025-04-14,VUS,2025-04-14,VUS
3882534,2025-02-20,VUS,2025-02-20,VUS
3887114,2025-02-28,VUS,2025-02-28,VUS
3891444,2023-09-25,LP,2023-09-25,LP
3892443,2023-08-22,LP,2023-08-22,LP
3892465,2022-11-17,VUS,2022-11-17,VUS
3892466,2021-10-18,VUS,2021-10-18,VUS
3892472,2023-01-26,VUS,2023-01-26,VUS
3892481,2022-09-07,VUS,2022-09-07,VUS
3892482,2021-07-30,VUS,2021-07-30,VUS
3893062,2022-05-16,LP,2025-06-19,LP
3893275,2025-04-16,VUS,2025-04-16,VUS
3893276,2025-04-23,VUS,2025-04-23,VUS
3893687,2025-04-28,VUS,2025-04-28,VUS
3894545,2025-04-10,VUS,2025-04-10,VUS
3894550,2025-03-14,VUS,2025-03-14,VUS
3894563,2025-03-25,VUS,2025-03-25,VUS
3896111,2025-03-18,LB,2025-03-18,LB
3896225,2025-04-16,VUS,2025-04-16,VUS
3896304,2025-04-14,VUS,2025-04-14,VUS
3896342,2025-04-10,VUS,2025-04-10,VUS
3896492,2025-04-03,LB,2025-04-03,LB
3897410,2024-10-30,VUS,2024-10-30,VUS
3898243,2025-04-01,VUS,2025-04-01,VUS
3899173,2024-11-08,VUS,2024-11-08,VUS
3899236,2024-08-01,LP,2024-08-01,LP
3900974,2023-01-24,VUS,2023-01-24,VUS
3901010,2023-08-24,VUS,2023-08-24,VUS
3901482,2024-12-09,LP,2024-12-09,LP
3901830,2025-04-07,VUS,2025-04-07,VUS
3901831,2025-04-08,VUS,2025-04-08,VUS
3901832,2025-06-02,LP,2025-06-02,LP
3902132,2025-05-19,VUS,2025-05-19,VUS
3902136,2025-05-19,VUS,2025-05-19,VUS
3902151,2025-05-19,VUS,2025-05-19,VUS
3902152,2025-05-19,VUS,2025-05-19,VUS
3902401,2025-05-08,VUS,2025-05-08,VUS
3903079,2024-12-16,VUS,2024-12-16,VUS
3903286,2024-12-10,VUS,2024-12-10,VUS
3906752,2024-12-19,VUS,2024-12-19,VUS
3907018,2025-05-15,P,2025-06-18,P
3907287,2025-06-09,VUS,2025-06-09,VUS
3907325,2025-06-06,VUS,2025-06-06,VUS
3907456,2025-06-02,VUS,2025-06-02,VUS
3907520,2025-06-26,VUS,2025-06-26,VUS
3907522,2025-06-26,VUS,2025-08-19,VUS
3907546,2025-06-25,VUS,2025-06-25,VUS
3907922,2024-12-27,VUS,2024-12-27,VUS
3910040,2025-02-16,P,2025-02-16,P
3910069,2025-02-16,B,2025-02-16,B
3910181,2025-02-16,LB,2025-02-16,LB
3910386,2025-02-16,LP,2025-02-16,LP
3912035,2025-07-01,VUS,2025-07-01,VUS
3919489,2025-06-10,VUS,2025-12-03,VUS
3919490,2025-06-10,VUS,2025-06-10,VUS
3919491,2025-03-27,LB,2025-03-27,LB
3919493,2025-04-30,VUS,2025-04-30,VUS
3919494,2025-05-16,VUS,2025-05-16,VUS
3919495,2025-05-19,VUS,2025-05-19,VUS
3919496,2025-05-21,VUS,2025-05-21,VUS
3923809,2025-02-18,VUS,2025-04-06,VUS
3923810,2025-04-21,VUS,2025-07-05,VUS
3923811,2025-04-29,VUS,2025-04-29,VUS
3923812,2025-05-18,VUS,2025-05-18,VUS
3955072,2025-06-06,VUS,2025-06-06,VUS
3955073,2025-03-27,VUS,2025-03-27,VUS
3955075,2025-04-16,VUS,2025-04-16,VUS
3955076,2025-04-13,VUS,2025-04-13,VUS
3955077,2025-05-17,VUS,2025-05-17,VUS
3955078,2025-03-15,VUS,2025-03-15,VUS
3955080,2025-04-02,VUS,2025-04-02,VUS
3955081,2025-04-13,VUS,2025-04-13,VUS
3955082,2025-04-28,VUS,2025-04-28,VUS
3955083,2025-04-29,VUS,2025-04-29,VUS
3955084,2025-05-17,VUS,2025-05-17,VUS
3955085,2025-06-12,VUS,2025-06-12,VUS
3955610,2025-04-16,VUS,2025-04-16,VUS
3955611,2025-03-20,VUS,2025-03-20,VUS
3955612,2025-04-29,VUS,2025-04-29,VUS
3955613,2025-05-17,VUS,2025-05-17,VUS
3955614,2025-06-09,VUS,2025-06-09,VUS
3956418,2025-04-20,VUS,2025-04-20,VUS
3956419,2025-03-22,VUS,2025-03-22,VUS
3956420,2025-04-18,VUS,2025-04-18,VUS
3956421,2025-05-25,VUS,2025-05-25,VUS
3956485,2025-04-24,VUS,2025-04-24,VUS
3956486,2025-04-13,VUS,2025-04-13,VUS
3956487,2025-04-29,VUS,2025-04-29,VUS
3956488,2025-05-07,VUS,2025-05-07,VUS
3956490,2025-06-10,VUS,2025-06-10,VUS
3956512,2025-04-24,VUS,2025-04-24,VUS
3956514,2025-05-19,VUS,2025-05-19,VUS
3956515,2025-04-07,VUS,2025-04-07,VUS
3956516,2025-04-12,VUS,2025-04-12,VUS
3956517,2025-06-07,VUS,2025-06-07,VUS
3956518,2025-06-11,VUS,2025-06-11,VUS
3956917,2025-06-03,VUS,2025-06-03,VUS
3956918,2025-05-30,VUS,2025-05-30,VUS
3956919,2025-04-01,VUS,2025-04-01,VUS
3956920,2025-04-17,VUS,2025-04-17,VUS
3956921,2025-04-21,VUS,2025-04-21,VUS
3956922,2025-04-24,VUS,2025-04-24,VUS
3956923,2025-04-28,VUS,2025-04-28,VUS
3956924,2025-04-29,VUS,2025-04-29,VUS
3957148,2025-05-28,LB,2025-05-28,LB
3957150,2025-05-17,VUS,2025-05-17,VUS
3957151,2025-04-10,VUS,2025-04-10,VUS
3957152,2025-04-20,VUS,2025-04-20,VUS
3957153,2025-05-19,VUS,2025-05-19,VUS
3957154,2025-05-29,VUS,2025-05-29,VUS
3957156,2025-06-03,VUS,2025-06-03,VUS
3957157,2025-06-07,VUS,2025-06-07,VUS
3957698,2025-05-19,VUS,2025-05-19,VUS
3957699,2025-05-20,VUS,2025-05-20,VUS
3957700,2025-05-26,VUS,2025-05-26,VUS
3970421,2025-04-15,VUS,2025-04-15,VUS
3970424,2025-06-10,LB,2025-06-10,LB
3973008,2025-05-20,VUS,2025-05-20,VUS
3973014,2025-03-18,VUS,2025-03-18,VUS
3973021,2025-03-31,VUS,2025-03-31,VUS
3973030,2025-04-08,VUS,2025-04-08,VUS
3973047,2025-05-13,VUS,2025-05-13,VUS
3973053,2025-05-13,VUS,2025-05-13,VUS
3973300,2025-03-18,VUS,2025-03-18,VUS
3973309,2025-04-14,VUS,2025-04-14,VUS
3973317,2025-04-15,VUS,2025-04-15,VUS
3973326,2025-04-29,VUS,2025-04-29,VUS
3973336,2025-05-14,VUS,2025-05-14,VUS
3973347,2025-06-03,VUS,2025-06-03,VUS
3979603,2025-05-29,VUS,2025-05-29,VUS
3982640,2025-04-03,VUS,2025-04-03,VUS
3982642,2025-03-21,VUS,2025-03-21,VUS
3982643,2025-04-02,VUS,2025-04-02,VUS
3982644,2025-03-20,VUS,2025-03-20,VUS
3982645,2025-03-18,VUS,2025-03-18,VUS
3982646,2025-04-09,VUS,2025-04-09,VUS
3982647,2025-04-12,VUS,2025-04-12,VUS
3982648,2025-04-20,VUS,2025-04-20,VUS
3982649,2025-05-07,VUS,2025-05-07,VUS
3982650,2025-06-03,VUS,2025-06-03,VUS
3982651,2025-06-07,VUS,2025-06-07,VUS
3982652,2025-06-12,VUS,2025-06-12,VUS
3994213,2025-04-24,VUS,2025-04-24,VUS
3994214,2025-04-15,VUS,2025-04-15,VUS
3994215,2025-05-30,VUS,2025-05-30,VUS
3995708,2025-05-09,LB,2025-05-09,LB
3995709,2025-03-17,LB,2025-03-17,LB
3995710,2025-03-17,LB,2025-03-17,LB
3995711,2025-03-22,LB,2025-03-22,LB
3995712,2025-03-28,LB,2025-03-28,LB
3995714,2025-03-29,LB,2025-03-29,LB
3995715,2025-03-30,LB,2025-03-30,LB
3995716,2025-04-03,LB,2025-04-03,LB
3995717,2025-04-06,LB,2025-04-06,LB
3995718,2025-04-10,LB,2025-04-10,LB
3995719,2025-04-12,LB,2025-04-12,LB
3995720,2025-04-13,LB,2025-04-13,LB
3995721,2025-04-16,LB,2025-04-16,LB
3995723,2025-05-02,LB,2025-05-02,LB
3995724,2025-05-07,LB,2025-05-07,LB
3995725,2025-05-09,LB,2025-05-09,LB
3995726,2025-05-18,LB,2025-05-18,LB
3995727,2025-05-19,LB,2025-05-19,LB
3995728,2025-05-21,LB,2025-05-21,LB
3995729,2025-05-21,LB,2025-05-21,LB
3995730,2025-05-27,LB,2025-05-27,LB
3995731,2025-06-08,LB,2025-06-08,LB
3995733,2025-06-12,LB,2025-06-12,LB
3995734,2025-06-12,LB,2025-06-12,LB
4003349,2025-04-24,VUS,2025-04-24,VUS
4003350,2025-05-20,VUS,2025-05-20,VUS
4003351,2025-06-10,VUS,2025-06-10,VUS
4003370,2025-03-18,VUS,2025-03-18,VUS
4003371,2025-04-03,VUS,2025-04-03,VUS
4003372,2025-05-23,VUS,2025-05-23,VUS
4003373,2025-05-18,VUS,2025-05-18,VUS
4003374,2025-04-13,VUS,2025-04-13,VUS
4003375,2025-03-28,VUS,2025-03-28,VUS
4003376,2025-04-10,VUS,2025-04-10,VUS
4003377,2025-04-12,VUS,2025-04-12,VUS
4003379,2025-06-11,VUS,2025-06-11,VUS
4003380,2025-04-20,VUS,2025-04-20,VUS
4003381,2025-03-31,VUS,2025-03-31,VUS
4003382,2025-04-10,VUS,2025-04-10,VUS
4003383,2025-04-25,VUS,2025-04-25,VUS
4003398,2025-03-23,VUS,2025-03-23,VUS
4003406,2025-04-10,VUS,2025-04-10,VUS
4003407,2025-05-29,VUS,2025-05-29,VUS
4008749,2025-04-09,VUS,2025-04-09,VUS
4008750,2025-05-18,VUS,2025-05-18,VUS
4011725,2025-03-26,VUS,2025-03-26,VUS
4011755,2025-03-21,VUS,2025-03-21,VUS
4011766,2025-05-29,VUS,2025-05-29,VUS
4011779,2025-05-15,VUS,2025-05-15,VUS
4011789,2025-05-18,VUS,2025-05-18,VUS
4011800,2025-05-18,VUS,2025-05-18,VUS
4011810,2025-05-19,VUS,2025-05-19,VUS
4011820,2025-05-30,VUS,2025-05-30,VUS
4011829,2025-05-30,VUS,2025-05-30,VUS
4011838,2025-06-06,VUS,2025-06-06,VUS
4014850,2025-05-01,VUS,2025-05-01,VUS
4014851,2025-03-31,VUS,2025-03-31,VUS
4014853,2025-04-13,VUS,2025-04-13,VUS
4014854,2025-03-25,VUS,2025-03-25,VUS
4014855,2025-04-02,VUS,2025-04-02,VUS
4014856,2025-04-17,VUS,2025-04-17,VUS
4014857,2025-05-07,VUS,2025-05-07,VUS
4021543,2025-04-15,VUS,2025-04-15,VUS
4021544,2025-06-03,VUS,2025-06-03,VUS
4021545,2025-04-10,VUS,2025-04-10,VUS
4021546,2025-04-10,VUS,2025-04-10,VUS
4021547,2025-04-18,VUS,2025-04-18,VUS
4021548,2025-05-03,VUS,2025-05-03,VUS
4021550,2025-05-14,VUS,2025-05-14,VUS
4021551,2025-05-16,VUS,2025-05-16,VUS
4021552,2025-06-11,VUS,2025-06-11,VUS
4025484,2025-05-19,VUS,2025-05-19,VUS
4025499,2025-04-25,VUS,2025-04-25,VUS
4032239,2025-04-11,VUS,2025-04-11,VUS
4032240,2025-05-15,VUS,2025-05-15,VUS
4032241,2025-03-26,VUS,2025-06-20,VUS
4032244,2025-05-09,VUS,2025-05-09,VUS
4032245,2025-06-07,VUS,2025-06-07,VUS
4035798,2025-05-06,VUS,2025-05-06,VUS
4035799,2025-04-11,VUS,2025-04-11,VUS
4035800,2025-04-30,VUS,2025-04-30,VUS
4036146,2025-04-02,VUS,2025-06-27,VUS
4041640,2025-04-03,VUS,2025-04-03,VUS
4041641,2025-04-15,VUS,2025-04-15,VUS
4041642,2025-05-19,VUS,2025-05-19,VUS
4041643,2025-06-03,VUS,2025-06-03,VUS
4056883,2025-01-14,VUS,2025-01-14,VUS
4056922,2025-01-10,VUS,2025-01-10,VUS
4056946,2025-01-08,VUS,2025-01-08,VUS
4057206,2025-07-07,LP,2025-07-07,LP
4063416,2025-05-27,VUS,2025-05-27,VUS
4063417,2025-05-21,VUS,2025-05-21,VUS
4063418,2025-05-17,VUS,2025-05-17,VUS
4063419,2025-05-12,VUS,2025-05-12,VUS
4063421,2025-05-12,VUS,2025-05-12,VUS
4063422,2025-04-29,VUS,2025-04-29,VUS
4063423,2025-04-26,VUS,2025-04-26,VUS
4063424,2025-04-23,VUS,2025-04-23,VUS
4063425,2025-04-12,VUS,2025-04-12,VUS
4063426,2025-04-12,VUS,2025-04-12,VUS
4063427,2025-04-11,VUS,2025-04-11,VUS
4063428,2025-04-11,VUS,2025-04-11,VUS
4063429,2025-04-10,VUS,2025-04-10,VUS
4063430,2025-04-10,VUS,2025-04-10,VUS
4063431,2025-04-10,VUS,2025-04-10,VUS
4063432,2025-03-31,VUS,2025-03-31,VUS
4063433,2025-03-26,VUS,2025-03-26,VUS
4063434,2025-03-24,VUS,2025-03-24,VUS
4063435,2025-03-20,LP,2025-03-20,LP
4063436,2025-03-18,VUS,2025-03-18,VUS
4063438,2025-03-17,VUS,2025-03-17,VUS
4063439,2025-03-17,VUS,2025-03-17,VUS
4063440,2025-03-13,VUS,2025-03-13,VUS
4063441,2025-03-13,VUS,2025-03-13,VUS
4063442,2025-03-07,VUS,2025-03-07,VUS
4063443,2025-02-21,VUS,2025-02-21,VUS
4063444,2025-02-14,VUS,2025-02-14,VUS
4063445,2025-02-12,VUS,2025-02-12,VUS
4063447,2025-02-12,VUS,2025-02-12,VUS
4063448,2025-02-11,VUS,2025-02-11,VUS
4063449,2025-02-03,VUS,2025-02-03,VUS
4063450,2025-02-02,VUS,2025-02-02,VUS
4063451,2025-01-30,VUS,2025-01-30,VUS
4063452,2025-01-27,VUS,2025-01-27,VUS
4063453,2025-01-20,VUS,2025-01-20,VUS
4063455,2025-01-04,VUS,2025-01-04,VUS
4068881,2025-05-29,VUS,2025-05-29,VUS
4068890,2025-05-28,LB,2025-05-28,LB
4068895,2025-05-21,VUS,2025-05-21,VUS
4068904,2025-05-10,VUS,2025-05-10,VUS
4068910,2025-05-08,VUS,2025-05-08,VUS
4068918,2025-04-30,VUS,2025-04-30,VUS
4068934,2025-04-17,VUS,2025-04-17,VUS
4068943,2025-04-13,VUS,2025-04-13,VUS
4068958,2025-04-10,VUS,2025-04-10,VUS
4068962,2025-05-30,VUS,2025-05-30,VUS
4068963,2025-05-30,LP,2025-05-30,LP
4068964,2025-05-29,VUS,2025-05-29,VUS
4068965,2025-05-22,VUS,2025-05-22,VUS
4068966,2025-05-12,VUS,2025-05-12,VUS
4068967,2025-04-10,VUS,2025-04-10,VUS
4068968,2025-05-08,LP,2025-05-08,LP
4068969,2025-04-15,VUS,2025-04-15,VUS
4068970,2025-03-18,VUS,2025-03-18,VUS
4068971,2025-03-02,VUS,2025-03-02,VUS
4068972,2025-04-10,VUS,2025-04-10,VUS
4068973,2025-02-03,VUS,2025-02-03,VUS
4068974,2025-01-28,VUS,2025-01-28,VUS
4068975,2025-01-25,VUS,2025-01-25,VUS
4068978,2025-04-03,VUS,2025-04-03,VUS
4068986,2025-04-02,VUS,2025-04-02,VUS
4068996,2025-03-30,VUS,2025-03-30,VUS
4069014,2025-03-24,VUS,2025-03-24,VUS
4069024,2025-03-01,VUS,2025-03-01,VUS
4069030,2025-02-28,VUS,2025-02-28,VUS
4069038,2025-02-27,VUS,2025-02-27,VUS
4069056,2025-02-24,VUS,2025-02-24,VUS
4069066,2025-02-19,VUS,2025-02-19,VUS
4069076,2025-02-19,VUS,2025-02-19,VUS
4069096,2025-02-17,VUS,2025-02-17,VUS
4069113,2025-02-13,VUS,2025-02-13,VUS
4069119,2025-02-06,VUS,2025-02-06,VUS
4069138,2025-01-29,VUS,2025-01-29,VUS
4069147,2025-01-24,VUS,2025-01-24,VUS
4069155,2025-01-23,VUS,2025-01-23,VUS
4069386,2025-05-29,VUS,2025-05-29,VUS
4069387,2025-05-26,VUS,2025-05-26,VUS
4069388,2025-04-21,VUS,2025-04-21,VUS
4069389,2025-04-17,VUS,2025-04-17,VUS
4069390,2025-04-17,VUS,2025-04-17,VUS
4069391,2025-04-11,LP,2025-04-11,LP
4069392,2025-04-10,VUS,2025-04-10,VUS
4069393,2025-03-31,VUS,2025-03-31,VUS
4069394,2025-03-24,VUS,2025-03-24,VUS
4069395,2025-03-17,P,2025-03-17,P
4069396,2025-03-14,VUS,2025-03-14,VUS
4069397,2025-03-12,VUS,2025-03-12,VUS
4069399,2025-03-03,VUS,2025-03-03,VUS
4069400,2025-02-04,VUS,2025-02-04,VUS
4069401,2025-02-03,VUS,2025-02-03,VUS
4069402,2025-01-27,VUS,2025-01-27,VUS
4069403,2025-01-15,VUS,2025-01-15,VUS
4069404,2025-01-14,VUS,2025-01-14,VUS
4069405,2025-01-13,VUS,2025-01-13,VUS
4069406,2025-01-06,VUS,2025-01-06,VUS
4070949,2025-07-11,LP,2025-07-11,LP
4070963,2022-12-16,P,2022-12-16,P
4071500,2025-07-25,B,2025-07-25,B
4071501,2025-07-25,LP,2025-07-25,LP
4071502,2025-07-25,VUS,2025-07-25,VUS
4071860,2025-01-23,VUS,2025-01-23,VUS
4072046,2025-02-11,P,2025-02-11,P
4072178,2018-09-20,VUS,2018-09-20,VUS
4072255,2024-07-09,VUS,2024-07-09,VUS
4072517,2025-01-23,VUS,2025-01-23,VUS
4072626,2025-01-31,VUS,2025-01-31,VUS
4073554,2025-08-08,LP,2025-08-08,LP
4074265,2025-05-01,P,2025-05-01,P
4074266,2025-05-01,P,2025-05-01,P
4074267,2025-05-01,VUS,2025-05-01,VUS
4074269,2025-05-01,LP,2025-05-01,LP
4074270,2025-05-01,VUS,2025-05-01,VUS
4074271,2025-05-01,LP,2025-05-01,LP
4074272,2025-05-01,LP,2025-05-01,LP
4074273,2025-05-01,VUS,2025-05-01,VUS
4074274,2025-05-01,VUS,2025-05-01,VUS
4074275,2025-05-01,P,2025-05-01,P
4074276,2025-05-01,VUS,2025-05-01,VUS
4074277,2025-05-01,VUS,2025-05-01,VUS
4074278,2025-05-01,LP,2025-05-01,LP
4074705,2025-02-11,VUS,2025-02-11,VUS
4074831,2019-06-19,LP,2019-06-19,LP
4074832,2019-06-11,VUS,2019-06-11,VUS
4075509,2025-02-12,VUS,2025-02-12,VUS
4076562,2025-02-21,VUS,2025-02-21,VUS
4076699,2025-02-20,VUS,2025-02-20,VUS
4077222,2025-02-28,VUS,2025-02-28,VUS
4077381,2025-09-02,VUS,2025-09-02,VUS
4077382,2025-09-02,VUS,2025-09-02,VUS
4077383,2025-09-02,VUS,2025-09-02,VUS
4077384,2025-09-02,VUS,2025-09-02,VUS
4077385,2025-09-02,VUS,2025-09-02,VUS
4077386,2025-09-02,P,2025-09-02,P
4077387,2025-09-02,VUS,2025-09-02,VUS
4077388,2025-09-02,P,2025-09-02,P
4077512,2024-12-24,LP,2024-12-24,LP
4077519,2024-07-05,LP,2024-07-05,LP
4077521,2024-05-07,LP,2024-05-07,LP
4077522,2024-10-18,LP,2024-10-18,LP
4077523,2023-10-17,LP,2023-10-17,LP
4077524,2023-12-20,LP,2023-12-20,LP
4077525,2024-05-02,LP,2024-05-02,LP
4077526,2024-05-29,LP,2024-05-29,LP
4077527,2025-01-08,LP,2025-01-08,LP
4077529,2023-12-18,LP,2023-12-18,LP
4077530,2023-12-28,LP,2023-12-28,LP
4077531,2024-04-16,LP,2024-04-16,LP
4077532,2023-09-05,LP,2023-09-05,LP
4077534,2023-10-03,LP,2023-10-03,LP
4077535,2023-10-27,LP,2023-10-27,LP
4077536,2024-03-26,LP,2024-03-26,LP
4077537,2024-08-08,LP,2024-08-08,LP
4077538,2024-07-16,LP,2024-07-16,LP
4077539,2023-12-28,LP,2023-12-28,LP
4077540,2023-08-31,LP,2025-07-19,LP
4077541,2023-09-26,LP,2023-09-26,LP
4077542,2024-03-20,LP,2024-03-20,LP
4077543,2024-09-10,LP,2024-09-10,LP
4077544,2024-10-15,LP,2024-10-15,LP
4077545,2024-11-14,LP,2024-11-14,LP
4077546,2024-12-21,LP,2024-12-21,LP
4077547,2023-10-25,LP,2023-10-25,LP
4077548,2023-11-26,LP,2023-11-26,LP
4077549,2024-06-20,LP,2024-06-20,LP
4077550,2024-07-23,LP,2024-07-23,LP
4077551,2024-07-25,LP,2024-07-25,LP
4077552,2024-08-06,LP,2024-08-06,LP
4077553,2024-09-16,LP,2024-09-16,LP
4077554,2024-08-22,LP,2024-08-22,LP
4077555,2024-07-04,LP,2025-01-02,LP
4078108,2024-11-13,P,2024-11-13,P
4078138,2023-12-06,VUS,2023-12-06,VUS
4078308,2023-10-19,VUS,2023-10-19,VUS
4080053,2024-09-13,VUS,2024-09-13,VUS
4080054,2025-01-29,VUS,2025-01-29,VUS
4080055,2024-12-24,VUS,2024-12-24,VUS
4080079,2023-11-16,VUS,2023-11-16,VUS
4080084,2024-10-24,VUS,2024-10-24,VUS
4080085,2024-01-19,VUS,2024-01-19,VUS
4080086,2024-01-23,VUS,2024-09-09,VUS
4080087,2024-01-25,VUS,2024-01-25,VUS
4080088,2024-02-29,VUS,2024-02-29,VUS
4080089,2024-03-18,VUS,2024-03-18,VUS
4080090,2024-06-26,VUS,2024-06-26,VUS
4080091,2024-09-24,VUS,2024-09-24,VUS
4080092,2024-06-25,VUS,2024-06-25,VUS
4080093,2024-04-02,VUS,2024-04-02,VUS
4080094,2024-06-05,VUS,2024-06-05,VUS
4080095,2024-11-05,VUS,2024-11-05,VUS
4080096,2024-11-06,VUS,2025-07-29,VUS
4080097,2024-11-27,VUS,2024-11-27,VUS
4080098,2024-02-05,VUS,2025-01-15,VUS
4080099,2024-08-27,VUS,2024-08-27,VUS
4080100,2024-08-07,VUS,2024-08-07,VUS
4080101,2024-11-27,VUS,2024-11-27,VUS
4080102,2024-12-03,VUS,2024-12-03,VUS
4080103,2024-05-31,VUS,2025-03-12,VUS
4080104,2024-02-12,VUS,2024-02-12,VUS
4080105,2023-11-03,VUS,2023-11-03,VUS
4080106,2024-09-06,VUS,2024-09-06,VUS
4080107,2024-12-21,VUS,2025-07-02,VUS
4080108,2024-01-30,VUS,2024-01-30,VUS
4080109,2024-05-17,VUS,2024-05-17,VUS
4080110,2024-05-21,VUS,2024-05-21,VUS
4080111,2024-06-18,VUS,2024-06-18,VUS
4080112,2024-09-20,VUS,2024-09-20,VUS
4080113,2024-09-24,VUS,2024-09-24,VUS
4080114,2024-08-13,VUS,2024-08-13,VUS
4080120,2024-02-06,VUS,2024-02-06,VUS
4081050,2023-12-21,P,2023-12-21,P
4081051,2024-01-10,P,2024-01-10,P
4081249,2024-09-10,LP,2024-09-10,LP
4081387,2024-05-21,LP,2024-05-21,LP
4081437,2022-03-21,LP,2022-03-21,LP
4081444,2023-09-05,LP,2023-09-05,LP
4081961,2024-07-02,P,2024-07-02,P
4082446,2023-07-27,LP,2023-07-27,LP
4082447,2024-11-13,LP,2024-11-13,LP
4082641,2025-03-04,VUS,2025-03-04,VUS
4082830,2025-03-04,VUS,2025-03-04,VUS
4084172,2025-07-01,VUS,2025-07-01,VUS
4084452,2025-07-01,LB,2026-02-04,LB
4084938,2025-06-01,VUS,2025-11-03,VUS
4085362,2025-07-01,VUS,2025-07-01,VUS
4086616,2025-03-20,VUS,2025-03-20,VUS
4086688,2025-03-14,VUS,2025-03-14,VUS
4087744,2025-09-17,VUS,2025-09-17,VUS
4087745,2025-09-17,VUS,2025-09-17,VUS
4088257,2025-03-24,VUS,2025-03-24,VUS
4090440,2025-09-05,VUS,2025-09-05,VUS
4090442,2025-08-12,VUS,2025-08-12,VUS
4090443,2025-09-11,VUS,2025-09-11,VUS
4119618,2025-06-02,VUS,2025-08-14,VUS
4119619,2025-08-30,VUS,2025-08-30,VUS
4119620,2025-07-02,VUS,2025-07-02,VUS
4119621,2025-08-06,VUS,2025-08-06,VUS
4119622,2025-07-18,VUS,2025-07-18,VUS
4119623,2025-08-24,VUS,2025-08-24,VUS
4119624,2025-08-31,VUS,2025-08-31,VUS
4119625,2025-06-01,VUS,2025-09-11,VUS
4125159,2025-06-24,VUS,2025-06-24,VUS
4125160,2025-08-06,LB,2025-08-06,LB
4125161,2025-08-07,VUS,2025-08-07,VUS
4125163,2025-08-30,VUS,2025-08-30,VUS
4125164,2025-09-10,VUS,2025-09-10,VUS
4128274,2025-08-04,VUS,2025-08-04,VUS
4128292,2025-06-27,VUS,2025-06-27,VUS
4128301,2025-08-22,VUS,2025-08-22,VUS
4144117,2025-08-14,VUS,2025-08-14,VUS
4144119,2025-08-21,LB,2025-08-21,LB
4165919,2025-08-13,VUS,2025-08-13,VUS
4165920,2025-08-29,VUS,2025-08-29,VUS
4165921,2025-08-02,VUS,2025-08-02,VUS
4165922,2025-07-03,VUS,2025-07-03,VUS
4165923,2025-07-08,VUS,2025-07-08,VUS
4165924,2025-07-14,VUS,2025-07-14,VUS
4165925,2025-08-07,VUS,2025-08-07,VUS
4165926,2025-08-11,VUS,2025-08-11,VUS
4165927,2025-08-25,VUS,2025-08-25,VUS
4165928,2025-09-05,VUS,2025-09-05,VUS
4165929,2025-09-11,VUS,2025-09-11,VUS
4166614,2025-08-12,LB,2025-08-12,LB
4166615,2025-07-15,VUS,2025-07-15,VUS
4166616,2025-08-15,VUS,2025-08-15,VUS
4166617,2025-08-30,VUS,2025-08-30,VUS
4166618,2025-09-09,VUS,2025-09-09,VUS
4167579,2025-08-03,VUS,2025-08-03,VUS
4167580,2025-08-25,VUS,2025-08-25,VUS
4167581,2025-08-19,VUS,2025-08-19,VUS
4167693,2025-08-22,VUS,2025-08-22,VUS
4167694,2025-06-30,VUS,2025-06-30,VUS
4167695,2025-08-07,VUS,2025-08-07,VUS
4167696,2025-08-27,VUS,2025-08-27,VUS
4167697,2025-08-01,VUS,2025-08-01,VUS
4167698,2025-08-14,VUS,2025-08-14,VUS
4167699,2025-08-28,VUS,2025-08-28,VUS
4167700,2025-09-01,VUS,2025-09-01,VUS
4167701,2025-09-11,VUS,2025-09-11,VUS
4167716,2025-08-21,VUS,2025-08-21,VUS
4167717,2025-08-27,VUS,2025-08-27,VUS
4167718,2025-08-06,VUS,2025-08-06,VUS
4167719,2025-08-22,VUS,2025-08-22,VUS
4167720,2025-08-02,VUS,2025-08-02,VUS
4167721,2025-06-18,LB,2025-06-18,LB
4167722,2025-07-12,VUS,2025-07-12,VUS
4167723,2025-07-15,VUS,2025-07-15,VUS
4167724,2025-08-23,VUS,2025-08-23,VUS
4167725,2025-09-09,VUS,2025-09-09,VUS
4168259,2025-08-23,VUS,2025-08-23,VUS
4168260,2025-08-19,VUS,2025-08-19,VUS
4168261,2025-06-22,VUS,2025-06-22,VUS
4168262,2025-08-12,VUS,2025-08-12,VUS
4168263,2025-08-31,VUS,2025-08-31,VUS
4168264,2025-09-01,VUS,2025-09-01,VUS
4168549,2025-08-13,VUS,2025-08-13,VUS
4168550,2025-08-03,VUS,2025-08-03,VUS
4168551,2025-08-20,VUS,2025-08-20,VUS
4168552,2025-05-24,VUS,2025-08-13,VUS
4168553,2025-07-15,VUS,2025-07-15,VUS
4168554,2025-08-28,VUS,2025-08-28,VUS
4168555,2025-08-12,VUS,2025-08-12,VUS
4168556,2025-08-14,VUS,2025-08-14,VUS
4168557,2025-08-24,LB,2025-08-24,LB
4168558,2025-08-25,VUS,2025-08-25,VUS
4169212,2025-08-22,VUS,2025-08-22,VUS
4169213,2025-08-06,VUS,2025-08-06,VUS
4169214,2025-09-09,VUS,2025-09-09,VUS
4178218,2025-06-16,VUS,2025-06-16,VUS
4178236,2025-08-28,VUS,2026-01-06,VUS
4178273,2025-08-31,VUS,2025-08-31,VUS
4178302,2025-08-28,VUS,2025-08-28,VUS
4178313,2025-08-12,VUS,2025-08-12,VUS
4178322,2025-06-18,VUS,2025-06-18,VUS
4178329,2025-08-01,VUS,2025-08-01,VUS
4178340,2025-08-07,VUS,2025-08-07,VUS
4178351,2025-08-10,VUS,2025-08-10,VUS
4178361,2025-08-25,VUS,2025-08-25,VUS
4178623,2025-08-21,VUS,2025-08-21,VUS
4178630,2025-08-08,VUS,2025-08-08,VUS
4178652,2025-08-13,VUS,2025-08-13,VUS
4178657,2025-08-12,VUS,2025-08-12,VUS
4178675,2025-08-26,VUS,2025-08-26,VUS
4178680,2025-08-26,VUS,2025-08-26,VUS
4178688,2025-08-28,VUS,2025-08-28,VUS
4198629,2025-07-15,LB,2025-07-15,LB
4202459,2025-08-14,VUS,2025-08-14,VUS
4202460,2025-07-02,VUS,2025-07-02,VUS
4202461,2025-08-12,VUS,2025-08-12,VUS
4202462,2025-08-04,VUS,2025-08-04,VUS
4202463,2025-08-01,VUS,2025-08-01,VUS
4202465,2025-08-05,VUS,2025-08-05,VUS
4202466,2025-08-11,VUS,2025-08-11,VUS
4202467,2025-08-14,VUS,2025-08-14,VUS
4202468,2025-08-24,VUS,2025-08-24,VUS
4202469,2025-09-10,VUS,2025-09-10,VUS
4217523,2025-06-18,VUS,2025-06-18,VUS
4217524,2025-08-02,VUS,2025-08-02,VUS
4219489,2025-08-29,LB,2025-08-29,LB
4219490,2025-06-15,LB,2025-06-15,LB
4219491,2025-06-19,LB,2025-06-19,LB
4219492,2025-06-28,LB,2025-06-28,LB
4219493,2025-05-12,LB,2025-06-30,LB
4219494,2025-07-03,LB,2025-07-03,LB
4219496,2025-07-22,LB,2025-07-22,LB
4219497,2025-08-08,LB,2025-08-08,LB
4219498,2025-08-21,LB,2025-08-21,LB
4219499,2025-08-30,LB,2025-08-30,LB
4229485,2025-08-26,VUS,2025-08-26,VUS
4229486,2025-09-01,VUS,2025-09-01,VUS
4229514,2025-06-24,VUS,2025-06-24,VUS
4229515,2025-08-05,VUS,2025-08-05,VUS
4229516,2025-06-25,VUS,2025-06-25,VUS
4229517,2025-08-12,VUS,2025-08-12,VUS
4229518,2025-08-26,VUS,2025-08-26,VUS
4229519,2025-08-31,VUS,2025-08-31,VUS
4229520,2025-09-05,VUS,2025-09-05,VUS
4229521,2025-09-10,VUS,2025-09-10,VUS
4229522,2025-09-10,VUS,2025-09-10,VUS
4229523,2025-08-20,VUS,2025-08-20,VUS
4229524,2025-08-23,VUS,2025-08-23,VUS
4229525,2025-08-26,VUS,2025-08-26,VUS
4229526,2025-04-08,VUS,2025-08-30,VUS
4229540,2025-08-26,VUS,2025-08-26,VUS
4229541,2025-07-14,VUS,2025-07-14,VUS
4229542,2025-08-05,VUS,2025-08-05,VUS
4229543,2025-08-23,VUS,2025-08-23,VUS
4229545,2025-08-27,VUS,2025-08-27,VUS
4229561,2025-08-20,VUS,2025-08-20,VUS
4229563,2025-08-28,VUS,2025-08-28,VUS
4229564,2025-08-11,VUS,2025-08-11,VUS
4229565,2025-08-25,VUS,2025-08-25,VUS
4234801,2025-06-24,LB,2025-06-24,LB
4234823,2025-09-10,VUS,2025-09-10,VUS
4234835,2025-06-18,VUS,2025-06-18,VUS
4234841,2025-07-15,VUS,2025-07-15,VUS
4234872,2025-08-14,VUS,2025-08-14,VUS
4234894,2025-09-01,VUS,2025-09-01,VUS
4234911,2025-08-29,VUS,2025-08-29,VUS
4234927,2025-07-15,VUS,2025-07-15,VUS
4234947,2025-09-01,VUS,2025-09-01,VUS
4234958,2025-08-25,VUS,2025-08-25,VUS
4234980,2025-08-02,VUS,2025-08-02,VUS
4234990,2025-09-01,VUS,2025-09-01,VUS
4235001,2025-07-29,LB,2025-07-29,LB
4235010,2025-06-18,VUS,2025-06-18,VUS
4235025,2025-08-28,VUS,2025-08-28,VUS
4235042,2025-08-22,VUS,2025-08-22,VUS
4235053,2025-08-23,VUS,2025-08-23,VUS
4235075,2025-08-27,VUS,2025-08-27,VUS
4236743,2025-08-06,VUS,2025-08-06,VUS
4236744,2025-08-29,VUS,2025-08-29,VUS
4236745,2025-07-12,VUS,2025-07-12,VUS
4236746,2025-08-27,VUS,2025-08-27,VUS
4236747,2025-08-02,VUS,2025-08-02,VUS
4236748,2025-08-30,VUS,2025-08-30,VUS
4244810,2025-08-08,VUS,2025-08-08,VUS
4244811,2025-06-18,VUS,2025-06-18,VUS
4244812,2025-08-14,VUS,2025-08-14,VUS
4244813,2025-06-16,VUS,2025-06-16,VUS
4244815,2025-08-09,VUS,2025-08-09,VUS
4244816,2025-09-05,VUS,2025-09-05,VUS
4244817,2025-08-12,VUS,2025-08-12,VUS
4244818,2025-08-10,VUS,2025-08-10,VUS
4244819,2025-08-09,VUS,2025-08-09,VUS
4244820,2025-06-24,VUS,2025-06-24,VUS
4244821,2025-06-25,VUS,2025-06-25,VUS
4244822,2025-06-30,VUS,2025-06-30,VUS
4244824,2025-08-01,VUS,2025-08-01,VUS
4244825,2025-08-01,VUS,2025-08-01,VUS
4244826,2025-08-14,VUS,2025-08-14,VUS
4244827,2025-08-22,VUS,2025-08-22,VUS
4244828,2025-08-26,VUS,2025-08-26,VUS
4244829,2025-08-30,VUS,2025-08-30,VUS
4253426,2025-08-29,VUS,2025-08-29,VUS
4253427,2025-07-25,VUS,2025-07-25,VUS
4253428,2025-07-07,VUS,2025-07-07,VUS
4253429,2025-06-19,VUS,2025-06-19,VUS
4253430,2025-08-07,VUS,2025-08-07,VUS
4253431,2025-08-14,VUS,2025-08-14,VUS
4253432,2025-06-19,VUS,2025-06-19,VUS
4253433,2025-08-28,VUS,2025-08-28,VUS
4253434,2025-07-15,VUS,2025-07-15,VUS
4253435,2025-08-07,VUS,2025-08-07,VUS
4253436,2025-08-14,VUS,2025-08-14,VUS
4253437,2025-09-01,VUS,2025-09-01,VUS
4253439,2025-09-10,LB,2025-09-10,LB
4253657,2025-07-15,VUS,2025-07-15,VUS
4253674,2025-06-17,VUS,2025-06-17,VUS
4253684,2025-07-14,VUS,2025-07-14,VUS
4253694,2025-08-09,VUS,2025-08-09,VUS
4253704,2025-08-28,VUS,2025-08-28,VUS
4266842,2025-06-15,VUS,2025-06-15,VUS
4266844,2025-08-08,VUS,2025-08-08,VUS
4266845,2025-08-21,VUS,2025-08-21,VUS
4266846,2025-09-09,VUS,2025-09-09,VUS
4271427,2025-08-19,LB,2025-08-19,LB
4271591,2025-08-24,VUS,2025-08-24,VUS
4271592,2025-08-29,VUS,2025-08-29,VUS
4271593,2025-08-29,VUS,2025-08-29,VUS
4271594,2025-09-05,VUS,2025-09-05,VUS
4271595,2025-09-10,VUS,2025-09-10,VUS
4277538,2025-09-10,VUS,2025-09-10,VUS
4277544,2025-09-10,VUS,2025-09-10,VUS
4277577,2025-09-10,LP,2025-09-10,LP
4277583,2025-09-10,LP,2025-09-10,LP
4277638,2025-09-10,LP,2025-09-10,LP
4277642,2025-09-10,VUS,2025-09-10,VUS
4277835,2025-09-10,VUS,2025-09-10,VUS
4277916,2025-09-10,LP,2025-09-10,LP
4278186,2025-09-10,VUS,2025-09-10,VUS
4278333,2025-09-10,VUS,2025-09-10,VUS
4278385,2025-09-10,LP,2025-09-10,LP
4279041,2025-08-11,LP,2025-08-11,LP
4280054,2024-06-17,VUS,2024-06-17,VUS
4280068,2025-02-03,VUS,2025-02-03,VUS
4280668,2023-07-11,LP,2023-07-11,LP
4280886,2025-09-01,VUS,2025-09-01,VUS
4281744,2025-04-08,VUS,2025-04-08,VUS
4281853,2025-04-08,VUS,2025-04-08,VUS
4281903,2025-04-10,VUS,2025-04-10,VUS
4282182,2025-04-09,P,2025-04-09,P
4282369,2025-04-07,VUS,2025-04-07,VUS
4291705,2025-03-19,VUS,2025-03-19,VUS
4291960,2024-12-29,VUS,2024-12-29,VUS
4292011,2024-06-25,VUS,2024-06-25,VUS
4292041,2024-09-04,VUS,2024-09-04,VUS
4292155,2025-01-30,VUS,2025-01-30,VUS
4292203,2025-01-21,VUS,2025-01-21,VUS
4292261,2025-01-23,VUS,2025-01-23,VUS
4292335,2024-07-09,P,2024-07-09,P
4292704,2025-01-27,VUS,2025-01-27,VUS
4292778,2024-06-14,VUS,2024-06-14,VUS
4293028,2025-04-11,VUS,2025-04-11,VUS
4293133,2024-06-14,VUS,2024-06-14,VUS
4293364,2024-12-18,VUS,2024-12-18,VUS
4293423,2024-07-23,VUS,2024-07-23,VUS
4293436,2024-10-31,VUS,2024-10-31,VUS
4293479,2025-03-13,VUS,2025-03-13,VUS
4293750,2025-03-17,VUS,2025-03-17,VUS
4293767,2025-03-31,VUS,2025-03-31,VUS
4293862,2024-06-14,LP,2024-06-14,LP
4293951,2025-03-26,LP,2025-03-26,LP
4293959,2024-11-25,LP,2025-02-04,LP
4294299,2023-11-30,LP,2023-11-30,LP
4469844,2025-11-11,VUS,2025-11-11,VUS
4525797,2025-07-17,LP,2025-07-17,LP
4525809,2025-07-17,P,2025-12-13,P
4525820,2025-07-17,VUS,2025-07-17,VUS
4526036,2025-07-09,VUS,2025-07-09,VUS
4526043,2025-07-09,VUS,2025-07-09,VUS
4526077,2025-07-29,VUS,2025-07-29,VUS
4526099,2025-07-08,VUS,2025-07-08,VUS
4526113,2025-07-07,VUS,2025-07-07,VUS
4526136,2025-07-29,VUS,2025-07-29,VUS
4526171,2025-07-31,VUS,2025-07-31,VUS
4526218,2025-07-24,VUS,2025-07-24,VUS
4526242,2025-07-23,VUS,2025-07-23,VUS
4526300,2023-11-30,LP,2023-11-30,LP
4526301,2020-12-24,LP,2020-12-24,LP
4526314,2025-09-19,VUS,2025-09-19,VUS
4526350,2025-02-03,VUS,2025-02-03,VUS
4526408,2025-10-13,VUS,2025-10-13,VUS
4526409,2025-10-13,VUS,2025-10-13,VUS
4526410,2025-10-13,VUS,2025-10-13,VUS
4526411,2025-10-13,VUS,2025-10-13,VUS
4526412,2025-10-13,P,2025-10-13,P
4526413,2025-10-13,VUS,2025-10-13,VUS
4526549,2025-10-13,VUS,2025-10-13,VUS
4526593,2025-02-04,VUS,2025-02-04,VUS
4526754,2025-11-04,LP,2025-11-04,LP
4526797,2025-10-03,LP,2025-10-03,LP
4526798,2025-10-03,LP,2025-10-03,LP
4526800,2025-10-03,VUS,2025-10-03,VUS
4526801,2025-10-03,VUS,2025-10-03,VUS
4526804,2025-10-03,P,2025-10-03,P
4526807,2025-10-03,VUS,2025-10-03,VUS
4526808,2025-10-03,VUS,2025-10-03,VUS
4526809,2025-10-03,VUS,2025-10-03,VUS
4526810,2025-10-03,LP,2025-10-03,LP
4526811,2025-10-03,LP,2025-10-03,LP
4526812,2025-10-03,LP,2025-10-03,LP
4526813,2025-10-03,P,2025-10-03,P
4526814,2025-10-03,LP,2025-10-03,LP
4526815,2025-10-03,P,2025-10-03,P
4526816,2025-10-03,VUS,2025-10-03,VUS
4526817,2025-10-03,VUS,2025-10-03,VUS
4526818,2025-10-03,VUS,2025-10-03,VUS
4526819,2025-10-03,LP,2025-10-03,LP
4526820,2025-10-03,LP,2025-10-03,LP
4526821,2025-10-03,LP,2025-10-03,LP
4526822,2025-10-03,LP,2025-10-03,LP
4526823,2025-10-03,P,2025-10-03,P
4526824,2025-10-03,P,2025-10-03,P
4526826,2025-10-03,P,2025-10-03,P
4526827,2025-10-03,P,2025-10-03,P
4526828,2025-10-03,P,2025-10-03,P
4526829,2025-10-03,VUS,2025-10-03,VUS
4526830,2025-10-03,VUS,2025-10-03,VUS
4526831,2025-10-03,VUS,2025-10-03,VUS
4526833,2025-10-03,VUS,2025-12-15,VUS
4526834,2025-10-03,LP,2025-10-03,LP
4526836,2025-10-03,VUS,2025-10-03,VUS
4526837,2025-10-03,LP,2025-10-03,LP
4526838,2025-10-03,LP,2025-10-03,LP
4526839,2025-10-03,LP,2025-10-03,LP
4526840,2025-10-03,LP,2025-10-03,LP
4526841,2025-10-03,VUS,2025-10-03,VUS
4526843,2025-10-03,LP,2025-10-03,LP
4526844,2025-10-03,VUS,2025-10-03,VUS
4526845,2025-10-03,P,2025-10-03,P
4526846,2025-10-03,P,2025-10-03,P
4526847,2025-10-03,LP,2025-10-03,LP
4526848,2025-10-03,P,2025-10-03,P
4526852,2025-10-03,VUS,2025-10-03,VUS
4526854,2025-10-03,LP,2025-10-03,LP
4526855,2025-10-03,P,2025-10-03,P
4526856,2025-10-03,VUS,2025-10-03,VUS
4526857,2025-10-03,VUS,2025-10-03,VUS
4526861,2025-10-03,LP,2025-10-03,LP
4526884,2025-10-15,LP,2025-10-15,LP
4526886,2025-10-23,P,2025-10-23,P
4527212,2025-04-24,VUS,2025-04-24,VUS
4527216,2025-04-22,VUS,2025-04-22,VUS
4527608,2025-04-23,VUS,2025-04-23,VUS
4527961,2025-05-02,VUS,2025-05-02,VUS
4527962,2025-05-02,VUS,2025-05-02,VUS
4529514,2025-05-11,VUS,2025-05-11,VUS
4529895,2025-05-15,VUS,2025-05-15,VUS
4530029,2025-11-17,LP,2025-11-17,LP
4530604,2025-11-03,P,2025-11-03,P
4530932,2025-05-19,VUS,2025-05-19,VUS
4531049,2025-05-23,VUS,2025-05-23,VUS
4531059,2025-05-20,VUS,2025-05-20,VUS
4531327,2025-10-01,LP,2025-10-01,LP
4531754,2024-10-21,P,2024-10-21,P
4531871,2025-06-20,LP,2025-06-20,LP
4531872,2025-06-17,VUS,2025-06-17,VUS
4531873,2024-12-30,VUS,2024-12-30,VUS
4532158,2025-09-01,LP,2025-09-01,LP
4532260,2025-11-27,VUS,2025-11-27,VUS
4532469,2025-05-20,VUS,2025-05-20,VUS
4532621,2025-05-29,VUS,2025-05-29,VUS
4533255,2015-05-05,P,2015-05-05,P
4533256,2015-05-05,P,2015-05-05,P
4533257,2015-05-05,P,2015-05-05,P
4533258,2015-05-05,P,2015-05-05,P
4533259,2015-05-05,P,2015-05-05,P
4533260,2015-05-05,P,2015-05-05,P
4533261,2015-05-05,P,2015-05-05,P
4533266,2025-10-30,VUS,2025-10-30,VUS
4533288,2025-11-19,VUS,2025-11-19,VUS
4533356,2025-08-25,VUS,2025-08-25,VUS
4533473,2026-02-01,B,2026-02-01,B
4533995,2025-10-01,LB,2025-10-01,LB
4534114,2025-10-01,LB,2025-10-01,LB
4534185,2025-11-01,LB,2025-11-01,LB
4534922,2025-10-01,VUS,2025-10-01,VUS
4535357,2025-11-01,LB,2025-11-01,LB
4535642,2025-09-29,VUS,2025-09-29,VUS
4535783,2025-09-04,VUS,2025-09-04,VUS
4535892,2025-09-29,VUS,2025-09-29,VUS
4535994,2025-09-30,VUS,2025-09-30,VUS
4536248,2025-06-05,VUS,2025-06-05,VUS
4536321,2025-06-05,VUS,2025-06-05,VUS
4536363,2025-06-06,VUS,2025-06-06,VUS
4536689,2025-11-14,VUS,2025-11-14,VUS
4536691,2025-11-28,P,2025-11-28,P
4536697,2025-11-14,VUS,2025-11-14,VUS
4536817,2025-11-27,VUS,2025-11-27,VUS
4537053,2025-11-05,VUS,2025-11-05,VUS
4537117,2025-11-03,VUS,2025-11-03,VUS
4537297,2025-11-19,VUS,2025-11-19,VUS
4537302,2025-11-19,VUS,2025-11-19,VUS
4537308,2025-11-28,VUS,2025-11-28,VUS
4537549,2025-06-11,VUS,2025-06-11,VUS
4537556,2025-06-11,LP,2025-06-11,LP
4537657,2025-06-13,VUS,2025-06-13,VUS
4538532,2025-10-23,LP,2025-10-23,LP
4538789,2025-06-18,VUS,2025-06-18,VUS
4538899,2025-06-18,P,2025-06-18,P
4539014,2025-12-03,P,2025-12-03,P
4539022,2025-10-30,LP,2025-10-30,LP
4539427,2025-12-29,VUS,2025-12-29,VUS
4539428,2025-12-29,VUS,2025-12-29,VUS
4539429,2025-12-29,VUS,2025-12-29,VUS
4539430,2025-12-29,LB,2025-12-29,LB
4539431,2025-12-29,VUS,2025-12-29,VUS
4539432,2025-09-02,VUS,2025-12-29,VUS
4540382,2025-06-27,VUS,2025-06-27,VUS
4540596,2025-09-17,LP,2025-09-17,LP
4540599,2025-09-17,LP,2025-09-17,LP
4540600,2025-09-17,VUS,2025-09-17,VUS
4540646,2025-12-10,VUS,2025-12-10,VUS
4540802,2025-11-26,P,2025-11-26,P
4540832,2025-07-30,LP,2025-07-30,LP
4540910,2025-05-15,VUS,2025-05-15,VUS
4540911,2025-07-21,LP,2025-07-21,LP
4540912,2025-09-11,LP,2025-09-11,LP
4540913,2025-10-16,LP,2025-10-16,LP
4540915,2025-08-26,LP,2025-08-26,LP
4540916,2025-12-04,LP,2025-12-04,LP
4540973,2025-07-09,VUS,2025-07-09,VUS
4541090,2025-10-13,VUS,2025-10-13,VUS
4541091,2025-11-30,VUS,2025-11-30,VUS
4541628,2025-12-06,VUS,2025-12-06,VUS
4541629,2025-05-26,VUS,2025-05-26,VUS
4542161,2025-06-10,VUS,2025-06-10,VUS
4542162,2025-09-30,VUS,2025-09-30,VUS
4542163,2024-12-24,LP,2024-12-24,LP
4542164,2025-03-27,VUS,2025-03-27,VUS
4542165,2025-09-12,VUS,2025-09-20,VUS
4542166,2025-05-20,LP,2025-05-20,LP
4542167,2024-12-10,VUS,2024-12-10,VUS
4542168,2025-07-22,VUS,2025-07-22,VUS
4542169,2025-07-29,VUS,2025-07-29,VUS
4542171,2025-05-20,VUS,2025-10-29,VUS
4542172,2025-04-03,LP,2025-04-03,LP
4542173,2025-05-25,VUS,2025-05-25,VUS
4542176,2025-06-24,LP,2025-06-24,LP
4542177,2025-06-24,VUS,2025-06-24,VUS
4542179,2025-07-24,LP,2025-07-24,LP
4542180,2025-07-15,LP,2025-07-15,LP
4542548,2025-06-24,VUS,2025-06-24,VUS
4572972,2025-11-03,VUS,2025-11-03,VUS
4572982,2025-10-14,VUS,2025-10-14,VUS
4572993,2025-09-27,VUS,2025-09-27,VUS
4573014,2025-10-02,VUS,2025-10-02,VUS
4583309,2025-10-06,VUS,2025-10-06,VUS
4583330,2025-10-30,VUS,2025-10-30,VUS
4591709,2025-10-27,VUS,2025-10-27,VUS
4591727,2025-10-15,VUS,2025-10-15,VUS
4591736,2025-10-15,VUS,2025-10-15,VUS
4591756,2025-12-02,VUS,2025-12-02,VUS
4591759,2025-12-08,VUS,2025-12-08,VUS
4591762,2025-10-06,VUS,2025-10-06,VUS
4591768,2025-10-23,VUS,2025-10-23,VUS
4591769,2025-11-13,VUS,2025-11-13,VUS
4591777,2025-12-04,LB,2025-12-04,LB
4591782,2025-12-11,VUS,2025-12-11,VUS
4591850,2025-11-03,VUS,2025-12-11,VUS
4591900,2025-09-21,VUS,2025-09-21,VUS
4591918,2025-11-26,VUS,2025-11-26,VUS
4615838,2025-09-29,LB,2025-09-29,LB
4615839,2025-10-05,LB,2025-10-05,LB
4615840,2025-10-11,LB,2025-10-11,LB
4615841,2025-10-17,LB,2025-10-17,LB
4615842,2025-10-22,LB,2025-10-22,LB
4615844,2025-11-03,LB,2025-11-03,LB
4615845,2025-11-04,LB,2025-11-04,LB
4615846,2025-11-15,LB,2025-11-15,LB
4615847,2025-11-17,LB,2025-11-17,LB
4615848,2025-11-18,LB,2025-11-18,LB
4615849,2025-11-20,LB,2025-11-20,LB
4615851,2025-12-07,LB,2025-12-07,LB
4615852,2025-12-08,VUS,2025-12-08,VUS
4615853,2025-10-06,VUS,2025-10-06,VUS
4615854,2025-12-08,VUS,2025-12-08,VUS
4615855,2025-10-29,VUS,2025-10-29,VUS
4615856,2025-11-26,VUS,2025-11-26,VUS
4615857,2025-12-10,VUS,2025-12-10,VUS
4615905,2025-10-15,P,2025-10-15,P
4615906,2025-09-25,VUS,2025-09-25,VUS
4615907,2025-09-25,VUS,2025-09-25,VUS
4615908,2025-09-25,VUS,2025-09-25,VUS
4615909,2025-10-07,VUS,2025-10-07,VUS
4615910,2025-11-03,VUS,2025-11-03,VUS
4615911,2025-11-12,VUS,2025-11-12,VUS
4615932,2025-12-11,VUS,2025-12-11,VUS
4615933,2025-10-17,VUS,2025-10-17,VUS
4615934,2025-10-24,VUS,2025-10-24,VUS
4615935,2025-10-29,VUS,2025-10-29,VUS
4615936,2025-11-05,VUS,2025-11-05,VUS
4615937,2025-12-03,VUS,2025-12-03,VUS
4615938,2025-12-11,VUS,2025-12-11,VUS
4615939,2025-11-26,VUS,2025-11-26,VUS
4615940,2025-09-25,VUS,2025-09-25,VUS
4615941,2025-11-03,VUS,2025-11-03,VUS
4615947,2025-10-02,VUS,2025-10-02,VUS
4615948,2025-10-21,VUS,2025-10-21,VUS
4616862,2025-10-29,VUS,2025-10-29,VUS
4616863,2025-11-06,VUS,2025-11-06,VUS
4616864,2025-11-20,VUS,2025-11-20,VUS
4616865,2025-11-24,VUS,2025-11-24,VUS
4619090,2025-12-11,VUS,2025-12-11,VUS
4619091,2025-12-11,VUS,2025-12-11,VUS
4619092,2025-11-20,VUS,2025-11-20,VUS
4619093,2025-10-15,VUS,2025-10-15,VUS
4619094,2025-12-03,VUS,2025-12-03,VUS
4619095,2025-12-04,VUS,2025-12-04,VUS
4619096,2025-12-11,LB,2025-12-11,LB
4621632,2025-11-26,VUS,2025-11-26,VUS
4622525,2025-10-29,VUS,2025-10-29,VUS
4622527,2025-12-11,VUS,2025-12-11,VUS
4626125,2025-11-06,VUS,2025-11-06,VUS
4626126,2025-12-02,VUS,2025-12-02,VUS
4626127,2025-09-28,VUS,2025-09-28,VUS
4626128,2025-10-07,VUS,2025-10-07,VUS
4626129,2025-11-13,VUS,2025-11-13,VUS
4626130,2025-11-26,VUS,2025-11-26,VUS
4628367,2025-11-05,VUS,2025-11-05,VUS
4628368,2025-11-08,VUS,2025-11-08,VUS
4628370,2025-11-13,VUS,2025-11-13,VUS
4630979,2025-12-11,VUS,2025-12-11,VUS
4630980,2025-09-28,VUS,2025-09-28,VUS
4630981,2025-10-18,VUS,2025-10-18,VUS
4630982,2025-10-23,VUS,2025-10-23,VUS
4630983,2025-11-26,VUS,2025-11-26,VUS
4631074,2025-10-24,VUS,2025-10-24,VUS
4631075,2025-11-19,VUS,2025-11-19,VUS
4631076,2025-12-10,VUS,2025-12-10,VUS
4631222,2025-09-16,VUS,2025-09-16,VUS
4631223,2025-09-27,VUS,2025-09-27,VUS
4631224,2025-10-21,VUS,2025-10-21,VUS
4631225,2025-12-09,VUS,2025-12-09,VUS
4631226,2025-10-29,VUS,2025-10-29,VUS
4631227,2025-09-22,VUS,2025-09-22,VUS
4631228,2025-09-25,VUS,2025-09-25,VUS
4631229,2025-09-26,VUS,2025-09-26,VUS
4631230,2025-10-01,VUS,2025-10-01,VUS
4631231,2025-11-03,VUS,2025-11-03,VUS
4631232,2025-11-20,VUS,2025-11-20,VUS
4631233,2025-12-02,VUS,2025-12-02,VUS
4631234,2025-12-11,VUS,2025-12-11,VUS
4631262,2025-12-10,VUS,2025-12-10,VUS
4631263,2025-11-13,VUS,2025-11-13,VUS
4631264,2025-12-04,VUS,2025-12-04,VUS
4631265,2025-11-23,VUS,2025-11-23,VUS
4631266,2025-10-15,VUS,2025-10-15,VUS
4631267,2025-11-05,VUS,2025-11-05,VUS
4631268,2025-11-07,VUS,2025-11-07,VUS
4631269,2025-12-08,VUS,2025-12-08,VUS
4631270,2025-12-11,VUS,2025-12-11,VUS
4631280,2025-10-29,VUS,2025-10-29,VUS
4631281,2025-10-01,VUS,2025-10-01,VUS
4631282,2025-12-08,VUS,2025-12-08,VUS
4631283,2025-11-03,VUS,2025-11-03,VUS
4631284,2025-09-24,P,2025-09-24,P
4631285,2025-10-14,VUS,2025-10-14,VUS
4631286,2025-11-03,VUS,2025-11-03,VUS
4631287,2025-12-09,VUS,2025-12-09,VUS
4631363,2025-10-28,VUS,2025-10-28,VUS
4631364,2025-10-22,VUS,2025-10-22,VUS
4631365,2025-10-18,VUS,2025-10-18,VUS
4631366,2025-10-22,VUS,2025-10-22,VUS
4631367,2025-11-06,VUS,2025-11-06,VUS
4631368,2025-11-05,VUS,2025-11-05,VUS
4631369,2025-11-24,VUS,2025-11-24,VUS
4631370,2025-11-26,VUS,2025-11-26,VUS
4631371,2025-12-09,VUS,2025-12-09,VUS
4631383,2025-10-07,VUS,2025-10-07,VUS
4631384,2025-11-11,VUS,2025-11-11,VUS
4631385,2025-12-02,VUS,2025-12-02,VUS
4631386,2025-12-08,VUS,2025-12-08,VUS
4631387,2025-12-08,VUS,2025-12-08,VUS
4631388,2025-12-10,VUS,2025-12-10,VUS
4631505,2025-09-22,VUS,2025-09-22,VUS
4631506,2025-09-22,VUS,2025-09-22,VUS
4631508,2025-10-30,VUS,2025-10-30,VUS
4631509,2025-12-02,VUS,2025-12-02,VUS
4634356,2025-11-24,VUS,2025-11-24,VUS
4634357,2025-10-02,VUS,2025-10-02,VUS
4634358,2025-11-24,VUS,2025-11-24,VUS
4634359,2025-12-08,VUS,2025-12-08,VUS
4634360,2025-12-09,VUS,2025-12-09,VUS
4634886,2025-10-23,VUS,2025-10-23,VUS
4634887,2025-12-03,VUS,2025-12-03,VUS
4634889,2025-12-11,VUS,2025-12-11,VUS
4634890,2025-09-22,VUS,2025-09-22,VUS
4634891,2025-11-03,VUS,2025-11-03,VUS
4634892,2025-10-18,VUS,2025-10-18,VUS
4634893,2025-11-17,VUS,2025-11-17,VUS
4634894,2025-11-13,VUS,2025-11-13,VUS
4634895,2025-11-26,VUS,2025-11-26,VUS
4637922,2025-11-08,LB,2025-11-08,LB
4637923,2025-09-21,VUS,2025-09-21,VUS
4637924,2025-10-29,LB,2025-10-29,LB
4637925,2025-11-02,LB,2025-11-02,LB
4637927,2025-11-03,LB,2025-11-03,LB
4637928,2025-10-15,LB,2025-10-15,LB
4637929,2025-10-02,VUS,2025-10-02,VUS
4637930,2025-09-27,LB,2025-09-27,LB
4637931,2025-10-07,VUS,2025-10-07,VUS
4637932,2025-10-23,VUS,2025-10-23,VUS
4637933,2025-10-25,VUS,2025-10-25,VUS
4637934,2025-10-29,VUS,2025-10-29,VUS
4637936,2025-10-28,VUS,2025-10-28,VUS
4637937,2025-10-28,VUS,2025-10-28,VUS
4637938,2025-11-06,LB,2025-11-06,LB
4637939,2025-11-12,VUS,2025-11-12,VUS
4637940,2025-11-20,VUS,2025-11-20,VUS
4637941,2025-11-25,VUS,2025-11-25,VUS
4637942,2025-11-25,VUS,2025-12-04,VUS
4637943,2025-12-08,VUS,2025-12-08,VUS
4637944,2025-12-09,VUS,2025-12-09,VUS
4662152,2025-12-11,VUS,2025-12-11,VUS
4662153,2025-12-04,VUS,2025-12-04,VUS
4662154,2025-10-07,VUS,2025-10-07,VUS
4662155,2025-11-11,VUS,2025-11-11,VUS
4662156,2025-09-22,VUS,2025-09-22,VUS
4662157,2025-09-21,VUS,2025-09-21,VUS
4662158,2025-10-29,VUS,2025-10-29,VUS
4662159,2025-11-12,VUS,2025-11-12,VUS
4662160,2025-12-02,VUS,2025-12-02,VUS
4662161,2025-12-09,VUS,2025-12-09,VUS
4681686,2025-06-19,LB,2025-12-01,LB
4681813,2025-11-01,VUS,2025-11-01,VUS
4681977,2025-12-01,P,2025-12-01,P
4682112,2024-12-19,LP,2024-12-19,LP
4682113,2024-12-19,LP,2024-12-19,LP
4682117,2024-07-15,LP,2024-07-15,LP
4682127,2024-11-07,VUS,2024-11-07,VUS
4682176,2025-01-09,VUS,2025-01-09,VUS
4682227,2025-06-12,VUS,2025-06-12,VUS
4682300,2025-05-07,VUS,2025-05-07,VUS
4682481,2025-06-17,P,2025-06-17,P
4682508,2024-12-02,P,2024-12-02,P
4682551,2025-04-22,P,2025-04-22,P
4682574,2025-04-02,VUS,2025-04-02,VUS
4682580,2024-07-10,P,2024-07-10,P
4682604,2024-11-12,LP,2024-11-12,LP
4682605,2024-07-10,P,2024-07-10,P
4682637,2025-05-27,P,2025-05-27,P
4682694,2025-04-21,P,2025-04-21,P
4682785,2025-04-01,VUS,2025-04-01,VUS
4682890,2025-05-02,P,2025-05-02,P
4682965,2025-05-27,P,2025-05-27,P
4683014,2025-05-30,LP,2025-05-30,LP
4683026,2025-01-31,P,2025-01-31,P
4683044,2024-10-18,VUS,2024-10-18,VUS
4683157,2025-04-02,VUS,2025-04-02,VUS
4683476,2025-12-14,LB,2025-12-14,LB
4683767,2025-12-14,LB,2025-12-14,LB
4684221,2025-07-15,LB,2025-07-15,LB
4684222,2025-10-17,LB,2025-10-17,LB
4684223,2025-04-14,LB,2025-12-07,LB
4685095,2025-07-07,VUS,2025-07-07,VUS
4685289,2025-07-11,VUS,2025-07-11,VUS
4685682,2025-03-13,LP,2025-03-13,LP
4685695,2025-03-14,LP,2025-03-14,LP
4685701,2025-03-18,LB,2025-03-20,LB
4685718,2025-03-28,VUS,2025-03-28,VUS
4685765,2025-04-17,LP,2025-04-17,LP
4685810,2025-05-10,VUS,2025-05-10,VUS
4685814,2025-05-14,VUS,2025-05-30,VUS
4685833,2025-05-20,LB,2025-05-20,LB
4685942,2025-01-03,VUS,2025-01-03,VUS
4685961,2025-07-16,LP,2025-07-16,LP
4686003,2025-07-31,LB,2025-07-31,LB
4686257,2025-07-15,VUS,2025-07-15,VUS
4686426,2025-07-17,VUS,2025-07-17,VUS
4686614,2026-01-23,VUS,2026-01-23,VUS
4686630,2026-01-19,VUS,2026-01-19,VUS
4686725,2026-01-19,LP,2026-01-19,LP
4686746,2025-07-22,P,2025-07-22,P
4686870,2025-07-22,VUS,2025-07-22,VUS
4687113,2025-10-22,P,2025-11-11,P
4687279,2025-10-15,VUS,2025-10-15,VUS
4687417,2025-10-09,VUS,2025-10-09,VUS
4687429,2025-10-09,VUS,2025-10-09,VUS
4687520,2025-10-07,P,2025-10-07,P
4687596,2025-10-03,VUS,2025-10-03,VUS
4687697,2025-10-28,VUS,2025-10-28,VUS
4687862,2026-01-07,VUS,2026-01-07,VUS
4687863,2026-01-07,VUS,2026-01-07,VUS
4688154,2026-01-12,LP,2026-01-12,LP
4688289,2025-12-15,P,2025-12-15,P
4688304,2025-12-15,P,2025-12-15,P
4688397,2025-12-10,VUS,2025-12-10,VUS
4688399,2025-12-10,VUS,2025-12-10,VUS
4688485,2025-12-09,LP,2025-12-09,LP
4688524,2025-12-05,VUS,2025-12-05,VUS
4688596,2025-12-03,VUS,2025-12-03,VUS
4688665,2025-12-31,VUS,2025-12-31,VUS
4688713,2025-12-01,B,2025-12-01,B
4689198,2025-12-19,VUS,2026-01-20,VUS
4689687,2026-01-02,VUS,2026-01-02,VUS
4689747,2026-01-23,VUS,2026-01-23,VUS
4690269,2026-02-06,VUS,2026-02-06,VUS
4690400,2025-01-31,VUS,2025-01-31,VUS
4690667,2025-07-04,LB,2025-07-04,LB
4690776,2025-12-22,LB,2025-12-22,LB
4690841,2025-12-19,VUS,2025-12-19,VUS
4691025,2025-09-24,LB,2025-09-24,LB
4691061,2025-08-26,LB,2025-08-26,LB
4691088,2025-08-19,LB,2025-08-19,LB
4691492,2025-04-12,LB,2025-04-12,LB
4691642,2026-01-24,LB,2026-01-24,LB
4691652,2025-03-06,LB,2025-03-06,LB
4691677,2026-01-22,LB,2026-01-22,LB
4691753,2025-03-05,LB,2025-03-05,LB
4691801,2025-03-29,LB,2025-03-29,LB
4692014,2025-12-19,LB,2025-12-19,LB
4692132,2025-11-08,LB,2025-11-08,LB
4692253,2025-10-06,VUS,2025-10-06,VUS
4692268,2025-03-26,VUS,2025-03-26,VUS
4692461,2025-11-19,LB,2025-11-19,LB
4692492,2025-10-13,LB,2025-10-13,LB
4692907,2025-10-05,VUS,2025-10-05,VUS
4693340,2025-02-11,VUS,2025-02-11,VUS
4693603,2025-03-13,LB,2025-03-13,LB
4693617,2026-01-12,LB,2026-01-12,LB
4693733,2025-08-20,LB,2025-08-20,LB
4694130,2025-12-08,P,2025-12-08,P
4694169,2025-10-26,LB,2025-10-26,LB
4694264,2025-06-17,VUS,2025-06-17,VUS
4694374,2026-01-18,LB,2026-01-18,LB
4694384,2025-07-27,P,2025-07-27,P
4694542,2025-06-01,LB,2025-06-01,LB
4694585,2025-09-13,LB,2025-09-13,LB
4694593,2025-12-31,VUS,2025-12-31,VUS
4694693,2025-06-30,VUS,2025-06-30,VUS
4694864,2025-10-07,LB,2025-10-07,LB
4694943,2025-12-17,LB,2025-12-17,LB
4694944,2025-02-06,LB,2025-02-06,LB
4694945,2025-06-12,LB,2025-06-12,LB
4694957,2025-06-16,LB,2025-06-16,LB
4695116,2025-05-01,LB,2025-05-01,LB
4695245,2025-06-04,LB,2025-06-04,LB
4695568,2025-09-29,LB,2025-09-29,LB
4695680,2025-02-19,VUS,2025-02-19,VUS
4696082,2026-01-21,LB,2026-01-21,LB
4696234,2025-03-19,LB,2025-03-19,LB
4696266,2025-04-19,LB,2025-04-19,LB
4696267,2025-04-19,LB,2025-04-19,LB
4696274,2025-12-30,LB,2025-12-30,LB
4696434,2025-03-07,LB,2025-03-07,LB
4696528,2026-01-22,LB,2026-01-22,LB
4696700,2025-07-20,LB,2025-07-20,LB
4696732,2025-12-20,LB,2025-12-20,LB
4696757,2025-03-25,LB,2025-03-25,LB
4696765,2025-03-04,LB,2025-03-04,LB
4697025,2025-12-23,LB,2025-12-23,LB
4697034,2026-01-13,LP,2026-01-13,LP
4697137,2025-04-17,LB,2025-04-17,LB
4697187,2025-03-29,LB,2025-03-29,LB
4697227,2026-01-17,LB,2026-01-17,LB
4697270,2025-12-10,VUS,2025-12-10,VUS
4697314,2025-07-21,VUS,2025-07-21,VUS
4697650,2026-01-25,LB,2026-01-25,LB
4697772,2025-04-18,LB,2025-04-18,LB
4697825,2025-09-02,LB,2025-09-02,LB
4697871,2025-12-31,LB,2025-12-31,LB
4697928,2025-12-22,LB,2025-12-22,LB
4698075,2025-03-27,LB,2025-03-27,LB
4698132,2025-12-29,P,2025-12-29,P
4698261,2025-08-01,P,2025-08-01,P
4698385,2025-09-02,LB,2025-09-02,LB
4698411,2025-09-18,LB,2025-09-18,LB
4698561,2025-11-23,LB,2025-11-23,LB
4698765,2025-06-10,LB,2025-06-10,LB
4698793,2025-09-09,LB,2025-09-09,LB
4698900,2025-12-20,LB,2025-12-20,LB
4698976,2025-11-30,LB,2025-11-30,LB
4699240,2025-05-27,LB,2025-05-27,LB
4699249,2025-10-15,LB,2025-10-15,LB
4699293,2025-05-03,LB,2025-05-03,LB
4699414,2025-06-16,B,2025-06-16,B
4699448,2025-09-03,LB,2025-09-03,LB
4699505,2025-12-20,LB,2025-12-20,LB
4699601,2025-05-19,LB,2025-05-19,LB
4699602,2025-05-18,LB,2025-05-18,LB
4699619,2025-10-24,LB,2025-10-24,LB
4699737,2025-09-10,LB,2025-09-10,LB
4699867,2025-08-09,LB,2025-08-09,LB
4699928,2025-05-11,LB,2025-05-11,LB
4700263,2026-01-28,LB,2026-01-28,LB
4700269,2025-06-17,LB,2025-06-17,LB
4700275,2025-04-01,LB,2025-04-01,LB
4700690,2025-10-21,LB,2025-10-21,LB
4700701,2025-12-18,P,2025-12-18,P
4700742,2025-06-22,LB,2025-06-22,LB
4701027,2026-01-22,LB,2026-01-22,LB
4701057,2025-10-23,LB,2025-10-23,LB
4701093,2025-11-29,VUS,2025-11-29,VUS
4701225,2026-01-14,LB,2026-01-14,LB
4701425,2025-11-19,LP,2025-11-19,LP
4701444,2026-01-21,LB,2026-01-21,LB
4701580,2025-11-24,LB,2025-11-24,LB
4701684,2025-11-25,LB,2025-11-25,LB
4701765,2025-08-06,LB,2025-08-06,LB
4701817,2025-11-17,VUS,2025-11-17,VUS
4702071,2025-05-16,VUS,2025-05-16,VUS
4702146,2026-01-26,LB,2026-01-26,LB
4702184,2025-10-21,LB,2025-10-21,LB
4702242,2025-12-29,LB,2025-12-29,LB
4702247,2025-03-23,LB,2025-03-23,LB
4702633,2025-08-04,LB,2025-08-04,LB
4702752,2025-12-30,LB,2025-12-30,LB
4702766,2025-09-13,LB,2025-09-13,LB
4702881,2025-11-04,LB,2025-11-04,LB
4703075,2025-12-03,LB,2025-12-03,LB
4703156,2025-08-27,P,2025-08-27,P
4703172,2025-09-14,LB,2025-09-14,LB
4703295,2025-07-23,LB,2025-07-23,LB
4703328,2025-03-20,LB,2025-03-20,LB
4703694,2025-08-31,VUS,2025-08-31,VUS
4703705,2025-10-28,LB,2025-10-28,LB
4704082,2025-04-01,VUS,2025-04-01,VUS
4704202,2025-04-22,VUS,2025-04-22,VUS
4704363,2025-10-15,LB,2025-10-15,LB
4704566,2025-07-28,VUS,2025-07-28,VUS
4704702,2025-08-30,VUS,2025-08-30,VUS
4705156,2025-04-17,LB,2025-04-17,LB
4706056,2025-06-12,VUS,2025-06-12,VUS
4706064,2026-01-31,LB,2026-01-31,LB
4706436,2025-10-23,B,2025-10-23,B
4706699,2026-01-09,VUS,2026-01-09,VUS
4706922,2025-02-23,LB,2025-02-23,LB
4706998,2025-12-26,LB,2025-12-26,LB
4707389,2025-06-29,P,2025-06-29,P
4707441,2026-01-20,LB,2026-01-20,LB
4707745,2025-07-24,LB,2025-07-24,LB
4708034,2025-10-26,LB,2025-10-26,LB
4708108,2025-07-24,B,2025-07-24,B
4708230,2025-03-09,B,2025-03-09,B
4708563,2025-06-30,LB,2025-06-30,LB
4708628,2025-11-11,VUS,2025-11-11,VUS
4708708,2025-12-21,LB,2025-12-21,LB
4708711,2025-07-29,LB,2025-07-29,LB
4708787,2025-02-06,LB,2025-02-06,LB
4708841,2025-04-09,LB,2025-04-09,LB
4708881,2025-10-14,LB,2025-10-14,LB
4708974,2025-06-19,LB,2025-06-19,LB
4709036,2025-05-23,LB,2025-05-23,LB
4709063,2025-08-25,LB,2025-08-25,LB
4709491,2025-09-02,LB,2025-09-02,LB
4709544,2025-06-23,LP,2025-06-23,LP
4710238,2025-11-23,LB,2025-11-23,LB
4710329,2025-09-27,P,2025-09-27,P
4710385,2025-04-03,LP,2025-04-03,LP
4710386,2025-11-27,P,2025-11-27,P
4710387,2025-09-23,LP,2025-09-23,LP
4710388,2025-08-04,VUS,2025-08-04,VUS
4710583,2025-08-20,VUS,2025-08-20,VUS
4710584,2025-10-25,VUS,2025-10-25,VUS
4710878,2025-08-10,P,2025-08-10,P
4710879,2025-04-23,LP,2025-04-23,LP
4710964,2025-07-31,LB,2025-07-31,LB
4711268,2025-04-28,LB,2025-04-28,LB
4711736,2025-03-01,P,2025-03-01,P
4712003,2025-02-06,LB,2025-02-06,LB
4712017,2025-02-06,VUS,2025-02-06,VUS
4712730,2025-02-11,VUS,2025-02-11,VUS
4712854,2025-02-12,LB,2025-02-12,LB
4713040,2025-02-15,LB,2025-02-15,LB
4713194,2025-12-03,LB,2025-12-03,LB
4713405,2025-02-27,LB,2025-02-27,LB
4713591,2025-04-28,LP,2025-04-28,LP
4713592,2025-04-28,LB,2025-04-28,LB
4713738,2025-09-19,LB,2025-09-19,LB
4713802,2025-02-25,P,2025-02-25,P
4713838,2025-02-26,VUS,2025-02-26,VUS
4713969,2025-02-26,LB,2025-02-26,LB
4714042,2026-01-05,LB,2026-01-05,LB
4714143,2025-02-26,LB,2025-02-26,LB
4714186,2025-03-02,P,2025-03-02,P
4714268,2025-03-04,P,2025-03-04,P
4714341,2025-04-16,LB,2025-04-16,LB
4714460,2025-04-30,LB,2025-04-30,LB
4714575,2025-03-06,LP,2025-03-06,LP
4714660,2025-09-19,LB,2025-09-19,LB
4714819,2025-03-10,P,2025-03-10,P
4715092,2025-03-20,LB,2025-03-20,LB
4715216,2025-10-01,P,2025-10-01,P
4715660,2025-06-15,P,2025-06-15,P
4715804,2025-03-24,LB,2025-03-24,LB
4715918,2025-04-10,LB,2025-04-10,LB
4715919,2025-07-01,LB,2025-07-01,LB
4716348,2025-05-09,LB,2025-05-09,LB
4716698,2025-04-03,LB,2025-04-03,LB
4716782,2025-04-17,LB,2025-04-17,LB
4717014,2025-04-11,LB,2025-04-11,LB
4717433,2025-04-19,LB,2025-04-19,LB
4717441,2025-06-03,LB,2025-06-03,LB
4717921,2025-04-19,LB,2025-04-19,LB
4718280,2025-04-23,LB,2025-04-23,LB
4718980,2025-07-30,VUS,2025-07-30,VUS
4719260,2025-05-08,P,2025-05-08,P
4719752,2025-05-18,P,2025-05-18,P
4720177,2025-06-01,P,2025-06-01,P
4720371,2025-07-15,LB,2025-07-15,LB
4720583,2025-06-01,LB,2025-06-01,LB
4721132,2025-06-10,LB,2025-06-10,LB
4721258,2025-11-04,LB,2025-11-04,LB
4721505,2025-06-15,P,2025-06-15,P
4721534,2025-10-13,VUS,2025-10-13,VUS
4721577,2025-11-27,VUS,2025-11-27,VUS
4721666,2025-06-05,VUS,2025-06-05,VUS
4721683,2025-08-14,VUS,2025-08-14,VUS
4721705,2025-04-10,VUS,2025-04-10,VUS
4721740,2025-10-13,VUS,2025-10-13,VUS
4721938,2025-06-22,VUS,2025-06-22,VUS
4722117,2025-07-06,LP,2025-07-06,LP
4722184,2025-07-03,LB,2025-07-03,LB
4722232,2025-06-27,VUS,2025-06-27,VUS
4722233,2025-06-27,LB,2025-06-27,LB
4722529,2025-07-02,LB,2025-07-02,LB
4722574,2025-07-02,LB,2025-07-02,LB
4723209,2025-07-14,LB,2025-07-14,LB
4723220,2025-07-20,LB,2025-07-20,LB
4723411,2025-07-22,LB,2025-07-22,LB
4723651,2025-08-28,LB,2025-08-28,LB
4723765,2025-12-17,VUS,2025-12-17,VUS
4724577,2025-07-31,P,2025-07-31,P
4725163,2025-08-20,VUS,2025-08-20,VUS
4725245,2025-08-11,LB,2025-08-11,LB
4725254,2025-08-16,LB,2025-08-16,LB
4725820,2025-12-24,LB,2025-12-24,LB
4726034,2025-09-10,B,2025-09-10,B
4726074,2025-10-09,LB,2025-10-09,LB
4726303,2025-09-05,VUS,2025-09-05,VUS
4726652,2025-12-27,LB,2025-12-27,LB
4726695,2025-08-02,VUS,2025-08-02,VUS
4727006,2025-09-10,LB,2025-09-10,LB
4727176,2025-09-14,P,2025-09-14,P
4727349,2025-09-16,VUS,2025-09-16,VUS
4727787,2025-09-23,LB,2025-09-23,LB
4727788,2025-10-03,VUS,2025-10-03,VUS
4727865,2025-09-25,P,2025-09-25,P
4727895,2025-04-28,LB,2025-04-28,LB
4728287,2025-10-01,VUS,2025-10-01,VUS
4728495,2025-10-05,VUS,2025-10-05,VUS
4728561,2025-10-06,P,2025-10-06,P
4728699,2025-10-08,P,2025-10-08,P
4728974,2025-11-06,P,2025-11-06,P
4729043,2025-10-12,VUS,2025-10-12,VUS
4729229,2025-10-14,LB,2025-10-14,LB
4729256,2025-11-11,B,2025-11-11,B
4729274,2025-10-15,LB,2025-10-15,LB
4729345,2025-10-16,LB,2025-10-16,LB
4729346,2025-10-16,LB,2025-10-16,LB
4729626,2025-10-21,LB,2025-10-21,LB
4730013,2025-10-27,P,2025-10-27,P
4730384,2025-11-03,P,2025-11-03,P
4730752,2025-11-15,VUS,2025-11-15,VUS
4731073,2025-11-25,LB,2025-11-25,LB
4731190,2025-11-13,VUS,2025-11-13,VUS
4731242,2026-01-19,LB,2026-01-19,LB
4731279,2025-11-16,LB,2025-11-16,LB
4731736,2025-11-23,LB,2025-11-23,LB
4731858,2025-11-24,LB,2025-11-24,LB
4731937,2025-11-26,LB,2025-11-26,LB
4731956,2025-12-01,LP,2025-12-01,LP
4732063,2025-12-03,LB,2025-12-03,LB
4732577,2025-01-31,LB,2025-01-31,LB
4732994,2025-12-11,P,2025-12-11,P
4733138,2025-12-13,LB,2025-12-13,LB
4733507,2025-12-17,LB,2025-12-17,LB
4733514,2025-12-17,LB,2025-12-17,LB
4733620,2025-12-19,P,2025-12-19,P
4733727,2025-12-30,P,2025-12-30,P
4733729,2026-01-03,LB,2026-01-03,LB
4733939,2025-12-23,LB,2025-12-23,LB
4734049,2025-12-24,LB,2025-12-24,LB
4734109,2025-12-24,VUS,2025-12-24,VUS
4734515,2026-01-29,LP,2026-01-29,LP
4734659,2026-01-03,LB,2026-01-03,LB
4734840,2026-01-06,LB,2026-01-06,LB
4734980,2026-01-14,P,2026-01-14,P
4735185,2026-01-12,LB,2026-01-12,LB
4735423,2026-01-14,LB,2026-01-14,LB
4736240,2026-01-28,LB,2026-01-28,LB
4736404,2026-01-28,LB,2026-01-28,LB
4736695,2025-06-11,LB,2025-06-11,LB
4736743,2025-10-18,LB,2025-10-18,LB
4737441,2025-02-04,VUS,2025-02-04,VUS
4737574,2025-12-17,LB,2025-12-17,LB
4737872,2025-09-10,LB,2025-09-10,LB
4738201,2025-07-13,VUS,2025-07-13,VUS
4738492,2025-10-19,LB,2025-10-19,LB
4738526,2025-12-19,B,2025-12-19,B
4738632,2025-08-14,LB,2025-08-14,LB
4738738,2025-12-31,LB,2025-12-31,LB
4739111,2025-09-15,P,2025-09-15,P
4739348,2025-07-20,VUS,2025-07-20,VUS
4739566,2025-08-01,LB,2025-08-01,LB
4740224,2025-10-24,LB,2025-10-24,LB
4740376,2025-11-15,VUS,2025-11-15,VUS
4740438,2025-06-12,LB,2025-06-12,LB
4740510,2025-12-19,VUS,2025-12-19,VUS
4740568,2025-11-03,VUS,2025-11-03,VUS
4740811,2025-08-30,LB,2025-08-30,LB
4741010,2025-06-26,VUS,2025-06-26,VUS
4741248,2025-09-10,VUS,2025-09-10,VUS
4741265,2025-04-28,VUS,2025-04-28,VUS
4741279,2025-06-09,VUS,2025-06-09,VUS
4741314,2025-12-19,VUS,2025-12-19,VUS
4741774,2025-12-08,LB,2025-12-08,LB
4742365,2025-02-04,VUS,2025-02-04,VUS
4742432,2025-09-10,VUS,2025-09-10,VUS
4742457,2026-01-02,VUS,2026-01-02,VUS
4742674,2025-11-08,LB,2025-11-08,LB
4743004,2025-10-06,LB,2025-10-06,LB
4743581,2025-06-12,VUS,2025-06-12,VUS
4743703,2026-01-14,LB,2026-01-14,LB
4744152,2025-02-20,VUS,2025-02-20,VUS
4744925,2025-10-18,LB,2025-10-18,LB
4745020,2025-03-16,LB,2026-02-18,LB
4745028,2026-01-18,VUS,2026-01-18,VUS
4745059,2025-02-16,VUS,2025-02-16,VUS
4745428,2025-10-14,VUS,2025-10-14,VUS
4746986,2025-05-26,VUS,2025-05-26,VUS
4747484,2025-02-13,VUS,2025-02-13,VUS
4747680,2025-12-19,VUS,2025-12-19,VUS
4747817,2025-03-23,LB,2025-03-23,LB
4747938,2025-07-29,VUS,2025-07-29,VUS
4747987,2025-04-22,LB,2025-04-22,LB
4748002,2025-11-24,LB,2025-11-24,LB
4748084,2025-02-11,LB,2025-02-11,LB
4748124,2026-01-18,VUS,2026-01-18,VUS
4748161,2025-05-13,LB,2025-05-13,LB
4748239,2026-01-14,LB,2026-01-14,LB
4748263,2025-10-12,LB,2025-10-12,LB
4748363,2026-01-28,LB,2026-01-28,LB
4748430,2025-06-11,LB,2025-06-11,LB
4748554,2026-01-09,LB,2026-01-09,LB
4748978,2025-10-05,LB,2025-10-05,LB
4749059,2025-05-11,LB,2025-05-11,LB
4749061,2025-09-28,VUS,2025-09-28,VUS
4749139,2025-01-30,VUS,2025-01-30,VUS
4749192,2025-11-03,LB,2025-11-03,LB
4749225,2025-08-14,LB,2025-08-14,LB
4749229,2025-09-10,LB,2025-09-10,LB
4749258,2025-10-03,LB,2025-10-03,LB
4749366,2025-03-19,LB,2025-03-19,LB
4749648,2025-10-22,LB,2025-10-22,LB
4749767,2025-03-05,VUS,2025-03-05,VUS
4749970,2025-10-21,VUS,2025-10-21,VUS
4750129,2025-05-05,LP,2025-05-05,LP
4750305,2026-01-21,LB,2026-01-21,LB
4750345,2025-08-27,LB,2025-08-27,LB
4750571,2025-11-27,VUS,2025-11-27,VUS
4750827,2025-06-30,VUS,2025-06-30,VUS
4751092,2025-10-09,VUS,2025-10-09,VUS
4751219,2025-08-11,LB,2025-08-11,LB
4751386,2025-01-30,VUS,2025-01-30,VUS
4751709,2025-11-26,LB,2025-11-26,LB
4751876,2026-01-11,LB,2026-01-11,LB
4751919,2025-09-23,P,2025-09-23,P
4751965,2025-11-19,LB,2025-11-19,LB
4752145,2025-07-30,VUS,2025-07-30,VUS
4752310,2025-11-03,VUS,2025-11-03,VUS
4752410,2025-05-19,LB,2025-05-19,LB
4752411,2025-05-19,LB,2025-05-19,LB
4752412,2025-05-19,LB,2025-05-19,LB
4752508,2025-12-14,VUS,2025-12-14,VUS
4752579,2025-06-15,VUS,2025-06-15,VUS
4752897,2025-11-12,LB,2025-11-12,LB
4752939,2025-03-30,VUS,2025-03-30,VUS
4752988,2026-01-12,VUS,2026-01-12,VUS
4753136,2025-11-09,LB,2025-11-09,LB
4753249,2025-12-10,LP,2025-12-10,LP
4753313,2025-09-14,LB,2025-09-14,LB
4753512,2025-10-26,LB,2025-10-26,LB
4753678,2025-07-14,VUS,2025-07-14,VUS
4753818,2025-05-11,VUS,2025-05-11,VUS
4754228,2025-11-17,LB,2025-11-17,LB
4754287,2025-03-31,LB,2025-03-31,LB
4754457,2025-05-06,LB,2025-05-06,LB
4754785,2025-03-04,LB,2025-03-04,LB
4754795,2026-01-14,LB,2026-01-14,LB
4754807,2025-09-25,LB,2025-09-25,LB
4755124,2025-07-13,VUS,2025-07-13,VUS
4755241,2025-12-27,LB,2025-12-27,LB
4755336,2021-05-25,P,2021-05-25,P
4755346,2021-06-28,P,2021-06-28,P
4755352,2021-08-13,P,2021-08-13,P
4755380,2022-01-10,P,2022-01-10,P
4755438,2025-03-04,P,2025-03-04,P
4759247,2025-03-25,P,2025-03-25,P
4759250,2025-03-17,LP,2025-03-17,LP
4759360,2025-12-15,VUS,2025-12-15,VUS
4759620,2025-12-28,LB,2025-12-28,LB
4760080,2025-10-01,VUS,2025-10-01,VUS
4760691,2025-10-27,LB,2025-10-27,LB
4760721,2025-08-05,LB,2025-08-05,LB
4760732,2025-12-01,LB,2025-12-01,LB
4761441,2025-03-20,LB,2025-03-20,LB
4761584,2025-11-03,LB,2025-11-03,LB
4761593,2025-03-25,LB,2025-03-25,LB
4761645,2025-12-16,LB,2025-12-16,LB
4761656,2025-12-15,LB,2025-12-15,LB
4761825,2025-10-24,LB,2025-10-24,LB
4761845,2025-08-04,LB,2025-08-04,LB
4761915,2025-04-17,LB,2025-04-17,LB
4761985,2025-09-14,VUS,2025-09-14,VUS
4762007,2025-10-23,LP,2025-10-23,LP
4762127,2025-12-28,LB,2025-12-28,LB
4762397,2026-01-21,VUS,2026-01-21,VUS
4762665,2025-08-31,LB,2025-08-31,LB
4763038,2025-10-03,P,2025-10-03,P
4763049,2025-11-15,LB,2025-11-15,LB
4763126,2025-07-22,VUS,2025-07-22,VUS
4763417,2025-10-11,VUS,2025-10-11,VUS
4763723,2025-12-06,LB,2025-12-06,LB
4763925,2025-08-12,LB,2025-08-12,LB
4764162,2025-11-08,VUS,2025-11-08,VUS
4764391,2025-11-19,LB,2025-11-19,LB
4764675,2025-12-28,LB,2025-12-28,LB
4765117,2025-05-17,LB,2025-05-17,LB
4765219,2025-12-09,LB,2025-12-09,LB
4765388,2025-07-30,LB,2025-07-30,LB
4765701,2025-09-17,LB,2025-09-17,LB
4765760,2025-04-09,LB,2025-04-09,LB
4765796,2025-02-12,LB,2025-02-12,LB
4766056,2025-06-10,LB,2025-06-10,LB
4766394,2025-09-30,LB,2025-09-30,LB
4766417,2025-12-26,LB,2025-12-26,LB
4766579,2025-05-19,VUS,2025-05-19,VUS
4766595,2025-12-27,LB,2025-12-27,LB
4766653,2025-12-14,LB,2025-12-14,LB
4766715,2025-12-14,LB,2025-12-14,LB
4766777,2025-12-11,LB,2025-12-11,LB
4766841,2025-09-14,LB,2025-09-14,LB
4767345,2026-01-28,LB,2026-01-28,LB
4767350,2025-06-12,LB,2025-06-12,LB
4767710,2025-08-30,VUS,2025-08-30,VUS
4767961,2026-01-05,LB,2026-01-05,LB
4768168,2025-02-04,VUS,2025-02-04,VUS
4768576,2025-09-09,LB,2025-09-09,LB
4768602,2025-03-16,LB,2025-03-16,LB
4769189,2025-11-01,LB,2025-11-01,LB
4769236,2025-10-05,VUS,2025-10-05,VUS
4769274,2025-09-14,LB,2025-09-14,LB
4769658,2025-08-04,LB,2025-08-04,LB
4769742,2025-08-06,LP,2025-08-06,LP
4769848,2025-11-19,VUS,2025-11-19,VUS
4770011,2025-11-25,LB,2025-11-25,LB
4770161,2026-01-25,LB,2026-01-25,LB
4770434,2025-12-31,LB,2025-12-31,LB
4770662,2026-01-21,LB,2026-01-21,LB
4770702,2025-04-07,VUS,2025-04-07,VUS
4770975,2025-12-01,VUS,2025-12-01,VUS
4771048,2026-01-26,VUS,2026-01-26,VUS
4771049,2025-07-29,VUS,2025-07-29,VUS
4771323,2026-01-24,LB,2026-01-24,LB
4771504,2026-01-06,P,2026-01-06,P
4771544,2025-11-17,LB,2025-11-17,LB
4771815,2025-03-09,LB,2025-03-09,LB
4772326,2025-05-03,LB,2025-05-03,LB
4772334,2025-08-16,VUS,2025-08-16,VUS
4772556,2025-11-17,LB,2025-11-17,LB
4772565,2025-12-20,LB,2025-12-20,LB
4772636,2025-05-03,VUS,2025-05-03,VUS
4772854,2025-04-29,LB,2025-04-29,LB
4772864,2025-06-23,LB,2025-06-23,LB
4773019,2025-12-10,LP,2025-12-10,LP
4773023,2025-07-27,LB,2025-07-27,LB
4773220,2025-12-08,LB,2025-12-08,LB
4773225,2025-09-25,LB,2025-09-25,LB
4773304,2025-07-30,LB,2025-07-30,LB
4773318,2025-06-12,LB,2025-06-12,LB
4773352,2025-06-12,LB,2025-06-12,LB
4773442,2026-01-11,LP,2026-01-11,LP
4773677,2025-03-21,VUS,2025-03-21,VUS
4773880,2025-07-30,LB,2025-07-30,LB
4773978,2025-12-19,LB,2025-12-19,LB
4774220,2025-09-02,P,2025-09-02,P
4774425,2025-10-21,LB,2025-10-21,LB
4774597,2025-08-29,LB,2025-08-29,LB
4774984,2025-06-11,LB,2025-06-11,LB
4775073,2025-09-20,VUS,2025-09-20,VUS
4775241,2025-12-25,LB,2025-12-25,LB
4775296,2025-12-24,VUS,2025-12-24,VUS
4775459,2025-03-22,LB,2025-03-22,LB
4775604,2025-04-08,VUS,2025-04-08,VUS
4775617,2025-11-03,LB,2025-11-03,LB
4775876,2025-08-07,LB,2025-08-07,LB
4775958,2025-05-12,LB,2025-05-12,LB
4775993,2025-12-20,P,2025-12-20,P
4775998,2025-03-22,VUS,2025-03-22,VUS
4776086,2025-08-14,LB,2025-08-14,LB
4776117,2025-10-28,LB,2025-10-28,LB
4776143,2025-10-27,LB,2025-10-27,LB
4776521,2025-11-11,LB,2025-11-11,LB
4776523,2025-12-04,VUS,2025-12-04,VUS
4776690,2026-01-28,LB,2026-01-28,LB
4776800,2025-03-04,VUS,2025-03-04,VUS
4776805,2025-12-29,LB,2025-12-29,LB
4776811,2025-04-30,VUS,2025-04-30,VUS
4777113,2025-07-31,LB,2025-07-31,LB
4778233,2025-02-13,LB,2025-02-13,LB
4779064,2025-05-23,LB,2025-05-23,LB
4779320,2026-01-27,LB,2026-01-27,LB
4779577,2025-05-09,LB,2025-05-09,LB
4780076,2025-12-03,LB,2025-12-03,LB
4780128,2025-12-23,LB,2025-12-23,LB
4780144,2025-03-28,LB,2025-03-28,LB
4780546,2025-06-11,LB,2025-06-11,LB
4780834,2025-08-07,VUS,2025-08-07,VUS
4780928,2025-09-19,LB,2025-09-19,LB
4781438,2025-09-04,LB,2025-09-04,LB
4781453,2025-11-17,LB,2025-11-17,LB
4781796,2025-06-19,VUS,2025-06-19,VUS
4781936,2025-11-19,LB,2025-11-19,LB
4782009,2025-11-12,LB,2025-11-12,LB
4782073,2025-11-08,LB,2025-11-08,LB
4782792,2026-01-14,VUS,2026-01-14,VUS
4783626,2025-09-24,VUS,2025-09-24,VUS
4783627,2026-01-31,VUS,2026-01-31,VUS
4783628,2025-04-02,VUS,2025-04-02,VUS
4783629,2025-04-15,VUS,2025-04-15,VUS
4783630,2025-03-03,VUS,2025-03-03,VUS
4784001,2025-04-02,VUS,2025-04-02,VUS
4784044,2025-02-02,VUS,2025-02-02,VUS
4784045,2025-02-02,P,2025-02-02,P
4784048,2025-02-02,P,2025-02-02,P
4784137,2025-02-12,P,2025-02-12,P
4784168,2025-04-06,VUS,2025-04-06,VUS
4784181,2025-05-01,VUS,2025-05-01,VUS
4784298,2025-02-27,P,2025-02-27,P
4784317,2025-03-02,VUS,2025-03-02,VUS
4784332,2025-03-04,VUS,2025-03-04,VUS
4784348,2025-03-05,VUS,2025-03-05,VUS
4784436,2025-03-14,P,2025-03-14,P
4784456,2025-03-17,VUS,2025-03-17,VUS
4784616,2025-05-04,P,2025-05-04,P
4784626,2025-04-07,VUS,2025-04-07,VUS
4784678,2025-11-10,VUS,2025-11-10,VUS
4784697,2025-04-12,P,2025-04-12,P
4784723,2025-04-17,LB,2025-04-17,LB
4784775,2025-04-20,VUS,2025-04-20,VUS
4784786,2025-04-17,VUS,2025-04-17,VUS
4784801,2025-04-22,VUS,2025-04-22,VUS
4784865,2025-05-16,LB,2025-05-16,LB
4784870,2025-04-30,VUS,2025-04-30,VUS
4784896,2026-01-25,VUS,2026-01-25,VUS
4784992,2025-05-13,VUS,2025-05-13,VUS
4785031,2025-05-15,VUS,2025-05-15,VUS
4785137,2025-05-30,VUS,2025-05-30,VUS
4785188,2025-06-05,VUS,2025-06-05,VUS
4785189,2025-06-06,VUS,2025-06-06,VUS
4785261,2025-06-11,LP,2025-06-11,LP
4785351,2025-06-22,LB,2025-06-22,LB
4785482,2025-07-05,VUS,2025-07-05,VUS
4785630,2025-07-21,VUS,2025-07-21,VUS
4785924,2025-08-20,P,2025-08-20,P
4785970,2025-08-26,LB,2025-08-26,LB
4785980,2025-08-27,VUS,2025-08-27,VUS
4786016,2025-08-31,VUS,2025-08-31,VUS
4786071,2025-09-07,P,2025-09-07,P
4786222,2025-09-24,VUS,2025-09-24,VUS
4786223,2025-09-24,VUS,2025-09-24,VUS
4786237,2025-09-27,VUS,2025-09-27,VUS
4786381,2025-11-03,VUS,2025-11-03,VUS
4786533,2025-10-26,P,2025-10-26,P
4786556,2025-10-28,VUS,2025-10-28,VUS
4786639,2025-11-09,LB,2025-11-09,LB
4786837,2025-11-27,VUS,2025-11-27,VUS
4786855,2025-11-28,LB,2025-11-28,LB
4786971,2025-12-10,VUS,2025-12-10,VUS
4787185,2026-01-05,P,2026-01-05,P
4787220,2026-01-08,VUS,2026-01-08,VUS
4787682,2025-09-13,VUS,2025-09-13,VUS
4788180,2025-03-20,LB,2025-03-20,LB
4788226,2026-01-28,LB,2026-01-28,LB
4788818,2025-12-08,VUS,2025-12-08,VUS
4789149,2025-09-28,VUS,2025-09-28,VUS
4789926,2025-02-25,VUS,2025-02-25,VUS
4789984,2025-03-17,VUS,2025-03-17,VUS
4790779,2025-12-26,VUS,2025-12-26,VUS
4791123,2025-05-04,VUS,2025-05-04,VUS
4791379,2025-03-23,VUS,2025-03-23,VUS
4791916,2025-08-23,P,2025-08-23,P
4792057,2025-10-20,VUS,2025-10-20,VUS
4792822,2026-01-24,VUS,2026-01-24,VUS
4792989,2025-12-14,LB,2025-12-14,LB
4793219,2025-12-01,VUS,2025-12-01,VUS
4793878,2025-09-30,VUS,2025-09-30,VUS
4794584,2025-12-03,VUS,2025-12-03,VUS
4794854,2025-11-25,VUS,2025-11-25,VUS
4795980,2026-01-08,VUS,2026-01-08,VUS
4796122,2025-12-10,LP,2025-12-10,LP
4796162,2025-12-10,P,2025-12-10,P
4796255,2025-12-10,VUS,2025-12-10,VUS
4796321,2025-12-10,VUS,2025-12-10,VUS
4796343,2025-12-10,LP,2025-12-10,LP
4796731,2026-02-27,P,2026-02-27,P
4797240,2025-10-28,LB,2025-10-28,LB
4797492,2025-10-01,LB,2025-10-01,LB
4798085,2025-03-24,LB,2025-03-24,LB
4798437,2025-08-05,VUS,2025-08-05,VUS
4798744,2025-04-28,LB,2025-04-28,LB
4798988,2025-10-06,VUS,2025-10-06,VUS
4799617,2025-11-17,VUS,2025-11-17,VUS
4799643,2025-03-09,VUS,2025-03-09,VUS
4800372,2025-09-20,LB,2025-09-20,LB
4800403,2026-01-13,LB,2026-01-13,LB
4800646,2025-02-26,VUS,2025-02-26,VUS
4800874,2025-12-13,VUS,2025-12-13,VUS
4800914,2025-09-15,LB,2025-09-15,LB
4801947,2025-04-23,LB,2026-03-01,LB
4802058,2025-07-21,VUS,2025-07-21,VUS
4802192,2025-11-13,VUS,2025-11-13,VUS
4802767,2025-11-26,B,2025-11-26,B
4803267,2025-04-19,LB,2025-04-19,LB
4803444,2025-09-29,LB,2025-09-29,LB
4803479,2025-12-02,LB,2025-12-02,LB
4803608,2025-09-23,LB,2025-09-23,LB
4804181,2025-12-16,LB,2025-12-16,LB
4804360,2025-07-08,LB,2025-07-08,LB
4804456,2025-10-06,LB,2025-10-06,LB
4804535,2025-04-19,VUS,2025-04-19,VUS
4804710,2025-11-26,LB,2025-11-26,LB
4804992,2025-05-13,B,2025-05-13,B
4805371,2025-06-04,VUS,2025-06-04,VUS
4805806,2025-09-10,LP,2025-09-10,LP
4806103,2025-02-20,LB,2025-02-20,LB
4806255,2025-02-06,LB,2025-02-06,LB
4806286,2025-03-10,LB,2025-03-10,LB
4806375,2025-12-16,VUS,2025-12-16,VUS
4806902,2025-07-27,LB,2025-07-27,LB
4807004,2025-07-24,LB,2025-07-24,LB
4807013,2025-03-12,LB,2025-03-12,LB
4807119,2026-01-05,LB,2026-01-05,LB
4807194,2025-09-04,LB,2025-09-04,LB
4807198,2025-10-26,LB,2025-10-26,LB
4807217,2025-09-24,VUS,2025-09-24,VUS
4807766,2025-10-12,VUS,2025-10-12,VUS
4808568,2025-10-12,LB,2025-10-12,LB
4808574,2025-05-27,VUS,2025-05-27,VUS
4808620,2025-01-30,LB,2025-01-30,LB
4808788,2025-05-23,B,2025-05-23,B
4808842,2026-01-20,LB,2026-01-20,LB
4808970,2025-03-02,LB,2025-03-02,LB
4809078,2025-04-14,LB,2025-04-14,LB
4809081,2025-08-20,LB,2025-08-20,LB
4809382,2025-09-08,LB,2025-09-08,LB
4809587,2025-02-08,LB,2025-02-08,LB
4809678,2026-01-11,LB,2026-01-11,LB
4810208,2025-07-27,P,2025-07-27,P
4810253,2026-01-24,LB,2026-01-24,LB
4810382,2025-03-25,LB,2025-03-25,LB
4810633,2025-06-04,VUS,2025-06-04,VUS
4810682,2025-06-19,LB,2025-06-19,LB
4810769,2026-01-28,LB,2026-01-28,LB
4810918,2025-11-09,LB,2025-11-09,LB
4811165,2025-07-03,VUS,2025-07-03,VUS
4811890,2025-12-15,LB,2025-12-15,LB
4812878,2024-02-26,VUS,2024-02-26,VUS
4813577,2026-03-05,VUS,2026-03-05,VUS
4814927,2025-08-07,LP,2025-08-07,LP
4814928,2025-03-18,LP,2025-03-18,LP
4814929,2026-01-27,LP,2026-01-27,LP
4814930,2024-07-23,LP,2024-07-23,LP
4814931,2025-09-25,LP,2025-09-25,LP
4814932,2024-10-15,LP,2024-10-15,LP
4814933,2025-08-19,LP,2025-08-19,LP
4814934,2025-12-23,LP,2025-12-23,LP
4814935,2024-05-08,LP,2024-05-08,LP
4814936,2025-12-02,LP,2025-12-02,LP
4814937,2025-10-15,LP,2025-10-15,LP
4814938,2024-07-18,LP,2024-07-18,LP
4815553,2026-01-21,LP,2026-01-21,LP
4815554,2024-09-18,LP,2024-09-18,LP
4815555,2025-12-17,LP,2025-12-17,LP
4816524,2025-11-04,LP,2025-11-04,LP
4816526,2024-05-06,LP,2024-05-06,LP
4816527,2024-12-30,LP,2024-12-30,LP
4816529,2024-12-30,LP,2024-12-30,LP
4816530,2025-10-20,LP,2025-10-20,LP
4816531,2025-08-09,LP,2025-08-09,LP
4816532,2025-10-07,LP,2025-10-07,LP
4818015,2026-01-20,LP,2026-01-20,LP
4818027,2024-06-13,P,2024-06-13,P
4818034,2025-09-22,LP,2025-09-22,LP
4818039,2024-12-13,LP,2024-12-13,LP
4818044,2024-06-17,P,2024-06-17,P
4818861,2026-02-24,VUS,2026-02-24,VUS
4818862,2026-02-26,LP,2026-02-26,LP
4818957,2025-11-20,VUS,2025-11-20,VUS
4818996,2026-01-20,VUS,2026-01-20,VUS
4819208,2023-05-01,P,2023-05-01,P
4819211,2023-05-01,P,2023-05-01,P
4819268,2023-11-30,LP,2023-11-30,LP
4819308,2026-03-10,P,2026-03-10,P
4819650,2024-10-30,P,2024-10-30,P
4819690,2024-09-05,LP,2024-09-05,LP
4819691,2024-09-05,LP,2024-09-05,LP
4820052,2023-05-15,P,2023-05-15,P
4820053,2023-10-25,P,2023-10-25,P
4820160,2021-11-09,LP,2021-11-09,LP
4820224,2026-03-28,P,2026-03-28,P
4820243,2026-03-28,P,2026-03-28,P
4820261,2026-04-10,VUS,2026-04-15,VUS
4822994,2026-01-01,LB,2026-01-01,LB
4823869,2026-02-01,VUS,2026-02-01,VUS
4824501,2026-01-22,LB,2026-01-22,LB
4824502,2026-01-26,LB,2026-01-26,LB
4824503,2026-01-26,LB,2026-01-26,LB
4824504,2026-02-02,LB,2026-02-02,LB
4824505,2026-02-03,LB,2026-02-03,LB
4824506,2026-02-03,LB,2026-02-03,LB
4824507,2026-02-03,LB,2026-02-03,LB
4824508,2026-02-06,LB,2026-02-06,LB
4824509,2026-02-10,LB,2026-02-10,LB
4824510,2026-02-10,LB,2026-02-10,LB
4824511,2026-02-18,LB,2026-02-18,LB
4824512,2026-02-22,LB,2026-02-22,LB
4826854,2026-03-09,LB,2026-03-09,LB
4826869,2026-02-24,LB,2026-02-24,LB
4826870,2026-03-03,LB,2026-03-03,LB
4826871,2026-03-03,LB,2026-03-03,LB
4826872,2026-03-03,LB,2026-03-03,LB
4826873,2026-03-03,LB,2026-03-03,LB
4827978,2025-12-15,VUS,2025-12-15,VUS
4828380,2025-12-16,VUS,2025-12-16,VUS
4828801,2025-12-15,VUS,2025-12-15,VUS
4829746,2026-01-21,VUS,2026-01-21,VUS
4831505,2025-12-15,VUS,2025-12-15,VUS
4831834,2025-12-15,VUS,2025-12-15,VUS
4832094,2026-03-10,LB,2026-03-10,LB
4832877,2026-01-21,VUS,2026-01-21,VUS
4835553,2025-12-16,VUS,2025-12-16,VUS
4838049,2025-12-22,VUS,2025-12-22,VUS
4838447,2025-12-22,VUS,2025-12-22,VUS
4838516,2025-12-24,VUS,2025-12-24,VUS
4838895,2026-01-20,P,2026-01-20,P
4839252,2026-01-14,VUS,2026-01-14,VUS
4839376,2026-01-14,VUS,2026-01-14,VUS
4839668,2026-01-21,VUS,2026-01-21,VUS
4839706,2026-03-04,LP,2026-03-04,LP
4839875,2026-02-16,VUS,2026-02-16,VUS
4839988,2026-02-17,VUS,2026-02-17,VUS
4840124,2026-02-17,VUS,2026-02-17,VUS
4840155,2026-03-10,LP,2026-03-10,LP
4840732,2026-02-28,VUS,2026-02-28,VUS
4841067,2026-03-10,VUS,2026-03-10,VUS
4842950,2025-12-15,LB,2025-12-15,LB
4842951,2025-12-18,LB,2025-12-18,LB
4842952,2025-12-22,LB,2025-12-22,LB
4842953,2025-12-22,LB,2025-12-22,LB
4842954,2025-12-26,LB,2025-12-26,LB
4842955,2026-01-06,LB,2026-01-06,LB
4842956,2026-01-10,LB,2026-01-10,LB
4842957,2026-01-13,LB,2026-01-13,LB
4845192,2026-05-30,LP,2026-05-30,LP
4845563,2025-12-30,VUS,2025-12-30,VUS
4845821,2025-03-27,P,2025-03-27,P
4847068,2026-03-19,VUS,2026-03-19,VUS
4847089,2026-03-19,VUS,2026-03-19,VUS
4847120,2026-03-18,VUS,2026-03-18,VUS
4847192,2026-03-16,VUS,2026-03-16,VUS
4847240,2026-03-31,VUS,2026-03-31,VUS
4847510,2026-03-03,VUS,2026-03-03,VUS
4847543,2026-03-02,VUS,2026-03-02,VUS
4847815,2026-02-14,VUS,2026-02-14,VUS
4847861,2026-02-26,P,2026-02-26,P
4847887,2026-02-11,VUS,2026-02-11,VUS
4848004,2026-02-06,VUS,2026-02-06,VUS
4848012,2026-02-25,LP,2026-02-25,LP
4848260,2026-02-18,VUS,2026-02-18,VUS
4848288,2026-02-27,VUS,2026-02-27,VUS
4848318,2026-02-17,VUS,2026-02-17,VUS
4848431,2026-04-17,VUS,2026-04-17,VUS
4848474,2026-04-29,P,2026-04-29,P
4848836,2026-04-07,VUS,2026-04-07,VUS
4849118,2026-04-24,VUS,2026-04-24,VUS
4849183,2026-04-21,VUS,2026-04-21,VUS
4849200,2026-04-13,VUS,2026-04-13,VUS
4849215,2026-04-02,VUS,2026-04-02,VUS
4849362,2025-07-16,LP,2025-07-16,LP
4849582,2026-04-29,LP,2026-04-29,LP
4850142,2025-08-26,LP,2025-08-26,LP
4850159,2026-01-09,LP,2026-01-09,LP
4850359,2025-09-17,LP,2025-09-17,LP
4850468,2025-09-26,LP,2025-09-26,LP
4850877,2026-03-17,P,2026-03-17,P
4851738,2025-01-07,VUS,2025-01-07,VUS
4851802,2026-04-22,LP,2026-04-22,LP
4851957,2025-04-12,P,2025-04-12,P
4851966,2025-08-18,P,2025-08-18,P
4851975,2025-03-03,P,2025-03-03,P
4852048,2022-06-21,P,2022-06-21,P
4852056,2022-04-21,P,2022-04-21,P
4852057,2022-09-08,P,2022-09-08,P
4852095,2022-06-27,P,2022-06-27,P
4852100,2022-08-04,P,2022-08-04,P
4852111,2026-04-21,LP,2026-04-21,LP
4852132,2026-01-01,LP,2026-01-01,LP
4852183,2025-03-04,LP,2025-03-04,LP
4852349,2026-05-13,VUS,2026-05-13,VUS
4852371,2026-05-13,VUS,2026-05-13,VUS
