VariationID,gene,Name,protein_change,variant_type,consequence,current_class,review_status,first_class,first_date,latest_class,latest_date,n_submissions,n_submitters,reclassified,direction,first_year,latest_year
330341,C3,NM_000064.4(C3):c.-3_-2dup,,Duplication,5 prime UTR variant,Benign/Likely benign,"criteria provided, multiple submitters, no conflicts",B,2018-10-11,LB,2025-10-01,5,5,True,toward_pathogenic,2018.0,2025.0
330277,C3,NM_000064.4(C3):c.4645C>A (p.Leu1549Met),L1549M,single nucleotide variant,missense variant,Benign/Likely benign,"criteria provided, multiple submitters, no conflicts",B,2018-01-12,LB,2026-02-02,12,10,True,toward_pathogenic,2018.0,2026.0
2179841,CFH,NM_000186.4(CFH):c.1275G>A (p.Ala425=),,single nucleotide variant,synonymous variant,Benign/Likely benign,"criteria provided, multiple submitters, no conflicts",B,2025-06-08,LB,2026-01-22,2,2,True,toward_pathogenic,2025.0,2026.0
294496,CFH,NM_000186.4(CFH):c.1935G>T (p.Thr645=),,single nucleotide variant,synonymous variant,Benign/Likely benign,"criteria provided, multiple submitters, no conflicts",B,2018-01-13,LB,2026-04-06,14,8,True,toward_pathogenic,2018.0,2026.0
294505,CFH,NM_000186.4(CFH):c.2637A>G (p.Gly879=),,single nucleotide variant,synonymous variant,Benign/Likely benign,"criteria provided, multiple submitters, no conflicts",B,2018-01-12,LB,2026-04-06,14,8,True,toward_pathogenic,2018.0,2026.0
294515,CFH,NM_000186.4(CFH):c.3050C>T (p.Thr1017Ile),T1017I,single nucleotide variant,missense variant,Benign/Likely benign,"criteria provided, multiple submitters, no conflicts",B,2018-01-13,LB,2026-02-05,15,9,True,toward_pathogenic,2018.0,2026.0
294519,CFH,NM_000186.4(CFH):c.3138C>T (p.Thr1046=),,single nucleotide variant,synonymous variant,Benign/Likely benign,"criteria provided, multiple submitters, no conflicts",B,2016-12-16,LB,2026-01-21,16,10,True,toward_pathogenic,2016.0,2026.0
1284610,CFH,NM_000186.4(CFH):c.3150T>C (p.Asn1050=),,single nucleotide variant,synonymous variant,Benign/Likely benign,"criteria provided, multiple submitters, no conflicts",B,2018-12-05,LB,2026-01-22,13,10,True,toward_pathogenic,2018.0,2026.0
289336,CFH,NM_000186.4(CFH):c.3176T>C (p.Ile1059Thr),I1059T,single nucleotide variant,missense variant,Benign/Likely benign,"criteria provided, multiple submitters, no conflicts",B,2016-08-11,LB,2026-01-22,17,11,True,toward_pathogenic,2016.0,2026.0
347162,CFI,NM_000204.5(CFI):c.1044+8C>T,,single nucleotide variant,intron variant,Benign/Likely benign,"criteria provided, multiple submitters, no conflicts",B,2018-01-12,LB,2026-02-01,3,3,True,toward_pathogenic,2018.0,2026.0
347151,CFI,NM_000204.5(CFI):c.1429+8T>C,,single nucleotide variant,intron variant,Benign/Likely benign,"criteria provided, multiple submitters, no conflicts",B,2018-01-13,LB,2026-01-15,4,4,True,toward_pathogenic,2018.0,2026.0
347173,CFI,NM_000204.5(CFI):c.319A>G (p.Thr107Ala),T107A,single nucleotide variant,missense variant|non-coding transcript variant|intron variant,Benign/Likely benign,"criteria provided, multiple submitters, no conflicts",B,2018-01-12,LB,2025-09-26,4,4,True,toward_pathogenic,2018.0,2025.0
347172,CFI,NM_000204.5(CFI):c.405T>C (p.Asp135=),,single nucleotide variant,synonymous variant|non-coding transcript variant|intron variant,Benign/Likely benign,"criteria provided, multiple submitters, no conflicts",B,2018-01-13,LB,2026-01-19,2,2,True,toward_pathogenic,2018.0,2026.0
790553,CFI,NM_000204.5(CFI):c.548A>G (p.His183Arg),H183R,single nucleotide variant,missense variant|5 prime UTR variant|non-coding transcript variant,Benign/Likely benign,"criteria provided, multiple submitters, no conflicts",B,2022-09-29,LB,2026-02-02,6,6,True,toward_pathogenic,2022.0,2026.0
902337,CFI,NM_000204.5(CFI):c.603A>C (p.Arg201Ser),R201S,single nucleotide variant,missense variant|5 prime UTR variant|non-coding transcript variant,Benign/Likely benign,"criteria provided, multiple submitters, no conflicts",B,2017-04-27,LB,2025-09-26,4,4,True,toward_pathogenic,2017.0,2025.0
1172948,COL4A3,NM_000091.5(COL4A3):c.145-99C>T,,single nucleotide variant,intron variant,Benign/Likely benign,"criteria provided, multiple submitters, no conflicts",B,2018-06-22,LB,2021-06-10,3,3,True,toward_pathogenic,2018.0,2021.0
1172988,COL4A3,NM_000091.5(COL4A3):c.2021-54T>C,,single nucleotide variant,intron variant,Benign/Likely benign,"criteria provided, multiple submitters, no conflicts",B,2018-06-29,LB,2021-06-10,3,3,True,toward_pathogenic,2018.0,2021.0
1172949,COL4A3,NM_000091.5(COL4A3):c.280-40T>G,,single nucleotide variant,intron variant,Benign/Likely benign,"criteria provided, multiple submitters, no conflicts",B,2019-08-21,LB,2021-06-10,3,3,True,toward_pathogenic,2019.0,2021.0
254989,COL4A3,NM_000091.5(COL4A3):c.3031C>T (p.Arg1011Cys),R1011C,single nucleotide variant,missense variant,Benign/Likely benign,"criteria provided, multiple submitters, no conflicts",B,2020-02-04,LB,2026-03-01,6,6,True,toward_pathogenic,2020.0,2026.0
1172970,COL4A3,NM_000091.5(COL4A3):c.687+103T>A,,single nucleotide variant,intron variant,Benign/Likely benign,"criteria provided, multiple submitters, no conflicts",B,2018-07-09,LB,2021-06-10,3,3,True,toward_pathogenic,2018.0,2021.0
1172974,COL4A3,NM_000091.5(COL4A3):c.889-39T>C,,single nucleotide variant,intron variant,Benign/Likely benign,"criteria provided, multiple submitters, no conflicts",B,2018-06-21,LB,2021-06-10,3,3,True,toward_pathogenic,2018.0,2021.0
515526,COL4A4,NM_000092.5(COL4A4):c.-15T>C,,single nucleotide variant,5 prime UTR variant,Benign/Likely benign,"criteria provided, multiple submitters, no conflicts",B,2017-04-27,LB,2018-02-23,3,3,True,toward_pathogenic,2017.0,2018.0
334740,COL4A4,NM_000092.5(COL4A4):c.-79C>T,,single nucleotide variant,5 prime UTR variant,Benign/Likely benign,"criteria provided, multiple submitters, no conflicts",B,2018-01-13,LB,2018-07-15,3,3,True,toward_pathogenic,2018.0,2018.0
1170644,COL4A5,NM_033380.3(COL4A5):c.2520A>G (p.Gly840=),,single nucleotide variant,synonymous variant,Benign/Likely benign,"criteria provided, multiple submitters, no conflicts",B,2026-02-01,LB,2026-03-01,2,2,True,toward_pathogenic,2026.0,2026.0
763037,COL4A5,NM_033380.3(COL4A5):c.4529-6T>C,,single nucleotide variant,intron variant,Benign/Likely benign,"criteria provided, multiple submitters, no conflicts",B,2019-07-26,LB,2026-03-01,4,4,True,toward_pathogenic,2019.0,2026.0
515796,COL4A6,NM_033641.4(COL4A6):c.1676G>A (p.Arg559Gln),"R559Q, R560Q",single nucleotide variant,missense variant,Benign/Likely benign,"criteria provided, multiple submitters, no conflicts",B,2020-04-30,LB,2025-11-24,4,4,True,toward_pathogenic,2020.0,2025.0
772268,COL4A6,NM_033641.4(COL4A6):c.853GAAAAGGGA[2] (p.285EKG[2]),,Microsatellite,inframe_deletion,Benign/Likely benign,"criteria provided, multiple submitters, no conflicts",B,2022-03-09,LB,2026-01-15,2,2,True,toward_pathogenic,2022.0,2026.0
1051443,FN1,NM_212482.4(FN1):c.1601G>A (p.Arg534His),R534H,single nucleotide variant,missense variant,Benign/Likely benign,"criteria provided, multiple submitters, no conflicts",B,2023-03-01,LB,2025-12-01,2,2,True,toward_pathogenic,2023.0,2025.0
1261365,FN1,NM_212482.4(FN1):c.3349-20C>G,,single nucleotide variant,intron variant,Benign/Likely benign,"criteria provided, multiple submitters, no conflicts",B,2020-05-04,LB,2026-03-01,3,3,True,toward_pathogenic,2020.0,2026.0
717648,FN1,NM_212482.4(FN1):c.3517+3A>G,,single nucleotide variant,intron variant,Benign/Likely benign,"criteria provided, multiple submitters, no conflicts",B,2021-01-29,LB,2025-11-04,2,2,True,toward_pathogenic,2021.0,2025.0
789974,FN1,NM_212482.4(FN1):c.4444C>T (p.Arg1482Cys),"R1391C, R1482C",single nucleotide variant,missense variant,Benign/Likely benign,"criteria provided, multiple submitters, no conflicts",B,2020-03-19,LB,2026-01-27,3,3,True,toward_pathogenic,2020.0,2026.0
1302813,FN1,NM_212482.4(FN1):c.5761A>T (p.Ile1921Phe),"I1740F, I1830F, I1831F, I1921F",single nucleotide variant,missense variant,Benign/Likely benign,"criteria provided, multiple submitters, no conflicts",B,2021-08-30,LB,2026-01-12,4,4,True,toward_pathogenic,2021.0,2026.0
789933,FN1,NM_212482.4(FN1):c.7182C>T (p.His2394=),,single nucleotide variant,synonymous variant,Benign/Likely benign,"criteria provided, multiple submitters, no conflicts",B,2021-09-10,LB,2026-03-01,5,5,True,toward_pathogenic,2021.0,2026.0
1169554,FN1,NM_212482.4(FN1):c.7368T>G (p.Val2456=),,single nucleotide variant,synonymous variant,Benign/Likely benign,"criteria provided, multiple submitters, no conflicts",B,2024-06-12,LB,2026-02-01,2,2,True,toward_pathogenic,2024.0,2026.0
1124892,FN1,NM_212482.4(FN1):c.887C>T (p.Pro296Leu),P296L,single nucleotide variant,missense variant,Benign/Likely benign,"criteria provided, multiple submitters, no conflicts",B,2020-12-28,LB,2025-07-03,2,2,True,toward_pathogenic,2020.0,2025.0
783814,C3,NM_000064.4(C3):c.1344C>T (p.Thr448=),,single nucleotide variant,synonymous variant,Benign/Likely benign,"criteria provided, multiple submitters, no conflicts",LB,2019-05-23,B,2026-01-28,6,6,True,toward_benign,2019.0,2026.0
330323,C3,NM_000064.4(C3):c.1623C>T (p.Ser541=),,single nucleotide variant,synonymous variant,Benign/Likely benign,"criteria provided, multiple submitters, no conflicts",LB,2018-01-13,B,2025-12-15,6,4,True,toward_benign,2018.0,2025.0
1601591,C3,NM_000064.4(C3):c.1686+20G>A,,single nucleotide variant,intron variant,Benign/Likely benign,"criteria provided, multiple submitters, no conflicts",LB,2021-07-21,B,2026-01-26,2,2,True,toward_benign,2021.0,2026.0
1600601,C3,NM_000064.4(C3):c.2354+19C>T,,single nucleotide variant,intron variant,Benign/Likely benign,"criteria provided, multiple submitters, no conflicts",LB,2021-11-19,B,2026-01-18,3,3,True,toward_benign,2021.0,2026.0
330307,C3,NM_000064.4(C3):c.2394C>T (p.Ser798=),,single nucleotide variant,synonymous variant,Benign/Likely benign,"criteria provided, multiple submitters, no conflicts",LB,2017-04-28,B,2026-02-01,9,7,True,toward_benign,2017.0,2026.0
728181,C3,NM_000064.4(C3):c.2685C>T (p.Ser895=),,single nucleotide variant,synonymous variant,Benign/Likely benign,"criteria provided, multiple submitters, no conflicts",LB,2021-08-04,B,2026-01-17,3,3,True,toward_benign,2021.0,2026.0
1166848,C3,NM_000064.4(C3):c.2951-5T>C,,single nucleotide variant,intron variant,Benign,"criteria provided, multiple submitters, no conflicts",LB,2019-08-13,B,2025-12-27,3,3,True,toward_benign,2019.0,2025.0
162178,C3,NM_000064.4(C3):c.3811-73C>G,,single nucleotide variant,intron variant,Benign/Likely benign,"criteria provided, multiple submitters, no conflicts",LB,2016-12-12,B,2021-06-19,4,4,True,toward_benign,2016.0,2021.0
1455308,C3,NM_000064.4(C3):c.3858C>T (p.Ala1286=),,single nucleotide variant,synonymous variant,Benign/Likely benign,"criteria provided, multiple submitters, no conflicts",LB,2022-02-26,B,2025-02-16,3,3,True,toward_benign,2022.0,2025.0
724798,C3,NM_000064.4(C3):c.3958C>A (p.Arg1320=),,single nucleotide variant,synonymous variant,Benign/Likely benign,"criteria provided, multiple submitters, no conflicts",LB,2020-02-07,B,2026-01-24,7,7,True,toward_benign,2020.0,2026.0
714756,C3,NM_000064.4(C3):c.3970-8C>T,,single nucleotide variant,intron variant,Benign/Likely benign,"criteria provided, multiple submitters, no conflicts",LB,2020-10-09,B,2026-02-01,5,5,True,toward_benign,2020.0,2026.0
1593402,C3,NM_000064.4(C3):c.4155C>T (p.Ile1385=),,single nucleotide variant,synonymous variant,Benign/Likely benign,"criteria provided, multiple submitters, no conflicts",LB,2021-11-05,B,2025-12-15,2,2,True,toward_benign,2021.0,2025.0
330280,C3,NM_000064.4(C3):c.4631-9C>T,,single nucleotide variant,intron variant,Benign/Likely benign,"criteria provided, multiple submitters, no conflicts",LB,2018-01-13,B,2026-02-01,6,4,True,toward_benign,2018.0,2026.0
330278,C3,NM_000064.4(C3):c.4635C>T (p.Tyr1545=),,single nucleotide variant,synonymous variant,Benign/Likely benign,"criteria provided, multiple submitters, no conflicts",LB,2018-01-12,B,2026-01-12,7,5,True,toward_benign,2018.0,2026.0
789661,C3,NM_000064.4(C3):c.4878T>C (p.Thr1626=),,single nucleotide variant,synonymous variant,Benign/Likely benign,"criteria provided, multiple submitters, no conflicts",LB,2018-01-13,B,2026-01-24,11,9,True,toward_benign,2018.0,2026.0
1601347,CD46,NM_172351.3(CD46):c.286+27del,,Deletion,intron variant,Benign/Likely benign,"criteria provided, multiple submitters, no conflicts",LB,2022-03-24,B,2025-12-16,2,2,True,toward_benign,2022.0,2025.0
1167201,CD46,NM_172351.3(CD46):c.286+27dup,,Duplication,intron variant,Benign/Likely benign,"criteria provided, multiple submitters, no conflicts",LB,2025-05-01,B,2026-01-24,2,2,True,toward_benign,2025.0,2026.0
1926476,CD46,NM_172351.3(CD46):c.856+20dup,,Duplication,intron variant,Benign/Likely benign,"criteria provided, multiple submitters, no conflicts",LB,2024-04-15,B,2025-05-11,2,2,True,toward_benign,2024.0,2025.0
791828,CD46,NM_172351.3(CD46):c.861G>A (p.Ser287=),,single nucleotide variant,synonymous variant|intron variant,Benign/Likely benign,"criteria provided, multiple submitters, no conflicts",LB,2018-01-13,B,2026-01-24,7,7,True,toward_benign,2018.0,2026.0
294478,CFH,NM_000186.4(CFH):c.-36G>C,,single nucleotide variant,5 prime UTR variant,Benign/Likely benign,"criteria provided, single submitter",LB,2018-01-12,B,2018-01-12,4,1,True,toward_benign,2018.0,2018.0
4291368,CFH,NM_000186.4(CFH):c.1160-31TTTA[2],,Microsatellite,intron variant,Benign/Likely benign,"criteria provided, multiple submitters, no conflicts",LB,2025-10-02,B,2026-02-05,2,2,True,toward_benign,2025.0,2026.0
722920,CFH,NM_000186.4(CFH):c.1707C>T (p.Cys569=),,single nucleotide variant,synonymous variant,Benign/Likely benign,"criteria provided, multiple submitters, no conflicts",LB,2022-10-01,B,2026-01-26,8,5,True,toward_benign,2022.0,2026.0
1168607,CFH,NM_000186.4(CFH):c.245-11_245-9dup,,Duplication,intron variant,Benign/Likely benign,"criteria provided, multiple submitters, no conflicts",LB,2020-12-30,B,2026-02-02,6,3,True,toward_benign,2020.0,2026.0
294480,CFH,NM_000186.4(CFH):c.245-7G>A,,single nucleotide variant,intron variant,Benign/Likely benign,"criteria provided, multiple submitters, no conflicts",LB,2018-01-13,B,2026-02-01,17,11,True,toward_benign,2018.0,2026.0
1591064,CFH,NM_000186.4(CFH):c.245-9del,,Deletion,intron variant,Benign/Likely benign,"criteria provided, multiple submitters, no conflicts",LB,2021-07-28,B,2026-02-05,7,4,True,toward_benign,2021.0,2026.0
1553720,CFH,NM_000186.4(CFH):c.245-9dup,,Duplication,intron variant,Benign/Likely benign,"criteria provided, multiple submitters, no conflicts",LB,2021-12-22,B,2026-02-05,7,4,True,toward_benign,2021.0,2026.0
1668120,CFH,NM_000186.4(CFH):c.2783-3dup,,Duplication,intron variant,Benign/Likely benign,"criteria provided, multiple submitters, no conflicts",LB,2020-02-01,B,2026-01-26,7,4,True,toward_benign,2020.0,2026.0
1600648,CFH,NM_000186.4(CFH):c.2821G>T (p.Val941Phe),V941F,single nucleotide variant,missense variant,Benign/Likely benign,"criteria provided, multiple submitters, no conflicts",LB,2021-09-14,B,2025-11-19,7,4,True,toward_benign,2021.0,2025.0
294521,CFH,NM_000186.4(CFH):c.3172T>C (p.Tyr1058His),Y1058H,single nucleotide variant,missense variant,Benign/Likely benign,"criteria provided, multiple submitters, no conflicts",LB,2017-04-27,B,2025-10-02,15,9,True,toward_benign,2017.0,2025.0
294522,CFH,NM_000186.4(CFH):c.3178G>C (p.Val1060Leu),V1060L,single nucleotide variant,missense variant,Benign/Likely benign,"criteria provided, multiple submitters, no conflicts",LB,2018-01-13,B,2025-10-02,15,9,True,toward_benign,2018.0,2025.0
1612016,CFH,NM_000186.4(CFH):c.350+15C>T,,single nucleotide variant,intron variant,Benign/Likely benign,"criteria provided, multiple submitters, no conflicts",LB,2021-10-17,B,2025-09-22,6,3,True,toward_benign,2021.0,2025.0
294483,CFH,NM_000186.4(CFH):c.350+9T>C,,single nucleotide variant,intron variant,Benign/Likely benign,"criteria provided, multiple submitters, no conflicts",LB,2018-01-12,B,2026-02-05,14,8,True,toward_benign,2018.0,2026.0
725332,CFHR5,NM_030787.4(CFHR5):c.1116C>T (p.Asn372=),,single nucleotide variant,synonymous variant,Benign/Likely benign,"criteria provided, multiple submitters, no conflicts",LB,2022-03-16,B,2026-03-10,4,4,True,toward_benign,2022.0,2026.0
716750,CFHR5,NM_030787.4(CFHR5):c.1155G>T (p.Arg385Ser),R385S,single nucleotide variant,missense variant,Benign/Likely benign,"criteria provided, multiple submitters, no conflicts",LB,2018-01-13,B,2025-11-02,4,4,True,toward_benign,2018.0,2025.0
775635,CFHR5,NM_030787.4(CFHR5):c.136C>T (p.Pro46Ser),P46S,single nucleotide variant,missense variant,Benign/Likely benign,"criteria provided, multiple submitters, no conflicts",LB,2017-04-27,B,2026-02-01,8,8,True,toward_benign,2017.0,2026.0
294538,CFHR5,NM_030787.4(CFHR5):c.384G>T (p.Ser128=),,single nucleotide variant,synonymous variant,Benign/Likely benign,"criteria provided, multiple submitters, no conflicts",LB,2018-01-12,B,2026-01-22,5,5,True,toward_benign,2018.0,2026.0
2056269,CFHR5,NM_030787.4(CFHR5):c.486A>G (p.Lys162=),,single nucleotide variant,synonymous variant,Benign/Likely benign,"criteria provided, multiple submitters, no conflicts",LB,2025-06-30,B,2026-01-22,3,3,True,toward_benign,2025.0,2026.0
1338159,CFHR5,NM_030787.4(CFHR5):c.533A>G (p.Asn178Ser),N178S,single nucleotide variant,missense variant,Benign/Likely benign,"criteria provided, multiple submitters, no conflicts",LB,2021-11-24,B,2025-10-13,3,3,True,toward_benign,2021.0,2025.0
713772,CFHR5,NM_030787.4(CFHR5):c.732C>T (p.Asn244=),,single nucleotide variant,synonymous variant,Benign/Likely benign,"criteria provided, multiple submitters, no conflicts",LB,2018-01-13,B,2025-09-21,8,8,True,toward_benign,2018.0,2025.0
2886217,CFI,NM_000204.5(CFI):c.1149-10del,,Deletion,intron variant,Benign,"criteria provided, single submitter",LB,2019-06-12,B,2025-04-22,2,2,True,toward_benign,2019.0,2025.0
347146,CFI,NM_000204.5(CFI):c.1657C>T (p.Pro553Ser),"P553S, P546S, P561S, P350S, P534S",single nucleotide variant,missense variant|non-coding transcript variant|intron variant,Benign/Likely benign,"criteria provided, multiple submitters, no conflicts",LB,2017-04-27,B,2026-01-12,6,6,True,toward_benign,2017.0,2026.0
1166429,CFI,NM_000204.5(CFI):c.329-14dup,,Duplication,intron variant,Benign/Likely benign,"criteria provided, multiple submitters, no conflicts",LB,2021-12-10,B,2026-01-25,3,3,True,toward_benign,2021.0,2026.0
1169320,COL4A3,NM_000091.5(COL4A3):c.144+18T>G,,single nucleotide variant,intron variant,Benign/Likely benign,"criteria provided, multiple submitters, no conflicts",LB,2019-12-10,B,2026-01-28,2,2,True,toward_benign,2019.0,2026.0
254986,COL4A3,NM_000091.5(COL4A3):c.222G>T (p.Pro74=),,single nucleotide variant,synonymous variant,Benign/Likely benign,"criteria provided, multiple submitters, no conflicts",LB,2017-04-27,B,2026-02-02,11,11,True,toward_benign,2017.0,2026.0
1216278,COL4A3,NM_000091.5(COL4A3):c.2489-18T>A,,single nucleotide variant,intron variant,Benign/Likely benign,"criteria provided, multiple submitters, no conflicts",LB,2019-01-28,B,2026-02-02,3,3,True,toward_benign,2019.0,2026.0
334774,COL4A3,NM_000091.5(COL4A3):c.3566-10T>C,,single nucleotide variant,intron variant,Benign/Likely benign,"criteria provided, multiple submitters, no conflicts",LB,2018-01-13,B,2026-01-31,6,6,True,toward_benign,2018.0,2026.0
1673499,COL4A3,NM_000091.5(COL4A3):c.442-15T>C,,single nucleotide variant,intron variant,Benign/Likely benign,"criteria provided, multiple submitters, no conflicts",LB,2022-03-31,B,2023-12-16,2,2,True,toward_benign,2022.0,2023.0
254998,COL4A3,NM_000091.5(COL4A3):c.4484A>G (p.Gln1495Arg),Q1495R,single nucleotide variant,missense variant,Benign/Likely benign,"criteria provided, multiple submitters, no conflicts",LB,2016-03-21,B,2026-03-01,16,16,True,toward_benign,2016.0,2026.0
753430,COL4A3,NM_000091.5(COL4A3):c.45G>A (p.Pro15=),,single nucleotide variant,synonymous variant,Benign/Likely benign,"criteria provided, multiple submitters, no conflicts",LB,2020-06-18,B,2026-01-28,5,5,True,toward_benign,2020.0,2026.0
1190220,COL4A3,NM_000091.5(COL4A3):c.4755+18A>G,,single nucleotide variant,intron variant,Benign/Likely benign,"criteria provided, multiple submitters, no conflicts",LB,2020-10-05,B,2026-01-20,3,3,True,toward_benign,2020.0,2026.0
1593409,COL4A3,NM_000091.5(COL4A3):c.888+17G>A,,single nucleotide variant,intron variant,Benign/Likely benign,"criteria provided, multiple submitters, no conflicts",LB,2021-11-11,B,2026-01-12,2,2,True,toward_benign,2021.0,2026.0
1190205,COL4A3,NM_000091.5(COL4A3):c.987+17T>C,,single nucleotide variant,intron variant,Benign/Likely benign,"criteria provided, multiple submitters, no conflicts",LB,2019-12-25,B,2026-01-05,2,2,True,toward_benign,2019.0,2026.0
1165970,COL4A3,NM_000091.5(COL4A3):c.987+20C>G,,single nucleotide variant,intron variant,Benign/Likely benign,"criteria provided, multiple submitters, no conflicts",LB,2019-11-22,B,2026-01-28,5,5,True,toward_benign,2019.0,2026.0
683248,COL4A3,NM_000091.5(COL4A3):c.988-80T>C,,single nucleotide variant,intron variant,Benign/Likely benign,"criteria provided, multiple submitters, no conflicts",LB,2018-06-16,B,2021-06-10,3,3,True,toward_benign,2018.0,2021.0
218426,COL4A4,NM_000092.5(COL4A4):c.1781A>G (p.Glu594Gly),E594G,single nucleotide variant,missense variant,Benign/Likely benign,"criteria provided, multiple submitters, no conflicts",LB,2015-02-05,B,2026-02-04,12,12,True,toward_benign,2015.0,2026.0
1577180,COL4A4,NM_000092.5(COL4A4):c.1987+15dup,,Duplication,intron variant,Benign/Likely benign,"criteria provided, multiple submitters, no conflicts",LB,2022-03-23,B,2026-01-14,2,2,True,toward_benign,2022.0,2026.0
1169318,COL4A4,NM_000092.5(COL4A4):c.1987+16T>A,,single nucleotide variant,intron variant,Benign/Likely benign,"criteria provided, multiple submitters, no conflicts",LB,2022-01-07,B,2026-01-27,2,2,True,toward_benign,2022.0,2026.0
598621,COL4A4,NM_000092.5(COL4A4):c.2056+10A>G,,single nucleotide variant,intron variant,Benign/Likely benign,"criteria provided, multiple submitters, no conflicts",LB,2018-09-11,B,2026-01-14,4,4,True,toward_benign,2018.0,2026.0
727998,COL4A4,NM_000092.5(COL4A4):c.2546-6T>C,,single nucleotide variant,intron variant,Benign/Likely benign,"criteria provided, multiple submitters, no conflicts",LB,2021-11-24,B,2026-01-18,2,2,True,toward_benign,2021.0,2026.0
334715,COL4A4,NM_000092.5(COL4A4):c.2717-15C>A,,single nucleotide variant,intron variant,Benign/Likely benign,"criteria provided, multiple submitters, no conflicts",LB,2018-01-13,B,2020-05-10,2,2,True,toward_benign,2018.0,2020.0
1204697,COL4A4,NM_000092.5(COL4A4):c.2717-17T>C,,single nucleotide variant,intron variant,Benign/Likely benign,"criteria provided, multiple submitters, no conflicts",LB,2020-07-09,B,2026-01-20,3,3,True,toward_benign,2020.0,2026.0
334714,COL4A4,NM_000092.5(COL4A4):c.2791G>A (p.Ala931Thr),A931T,single nucleotide variant,missense variant,Benign/Likely benign,"criteria provided, multiple submitters, no conflicts",LB,2017-04-27,B,2026-01-31,5,5,True,toward_benign,2017.0,2026.0
334712,COL4A4,NM_000092.5(COL4A4):c.2877C>T (p.Pro959=),,single nucleotide variant,synonymous variant,Benign/Likely benign,"criteria provided, multiple submitters, no conflicts",LB,2018-01-13,B,2026-01-28,5,5,True,toward_benign,2018.0,2026.0
734987,COL4A4,NM_000092.5(COL4A4):c.3705A>G (p.Pro1235=),,single nucleotide variant,synonymous variant,Benign,"criteria provided, multiple submitters, no conflicts",LB,2020-05-02,B,2026-01-24,3,3,True,toward_benign,2020.0,2026.0
1219225,COL4A4,NM_000092.5(COL4A4):c.3818-15C>T,,single nucleotide variant,intron variant,Benign/Likely benign,"criteria provided, multiple submitters, no conflicts",LB,2020-09-13,B,2026-01-17,3,3,True,toward_benign,2020.0,2026.0
767863,COL4A4,NM_000092.5(COL4A4):c.3871C>G (p.Pro1291Ala),P1291A,single nucleotide variant,missense variant,Benign/Likely benign,"criteria provided, multiple submitters, no conflicts",LB,2018-01-12,B,2026-01-31,5,5,True,toward_benign,2018.0,2026.0
765804,COL4A4,NM_000092.5(COL4A4):c.3885T>C (p.Gly1295=),,single nucleotide variant,synonymous variant,Benign/Likely benign,"criteria provided, multiple submitters, no conflicts",LB,2020-03-21,B,2025-12-20,4,4,True,toward_benign,2020.0,2025.0
1164783,COL4A4,NM_000092.5(COL4A4):c.3974-12dup,,Duplication,intron variant,Benign/Likely benign,"criteria provided, multiple submitters, no conflicts",LB,2019-02-11,B,2026-01-29,3,3,True,toward_benign,2019.0,2026.0
334707,COL4A4,NM_000092.5(COL4A4):c.4082-8C>T,,single nucleotide variant,intron variant,Benign/Likely benign,"criteria provided, multiple submitters, no conflicts",LB,2018-01-12,B,2026-02-04,6,6,True,toward_benign,2018.0,2026.0
1189478,COL4A4,NM_000092.5(COL4A4):c.4091-305C>T,,single nucleotide variant,intron variant,Likely benign,"criteria provided, single submitter",LB,2019-01-13,B,2019-10-17,2,2,True,toward_benign,2019.0,2019.0
334706,COL4A4,NM_000092.5(COL4A4):c.4195A>T (p.Met1399Leu),M1399L,single nucleotide variant,missense variant,Benign/Likely benign,"criteria provided, multiple submitters, no conflicts",LB,2018-01-12,B,2026-01-26,5,5,True,toward_benign,2018.0,2026.0
585534,COL4A4,NM_000092.5(COL4A4):c.4731G>A (p.Ala1577=),,single nucleotide variant,synonymous variant,Benign/Likely benign,"criteria provided, multiple submitters, no conflicts",LB,2016-12-12,B,2026-01-21,6,6,True,toward_benign,2016.0,2026.0
334700,COL4A4,NM_000092.5(COL4A4):c.4857T>C (p.Pro1619=),,single nucleotide variant,synonymous variant,Benign/Likely benign,"criteria provided, multiple submitters, no conflicts",LB,2018-01-13,B,2026-01-28,5,5,True,toward_benign,2018.0,2026.0
421367,COL4A4,NM_000092.5(COL4A4):c.50A>G (p.Lys17Arg),K17R,single nucleotide variant,missense variant,Benign/Likely benign,"criteria provided, multiple submitters, no conflicts",LB,2016-03-21,B,2026-01-31,7,7,True,toward_benign,2016.0,2026.0
1169538,COL4A4,NM_000092.5(COL4A4):c.930+11T>C,,single nucleotide variant,intron variant,Benign/Likely benign,"criteria provided, multiple submitters, no conflicts",LB,2022-03-31,B,2024-01-31,2,2,True,toward_benign,2022.0,2024.0
1167780,COL4A5,NM_033380.3(COL4A5):c.1035A>C (p.Val345=),,single nucleotide variant,synonymous variant,Benign/Likely benign,"criteria provided, multiple submitters, no conflicts",LB,2024-03-01,B,2024-03-20,2,2,True,toward_benign,2024.0,2024.0
759403,COL4A5,NM_033380.3(COL4A5):c.1086GTTGCCTGG[1] (p.363LPG[1]),,Microsatellite,inframe_deletion,Benign/Likely benign,"criteria provided, multiple submitters, no conflicts",LB,2021-04-12,B,2026-01-12,3,3,True,toward_benign,2021.0,2026.0
720621,COL4A5,NM_033380.3(COL4A5):c.1187C>T (p.Pro396Leu),P396L,single nucleotide variant,missense variant,Benign/Likely benign,"criteria provided, multiple submitters, no conflicts",LB,2019-12-31,B,2026-01-28,5,5,True,toward_benign,2019.0,2026.0
712764,COL4A5,NM_033380.3(COL4A5):c.1275C>T (p.Asp425=),,single nucleotide variant,synonymous variant,Benign/Likely benign,"criteria provided, multiple submitters, no conflicts",LB,2019-03-06,B,2025-12-23,3,3,True,toward_benign,2019.0,2025.0
256277,COL4A5,NM_033380.3(COL4A5):c.1289C>A (p.Ala430Asp),A430D,single nucleotide variant,missense variant,Benign/Likely benign,"criteria provided, multiple submitters, no conflicts",LB,2016-03-21,B,2026-02-01,13,13,True,toward_benign,2016.0,2026.0
1165244,COL4A5,NM_033380.3(COL4A5):c.1296G>C (p.Gly432=),,single nucleotide variant,synonymous variant,Benign,"criteria provided, single submitter",LB,2020-03-13,B,2024-01-18,2,2,True,toward_benign,2020.0,2024.0
779560,COL4A5,NM_033380.3(COL4A5):c.1350A>G (p.Ile450Met),I450M,single nucleotide variant,missense variant,Benign,"criteria provided, single submitter",LB,2021-08-13,B,2025-12-31,3,3,True,toward_benign,2021.0,2025.0
1169536,COL4A5,NM_033380.3(COL4A5):c.1469C>T (p.Ser490Leu),S490L,single nucleotide variant,missense variant,Benign/Likely benign,"criteria provided, multiple submitters, no conflicts",LB,2022-02-24,B,2026-01-22,2,2,True,toward_benign,2022.0,2026.0
1169852,COL4A5,NM_033380.3(COL4A5):c.1497A>G (p.Pro499=),,single nucleotide variant,synonymous variant,Benign/Likely benign,"criteria provided, multiple submitters, no conflicts",LB,2021-09-06,B,2025-12-16,2,2,True,toward_benign,2021.0,2025.0
1168389,COL4A5,NM_033380.3(COL4A5):c.1584A>G (p.Leu528=),,single nucleotide variant,synonymous variant,Benign,"criteria provided, multiple submitters, no conflicts",LB,2020-02-06,B,2026-01-19,3,3,True,toward_benign,2020.0,2026.0
1164649,COL4A5,NM_033380.3(COL4A5):c.1586C>A (p.Pro529Gln),P529Q,single nucleotide variant,missense variant,Benign,"criteria provided, single submitter",LB,2021-07-05,B,2026-01-13,2,2,True,toward_benign,2021.0,2026.0
1165444,COL4A5,NM_033380.3(COL4A5):c.1810C>A (p.Pro604Thr),P604T,single nucleotide variant,missense variant,Benign,"criteria provided, single submitter",LB,2021-07-15,B,2024-07-30,2,2,True,toward_benign,2021.0,2024.0
1167803,COL4A5,NM_033380.3(COL4A5):c.1979C>T (p.Thr660Ile),T660I,single nucleotide variant,missense variant,Benign/Likely benign,"criteria provided, multiple submitters, no conflicts",LB,2021-09-28,B,2024-02-24,2,2,True,toward_benign,2021.0,2024.0
715195,COL4A5,NM_033380.3(COL4A5):c.2017A>G (p.Arg673Gly),R673G,single nucleotide variant,missense variant,Benign/Likely benign,"criteria provided, multiple submitters, no conflicts",LB,2020-02-12,B,2025-11-24,8,8,True,toward_benign,2020.0,2025.0
763958,COL4A5,NM_033380.3(COL4A5):c.213G>A (p.Pro71=),,single nucleotide variant,synonymous variant,Benign,"criteria provided, single submitter",LB,2020-09-21,B,2023-12-09,2,2,True,toward_benign,2020.0,2023.0
1581019,COL4A5,NM_033380.3(COL4A5):c.2147-12A>G,,single nucleotide variant,intron variant,Benign/Likely benign,"criteria provided, multiple submitters, no conflicts",LB,2022-02-03,B,2026-02-02,2,2,True,toward_benign,2022.0,2026.0
1170678,COL4A5,NM_033380.3(COL4A5):c.2244+9C>T,,single nucleotide variant,intron variant,Benign/Likely benign,"criteria provided, multiple submitters, no conflicts",LB,2020-05-26,B,2026-01-24,3,3,True,toward_benign,2020.0,2026.0
1170880,COL4A5,NM_033380.3(COL4A5):c.232-17A>C,,single nucleotide variant,intron variant,Benign/Likely benign,"criteria provided, multiple submitters, no conflicts",LB,2018-07-05,B,2026-02-02,3,3,True,toward_benign,2018.0,2026.0
770022,COL4A5,NM_033380.3(COL4A5):c.2363G>A (p.Arg788His),R788H,single nucleotide variant,missense variant,Benign/Likely benign,"criteria provided, multiple submitters, no conflicts",LB,2024-09-26,B,2024-10-16,2,2,True,toward_benign,2024.0,2024.0
1169671,COL4A5,NM_033380.3(COL4A5):c.2400T>C (p.Asp800=),,single nucleotide variant,synonymous variant,Benign/Likely benign,"criteria provided, multiple submitters, no conflicts",LB,2020-03-20,B,2026-01-16,4,4,True,toward_benign,2020.0,2026.0
1167644,COL4A5,NM_033380.3(COL4A5):c.2466A>G (p.Gly822=),,single nucleotide variant,synonymous variant,Benign/Likely benign,"criteria provided, multiple submitters, no conflicts",LB,2021-08-30,B,2024-04-14,3,3,True,toward_benign,2021.0,2024.0
748685,COL4A5,NM_033380.3(COL4A5):c.2571A>G (p.Gly857=),,single nucleotide variant,synonymous variant,Benign/Likely benign,"criteria provided, multiple submitters, no conflicts",LB,2020-03-18,B,2025-12-30,4,4,True,toward_benign,2020.0,2025.0
1185168,COL4A5,NM_033380.3(COL4A5):c.276+69T>C,,single nucleotide variant,intron variant,Benign/Likely benign,"criteria provided, multiple submitters, no conflicts",LB,2018-07-14,B,2021-07-10,3,3,True,toward_benign,2018.0,2021.0
765896,COL4A5,NM_033380.3(COL4A5):c.2797C>T (p.Leu933Phe),L933F,single nucleotide variant,missense variant,Benign/Likely benign,"criteria provided, multiple submitters, no conflicts",LB,2021-11-05,B,2025-03-31,2,2,True,toward_benign,2021.0,2025.0
1540168,COL4A5,NM_033380.3(COL4A5):c.2917+18T>C,,single nucleotide variant,intron variant,Benign/Likely benign,"criteria provided, multiple submitters, no conflicts",LB,2021-10-02,B,2025-12-24,2,2,True,toward_benign,2021.0,2025.0
739740,COL4A5,NM_033380.3(COL4A5):c.2979T>G (p.Pro993=),,single nucleotide variant,synonymous variant,Benign/Likely benign,"criteria provided, multiple submitters, no conflicts",LB,2017-08-23,B,2026-01-16,6,6,True,toward_benign,2017.0,2026.0
256278,COL4A5,NM_033380.3(COL4A5):c.3107-11A>T,,single nucleotide variant,intron variant,Benign/Likely benign,"criteria provided, multiple submitters, no conflicts",LB,2021-04-26,B,2026-01-17,3,3,True,toward_benign,2021.0,2026.0
446016,COL4A5,NM_033380.3(COL4A5):c.3148C>T (p.Pro1050Ser),P1050S,single nucleotide variant,missense variant,Benign/Likely benign,"criteria provided, multiple submitters, no conflicts",LB,2017-04-10,B,2026-01-14,8,8,True,toward_benign,2017.0,2026.0
2915053,COL4A5,NM_033380.3(COL4A5):c.322-18T>C,,single nucleotide variant,intron variant,Benign/Likely benign,"criteria provided, multiple submitters, no conflicts",LB,2025-06-09,B,2026-01-26,2,2,True,toward_benign,2025.0,2026.0
707214,COL4A5,NM_033380.3(COL4A5):c.3247-10G>A,,single nucleotide variant,intron variant,Benign/Likely benign,"criteria provided, multiple submitters, no conflicts",LB,2020-08-31,B,2025-11-25,4,4,True,toward_benign,2020.0,2025.0
1169491,COL4A5,NM_033380.3(COL4A5):c.3268T>C (p.Tyr1090His),Y1090H,single nucleotide variant,missense variant,Benign/Likely benign,"criteria provided, multiple submitters, no conflicts",LB,2024-02-21,B,2025-06-12,2,2,True,toward_benign,2024.0,2025.0
1166487,COL4A5,NM_033380.3(COL4A5):c.3312T>C (p.Gly1104=),,single nucleotide variant,synonymous variant,Benign/Likely benign,"criteria provided, multiple submitters, no conflicts",LB,2021-10-07,B,2025-12-28,2,2,True,toward_benign,2021.0,2025.0
752537,COL4A5,NM_033380.3(COL4A5):c.3357C>A (p.Gly1119=),,single nucleotide variant,synonymous variant,Benign/Likely benign,"criteria provided, multiple submitters, no conflicts",LB,2020-11-30,B,2023-12-08,3,3,True,toward_benign,2020.0,2023.0
1169172,COL4A5,NM_033380.3(COL4A5):c.3468T>C (p.His1156=),,single nucleotide variant,synonymous variant,Benign,"criteria provided, single submitter",LB,2020-03-10,B,2025-12-07,2,2,True,toward_benign,2020.0,2025.0
2728756,COL4A5,NM_033380.3(COL4A5):c.3604+19T>A,,single nucleotide variant,intron variant,Benign/Likely benign,"criteria provided, multiple submitters, no conflicts",LB,2024-01-22,B,2025-10-06,2,2,True,toward_benign,2024.0,2025.0
772028,COL4A5,NM_033380.3(COL4A5):c.3771A>G (p.Gln1257=),,single nucleotide variant,synonymous variant,Benign/Likely benign,"criteria provided, multiple submitters, no conflicts",LB,2020-12-15,B,2026-01-16,4,4,True,toward_benign,2020.0,2026.0
1168259,COL4A5,NM_033380.3(COL4A5):c.3829C>A (p.Pro1277Thr),"P1271T, P1277T",single nucleotide variant,missense variant,Benign,"criteria provided, single submitter",LB,2021-07-23,B,2025-10-13,2,2,True,toward_benign,2021.0,2025.0
1164320,COL4A5,NM_033380.3(COL4A5):c.3943-17T>G,,single nucleotide variant,intron variant,Benign,"criteria provided, multiple submitters, no conflicts",LB,2023-04-05,B,2025-06-12,3,3,True,toward_benign,2023.0,2025.0
1621537,COL4A5,NM_033380.3(COL4A5):c.3957G>T (p.Arg1319=),,single nucleotide variant,synonymous variant,Benign/Likely benign,"criteria provided, multiple submitters, no conflicts",LB,2023-09-01,B,2025-07-27,2,2,True,toward_benign,2023.0,2025.0
767422,COL4A5,NM_033380.3(COL4A5):c.3960G>A (p.Pro1320=),,single nucleotide variant,synonymous variant,Benign/Likely benign,"criteria provided, multiple submitters, no conflicts",LB,2021-06-19,B,2025-12-01,3,3,True,toward_benign,2021.0,2025.0
772029,COL4A5,NM_033380.3(COL4A5):c.4015+5T>C,,single nucleotide variant,intron variant,Benign/Likely benign,"criteria provided, multiple submitters, no conflicts",LB,2020-06-23,B,2026-01-16,5,5,True,toward_benign,2020.0,2026.0
1601097,COL4A5,NM_033380.3(COL4A5):c.4016-16T>G,,single nucleotide variant,intron variant,Benign/Likely benign,"criteria provided, multiple submitters, no conflicts",LB,2022-02-15,B,2025-12-02,2,2,True,toward_benign,2022.0,2025.0
666682,COL4A5,NM_033380.3(COL4A5):c.406A>G (p.Ser136Gly),S136G,single nucleotide variant,missense variant,Benign/Likely benign,"criteria provided, multiple submitters, no conflicts",LB,2017-08-23,B,2026-01-04,7,7,True,toward_benign,2017.0,2026.0
587188,COL4A5,NM_033380.3(COL4A5):c.4072C>A (p.Leu1358Ile),"L1352I, L1358I",single nucleotide variant,missense variant,Benign/Likely benign,"criteria provided, multiple submitters, no conflicts",LB,2020-07-06,B,2025-05-17,3,3,True,toward_benign,2020.0,2025.0
731394,COL4A5,NM_033380.3(COL4A5):c.4209C>T (p.Gly1403=),,single nucleotide variant,synonymous variant,Benign/Likely benign,"criteria provided, multiple submitters, no conflicts",LB,2019-05-20,B,2026-01-24,4,4,True,toward_benign,2019.0,2026.0
1168630,COL4A5,NM_033380.3(COL4A5):c.4216+10C>T,,single nucleotide variant,intron variant,Benign,"criteria provided, single submitter",LB,2019-04-30,B,2025-12-21,2,2,True,toward_benign,2019.0,2025.0
1167711,COL4A5,NM_033380.3(COL4A5):c.4217-6C>T,,single nucleotide variant,intron variant,Benign,"criteria provided, single submitter",LB,2020-03-09,B,2024-01-26,2,2,True,toward_benign,2020.0,2024.0
1167717,COL4A5,NM_033380.3(COL4A5):c.4247G>A (p.Arg1416His),"R1410H, R1416H",single nucleotide variant,missense variant,Benign/Likely benign,"criteria provided, multiple submitters, no conflicts",LB,2022-05-15,B,2024-03-14,2,2,True,toward_benign,2022.0,2024.0
774123,COL4A5,NM_033380.3(COL4A5):c.4309C>G (p.Gln1437Glu),"Q1437E, Q1431E",single nucleotide variant,missense variant,Benign/Likely benign,"criteria provided, multiple submitters, no conflicts",LB,2020-02-18,B,2026-02-02,7,7,True,toward_benign,2020.0,2026.0
766689,COL4A5,NM_033380.3(COL4A5):c.4315+9A>T,,single nucleotide variant,intron variant,Benign/Likely benign,"criteria provided, multiple submitters, no conflicts",LB,2021-01-11,B,2025-12-11,3,3,True,toward_benign,2021.0,2025.0
766805,COL4A5,NM_033380.3(COL4A5):c.4353A>T (p.Gly1451=),,single nucleotide variant,synonymous variant,Benign/Likely benign,"criteria provided, multiple submitters, no conflicts",LB,2017-08-23,B,2026-01-28,5,5,True,toward_benign,2017.0,2026.0
2691534,COL4A5,NM_033380.3(COL4A5):c.465+12A>T,,single nucleotide variant,intron variant,Benign/Likely benign,"criteria provided, multiple submitters, no conflicts",LB,2023-12-08,B,2026-01-26,2,2,True,toward_benign,2023.0,2026.0
266003,COL4A5,NM_033380.3(COL4A5):c.488T>C (p.Met163Thr),M163T,single nucleotide variant,missense variant,Benign/Likely benign,"criteria provided, multiple submitters, no conflicts",LB,2017-03-13,B,2026-01-26,6,6,True,toward_benign,2017.0,2026.0
733788,COL4A5,NM_033380.3(COL4A5):c.5012C>T (p.Thr1671Met),"T1671M, T1665M",single nucleotide variant,missense variant,Benign/Likely benign,"criteria provided, multiple submitters, no conflicts",LB,2020-01-22,B,2025-12-23,3,3,True,toward_benign,2020.0,2025.0
2712610,COL4A5,NM_033380.3(COL4A5):c.546+15A>T,,single nucleotide variant,intron variant,Benign/Likely benign,"criteria provided, multiple submitters, no conflicts",LB,2024-10-14,B,2025-06-12,2,2,True,toward_benign,2024.0,2025.0
772107,COL4A5,NM_033380.3(COL4A5):c.580A>G (p.Ile194Val),I194V,single nucleotide variant,missense variant,Benign,"criteria provided, single submitter",LB,2020-02-11,B,2025-11-15,3,3,True,toward_benign,2020.0,2025.0
790243,COL4A5,NM_033380.3(COL4A5):c.646-6C>T,,single nucleotide variant,intron variant,Benign/Likely benign,"criteria provided, multiple submitters, no conflicts",LB,2019-07-24,B,2025-09-30,5,5,True,toward_benign,2019.0,2025.0
753169,COL4A5,NM_033380.3(COL4A5):c.779A>G (p.Gln260Arg),Q260R,single nucleotide variant,missense variant,Benign,"criteria provided, multiple submitters, no conflicts",LB,2020-03-25,B,2023-09-25,3,3,True,toward_benign,2020.0,2023.0
1211819,COL4A5,NM_033380.3(COL4A5):c.81+75del,,Deletion,intron variant,Benign/Likely benign,"criteria provided, multiple submitters, no conflicts",LB,2018-10-19,B,2025-02-16,2,2,True,toward_benign,2018.0,2025.0
783250,COL4A5,NM_033380.3(COL4A5):c.834+8C>A,,single nucleotide variant,intron variant,Benign,"criteria provided, single submitter",LB,2020-02-16,B,2026-01-09,2,2,True,toward_benign,2020.0,2026.0
1167611,COL4A5,NM_033380.3(COL4A5):c.861G>A (p.Glu287=),,single nucleotide variant,synonymous variant,Benign,"criteria provided, single submitter",LB,2020-04-11,B,2025-10-22,3,3,True,toward_benign,2020.0,2025.0
1661515,COL4A5,NM_033380.3(COL4A5):c.892-16del,,Deletion,intron variant,Benign/Likely benign,"criteria provided, multiple submitters, no conflicts",LB,2021-07-22,B,2026-01-09,2,2,True,toward_benign,2021.0,2026.0
1316585,COL4A6,NM_033641.4(COL4A6):c.1533A>G (p.Lys511=),,single nucleotide variant,synonymous variant,Benign/Likely benign,"criteria provided, multiple submitters, no conflicts",LB,2021-06-16,B,2025-10-14,3,3,True,toward_benign,2021.0,2025.0
779722,COL4A6,NM_033641.4(COL4A6):c.1654A>T (p.Ile552Phe),"I552F, I553F",single nucleotide variant,missense variant,Benign/Likely benign,"criteria provided, multiple submitters, no conflicts",LB,2021-09-18,B,2025-08-11,2,2,True,toward_benign,2021.0,2025.0
1237218,COL4A6,NM_033641.4(COL4A6):c.2409G>A (p.Gly803=),,single nucleotide variant,synonymous variant,Benign,"criteria provided, multiple submitters, no conflicts",LB,2020-11-24,B,2025-06-30,5,5,True,toward_benign,2020.0,2025.0
1595860,COL4A6,NM_033641.4(COL4A6):c.2643C>A (p.Gly881=),,single nucleotide variant,synonymous variant,Benign/Likely benign,"criteria provided, multiple submitters, no conflicts",LB,2023-08-01,B,2025-11-02,2,2,True,toward_benign,2023.0,2025.0
1328649,COL4A6,NM_033641.4(COL4A6):c.3138+17C>T,,single nucleotide variant,intron variant,Benign/Likely benign,"criteria provided, multiple submitters, no conflicts",LB,2020-12-26,B,2025-06-12,3,3,True,toward_benign,2020.0,2025.0
594995,COL4A6,NM_033641.4(COL4A6):c.3537G>A (p.Pro1179=),,single nucleotide variant,synonymous variant|intron variant,Benign/Likely benign,"criteria provided, multiple submitters, no conflicts",LB,2017-11-28,B,2025-12-15,4,4,True,toward_benign,2017.0,2025.0
1318400,COL4A6,NM_033641.4(COL4A6):c.4070-17C>T,,single nucleotide variant,intron variant,Benign/Likely benign,"criteria provided, multiple submitters, no conflicts",LB,2018-07-06,B,2026-01-28,4,4,True,toward_benign,2018.0,2026.0
2138842,COL4A6,NM_033641.4(COL4A6):c.4239C>T (p.Ile1413=),,single nucleotide variant,synonymous variant,Benign,"criteria provided, single submitter",LB,2019-04-03,B,2025-11-13,2,2,True,toward_benign,2019.0,2025.0
1600862,FN1,NM_212482.4(FN1):c.1002G>A (p.Thr334=),,single nucleotide variant,synonymous variant,Benign/Likely benign,"criteria provided, multiple submitters, no conflicts",LB,2019-09-19,B,2025-12-24,4,4,True,toward_benign,2019.0,2025.0
745070,FN1,NM_212482.4(FN1):c.1143C>T (p.Asp381=),,single nucleotide variant,synonymous variant,Benign/Likely benign,"criteria provided, multiple submitters, no conflicts",LB,2022-04-15,B,2025-09-21,2,2,True,toward_benign,2022.0,2025.0
793483,FN1,NM_212482.4(FN1):c.117C>G (p.Pro39=),,single nucleotide variant,synonymous variant,Benign/Likely benign,"criteria provided, multiple submitters, no conflicts",LB,2021-12-10,B,2025-07-27,3,3,True,toward_benign,2021.0,2025.0
728853,FN1,NM_212482.4(FN1):c.121T>G (p.Ser41Ala),S41A,single nucleotide variant,missense variant,Benign/Likely benign,"criteria provided, multiple submitters, no conflicts",LB,2023-07-10,B,2026-01-22,3,3,True,toward_benign,2023.0,2026.0
767854,FN1,NM_212482.4(FN1):c.1425G>C (p.Gly475=),,single nucleotide variant,synonymous variant,Benign/Likely benign,"criteria provided, multiple submitters, no conflicts",LB,2021-02-06,B,2026-01-18,4,4,True,toward_benign,2021.0,2026.0
1917878,FN1,NM_212482.4(FN1):c.1448A>G (p.Gln483Arg),Q483R,single nucleotide variant,missense variant,Benign/Likely benign,"criteria provided, multiple submitters, no conflicts",LB,2022-10-23,B,2024-08-30,3,3,True,toward_benign,2022.0,2024.0
1632862,FN1,NM_212482.4(FN1):c.148+16G>A,,single nucleotide variant,intron variant,Benign/Likely benign,"criteria provided, multiple submitters, no conflicts",LB,2021-11-02,B,2025-09-30,2,2,True,toward_benign,2021.0,2025.0
767853,FN1,NM_212482.4(FN1):c.1530C>T (p.Ala510=),,single nucleotide variant,synonymous variant,Benign/Likely benign,"criteria provided, multiple submitters, no conflicts",LB,2021-02-06,B,2026-01-18,3,3,True,toward_benign,2021.0,2026.0
717899,FN1,NM_212482.4(FN1):c.1547-6A>G,,single nucleotide variant,intron variant,Benign/Likely benign,"criteria provided, multiple submitters, no conflicts",LB,2021-07-22,B,2025-12-28,2,2,True,toward_benign,2021.0,2025.0
752916,FN1,NM_212482.4(FN1):c.1626C>T (p.Asn542=),,single nucleotide variant,synonymous variant,Benign/Likely benign,"criteria provided, multiple submitters, no conflicts",LB,2021-07-28,B,2026-02-01,4,4,True,toward_benign,2021.0,2026.0
1634653,FN1,NM_212482.4(FN1):c.1676-9G>A,,single nucleotide variant,intron variant,Benign/Likely benign,"criteria provided, multiple submitters, no conflicts",LB,2021-07-24,B,2025-12-25,2,2,True,toward_benign,2021.0,2025.0
1643496,FN1,NM_212482.4(FN1):c.1782T>C (p.Ile594=),,single nucleotide variant,synonymous variant,Benign,"criteria provided, single submitter",LB,2019-05-01,B,2025-11-19,2,2,True,toward_benign,2019.0,2025.0
1647003,FN1,NM_212482.4(FN1):c.1942-38GT[14],,Microsatellite,intron variant,Benign/Likely benign,"criteria provided, multiple submitters, no conflicts",LB,2022-04-26,B,2022-04-26,2,2,True,toward_benign,2022.0,2022.0
1182364,FN1,NM_212482.4(FN1):c.1942-38GT[9],,Microsatellite,intron variant,Benign/Likely benign,"criteria provided, multiple submitters, no conflicts",LB,2019-11-29,B,2026-01-19,2,2,True,toward_benign,2019.0,2026.0
767855,FN1,NM_212482.4(FN1):c.199C>A (p.Arg67=),,single nucleotide variant,synonymous variant,Benign/Likely benign,"criteria provided, multiple submitters, no conflicts",LB,2021-04-26,B,2025-12-23,4,4,True,toward_benign,2021.0,2025.0
735841,FN1,NM_212482.4(FN1):c.2130C>T (p.Thr710=),,single nucleotide variant,synonymous variant,Benign/Likely benign,"criteria provided, multiple submitters, no conflicts",LB,2021-08-09,B,2026-01-30,4,4,True,toward_benign,2021.0,2026.0
750263,FN1,NM_212482.4(FN1):c.2144C>T (p.Thr715Met),T715M,single nucleotide variant,missense variant,Benign,"criteria provided, single submitter",LB,2020-07-15,B,2026-01-12,2,2,True,toward_benign,2020.0,2026.0
3052927,FN1,NM_212482.4(FN1):c.2451G>A (p.Thr817=),,single nucleotide variant,synonymous variant,Benign,"criteria provided, single submitter",LB,2019-08-26,B,2025-08-05,2,2,True,toward_benign,2019.0,2025.0
789975,FN1,NM_212482.4(FN1):c.2592C>T (p.Ser864=),,single nucleotide variant,synonymous variant,Benign/Likely benign,"criteria provided, multiple submitters, no conflicts",LB,2021-08-14,B,2026-02-01,4,4,True,toward_benign,2021.0,2026.0
1165709,FN1,NM_212482.4(FN1):c.2714-11_2714-10del,,Deletion,intron variant,Benign/Likely benign,"criteria provided, multiple submitters, no conflicts",LB,2020-12-23,B,2026-01-12,4,4,True,toward_benign,2020.0,2026.0
729122,FN1,NM_212482.4(FN1):c.2829C>T (p.Pro943=),,single nucleotide variant,synonymous variant,Benign/Likely benign,"criteria provided, multiple submitters, no conflicts",LB,2021-09-29,B,2025-10-11,2,2,True,toward_benign,2021.0,2025.0
787007,FN1,NM_212482.4(FN1):c.3189C>T (p.Thr1063=),,single nucleotide variant,synonymous variant,Benign/Likely benign,"criteria provided, multiple submitters, no conflicts",LB,2021-07-15,B,2026-01-26,3,3,True,toward_benign,2021.0,2026.0
767852,FN1,NM_212482.4(FN1):c.3837C>T (p.Thr1279=),,single nucleotide variant,synonymous variant|intron variant,Benign/Likely benign,"criteria provided, multiple submitters, no conflicts",LB,2021-04-26,B,2026-01-14,4,4,True,toward_benign,2021.0,2026.0
789977,FN1,NM_212482.4(FN1):c.40G>C (p.Val14Leu),V14L,single nucleotide variant,missense variant,Benign/Likely benign,"criteria provided, multiple submitters, no conflicts",LB,2021-02-01,B,2026-01-25,3,3,True,toward_benign,2021.0,2026.0
767851,FN1,NM_212482.4(FN1):c.4146A>G (p.Pro1382=),,single nucleotide variant,synonymous variant,Benign/Likely benign,"criteria provided, multiple submitters, no conflicts",LB,2021-05-03,B,2025-12-10,4,4,True,toward_benign,2021.0,2025.0
1671351,FN1,NM_212482.4(FN1):c.416-17C>T,,single nucleotide variant,intron variant,Benign/Likely benign,"criteria provided, multiple submitters, no conflicts",LB,2021-10-04,B,2026-01-14,3,3,True,toward_benign,2021.0,2026.0
770511,FN1,NM_212482.4(FN1):c.4219A>G (p.Ile1407Val),"I1316V, I1407V",single nucleotide variant,missense variant,Benign/Likely benign,"criteria provided, multiple submitters, no conflicts",LB,2020-06-18,B,2026-02-03,4,4,True,toward_benign,2020.0,2026.0
1541556,FN1,NM_212482.4(FN1):c.4257C>T (p.Leu1419=),,single nucleotide variant,synonymous variant,Benign/Likely benign,"criteria provided, multiple submitters, no conflicts",LB,2019-06-11,B,2025-12-19,3,3,True,toward_benign,2019.0,2025.0
1646003,FN1,NM_212482.4(FN1):c.5164+14G>T,,single nucleotide variant,intron variant,Benign/Likely benign,"criteria provided, multiple submitters, no conflicts",LB,2021-11-24,B,2026-01-25,2,2,True,toward_benign,2021.0,2026.0
1170245,FN1,NM_212482.4(FN1):c.547+10T>C,,single nucleotide variant,intron variant,Benign/Likely benign,"criteria provided, multiple submitters, no conflicts",LB,2021-02-25,B,2026-01-26,2,2,True,toward_benign,2021.0,2026.0
1200982,FN1,NM_212482.4(FN1):c.547+19T>C,,single nucleotide variant,intron variant,Benign/Likely benign,"criteria provided, multiple submitters, no conflicts",LB,2020-01-16,B,2026-01-25,4,4,True,toward_benign,2020.0,2026.0
718272,FN1,NM_212482.4(FN1):c.54G>C (p.Gly18=),,single nucleotide variant,synonymous variant,Benign/Likely benign,"criteria provided, multiple submitters, no conflicts",LB,2024-04-01,B,2025-12-31,3,3,True,toward_benign,2024.0,2025.0
725308,FN1,NM_212482.4(FN1):c.5532A>C (p.Arg1844=),,single nucleotide variant,synonymous variant,Benign/Likely benign,"criteria provided, multiple submitters, no conflicts",LB,2019-05-02,B,2026-01-06,3,3,True,toward_benign,2019.0,2026.0
1598621,FN1,NM_212482.4(FN1):c.5623-13C>G,,single nucleotide variant,intron variant,Benign/Likely benign,"criteria provided, multiple submitters, no conflicts",LB,2021-11-24,B,2026-01-25,3,3,True,toward_benign,2021.0,2026.0
585091,FN1,NM_212482.4(FN1):c.5651A>G (p.Tyr1884Cys),"Y1884C, Y1703C, Y1793C, Y1794C",single nucleotide variant,missense variant,Benign/Likely benign,"criteria provided, multiple submitters, no conflicts",LB,2025-03-01,B,2026-01-25,3,3,True,toward_benign,2025.0,2026.0
714165,FN1,NM_212482.4(FN1):c.56C>T (p.Thr19Ile),T19I,single nucleotide variant,missense variant,Benign/Likely benign,"criteria provided, multiple submitters, no conflicts",LB,2019-12-29,B,2026-01-28,3,3,True,toward_benign,2019.0,2026.0
1166950,FN1,NM_212482.4(FN1):c.5964C>T (p.Ile1988=),,single nucleotide variant,synonymous variant,Benign/Likely benign,"criteria provided, multiple submitters, no conflicts",LB,2021-11-17,B,2026-01-24,2,2,True,toward_benign,2021.0,2026.0
1600682,FN1,NM_212482.4(FN1):c.6336T>C (p.Pro2112=),,single nucleotide variant,synonymous variant|intron variant,Benign/Likely benign,"criteria provided, multiple submitters, no conflicts",LB,2021-08-30,B,2025-10-03,2,2,True,toward_benign,2021.0,2025.0
1168742,FN1,NM_212482.4(FN1):c.6634A>G (p.Ile2212Val),"I1911V, I1975V, I2000V, I2001V, I2002V, I2006V, I2031V, I2065V, I2066V, I2090V, I2091V, I2096V, I2097V, I2121V, I2122V, I2181V, I2212V",single nucleotide variant,missense variant,Benign/Likely benign,"criteria provided, multiple submitters, no conflicts",LB,2022-03-11,B,2026-02-04,5,5,True,toward_benign,2022.0,2026.0
1211335,FN1,NM_212482.4(FN1):c.7362+62C>G,,single nucleotide variant,intron variant,Benign/Likely benign,"criteria provided, multiple submitters, no conflicts",LB,2019-12-29,B,2022-09-01,3,3,True,toward_benign,2019.0,2022.0
1587702,FN1,NM_212482.4(FN1):c.7363-20del,,Deletion,intron variant,Benign/Likely benign,"criteria provided, multiple submitters, no conflicts",LB,2021-11-30,B,2024-12-16,2,2,True,toward_benign,2021.0,2024.0
1164619,FN1,NM_212482.4(FN1):c.807G>A (p.Lys269=),,single nucleotide variant,synonymous variant,Benign,"criteria provided, single submitter",LB,2019-06-12,B,2026-01-26,2,2,True,toward_benign,2019.0,2026.0
2106725,COL4A3,NM_000091.5(COL4A3):c.1059G>A (p.Lys353=),,single nucleotide variant,synonymous variant,Likely benign,"criteria provided, single submitter",LB,2022-03-04,VUS,2025-04-02,2,2,True,toward_pathogenic,2022.0,2025.0
3030168,COL4A3,NM_000091.5(COL4A3):c.1504+4C>A,,single nucleotide variant,intron variant,Uncertain significance,"criteria provided, single submitter",LB,2020-12-09,VUS,2025-07-03,2,2,True,toward_pathogenic,2020.0,2025.0
3030686,COL4A3,NM_000091.5(COL4A3):c.1504+6A>T,,single nucleotide variant,intron variant,Uncertain significance,"criteria provided, single submitter",LB,2020-12-09,VUS,2025-07-03,2,2,True,toward_pathogenic,2020.0,2025.0
2987090,COL4A3,NM_000091.5(COL4A3):c.2073T>C (p.Asp691=),,single nucleotide variant,synonymous variant,Likely benign,"criteria provided, single submitter",LB,2023-08-14,VUS,2025-03-17,2,2,True,toward_pathogenic,2023.0,2025.0
1646508,COL4A3,NM_000091.5(COL4A3):c.2374+9G>C,,single nucleotide variant,intron variant,Likely benign,"criteria provided, single submitter",LB,2020-10-30,VUS,2025-03-10,2,2,True,toward_pathogenic,2020.0,2025.0
1565277,COL4A3,NM_000091.5(COL4A3):c.3211-9A>G,,single nucleotide variant,intron variant,Likely benign,"criteria provided, single submitter",LB,2021-06-11,VUS,2025-04-10,2,2,True,toward_pathogenic,2021.0,2025.0
2872098,COL4A3,NM_000091.5(COL4A3):c.3318T>C (p.Pro1106=),,single nucleotide variant,synonymous variant,Likely benign,"criteria provided, single submitter",LB,2024-01-16,VUS,2025-05-22,2,2,True,toward_pathogenic,2024.0,2025.0
2970125,COL4A3,NM_000091.5(COL4A3):c.3327T>C (p.Pro1109=),,single nucleotide variant,synonymous variant,Likely benign,"criteria provided, single submitter",LB,2023-05-14,VUS,2025-04-30,2,2,True,toward_pathogenic,2023.0,2025.0
2122281,COL4A3,NM_000091.5(COL4A3):c.3345A>G (p.Pro1115=),,single nucleotide variant,synonymous variant,Likely benign,"criteria provided, single submitter",LB,2024-09-24,VUS,2025-02-03,2,2,True,toward_pathogenic,2024.0,2025.0
829854,COL4A3,NM_000091.5(COL4A3):c.3755C>T (p.Ala1252Val),A1252V,single nucleotide variant,missense variant,Uncertain significance,"criteria provided, multiple submitters, no conflicts",LB,2019-06-03,VUS,2024-04-18,7,7,True,toward_pathogenic,2019.0,2024.0
2855475,COL4A3,NM_000091.5(COL4A3):c.4641-8T>C,,single nucleotide variant,intron variant,Likely benign,"criteria provided, single submitter",LB,2023-04-12,VUS,2025-01-22,2,2,True,toward_pathogenic,2023.0,2025.0
1118643,COL4A3,NM_000091.5(COL4A3):c.756T>C (p.Asp252=),,single nucleotide variant,synonymous variant,Likely benign,"criteria provided, single submitter",LB,2023-12-17,VUS,2025-02-02,2,2,True,toward_pathogenic,2023.0,2025.0
3061021,COL4A3,NM_000091.5(COL4A3):c.766-3dup,,Duplication,intron variant,Uncertain significance,"criteria provided, single submitter",LB,2021-09-15,VUS,2025-04-04,2,2,True,toward_pathogenic,2021.0,2025.0
2813345,COL4A4,NM_000092.5(COL4A4):c.2023A>G (p.Arg675Gly),R675G,single nucleotide variant,missense variant,Likely benign,"criteria provided, single submitter",LB,2023-02-10,VUS,2023-12-04,2,2,True,toward_pathogenic,2023.0,2023.0
726486,COL4A4,NM_000092.5(COL4A4):c.2164+8A>T,,single nucleotide variant,intron variant,Likely benign,"criteria provided, single submitter",LB,2019-08-30,VUS,2020-01-17,3,3,True,toward_pathogenic,2019.0,2020.0
1589386,COL4A4,NM_000092.5(COL4A4):c.3505+8A>G,,single nucleotide variant,intron variant,Likely benign,"criteria provided, single submitter",LB,2024-02-23,VUS,2025-05-30,2,2,True,toward_pathogenic,2024.0,2025.0
2086702,COL4A4,NM_000092.5(COL4A4):c.4334-9T>A,,single nucleotide variant,intron variant,Likely benign,"criteria provided, single submitter",LB,2023-09-08,VUS,2025-04-29,2,2,True,toward_pathogenic,2023.0,2025.0
3709687,COL4A4,NM_000092.5(COL4A4):c.4443C>A (p.Pro1481=),,single nucleotide variant,synonymous variant,Likely benign,"criteria provided, single submitter",LB,2024-03-01,VUS,2025-03-16,2,2,True,toward_pathogenic,2024.0,2025.0
2858480,COL4A4,NM_000092.5(COL4A4):c.4869G>C (p.Leu1623=),,single nucleotide variant,synonymous variant,Likely benign,"criteria provided, single submitter",LB,2023-04-22,VUS,2025-03-23,2,2,True,toward_pathogenic,2023.0,2025.0
1992570,COL4A4,NM_000092.5(COL4A4):c.600T>C (p.Ser200=),,single nucleotide variant,synonymous variant,Likely benign,"criteria provided, single submitter",LB,2022-09-28,VUS,2025-03-31,2,2,True,toward_pathogenic,2022.0,2025.0
2821747,COL4A5,NM_033380.3(COL4A5):c.1516+8A>T,,single nucleotide variant,intron variant,Likely benign,"criteria provided, single submitter",LB,2023-09-18,VUS,2025-03-27,2,2,True,toward_pathogenic,2023.0,2025.0
2701033,COL4A5,NM_033380.3(COL4A5):c.2244+10A>T,,single nucleotide variant,intron variant,Likely benign,"criteria provided, single submitter",LB,2023-12-05,VUS,2025-03-24,2,2,True,toward_pathogenic,2023.0,2025.0
1132352,COL4A5,NM_033380.3(COL4A5):c.2403T>A (p.Val801=),,single nucleotide variant,synonymous variant,Likely benign,"criteria provided, single submitter",LB,2020-06-04,VUS,2025-05-08,2,2,True,toward_pathogenic,2020.0,2025.0
1896974,COL4A5,NM_033380.3(COL4A5):c.2640A>C (p.Pro880=),,single nucleotide variant,synonymous variant,Likely benign,"criteria provided, single submitter",LB,2023-11-01,VUS,2025-04-09,2,2,True,toward_pathogenic,2023.0,2025.0
2839164,COL4A5,NM_033380.3(COL4A5):c.276+8G>C,,single nucleotide variant,intron variant,Likely benign,"criteria provided, single submitter",LB,2023-02-20,VUS,2025-04-22,2,2,True,toward_pathogenic,2023.0,2025.0
1537895,COL4A5,NM_033380.3(COL4A5):c.276+9T>G,,single nucleotide variant,intron variant,Likely benign,"criteria provided, single submitter",LB,2021-02-28,VUS,2025-02-23,2,2,True,toward_pathogenic,2021.0,2025.0
1104489,COL4A5,NM_033380.3(COL4A5):c.3280C>A (p.Pro1094Thr),P1094T,single nucleotide variant,missense variant,Likely benign,"criteria provided, single submitter",LB,2023-08-21,VUS,2025-05-22,2,2,True,toward_pathogenic,2023.0,2025.0
2984135,COL4A5,NM_033380.3(COL4A5):c.4593T>C (p.Asn1531=),,single nucleotide variant,synonymous variant,Likely benign,"criteria provided, single submitter",LB,2023-08-14,VUS,2025-03-17,2,2,True,toward_pathogenic,2023.0,2025.0
1351079,COL4A6,NM_033641.4(COL4A6):c.1648A>G (p.Ser550Gly),"S550G, S551G",single nucleotide variant,missense variant,Uncertain significance,"criteria provided, multiple submitters, no conflicts",LB,2022-02-14,VUS,2025-10-23,4,4,True,toward_pathogenic,2022.0,2025.0
2879554,COL4A6,NM_033641.4(COL4A6):c.2023+4T>C,,single nucleotide variant,intron variant,Uncertain significance,"criteria provided, single submitter",LB,2020-11-24,VUS,2025-01-29,2,2,True,toward_pathogenic,2020.0,2025.0
2972902,C3,NM_000064.4(C3):c.2290C>T (p.Arg764Ter),R764*,single nucleotide variant,nonsense,Pathogenic/Likely pathogenic,"criteria provided, multiple submitters, no conflicts",LP,2024-04-08,P,2025-09-30,3,3,True,toward_pathogenic,2024.0,2025.0
1455261,C3,NM_000064.4(C3):c.373dup (p.Leu125fs),L125fs,Duplication,frameshift variant,Pathogenic/Likely pathogenic,"criteria provided, multiple submitters, no conflicts",LP,2022-03-09,P,2026-01-07,3,3,True,toward_pathogenic,2022.0,2026.0
505831,CD46,NM_172351.3(CD46):c.286+2T>G,,single nucleotide variant,splice donor variant,Pathogenic/Likely pathogenic,"criteria provided, multiple submitters, no conflicts",LP,2017-07-28,P,2026-01-27,11,11,True,toward_pathogenic,2017.0,2026.0
1333461,CD46,NM_172351.3(CD46):c.350_351dup (p.Glu118fs),E118fs,Duplication,frameshift variant,Pathogenic/Likely pathogenic,"criteria provided, multiple submitters, no conflicts",LP,2019-04-05,P,2025-10-02,4,4,True,toward_pathogenic,2019.0,2025.0
1493683,CFH,NM_000186.4(CFH):c.1520-1G>A,,single nucleotide variant,splice acceptor variant,Pathogenic/Likely pathogenic,"criteria provided, multiple submitters, no conflicts",LP,2021-11-25,P,2025-10-02,2,2,True,toward_pathogenic,2021.0,2025.0
1417726,CFH,NM_000186.4(CFH):c.213G>A (p.Trp71Ter),W71*,single nucleotide variant,nonsense,"Pathogenic/Likely pathogenic/Pathogenic, low penetrance","criteria provided, multiple submitters, no conflicts",LP,2023-03-28,P,2025-12-03,7,7,True,toward_pathogenic,2023.0,2025.0
2025535,CFH,NM_000186.4(CFH):c.2575C>T (p.Gln859Ter),Q859*,single nucleotide variant,nonsense,Pathogenic/Likely pathogenic,"criteria provided, multiple submitters, no conflicts",LP,2024-05-25,P,2024-08-12,2,2,True,toward_pathogenic,2024.0,2024.0
3381093,CFH,NM_000186.4(CFH):c.2871C>A (p.Tyr957Ter),Y957*,single nucleotide variant,nonsense,Pathogenic/Likely pathogenic,"criteria provided, multiple submitters, no conflicts",LP,2024-07-15,P,2024-07-23,2,2,True,toward_pathogenic,2024.0,2024.0
1175202,CFH,NM_000186.4(CFH):c.3548G>T (p.Trp1183Leu),W1183L,single nucleotide variant,missense variant,Pathogenic/Likely pathogenic,"criteria provided, multiple submitters, no conflicts",LP,2020-02-28,P,2025-10-02,2,2,True,toward_pathogenic,2020.0,2025.0
294526,CFH,NM_000186.4(CFH):c.3643C>T (p.Arg1215Ter),R1215*,single nucleotide variant,nonsense,Pathogenic/Likely pathogenic,"criteria provided, multiple submitters, no conflicts",LP,2024-03-14,P,2025-10-02,2,2,True,toward_pathogenic,2024.0,2025.0
988219,CFI,NM_000204.5(CFI):c.1006C>T (p.Arg336Ter),"R133*, R317*, R329*, R336*, R344*",single nucleotide variant,nonsense|non-coding transcript variant,"Pathogenic/Likely pathogenic/Pathogenic, low penetrance","criteria provided, multiple submitters, no conflicts",LP,2018-12-20,P,2025-07-21,4,4,True,toward_pathogenic,2018.0,2025.0
1923366,CFI,NM_000204.5(CFI):c.1300del (p.Glu434fs),"E427fs, E231fs, E442fs, E415fs, E434fs",Deletion,frameshift variant|non-coding transcript variant,Pathogenic/Likely pathogenic,"criteria provided, multiple submitters, no conflicts",LP,2024-04-06,P,2025-07-29,3,3,True,toward_pathogenic,2024.0,2025.0
12121,CFI,NM_000204.5(CFI):c.1420C>T (p.Arg474Ter),"R474*, R467*, R482*, R271*, R455*",single nucleotide variant,nonsense|non-coding transcript variant,Pathogenic/Likely pathogenic,"criteria provided, multiple submitters, no conflicts",LP,2022-12-05,P,2025-09-26,7,7,True,toward_pathogenic,2022.0,2025.0
1066334,CFI,NM_000204.5(CFI):c.1429+1G>C,,single nucleotide variant,splice donor variant,Pathogenic/Likely pathogenic,"criteria provided, multiple submitters, no conflicts",LP,2021-02-10,P,2025-10-21,5,5,True,toward_pathogenic,2021.0,2025.0
1710506,CFI,NM_000204.5(CFI):c.1646del (p.Asn549fs),"N346fs, N530fs, N542fs, N549fs, N557fs",Deletion,frameshift variant|non-coding transcript variant|intron variant,Pathogenic/Likely pathogenic,"criteria provided, multiple submitters, no conflicts",LP,2022-01-26,P,2025-09-26,2,2,True,toward_pathogenic,2022.0,2025.0
3589772,CFI,NM_000204.5(CFI):c.413del (p.Met138fs),M138fs,Deletion,frameshift variant|non-coding transcript variant|intron variant,Pathogenic/Likely pathogenic,"criteria provided, multiple submitters, no conflicts",LP,2024-02-07,P,2025-04-23,2,2,True,toward_pathogenic,2024.0,2025.0
631934,CFI,NM_000204.5(CFI):c.559C>T (p.Arg187Ter),R187*,single nucleotide variant,nonsense|5 prime UTR variant|non-coding transcript variant,Pathogenic/Likely pathogenic,"criteria provided, multiple submitters, no conflicts",LP,2018-12-10,P,2026-04-06,9,9,True,toward_pathogenic,2018.0,2026.0
562453,COL4A3,NM_000091.5(COL4A3):c.1006G>T (p.Gly336Cys),G336C,single nucleotide variant,missense variant,Pathogenic/Likely pathogenic,"criteria provided, multiple submitters, no conflicts",LP,2018-09-16,P,2022-03-29,5,5,True,toward_pathogenic,2018.0,2022.0
984035,COL4A3,NM_000091.5(COL4A3):c.1213G>T (p.Glu405Ter),E405*,single nucleotide variant,nonsense,Pathogenic/Likely pathogenic,"criteria provided, multiple submitters, no conflicts",LP,2019-12-29,P,2024-04-03,3,3,True,toward_pathogenic,2019.0,2024.0
632350,COL4A3,NM_000091.5(COL4A3):c.1219G>C (p.Gly407Arg),G407R,single nucleotide variant,missense variant,Pathogenic/Likely pathogenic,"criteria provided, multiple submitters, no conflicts",LP,2019-01-09,P,2025-12-20,8,8,True,toward_pathogenic,2019.0,2025.0
1422757,COL4A3,NM_000091.5(COL4A3):c.1262del (p.Gly421fs),G421fs,Deletion,frameshift variant,Pathogenic/Likely pathogenic,"criteria provided, multiple submitters, no conflicts",LP,2022-04-23,P,2026-01-26,4,3,True,toward_pathogenic,2022.0,2026.0
551440,COL4A3,NM_000091.5(COL4A3):c.1354G>A (p.Gly452Arg),G452R,single nucleotide variant,missense variant,Pathogenic/Likely pathogenic,"criteria provided, multiple submitters, no conflicts",LP,2017-04-10,P,2025-02-15,6,6,True,toward_pathogenic,2017.0,2025.0
1355638,COL4A3,NM_000091.5(COL4A3):c.1372G>A (p.Gly458Arg),G458R,single nucleotide variant,missense variant,Pathogenic/Likely pathogenic,"criteria provided, multiple submitters, no conflicts",LP,2024-02-02,P,2026-01-03,3,3,True,toward_pathogenic,2024.0,2026.0
3236813,COL4A3,NM_000091.5(COL4A3):c.1399G>A (p.Gly467Arg),G467R,single nucleotide variant,missense variant,Pathogenic/Likely pathogenic,"criteria provided, multiple submitters, no conflicts",LP,2022-06-24,P,2025-03-25,2,2,True,toward_pathogenic,2022.0,2025.0
842545,COL4A3,NM_000091.5(COL4A3):c.1407del (p.Gly470fs),G470fs,Deletion,frameshift variant,Pathogenic/Likely pathogenic,"criteria provided, multiple submitters, no conflicts",LP,2024-05-20,P,2025-04-20,2,2,True,toward_pathogenic,2024.0,2025.0
635483,COL4A3,NM_000091.5(COL4A3):c.1594G>T (p.Gly532Cys),G532C,single nucleotide variant,missense variant,Pathogenic/Likely pathogenic,"criteria provided, multiple submitters, no conflicts",LP,2018-03-16,P,2026-01-23,7,7,True,toward_pathogenic,2018.0,2026.0
984358,COL4A3,NM_000091.5(COL4A3):c.1615G>T (p.Glu539Ter),E539*,single nucleotide variant,nonsense,Pathogenic/Likely pathogenic,"criteria provided, multiple submitters, no conflicts",LP,2019-06-15,P,2024-01-04,2,2,True,toward_pathogenic,2019.0,2024.0
3374730,COL4A3,NM_000091.5(COL4A3):c.1724G>A (p.Gly575Glu),G575E,single nucleotide variant,missense variant,Pathogenic/Likely pathogenic,"criteria provided, multiple submitters, no conflicts",LP,2024-10-23,P,2025-07-10,2,2,True,toward_pathogenic,2024.0,2025.0
3586030,COL4A3,NM_000091.5(COL4A3):c.1820del (p.Pro607fs),P607fs,Deletion,frameshift variant,Pathogenic/Likely pathogenic,"criteria provided, multiple submitters, no conflicts",LP,2024-02-17,P,2024-05-08,2,2,True,toward_pathogenic,2024.0,2024.0
522482,COL4A3,NM_000091.5(COL4A3):c.1855G>A (p.Gly619Arg),G619R,single nucleotide variant,missense variant,Pathogenic/Likely pathogenic,"criteria provided, multiple submitters, no conflicts",LP,2017-09-18,P,2025-08-25,9,9,True,toward_pathogenic,2017.0,2025.0
371669,COL4A3,NM_000091.5(COL4A3):c.1918G>A (p.Gly640Arg),G640R,single nucleotide variant,missense variant,Pathogenic/Likely pathogenic,"criteria provided, multiple submitters, no conflicts",LP,2016-11-10,P,2025-09-25,12,12,True,toward_pathogenic,2016.0,2025.0
585517,COL4A3,NM_000091.5(COL4A3):c.1933del (p.Arg645fs),R645fs,Deletion,frameshift variant,Pathogenic/Likely pathogenic,"criteria provided, multiple submitters, no conflicts",LP,2018-05-31,P,2024-10-21,3,3,True,toward_pathogenic,2018.0,2024.0
1451392,COL4A3,NM_000091.5(COL4A3):c.1992del (p.Gly665fs),G665fs,Deletion,frameshift variant,Pathogenic/Likely pathogenic,"criteria provided, multiple submitters, no conflicts",LP,2022-01-17,P,2023-02-13,2,2,True,toward_pathogenic,2022.0,2023.0
969676,COL4A3,NM_000091.5(COL4A3):c.2156C>G (p.Ser719Ter),S719*,single nucleotide variant,nonsense,Pathogenic/Likely pathogenic,"criteria provided, multiple submitters, no conflicts",LP,2022-09-12,P,2025-12-15,3,3,True,toward_pathogenic,2022.0,2025.0
984361,COL4A3,NM_000091.5(COL4A3):c.2197G>T (p.Gly733Ter),G733*,single nucleotide variant,nonsense,Pathogenic/Likely pathogenic,"criteria provided, multiple submitters, no conflicts",LP,2019-12-20,P,2025-06-12,2,2,True,toward_pathogenic,2019.0,2025.0
1699903,COL4A3,NM_000091.5(COL4A3):c.2330G>A (p.Gly777Asp),G777D,single nucleotide variant,missense variant,Pathogenic/Likely pathogenic,"criteria provided, multiple submitters, no conflicts",LP,2022-08-03,P,2025-08-26,5,4,True,toward_pathogenic,2022.0,2025.0
1512833,COL4A3,NM_000091.5(COL4A3):c.2330G>T (p.Gly777Val),G777V,single nucleotide variant,missense variant,Pathogenic/Likely pathogenic,"criteria provided, multiple submitters, no conflicts",LP,2021-08-04,P,2022-01-25,2,2,True,toward_pathogenic,2021.0,2022.0
397514,COL4A3,NM_000091.5(COL4A3):c.2371C>T (p.Arg791Ter),R791*,single nucleotide variant,nonsense,Pathogenic/Likely pathogenic,"criteria provided, multiple submitters, no conflicts",LP,2016-07-11,P,2026-03-22,10,10,True,toward_pathogenic,2016.0,2026.0
552236,COL4A3,NM_000091.5(COL4A3):c.2417dup (p.Gly807fs),G807fs,Duplication,frameshift variant,Pathogenic/Likely pathogenic,"criteria provided, multiple submitters, no conflicts",LP,2017-05-31,P,2025-07-30,8,8,True,toward_pathogenic,2017.0,2025.0
553278,COL4A3,NM_000091.5(COL4A3):c.2535del (p.Leu846fs),L846fs,Deletion,frameshift variant,Pathogenic/Likely pathogenic,"criteria provided, multiple submitters, no conflicts",LP,2017-08-11,P,2026-02-17,5,5,True,toward_pathogenic,2017.0,2026.0
1057850,COL4A3,NM_000091.5(COL4A3):c.272G>A (p.Gly91Asp),G91D,single nucleotide variant,missense variant,Pathogenic/Likely pathogenic,"criteria provided, multiple submitters, no conflicts",LP,2024-06-28,P,2026-01-18,3,3,True,toward_pathogenic,2024.0,2026.0
2444399,COL4A3,NM_000091.5(COL4A3):c.2863G>A (p.Gly955Arg),G955R,single nucleotide variant,missense variant,Pathogenic/Likely pathogenic,"criteria provided, multiple submitters, no conflicts",LP,2025-02-20,P,2025-08-29,2,2,True,toward_pathogenic,2025.0,2025.0
2734421,COL4A3,NM_000091.5(COL4A3):c.2980+1G>A,,single nucleotide variant,splice donor variant,Pathogenic/Likely pathogenic,"criteria provided, multiple submitters, no conflicts",LP,2023-02-19,P,2024-10-10,2,2,True,toward_pathogenic,2023.0,2024.0
1210223,COL4A3,NM_000091.5(COL4A3):c.3026del (p.Gly1009fs),G1009fs,Deletion,frameshift variant,Pathogenic/Likely pathogenic,"criteria provided, multiple submitters, no conflicts",LP,2020-12-11,P,2021-04-02,2,2,True,toward_pathogenic,2020.0,2021.0
552548,COL4A3,NM_000091.5(COL4A3):c.3148C>T (p.Gln1050Ter),Q1050*,single nucleotide variant,nonsense,Pathogenic,"criteria provided, single submitter",LP,2017-06-15,P,2022-08-26,2,2,True,toward_pathogenic,2017.0,2022.0
554710,COL4A3,NM_000091.5(COL4A3):c.3210+1G>A,,single nucleotide variant,splice donor variant,Pathogenic/Likely pathogenic,"criteria provided, multiple submitters, no conflicts",LP,2017-11-07,P,2024-08-20,6,6,True,toward_pathogenic,2017.0,2024.0
1455982,COL4A3,NM_000091.5(COL4A3):c.3238G>A (p.Gly1080Arg),G1080R,single nucleotide variant,missense variant,Pathogenic/Likely pathogenic,"criteria provided, multiple submitters, no conflicts",LP,2025-10-02,P,2025-12-11,2,2,True,toward_pathogenic,2025.0,2025.0
1067715,COL4A3,NM_000091.5(COL4A3):c.3337+1del,,Deletion,splice donor variant,Pathogenic/Likely pathogenic,"criteria provided, multiple submitters, no conflicts",LP,2021-09-27,P,2023-05-12,2,2,True,toward_pathogenic,2021.0,2023.0
2629472,COL4A3,NM_000091.5(COL4A3):c.334_337del (p.Gly112fs),G112fs,Deletion,frameshift variant,Pathogenic/Likely pathogenic,"criteria provided, multiple submitters, no conflicts",LP,2023-02-13,P,2023-03-16,2,2,True,toward_pathogenic,2023.0,2023.0
556711,COL4A3,NM_000091.5(COL4A3):c.3454G>C (p.Gly1152Arg),G1152R,single nucleotide variant,missense variant,Pathogenic/Likely pathogenic,"criteria provided, multiple submitters, no conflicts",LP,2018-02-13,P,2025-09-10,5,5,True,toward_pathogenic,2018.0,2025.0
651092,COL4A3,NM_000091.5(COL4A3):c.3671del (p.Pro1224fs),P1224fs,Deletion,frameshift variant,Pathogenic/Likely pathogenic,"criteria provided, multiple submitters, no conflicts",LP,2024-02-16,P,2024-05-02,2,2,True,toward_pathogenic,2024.0,2024.0
3377030,COL4A3,NM_000091.5(COL4A3):c.3683G>A (p.Gly1228Asp),G1228D,single nucleotide variant,missense variant,Pathogenic/Likely pathogenic,"criteria provided, multiple submitters, no conflicts",LP,2024-06-09,P,2024-10-09,2,2,True,toward_pathogenic,2024.0,2024.0
1724875,COL4A3,NM_000091.5(COL4A3):c.3749del (p.Pro1250fs),P1250fs,Deletion,frameshift variant,Pathogenic/Likely pathogenic,"criteria provided, multiple submitters, no conflicts",LP,2021-11-23,P,2025-11-10,2,2,True,toward_pathogenic,2021.0,2025.0
961014,COL4A3,NM_000091.5(COL4A3):c.3883-2067_4311dup,,Duplication,splice acceptor variant|splice donor variant,Pathogenic/Likely pathogenic,"criteria provided, multiple submitters, no conflicts",LP,2019-10-03,P,2022-05-27,2,2,True,toward_pathogenic,2019.0,2022.0
558496,COL4A3,NM_000091.5(COL4A3):c.391G>T (p.Glu131Ter),E131*,single nucleotide variant,nonsense,Pathogenic,"criteria provided, multiple submitters, no conflicts",LP,2018-05-23,P,2025-10-22,6,5,True,toward_pathogenic,2018.0,2025.0
1724015,COL4A3,NM_000091.5(COL4A3):c.4207G>T (p.Gly1403Ter),G1403*,single nucleotide variant,nonsense,Pathogenic/Likely pathogenic,"criteria provided, multiple submitters, no conflicts",LP,2022-01-23,P,2025-10-26,2,2,True,toward_pathogenic,2022.0,2025.0
4770341,COL4A3,NM_000091.5(COL4A3):c.4307_4308insCT (p.Ser1437fs),S1437fs,Insertion,frameshift variant,Pathogenic/Likely pathogenic,"criteria provided, multiple submitters, no conflicts",LP,2024-08-06,P,2025-12-04,2,2,True,toward_pathogenic,2024.0,2025.0
554855,COL4A3,NM_000091.5(COL4A3):c.4486C>T (p.Arg1496Ter),R1496*,single nucleotide variant,nonsense,Pathogenic,"criteria provided, multiple submitters, no conflicts",LP,2017-11-15,P,2026-01-26,7,7,True,toward_pathogenic,2017.0,2026.0
552261,COL4A3,NM_000091.5(COL4A3):c.4546C>T (p.Arg1516Ter),R1516*,single nucleotide variant,nonsense,Pathogenic,"criteria provided, multiple submitters, no conflicts",LP,2017-05-31,P,2024-08-02,5,5,True,toward_pathogenic,2017.0,2024.0
983883,COL4A3,NM_000091.5(COL4A3):c.4566G>A (p.Trp1522Ter),W1522*,single nucleotide variant,nonsense,Pathogenic/Likely pathogenic,"criteria provided, multiple submitters, no conflicts",LP,2019-03-23,P,2024-03-14,2,2,True,toward_pathogenic,2019.0,2024.0
1520952,COL4A3,NM_000091.5(COL4A3):c.4755+1G>A,,single nucleotide variant,splice donor variant,Pathogenic/Likely pathogenic,"criteria provided, multiple submitters, no conflicts",LP,2024-03-19,P,2025-11-16,4,4,True,toward_pathogenic,2024.0,2025.0
550931,COL4A3,NM_000091.5(COL4A3):c.4803del (p.Gly1602fs),,Deletion,frameshift variant,Pathogenic,"criteria provided, multiple submitters, no conflicts",LP,2017-03-23,P,2025-12-17,6,6,True,toward_pathogenic,2017.0,2025.0
1500473,COL4A3,NM_000091.5(COL4A3):c.4982G>A (p.Arg1661His),R1661H,single nucleotide variant,missense variant,Pathogenic/Likely pathogenic,"criteria provided, multiple submitters, no conflicts",LP,2025-11-18,P,2026-01-13,2,2,True,toward_pathogenic,2025.0,2026.0
1070961,COL4A3,NM_000091.5(COL4A3):c.522dup (p.Leu175fs),L175fs,Duplication,frameshift variant,Pathogenic/Likely pathogenic,"criteria provided, multiple submitters, no conflicts",LP,2023-12-29,P,2026-01-05,4,4,True,toward_pathogenic,2023.0,2026.0
553434,COL4A3,NM_000091.5(COL4A3):c.663_664del (p.Arg221fs),R221fs,Microsatellite,frameshift variant,Pathogenic/Likely pathogenic,"criteria provided, multiple submitters, no conflicts",LP,2017-08-18,P,2025-04-14,7,7,True,toward_pathogenic,2017.0,2025.0
1494752,COL4A3,NM_000091.5(COL4A3):c.688-1G>A,,single nucleotide variant,splice acceptor variant,Pathogenic/Likely pathogenic,"criteria provided, multiple submitters, no conflicts",LP,2021-08-31,P,2025-06-17,2,2,True,toward_pathogenic,2021.0,2025.0
553977,COL4A3,NM_000091.5(COL4A3):c.713dup (p.Pro240fs),P240fs,Duplication,frameshift variant,Pathogenic,"criteria provided, single submitter",LP,2017-10-07,P,2024-05-09,2,2,True,toward_pathogenic,2017.0,2024.0
3235248,COL4A3,NM_000091.5(COL4A3):c.716dup (p.Pro240fs),P240fs,Duplication,frameshift variant,Pathogenic/Likely pathogenic,"criteria provided, multiple submitters, no conflicts",LP,2024-04-20,P,2024-05-13,2,2,True,toward_pathogenic,2024.0,2024.0
635538,COL4A3,NM_000091.5(COL4A3):c.725G>A (p.Gly242Glu),G242E,single nucleotide variant,missense variant,Pathogenic/Likely pathogenic,"criteria provided, multiple submitters, no conflicts",LP,2019-01-04,P,2025-09-04,7,7,True,toward_pathogenic,2019.0,2025.0
1677088,COL4A3,NM_000091.5(COL4A3):c.778G>T (p.Glu260Ter),E260*,single nucleotide variant,nonsense,Pathogenic/Likely pathogenic,"criteria provided, multiple submitters, no conflicts",LP,2022-03-02,P,2025-09-16,2,2,True,toward_pathogenic,2022.0,2025.0
2823561,COL4A3,NM_000091.5(COL4A3):c.829-2A>G,,single nucleotide variant,splice acceptor variant,Pathogenic/Likely pathogenic,"criteria provided, multiple submitters, no conflicts",LP,2023-10-04,P,2025-02-07,2,2,True,toward_pathogenic,2023.0,2025.0
225321,COL4A3,NM_000091.5(COL4A3):c.833dup (p.Pro279fs),P279fs,Duplication,frameshift variant,Pathogenic/Likely pathogenic,"criteria provided, multiple submitters, no conflicts",LP,2016-03-18,P,2024-09-04,3,3,True,toward_pathogenic,2016.0,2024.0
4807050,COL4A3,NM_000091.5(COL4A3):c.866del (p.Ala289fs),A289fs,Deletion,frameshift variant,Pathogenic/Likely pathogenic,"criteria provided, multiple submitters, no conflicts",LP,2025-12-30,P,2026-01-26,2,2,True,toward_pathogenic,2025.0,2026.0
2067966,COL4A4,NM_000092.5(COL4A4):c.1022G>A (p.Gly341Asp),G341D,single nucleotide variant,missense variant,Pathogenic/Likely pathogenic,"criteria provided, multiple submitters, no conflicts",LP,2024-02-05,P,2025-09-02,3,3,True,toward_pathogenic,2024.0,2025.0
447178,COL4A4,NM_000092.5(COL4A4):c.1045C>T (p.Arg349Ter),R349*,single nucleotide variant,nonsense,Pathogenic/Likely pathogenic,"criteria provided, multiple submitters, no conflicts",LP,2016-12-28,P,2024-10-18,7,7,True,toward_pathogenic,2016.0,2024.0
1382141,COL4A4,NM_000092.5(COL4A4):c.1222_1235del (p.Gly408fs),G408fs,Deletion,frameshift variant,Pathogenic/Likely pathogenic,"criteria provided, multiple submitters, no conflicts",LP,2022-04-26,P,2022-08-16,2,2,True,toward_pathogenic,2022.0,2022.0
552183,COL4A4,NM_000092.5(COL4A4):c.1323_1340del (p.Pro444_Leu449del),,Deletion,inframe_deletion,Pathogenic/Likely pathogenic,"criteria provided, multiple submitters, no conflicts",LP,2017-05-26,P,2026-01-21,13,13,True,toward_pathogenic,2017.0,2026.0
553711,COL4A4,NM_000092.5(COL4A4):c.1369+1G>A,,single nucleotide variant,splice donor variant,Pathogenic/Likely pathogenic,"criteria provided, multiple submitters, no conflicts",LP,2017-09-06,P,2024-12-10,4,4,True,toward_pathogenic,2017.0,2024.0
1458960,COL4A4,NM_000092.5(COL4A4):c.1476_1477del (p.Ala493fs),A493fs,Microsatellite,frameshift variant,Pathogenic/Likely pathogenic,"criteria provided, multiple submitters, no conflicts",LP,2022-05-06,P,2022-06-09,2,2,True,toward_pathogenic,2022.0,2022.0
1322133,COL4A4,NM_000092.5(COL4A4):c.1531C>T (p.Gln511Ter),Q511*,single nucleotide variant,nonsense,Pathogenic/Likely pathogenic,"criteria provided, multiple submitters, no conflicts",LP,2021-08-22,P,2025-03-09,2,2,True,toward_pathogenic,2021.0,2025.0
3342291,COL4A4,NM_000092.5(COL4A4):c.1565G>A (p.Trp522Ter),W522*,single nucleotide variant,nonsense,Pathogenic/Likely pathogenic,"criteria provided, multiple submitters, no conflicts",LP,2024-05-14,P,2024-09-12,2,2,True,toward_pathogenic,2024.0,2024.0
554661,COL4A4,NM_000092.5(COL4A4):c.1579G>T (p.Gly527Cys),G527C,single nucleotide variant,missense variant,Pathogenic/Likely pathogenic,"criteria provided, multiple submitters, no conflicts",LP,2017-10-30,P,2025-09-18,6,6,True,toward_pathogenic,2017.0,2025.0
870358,COL4A4,NM_000092.5(COL4A4):c.1580del (p.Gly527fs),G527fs,Deletion,frameshift variant,Pathogenic/Likely pathogenic,"criteria provided, multiple submitters, no conflicts",LP,2020-03-11,P,2024-05-23,3,3,True,toward_pathogenic,2020.0,2024.0
3585867,COL4A4,NM_000092.5(COL4A4):c.1777G>T (p.Gly593Ter),G593*,single nucleotide variant,nonsense,Pathogenic/Likely pathogenic,"criteria provided, multiple submitters, no conflicts",LP,2024-04-24,P,2024-09-10,2,2,True,toward_pathogenic,2024.0,2024.0
4065054,COL4A4,NM_000092.5(COL4A4):c.1943G>A (p.Gly648Asp),G648D,single nucleotide variant,missense variant,Pathogenic/Likely pathogenic,"criteria provided, multiple submitters, no conflicts",LP,2025-02-14,P,2025-12-15,2,2,True,toward_pathogenic,2025.0,2025.0
557759,COL4A4,NM_000092.5(COL4A4):c.2084G>A (p.Gly695Asp),G695D,single nucleotide variant,missense variant,Pathogenic,"criteria provided, multiple submitters, no conflicts",LP,2018-04-11,P,2025-09-05,4,4,True,toward_pathogenic,2018.0,2025.0
992388,COL4A4,NM_000092.5(COL4A4):c.2160_2163dup (p.Gly722fs),G722fs,Duplication,frameshift variant,Pathogenic,"criteria provided, single submitter",LP,2020-01-07,P,2020-09-10,2,2,True,toward_pathogenic,2020.0,2020.0
555669,COL4A4,NM_000092.5(COL4A4):c.2279dup (p.Asp761fs),D761fs,Duplication,frameshift variant,Pathogenic,"criteria provided, single submitter",LP,2017-12-19,P,2026-02-25,3,3,True,toward_pathogenic,2017.0,2026.0
556413,COL4A4,NM_000092.5(COL4A4):c.2374G>A (p.Gly792Arg),G792R,single nucleotide variant,missense variant,Pathogenic/Likely pathogenic,"criteria provided, multiple submitters, no conflicts",LP,2018-01-31,P,2025-04-15,3,3,True,toward_pathogenic,2018.0,2025.0
2125550,COL4A4,NM_000092.5(COL4A4):c.2488del (p.Arg830fs),R830fs,Deletion,frameshift variant,Pathogenic/Likely pathogenic,"criteria provided, multiple submitters, no conflicts",LP,2025-03-10,P,2025-12-01,2,2,True,toward_pathogenic,2025.0,2025.0
553903,COL4A4,NM_000092.5(COL4A4):c.2510G>C (p.Gly837Ala),G837A,single nucleotide variant,missense variant,Pathogenic/Likely pathogenic,"criteria provided, multiple submitters, no conflicts",LP,2017-09-19,P,2023-06-20,3,3,True,toward_pathogenic,2017.0,2023.0
550588,COL4A4,NM_000092.5(COL4A4):c.2590G>A (p.Gly864Arg),G864R,single nucleotide variant,missense variant,Pathogenic/Likely pathogenic,"criteria provided, multiple submitters, no conflicts",LP,2017-02-10,P,2025-09-08,5,5,True,toward_pathogenic,2017.0,2025.0
1388462,COL4A4,NM_000092.5(COL4A4):c.2734G>C (p.Gly912Arg),G912R,single nucleotide variant,missense variant,Pathogenic/Likely pathogenic,"criteria provided, multiple submitters, no conflicts",LP,2022-03-08,P,2023-10-15,2,2,True,toward_pathogenic,2022.0,2023.0
988149,COL4A4,NM_000092.5(COL4A4):c.2752G>A (p.Gly918Arg),G918R,single nucleotide variant,missense variant,Pathogenic/Likely pathogenic,"criteria provided, multiple submitters, no conflicts",LP,2019-02-21,P,2026-01-27,9,9,True,toward_pathogenic,2019.0,2026.0
562299,COL4A4,NM_000092.5(COL4A4):c.282_283del (p.Asp96fs),D96fs,Microsatellite,frameshift variant,Pathogenic,"criteria provided, single submitter",LP,2018-09-16,P,2024-04-10,3,3,True,toward_pathogenic,2018.0,2024.0
550472,COL4A4,NM_000092.5(COL4A4):c.2878G>A (p.Gly960Arg),G960R,single nucleotide variant,missense variant,Pathogenic/Likely pathogenic,"criteria provided, multiple submitters, no conflicts",LP,2017-01-25,P,2025-08-05,8,8,True,toward_pathogenic,2017.0,2025.0
3585816,COL4A4,NM_000092.5(COL4A4):c.2892_2893insC (p.Met965fs),M965fs,Insertion,frameshift variant,Pathogenic/Likely pathogenic,"criteria provided, multiple submitters, no conflicts",LP,2024-01-06,P,2025-04-03,2,2,True,toward_pathogenic,2024.0,2025.0
557135,COL4A4,NM_000092.5(COL4A4):c.2967_2968del (p.Arg989_Gly990insTer),,Microsatellite,frameshift variant,Pathogenic/Likely pathogenic,"criteria provided, multiple submitters, no conflicts",LP,2018-03-09,P,2025-03-13,4,4,True,toward_pathogenic,2018.0,2025.0
1726773,COL4A4,NM_000092.5(COL4A4):c.3039_3040del (p.His1013fs),H1013fs,Microsatellite,frameshift variant,Pathogenic/Likely pathogenic,"criteria provided, multiple submitters, no conflicts",LP,2022-01-02,P,2025-10-20,2,2,True,toward_pathogenic,2022.0,2025.0
984045,COL4A4,NM_000092.5(COL4A4):c.3347C>G (p.Ser1116Ter),S1116*,single nucleotide variant,nonsense,Pathogenic/Likely pathogenic,"criteria provided, multiple submitters, no conflicts",LP,2019-04-06,P,2023-10-08,2,2,True,toward_pathogenic,2019.0,2023.0
988151,COL4A4,NM_000092.5(COL4A4):c.3408del (p.Met1137fs),M1137fs,Deletion,frameshift variant,Pathogenic,"criteria provided, single submitter",LP,2019-05-17,P,2025-09-10,2,2,True,toward_pathogenic,2019.0,2025.0
1480342,COL4A4,NM_000092.5(COL4A4):c.3488G>A (p.Gly1163Asp),G1163D,single nucleotide variant,missense variant,Pathogenic/Likely pathogenic,"criteria provided, multiple submitters, no conflicts",LP,2024-06-04,P,2025-07-07,2,2,True,toward_pathogenic,2024.0,2025.0
2681770,COL4A4,NM_000092.5(COL4A4):c.3636_3637del (p.Gly1213fs),G1213fs,Microsatellite,frameshift variant,Pathogenic/Likely pathogenic,"criteria provided, multiple submitters, no conflicts",LP,2023-12-01,P,2026-01-23,3,3,True,toward_pathogenic,2023.0,2026.0
3585771,COL4A4,NM_000092.5(COL4A4):c.3787C>T (p.Gln1263Ter),Q1263*,single nucleotide variant,nonsense,Pathogenic/Likely pathogenic,"criteria provided, multiple submitters, no conflicts",LP,2024-01-07,P,2025-09-23,2,2,True,toward_pathogenic,2024.0,2025.0
3031146,COL4A4,NM_000092.5(COL4A4):c.3791G>T (p.Gly1264Val),G1264V,single nucleotide variant,missense variant,Pathogenic/Likely pathogenic,"criteria provided, multiple submitters, no conflicts",LP,2023-05-16,P,2025-10-23,4,4,True,toward_pathogenic,2023.0,2025.0
3585941,COL4A4,NM_000092.5(COL4A4):c.383_398del (p.Gly128fs),G128fs,Deletion,frameshift variant,Pathogenic/Likely pathogenic,"criteria provided, multiple submitters, no conflicts",LP,2024-05-18,P,2025-09-17,2,2,True,toward_pathogenic,2024.0,2025.0
557447,COL4A4,NM_000092.5(COL4A4):c.3967C>T (p.Gln1323Ter),Q1323*,single nucleotide variant,nonsense,Pathogenic,"criteria provided, multiple submitters, no conflicts",LP,2018-03-26,P,2025-12-11,7,7,True,toward_pathogenic,2018.0,2025.0
1985757,COL4A4,NM_000092.5(COL4A4):c.4079del (p.Pro1360fs),P1360fs,Deletion,frameshift variant,Pathogenic/Likely pathogenic,"criteria provided, multiple submitters, no conflicts",LP,2024-05-16,P,2025-11-02,3,3,True,toward_pathogenic,2024.0,2025.0
2808019,COL4A4,NM_000092.5(COL4A4):c.4386C>A (p.Tyr1462Ter),Y1462*,single nucleotide variant,nonsense,Pathogenic/Likely pathogenic,"criteria provided, multiple submitters, no conflicts",LP,2024-05-09,P,2025-05-21,2,2,True,toward_pathogenic,2024.0,2025.0
562413,COL4A4,NM_000092.5(COL4A4):c.4429G>T (p.Glu1477Ter),E1477*,single nucleotide variant,nonsense,Pathogenic,"criteria provided, single submitter",LP,2018-09-16,P,2025-07-21,2,2,True,toward_pathogenic,2018.0,2025.0
2734413,COL4A4,NM_000092.5(COL4A4):c.446G>A (p.Gly149Glu),G149E,single nucleotide variant,missense variant,Pathogenic/Likely pathogenic,"criteria provided, multiple submitters, no conflicts",LP,2025-03-11,P,2026-02-18,2,2,True,toward_pathogenic,2025.0,2026.0
557279,COL4A4,NM_000092.5(COL4A4):c.4599T>G (p.Tyr1533Ter),Y1533*,single nucleotide variant,nonsense,Pathogenic,"criteria provided, multiple submitters, no conflicts",LP,2018-03-15,P,2024-02-14,4,4,True,toward_pathogenic,2018.0,2024.0
1676233,COL4A4,NM_000092.5(COL4A4):c.4760dup (p.Cys1588fs),C1588fs,Duplication,frameshift variant,Pathogenic/Likely pathogenic,"criteria provided, multiple submitters, no conflicts",LP,2023-03-30,P,2026-01-11,2,2,True,toward_pathogenic,2023.0,2026.0
562437,COL4A4,NM_000092.5(COL4A4):c.489+1G>A,,single nucleotide variant,splice donor variant,Pathogenic,"criteria provided, multiple submitters, no conflicts",LP,2018-09-16,P,2024-06-11,6,6,True,toward_pathogenic,2018.0,2024.0
1346806,COL4A4,NM_000092.5(COL4A4):c.559-2A>T,,single nucleotide variant,splice acceptor variant,Pathogenic/Likely pathogenic,"criteria provided, multiple submitters, no conflicts",LP,2024-02-21,P,2025-11-04,3,3,True,toward_pathogenic,2024.0,2025.0
2180806,COL4A4,NM_000092.5(COL4A4):c.666_667insA (p.Gly223fs),G223fs,Insertion,frameshift variant,Pathogenic/Likely pathogenic,"criteria provided, multiple submitters, no conflicts",LP,2024-05-23,P,2024-12-03,2,2,True,toward_pathogenic,2024.0,2024.0
524158,COL4A4,NM_000092.5(COL4A4):c.675dup (p.Gly226fs),G226fs,Duplication,frameshift variant,Pathogenic/Likely pathogenic,"criteria provided, multiple submitters, no conflicts",LP,2022-01-12,P,2023-08-04,2,2,True,toward_pathogenic,2022.0,2023.0
554793,COL4A4,NM_000092.5(COL4A4):c.71G>A (p.Trp24Ter),W24*,single nucleotide variant,nonsense,Pathogenic,"criteria provided, single submitter",LP,2017-11-06,P,2023-01-09,2,2,True,toward_pathogenic,2017.0,2023.0
1496666,COL4A4,NM_000092.5(COL4A4):c.930+1G>A,,single nucleotide variant,splice donor variant,Pathogenic/Likely pathogenic,"criteria provided, multiple submitters, no conflicts",LP,2024-02-07,P,2025-12-01,3,3,True,toward_pathogenic,2024.0,2025.0
447198,COL4A5,NM_033380.3(COL4A5):c.1111G>T (p.Gly371Ter),G371*,single nucleotide variant,nonsense,Pathogenic/Likely pathogenic,"criteria provided, multiple submitters, no conflicts",LP,2016-11-11,P,2025-12-19,2,2,True,toward_pathogenic,2016.0,2025.0
870363,COL4A5,NM_033380.3(COL4A5):c.1120G>A (p.Gly374Arg),G374R,single nucleotide variant,missense variant,Pathogenic/Likely pathogenic,"criteria provided, multiple submitters, no conflicts",LP,2020-03-11,P,2026-01-26,6,6,True,toward_pathogenic,2020.0,2026.0
949477,COL4A5,NM_033380.3(COL4A5):c.1138G>C (p.Gly380Arg),G380R,single nucleotide variant,missense variant,Pathogenic/Likely pathogenic,"criteria provided, multiple submitters, no conflicts",LP,2019-05-24,P,2022-03-31,2,2,True,toward_pathogenic,2019.0,2022.0
1333248,COL4A5,NM_033380.3(COL4A5):c.1199G>A (p.Gly400Glu),G400E,single nucleotide variant,missense variant,Likely pathogenic,"criteria provided, single submitter",LP,2022-01-03,P,2024-03-22,2,2,True,toward_pathogenic,2022.0,2024.0
24393,COL4A5,NM_033380.3(COL4A5):c.1276G>A (p.Gly426Arg),G426R,single nucleotide variant,missense variant,Pathogenic/Likely pathogenic,"criteria provided, multiple submitters, no conflicts",LP,2018-09-16,P,2026-01-04,13,13,True,toward_pathogenic,2018.0,2026.0
1067067,COL4A5,NM_033380.3(COL4A5):c.1370G>A (p.Gly457Asp),G457D,single nucleotide variant,missense variant,Pathogenic/Likely pathogenic,"criteria provided, multiple submitters, no conflicts",LP,2020-04-10,P,2024-05-02,2,2,True,toward_pathogenic,2020.0,2024.0
24412,COL4A5,NM_033380.3(COL4A5):c.1424-20T>A,,single nucleotide variant,intron variant,Pathogenic/Likely pathogenic,"criteria provided, multiple submitters, no conflicts",LP,2020-05-18,P,2024-02-05,2,2,True,toward_pathogenic,2020.0,2024.0
1522713,COL4A5,NM_033380.3(COL4A5):c.1490G>A (p.Gly497Asp),G497D,single nucleotide variant,missense variant,Pathogenic/Likely pathogenic,"criteria provided, multiple submitters, no conflicts",LP,2020-11-14,P,2025-08-27,3,3,True,toward_pathogenic,2020.0,2025.0
24419,COL4A5,NM_033380.3(COL4A5):c.1498G>C (p.Gly500Arg),G500R,single nucleotide variant,missense variant,Pathogenic,"criteria provided, single submitter",LP,2017-10-10,P,2025-06-10,2,2,True,toward_pathogenic,2017.0,2025.0
24429,COL4A5,NM_033380.3(COL4A5):c.1607G>A (p.Gly536Asp),G536D,single nucleotide variant,missense variant,Pathogenic/Likely pathogenic,"criteria provided, multiple submitters, no conflicts",LP,2018-09-16,P,2021-04-10,2,2,True,toward_pathogenic,2018.0,2021.0
242342,COL4A5,NM_033380.3(COL4A5):c.1690G>C (p.Gly564Arg),G564R,single nucleotide variant,missense variant,Pathogenic/Likely pathogenic,"criteria provided, multiple submitters, no conflicts",LP,2015-06-04,P,2025-12-05,3,3,True,toward_pathogenic,2015.0,2025.0
585538,COL4A5,NM_033380.3(COL4A5):c.1779+1G>A,,single nucleotide variant,splice donor variant,Pathogenic/Likely pathogenic,"criteria provided, multiple submitters, no conflicts",LP,2017-09-11,P,2022-03-23,3,3,True,toward_pathogenic,2017.0,2022.0
3367289,COL4A5,NM_033380.3(COL4A5):c.1807G>C (p.Gly603Arg),G603R,single nucleotide variant,missense variant,Pathogenic/Likely pathogenic,"criteria provided, multiple submitters, no conflicts",LP,2023-09-26,P,2024-04-22,2,2,True,toward_pathogenic,2023.0,2024.0
2684109,COL4A5,NM_033380.3(COL4A5):c.1895G>T (p.Gly632Val),G632V,single nucleotide variant,missense variant,Pathogenic/Likely pathogenic,"criteria provided, multiple submitters, no conflicts",LP,2023-02-13,P,2023-12-11,2,2,True,toward_pathogenic,2023.0,2023.0
1335788,COL4A5,NM_033380.3(COL4A5):c.1904G>A (p.Gly635Asp),G635D,single nucleotide variant,missense variant,Pathogenic/Likely pathogenic,"criteria provided, multiple submitters, no conflicts",LP,2021-10-01,P,2023-08-07,2,2,True,toward_pathogenic,2021.0,2023.0
587099,COL4A5,NM_033380.3(COL4A5):c.1948G>A (p.Gly650Ser),G650S,single nucleotide variant,missense variant,Pathogenic/Likely pathogenic,"criteria provided, multiple submitters, no conflicts",LP,2025-02-03,P,2025-06-12,2,2,True,toward_pathogenic,2025.0,2025.0
939371,COL4A5,NM_033380.3(COL4A5):c.1949G>A (p.Gly650Asp),G650D,single nucleotide variant,missense variant,Pathogenic/Likely pathogenic,"criteria provided, multiple submitters, no conflicts",LP,2019-09-14,P,2024-10-08,2,2,True,toward_pathogenic,2019.0,2024.0
4710866,COL4A5,NM_033380.3(COL4A5):c.1957G>A (p.Gly653Arg),G653R,single nucleotide variant,missense variant,Pathogenic/Likely pathogenic,"criteria provided, multiple submitters, no conflicts",LP,2024-04-26,P,2025-05-02,2,2,True,toward_pathogenic,2024.0,2025.0
1508138,COL4A5,NM_033380.3(COL4A5):c.2023G>A (p.Gly675Ser),G675S,single nucleotide variant,missense variant,Pathogenic/Likely pathogenic,"criteria provided, multiple submitters, no conflicts",LP,2024-02-10,P,2025-04-09,5,5,True,toward_pathogenic,2024.0,2025.0
585540,COL4A5,NM_033380.3(COL4A5):c.2024_2029del (p.Gly675_Asp676del),,Deletion,inframe_deletion,Pathogenic/Likely pathogenic,"criteria provided, multiple submitters, no conflicts",LP,2017-09-12,P,2025-05-13,2,2,True,toward_pathogenic,2017.0,2025.0
2138700,COL4A5,NM_033380.3(COL4A5):c.2024G>A (p.Gly675Asp),G675D,single nucleotide variant,missense variant,Pathogenic/Likely pathogenic,"criteria provided, multiple submitters, no conflicts",LP,2022-07-25,P,2025-12-18,2,2,True,toward_pathogenic,2022.0,2025.0
1066653,COL4A5,NM_033380.3(COL4A5):c.2042-2A>G,,single nucleotide variant,splice acceptor variant,Pathogenic/Likely pathogenic,"criteria provided, multiple submitters, no conflicts",LP,2021-12-22,P,2022-11-15,2,2,True,toward_pathogenic,2021.0,2022.0
977198,COL4A5,NM_033380.3(COL4A5):c.2294del (p.Pro765fs),P765fs,Deletion,frameshift variant,Pathogenic/Likely pathogenic,"criteria provided, multiple submitters, no conflicts",LP,2020-07-06,P,2023-06-09,2,2,True,toward_pathogenic,2020.0,2023.0
1438782,COL4A5,NM_033380.3(COL4A5):c.231+2T>C,,single nucleotide variant,splice donor variant,Pathogenic/Likely pathogenic,"criteria provided, multiple submitters, no conflicts",LP,2022-03-14,P,2023-04-06,2,2,True,toward_pathogenic,2022.0,2023.0
24509,COL4A5,NM_033380.3(COL4A5):c.2332G>A (p.Gly778Ser),G778S,single nucleotide variant,missense variant,Pathogenic/Likely pathogenic,"criteria provided, multiple submitters, no conflicts",LP,2018-09-16,P,2024-03-19,3,3,True,toward_pathogenic,2018.0,2024.0
2737343,COL4A5,NM_033380.3(COL4A5):c.2404G>A (p.Gly802Arg),G802R,single nucleotide variant,missense variant,Pathogenic/Likely pathogenic,"criteria provided, multiple submitters, no conflicts",LP,2022-11-09,P,2025-09-10,2,2,True,toward_pathogenic,2022.0,2025.0
807581,COL4A5,NM_033380.3(COL4A5):c.2465G>T (p.Gly822Val),G822V,single nucleotide variant,missense variant,Pathogenic/Likely pathogenic,"criteria provided, multiple submitters, no conflicts",LP,2019-06-07,P,2023-07-16,2,2,True,toward_pathogenic,2019.0,2023.0
975055,COL4A5,NM_033380.3(COL4A5):c.2473G>A (p.Gly825Arg),G825R,single nucleotide variant,missense variant,Pathogenic/Likely pathogenic,"criteria provided, multiple submitters, no conflicts",LP,2018-07-17,P,2024-08-20,3,3,True,toward_pathogenic,2018.0,2024.0
968858,COL4A5,NM_033380.3(COL4A5):c.2633G>A (p.Gly878Glu),G878E,single nucleotide variant,missense variant,Pathogenic,"criteria provided, multiple submitters, no conflicts",LP,2017-10-10,P,2021-07-07,3,3,True,toward_pathogenic,2017.0,2021.0
439521,COL4A5,NM_033380.3(COL4A5):c.2696G>A (p.Gly899Asp),G899D,single nucleotide variant,missense variant,Pathogenic/Likely pathogenic,"criteria provided, multiple submitters, no conflicts",LP,2017-05-11,P,2025-06-12,5,5,True,toward_pathogenic,2017.0,2025.0
1705496,COL4A5,NM_033380.3(COL4A5):c.2732G>A (p.Gly911Glu),G911E,single nucleotide variant,missense variant,Pathogenic/Likely pathogenic,"criteria provided, multiple submitters, no conflicts",LP,2022-09-01,P,2024-01-29,3,3,True,toward_pathogenic,2022.0,2024.0
2130387,COL4A5,NM_033380.3(COL4A5):c.275_276+2del,,Deletion,splice donor variant,Pathogenic/Likely pathogenic,"criteria provided, multiple submitters, no conflicts",LP,2023-04-29,P,2024-01-24,2,2,True,toward_pathogenic,2023.0,2024.0
24567,COL4A5,NM_033380.3(COL4A5):c.2804G>A (p.Gly935Asp),G935D,single nucleotide variant,missense variant,Pathogenic/Likely pathogenic,"criteria provided, multiple submitters, no conflicts",LP,2018-09-16,P,2021-12-08,2,2,True,toward_pathogenic,2018.0,2021.0
24580,COL4A5,NM_033380.3(COL4A5):c.2965_2982del (p.Asp989_Gly994del),,Deletion,inframe_deletion,Pathogenic/Likely pathogenic,"criteria provided, multiple submitters, no conflicts",LP,2018-09-16,P,2024-09-01,5,5,True,toward_pathogenic,2018.0,2024.0
1878364,COL4A5,NM_033380.3(COL4A5):c.3017-2A>G,,single nucleotide variant,splice acceptor variant,Pathogenic/Likely pathogenic,"criteria provided, multiple submitters, no conflicts",LP,2022-12-22,P,2023-08-29,2,2,True,toward_pathogenic,2022.0,2023.0
24591,COL4A5,NM_033380.3(COL4A5):c.3088G>A (p.Gly1030Ser),G1030S,single nucleotide variant,missense variant,Pathogenic/Likely pathogenic,"criteria provided, multiple submitters, no conflicts",LP,2017-11-10,P,2026-01-29,10,10,True,toward_pathogenic,2017.0,2026.0
1066759,COL4A5,NM_033380.3(COL4A5):c.3107G>A (p.Gly1036Glu),G1036E,single nucleotide variant,missense variant,Pathogenic/Likely pathogenic,"criteria provided, multiple submitters, no conflicts",LP,2020-06-23,P,2024-07-15,3,3,True,toward_pathogenic,2020.0,2024.0
2506495,COL4A5,NM_033380.3(COL4A5):c.3115G>A (p.Gly1039Ser),G1039S,single nucleotide variant,missense variant,Pathogenic/Likely pathogenic,"criteria provided, multiple submitters, no conflicts",LP,2022-12-01,P,2024-12-26,2,2,True,toward_pathogenic,2022.0,2024.0
829910,COL4A5,NM_033380.3(COL4A5):c.3293G>A (p.Gly1098Asp),G1098D,single nucleotide variant,missense variant,Pathogenic/Likely pathogenic,"criteria provided, multiple submitters, no conflicts",LP,2019-10-21,P,2026-02-03,4,4,True,toward_pathogenic,2019.0,2026.0
1412256,COL4A5,NM_033380.3(COL4A5):c.3346G>A (p.Gly1116Arg),G1116R,single nucleotide variant,missense variant,Pathogenic/Likely pathogenic,"criteria provided, multiple submitters, no conflicts",LP,2021-09-06,P,2024-03-29,3,3,True,toward_pathogenic,2021.0,2024.0
24621,COL4A5,NM_033380.3(COL4A5):c.3347G>T (p.Gly1116Val),G1116V,single nucleotide variant,missense variant,Pathogenic/Likely pathogenic,"criteria provided, multiple submitters, no conflicts",LP,2017-12-13,P,2025-11-05,5,5,True,toward_pathogenic,2017.0,2025.0
447205,COL4A5,NM_033380.3(COL4A5):c.3427G>T (p.Gly1143Cys),G1143C,single nucleotide variant,missense variant,Pathogenic/Likely pathogenic,"criteria provided, multiple submitters, no conflicts",LP,2017-07-11,P,2024-04-04,3,3,True,toward_pathogenic,2017.0,2024.0
372992,COL4A5,NM_033380.3(COL4A5):c.3490G>T (p.Gly1164Cys),G1164C,single nucleotide variant,missense variant,Pathogenic/Likely pathogenic,"criteria provided, multiple submitters, no conflicts",LP,2016-07-01,P,2021-06-13,2,2,True,toward_pathogenic,2016.0,2021.0
1502533,COL4A5,NM_033380.3(COL4A5):c.3508G>T (p.Gly1170Cys),G1170C,single nucleotide variant,missense variant,Pathogenic/Likely pathogenic,"criteria provided, multiple submitters, no conflicts",LP,2021-08-30,P,2024-10-15,2,2,True,toward_pathogenic,2021.0,2024.0
1075985,COL4A5,NM_033380.3(COL4A5):c.3584dup (p.Gly1196fs),G1196fs,Duplication,frameshift variant,Pathogenic/Likely pathogenic,"criteria provided, multiple submitters, no conflicts",LP,2021-07-07,P,2021-08-09,2,2,True,toward_pathogenic,2021.0,2021.0
24666,COL4A5,NM_033380.3(COL4A5):c.3659G>A (p.Gly1220Asp),G1220D,single nucleotide variant,missense variant,Pathogenic/Likely pathogenic,"criteria provided, multiple submitters, no conflicts",LP,2020-02-01,P,2025-09-09,5,5,True,toward_pathogenic,2020.0,2025.0
934057,COL4A5,NM_033380.3(COL4A5):c.3722G>A (p.Gly1241Asp),G1241D,single nucleotide variant,missense variant,Pathogenic,"criteria provided, single submitter",LP,2017-11-10,P,2019-06-11,2,2,True,toward_pathogenic,2017.0,2019.0
1697087,COL4A5,NM_033380.3(COL4A5):c.384+1G>A,,single nucleotide variant,splice donor variant,Pathogenic/Likely pathogenic,"criteria provided, multiple submitters, no conflicts",LP,2022-01-13,P,2024-01-08,2,2,True,toward_pathogenic,2022.0,2024.0
2431735,COL4A5,NM_033380.3(COL4A5):c.4087+1G>C,,single nucleotide variant,splice donor variant,Pathogenic/Likely pathogenic,"criteria provided, multiple submitters, no conflicts",LP,2022-04-11,P,2025-08-01,2,2,True,toward_pathogenic,2022.0,2025.0
4281540,COL4A5,NM_033380.3(COL4A5):c.412G>C (p.Gly138Arg),G138R,single nucleotide variant,missense variant,Pathogenic/Likely pathogenic,"criteria provided, multiple submitters, no conflicts",LP,2025-10-03,P,2025-12-01,2,2,True,toward_pathogenic,2025.0,2025.0
974467,COL4A5,NM_033380.3(COL4A5):c.4316-20T>A,,single nucleotide variant,intron variant,Likely pathogenic,"criteria provided, single submitter",LP,2020-02-01,P,2021-01-08,2,2,True,toward_pathogenic,2020.0,2021.0
996230,COL4A5,NM_033380.3(COL4A5):c.4316G>A (p.Gly1439Asp),"G1433D, G1439D",single nucleotide variant,missense variant,Pathogenic/Likely pathogenic,"criteria provided, multiple submitters, no conflicts",LP,2021-01-21,P,2024-07-17,3,3,True,toward_pathogenic,2021.0,2024.0
1459581,COL4A5,NM_033380.3(COL4A5):c.4360G>A (p.Gly1454Ser),"G1448S, G1454S",single nucleotide variant,missense variant,Pathogenic/Likely pathogenic,"criteria provided, multiple submitters, no conflicts",LP,2022-03-23,P,2022-07-01,2,2,True,toward_pathogenic,2022.0,2022.0
804590,COL4A5,NM_033380.3(COL4A5):c.458G>T (p.Gly153Val),G153V,single nucleotide variant,missense variant,Pathogenic/Likely pathogenic,"criteria provided, multiple submitters, no conflicts",LP,2019-02-06,P,2023-07-07,2,2,True,toward_pathogenic,2019.0,2023.0
811258,COL4A5,NM_033380.3(COL4A5):c.4618del (p.Asp1540fs),"D1534fs, D1540fs",Deletion,frameshift variant,Pathogenic/Likely pathogenic,"criteria provided, multiple submitters, no conflicts",LP,2019-01-09,P,2019-05-13,2,2,True,toward_pathogenic,2019.0,2019.0
984067,COL4A5,NM_033380.3(COL4A5):c.4631G>A (p.Trp1544Ter),"W1538*, W1544*",single nucleotide variant,nonsense,Pathogenic/Likely pathogenic,"criteria provided, multiple submitters, no conflicts",LP,2019-09-30,P,2022-06-17,3,3,True,toward_pathogenic,2019.0,2022.0
24757,COL4A5,NM_033380.3(COL4A5):c.4706G>A (p.Arg1569Gln),"R1563Q, R1569Q",single nucleotide variant,missense variant,Pathogenic/Likely pathogenic,"criteria provided, multiple submitters, no conflicts",LP,2017-04-03,P,2025-04-28,10,10,True,toward_pathogenic,2017.0,2025.0
1724536,COL4A5,NM_033380.3(COL4A5):c.4783G>T (p.Gly1595Ter),"G1589*, G1595*",single nucleotide variant,nonsense,Pathogenic/Likely pathogenic,"criteria provided, multiple submitters, no conflicts",LP,2022-02-19,P,2024-05-02,3,3,True,toward_pathogenic,2022.0,2024.0
1803954,COL4A5,NM_033380.3(COL4A5):c.4808A>G (p.Tyr1603Cys),"Y1597C, Y1603C",single nucleotide variant,missense variant,Pathogenic/Likely pathogenic,"criteria provided, multiple submitters, no conflicts",LP,2021-09-07,P,2025-10-22,3,3,True,toward_pathogenic,2021.0,2025.0
1458972,COL4A5,NM_033380.3(COL4A5):c.5051G>A (p.Cys1684Tyr),"C1684Y, C1678Y",single nucleotide variant,missense variant,Pathogenic/Likely pathogenic,"criteria provided, multiple submitters, no conflicts",LP,2024-05-14,P,2025-04-02,2,2,True,toward_pathogenic,2024.0,2025.0
562438,COL4A5,NM_033380.3(COL4A5):c.530G>A (p.Gly177Asp),G177D,single nucleotide variant,missense variant,Pathogenic,"criteria provided, single submitter",LP,2018-09-16,P,2022-05-18,2,2,True,toward_pathogenic,2018.0,2022.0
2627802,COL4A5,NM_033380.3(COL4A5):c.547-1G>A,,single nucleotide variant,splice acceptor variant,Pathogenic,"criteria provided, single submitter",LP,2022-09-05,P,2023-10-15,2,2,True,toward_pathogenic,2022.0,2023.0
2138684,COL4A5,NM_033380.3(COL4A5):c.609+875G>T,,single nucleotide variant,intron variant,Pathogenic/Likely pathogenic,"criteria provided, multiple submitters, no conflicts",LP,2023-11-28,P,2024-09-16,2,2,True,toward_pathogenic,2023.0,2024.0
2626949,COL4A5,NM_033380.3(COL4A5):c.60G>A (p.Trp20Ter),W20*,single nucleotide variant,nonsense,Pathogenic/Likely pathogenic,"criteria provided, multiple submitters, no conflicts",LP,2023-09-18,P,2024-04-16,2,2,True,toward_pathogenic,2023.0,2024.0
618579,COL4A5,NM_033380.3(COL4A5):c.619G>C (p.Gly207Arg),G207R,single nucleotide variant,missense variant,Pathogenic/Likely pathogenic,"criteria provided, multiple submitters, no conflicts",LP,2020-12-11,P,2024-12-11,3,3,True,toward_pathogenic,2020.0,2024.0
1066320,COL4A5,NM_033380.3(COL4A5):c.637G>C (p.Gly213Arg),G213R,single nucleotide variant,missense variant,Likely pathogenic,"criteria provided, multiple submitters, no conflicts",LP,2021-09-08,P,2024-07-18,3,3,True,toward_pathogenic,2021.0,2024.0
1507208,COL4A5,NM_033380.3(COL4A5):c.799G>C (p.Gly267Arg),G267R,single nucleotide variant,missense variant,Pathogenic/Likely pathogenic,"criteria provided, multiple submitters, no conflicts",LP,2021-06-30,P,2021-11-22,2,2,True,toward_pathogenic,2021.0,2021.0
522545,COL4A5,NM_033380.3(COL4A5):c.835-2A>G,,single nucleotide variant,splice acceptor variant,Likely pathogenic,"criteria provided, single submitter",LP,2017-06-01,P,2017-11-28,2,2,True,toward_pathogenic,2017.0,2017.0
24342,COL4A5,NM_033380.3(COL4A5):c.920G>A (p.Gly307Asp),G307D,single nucleotide variant,missense variant,Pathogenic/Likely pathogenic,"criteria provided, multiple submitters, no conflicts",LP,2017-10-31,P,2025-08-25,4,4,True,toward_pathogenic,2017.0,2025.0
974474,COL4A5,NM_033380.3(COL4A5):c.983G>A (p.Gly328Asp),G328D,single nucleotide variant,missense variant,Pathogenic/Likely pathogenic,"criteria provided, multiple submitters, no conflicts",LP,2020-02-01,P,2025-10-03,2,2,True,toward_pathogenic,2020.0,2025.0
549707,FN1,NM_212482.4(FN1):c.638G>A (p.Cys213Tyr),C213Y,single nucleotide variant,missense variant,Pathogenic,"criteria provided, single submitter",LP,2018-05-09,P,2022-04-13,4,4,True,toward_pathogenic,2018.0,2022.0
424645,FN1,NM_212482.4(FN1):c.675C>G (p.Cys225Trp),C225W,single nucleotide variant,missense variant,Pathogenic/Likely pathogenic,"criteria provided, multiple submitters, no conflicts",LP,2017-02-25,P,2025-01-21,4,4,True,toward_pathogenic,2017.0,2025.0
830025,C3,NM_000064.4(C3):c.2531A>G (p.Gln844Arg),Q844R,single nucleotide variant,missense variant,Uncertain significance,"criteria provided, single submitter",LP,2019-10-29,VUS,2025-09-30,2,2,True,toward_benign,2019.0,2025.0
522408,C3,NM_000064.4(C3):c.3908G>A (p.Arg1303His),R1303H,single nucleotide variant,missense variant,Uncertain significance,"criteria provided, single submitter",LP,2017-09-18,VUS,2025-09-30,2,2,True,toward_benign,2017.0,2025.0
1344660,C3,NM_000064.4(C3):c.4534C>T (p.Arg1512Cys),R1512C,single nucleotide variant,missense variant,Uncertain significance,"criteria provided, multiple submitters, no conflicts",LP,2019-02-14,VUS,2025-09-30,3,3,True,toward_benign,2019.0,2025.0
202203,C3,NM_000064.4(C3):c.640C>T (p.Pro214Ser),P214S,single nucleotide variant,missense variant,Uncertain significance,"criteria provided, multiple submitters, no conflicts",LP,2013-12-20,VUS,2025-09-30,3,3,True,toward_benign,2013.0,2025.0
3384166,CFH,NM_000186.4(CFH):c.1207G>C (p.Gly403Arg),G403R,single nucleotide variant,missense variant,Uncertain significance,"criteria provided, single submitter",LP,2018-11-09,VUS,2025-10-02,2,2,True,toward_benign,2018.0,2025.0
522442,CFH,NM_000186.4(CFH):c.58G>A (p.Asp20Asn),D20N,single nucleotide variant,missense variant,Uncertain significance,"criteria provided, multiple submitters, no conflicts",LP,2017-09-18,VUS,2025-09-01,4,4,True,toward_benign,2017.0,2025.0
635432,CFI,NM_000204.5(CFI):c.1165C>T (p.Arg389Cys),"R389C, R382C, R397C, R186C, R370C",single nucleotide variant,missense variant|non-coding transcript variant,Uncertain significance,"criteria provided, single submitter",LP,2018-09-28,VUS,2026-01-11,2,2,True,toward_benign,2018.0,2026.0
3033134,COL4A3,NM_000091.5(COL4A3):c.1622G>C (p.Gly541Ala),G541A,single nucleotide variant,missense variant,Uncertain significance,"criteria provided, single submitter",LP,2023-12-14,VUS,2024-02-14,2,2,True,toward_benign,2023.0,2024.0
1463344,COL4A3,NM_000091.5(COL4A3):c.2444G>A (p.Gly815Glu),G815E,single nucleotide variant,missense variant,Uncertain significance,"criteria provided, single submitter",LP,2024-04-15,VUS,2025-04-17,2,2,True,toward_benign,2024.0,2025.0
562253,COL4A3,NM_000091.5(COL4A3):c.3142G>C (p.Gly1048Arg),G1048R,single nucleotide variant,missense variant,Uncertain significance,"criteria provided, single submitter",LP,2018-09-16,VUS,2025-08-26,2,2,True,toward_benign,2018.0,2025.0
635510,COL4A3,NM_000091.5(COL4A3):c.3629G>A (p.Gly1210Glu),G1210E,single nucleotide variant,missense variant,Uncertain significance,"criteria provided, single submitter",LP,2018-11-20,VUS,2021-08-04,2,2,True,toward_benign,2018.0,2021.0
556759,COL4A4,NM_000092.5(COL4A4):c.1033_1050del (p.Asp345_Gly350del),,Deletion,inframe_deletion,Uncertain significance,"criteria provided, single submitter",LP,2018-02-22,VUS,2025-04-23,2,2,True,toward_benign,2018.0,2025.0
988116,COL4A5,NM_033380.3(COL4A5):c.276+2dup,,Duplication,splice donor variant,Uncertain significance,"criteria provided, single submitter",LP,2018-08-27,VUS,2025-01-19,2,2,True,toward_benign,2018.0,2025.0
829923,COL4A5,NM_033380.3(COL4A5):c.3152G>A (p.Gly1051Glu),G1051E,single nucleotide variant,missense variant,Uncertain significance,"criteria provided, single submitter",LP,2019-11-21,VUS,2024-06-20,2,2,True,toward_benign,2019.0,2024.0
522412,COL4A5,NM_033380.3(COL4A5):c.3942G>A (p.Gln1314=),,single nucleotide variant,synonymous variant,Uncertain significance,"criteria provided, single submitter",LP,2017-09-18,VUS,2023-05-02,2,2,True,toward_benign,2017.0,2023.0
424648,FN1,NM_212482.4(FN1):c.2422ACA[1] (p.Thr809del),T809del,Microsatellite,inframe_deletion,Uncertain significance,"criteria provided, single submitter",LP,2017-02-25,VUS,2018-10-15,3,3,True,toward_benign,2017.0,2018.0
3584123,C3,NM_000064.4(C3):c.2825_2826del (p.Val942fs),V942fs,Microsatellite,frameshift variant,Pathogenic/Likely pathogenic,"criteria provided, multiple submitters, no conflicts",P,2024-03-07,LP,2024-03-30,2,2,True,toward_benign,2024.0,2024.0
988243,C3,NM_000064.4(C3):c.3470T>C (p.Ile1157Thr),I1157T,single nucleotide variant,missense variant,Pathogenic/Likely pathogenic,"criteria provided, multiple submitters, no conflicts",P,2018-09-06,LP,2025-09-30,3,3,True,toward_benign,2018.0,2025.0
17064,C3,NM_000064.4(C3):c.4631-2A>G,,single nucleotide variant,splice acceptor variant,Likely pathogenic,"criteria provided, single submitter",P,2005-04-29,LP,2025-09-30,2,2,True,toward_benign,2005.0,2025.0
1163121,C3,NM_000064.4(C3):c.481C>T (p.Arg161Trp),R161W,single nucleotide variant,missense variant,Pathogenic/Likely pathogenic,"criteria provided, multiple submitters, no conflicts",P,2021-03-21,LP,2025-09-30,5,5,True,toward_benign,2021.0,2025.0
2010523,CD46,NM_172351.3(CD46):c.257G>A (p.Trp86Ter),W86*,single nucleotide variant,nonsense,Pathogenic/Likely pathogenic,"criteria provided, multiple submitters, no conflicts",P,2022-06-25,LP,2023-11-06,2,2,True,toward_benign,2022.0,2023.0
1163189,CD46,NM_172351.3(CD46):c.287-2A>G,,single nucleotide variant,splice acceptor variant,Pathogenic/Likely pathogenic,"criteria provided, multiple submitters, no conflicts",P,2015-06-20,LP,2026-01-13,7,7,True,toward_benign,2015.0,2026.0
829903,CD46,NM_172351.3(CD46):c.714_715del (p.Gln238fs),Q238fs,Deletion,frameshift variant,Likely pathogenic,"criteria provided, single submitter",P,2019-10-16,LP,2022-05-13,2,2,True,toward_benign,2019.0,2022.0
1343345,CD46,NM_172351.3(CD46):c.820_821del (p.Ser274fs),S274fs,Deletion,frameshift variant,"Pathogenic/Likely pathogenic/Pathogenic, low penetrance","criteria provided, multiple submitters, no conflicts",P,2021-12-09,LP,2025-08-22,4,4,True,toward_benign,2021.0,2025.0
2078079,CD46,NM_172351.3(CD46):c.886del (p.Ala296fs),"A296fs, A311fs",Deletion,frameshift variant|intron variant,Pathogenic/Likely pathogenic,"criteria provided, multiple submitters, no conflicts",P,2022-09-01,LP,2025-06-02,2,2,True,toward_benign,2022.0,2025.0
1454075,CFH,NM_000186.4(CFH):c.2602dup (p.Ile868fs),I868fs,Duplication,frameshift variant,Pathogenic/Likely pathogenic,"criteria provided, multiple submitters, no conflicts",P,2021-07-09,LP,2024-02-16,2,2,True,toward_benign,2021.0,2024.0
16545,CFH,NM_000186.4(CFH):c.3572C>T (p.Ser1191Leu),S1191L,single nucleotide variant,missense variant,Pathogenic/Likely pathogenic,"criteria provided, multiple submitters, no conflicts",P,2020-10-08,LP,2025-10-02,9,9,True,toward_benign,2020.0,2025.0
16554,CFH,NM_000186.4(CFH):c.380G>T (p.Arg127Leu),R127L,single nucleotide variant,missense variant,Likely pathogenic,"criteria provided, single submitter",P,2004-03-01,LP,2025-10-02,2,2,True,toward_benign,2004.0,2025.0
655841,COL4A3,NM_000091.5(COL4A3):c.1051C>T (p.Gln351Ter),Q351*,single nucleotide variant,nonsense,Pathogenic/Likely pathogenic,"criteria provided, multiple submitters, no conflicts",P,2018-12-22,LP,2025-10-21,2,2,True,toward_benign,2018.0,2025.0
1370958,COL4A3,NM_000091.5(COL4A3):c.1180_1199del (p.Pro394fs),P394fs,Deletion,frameshift variant,Pathogenic/Likely pathogenic,"criteria provided, multiple submitters, no conflicts",P,2022-02-14,LP,2025-01-23,2,2,True,toward_benign,2022.0,2025.0
1008517,COL4A3,NM_000091.5(COL4A3):c.1229G>A (p.Gly410Glu),G410E,single nucleotide variant,missense variant,Pathogenic/Likely pathogenic,"criteria provided, multiple submitters, no conflicts",P,2024-07-12,LP,2024-11-25,2,2,True,toward_benign,2024.0,2024.0
2681739,COL4A3,NM_000091.5(COL4A3):c.1274C>A (p.Ser425Ter),S425*,single nucleotide variant,nonsense,Pathogenic/Likely pathogenic,"criteria provided, multiple submitters, no conflicts",P,2023-06-06,LP,2023-12-01,2,2,True,toward_benign,2023.0,2023.0
1451638,COL4A3,NM_000091.5(COL4A3):c.1408+1G>A,,single nucleotide variant,splice donor variant,Pathogenic/Likely pathogenic,"criteria provided, multiple submitters, no conflicts",P,2023-12-06,LP,2025-05-08,2,2,True,toward_benign,2023.0,2025.0
3682556,COL4A3,NM_000091.5(COL4A3):c.1408+1G>T,,single nucleotide variant,splice donor variant,Pathogenic/Likely pathogenic,"criteria provided, multiple submitters, no conflicts",P,2024-04-06,LP,2025-03-18,2,2,True,toward_benign,2024.0,2025.0
829844,COL4A3,NM_000091.5(COL4A3):c.142A>T (p.Lys48Ter),K48*,single nucleotide variant,nonsense,Pathogenic/Likely pathogenic,"criteria provided, multiple submitters, no conflicts",P,2019-05-23,LP,2024-09-27,3,3,True,toward_benign,2019.0,2024.0
562351,COL4A3,NM_000091.5(COL4A3):c.1504+1G>A,,single nucleotide variant,splice donor variant,Pathogenic/Likely pathogenic,"criteria provided, multiple submitters, no conflicts",P,2018-09-16,LP,2024-04-02,5,5,True,toward_benign,2018.0,2024.0
829845,COL4A3,NM_000091.5(COL4A3):c.1505-2A>C,,single nucleotide variant,splice acceptor variant,Likely pathogenic,"criteria provided, multiple submitters, no conflicts",P,2019-05-23,LP,2025-06-07,3,3,True,toward_benign,2019.0,2025.0
830011,COL4A3,NM_000091.5(COL4A3):c.1559G>A (p.Gly520Asp),G520D,single nucleotide variant,missense variant,Likely pathogenic,"criteria provided, multiple submitters, no conflicts",P,2019-10-04,LP,2024-03-08,4,4,True,toward_benign,2019.0,2024.0
1458425,COL4A3,NM_000091.5(COL4A3):c.1750G>T (p.Gly584Cys),G584C,single nucleotide variant,missense variant,Pathogenic/Likely pathogenic,"criteria provided, multiple submitters, no conflicts",P,2021-03-29,LP,2021-05-06,2,2,True,toward_benign,2021.0,2021.0
2734418,COL4A3,NM_000091.5(COL4A3):c.1845dup (p.Pro616fs),P616fs,Duplication,frameshift variant,Pathogenic/Likely pathogenic,"criteria provided, multiple submitters, no conflicts",P,2023-01-05,LP,2024-12-27,4,4,True,toward_benign,2023.0,2024.0
617934,COL4A3,NM_000091.5(COL4A3):c.1892G>T (p.Gly631Val),G631V,single nucleotide variant,missense variant,Pathogenic/Likely pathogenic,"criteria provided, multiple submitters, no conflicts",P,2021-08-12,LP,2025-07-17,5,5,True,toward_benign,2021.0,2025.0
1953440,COL4A3,NM_000091.5(COL4A3):c.1991del (p.Pro664fs),P664fs,Deletion,frameshift variant,Pathogenic/Likely pathogenic,"criteria provided, multiple submitters, no conflicts",P,2022-09-06,LP,2024-03-13,2,2,True,toward_benign,2022.0,2024.0
1911793,COL4A3,NM_000091.5(COL4A3):c.1A>G (p.Met1Val),M1V,single nucleotide variant,missense variant|initiator_codon_variant,Pathogenic/Likely pathogenic,"criteria provided, multiple submitters, no conflicts",P,2022-10-31,LP,2025-10-09,2,2,True,toward_benign,2022.0,2025.0
585518,COL4A3,NM_000091.5(COL4A3):c.2176dup (p.Met726fs),M726fs,Duplication,frameshift variant,Pathogenic/Likely pathogenic,"criteria provided, multiple submitters, no conflicts",P,2018-05-09,LP,2025-01-22,2,2,True,toward_benign,2018.0,2025.0
849784,COL4A3,NM_000091.5(COL4A3):c.2189G>A (p.Gly730Glu),G730E,single nucleotide variant,missense variant,Pathogenic/Likely pathogenic,"criteria provided, multiple submitters, no conflicts",P,2022-02-03,LP,2025-08-29,3,3,True,toward_benign,2022.0,2025.0
3066165,COL4A3,NM_000091.5(COL4A3):c.2302G>A (p.Gly768Arg),G768R,single nucleotide variant,missense variant,Pathogenic/Likely pathogenic,"criteria provided, multiple submitters, no conflicts",P,2022-04-28,LP,2023-12-29,2,2,True,toward_benign,2022.0,2023.0
1017230,COL4A3,NM_000091.5(COL4A3):c.2313_2330del (p.772LPG[1]),,Deletion,inframe_deletion,Pathogenic/Likely pathogenic,"criteria provided, multiple submitters, no conflicts",P,2022-09-02,LP,2025-01-15,3,3,True,toward_benign,2022.0,2025.0
3391151,COL4A3,NM_000091.5(COL4A3):c.2374G>A (p.Gly792Arg),G792R,single nucleotide variant,missense variant,Pathogenic/Likely pathogenic,"criteria provided, multiple submitters, no conflicts",P,2024-12-18,LP,2025-10-23,2,2,True,toward_benign,2024.0,2025.0
2203281,COL4A3,NM_000091.5(COL4A3):c.2401G>A (p.Gly801Arg),G801R,single nucleotide variant,missense variant,Pathogenic/Likely pathogenic,"criteria provided, multiple submitters, no conflicts",P,2025-01-02,LP,2025-01-07,2,2,True,toward_benign,2025.0,2025.0
1074501,COL4A3,NM_000091.5(COL4A3):c.2546C>G (p.Ser849Ter),S849*,single nucleotide variant,nonsense,Pathogenic/Likely pathogenic,"criteria provided, multiple submitters, no conflicts",P,2022-10-13,LP,2025-08-25,3,3,True,toward_benign,2022.0,2025.0
870355,COL4A3,NM_000091.5(COL4A3):c.2621del (p.Gly874fs),G874fs,Deletion,frameshift variant,Likely pathogenic,"criteria provided, multiple submitters, no conflicts",P,2018-03-06,LP,2021-06-30,3,3,True,toward_benign,2018.0,2021.0
1070962,COL4A3,NM_000091.5(COL4A3):c.2638G>T (p.Gly880Ter),G880*,single nucleotide variant,nonsense,Pathogenic/Likely pathogenic,"criteria provided, multiple submitters, no conflicts",P,2020-09-30,LP,2025-05-26,2,2,True,toward_benign,2020.0,2025.0
2734420,COL4A3,NM_000091.5(COL4A3):c.2745_2746+7del,,Deletion,splice donor variant,Pathogenic/Likely pathogenic,"criteria provided, multiple submitters, no conflicts",P,2023-01-07,LP,2025-01-10,2,2,True,toward_benign,2023.0,2025.0
1424095,COL4A3,NM_000091.5(COL4A3):c.2800G>A (p.Gly934Arg),G934R,single nucleotide variant,missense variant,Pathogenic/Likely pathogenic,"criteria provided, multiple submitters, no conflicts",P,2021-11-07,LP,2025-09-17,2,2,True,toward_benign,2021.0,2025.0
4734982,COL4A3,NM_000091.5(COL4A3):c.2819del (p.Gly940fs),G940fs,Deletion,frameshift variant,Pathogenic/Likely pathogenic,"criteria provided, multiple submitters, no conflicts",P,2026-01-09,LP,2026-01-20,2,2,True,toward_benign,2026.0,2026.0
562376,COL4A3,NM_000091.5(COL4A3):c.2881+1G>T,,single nucleotide variant,splice donor variant,Pathogenic/Likely pathogenic,"criteria provided, multiple submitters, no conflicts",P,2018-09-16,LP,2024-07-30,3,3,True,toward_benign,2018.0,2024.0
938341,COL4A3,NM_000091.5(COL4A3):c.3119_3120del (p.Arg1040fs),R1040fs,Deletion,frameshift variant,Pathogenic/Likely pathogenic,"criteria provided, multiple submitters, no conflicts",P,2024-11-19,LP,2024-12-09,2,2,True,toward_benign,2024.0,2024.0
939366,COL4A3,NM_000091.5(COL4A3):c.3134G>T (p.Gly1045Val),G1045V,single nucleotide variant,missense variant,Pathogenic/Likely pathogenic,"criteria provided, multiple submitters, no conflicts",P,2022-03-27,LP,2022-04-08,2,2,True,toward_benign,2022.0,2022.0
369965,COL4A3,NM_000091.5(COL4A3):c.3244_3247del (p.Lys1082fs),K1082fs,Microsatellite,frameshift variant,Pathogenic/Likely pathogenic,"criteria provided, multiple submitters, no conflicts",P,2021-12-18,LP,2024-09-05,3,3,True,toward_benign,2021.0,2024.0
447171,COL4A3,NM_000091.5(COL4A3):c.3250G>T (p.Glu1084Ter),E1084*,single nucleotide variant,nonsense,Pathogenic/Likely pathogenic,"criteria provided, multiple submitters, no conflicts",P,2016-10-18,LP,2024-08-07,5,5,True,toward_benign,2016.0,2024.0
222052,COL4A3,NM_000091.5(COL4A3):c.3410G>A (p.Gly1137Asp),G1137D,single nucleotide variant,missense variant,Pathogenic/Likely pathogenic,"criteria provided, multiple submitters, no conflicts",P,2016-02-02,LP,2025-09-10,2,2,True,toward_benign,2016.0,2025.0
967246,COL4A3,NM_000091.5(COL4A3):c.3566-2A>G,,single nucleotide variant,splice acceptor variant,Pathogenic/Likely pathogenic,"criteria provided, multiple submitters, no conflicts",P,2020-12-09,LP,2025-05-19,2,2,True,toward_benign,2020.0,2025.0
1424247,COL4A3,NM_000091.5(COL4A3):c.3566G>A (p.Gly1189Glu),G1189E,single nucleotide variant,missense variant,Pathogenic/Likely pathogenic,"criteria provided, multiple submitters, no conflicts",P,2024-11-19,LP,2025-10-09,2,2,True,toward_benign,2024.0,2025.0
2093215,COL4A3,NM_000091.5(COL4A3):c.3737C>G (p.Ser1246Ter),S1246*,single nucleotide variant,nonsense,Pathogenic/Likely pathogenic,"criteria provided, multiple submitters, no conflicts",P,2022-07-13,LP,2025-05-21,3,3,True,toward_benign,2022.0,2025.0
812587,COL4A3,NM_000091.5(COL4A3):c.387+1G>A,,single nucleotide variant,splice donor variant,Likely pathogenic,"criteria provided, multiple submitters, no conflicts",P,2019-04-16,LP,2025-12-29,3,3,True,toward_benign,2019.0,2025.0
3585977,COL4A3,NM_000091.5(COL4A3):c.415G>A (p.Gly139Arg),G139R,single nucleotide variant,missense variant,Pathogenic/Likely pathogenic,"criteria provided, multiple submitters, no conflicts",P,2024-03-08,LP,2025-09-17,2,2,True,toward_benign,2024.0,2025.0
870362,COL4A3,NM_000091.5(COL4A3):c.4235G>T (p.Gly1412Val),G1412V,single nucleotide variant,missense variant,Pathogenic/Likely pathogenic,"criteria provided, multiple submitters, no conflicts",P,2020-03-11,LP,2026-01-26,6,6,True,toward_benign,2020.0,2026.0
1410422,COL4A3,NM_000091.5(COL4A3):c.4265C>G (p.Ser1422Ter),S1422*,single nucleotide variant,nonsense,Pathogenic/Likely pathogenic,"criteria provided, multiple submitters, no conflicts",P,2021-09-15,LP,2024-05-08,2,2,True,toward_benign,2021.0,2024.0
3234059,COL4A3,NM_000091.5(COL4A3):c.4357C>T (p.Gln1453Ter),Q1453*,single nucleotide variant,nonsense,Pathogenic/Likely pathogenic,"criteria provided, multiple submitters, no conflicts",P,2023-09-12,LP,2024-03-18,2,2,True,toward_benign,2023.0,2024.0
2105186,COL4A3,NM_000091.5(COL4A3):c.448del (p.Ala150fs),A150fs,Deletion,frameshift variant,Pathogenic/Likely pathogenic,"criteria provided, multiple submitters, no conflicts",P,2023-02-04,LP,2024-06-13,2,2,True,toward_benign,2023.0,2024.0
2203284,COL4A3,NM_000091.5(COL4A3):c.4531_4534del (p.Cys1511fs),C1511fs,Microsatellite,frameshift variant,Pathogenic/Likely pathogenic,"criteria provided, multiple submitters, no conflicts",P,2022-06-12,LP,2024-10-18,3,3,True,toward_benign,2022.0,2024.0
1356227,COL4A3,NM_000091.5(COL4A3):c.4644C>A (p.Cys1548Ter),C1548*,single nucleotide variant,nonsense,Pathogenic/Likely pathogenic,"criteria provided, multiple submitters, no conflicts",P,2022-06-23,LP,2024-06-18,2,2,True,toward_benign,2022.0,2024.0
2869562,COL4A3,NM_000091.5(COL4A3):c.4722G>A (p.Trp1574Ter),W1574*,single nucleotide variant,nonsense,Pathogenic/Likely pathogenic,"criteria provided, multiple submitters, no conflicts",P,2023-01-31,LP,2024-06-18,2,2,True,toward_benign,2023.0,2024.0
1451415,COL4A3,NM_000091.5(COL4A3):c.4825del (p.Arg1609fs),R1609fs,Deletion,frameshift variant,Pathogenic/Likely pathogenic,"criteria provided, multiple submitters, no conflicts",P,2021-11-11,LP,2024-06-17,2,2,True,toward_benign,2021.0,2024.0
3586154,COL4A3,NM_000091.5(COL4A3):c.4847G>A (p.Cys1616Tyr),C1616Y,single nucleotide variant,missense variant,Pathogenic/Likely pathogenic,"criteria provided, multiple submitters, no conflicts",P,2024-01-16,LP,2025-12-02,2,2,True,toward_benign,2024.0,2025.0
17488,COL4A3,NM_000091.5(COL4A3):c.4929-388G>T,,single nucleotide variant,intron variant,Likely pathogenic,"criteria provided, single submitter",P,1998-01-01,LP,2025-10-30,2,2,True,toward_benign,1998.0,2025.0
952389,COL4A3,NM_000091.5(COL4A3):c.560_563del (p.Pro187fs),P187fs,Deletion,frameshift variant,Pathogenic/Likely pathogenic,"criteria provided, multiple submitters, no conflicts",P,2022-05-14,LP,2024-09-05,4,4,True,toward_benign,2022.0,2024.0
2806524,COL4A3,NM_000091.5(COL4A3):c.689dup,,Duplication,,Pathogenic/Likely pathogenic,"criteria provided, multiple submitters, no conflicts",P,2023-09-04,LP,2024-03-27,2,2,True,toward_benign,2023.0,2024.0
3377043,COL4A3,NM_000091.5(COL4A3):c.689G>A (p.Gly230Asp),G230D,single nucleotide variant,missense variant,Pathogenic/Likely pathogenic,"criteria provided, multiple submitters, no conflicts",P,2024-10-09,LP,2025-09-14,3,3,True,toward_benign,2024.0,2025.0
4531833,COL4A3,NM_000091.5(COL4A3):c.689G>T (p.Gly230Val),G230V,single nucleotide variant,missense variant,Pathogenic/Likely pathogenic,"criteria provided, multiple submitters, no conflicts",P,2025-07-28,LP,2025-10-20,2,2,True,toward_benign,2025.0,2025.0
3256699,COL4A3,NM_000091.5(COL4A3):c.744_765+66del,,Deletion,splice donor variant,Pathogenic/Likely pathogenic,"criteria provided, multiple submitters, no conflicts",P,2024-06-04,LP,2025-03-10,2,2,True,toward_benign,2024.0,2025.0
222053,COL4A3,NM_000091.5(COL4A3):c.765G>T (p.Thr255=),,single nucleotide variant,synonymous variant,Pathogenic/Likely pathogenic,"criteria provided, multiple submitters, no conflicts",P,2016-02-02,LP,2024-02-29,2,2,True,toward_benign,2016.0,2024.0
1068384,COL4A3,NM_000091.5(COL4A3):c.888+1G>A,,single nucleotide variant,splice donor variant,Pathogenic/Likely pathogenic,"criteria provided, multiple submitters, no conflicts",P,2021-06-29,LP,2025-02-27,2,2,True,toward_benign,2021.0,2025.0
940787,COL4A3,NM_000091.5(COL4A3):c.894del (p.Lys298fs),K298fs,Deletion,frameshift variant,Pathogenic/Likely pathogenic,"criteria provided, multiple submitters, no conflicts",P,2020-07-24,LP,2022-01-25,2,2,True,toward_benign,2020.0,2022.0
1333430,COL4A4,NM_000092.5(COL4A4):c.1099+1G>T,,single nucleotide variant,splice donor variant,Pathogenic/Likely pathogenic,"criteria provided, multiple submitters, no conflicts",P,2021-07-13,LP,2022-01-03,2,2,True,toward_benign,2021.0,2022.0
1219193,COL4A4,NM_000092.5(COL4A4):c.1145G>C (p.Gly382Ala),G382A,single nucleotide variant,missense variant,Pathogenic/Likely pathogenic,"criteria provided, multiple submitters, no conflicts",P,2024-02-20,LP,2025-09-17,4,4,True,toward_benign,2024.0,2025.0
2133804,COL4A4,NM_000092.5(COL4A4):c.1169del (p.Pro390fs),P390fs,Deletion,frameshift variant,Pathogenic/Likely pathogenic,"criteria provided, multiple submitters, no conflicts",P,2023-05-22,LP,2024-06-10,2,2,True,toward_benign,2023.0,2024.0
599148,COL4A4,NM_000092.5(COL4A4):c.1221_1237del (p.Gly408fs),G408fs,Deletion,frameshift variant,Pathogenic/Likely pathogenic,"criteria provided, multiple submitters, no conflicts",P,2018-07-05,LP,2025-05-02,3,3,True,toward_benign,2018.0,2025.0
635526,COL4A4,NM_000092.5(COL4A4):c.1221del (p.Pro409fs),P409fs,Deletion,frameshift variant,Pathogenic/Likely pathogenic,"criteria provided, multiple submitters, no conflicts",P,2018-11-28,LP,2024-10-10,3,3,True,toward_benign,2018.0,2024.0
3376730,COL4A4,NM_000092.5(COL4A4):c.129C>G (p.Tyr43Ter),Y43*,single nucleotide variant,nonsense,Pathogenic/Likely pathogenic,"criteria provided, multiple submitters, no conflicts",P,2023-07-16,LP,2024-03-22,2,2,True,toward_benign,2023.0,2024.0
3585886,COL4A4,NM_000092.5(COL4A4):c.1352G>A (p.Gly451Asp),G451D,single nucleotide variant,missense variant,Pathogenic/Likely pathogenic,"criteria provided, multiple submitters, no conflicts",P,2024-03-12,LP,2025-09-11,2,2,True,toward_benign,2024.0,2025.0
635494,COL4A4,NM_000092.5(COL4A4):c.1389del (p.Asn464fs),N464fs,Deletion,frameshift variant,Pathogenic/Likely pathogenic,"criteria provided, multiple submitters, no conflicts",P,2018-10-09,LP,2024-05-23,3,3,True,toward_benign,2018.0,2024.0
948311,COL4A4,NM_000092.5(COL4A4):c.1402C>T (p.Gln468Ter),Q468*,single nucleotide variant,nonsense,Pathogenic/Likely pathogenic,"criteria provided, multiple submitters, no conflicts",P,2019-05-24,LP,2019-11-20,2,2,True,toward_benign,2019.0,2019.0
556434,COL4A4,NM_000092.5(COL4A4):c.1598G>A (p.Gly533Asp),G533D,single nucleotide variant,missense variant,Pathogenic/Likely pathogenic,"criteria provided, multiple submitters, no conflicts",P,2018-01-31,LP,2025-09-03,3,3,True,toward_benign,2018.0,2025.0
4280676,COL4A4,NM_000092.5(COL4A4):c.1803+2T>C,,single nucleotide variant,splice donor variant,Pathogenic/Likely pathogenic,"criteria provided, multiple submitters, no conflicts",P,2025-10-11,LP,2025-12-11,2,2,True,toward_benign,2025.0,2025.0
1458417,COL4A4,NM_000092.5(COL4A4):c.1856G>A (p.Gly619Asp),G619D,single nucleotide variant,missense variant,Pathogenic/Likely pathogenic,"criteria provided, multiple submitters, no conflicts",P,2022-05-09,LP,2025-07-03,3,3,True,toward_benign,2022.0,2025.0
1425635,COL4A4,NM_000092.5(COL4A4):c.185_186dup (p.Ser63fs),S63fs,Duplication,frameshift variant,Pathogenic/Likely pathogenic,"criteria provided, multiple submitters, no conflicts",P,2021-10-26,LP,2025-08-14,2,2,True,toward_benign,2021.0,2025.0
562435,COL4A4,NM_000092.5(COL4A4):c.1889del (p.Pro630fs),P630fs,Deletion,frameshift variant,Pathogenic/Likely pathogenic,"criteria provided, multiple submitters, no conflicts",P,2018-09-16,LP,2025-06-20,5,5,True,toward_benign,2018.0,2025.0
1456812,COL4A4,NM_000092.5(COL4A4):c.2029G>A (p.Gly677Ser),G677S,single nucleotide variant,missense variant,Pathogenic/Likely pathogenic,"criteria provided, multiple submitters, no conflicts",P,2022-12-20,LP,2025-09-04,3,3,True,toward_benign,2022.0,2025.0
3585852,COL4A4,NM_000092.5(COL4A4):c.2115dup (p.Lys706Ter),K706*,Duplication,nonsense,Pathogenic/Likely pathogenic,"criteria provided, multiple submitters, no conflicts",P,2024-01-31,LP,2024-03-13,2,2,True,toward_benign,2024.0,2024.0
1438858,COL4A4,NM_000092.5(COL4A4):c.2251G>T (p.Gly751Ter),G751*,single nucleotide variant,nonsense,Pathogenic/Likely pathogenic,"criteria provided, multiple submitters, no conflicts",P,2021-10-02,LP,2024-05-20,2,2,True,toward_benign,2021.0,2024.0
2105703,COL4A4,NM_000092.5(COL4A4):c.2616del (p.Gly873fs),G873fs,Deletion,frameshift variant,Pathogenic/Likely pathogenic,"criteria provided, multiple submitters, no conflicts",P,2022-03-02,LP,2024-01-31,2,2,True,toward_benign,2022.0,2024.0
970165,COL4A4,NM_000092.5(COL4A4):c.2617G>A (p.Gly873Arg),G873R,single nucleotide variant,missense variant,Pathogenic/Likely pathogenic,"criteria provided, multiple submitters, no conflicts",P,2018-12-18,LP,2026-03-23,5,5,True,toward_benign,2018.0,2026.0
17406,COL4A4,NM_000092.5(COL4A4):c.2690G>A (p.Gly897Glu),G897E,single nucleotide variant,missense variant,Pathogenic/Likely pathogenic,"criteria provided, multiple submitters, no conflicts",P,1996-09-01,LP,2025-09-18,13,13,True,toward_benign,1996.0,2025.0
1073782,COL4A4,NM_000092.5(COL4A4):c.2842G>T (p.Gly948Ter),G948*,single nucleotide variant,nonsense,Pathogenic,"criteria provided, single submitter",P,2020-11-18,LP,2024-02-05,2,2,True,toward_benign,2020.0,2024.0
2009206,COL4A4,NM_000092.5(COL4A4):c.292_293dup (p.Pro99fs),P99fs,Duplication,frameshift variant,Pathogenic/Likely pathogenic,"criteria provided, multiple submitters, no conflicts",P,2023-08-30,LP,2025-01-12,3,3,True,toward_benign,2023.0,2025.0
522543,COL4A4,NM_000092.5(COL4A4):c.2969-1G>C,,single nucleotide variant,splice acceptor variant,Likely pathogenic,"criteria provided, single submitter",P,2017-11-28,LP,2022-01-14,2,2,True,toward_benign,2017.0,2022.0
1029644,COL4A4,NM_000092.5(COL4A4):c.3214+1G>T,,single nucleotide variant,splice donor variant,Pathogenic/Likely pathogenic,"criteria provided, multiple submitters, no conflicts",P,2019-08-21,LP,2024-10-31,4,4,True,toward_benign,2019.0,2024.0
1386856,COL4A4,NM_000092.5(COL4A4):c.3271G>C (p.Gly1091Arg),G1091R,single nucleotide variant,missense variant,Pathogenic/Likely pathogenic,"criteria provided, multiple submitters, no conflicts",P,2024-01-05,LP,2025-08-29,2,2,True,toward_benign,2024.0,2025.0
1074209,COL4A4,NM_000092.5(COL4A4):c.3310_3313dup (p.Gln1105fs),Q1105fs,Duplication,frameshift variant,Pathogenic/Likely pathogenic,"criteria provided, multiple submitters, no conflicts",P,2020-09-02,LP,2024-05-29,2,2,True,toward_benign,2020.0,2024.0
2852180,COL4A4,NM_000092.5(COL4A4):c.3312del (p.Glu1104fs),E1104fs,Deletion,frameshift variant,Pathogenic/Likely pathogenic,"criteria provided, multiple submitters, no conflicts",P,2023-04-06,LP,2024-05-30,2,2,True,toward_benign,2023.0,2024.0
2019277,COL4A4,NM_000092.5(COL4A4):c.3331C>T (p.Gln1111Ter),Q1111*,single nucleotide variant,nonsense,Pathogenic/Likely pathogenic,"criteria provided, multiple submitters, no conflicts",P,2022-07-23,LP,2024-04-20,3,3,True,toward_benign,2022.0,2024.0
634651,COL4A4,NM_000092.5(COL4A4):c.3861delinsCTC,,Indel,,Pathogenic/Likely pathogenic,"criteria provided, multiple submitters, no conflicts",P,2018-08-02,LP,2024-04-28,5,5,True,toward_benign,2018.0,2024.0
1179086,COL4A4,NM_000092.5(COL4A4):c.3882_3883del (p.Cys1294fs),C1294fs,Microsatellite,frameshift variant,Pathogenic/Likely pathogenic,"criteria provided, multiple submitters, no conflicts",P,2021-06-30,LP,2024-05-11,3,2,True,toward_benign,2021.0,2024.0
1687154,COL4A4,NM_000092.5(COL4A4):c.4093G>T (p.Glu1365Ter),E1365*,single nucleotide variant,nonsense,Pathogenic/Likely pathogenic,"criteria provided, multiple submitters, no conflicts",P,2022-04-05,LP,2022-05-22,2,2,True,toward_benign,2022.0,2022.0
2766741,COL4A4,NM_000092.5(COL4A4):c.4151dup (p.Pro1385fs),P1385fs,Duplication,frameshift variant,Pathogenic/Likely pathogenic,"criteria provided, multiple submitters, no conflicts",P,2023-12-27,LP,2024-03-18,2,2,True,toward_benign,2023.0,2024.0
3376728,COL4A4,NM_000092.5(COL4A4):c.4333+2T>G,,single nucleotide variant,splice donor variant,Pathogenic/Likely pathogenic,"criteria provided, multiple submitters, no conflicts",P,2023-07-16,LP,2024-02-21,2,2,True,toward_benign,2023.0,2024.0
2856938,COL4A4,NM_000092.5(COL4A4):c.4399del (p.Leu1467fs),L1467fs,Deletion,frameshift variant,Pathogenic/Likely pathogenic,"criteria provided, multiple submitters, no conflicts",P,2023-04-17,LP,2024-06-12,2,2,True,toward_benign,2023.0,2024.0
369941,COL4A4,NM_000092.5(COL4A4):c.446G>T (p.Gly149Val),G149V,single nucleotide variant,missense variant,Pathogenic/Likely pathogenic,"criteria provided, multiple submitters, no conflicts",P,2018-12-28,LP,2025-09-18,5,5,True,toward_benign,2018.0,2025.0
829920,COL4A4,NM_000092.5(COL4A4):c.4522G>A (p.Gly1508Ser),G1508S,single nucleotide variant,missense variant,Likely pathogenic,"criteria provided, multiple submitters, no conflicts",P,2019-11-19,LP,2025-12-01,4,4,True,toward_benign,2019.0,2025.0
1072799,COL4A4,NM_000092.5(COL4A4):c.4544_4556del (p.Pro1515fs),P1515fs,Deletion,frameshift variant,Pathogenic/Likely pathogenic,"criteria provided, multiple submitters, no conflicts",P,2020-10-01,LP,2021-10-08,2,2,True,toward_benign,2020.0,2021.0
3234042,COL4A4,NM_000092.5(COL4A4):c.4625G>A (p.Trp1542Ter),W1542*,single nucleotide variant,nonsense,Pathogenic/Likely pathogenic,"criteria provided, multiple submitters, no conflicts",P,2022-02-25,LP,2024-10-31,2,2,True,toward_benign,2022.0,2024.0
1458430,COL4A4,NM_000092.5(COL4A4):c.4646dup (p.Met1551fs),M1551fs,Duplication,frameshift variant,Pathogenic/Likely pathogenic,"criteria provided, multiple submitters, no conflicts",P,2021-10-20,LP,2021-11-14,2,2,True,toward_benign,2021.0,2021.0
992428,COL4A4,NM_000092.5(COL4A4):c.4684del (p.Tyr1562fs),Y1562fs,Deletion,frameshift variant,Pathogenic/Likely pathogenic,"criteria provided, multiple submitters, no conflicts",P,2020-02-07,LP,2025-05-21,5,5,True,toward_benign,2020.0,2025.0
949749,COL4A4,NM_000092.5(COL4A4):c.4685_4686del (p.Tyr1562fs),Y1562fs,Deletion,frameshift variant,Pathogenic/Likely pathogenic,"criteria provided, multiple submitters, no conflicts",P,2022-02-10,LP,2024-03-21,2,2,True,toward_benign,2022.0,2024.0
992382,COL4A4,NM_000092.5(COL4A4):c.4808T>C (p.Met1603Thr),M1603T,single nucleotide variant,missense variant,Likely pathogenic,"criteria provided, single submitter",P,2019-12-30,LP,2022-12-22,2,2,True,toward_benign,2019.0,2022.0
599086,COL4A4,NM_000092.5(COL4A4):c.4820del (p.Ala1607fs),A1607fs,Deletion,frameshift variant,Likely pathogenic,"criteria provided, single submitter",P,2018-03-05,LP,2023-02-15,2,2,True,toward_benign,2018.0,2023.0
974383,COL4A4,NM_000092.5(COL4A4):c.559-2A>C,,single nucleotide variant,splice acceptor variant,Pathogenic/Likely pathogenic,"criteria provided, multiple submitters, no conflicts",P,2020-02-01,LP,2024-08-21,3,3,True,toward_benign,2020.0,2024.0
1368692,COL4A4,NM_000092.5(COL4A4):c.71+1del,,Deletion,splice donor variant,Pathogenic/Likely pathogenic,"criteria provided, multiple submitters, no conflicts",P,2021-07-21,LP,2022-03-04,2,2,True,toward_benign,2021.0,2022.0
1452841,COL4A4,NM_000092.5(COL4A4):c.72G>A (p.Trp24Ter),W24*,single nucleotide variant,nonsense,Pathogenic/Likely pathogenic,"criteria provided, multiple submitters, no conflicts",P,2023-05-19,LP,2024-12-08,2,2,True,toward_benign,2023.0,2024.0
852969,COL4A4,NM_000092.5(COL4A4):c.748C>T (p.Gln250Ter),Q250*,single nucleotide variant,nonsense,Pathogenic/Likely pathogenic,"criteria provided, multiple submitters, no conflicts",P,2019-03-07,LP,2025-05-11,2,2,True,toward_benign,2019.0,2025.0
635513,COL4A4,NM_000092.5(COL4A4):c.755G>T (p.Gly252Val),G252V,single nucleotide variant,missense variant,Pathogenic/Likely pathogenic,"criteria provided, multiple submitters, no conflicts",P,2020-01-08,LP,2025-10-29,7,7,True,toward_benign,2020.0,2025.0
447196,COL4A4,NM_000092.5(COL4A4):c.914_930+29del,,Deletion,splice donor variant,Pathogenic/Likely pathogenic,"criteria provided, multiple submitters, no conflicts",P,2016-11-21,LP,2026-01-24,8,8,True,toward_benign,2016.0,2026.0
3066371,COL4A4,NM_000092.5(COL4A4):c.930+1G>T,,single nucleotide variant,splice donor variant,Pathogenic/Likely pathogenic,"criteria provided, multiple submitters, no conflicts",P,2022-01-07,LP,2024-10-22,2,2,True,toward_benign,2022.0,2024.0
585536,COL4A5,NM_033380.3(COL4A5):c.1032+1G>C,,single nucleotide variant,splice donor variant,Pathogenic/Likely pathogenic,"criteria provided, multiple submitters, no conflicts",P,2018-05-16,LP,2020-01-30,2,2,True,toward_benign,2018.0,2020.0
587120,COL4A5,NM_033380.3(COL4A5):c.1166-1G>A,,single nucleotide variant,splice acceptor variant,Likely pathogenic,"criteria provided, single submitter",P,2018-05-31,LP,2025-09-18,2,2,True,toward_benign,2018.0,2025.0
1455628,COL4A5,NM_033380.3(COL4A5):c.1190G>T (p.Gly397Val),G397V,single nucleotide variant,missense variant,Pathogenic/Likely pathogenic,"criteria provided, multiple submitters, no conflicts",P,2021-08-03,LP,2024-06-28,2,2,True,toward_benign,2021.0,2024.0
1676179,COL4A5,NM_033380.3(COL4A5):c.1226G>T (p.Gly409Val),G409V,single nucleotide variant,missense variant,Pathogenic/Likely pathogenic,"criteria provided, multiple submitters, no conflicts",P,2022-03-01,LP,2024-09-10,3,3,True,toward_benign,2022.0,2024.0
24395,COL4A5,NM_033380.3(COL4A5):c.1286G>A (p.Gly429Glu),G429E,single nucleotide variant,missense variant,Pathogenic/Likely pathogenic,"criteria provided, multiple submitters, no conflicts",P,2020-02-29,LP,2023-12-08,2,2,True,toward_benign,2020.0,2023.0
235810,COL4A5,NM_033380.3(COL4A5):c.1339+1G>A,,single nucleotide variant,splice donor variant,Pathogenic/Likely pathogenic,"criteria provided, multiple submitters, no conflicts",P,2016-02-09,LP,2024-06-03,2,2,True,toward_benign,2016.0,2024.0
2122283,COL4A5,NM_033380.3(COL4A5):c.160G>C (p.Gly54Arg),G54R,single nucleotide variant,missense variant,Pathogenic/Likely pathogenic,"criteria provided, multiple submitters, no conflicts",P,2022-09-23,LP,2026-01-05,2,2,True,toward_benign,2022.0,2026.0
2709046,COL4A5,NM_033380.3(COL4A5):c.1673_1682del (p.Gly558fs),G558fs,Deletion,frameshift variant,Pathogenic/Likely pathogenic,"criteria provided, multiple submitters, no conflicts",P,2024-01-11,LP,2024-02-12,2,2,True,toward_benign,2024.0,2024.0
24436,COL4A5,NM_033380.3(COL4A5):c.1690G>T (p.Gly564Cys),G564C,single nucleotide variant,missense variant,Pathogenic/Likely pathogenic,"criteria provided, multiple submitters, no conflicts",P,2019-03-27,LP,2023-02-25,3,3,True,toward_benign,2019.0,2023.0
1072946,COL4A5,NM_033380.3(COL4A5):c.1862G>A (p.Gly621Asp),G621D,single nucleotide variant,missense variant,Pathogenic/Likely pathogenic,"criteria provided, multiple submitters, no conflicts",P,2021-01-04,LP,2025-03-19,2,2,True,toward_benign,2021.0,2025.0
3380928,COL4A5,NM_033380.3(COL4A5):c.1912G>C (p.Gly638Arg),G638R,single nucleotide variant,missense variant,Pathogenic/Likely pathogenic,"criteria provided, multiple submitters, no conflicts",P,2023-11-07,LP,2025-12-27,2,2,True,toward_benign,2023.0,2025.0
2863945,COL4A5,NM_033380.3(COL4A5):c.2007dup (p.Asn670Ter),N670*,Duplication,nonsense,Pathogenic/Likely pathogenic,"criteria provided, multiple submitters, no conflicts",P,2023-05-13,LP,2024-01-13,2,2,True,toward_benign,2023.0,2024.0
2100202,COL4A5,NM_033380.3(COL4A5):c.2114del (p.Gly705fs),G705fs,Deletion,frameshift variant,Pathogenic/Likely pathogenic,"criteria provided, multiple submitters, no conflicts",P,2022-04-23,LP,2024-06-10,2,2,True,toward_benign,2022.0,2024.0
2419219,COL4A5,NM_033380.3(COL4A5):c.2210G>A (p.Gly737Asp),G737D,single nucleotide variant,missense variant,Pathogenic/Likely pathogenic,"criteria provided, multiple submitters, no conflicts",P,2022-08-20,LP,2024-04-20,2,2,True,toward_benign,2022.0,2024.0
24503,COL4A5,NM_033380.3(COL4A5):c.2288G>A (p.Gly763Glu),G763E,single nucleotide variant,missense variant,Pathogenic/Likely pathogenic,"criteria provided, multiple submitters, no conflicts",P,2014-08-27,LP,2026-02-26,5,5,True,toward_benign,2014.0,2026.0
807578,COL4A5,NM_033380.3(COL4A5):c.2314G>A (p.Gly772Ser),G772S,single nucleotide variant,missense variant,Pathogenic/Likely pathogenic,"criteria provided, multiple submitters, no conflicts",P,2018-12-11,LP,2024-07-01,3,3,True,toward_benign,2018.0,2024.0
3597924,COL4A5,NM_033380.3(COL4A5):c.2323G>A (p.Gly775Ser),G775S,single nucleotide variant,missense variant,Pathogenic/Likely pathogenic,"criteria provided, multiple submitters, no conflicts",P,2024-05-11,LP,2025-10-03,2,2,True,toward_benign,2024.0,2025.0
447200,COL4A5,NM_033380.3(COL4A5):c.2414G>A (p.Gly805Glu),G805E,single nucleotide variant,missense variant,Pathogenic/Likely pathogenic,"criteria provided, multiple submitters, no conflicts",P,2016-10-31,LP,2022-05-12,3,3,True,toward_benign,2016.0,2022.0
3597930,COL4A5,NM_033380.3(COL4A5):c.2474G>A (p.Gly825Glu),G825E,single nucleotide variant,missense variant,Pathogenic/Likely pathogenic,"criteria provided, multiple submitters, no conflicts",P,2024-05-30,LP,2025-10-20,2,2,True,toward_benign,2024.0,2025.0
562406,COL4A5,NM_033380.3(COL4A5):c.2510-2A>G,,single nucleotide variant,splice acceptor variant,Pathogenic/Likely pathogenic,"criteria provided, multiple submitters, no conflicts",P,2018-09-16,LP,2025-11-04,4,4,True,toward_benign,2018.0,2025.0
450980,COL4A5,NM_033380.3(COL4A5):c.2604del (p.Gly869fs),G869fs,Deletion,frameshift variant,Pathogenic/Likely pathogenic,"criteria provided, multiple submitters, no conflicts",P,2017-07-24,LP,2022-03-29,2,2,True,toward_benign,2017.0,2022.0
3597937,COL4A5,NM_033380.3(COL4A5):c.2633G>C (p.Gly878Ala),G878A,single nucleotide variant,missense variant,Pathogenic/Likely pathogenic,"criteria provided, multiple submitters, no conflicts",P,2024-06-17,LP,2025-10-08,2,2,True,toward_benign,2024.0,2025.0
2816516,COL4A5,NM_033380.3(COL4A5):c.2687G>T (p.Gly896Val),G896V,single nucleotide variant,missense variant,Pathogenic,"criteria provided, single submitter",P,2022-11-24,LP,2024-03-23,2,2,True,toward_benign,2022.0,2024.0
520604,COL4A5,NM_033380.3(COL4A5):c.2958_2975del (p.Asp989_Gly994del),,Deletion,inframe_deletion,Pathogenic/Likely pathogenic,"criteria provided, multiple submitters, no conflicts",P,2014-12-26,LP,2022-09-16,3,3,True,toward_benign,2014.0,2022.0
2026325,COL4A5,NM_033380.3(COL4A5):c.2962G>T (p.Gly988Ter),G988*,single nucleotide variant,nonsense,Pathogenic/Likely pathogenic,"criteria provided, multiple submitters, no conflicts",P,2022-08-22,LP,2024-02-27,2,2,True,toward_benign,2022.0,2024.0
2664748,COL4A5,NM_033380.3(COL4A5):c.3016+1G>A,,single nucleotide variant,splice donor variant,Pathogenic/Likely pathogenic,"criteria provided, multiple submitters, no conflicts",P,2023-01-27,LP,2024-03-04,2,2,True,toward_benign,2023.0,2024.0
804587,COL4A5,NM_033380.3(COL4A5):c.3197G>T (p.Gly1066Val),G1066V,single nucleotide variant,missense variant,Pathogenic,"criteria provided, multiple submitters, no conflicts",P,2018-09-14,LP,2024-03-07,4,4,True,toward_benign,2018.0,2024.0
3236019,COL4A5,NM_033380.3(COL4A5):c.321+1G>C,,single nucleotide variant,splice donor variant,Pathogenic/Likely pathogenic,"criteria provided, multiple submitters, no conflicts",P,2022-03-08,LP,2024-08-29,2,2,True,toward_benign,2022.0,2024.0
1066732,COL4A5,NM_033380.3(COL4A5):c.3347G>A (p.Gly1116Glu),G1116E,single nucleotide variant,missense variant,Pathogenic/Likely pathogenic,"criteria provided, multiple submitters, no conflicts",P,2021-10-21,LP,2024-04-19,2,2,True,toward_benign,2021.0,2024.0
2027621,COL4A5,NM_033380.3(COL4A5):c.3393_3419del (p.Pro1132_Gly1140del),,Deletion,inframe_deletion,Pathogenic/Likely pathogenic,"criteria provided, multiple submitters, no conflicts",P,2022-11-04,LP,2023-02-23,2,2,True,toward_benign,2022.0,2023.0
3597960,COL4A5,NM_033380.3(COL4A5):c.3454+1G>C,,single nucleotide variant,splice donor variant,Pathogenic/Likely pathogenic,"criteria provided, multiple submitters, no conflicts",P,2024-03-18,LP,2025-12-22,2,2,True,toward_benign,2024.0,2025.0
585543,COL4A5,NM_033380.3(COL4A5):c.3585del (p.Gly1196fs),G1196fs,Deletion,frameshift variant,Pathogenic/Likely pathogenic,"criteria provided, multiple submitters, no conflicts",P,2017-09-28,LP,2021-10-28,2,2,True,toward_benign,2017.0,2021.0
24651,COL4A5,NM_033380.3(COL4A5):c.3586G>A (p.Gly1196Arg),G1196R,single nucleotide variant,missense variant,Pathogenic/Likely pathogenic,"criteria provided, multiple submitters, no conflicts",P,2019-06-12,LP,2024-06-20,3,3,True,toward_benign,2019.0,2024.0
384756,COL4A5,NM_033380.3(COL4A5):c.3604G>T (p.Gly1202Cys),G1202C,single nucleotide variant,missense variant,Pathogenic/Likely pathogenic,"criteria provided, multiple submitters, no conflicts",P,2025-01-16,LP,2025-08-01,2,2,True,toward_benign,2025.0,2025.0
1360173,COL4A5,NM_033380.3(COL4A5):c.3613G>A (p.Gly1205Ser),G1205S,single nucleotide variant,missense variant,Pathogenic,"criteria provided, single submitter",P,2023-07-07,LP,2025-05-01,2,2,True,toward_benign,2023.0,2025.0
24662,COL4A5,NM_033380.3(COL4A5):c.3632G>A (p.Gly1211Glu),G1211E,single nucleotide variant,missense variant,Likely pathogenic,"criteria provided, single submitter",P,2014-11-09,LP,2024-06-13,2,2,True,toward_benign,2014.0,2024.0
24678,COL4A5,NM_033380.3(COL4A5):c.3731G>A (p.Gly1244Asp),G1244D,single nucleotide variant,missense variant,Pathogenic/Likely pathogenic,"criteria provided, multiple submitters, no conflicts",P,2018-04-25,LP,2026-01-23,6,6,True,toward_benign,2018.0,2026.0
841674,COL4A5,NM_033380.3(COL4A5):c.385-2A>G,,single nucleotide variant,splice acceptor variant,Pathogenic/Likely pathogenic,"criteria provided, multiple submitters, no conflicts",P,2020-03-23,LP,2023-02-02,2,2,True,toward_benign,2020.0,2023.0
966248,COL4A5,NM_033380.3(COL4A5):c.385-2A>T,,single nucleotide variant,splice acceptor variant,Pathogenic/Likely pathogenic,"criteria provided, multiple submitters, no conflicts",P,2019-09-27,LP,2024-02-20,2,2,True,toward_benign,2019.0,2024.0
209142,COL4A5,NM_033380.3(COL4A5):c.4016-1G>A,,single nucleotide variant,splice acceptor variant,Pathogenic/Likely pathogenic,"criteria provided, multiple submitters, no conflicts",P,2012-11-30,LP,2024-01-03,2,2,True,toward_benign,2012.0,2024.0
2014736,COL4A5,NM_033380.3(COL4A5):c.4088-2A>G,,single nucleotide variant,splice acceptor variant,Pathogenic/Likely pathogenic,"criteria provided, multiple submitters, no conflicts",P,2021-07-20,LP,2022-07-06,2,2,True,toward_benign,2021.0,2022.0
585544,COL4A5,NM_033380.3(COL4A5):c.4106del (p.Gly1369fs),"G1369fs, G1363fs",Deletion,frameshift variant,Pathogenic/Likely pathogenic,"criteria provided, multiple submitters, no conflicts",P,2017-12-30,LP,2021-11-08,2,2,True,toward_benign,2017.0,2021.0
587139,COL4A5,NM_033380.3(COL4A5):c.412G>A (p.Gly138Ser),G138S,single nucleotide variant,missense variant,Pathogenic/Likely pathogenic,"criteria provided, multiple submitters, no conflicts",P,2023-05-23,LP,2025-02-04,4,4,True,toward_benign,2023.0,2025.0
24714,COL4A5,NM_033380.3(COL4A5):c.4217-1G>A,,single nucleotide variant,splice acceptor variant,Pathogenic/Likely pathogenic,"criteria provided, multiple submitters, no conflicts",P,2018-09-25,LP,2021-02-16,2,2,True,toward_benign,2018.0,2021.0
562440,COL4A5,NM_033380.3(COL4A5):c.4315+1G>C,,single nucleotide variant,splice donor variant,Likely pathogenic,"criteria provided, single submitter",P,2018-09-16,LP,2024-03-22,2,2,True,toward_benign,2018.0,2024.0
1068943,COL4A5,NM_033380.3(COL4A5):c.4528+2T>C,,single nucleotide variant,splice donor variant,Pathogenic/Likely pathogenic,"criteria provided, multiple submitters, no conflicts",P,2020-02-14,LP,2024-02-05,2,2,True,toward_benign,2020.0,2024.0
3597857,COL4A5,NM_033380.3(COL4A5):c.465+1G>C,,single nucleotide variant,splice donor variant,Pathogenic/Likely pathogenic,"criteria provided, multiple submitters, no conflicts",P,2024-01-23,LP,2025-04-08,2,2,True,toward_benign,2024.0,2025.0
24773,COL4A5,NM_033380.3(COL4A5):c.4821G>A (p.Met1607Ile),"M1601I, M1607I",single nucleotide variant,missense variant,Pathogenic/Likely pathogenic,"criteria provided, multiple submitters, no conflicts",P,2016-09-01,LP,2025-08-01,3,3,True,toward_benign,2016.0,2025.0
854603,COL4A5,NM_033380.3(COL4A5):c.4847C>A (p.Ser1616Ter),"S1616*, S1610*",single nucleotide variant,nonsense,Pathogenic/Likely pathogenic,"criteria provided, multiple submitters, no conflicts",P,2024-04-26,LP,2024-04-29,2,2,True,toward_benign,2024.0,2024.0
3236356,COL4A5,NM_033380.3(COL4A5):c.4912T>C (p.Cys1638Arg),"C1632R, C1638R",single nucleotide variant,missense variant,Pathogenic/Likely pathogenic,"criteria provided, multiple submitters, no conflicts",P,2023-07-17,LP,2024-03-07,2,2,True,toward_benign,2023.0,2024.0
860456,COL4A5,NM_033380.3(COL4A5):c.4962G>A (p.Trp1654Ter),"W1648*, W1654*",single nucleotide variant,nonsense,Pathogenic/Likely pathogenic,"criteria provided, multiple submitters, no conflicts",P,2019-11-28,LP,2023-03-20,4,4,True,toward_benign,2019.0,2023.0
2808353,COL4A5,NM_033380.3(COL4A5):c.4994+1G>A,,single nucleotide variant,splice donor variant,Pathogenic/Likely pathogenic,"criteria provided, multiple submitters, no conflicts",P,2022-07-25,LP,2024-02-09,3,3,True,toward_benign,2022.0,2024.0
1301329,COL4A5,NM_033380.3(COL4A5):c.4995-1G>T,,single nucleotide variant,splice acceptor variant,Pathogenic/Likely pathogenic,"criteria provided, multiple submitters, no conflicts",P,2021-03-11,LP,2021-09-21,2,2,True,toward_benign,2021.0,2021.0
447213,COL4A5,NM_033380.3(COL4A5):c.511G>C (p.Gly171Arg),G171R,single nucleotide variant,missense variant,Pathogenic/Likely pathogenic,"criteria provided, multiple submitters, no conflicts",P,2016-08-24,LP,2025-09-02,4,4,True,toward_benign,2016.0,2025.0
2584372,COL4A5,NM_033380.3(COL4A5):c.546+1G>A,,single nucleotide variant,splice donor variant,Pathogenic/Likely pathogenic,"criteria provided, multiple submitters, no conflicts",P,2023-06-21,LP,2024-10-18,2,2,True,toward_benign,2023.0,2024.0
2138683,COL4A5,NM_033380.3(COL4A5):c.556G>A (p.Gly186Ser),G186S,single nucleotide variant,missense variant,Pathogenic/Likely pathogenic,"criteria provided, multiple submitters, no conflicts",P,2024-04-03,LP,2026-01-21,4,4,True,toward_benign,2024.0,2026.0
3349521,COL4A5,NM_033380.3(COL4A5):c.556G>C (p.Gly186Arg),G186R,single nucleotide variant,missense variant,Pathogenic,"criteria provided, single submitter",P,2024-03-01,LP,2024-03-07,2,2,True,toward_benign,2024.0,2024.0
451889,COL4A5,NM_033380.3(COL4A5):c.584G>T (p.Gly195Val),G195V,single nucleotide variant,missense variant,Pathogenic/Likely pathogenic,"criteria provided, multiple submitters, no conflicts",P,2017-08-30,LP,2023-09-30,3,3,True,toward_benign,2017.0,2023.0
2138686,COL4A5,NM_033380.3(COL4A5):c.834+1G>A,,single nucleotide variant,splice donor variant,Pathogenic/Likely pathogenic,"criteria provided, multiple submitters, no conflicts",P,2022-06-24,LP,2025-02-04,2,2,True,toward_benign,2022.0,2025.0
1322136,COL4A5,NM_033380.3(COL4A5):c.866G>A (p.Gly289Asp),G289D,single nucleotide variant,missense variant,Pathogenic/Likely pathogenic,"criteria provided, multiple submitters, no conflicts",P,2020-10-13,LP,2022-03-02,3,3,True,toward_benign,2020.0,2022.0
24336,COL4A5,NM_033380.3(COL4A5):c.884G>A (p.Gly295Asp),G295D,single nucleotide variant,missense variant,Pathogenic/Likely pathogenic,"criteria provided, multiple submitters, no conflicts",P,2017-02-17,LP,2025-09-30,7,7,True,toward_benign,2017.0,2025.0
1448875,COL4A5,NM_033380.3(COL4A5):c.891+1G>T,,single nucleotide variant,splice donor variant,Pathogenic/Likely pathogenic,"criteria provided, multiple submitters, no conflicts",P,2021-08-04,LP,2022-03-30,2,2,True,toward_benign,2021.0,2022.0
1455625,COL4A5,NM_033380.3(COL4A5):c.929G>A (p.Gly310Glu),G310E,single nucleotide variant,missense variant,Pathogenic/Likely pathogenic,"criteria provided, multiple submitters, no conflicts",P,2020-11-27,LP,2022-03-22,2,2,True,toward_benign,2020.0,2022.0
447214,COL4A5,NM_033380.3(COL4A5):c.935del (p.Pro312fs),P312fs,Deletion,frameshift variant,Pathogenic/Likely pathogenic,"criteria provided, multiple submitters, no conflicts",P,2017-06-12,LP,2022-03-09,2,2,True,toward_benign,2017.0,2022.0
451503,COL4A5,NM_033380.3(COL4A5):c.990+1G>T,,single nucleotide variant,splice donor variant,Pathogenic/Likely pathogenic,"criteria provided, multiple submitters, no conflicts",P,2017-08-22,LP,2020-06-23,2,2,True,toward_benign,2017.0,2020.0
3255206,COL4A5,NM_033380.3(COL4A5):c.999del (p.Gly334fs),G334fs,Deletion,frameshift variant,Pathogenic/Likely pathogenic,"criteria provided, multiple submitters, no conflicts",P,2023-12-21,LP,2024-02-02,2,2,True,toward_benign,2023.0,2024.0
102425,COL4A6,NM_033641.4(COL4A6):c.1768G>A (p.Gly590Ser),"G591S, G590S",single nucleotide variant,missense variant,Likely pathogenic,"criteria provided, single submitter",P,2014-02-01,LP,2023-08-17,2,2,True,toward_benign,2014.0,2023.0
599060,CD46,NM_172351.3(CD46):c.604C>T (p.Leu202Phe),L202F,single nucleotide variant,missense variant,Uncertain significance,"criteria provided, multiple submitters, no conflicts",P,2019-04-26,VUS,2025-10-02,5,5,True,toward_benign,2019.0,2025.0
16543,CFH,NM_000186.4(CFH):c.1606T>C (p.Cys536Arg),C536R,single nucleotide variant,missense variant,Uncertain significance,"criteria provided, single submitter",P,1999-04-23,VUS,2025-10-02,2,2,True,toward_benign,1999.0,2025.0
16544,CFH,NM_000186.4(CFH):c.2876G>A (p.Cys959Tyr),C959Y,single nucleotide variant,missense variant,Uncertain significance,"criteria provided, multiple submitters, no conflicts",P,2019-06-11,VUS,2025-10-02,3,3,True,toward_benign,2019.0,2025.0
16561,CFH,NM_000186.4(CFH):c.3234G>T (p.Arg1078Ser),R1078S,single nucleotide variant,missense variant,Uncertain significance,"criteria provided, multiple submitters, no conflicts",P,2008-02-01,VUS,2025-11-19,6,6,True,toward_benign,2008.0,2025.0
16562,CFH,NM_000186.4(CFH):c.350+6T>G,,single nucleotide variant,intron variant,Uncertain significance,"criteria provided, single submitter",P,2008-02-01,VUS,2025-10-02,2,2,True,toward_benign,2008.0,2025.0
3242556,COL4A3,NM_000091.5(COL4A3):c.987G>A (p.Lys329=),,single nucleotide variant,synonymous variant,Pathogenic,"criteria provided, single submitter",P,2024-06-05,VUS,2024-09-16,2,2,True,toward_benign,2024.0,2024.0
1711185,COL4A5,NM_033380.3(COL4A5):c.4822-10T>C,,single nucleotide variant,intron variant,Uncertain significance,"criteria provided, single submitter",P,2021-01-08,VUS,2022-10-21,2,2,True,toward_benign,2021.0,2022.0
751132,COL4A4,NM_000092.5(COL4A4):c.1782A>G (p.Glu594=),,single nucleotide variant,synonymous variant,Benign/Likely benign,"criteria provided, multiple submitters, no conflicts",VUS,2020-03-10,B,2026-01-20,5,5,True,toward_benign,2020.0,2026.0
749038,COL4A4,NM_000092.5(COL4A4):c.71+10C>T,,single nucleotide variant,intron variant,Benign,"criteria provided, multiple submitters, no conflicts",VUS,2019-11-11,B,2026-01-27,3,3,True,toward_benign,2019.0,2026.0
990710,COL4A5,NM_033380.3(COL4A5):c.4087+6A>T,,single nucleotide variant,intron variant,Benign,"criteria provided, single submitter",VUS,2020-08-14,B,2025-06-12,2,2,True,toward_benign,2020.0,2025.0
990632,COL4A3,NM_000091.5(COL4A3):c.1167C>G (p.Gly389=),,single nucleotide variant,synonymous variant,Likely benign,"criteria provided, single submitter",VUS,2020-08-13,LB,2023-07-19,2,2,True,toward_benign,2020.0,2023.0
4064932,COL4A3,NM_000091.5(COL4A3):c.1548A>G (p.Pro516=),,single nucleotide variant,synonymous variant,Likely benign,"criteria provided, single submitter",VUS,2025-04-28,LB,2026-01-20,2,2,True,toward_benign,2025.0,2026.0
4005387,COL4A3,NM_000091.5(COL4A3):c.1631T>C (p.Leu544Pro),L544P,single nucleotide variant,missense variant,Likely benign,"criteria provided, single submitter",VUS,2025-04-14,LB,2025-06-06,2,2,True,toward_benign,2025.0,2025.0
793275,COL4A3,NM_000091.5(COL4A3):c.1929C>A (p.Gly643=),,single nucleotide variant,synonymous variant,Likely benign,"criteria provided, single submitter",VUS,2020-02-13,LB,2024-03-02,2,2,True,toward_benign,2020.0,2024.0
764483,COL4A3,NM_000091.5(COL4A3):c.2127A>C (p.Gly709=),,single nucleotide variant,synonymous variant,Likely benign,"criteria provided, single submitter",VUS,2020-01-24,LB,2021-09-26,2,2,True,toward_benign,2020.0,2021.0
798727,COL4A3,NM_000091.5(COL4A3):c.2196T>C (p.Pro732=),,single nucleotide variant,synonymous variant,Likely benign,"criteria provided, single submitter",VUS,2020-03-17,LB,2023-07-29,2,2,True,toward_benign,2020.0,2023.0
753295,COL4A3,NM_000091.5(COL4A3):c.2747-4T>C,,single nucleotide variant,intron variant,Likely benign,"criteria provided, single submitter",VUS,2020-02-13,LB,2023-08-22,2,2,True,toward_benign,2020.0,2023.0
718509,COL4A3,NM_000091.5(COL4A3):c.274G>C (p.Val92Leu),V92L,single nucleotide variant,missense variant,Likely benign,"criteria provided, multiple submitters, no conflicts",VUS,2020-01-24,LB,2026-01-14,5,5,True,toward_benign,2020.0,2026.0
763345,COL4A3,NM_000091.5(COL4A3):c.3565+9T>G,,single nucleotide variant,intron variant,Likely benign,"criteria provided, single submitter",VUS,2020-03-17,LB,2024-06-10,2,2,True,toward_benign,2020.0,2024.0
2145443,COL4A3,NM_000091.5(COL4A3):c.4463-18dup,,Duplication,intron variant,Uncertain significance,"criteria provided, single submitter",VUS,2022-07-05,LB,2024-09-17,2,2,True,toward_benign,2022.0,2024.0
1004853,COL4A3,NM_000091.5(COL4A3):c.63G>A (p.Leu21=),,single nucleotide variant,synonymous variant,Likely benign,"criteria provided, multiple submitters, no conflicts",VUS,2020-04-18,LB,2025-06-12,3,3,True,toward_benign,2020.0,2025.0
990631,COL4A3,NM_000091.5(COL4A3):c.964T>C (p.Leu322=),,single nucleotide variant,synonymous variant,Likely benign,"criteria provided, multiple submitters, no conflicts",VUS,2020-07-29,LB,2025-01-23,3,3,True,toward_benign,2020.0,2025.0
796994,COL4A4,NM_000092.5(COL4A4):c.1395C>T (p.Pro465=),,single nucleotide variant,synonymous variant,Likely benign,"criteria provided, single submitter",VUS,2020-03-17,LB,2025-07-21,2,2,True,toward_benign,2020.0,2025.0
729071,COL4A4,NM_000092.5(COL4A4):c.2383+7G>A,,single nucleotide variant,intron variant,Likely benign,"criteria provided, multiple submitters, no conflicts",VUS,2020-02-13,LB,2026-01-24,3,3,True,toward_benign,2020.0,2026.0
554653,COL4A4,NM_000092.5(COL4A4):c.4021C>A (p.Pro1341Thr),P1341T,single nucleotide variant,missense variant,Likely benign,"criteria provided, single submitter",VUS,2017-10-30,LB,2024-03-10,2,2,True,toward_benign,2017.0,2024.0
989511,COL4A4,NM_000092.5(COL4A4):c.4095A>G (p.Glu1365=),,single nucleotide variant,synonymous variant,Likely benign,"criteria provided, single submitter",VUS,2020-08-13,LB,2024-08-12,2,2,True,toward_benign,2020.0,2024.0
558674,COL4A4,NM_000092.5(COL4A4):c.4673C>T (p.Ala1558Val),A1558V,single nucleotide variant,missense variant,Likely benign,"criteria provided, single submitter",VUS,2018-06-05,LB,2023-11-25,2,2,True,toward_benign,2018.0,2023.0
793424,COL4A4,NM_000092.5(COL4A4):c.4782C>T (p.Ser1594=),,single nucleotide variant,synonymous variant,Likely benign,"criteria provided, single submitter",VUS,2020-03-17,LB,2025-05-06,2,2,True,toward_benign,2020.0,2025.0
765469,COL4A4,NM_000092.5(COL4A4):c.4809+9C>T,,single nucleotide variant,intron variant,Likely benign,"criteria provided, single submitter",VUS,2020-02-13,LB,2025-06-27,2,2,True,toward_benign,2020.0,2025.0
989510,COL4A4,NM_000092.5(COL4A4):c.4829A>G (p.Gln1610Arg),Q1610R,single nucleotide variant,missense variant,Likely benign,"criteria provided, single submitter",VUS,2020-08-14,LB,2025-03-27,2,2,True,toward_benign,2020.0,2025.0
522542,COL4A4,NM_000092.5(COL4A4):c.665C>T (p.Pro222Leu),P222L,single nucleotide variant,missense variant,Likely benign,"criteria provided, multiple submitters, no conflicts",VUS,2017-11-28,LB,2025-12-14,4,4,True,toward_benign,2017.0,2025.0
990707,COL4A5,NM_033380.3(COL4A5):c.1047T>C (p.Pro349=),,single nucleotide variant,synonymous variant,Likely benign,"criteria provided, single submitter",VUS,2020-08-13,LB,2023-05-31,2,2,True,toward_benign,2020.0,2023.0
990708,COL4A5,NM_033380.3(COL4A5):c.1057A>G (p.Ile353Val),I353V,single nucleotide variant,missense variant,Likely benign,"criteria provided, multiple submitters, no conflicts",VUS,2020-08-13,LB,2025-11-10,3,3,True,toward_benign,2020.0,2025.0
988254,COL4A5,NM_033380.3(COL4A5):c.2329C>T (p.Arg777Cys),R777C,single nucleotide variant,missense variant,Likely benign,"criteria provided, multiple submitters, no conflicts",VUS,2014-04-18,LB,2024-12-01,3,3,True,toward_benign,2014.0,2024.0
1101592,COL4A5,NM_033380.3(COL4A5):c.2754A>G (p.Val918=),,single nucleotide variant,synonymous variant,Likely benign,"criteria provided, single submitter",VUS,2025-03-04,LB,2025-09-29,2,2,True,toward_benign,2025.0,2025.0
599108,COL4A5,NM_033380.3(COL4A5):c.4586T>C (p.Ile1529Thr),"I1523T, I1529T",single nucleotide variant,missense variant,Likely benign,"criteria provided, single submitter",VUS,2018-04-17,LB,2023-12-02,2,2,True,toward_benign,2018.0,2023.0
2039179,COL4A6,NM_033641.4(COL4A6):c.780+4G>A,,single nucleotide variant,intron variant,Uncertain significance,"criteria provided, single submitter",VUS,2023-06-14,LB,2023-07-11,2,2,True,toward_benign,2023.0,2023.0
633673,CFHR5,NM_030787.4(CFHR5):c.1303C>T (p.Arg435Ter),R435*,single nucleotide variant,nonsense,Likely pathogenic,"criteria provided, single submitter",VUS,2018-09-16,LP,2023-12-21,2,2,True,toward_pathogenic,2018.0,2023.0
557644,COL4A3,NM_000091.5(COL4A3):c.1459G>T (p.Gly487Cys),G487C,single nucleotide variant,missense variant,Likely pathogenic,"criteria provided, single submitter",VUS,2018-04-03,LP,2023-11-16,2,2,True,toward_pathogenic,2018.0,2023.0
558131,COL4A3,NM_000091.5(COL4A3):c.1687G>A (p.Gly563Arg),G563R,single nucleotide variant,missense variant,Pathogenic/Likely pathogenic,"criteria provided, multiple submitters, no conflicts",VUS,2018-05-01,LP,2025-08-25,3,3,True,toward_pathogenic,2018.0,2025.0
558101,COL4A3,NM_000091.5(COL4A3):c.2765G>T (p.Gly922Val),G922V,single nucleotide variant,missense variant,Likely pathogenic,"criteria provided, multiple submitters, no conflicts",VUS,2018-04-30,LP,2025-08-20,3,3,True,toward_pathogenic,2018.0,2025.0
3769393,COL4A4,NM_000092.5(COL4A4):c.1250G>A (p.Gly417Glu),G417E,single nucleotide variant,missense variant,Uncertain significance,"criteria provided, single submitter",VUS,2025-01-31,LP,2025-02-03,2,2,True,toward_pathogenic,2025.0,2025.0
552195,COL4A4,NM_000092.5(COL4A4):c.3022G>A (p.Gly1008Arg),G1008R,single nucleotide variant,missense variant,Pathogenic/Likely pathogenic,"criteria provided, multiple submitters, no conflicts",VUS,2017-05-25,LP,2026-01-06,8,8,True,toward_pathogenic,2017.0,2026.0
549957,COL4A4,NM_000092.5(COL4A4):c.3983G>C (p.Gly1328Ala),G1328A,single nucleotide variant,missense variant,Likely pathogenic,"criteria provided, single submitter",VUS,2017-11-13,LP,2024-02-10,2,2,True,toward_pathogenic,2017.0,2024.0
557549,COL4A4,NM_000092.5(COL4A4):c.428G>T (p.Gly143Val),G143V,single nucleotide variant,missense variant,Likely pathogenic,"criteria provided, multiple submitters, no conflicts",VUS,2018-03-29,LP,2025-09-18,6,6,True,toward_pathogenic,2018.0,2025.0
555467,COL4A4,NM_000092.5(COL4A4):c.4298G>A (p.Gly1433Asp),G1433D,single nucleotide variant,missense variant,Likely pathogenic,"criteria provided, single submitter",VUS,2017-12-08,LP,2024-12-09,2,2,True,toward_pathogenic,2017.0,2024.0
334738,COL4A4,NM_000092.5(COL4A4):c.436G>A (p.Gly146Ser),G146S,single nucleotide variant,missense variant,Uncertain significance,"criteria provided, single submitter",VUS,2018-01-13,LP,2019-11-25,2,2,True,toward_pathogenic,2018.0,2019.0
4065099,COL4A5,NM_033380.3(COL4A5):c.1091C>T (p.Pro364Leu),P364L,single nucleotide variant,missense variant,Likely pathogenic,"criteria provided, single submitter",VUS,2025-03-24,LP,2025-09-10,2,2,True,toward_pathogenic,2025.0,2025.0
2512804,COL4A6,NM_033641.4(COL4A6):c.4450G>A (p.Gly1484Arg),"G1460R, G1484R, G1485R, G1501R, G1427R",single nucleotide variant,missense variant,Uncertain significance,"criteria provided, multiple submitters, no conflicts",VUS,2023-06-12,LP,2024-05-21,3,3,True,toward_pathogenic,2023.0,2024.0
450072,FN1,NM_212482.4(FN1):c.773G>A (p.Cys258Tyr),C258Y,single nucleotide variant,missense variant,Uncertain significance,"criteria provided, single submitter",VUS,2017-07-06,LP,2018-05-09,2,2,True,toward_pathogenic,2017.0,2018.0
369964,COL4A3,NM_000091.5(COL4A3):c.2083G>A (p.Gly695Arg),G695R,single nucleotide variant,missense variant,Pathogenic/Likely pathogenic,"criteria provided, multiple submitters, no conflicts",VUS,2016-12-12,P,2026-03-11,22,22,True,toward_pathogenic,2016.0,2026.0
551881,COL4A3,NM_000091.5(COL4A3):c.2990G>A (p.Gly997Glu),G997E,single nucleotide variant,missense variant,Pathogenic/Likely pathogenic,"criteria provided, multiple submitters, no conflicts",VUS,2017-05-18,P,2023-09-26,5,5,True,toward_pathogenic,2017.0,2023.0
551046,COL4A3,NM_000091.5(COL4A3):c.443G>T (p.Gly148Val),G148V,single nucleotide variant,missense variant,Pathogenic/Likely pathogenic,"criteria provided, multiple submitters, no conflicts",VUS,2017-03-23,P,2026-01-16,10,10,True,toward_pathogenic,2017.0,2026.0
599163,COL4A4,NM_000092.5(COL4A4):c.735G>A (p.Pro245=),,single nucleotide variant,synonymous variant,Pathogenic/Likely pathogenic,"criteria provided, multiple submitters, no conflicts",VUS,2018-08-29,P,2026-01-27,7,7,True,toward_pathogenic,2018.0,2026.0
1036012,COL4A4,NM_000092.5(COL4A4):c.870G>A (p.Lys290=),,single nucleotide variant,synonymous variant,Pathogenic,"criteria provided, multiple submitters, no conflicts",VUS,2020-03-09,P,2025-02-24,4,4,True,toward_pathogenic,2020.0,2025.0
