VariationID,first_date,first_bucket,latest_date,latest_bucket
10453,1990-06-08,P,1990-06-08,P
10455,1992-11-01,P,1992-11-01,P
10456,1992-11-01,P,1992-11-01,P
10457,1992-04-01,P,1992-04-01,P
10458,1992-06-01,P,2022-09-02,P
10460,2019-01-31,P,2019-01-31,P
10462,1992-06-25,P,1992-06-25,P
10463,1992-05-01,P,1992-05-01,P
10464,1995-04-01,P,1995-04-01,P
10465,1995-11-01,P,1995-11-01,P
10466,1996-06-01,P,2026-01-21,P
10467,2003-06-01,P,2026-01-30,P
12122,2025-09-26,P,2025-09-26,P
12123,2025-09-26,P,2025-09-26,P
12124,2007-03-01,P,2007-03-01,P
12125,2021-05-20,VUS,2025-09-26,VUS
16323,2008-02-19,P,2008-02-19,P
16324,2008-02-19,P,2008-02-19,P
16325,2008-02-19,P,2025-02-19,P
16542,2017-10-25,P,2025-10-02,P
16547,2000-04-01,P,2025-10-02,P
16548,2025-10-02,VUS,2025-10-02,VUS
16549,2011-10-15,P,2011-10-15,P
16550,2017-04-27,B,2026-02-04,B
16552,2025-10-02,P,2025-10-02,P
16553,2019-04-26,P,2025-10-02,P
16555,2006-07-01,P,2025-10-02,P
16559,2025-10-02,P,2025-10-02,P
16560,2008-02-01,P,2025-10-02,P
16563,2025-10-02,P,2025-10-02,P
17044,2025-10-02,P,2025-10-02,P
17045,2025-10-02,LP,2025-10-02,LP
17047,2025-10-02,P,2025-10-02,P
17048,2022-01-15,LP,2025-10-22,LP
17056,2013-04-01,B,2026-02-04,B
17057,1990-10-01,B,2026-02-04,B
17058,1990-10-01,P,2025-09-30,P
17059,1992-06-01,P,1992-06-01,P
17060,2020-12-10,LP,2025-09-30,LP
17061,2025-09-30,LP,2025-09-30,LP
17063,2025-09-30,VUS,2025-09-30,VUS
17404,1997-01-01,P,1997-01-01,P
17405,1997-01-01,P,2022-11-01,P
17407,1998-11-01,P,2025-09-10,P
17408,1998-11-01,P,2022-08-27,P
17410,2002-05-01,P,2002-05-01,P
17411,2002-05-01,P,2002-05-01,P
17484,1997-01-01,P,2025-03-17,P
17485,1997-01-01,P,2021-03-31,P
17489,2002-05-01,P,2025-03-04,P
17492,2001-01-01,P,2025-12-20,P
21089,2011-03-10,P,2011-03-10,P
24214,2020-04-30,P,2020-08-04,P
24228,2018-09-16,P,2018-09-16,P
24229,2021-08-24,P,2021-08-24,P
24239,2024-05-18,P,2025-07-14,P
24248,2024-01-20,P,2024-07-18,P
24265,2017-06-22,P,2025-11-18,P
24276,2020-02-01,LP,2020-02-01,LP
24291,2019-12-11,LP,2024-08-08,LP
24296,2015-03-03,B,2024-07-15,B
24300,2019-06-07,P,2025-09-02,P
24302,2017-07-10,P,2024-12-04,P
24303,2018-09-16,P,2018-09-16,P
24312,2015-11-15,P,2024-12-04,P
24325,2017-07-20,P,2025-11-10,P
24330,2024-02-01,P,2024-02-01,P
24341,2020-09-27,P,2020-09-27,P
24349,2018-11-05,LP,2024-04-10,LP
24352,1992-07-01,P,2025-05-19,P
24355,2021-06-09,P,2025-10-30,P
24357,2018-11-07,VUS,2018-11-07,VUS
24358,2018-12-13,B,2023-02-17,B
24364,2016-02-02,P,2024-05-07,P
24365,2015-03-03,B,2026-02-04,B
24383,2021-12-09,P,2022-05-15,P
24386,2018-09-06,P,2024-08-19,P
24397,2017-08-22,P,2017-08-22,P
24398,2015-03-03,B,2026-02-04,B
24405,2020-08-25,P,2021-08-24,P
24406,2019-11-05,LP,2019-11-05,LP
24408,2023-03-08,P,2024-05-07,P
24409,2019-02-28,P,2024-09-06,P
24416,2020-02-01,LP,2020-02-01,LP
24432,2018-09-06,P,2023-06-24,P
24442,2017-02-16,P,2021-03-07,P
24455,2015-01-31,P,2026-03-09,P
24461,2020-02-01,P,2024-12-01,P
24469,2016-03-21,B,2026-02-01,B
24470,2016-01-01,LP,2016-01-01,LP
24481,2015-03-03,B,2026-02-04,B
24482,2019-10-29,P,2025-06-12,P
24486,2019-05-28,B,2019-05-28,B
24499,2020-12-16,P,2025-03-05,P
24507,2020-06-23,LP,2020-06-23,LP
24511,2015-03-03,B,2026-02-04,B
24513,2025-12-30,P,2025-12-30,P
24520,2018-02-27,P,2018-02-27,P
24521,2020-10-25,P,2022-09-02,P
24527,2019-06-04,P,2025-08-02,P
24529,2019-05-16,P,2023-10-22,P
24531,2019-04-27,VUS,2019-04-27,VUS
24543,2017-12-05,P,2025-12-24,P
24557,2019-05-28,LP,2019-05-28,LP
24563,2015-03-03,B,2026-02-04,B
24568,2018-09-16,P,2018-09-16,P
24574,2018-09-16,P,2023-06-28,P
24599,2017-10-18,P,2022-12-14,P
24603,2018-06-26,P,2024-10-10,P
24605,2019-05-10,P,2025-09-08,P
24613,2020-01-03,P,2020-01-03,P
24617,2022-07-13,P,2025-11-09,P
24630,2017-02-23,P,2026-01-17,P
24633,2021-01-15,P,2025-08-07,P
24640,2015-03-03,B,2026-02-04,B
24676,2018-09-25,P,2022-12-07,P
24702,2018-11-02,P,2022-11-15,P
24722,2016-03-21,B,2026-02-04,B
24725,2016-11-21,P,2025-09-17,P
24739,2022-11-29,P,2022-11-29,P
24751,1992-07-01,P,1992-07-01,P
24753,2019-02-01,VUS,2023-12-21,VUS
24755,2017-01-25,P,2025-06-30,P
24761,1991-12-01,P,2024-12-23,P
24775,2019-09-22,P,2019-09-22,P
24780,2021-12-09,P,2024-10-17,P
24785,2018-09-16,P,2026-01-30,P
24786,2021-05-06,P,2025-01-23,P
37236,2010-09-04,P,2010-09-04,P
37239,2012-07-01,VUS,2012-07-01,VUS
37240,2012-07-01,VUS,2023-04-11,VUS
38751,2016-08-23,P,2025-03-05,P
38756,2021-10-05,P,2021-10-05,P
57418,2011-08-12,VUS,2011-08-12,VUS
57893,2011-08-12,VUS,2011-08-12,VUS
58033,2011-08-12,P,2011-08-12,P
58034,2011-08-12,P,2011-08-12,P
58666,2011-08-12,P,2011-08-12,P
59082,2011-08-12,P,2011-08-12,P
65580,2017-04-27,LB,2026-02-02,LB
68845,2012-07-01,VUS,2012-07-01,VUS
74464,2023-12-09,LB,2023-12-09,LB
145317,2010-07-30,VUS,2010-07-30,VUS
150129,2012-06-25,P,2012-06-25,P
150491,2012-10-24,VUS,2012-10-24,VUS
150620,2014-07-18,P,2014-07-18,P
151867,2011-04-30,VUS,2011-04-30,VUS
152738,2013-01-14,P,2013-01-14,P
152845,2011-04-30,VUS,2011-04-30,VUS
153199,2014-03-24,VUS,2014-03-24,VUS
153790,2013-09-18,P,2013-09-18,P
154560,2011-02-11,P,2011-02-11,P
155077,2012-10-01,VUS,2012-10-01,VUS
155660,2014-03-10,P,2014-03-10,P
157562,2020-02-01,VUS,2025-10-02,VUS
191151,2021-07-12,LP,2021-11-19,LP
191253,2023-05-02,LB,2023-05-02,LB
191312,2016-02-02,B,2026-02-04,B
192299,2014-08-01,P,2026-01-11,P
195859,2014-11-21,P,2022-11-27,P
208716,2013-01-28,P,2013-01-28,P
221686,2015-01-07,B,2015-01-07,B
222051,2016-02-02,P,2016-02-02,P
222056,2016-02-02,P,2016-02-02,P
222057,2016-02-02,P,2023-05-23,P
222059,2016-02-02,P,2025-01-01,P
222060,2016-02-02,P,2016-02-02,P
222061,2016-02-02,P,2016-02-02,P
222062,2016-02-02,P,2016-02-02,P
224786,2016-03-18,P,2016-03-18,P
224788,2016-03-18,P,2022-04-23,P
225322,2016-03-18,VUS,2026-01-21,VUS
235348,2015-01-30,LP,2015-01-30,LP
235352,2016-01-22,P,2016-01-22,P
235408,2015-04-16,P,2015-04-16,P
235662,2015-01-30,LP,2022-01-27,LP
242439,2024-09-09,LP,2024-09-09,LP
242441,2017-09-18,P,2025-11-01,P
252469,2015-11-08,B,2026-03-01,B
252470,2015-11-08,VUS,2015-11-08,VUS
253654,2016-01-20,P,2016-01-20,P
254974,2026-02-02,B,2026-02-02,B
254975,2018-06-29,B,2026-02-04,B
254976,2016-03-21,B,2026-02-04,B
254977,2016-03-21,B,2026-02-04,B
254978,2016-03-21,B,2026-02-04,B
254979,2016-03-21,B,2026-02-04,B
254980,2018-08-20,B,2026-02-01,B
254981,2016-03-21,B,2026-02-04,B
254982,2016-03-21,B,2026-02-04,B
254983,2016-03-21,B,2026-02-02,B
254984,2016-03-21,B,2026-02-04,B
254985,2016-03-21,B,2026-02-04,B
254987,2016-03-21,B,2026-02-04,B
254988,2016-03-21,B,2026-02-02,B
254990,2017-05-10,LB,2025-06-11,LB
254994,2017-04-27,B,2026-02-04,B
254995,2016-03-21,B,2026-02-04,B
254996,2016-03-21,B,2026-02-04,B
254997,2018-08-20,B,2026-02-01,B
254999,2017-04-27,B,2026-01-28,B
255000,2016-03-21,B,2026-01-29,B
255001,2016-03-21,B,2026-02-04,B
255003,2017-09-18,B,2026-02-04,B
255004,2016-03-21,B,2026-01-26,B
255005,2016-03-21,B,2026-02-04,B
255006,2016-03-21,B,2026-02-04,B
255007,2018-06-21,B,2026-02-04,B
255008,2016-03-21,B,2026-02-04,B
255009,2016-03-21,B,2026-02-04,B
255010,2016-03-21,B,2026-02-04,B
255011,2017-10-05,B,2024-11-29,B
255012,2017-04-27,B,2026-01-29,B
255013,2016-03-21,B,2026-02-02,B
255014,2016-03-21,B,2026-02-04,B
255015,2016-03-21,B,2026-02-04,B
255016,2016-03-21,B,2026-02-04,B
255018,2016-03-21,B,2026-02-02,B
255019,2016-03-21,B,2026-02-04,B
255020,2016-03-21,B,2026-02-04,B
255021,2016-03-21,B,2026-02-02,B
255022,2025-11-23,LB,2025-11-23,LB
255025,2016-03-21,B,2026-04-01,B
255026,2025-12-23,LB,2025-12-23,LB
255028,2016-03-21,B,2026-02-04,B
255029,2024-02-05,LB,2024-02-05,LB
255030,2016-03-21,B,2026-02-02,B
255031,2016-03-21,B,2026-02-04,B
255032,2016-03-21,B,2026-02-04,B
255033,2016-03-21,B,2026-02-04,B
255034,2016-03-21,B,2026-02-01,B
255035,2016-03-21,B,2026-02-04,B
255036,2016-03-21,B,2026-02-04,B
255038,2016-03-21,B,2026-02-04,B
255040,2016-03-21,B,2026-02-04,B
255041,2016-03-21,B,2026-02-04,B
255042,2020-11-05,LB,2025-12-31,LB
255043,2016-03-21,B,2026-02-04,B
255044,2016-03-21,B,2026-01-24,B
255045,2025-03-12,LB,2025-03-12,LB
256279,2025-12-11,LB,2025-12-11,LB
256280,2016-03-21,B,2026-01-31,B
258267,2017-05-09,B,2026-02-04,B
258268,2022-03-15,B,2025-08-31,B
258269,2022-03-15,B,2025-06-12,B
258270,2017-05-09,B,2026-02-04,B
258271,2017-05-09,B,2026-02-03,B
258272,2017-06-06,B,2026-01-12,B
258273,2018-01-08,B,2026-01-27,B
258274,2017-05-09,B,2026-02-01,B
258275,2017-10-16,B,2026-02-01,B
258276,2018-05-01,B,2026-02-01,B
258277,2018-01-08,B,2026-01-27,B
258278,2018-01-08,B,2026-01-27,B
258279,2026-01-26,LB,2026-01-26,LB
258280,2017-05-09,B,2026-02-02,B
258281,2023-10-29,B,2023-10-29,B
266007,2019-04-10,LP,2025-09-15,LP
280145,2003-02-01,P,2025-12-27,P
280273,2016-10-31,P,2016-10-31,P
280889,2016-09-29,P,2016-09-29,P
283159,2015-09-11,VUS,2015-09-11,VUS
286534,2016-03-02,P,2026-02-06,P
294473,2018-01-12,B,2023-04-11,B
294474,2018-01-13,VUS,2018-01-13,VUS
294475,2018-01-13,LB,2018-01-13,LB
294476,2017-04-28,LB,2017-04-28,LB
294477,2018-01-12,VUS,2018-01-12,VUS
294479,2018-01-12,VUS,2018-01-12,VUS
294480,2018-01-13,B,2026-02-01,B
294481,2018-01-13,VUS,2023-11-28,VUS
294484,2018-01-12,B,2026-01-29,B
294486,2018-01-13,B,2026-02-01,B
294488,2017-04-27,B,2026-02-04,B
294489,2018-01-13,B,2026-02-04,B
294491,2017-04-27,B,2026-02-04,B
294492,2018-01-13,B,2026-02-01,B
294494,2018-01-12,B,2026-02-01,B
294498,2017-04-27,B,2026-02-04,B
294500,2018-01-13,VUS,2018-01-13,VUS
294501,2018-01-13,B,2026-02-02,B
294502,2018-01-13,B,2026-04-09,B
294503,2018-01-12,VUS,2023-09-13,VUS
294504,2017-07-10,B,2026-03-01,B
294505,2018-01-12,LB,2026-04-06,LB
294506,2018-01-12,VUS,2024-11-13,VUS
294507,2018-03-06,B,2026-02-03,B
294509,2017-04-27,B,2026-02-04,B
294514,2018-03-06,B,2026-02-03,B
294518,2018-01-12,VUS,2025-10-02,VUS
294520,2015-06-20,LB,2026-01-21,LB
294523,2018-01-13,LB,2026-01-22,LB
294525,2018-01-13,B,2026-02-02,B
294527,2018-01-12,VUS,2025-10-27,VUS
294528,2018-01-13,B,2023-04-11,B
294529,2018-01-13,B,2023-04-11,B
294531,2018-03-06,B,2026-01-21,B
294532,2018-01-12,VUS,2018-01-12,VUS
294535,2018-01-13,B,2026-01-22,B
294536,2018-01-12,B,2025-10-02,B
294537,2018-01-13,B,2026-01-22,B
294539,2018-01-13,B,2026-01-26,B
294540,2018-01-13,B,2026-01-28,B
294542,2018-01-12,B,2026-01-22,B
294543,2018-01-13,VUS,2023-04-11,VUS
294545,2018-01-12,VUS,2023-04-11,VUS
294546,2018-01-13,VUS,2018-01-13,VUS
294551,2018-01-13,B,2026-01-24,B
294553,2018-01-12,VUS,2018-01-12,VUS
294554,2018-01-12,VUS,2018-01-12,VUS
294555,2018-01-13,VUS,2018-01-13,VUS
294556,2018-01-13,B,2018-01-13,B
294558,2018-01-13,VUS,2018-01-13,VUS
294559,2018-01-13,VUS,2018-01-13,VUS
294560,2018-01-13,B,2018-01-13,B
294561,2018-01-12,VUS,2018-01-12,VUS
294562,2018-01-12,B,2018-01-12,B
294563,2018-01-13,VUS,2018-01-13,VUS
294564,2018-01-13,VUS,2018-01-13,VUS
294967,2018-01-12,VUS,2025-02-09,VUS
294970,2018-01-13,VUS,2018-11-16,VUS
294971,2018-01-13,VUS,2022-09-09,VUS
294972,2018-01-13,VUS,2025-12-01,VUS
294974,2018-01-12,VUS,2023-08-22,VUS
294975,2018-03-06,B,2026-02-03,B
294976,2018-01-12,B,2026-01-31,B
294977,2018-01-13,VUS,2018-01-13,VUS
294978,2018-01-12,VUS,2018-01-12,VUS
294979,2018-01-12,VUS,2018-01-12,VUS
294980,2018-01-13,B,2018-01-13,B
294981,2018-01-13,VUS,2018-01-13,VUS
294982,2018-01-12,VUS,2018-01-12,VUS
294983,2018-01-13,B,2025-10-02,B
294984,2018-01-13,B,2018-01-13,B
294985,2018-01-12,VUS,2018-01-12,VUS
294986,2018-01-12,VUS,2018-01-12,VUS
294987,2018-01-12,VUS,2018-01-12,VUS
294988,2018-01-13,VUS,2018-01-13,VUS
294989,2018-01-13,B,2018-01-13,B
294990,2018-01-12,B,2018-01-12,B
294991,2018-01-12,VUS,2018-01-12,VUS
294992,2018-01-12,VUS,2018-01-12,VUS
294993,2018-01-12,VUS,2018-01-12,VUS
294994,2018-01-13,B,2018-01-13,B
294995,2018-01-13,VUS,2018-01-13,VUS
294996,2018-01-12,VUS,2018-01-12,VUS
330270,2018-01-13,B,2026-02-04,B
330279,2018-01-12,B,2026-02-04,B
330280,2018-01-13,B,2026-02-01,B
330282,2018-01-12,B,2026-02-04,B
330283,2018-01-13,B,2026-02-02,B
330285,2018-01-13,B,2026-02-03,B
330290,2018-01-12,B,2026-02-02,B
330293,2018-01-13,VUS,2025-09-30,VUS
330297,2018-01-13,B,2026-02-04,B
330298,2018-01-12,VUS,2018-01-12,VUS
330300,2018-01-12,B,2026-02-04,B
330301,2018-01-13,B,2026-02-02,B
330302,2018-01-13,VUS,2022-09-06,VUS
330304,2018-01-13,B,2026-02-02,B
330305,2018-01-12,B,2026-02-04,B
330308,2018-01-12,B,2026-02-04,B
330309,2018-01-12,LB,2026-02-04,LB
330313,2026-01-21,B,2026-02-01,B
330317,2018-01-13,B,2026-02-04,B
330318,2018-01-13,VUS,2025-11-12,VUS
330319,2018-09-12,LB,2018-09-12,LB
330321,2018-01-13,B,2026-02-04,B
330322,2018-01-12,B,2026-02-01,B
330324,2018-01-13,B,2026-02-04,B
330325,2018-01-13,B,2026-02-01,B
330326,2018-01-13,VUS,2025-03-18,VUS
330327,2018-01-12,VUS,2018-01-12,VUS
330329,2018-01-13,B,2026-01-28,B
330332,2018-01-12,B,2026-02-04,B
330333,2018-01-13,VUS,2018-01-13,VUS
330334,2018-01-12,B,2026-02-01,B
330336,2018-01-12,B,2026-02-04,B
330338,2018-01-13,B,2026-02-02,B
330339,2018-01-13,B,2026-02-03,B
330340,2018-01-13,VUS,2025-12-29,VUS
330342,2018-01-12,B,2018-01-12,B
334637,2018-01-13,B,2018-01-13,B
334638,2018-01-12,VUS,2018-01-12,VUS
334639,2018-01-12,VUS,2018-01-12,VUS
334641,2018-01-13,VUS,2018-01-13,VUS
334642,2018-01-13,VUS,2018-01-13,VUS
334643,2018-01-12,VUS,2018-01-12,VUS
334644,2018-01-12,B,2018-01-12,B
334645,2018-01-13,VUS,2018-01-13,VUS
334646,2018-01-13,LB,2018-01-13,LB
334647,2018-01-13,VUS,2018-01-13,VUS
334648,2018-01-13,VUS,2018-01-13,VUS
334651,2018-01-13,VUS,2018-01-13,VUS
334652,2018-01-13,VUS,2018-01-13,VUS
334653,2018-01-13,VUS,2018-01-13,VUS
334654,2018-01-12,VUS,2018-01-12,VUS
334655,2018-01-13,VUS,2018-01-13,VUS
334656,2018-01-13,LB,2018-01-13,LB
334657,2018-01-13,VUS,2018-01-13,VUS
334658,2018-01-13,LB,2018-01-13,LB
334659,2018-01-13,VUS,2018-01-13,VUS
334660,2018-01-12,VUS,2018-01-12,VUS
334662,2018-01-13,VUS,2018-01-13,VUS
334663,2018-01-12,VUS,2018-01-12,VUS
334664,2018-01-12,B,2018-01-12,B
334665,2018-01-12,VUS,2018-01-12,VUS
334666,2018-01-13,VUS,2018-01-13,VUS
334667,2018-01-13,LB,2018-01-13,LB
334668,2018-01-12,VUS,2018-01-12,VUS
334672,2018-01-13,VUS,2018-01-13,VUS
334673,2018-01-12,VUS,2018-01-12,VUS
334674,2018-01-13,VUS,2018-01-13,VUS
334675,2018-01-13,VUS,2018-01-13,VUS
334676,2018-01-12,VUS,2018-01-12,VUS
334677,2018-01-13,VUS,2018-01-13,VUS
334678,2018-01-13,VUS,2018-01-13,VUS
334679,2018-01-13,VUS,2018-01-13,VUS
334680,2018-01-13,VUS,2018-01-13,VUS
334681,2018-01-13,VUS,2018-01-13,VUS
334683,2018-01-12,VUS,2018-01-12,VUS
334684,2018-01-13,VUS,2018-01-13,VUS
334685,2018-01-13,VUS,2018-01-13,VUS
334686,2018-01-12,LB,2018-01-12,LB
334687,2018-01-12,VUS,2018-01-12,VUS
334689,2018-01-13,VUS,2018-01-13,VUS
334690,2017-04-27,LB,2017-04-27,LB
334691,2018-01-12,VUS,2018-01-12,VUS
334693,2018-01-12,LB,2018-01-12,LB
334694,2018-01-13,VUS,2018-01-13,VUS
334695,2018-01-13,B,2018-07-09,B
334696,2018-01-12,VUS,2018-01-12,VUS
334697,2018-01-13,VUS,2018-01-13,VUS
334698,2018-01-13,VUS,2018-01-13,VUS
334699,2018-01-12,VUS,2021-09-24,VUS
334701,2019-09-11,LB,2023-11-17,LB
334703,2016-03-21,B,2026-02-01,B
334710,2016-03-21,B,2026-02-01,B
334713,2017-12-18,B,2026-01-31,B
334720,2018-01-12,VUS,2023-05-01,VUS
334721,2016-03-21,B,2026-03-01,B
334722,2018-01-12,VUS,2018-01-12,VUS
334723,2018-07-31,B,2026-02-14,B
334724,2018-01-13,B,2026-02-04,B
334725,2018-01-13,VUS,2022-09-28,VUS
334727,2018-01-12,VUS,2025-11-01,VUS
334729,2016-03-21,B,2026-02-01,B
334730,2018-01-13,VUS,2018-01-13,VUS
334732,2016-03-21,B,2026-02-02,B
334733,2024-02-23,B,2024-02-23,B
334735,2018-01-13,VUS,2018-01-13,VUS
334741,2018-01-13,VUS,2018-01-13,VUS
334742,2018-01-13,VUS,2018-01-13,VUS
334744,2018-01-13,VUS,2018-01-13,VUS
334746,2018-01-13,VUS,2018-01-13,VUS
334747,2018-01-13,VUS,2018-01-13,VUS
334748,2018-01-12,VUS,2018-01-12,VUS
334749,2018-01-13,VUS,2018-01-13,VUS
334750,2018-01-12,VUS,2018-01-12,VUS
334751,2018-01-13,VUS,2018-01-13,VUS
334755,2018-01-13,VUS,2018-01-13,VUS
334756,2016-03-21,B,2026-02-04,B
334760,2020-03-13,VUS,2025-04-26,VUS
334761,2018-01-12,VUS,2018-01-12,VUS
334768,2018-01-12,VUS,2018-01-12,VUS
334769,2018-01-12,VUS,2018-01-12,VUS
334772,2018-01-13,B,2026-02-04,B
334779,2026-01-14,LB,2026-01-14,LB
334780,2016-03-21,B,2026-02-04,B
334785,2017-08-23,LB,2026-01-28,LB
334787,2018-01-12,VUS,2018-01-12,VUS
334790,2018-01-12,B,2018-01-12,B
334791,2018-01-12,B,2018-07-10,B
334792,2018-01-13,B,2018-01-13,B
334793,2018-01-12,VUS,2018-01-12,VUS
334794,2018-01-13,B,2018-01-13,B
334795,2018-01-13,B,2018-01-13,B
334796,2018-01-13,VUS,2018-01-13,VUS
334797,2018-01-13,VUS,2018-01-13,VUS
334798,2018-01-13,LB,2018-01-13,LB
334799,2018-01-12,B,2018-01-12,B
334800,2018-01-13,B,2018-01-13,B
334801,2018-01-12,VUS,2018-01-12,VUS
334802,2018-01-13,VUS,2018-01-13,VUS
334807,2018-01-12,VUS,2018-01-12,VUS
334808,2018-01-12,B,2018-01-12,B
334809,2018-01-13,B,2018-01-13,B
334811,2018-01-12,B,2018-01-12,B
334812,2018-01-12,B,2018-01-12,B
334813,2018-01-12,VUS,2018-01-12,VUS
334814,2018-01-13,VUS,2018-01-13,VUS
334815,2018-01-13,VUS,2018-01-13,VUS
334816,2018-01-13,VUS,2018-01-13,VUS
334817,2018-01-13,B,2018-01-13,B
334818,2018-01-12,LB,2018-01-12,LB
334819,2018-01-13,VUS,2018-01-13,VUS
334820,2018-01-12,LB,2018-01-12,LB
334821,2018-01-13,B,2018-01-13,B
334822,2018-01-13,LB,2018-01-13,LB
334823,2018-01-13,VUS,2018-01-13,VUS
334824,2018-01-13,VUS,2018-01-13,VUS
334825,2018-01-12,B,2018-01-12,B
334826,2018-01-12,B,2018-01-12,B
334827,2018-01-12,B,2018-01-12,B
347142,2018-01-13,B,2025-09-26,B
347143,2018-01-13,B,2021-07-22,B
347144,2018-01-12,B,2026-01-21,B
347145,2019-12-11,VUS,2025-09-26,VUS
347148,2018-01-13,B,2026-01-27,B
347149,2018-01-12,VUS,2018-01-12,VUS
347150,2018-01-12,B,2026-02-01,B
347152,2018-01-12,VUS,2018-01-12,VUS
347154,2018-01-13,B,2026-01-07,B
347155,2018-01-12,VUS,2023-11-11,VUS
347158,2017-04-27,B,2026-02-02,B
347159,2018-01-13,B,2026-01-24,B
347160,2018-01-12,VUS,2025-09-26,VUS
347163,2017-04-27,LB,2026-01-21,LB
347165,2018-01-13,B,2026-02-02,B
347167,2018-01-13,B,2026-02-04,B
347169,2018-01-12,LB,2025-09-26,LB
347170,2018-01-13,B,2026-02-01,B
347171,2018-01-12,B,2026-02-02,B
347174,2018-01-13,B,2026-01-27,B
347175,2018-01-13,LB,2024-10-09,LB
347176,2018-01-13,LB,2025-12-21,LB
347177,2018-01-13,B,2026-01-22,B
347178,2018-01-12,VUS,2018-01-12,VUS
369434,2018-01-13,B,2018-11-10,B
371670,2016-11-10,LP,2025-10-01,LP
373019,2016-10-06,VUS,2022-06-03,VUS
373301,2017-12-12,VUS,2017-12-12,VUS
373896,2023-08-30,VUS,2023-08-30,VUS
374041,2015-06-16,VUS,2015-06-16,VUS
377177,2016-12-27,B,2026-01-24,B
384755,2016-03-12,LB,2016-03-12,LB
388125,2018-07-20,VUS,2018-07-20,VUS
389715,2016-09-30,VUS,2025-08-10,VUS
392888,2017-01-24,VUS,2017-01-24,VUS
397601,2021-07-13,LP,2021-07-13,LP
397632,2024-05-18,LP,2024-05-18,LP
402533,2016-03-29,LB,2026-01-22,LB
419666,2015-08-04,P,2015-08-04,P
420339,2016-07-04,VUS,2016-07-04,VUS
420384,2016-02-20,VUS,2022-09-13,VUS
421465,2016-06-13,LP,2018-05-09,LP
421799,2019-10-28,VUS,2022-12-02,VUS
422037,2016-08-18,VUS,2016-08-18,VUS
422355,2016-10-07,VUS,2023-04-11,VUS
422634,2016-10-24,VUS,2024-01-13,VUS
422920,2016-12-30,LP,2022-02-01,LP
423235,2017-11-09,VUS,2017-11-09,VUS
423426,2017-02-22,VUS,2023-04-03,VUS
423646,2017-02-14,LP,2022-03-03,LP
424643,2017-02-25,LP,2018-10-15,LP
424644,2017-02-25,LP,2025-05-02,LP
424646,2017-02-25,LP,2018-10-15,LP
424647,2017-02-25,LP,2018-10-15,LP
426808,2017-04-03,P,2017-04-03,P
427097,2023-07-13,VUS,2026-01-06,VUS
427770,2021-07-22,LP,2021-07-22,LP
427902,2022-02-18,VUS,2022-02-18,VUS
429614,2017-05-08,VUS,2021-03-27,VUS
430020,2018-08-28,P,2025-07-11,P
430135,2020-01-08,P,2025-03-05,P
430899,2016-10-04,LP,2016-10-04,LP
431809,2017-06-09,P,2017-06-09,P
432038,2016-01-14,LP,2025-03-31,LP
433187,2017-06-07,LP,2017-06-07,LP
438648,2017-04-20,VUS,2017-04-20,VUS
438652,2017-04-20,VUS,2024-07-31,VUS
438655,2017-01-01,P,2026-01-05,P
438672,2017-04-20,LP,2025-10-29,LP
438673,2017-04-20,LP,2017-04-20,LP
438685,2017-04-20,P,2017-04-20,P
438698,2017-04-20,LP,2017-04-20,LP
438704,2017-04-20,P,2025-10-29,P
438705,2017-04-20,LP,2024-04-03,LP
438706,2017-04-20,LP,2025-09-30,LP
438707,2017-04-20,LP,2017-04-20,LP
439519,2016-09-01,LP,2016-09-01,LP
439520,2016-10-12,B,2026-01-09,B
439522,2016-11-29,B,2026-01-27,B
439523,2017-01-04,LP,2025-10-20,LP
441727,2014-12-02,P,2014-12-02,P
441728,2015-07-14,P,2015-07-14,P
442514,2014-06-03,P,2014-06-03,P
443091,2016-02-01,VUS,2016-02-01,VUS
443231,2014-07-01,VUS,2014-07-01,VUS
443483,2014-05-05,P,2014-05-05,P
443498,2014-12-02,P,2014-12-02,P
443499,2015-07-14,P,2015-07-14,P
444822,2017-02-01,LP,2021-11-26,LP
447164,2016-12-31,VUS,2024-03-20,VUS
447165,2017-01-31,VUS,2020-09-16,VUS
447167,2017-02-03,LP,2023-02-14,LP
447168,2017-06-01,P,2024-04-08,P
447169,2016-03-25,P,2026-01-26,P
447170,2016-11-22,LB,2026-01-28,LB
447172,2016-11-08,P,2026-01-26,P
447173,2022-01-06,P,2025-06-12,P
447174,2016-08-19,P,2026-01-22,P
447177,2016-12-31,VUS,2021-10-29,VUS
447181,2016-12-27,P,2016-12-27,P
447182,2016-03-21,B,2026-01-31,B
447183,2017-02-14,LP,2025-09-04,LP
447184,2017-06-07,LP,2017-06-07,LP
447186,2017-03-09,VUS,2026-03-03,VUS
447188,2017-07-10,LP,2026-01-19,LP
447191,2016-12-20,LP,2026-01-13,LP
447193,2016-03-21,B,2026-02-04,B
447195,2017-06-05,LP,2026-01-02,LP
447197,2016-10-21,VUS,2016-10-21,VUS
447199,2018-06-13,P,2024-03-16,P
447201,2017-06-06,P,2017-06-06,P
447202,2023-11-27,VUS,2023-11-27,VUS
447203,2016-12-21,P,2016-12-21,P
447204,2016-09-13,LP,2016-09-13,LP
447206,2016-08-17,P,2016-08-17,P
447207,2017-06-26,VUS,2020-07-23,VUS
447209,2017-03-31,P,2017-03-31,P
447210,2017-04-26,P,2025-02-11,P
447211,2016-10-13,P,2016-10-13,P
447212,2016-09-27,P,2016-09-27,P
447215,2016-12-31,LP,2016-12-31,LP
449549,2016-11-18,P,2026-01-27,P
449557,2017-06-23,VUS,2025-09-09,VUS
450391,2017-07-18,VUS,2017-07-18,VUS
451439,2017-08-18,LP,2025-05-29,LP
451521,2017-08-31,VUS,2025-10-02,VUS
452626,2021-04-01,P,2021-04-01,P
452664,2020-06-05,P,2021-11-06,P
453113,2017-10-25,LP,2017-10-25,LP
495548,2016-06-26,P,2026-03-11,P
498820,2016-11-30,VUS,2023-01-31,VUS
499481,2017-01-19,VUS,2022-01-03,VUS
499484,2017-01-19,VUS,2021-12-01,VUS
499491,2016-03-21,B,2026-02-02,B
499492,2017-01-18,LB,2026-01-04,LB
500055,2016-03-21,B,2026-03-23,B
500838,2017-03-31,LB,2026-01-16,LB
502185,2017-06-01,B,2026-02-01,B
502393,2017-06-01,VUS,2026-01-04,VUS
504907,2016-03-21,B,2026-01-26,B
504909,2016-03-21,B,2026-01-28,B
506228,2017-12-21,VUS,2017-12-21,VUS
508705,2016-03-21,B,2026-02-04,B
509133,2016-03-21,B,2026-02-04,B
511150,2017-07-24,LB,2024-02-08,LB
511546,2017-08-29,LB,2023-01-16,LB
512463,2017-10-11,LB,2017-10-11,LB
513399,2017-11-30,B,2026-01-28,B
513621,2017-12-04,LB,2017-12-04,LB
513663,2020-06-24,B,2025-12-06,B
513928,2017-12-04,LB,2022-10-03,LB
514048,2021-06-25,LB,2025-02-15,LB
514981,2020-07-28,LB,2025-12-17,LB
514984,2020-05-11,LB,2025-10-13,LB
514998,2018-01-29,B,2026-01-28,B
515259,2019-09-03,B,2026-01-28,B
515260,2019-11-21,B,2026-01-28,B
517578,2017-08-23,LB,2026-01-22,LB
517580,2017-08-23,LB,2025-09-20,LB
517581,2017-12-14,LB,2024-02-25,LB
522216,2015-07-22,B,2026-02-03,B
522409,2017-09-18,LP,2017-09-18,LP
522411,2017-09-18,VUS,2017-09-18,VUS
522413,2017-09-18,LP,2024-08-19,LP
522414,2017-09-18,VUS,2024-07-17,VUS
522420,2017-09-18,VUS,2017-09-18,VUS
522422,2017-09-18,LP,2017-09-18,LP
522431,2017-09-18,VUS,2017-09-18,VUS
522432,2017-09-18,LP,2024-05-17,LP
522445,2017-09-18,P,2019-06-13,P
522457,2017-09-18,P,2017-09-18,P
522481,2017-09-18,LP,2017-09-18,LP
522488,2017-09-18,P,2017-09-18,P
522489,2017-09-18,LP,2017-09-18,LP
522497,2017-09-27,P,2017-09-27,P
522498,2017-09-27,LP,2020-03-19,LP
522505,2017-10-06,VUS,2025-02-19,VUS
522536,2017-11-23,VUS,2025-07-30,VUS
522537,2017-11-27,P,2017-11-27,P
522539,2017-11-28,LP,2017-11-28,LP
522544,2017-11-28,LP,2025-05-02,LP
522547,2017-12-01,VUS,2021-12-07,VUS
522548,2017-12-01,VUS,2017-12-01,VUS
522552,2017-12-18,LP,2017-12-18,LP
523270,2017-01-01,P,2017-01-01,P
523544,2017-01-01,P,2017-01-01,P
523545,2017-01-01,VUS,2017-01-01,VUS
523546,2017-01-01,VUS,2017-01-01,VUS
523547,2017-01-01,P,2017-01-01,P
523548,2017-01-01,LP,2017-01-01,LP
523549,2017-01-01,VUS,2017-01-01,VUS
544824,2018-02-27,VUS,2025-10-02,VUS
544828,2018-02-27,VUS,2024-10-05,VUS
545154,2018-03-20,LP,2018-03-20,LP
545942,2018-05-10,LP,2018-05-10,LP
546271,2018-06-21,P,2018-06-21,P
546314,2018-01-12,VUS,2022-05-07,VUS
549708,2018-05-09,LP,2018-05-09,LP
549709,2018-05-09,LP,2018-05-09,LP
549933,2017-11-13,LP,2023-08-25,LP
550056,2017-10-04,LP,2021-09-10,LP
550177,2017-01-09,LP,2024-01-05,LP
550196,2016-12-20,LP,2024-03-06,LP
550302,2016-12-28,P,2026-02-03,P
550436,2017-01-19,LP,2017-01-19,LP
550471,2017-01-27,P,2026-01-21,P
550710,2017-02-09,LB,2017-02-09,LB
550745,2017-02-14,LP,2026-01-26,LP
551045,2017-03-23,LP,2024-05-17,LP
551062,2017-03-24,LP,2017-03-24,LP
551332,2017-04-03,VUS,2017-04-03,VUS
551408,2017-04-25,VUS,2017-04-25,VUS
551419,2017-04-07,VUS,2017-04-07,VUS
551687,2017-05-01,VUS,2025-09-24,VUS
551759,2000-11-01,P,2025-12-30,P
551819,2017-05-08,P,2026-01-01,P
551951,2017-05-17,P,2025-12-12,P
551963,2017-05-12,LP,2024-03-02,LP
551974,2017-05-12,VUS,2017-05-12,VUS
552190,2017-05-25,LP,2024-04-03,LP
552246,2017-05-31,VUS,2019-10-09,VUS
552350,2017-06-21,VUS,2017-06-21,VUS
552669,2017-06-26,VUS,2017-06-26,VUS
552726,2017-07-07,VUS,2017-07-07,VUS
552794,2017-07-06,LB,2017-07-06,LB
552802,2017-07-07,VUS,2025-02-13,VUS
552855,2017-07-12,VUS,2025-02-07,VUS
552894,2017-07-17,LB,2024-01-11,LB
553210,2017-08-08,LP,2024-05-23,LP
553237,2017-08-08,LP,2021-08-27,LP
553259,2017-08-11,LP,2025-05-27,LP
553304,2017-08-15,LP,2025-09-11,LP
553396,2017-08-17,VUS,2017-08-17,VUS
553413,2017-08-18,VUS,2025-03-19,VUS
553632,2017-09-01,LB,2017-09-01,LB
553669,2017-09-12,VUS,2017-09-12,VUS
553870,2017-09-16,LP,2026-04-07,LP
553871,2017-09-16,VUS,2025-08-26,VUS
554004,2017-09-21,P,2026-01-06,P
554007,2017-04-27,VUS,2022-11-15,VUS
554015,2017-09-22,LP,2017-09-22,LP
554060,2017-10-06,VUS,2022-09-02,VUS
554103,2017-09-26,VUS,2017-09-26,VUS
554110,2017-09-26,P,2026-01-16,P
554161,2017-09-27,LP,2024-04-26,LP
554189,2017-09-29,LP,2024-07-02,LP
554208,2017-09-29,LP,2025-01-24,LP
554223,2017-10-02,LP,2024-05-18,LP
554260,2017-10-10,LP,2017-10-10,LP
554267,2017-10-10,LP,2024-02-18,LP
554306,2017-10-23,LP,2017-10-23,LP
554316,2017-10-16,VUS,2025-10-20,VUS
554362,2017-10-17,LB,2017-10-17,LB
554366,2017-10-17,LP,2017-10-17,LP
554379,2017-10-17,VUS,2024-11-15,VUS
554425,2017-10-19,VUS,2017-10-19,VUS
554433,2017-10-18,VUS,2025-07-07,VUS
554599,2017-10-27,LP,2017-10-27,LP
554615,2017-10-27,VUS,2022-06-24,VUS
554695,2017-11-14,LB,2017-11-14,LB
554704,2017-11-14,LB,2017-11-14,LB
554724,2017-11-02,VUS,2017-11-02,VUS
554805,2017-11-03,LP,2017-11-03,LP
554997,2017-11-10,LP,2017-11-10,LP
555012,2017-11-13,LP,2024-06-10,LP
555067,2017-11-13,LP,2024-04-17,LP
555077,2017-11-13,LP,2025-11-18,LP
555176,2017-11-21,LB,2025-12-24,LB
555218,2017-11-29,LP,2020-09-30,LP
555237,2017-11-29,LB,2017-11-29,LB
555238,2017-12-01,VUS,2020-06-24,VUS
555302,2017-11-29,LP,2024-05-06,LP
555499,2017-12-11,VUS,2017-12-11,VUS
555526,2017-12-12,LP,2024-05-13,LP
555547,2017-12-12,LP,2025-10-16,LP
555663,2017-12-27,LB,2022-03-27,LB
555757,2017-12-20,VUS,2017-12-20,VUS
555761,2017-12-21,VUS,2017-12-21,VUS
555876,2018-01-02,LP,2025-06-18,LP
555889,2018-01-08,LP,2025-12-26,LP
555934,2018-01-04,LP,2018-01-04,LP
555957,2018-01-04,LP,2018-01-04,LP
555966,2018-01-04,P,2020-01-18,P
556032,1997-01-01,P,2023-11-03,P
556043,2018-01-10,VUS,2018-01-10,VUS
556083,2018-01-11,LB,2018-01-11,LB
556198,2018-01-22,LP,2025-12-09,LP
556396,2018-01-30,LP,2018-01-30,LP
556513,2018-02-02,VUS,2021-12-03,VUS
556517,2018-02-05,LP,2018-02-05,LP
556542,2018-02-06,LP,2025-01-13,LP
556584,2018-02-08,VUS,2018-02-08,VUS
556684,2018-02-13,LP,2025-09-29,LP
556844,2018-02-21,LP,2025-09-17,LP
556869,2018-02-22,LP,2024-06-19,LP
556874,2018-02-22,VUS,2018-02-22,VUS
556896,2018-02-26,LB,2018-02-26,LB
556991,2018-03-07,LP,2018-03-07,LP
556995,2018-03-06,LP,2024-05-16,LP
557014,2018-03-02,LP,2023-07-16,LP
557089,2018-03-07,LP,2024-03-06,LP
557384,2018-03-22,LP,2018-03-22,LP
557390,2018-03-23,LB,2023-08-10,LB
557427,2018-03-30,VUS,2018-03-30,VUS
557441,2018-03-30,LP,2018-03-30,LP
557589,2018-04-03,VUS,2018-04-03,VUS
557655,2018-04-03,LP,2018-04-03,LP
557799,2018-04-06,LP,2023-11-30,LP
557867,2018-04-13,LB,2023-01-25,LB
557875,2018-04-13,LP,2025-11-18,LP
557998,2018-04-23,LP,2022-02-01,LP
558060,2018-05-01,LP,2018-05-01,LP
558062,2018-04-26,VUS,2025-12-31,VUS
558114,2018-04-30,VUS,2018-04-30,VUS
558270,2018-05-15,LP,2018-05-15,LP
558354,2018-05-15,LB,2018-05-15,LB
558441,2018-05-22,LP,2018-05-22,LP
558630,2018-06-05,LP,2025-09-16,LP
560705,2018-05-22,P,2018-05-22,P
562250,2018-09-16,LP,2025-09-10,LP
562251,2018-09-16,P,2018-09-16,P
562256,2018-09-16,LP,2021-05-12,LP
562260,2018-09-16,LP,2025-05-19,LP
562267,2018-09-16,LP,2018-09-16,LP
562274,2018-09-16,LP,2018-09-16,LP
562285,2018-09-16,LP,2018-09-16,LP
562286,2018-09-16,LP,2024-02-28,LP
562306,2018-09-16,LP,2018-09-16,LP
562313,2018-09-16,LP,2018-09-16,LP
562328,2018-09-16,LP,2025-12-25,LP
562329,2018-09-16,LP,2024-04-25,LP
562330,2018-09-16,LP,2024-06-14,LP
562337,2018-09-16,LP,2025-09-14,LP
562338,2018-09-16,LP,2018-09-16,LP
562340,2018-09-16,P,2018-09-16,P
562344,2018-09-16,LP,2025-08-22,LP
562348,2018-09-16,LP,2018-09-16,LP
562350,2018-09-16,LP,2025-06-06,LP
562352,2018-09-16,P,2024-06-17,P
562353,2018-09-16,P,2025-04-23,P
562359,2018-09-16,LP,2018-09-16,LP
562368,2018-09-16,P,2023-12-21,P
562369,2018-09-16,LP,2025-10-17,LP
562375,2018-09-16,LP,2023-11-12,LP
562396,2018-09-16,P,2020-03-05,P
562397,2018-09-16,LP,2025-09-18,LP
562403,2018-05-21,P,2025-09-11,P
562405,2018-09-16,LP,2018-09-16,LP
562410,2018-09-16,P,2019-11-10,P
562414,2018-09-16,LP,2025-06-06,LP
562417,2018-09-16,P,2025-06-12,P
562420,2018-03-15,P,2025-06-12,P
562421,2018-09-16,P,2026-03-22,P
562424,2018-09-16,P,2025-01-27,P
562428,2018-09-16,LP,2021-10-14,LP
562429,2018-09-16,LP,2018-09-16,LP
562431,2018-09-16,LP,2018-09-16,LP
562443,2018-09-16,LP,2018-09-16,LP
562445,2018-09-16,LP,2025-06-17,LP
562446,2018-09-16,P,2018-09-16,P
562451,2018-09-16,LP,2018-09-16,LP
562452,2018-09-16,LP,2025-08-22,LP
562460,2018-09-16,LP,2018-09-16,LP
562463,2018-09-16,LP,2018-09-16,LP
562677,2017-09-11,P,2017-09-11,P
564607,2018-04-17,P,2018-04-17,P
564884,2023-10-04,P,2023-10-04,P
585516,2017-10-31,LB,2025-11-08,LB
585519,2018-04-24,VUS,2025-07-22,VUS
585521,2018-05-23,B,2018-07-09,B
585523,2018-05-02,LP,2018-05-02,LP
585526,2018-05-04,LP,2025-08-07,LP
585527,2018-08-20,VUS,2018-08-20,VUS
585533,2018-02-26,VUS,2024-03-05,VUS
585537,2018-03-08,LP,2018-03-08,LP
585539,2017-09-12,VUS,2017-09-12,VUS
585541,2017-11-06,P,2017-11-06,P
585542,2017-11-20,P,2021-02-25,P
585545,2017-09-30,VUS,2017-09-30,VUS
585546,2017-11-17,VUS,2017-11-17,VUS
585547,2017-12-06,VUS,2025-06-12,VUS
585548,2017-12-07,VUS,2017-12-07,VUS
586956,2017-11-07,LP,2022-09-01,LP
587088,2019-06-25,P,2019-06-25,P
587093,2021-09-08,P,2025-01-21,P
587106,2022-06-03,P,2022-06-03,P
587107,2020-03-27,LP,2020-03-27,LP
587115,2020-02-01,LP,2020-02-01,LP
587140,2021-10-02,LP,2021-10-02,LP
587146,2020-01-03,P,2020-01-03,P
587155,2022-09-06,VUS,2024-05-09,VUS
587182,2020-03-11,P,2020-03-11,P
587191,2018-03-06,LP,2018-03-06,LP
587199,2024-05-23,P,2025-06-16,P
587206,2025-09-02,P,2025-09-02,P
587217,2018-05-17,LP,2018-05-17,LP
587238,2021-08-04,P,2021-08-04,P
587252,2020-09-18,P,2020-09-18,P
587259,2018-12-20,P,2022-09-18,P
587295,2020-09-28,LP,2020-09-28,LP
587297,2022-07-06,P,2022-07-06,P
587312,2020-07-27,VUS,2022-01-03,VUS
587321,2019-05-10,P,2021-10-15,P
590263,2018-05-11,P,2025-09-24,P
591064,2018-09-16,VUS,2025-05-13,VUS
591101,2018-09-16,VUS,2025-04-08,VUS
591170,2018-09-16,VUS,2018-09-16,VUS
591228,2018-09-16,VUS,2018-09-16,VUS
591314,2018-09-16,VUS,2018-09-16,VUS
591362,2018-09-16,VUS,2025-10-02,VUS
591448,2018-09-16,VUS,2018-09-16,VUS
591452,2018-09-16,VUS,2018-09-16,VUS
591513,2018-09-16,VUS,2018-09-16,VUS
591516,2018-09-16,VUS,2018-09-16,VUS
591531,2018-09-16,VUS,2018-09-16,VUS
591626,2018-09-16,VUS,2018-09-16,VUS
591641,2018-09-16,VUS,2018-09-16,VUS
591660,2018-09-16,VUS,2018-09-16,VUS
591769,2018-09-16,VUS,2018-09-16,VUS
591785,2018-09-16,VUS,2024-12-25,VUS
592009,2018-09-16,VUS,2018-09-16,VUS
592972,2017-07-03,B,2025-10-03,B
593573,2017-09-18,LP,2017-09-18,LP
593644,2017-09-01,VUS,2022-03-28,VUS
594208,2017-10-12,VUS,2024-07-29,VUS
595859,2016-03-21,B,2026-01-28,B
599056,2017-12-19,P,2017-12-19,P
599057,2017-12-19,VUS,2018-11-01,VUS
599058,2017-12-20,LP,2025-02-20,LP
599064,2018-01-09,P,2024-07-19,P
599075,2018-02-12,VUS,2018-02-12,VUS
599076,2018-02-13,VUS,2021-12-12,VUS
599079,2018-02-19,P,2020-12-10,P
599080,2018-02-19,LP,2023-08-15,LP
599081,2018-02-19,VUS,2018-02-19,VUS
599091,2018-03-15,VUS,2025-09-26,VUS
599093,2018-03-22,VUS,2018-03-22,VUS
599099,2018-03-27,VUS,2025-03-04,VUS
599104,2018-04-17,LP,2018-04-17,LP
599105,2018-04-17,LP,2018-05-22,LP
599106,2018-04-17,LP,2025-06-24,LP
599107,2018-04-17,P,2018-04-17,P
599109,2018-04-18,P,2018-04-18,P
599112,2018-05-02,LP,2018-05-02,LP
599113,2018-05-02,VUS,2022-02-02,VUS
599116,2018-05-16,VUS,2025-09-30,VUS
599117,2018-05-16,P,2025-09-30,P
599120,2018-05-17,P,2018-05-17,P
599121,2018-05-17,LP,2022-04-08,LP
599124,2018-05-17,LP,2018-05-17,LP
599137,2018-05-22,LP,2025-11-03,LP
599139,2018-05-25,P,2018-05-25,P
599140,2018-05-30,LP,2018-05-30,LP
599143,2018-06-11,VUS,2018-06-11,VUS
599147,2018-07-05,LP,2018-07-05,LP
599154,2018-08-03,VUS,2018-08-03,VUS
599160,2018-08-17,P,2018-08-17,P
599162,2018-08-29,LP,2018-08-29,LP
599172,2018-09-13,VUS,2022-01-07,VUS
599174,2018-09-13,LP,2021-10-23,LP
599175,2018-09-14,LP,2018-09-14,LP
599176,2018-09-14,LP,2018-09-14,LP
599178,2018-09-17,VUS,2018-09-17,VUS
599457,2017-04-27,B,2025-12-16,B
618580,2018-01-11,LP,2023-09-27,LP
618581,2017-09-12,LP,2017-09-12,LP
619957,2016-09-01,P,2016-09-01,P
620143,2021-07-15,P,2026-03-11,P
623126,2018-04-10,LP,2018-04-10,LP
623161,2018-01-19,LP,2021-07-09,LP
624178,2018-04-01,VUS,2018-04-01,VUS
625777,2018-11-01,P,2018-11-01,P
625795,2018-11-01,P,2018-11-01,P
625915,2017-04-27,VUS,2025-11-22,VUS
625916,2023-04-11,VUS,2025-12-03,VUS
625917,2018-07-31,VUS,2025-01-21,VUS
627584,2018-10-03,P,2024-06-15,P
631847,2021-04-12,VUS,2025-12-29,VUS
632092,2018-09-16,VUS,2024-08-07,VUS
632093,2018-09-16,VUS,2023-04-11,VUS
632777,2024-12-12,LB,2026-01-25,LB
633663,2018-09-16,VUS,2018-09-16,VUS
633664,2018-09-16,VUS,2024-05-11,VUS
633671,2018-09-16,VUS,2025-09-30,VUS
633672,2018-09-16,VUS,2018-09-16,VUS
633835,2019-06-12,P,2019-06-12,P
634650,2018-01-13,VUS,2026-01-01,VUS
635012,2019-06-12,LP,2019-06-12,LP
635053,2018-06-15,LP,2018-06-15,LP
635111,2019-06-11,P,2025-08-21,P
635419,2018-09-24,VUS,2022-04-28,VUS
635433,2018-09-28,VUS,2018-09-28,VUS
635434,2018-09-28,VUS,2018-09-28,VUS
635447,2018-11-12,P,2020-08-27,P
635452,2018-03-16,VUS,2025-09-26,VUS
635479,2019-02-04,LP,2024-02-06,LP
635491,2018-09-28,P,2025-10-02,P
635495,2018-10-09,P,2025-11-11,P
635500,2018-10-23,P,2025-10-02,P
635501,2018-10-25,VUS,2025-08-20,VUS
635506,2018-10-29,P,2018-10-29,P
635508,2018-10-30,P,2018-10-30,P
635509,2018-11-20,P,2018-11-20,P
635512,2018-11-21,P,2018-11-21,P
635535,2018-12-27,LP,2018-12-27,LP
635536,2018-12-27,P,2025-06-12,P
635542,2019-01-15,LP,2025-08-20,LP
635543,2019-01-15,P,2025-09-17,P
635544,2019-01-16,VUS,2019-01-16,VUS
635545,2019-01-16,VUS,2024-09-18,VUS
635547,2019-02-27,P,2023-01-20,P
635550,2019-02-28,LP,2019-02-28,LP
635552,2019-03-11,P,2019-03-11,P
635897,2019-04-09,P,2019-04-09,P
635911,2019-04-09,VUS,2019-04-09,VUS
636510,2017-10-16,VUS,2024-11-01,VUS
636566,2018-02-19,VUS,2018-02-19,VUS
637042,2018-05-24,P,2023-03-01,P
638006,2019-03-15,LP,2024-04-19,LP
638646,2022-01-03,LP,2022-01-03,LP
642234,2018-11-22,P,2018-11-22,P
646874,2018-12-15,VUS,2018-12-15,VUS
652664,2021-09-01,VUS,2021-09-01,VUS
657973,2018-07-26,P,2018-07-26,P
659123,2021-06-25,P,2026-02-01,P
660948,2023-12-11,LP,2023-12-11,LP
666560,2018-05-09,P,2018-05-09,P
666621,2016-03-21,B,2026-01-28,B
666622,2016-03-21,B,2026-01-28,B
666678,2018-12-27,LB,2024-01-31,LB
666679,2017-08-23,LB,2023-11-06,LB
666680,2018-02-10,LB,2023-11-22,LB
666683,2018-02-27,LB,2024-12-05,LB
666814,2018-03-02,VUS,2020-09-09,VUS
666815,2018-11-06,VUS,2024-11-13,VUS
666816,2019-02-11,VUS,2019-02-11,VUS
666818,2018-03-05,VUS,2025-12-02,VUS
667045,2016-03-21,B,2026-02-04,B
667102,2017-08-23,LB,2026-01-19,LB
667223,2018-04-11,VUS,2025-03-04,VUS
667224,2018-08-07,VUS,2025-08-22,VUS
667225,2018-08-24,VUS,2021-12-23,VUS
668190,2018-05-29,B,2025-05-02,B
675897,2018-04-12,B,2026-01-27,B
678419,2018-05-11,B,2026-01-05,B
679016,2020-08-19,LB,2023-08-29,LB
680399,2018-03-28,LB,2025-05-09,LB
681002,2020-02-21,LB,2026-02-02,LB
681396,2018-04-09,LB,2023-09-26,LB
681848,2021-04-13,LB,2024-03-04,LB
682295,2018-04-30,LB,2018-04-30,LB
682305,2018-05-14,B,2026-02-02,B
682306,2018-05-14,B,2026-02-02,B
682346,2020-01-10,LB,2020-01-10,LB
682502,2018-06-13,B,2024-07-15,B
682503,2018-06-13,B,2021-06-10,B
682504,2018-06-14,B,2021-06-10,B
682614,2018-06-14,B,2024-07-15,B
682766,2018-06-16,B,2024-07-15,B
682767,2018-06-16,B,2024-07-15,B
682768,2018-06-16,B,2024-07-15,B
682769,2018-06-13,LB,2018-06-13,LB
682770,2018-06-13,LB,2018-06-13,LB
682771,2018-06-13,LB,2018-06-13,LB
682773,2018-06-14,B,2021-07-10,B
682798,2018-06-14,B,2021-07-10,B
682799,2018-06-13,B,2018-06-13,B
682804,2018-06-16,LB,2018-06-16,LB
683163,2018-06-16,B,2018-06-16,B
683226,2018-06-16,B,2018-06-16,B
683227,2018-06-16,B,2018-06-16,B
683228,2018-06-16,B,2018-06-16,B
683229,2018-06-16,LB,2018-06-16,LB
683309,2018-06-16,LB,2018-06-16,LB
683328,2018-06-14,B,2021-07-10,B
683532,2018-06-16,LB,2018-06-16,LB
687848,2018-07-13,VUS,2018-07-13,VUS
688022,2018-01-08,VUS,2018-01-08,VUS
688393,2017-10-02,VUS,2017-10-02,VUS
692237,2019-06-05,P,2019-06-05,P
692245,2019-04-16,P,2019-04-16,P
707019,2019-11-01,B,2026-02-04,B
707465,2020-02-26,B,2025-12-24,B
708308,2025-04-14,LB,2025-04-14,LB
708534,2026-01-04,B,2026-01-04,B
710193,2021-11-27,LB,2026-01-22,LB
711309,2020-10-07,B,2026-02-01,B
712430,2020-03-03,LB,2025-10-20,LB
715056,2019-10-04,B,2025-11-24,B
716302,2026-02-01,B,2026-02-01,B
716445,2026-01-17,LB,2026-01-17,LB
716905,2020-05-04,B,2025-12-10,B
717208,2018-01-13,B,2026-01-28,B
719406,2020-12-10,LB,2026-01-14,LB
719859,2019-03-04,LB,2026-03-17,LB
720420,2021-11-18,LB,2026-01-22,LB
720554,2021-02-25,B,2026-01-26,B
721246,2019-07-23,B,2026-02-01,B
722103,2025-06-24,LB,2025-06-24,LB
722177,2025-10-09,LB,2025-10-09,LB
722622,2025-07-01,LB,2025-12-15,LB
722642,2019-12-31,LB,2019-12-31,LB
722865,2022-04-19,LB,2026-01-21,LB
722931,2020-11-05,LB,2026-01-19,LB
723235,2025-05-04,B,2025-05-04,B
724463,2025-04-20,LB,2025-04-20,LB
725569,2022-01-07,LB,2026-01-01,LB
725762,2022-03-27,LB,2025-03-18,LB
725957,2022-05-19,LB,2025-06-05,LB
726314,2017-11-29,LB,2017-11-29,LB
727032,2025-08-25,LB,2026-01-02,LB
727446,2025-05-14,LB,2025-05-14,LB
727739,2025-09-23,LB,2025-09-23,LB
728028,2021-07-22,LB,2026-02-24,LB
728505,2024-02-24,LB,2024-02-24,LB
728518,2025-12-24,LB,2025-12-24,LB
729557,2019-08-29,LB,2025-12-19,LB
729742,2022-06-14,LB,2022-06-14,LB
730188,2020-09-16,LB,2024-12-13,LB
731375,2026-01-19,LB,2026-01-19,LB
731401,2020-04-07,LB,2025-07-14,LB
732642,2021-08-03,LB,2024-03-20,LB
732915,2026-01-06,LB,2026-01-06,LB
733332,2026-01-07,B,2026-01-07,B
733846,2025-03-24,LB,2025-03-24,LB
734409,2020-09-14,LB,2026-01-21,LB
735696,2023-06-20,LB,2023-06-20,LB
736397,2022-01-10,LB,2025-12-22,LB
736609,2026-01-18,LB,2026-01-18,LB
736831,2018-02-08,LB,2018-02-08,LB
736976,2021-08-16,LB,2025-07-30,LB
737344,2018-03-29,LB,2018-03-29,LB
737521,2025-07-08,LB,2025-07-08,LB
738031,2019-12-31,LB,2019-12-31,LB
738065,2018-03-31,LB,2018-03-31,LB
738077,2025-07-03,LB,2025-07-03,LB
738109,2021-12-14,LB,2025-06-12,LB
738235,2023-02-20,LB,2023-02-20,LB
738367,2025-05-12,LB,2025-05-12,LB
738455,2026-01-20,LB,2026-01-20,LB
738826,2018-04-06,LB,2018-04-06,LB
739082,2023-11-18,LB,2023-11-18,LB
739549,2025-06-09,LB,2025-06-09,LB
739708,2025-05-05,LB,2025-05-05,LB
739751,2025-09-02,B,2025-09-02,B
739930,2026-01-05,LB,2026-01-05,LB
740618,2019-04-22,LB,2024-03-25,LB
740646,2018-04-11,LB,2018-04-11,LB
741324,2025-09-29,LB,2025-09-29,LB
741582,2021-08-04,LB,2025-07-31,LB
741688,2018-04-30,LB,2018-04-30,LB
742047,2023-09-22,LB,2023-09-22,LB
742559,2025-04-23,LB,2025-04-23,LB
742887,2018-03-29,LB,2018-03-29,LB
743445,2026-01-12,LB,2026-01-12,LB
743794,2025-12-23,LB,2025-12-23,LB
744869,2022-01-16,LB,2022-01-16,LB
744933,2018-05-09,LB,2018-05-09,LB
746107,2024-12-03,LB,2024-12-03,LB
746303,2018-06-26,LB,2018-06-26,LB
747227,2024-11-04,LB,2024-11-04,LB
747385,2020-11-17,LB,2023-06-15,LB
747518,2019-06-24,LB,2026-01-06,LB
748156,2019-07-20,LB,2026-01-02,LB
748861,2021-10-28,LB,2026-01-29,LB
748868,2020-07-28,LB,2024-10-24,LB
750180,2021-01-21,LB,2025-05-03,LB
750598,2021-12-15,LB,2026-01-05,LB
750930,2021-11-12,LB,2025-11-13,LB
751251,2023-01-18,LB,2023-01-18,LB
751263,2020-04-24,LB,2026-01-24,LB
751330,2018-09-05,LB,2018-09-05,LB
751499,2018-09-06,LB,2018-09-06,LB
751501,2020-01-15,LB,2025-11-12,LB
751503,2020-03-28,LB,2020-03-28,LB
751778,2018-09-10,LB,2018-09-10,LB
751999,2024-02-01,LB,2024-02-01,LB
752015,2024-06-03,LB,2025-01-06,LB
752478,2025-12-26,LB,2025-12-26,LB
752810,2022-01-18,LB,2026-01-01,LB
752897,2021-11-25,LB,2021-11-25,LB
752940,2020-03-28,LB,2020-03-28,LB
753027,2020-09-16,LB,2023-04-16,LB
753305,2018-06-20,LB,2018-06-20,LB
753316,2018-10-26,LB,2018-10-26,LB
753354,2025-11-03,LB,2025-11-03,LB
753356,2024-03-18,LB,2024-03-18,LB
753361,2023-09-23,LB,2023-09-23,LB
753431,2020-01-01,LB,2023-08-05,LB
753546,2023-06-28,LB,2023-06-28,LB
753643,2023-01-24,LB,2023-01-24,LB
754011,2024-04-08,LB,2024-04-08,LB
754313,2024-03-04,LB,2024-03-04,LB
754503,2021-01-04,LB,2026-01-31,LB
754805,2020-09-16,LB,2024-06-24,LB
755008,2021-06-08,LB,2026-01-19,LB
755083,2018-10-01,LB,2018-10-01,LB
755123,2018-06-23,LB,2018-06-23,LB
755337,2019-08-21,LB,2019-08-21,LB
755346,2025-09-19,LB,2025-09-19,LB
755428,2019-09-12,LB,2026-01-24,LB
755822,2025-06-12,LB,2025-06-12,LB
755828,2019-07-02,LB,2026-01-25,LB
756118,2021-10-30,LB,2025-12-16,LB
756277,2021-03-24,LB,2026-01-29,LB
757460,2024-12-01,LB,2026-02-01,LB
758181,2023-04-11,LB,2025-07-09,LB
758619,2021-08-12,LB,2025-12-20,LB
759146,2023-08-28,LB,2023-08-28,LB
759638,2025-12-08,LB,2025-12-08,LB
760970,2019-09-12,B,2025-12-01,B
761688,2026-01-18,LB,2026-01-18,LB
761704,2017-08-23,LB,2026-01-16,LB
761953,2022-05-14,LB,2025-09-03,LB
762335,2025-02-24,B,2025-02-24,B
762361,2020-10-22,LB,2020-10-22,LB
762488,2025-02-28,LB,2025-02-28,LB
762995,2023-10-26,LB,2023-10-26,LB
762997,2020-02-07,LB,2025-11-02,LB
763070,2019-08-07,LB,2026-01-29,LB
763161,2023-11-17,LB,2023-11-17,LB
763178,2023-11-29,LB,2023-11-29,LB
763615,2022-07-23,LB,2022-07-23,LB
763697,2021-08-20,LB,2025-04-27,LB
763825,2020-09-30,LB,2024-02-16,LB
763953,2022-01-17,LB,2022-01-17,LB
764477,2020-03-05,LB,2020-03-05,LB
764478,2021-04-26,LB,2026-01-12,LB
764496,2022-03-01,LB,2023-07-16,LB
764809,2025-10-12,LB,2025-11-18,LB
765162,2026-02-04,LB,2026-02-04,LB
765175,2019-07-15,LB,2026-01-31,LB
765193,2018-08-07,LB,2018-08-07,LB
765328,2025-02-23,LB,2025-02-23,LB
765414,2018-08-23,LB,2025-02-13,LB
765417,2018-08-10,LB,2018-08-10,LB
765437,2025-09-01,LB,2025-09-01,LB
765560,2024-03-20,LB,2024-03-20,LB
765678,2023-12-09,B,2023-12-09,B
765826,2023-07-11,LB,2023-07-11,LB
765833,2022-10-28,LB,2022-10-28,LB
765957,2020-04-24,LB,2024-02-23,LB
766337,2018-08-22,LB,2018-08-22,LB
766350,2023-11-01,LB,2023-11-01,LB
766613,2020-10-30,LB,2024-05-08,LB
766769,2019-11-11,B,2026-01-28,B
766981,2020-02-13,B,2026-01-31,B
767178,2020-01-02,B,2026-01-15,B
767313,2023-02-13,LB,2023-02-13,LB
767502,2023-01-04,LB,2025-04-17,LB
767970,2026-02-01,B,2026-02-01,B
769584,2021-11-17,B,2026-01-25,B
769592,2017-10-19,B,2017-10-19,B
771813,2026-01-15,LB,2026-01-15,LB
772249,2020-03-04,LB,2026-01-20,LB
772615,2025-09-24,B,2025-09-24,B
773157,2018-02-08,B,2018-02-08,B
775184,2023-02-01,B,2026-01-21,B
775185,2021-12-07,LB,2026-03-01,LB
788697,2020-10-28,B,2026-01-29,B
789661,2018-01-13,B,2026-01-24,B
789701,2018-01-12,B,2026-02-06,B
789976,2019-12-29,B,2026-01-28,B
792161,2018-10-08,LB,2018-10-08,LB
792471,2021-07-19,LB,2023-05-02,LB
792573,2020-10-15,LB,2024-02-12,LB
793218,2022-05-19,LB,2022-05-19,LB
793285,2023-11-10,LB,2023-11-10,LB
793372,2023-12-21,LB,2023-12-21,LB
793383,2020-04-24,LB,2023-09-03,LB
793386,2024-02-02,LB,2024-02-02,LB
793845,2018-10-29,LB,2018-10-29,LB
794262,2023-04-13,LB,2023-04-13,LB
794408,2023-12-17,LB,2023-12-17,LB
794933,2020-06-09,LB,2025-03-18,LB
794940,2024-02-02,LB,2024-02-02,LB
794969,2020-05-02,LB,2026-01-14,LB
794995,2022-08-19,LB,2022-08-19,LB
794996,2024-01-27,LB,2024-01-27,LB
795049,2021-09-23,LB,2025-10-14,LB
795102,2025-07-22,LB,2025-07-22,LB
795309,2020-11-05,LB,2023-12-30,LB
795420,2021-08-13,LB,2026-01-18,LB
795485,2019-02-24,LB,2025-10-23,LB
795512,2021-07-20,LB,2025-05-18,LB
795978,2021-10-04,LB,2021-10-04,LB
796151,2020-11-04,LB,2023-10-13,LB
796176,2023-04-01,LB,2024-03-06,LB
796417,2023-06-26,LB,2023-06-26,LB
796556,2018-12-05,LB,2018-12-05,LB
796664,2023-10-14,LB,2023-10-14,LB
796788,2018-12-10,LB,2018-12-10,LB
796815,2020-05-02,LB,2026-01-28,LB
797065,2025-10-23,LB,2025-10-23,LB
797277,2020-05-02,LB,2026-01-11,LB
797279,2022-08-31,LB,2022-08-31,LB
797559,2018-12-27,LB,2018-12-27,LB
797584,2023-11-27,LB,2023-11-27,LB
797602,2024-02-12,LB,2024-02-12,LB
797646,2025-07-30,LB,2025-07-30,LB
797657,2018-12-31,LB,2018-12-31,LB
797660,2023-12-12,LB,2023-12-12,LB
797707,2023-12-11,LB,2023-12-11,LB
799077,2025-09-29,LB,2025-09-29,LB
799113,2025-11-10,B,2025-11-10,B
799344,2023-11-05,LB,2024-01-30,LB
799361,2019-12-31,LB,2023-04-11,LB
799362,2021-07-21,LB,2025-10-31,LB
799505,2025-11-19,LB,2025-12-16,LB
799996,2023-09-04,LB,2023-09-04,LB
800135,2026-01-21,LB,2026-01-21,LB
801895,2018-11-11,B,2026-02-04,B
801903,2019-05-28,VUS,2025-01-21,VUS
801904,2019-05-28,VUS,2024-08-13,VUS
804070,2019-05-28,P,2019-05-28,P
804071,2019-05-28,LP,2019-05-28,LP
804073,2019-05-28,LP,2019-05-28,LP
804074,2019-05-28,P,2019-05-28,P
804075,2019-05-28,VUS,2019-05-28,VUS
804076,2019-05-28,P,2019-05-28,P
804575,2019-03-21,VUS,2024-05-19,VUS
804576,2018-09-21,LP,2024-04-25,LP
804577,2019-07-30,LP,2025-09-25,LP
804578,2018-09-25,P,2023-10-01,P
804579,2019-07-16,LB,2026-01-13,LB
804582,2019-07-09,LP,2019-07-09,LP
804583,2018-09-05,VUS,2018-09-05,VUS
804584,2018-10-29,P,2018-10-29,P
804585,2019-03-05,P,2019-03-05,P
804586,2019-03-30,P,2019-03-30,P
804588,2018-11-14,P,2025-04-01,P
804589,2019-03-26,VUS,2020-02-18,VUS
804591,2019-06-26,P,2019-06-26,P
804593,2020-03-26,VUS,2024-05-20,VUS
805941,2025-02-10,P,2025-02-10,P
805943,2019-08-17,VUS,2024-06-03,VUS
805944,2019-08-17,VUS,2019-08-17,VUS
807389,2018-11-12,P,2023-03-23,P
807390,2018-03-16,P,2018-03-16,P
807391,2019-06-07,P,2019-06-07,P
807392,2018-05-08,P,2018-05-08,P
807393,2017-12-27,LP,2017-12-27,LP
807394,2019-06-07,P,2019-06-07,P
807395,2019-06-07,P,2019-12-31,P
807396,2019-01-04,P,2019-01-04,P
807397,2019-06-13,P,2019-06-13,P
807398,2019-06-07,P,2019-06-07,P
807562,2019-06-07,P,2025-07-03,P
807563,2019-06-07,P,2019-07-29,P
807564,2019-06-07,P,2019-06-07,P
807565,2018-01-04,LP,2025-09-02,LP
807566,2020-01-17,LP,2020-01-17,LP
807568,2019-06-07,P,2023-07-17,P
807569,2019-01-04,P,2019-01-04,P
807570,2018-03-15,P,2018-03-15,P
807571,2018-03-16,P,2025-08-04,P
807572,2018-03-16,LP,2018-03-16,LP
807573,2018-08-28,P,2025-09-24,P
807574,2019-06-07,P,2019-06-07,P
807575,2018-06-25,P,2018-06-25,P
807576,2018-01-25,P,2018-01-25,P
807577,2017-09-26,P,2017-09-26,P
807579,2018-03-20,P,2018-03-20,P
807580,2018-03-15,LP,2018-03-15,LP
807799,2019-11-01,LB,2019-11-01,LB
807800,2019-02-01,LP,2024-10-17,LP
808428,2016-10-01,VUS,2016-10-01,VUS
809150,2017-11-01,VUS,2025-07-03,VUS
809177,2017-08-01,VUS,2017-08-01,VUS
809178,2017-05-01,VUS,2017-05-01,VUS
811376,2019-04-06,LP,2019-04-06,LP
812131,2019-04-22,VUS,2025-11-18,VUS
812148,2019-07-25,P,2020-02-01,P
812152,2019-08-20,LP,2026-01-27,LP
812583,2022-10-24,P,2022-10-24,P
812882,2025-09-30,VUS,2025-09-30,VUS
813303,2017-09-11,LP,2017-09-11,LP
813304,2017-09-11,P,2017-09-11,P
813305,2018-10-15,P,2018-10-15,P
813306,2019-06-07,P,2019-06-07,P
813846,2019-05-15,LB,2019-05-15,LB
814372,2018-10-13,VUS,2018-10-13,VUS
816062,2018-10-04,VUS,2018-10-04,VUS
816063,2018-07-03,VUS,2018-07-03,VUS
816482,2018-02-02,P,2018-02-02,P
817981,2019-03-14,P,2026-03-13,P
829824,2019-04-04,P,2025-10-02,P
829841,2019-04-25,VUS,2025-06-12,VUS
829842,2019-04-25,LP,2019-04-25,LP
829849,2019-05-28,VUS,2026-02-09,VUS
829853,2019-06-03,LP,2024-04-18,LP
829857,2019-06-03,P,2019-06-03,P
829858,2019-06-03,VUS,2019-06-03,VUS
829862,2019-06-05,VUS,2019-06-05,VUS
829863,2019-06-05,P,2025-10-02,P
829889,2019-08-28,VUS,2025-10-02,VUS
829891,2019-09-02,LP,2019-09-02,LP
829894,2019-09-06,VUS,2019-09-06,VUS
829905,2019-10-18,P,2019-10-18,P
829906,2019-10-18,LB,2019-10-18,LB
829907,2019-10-18,P,2019-10-18,P
829912,2017-04-27,VUS,2026-02-23,VUS
829917,2019-10-25,LP,2025-05-08,LP
829918,2019-10-25,P,2019-10-25,P
829924,2019-11-26,VUS,2024-03-08,VUS
829933,2019-03-14,P,2019-03-14,P
829934,2019-03-18,LP,2019-03-18,LP
829935,2019-03-19,P,2023-02-23,P
829937,2019-03-19,P,2019-03-19,P
829947,2019-04-25,P,2019-04-25,P
829949,2019-04-26,P,2019-04-26,P
829950,2019-04-26,VUS,2019-04-26,VUS
829951,2019-04-26,VUS,2019-04-26,VUS
829955,2019-04-30,P,2021-11-23,P
829967,2019-06-05,VUS,2019-06-05,VUS
829976,2019-11-18,LP,2019-11-18,LP
829978,2019-11-24,LP,2019-11-24,LP
829979,2019-11-24,VUS,2026-03-17,VUS
829980,2019-11-24,LP,2019-11-24,LP
829984,2019-11-25,VUS,2021-10-16,VUS
829988,2019-07-02,LP,2019-07-02,LP
829989,2019-07-02,VUS,2024-03-29,VUS
830001,2019-08-07,LP,2019-08-07,LP
830004,2019-09-24,VUS,2025-10-02,VUS
830007,2019-09-25,VUS,2019-09-25,VUS
830008,2019-09-26,VUS,2024-11-27,VUS
830009,2019-09-27,VUS,2019-09-27,VUS
830016,2019-10-08,P,2019-10-08,P
830017,2019-10-08,VUS,2021-10-11,VUS
830020,2019-10-09,LP,2019-10-09,LP
830023,2019-10-28,VUS,2024-05-10,VUS
830027,2019-10-29,VUS,2019-10-29,VUS
830028,2019-11-04,VUS,2019-11-04,VUS
830031,2019-11-04,LP,2022-04-01,LP
830035,2019-11-05,P,2019-11-05,P
830040,2019-11-15,LP,2021-12-02,LP
830937,2022-07-13,P,2022-07-13,P
831102,2022-11-01,P,2022-11-01,P
832008,2019-10-29,VUS,2019-10-29,VUS
832055,2019-08-20,P,2019-08-20,P
832456,2019-12-07,P,2019-12-07,P
832545,2019-12-24,P,2019-12-24,P
832672,2022-02-08,P,2022-02-08,P
835934,2019-02-11,LP,2019-02-11,LP
837826,2022-05-27,LP,2024-10-09,LP
840783,2021-11-18,P,2021-11-18,P
844141,2025-05-09,LP,2025-05-09,LP
844422,2018-10-24,P,2025-01-21,P
844538,2021-10-22,P,2021-10-22,P
844735,2024-02-20,LB,2024-02-20,LB
844768,2019-12-30,VUS,2019-12-30,VUS
845398,2023-10-28,P,2023-10-28,P
845467,2022-08-09,P,2023-10-23,P
845765,2019-12-16,P,2019-12-16,P
846283,2020-09-16,VUS,2023-07-03,VUS
846926,2019-12-03,VUS,2019-12-03,VUS
847283,2020-03-11,LP,2021-07-17,LP
847984,2025-05-18,LP,2025-05-18,LP
848823,2019-12-17,P,2019-12-17,P
848926,2022-06-20,VUS,2022-06-20,VUS
850594,2024-10-28,P,2025-11-16,P
851082,2025-02-03,LP,2025-02-03,LP
852912,2023-03-26,P,2023-03-26,P
854551,2019-03-19,P,2019-03-19,P
857172,2026-01-12,LP,2026-01-12,LP
857262,2020-09-30,VUS,2021-06-19,VUS
857806,2019-12-27,LP,2019-12-27,LP
858898,2019-12-29,LP,2020-09-16,LP
862477,2021-08-18,VUS,2022-04-27,VUS
862825,2020-02-02,VUS,2020-03-10,VUS
863616,2025-12-23,P,2025-12-23,P
864412,2019-03-26,P,2019-03-26,P
864615,2019-12-11,P,2019-12-11,P
869161,2024-03-27,P,2025-03-21,P
869425,2019-10-18,P,2019-10-18,P
870353,2020-03-11,LP,2020-03-11,LP
870354,2020-03-11,LP,2023-08-05,LP
870356,2020-03-11,LP,2020-03-11,LP
870357,2020-03-11,LP,2020-03-11,LP
870359,2020-03-11,VUS,2020-03-11,VUS
870360,2020-03-11,VUS,2020-03-11,VUS
870361,2020-03-11,LP,2025-09-17,LP
870364,2020-03-11,LP,2020-03-11,LP
870365,2020-03-11,LP,2025-10-02,LP
870366,2020-03-11,LP,2020-03-11,LP
870367,2020-03-11,LP,2020-03-11,LP
870368,2020-03-11,VUS,2020-03-11,VUS
870369,2020-02-01,LP,2025-06-04,LP
870370,2020-03-11,LP,2020-03-11,LP
870777,2018-02-01,P,2018-02-01,P
871110,2019-11-01,VUS,2019-11-01,VUS
871111,2019-07-01,VUS,2019-07-01,VUS
871210,2019-07-01,VUS,2023-04-11,VUS
871367,2020-01-01,LP,2020-01-01,LP
873579,2018-01-13,VUS,2018-01-13,VUS
873627,2018-01-13,VUS,2024-06-12,VUS
873628,2018-01-13,VUS,2018-01-13,VUS
873697,2018-01-12,VUS,2018-01-12,VUS
873698,2018-01-13,VUS,2018-01-13,VUS
873699,2018-01-13,VUS,2018-01-13,VUS
873875,2018-01-12,VUS,2018-01-12,VUS
873926,2018-01-13,VUS,2018-01-13,VUS
873927,2018-01-12,VUS,2018-01-12,VUS
873928,2018-01-12,VUS,2018-01-12,VUS
874263,2018-01-13,VUS,2023-04-11,VUS
874264,2018-03-02,VUS,2018-03-02,VUS
874580,2018-03-30,VUS,2024-01-09,VUS
874625,2018-01-13,VUS,2018-01-13,VUS
874669,2018-01-12,VUS,2018-01-12,VUS
874670,2018-01-12,B,2018-01-12,B
874671,2018-01-13,VUS,2018-01-13,VUS
874783,2018-01-12,VUS,2018-01-12,VUS
874826,2017-04-27,VUS,2017-04-27,VUS
874828,2018-01-12,VUS,2018-01-12,VUS
875133,2018-01-12,VUS,2018-01-12,VUS
875243,2018-01-13,VUS,2018-01-13,VUS
875504,2018-03-30,VUS,2024-02-06,VUS
875505,2018-01-13,VUS,2018-01-13,VUS
875557,2018-01-15,VUS,2018-01-15,VUS
875558,2018-01-13,VUS,2018-01-13,VUS
875559,2018-01-12,VUS,2024-01-27,VUS
875561,2018-01-12,VUS,2018-01-12,VUS
875706,2018-01-13,LB,2018-01-13,LB
875707,2018-01-12,VUS,2018-01-12,VUS
875708,2018-01-12,B,2026-02-01,B
875709,2018-01-12,VUS,2025-07-21,VUS
875759,2018-01-13,VUS,2018-01-13,VUS
875760,2018-01-13,VUS,2018-01-13,VUS
876029,2018-01-13,VUS,2018-01-13,VUS
876520,2017-04-27,VUS,2024-07-09,VUS
876703,2018-01-12,B,2026-02-01,B
876704,2017-04-28,VUS,2017-04-28,VUS
876756,2018-01-13,VUS,2018-01-13,VUS
876757,2018-01-13,VUS,2018-01-13,VUS
876758,2018-01-13,VUS,2018-01-13,VUS
876759,2018-01-12,VUS,2018-01-12,VUS
876760,2018-01-13,VUS,2018-01-13,VUS
876852,2018-01-12,VUS,2025-07-06,VUS
892708,2018-01-12,VUS,2018-01-12,VUS
892735,2018-01-12,B,2026-02-04,B
892862,2018-01-13,VUS,2018-01-13,VUS
893472,2018-01-12,VUS,2018-01-12,VUS
893502,2018-01-12,VUS,2018-01-12,VUS
893503,2018-01-12,VUS,2018-01-12,VUS
893609,2017-04-27,VUS,2017-04-27,VUS
893674,2018-01-12,VUS,2018-01-12,VUS
893807,2018-01-13,VUS,2023-06-20,VUS
893863,2018-03-02,VUS,2018-03-02,VUS
893893,2018-01-13,VUS,2018-01-13,VUS
894053,2018-01-13,VUS,2025-09-30,VUS
894452,2018-01-13,VUS,2018-01-13,VUS
894714,2018-01-13,B,2026-02-04,B
894715,2018-01-12,B,2026-02-04,B
894778,2018-01-13,VUS,2025-09-30,VUS
894779,2018-01-15,VUS,2018-01-15,VUS
894816,2018-01-13,VUS,2018-01-13,VUS
894817,2018-01-13,VUS,2018-01-13,VUS
894888,2018-01-13,VUS,2025-01-21,VUS
894957,2018-01-13,VUS,2018-01-13,VUS
895018,2018-01-12,VUS,2018-01-12,VUS
895019,2018-01-13,VUS,2018-01-13,VUS
895089,2018-01-12,VUS,2018-01-12,VUS
895361,2018-01-12,VUS,2018-01-12,VUS
895362,2018-01-12,VUS,2018-01-12,VUS
895363,2018-01-12,VUS,2018-01-12,VUS
895431,2018-01-13,VUS,2018-01-13,VUS
895432,2017-01-23,VUS,2017-04-27,VUS
895433,2018-01-12,VUS,2018-01-12,VUS
895494,2018-01-12,VUS,2018-01-12,VUS
895495,2018-01-13,VUS,2018-01-13,VUS
895496,2018-01-12,VUS,2018-01-12,VUS
895497,2018-01-13,VUS,2018-01-13,VUS
895498,2018-01-13,VUS,2018-01-13,VUS
895573,2018-01-13,VUS,2018-01-13,VUS
895778,2018-01-13,VUS,2018-01-13,VUS
895854,2017-04-28,VUS,2025-05-27,VUS
896131,2018-01-13,VUS,2018-01-13,VUS
896132,2018-01-13,VUS,2018-01-13,VUS
896265,2018-01-13,VUS,2018-01-13,VUS
896326,2018-02-02,VUS,2018-02-02,VUS
896395,2018-01-13,VUS,2018-01-13,VUS
896460,2018-01-13,VUS,2018-01-13,VUS
896532,2018-01-13,VUS,2018-01-13,VUS
896533,2018-02-09,VUS,2018-02-09,VUS
896534,2018-01-12,VUS,2018-01-12,VUS
896535,2018-01-12,VUS,2018-01-12,VUS
896770,2018-01-12,VUS,2018-01-12,VUS
896771,2018-01-12,VUS,2018-01-12,VUS
896830,2018-01-13,VUS,2018-01-13,VUS
896831,2018-01-13,VUS,2018-01-13,VUS
896832,2018-01-13,VUS,2018-01-13,VUS
896833,2018-01-13,VUS,2018-01-13,VUS
896834,2018-01-13,VUS,2018-01-13,VUS
896835,2018-01-13,VUS,2018-01-13,VUS
896836,2018-01-13,VUS,2018-01-13,VUS
896896,2018-01-13,VUS,2018-01-13,VUS
896897,2018-01-12,VUS,2018-01-12,VUS
896898,2018-01-13,VUS,2018-01-13,VUS
896899,2018-01-12,VUS,2018-01-12,VUS
896900,2018-01-13,VUS,2018-01-13,VUS
896901,2018-01-13,VUS,2018-01-13,VUS
897047,2018-01-13,VUS,2018-01-13,VUS
897249,2018-01-13,VUS,2018-01-13,VUS
897250,2018-01-13,VUS,2018-01-13,VUS
897327,2018-01-13,VUS,2018-01-13,VUS
897328,2018-01-13,LB,2018-01-13,LB
897329,2018-01-13,VUS,2018-01-13,VUS
897330,2018-01-12,VUS,2018-01-12,VUS
897331,2018-01-12,VUS,2018-01-12,VUS
897403,2018-01-13,VUS,2018-01-13,VUS
897404,2018-01-12,LB,2018-01-12,LB
897405,2018-01-13,VUS,2018-01-13,VUS
897465,2018-01-13,VUS,2018-01-13,VUS
897533,2018-01-12,VUS,2024-02-03,VUS
897649,2018-01-15,VUS,2018-01-15,VUS
897650,2018-01-13,VUS,2018-01-13,VUS
897651,2018-01-13,VUS,2025-08-08,VUS
897728,2017-04-27,VUS,2017-04-27,VUS
897874,2018-01-13,VUS,2018-01-13,VUS
897875,2018-01-13,VUS,2025-07-01,VUS
897950,2018-01-13,VUS,2018-01-13,VUS
898021,2018-01-13,VUS,2018-01-13,VUS
898022,2018-01-12,VUS,2018-01-12,VUS
898079,2018-01-13,VUS,2018-01-13,VUS
898080,2018-01-12,VUS,2018-01-12,VUS
898081,2018-01-13,LB,2018-01-13,LB
898082,2018-01-12,VUS,2018-01-12,VUS
898083,2018-01-13,VUS,2018-01-13,VUS
898084,2017-04-28,VUS,2017-04-28,VUS
898424,2018-01-13,VUS,2018-01-13,VUS
898425,2018-01-13,VUS,2018-01-13,VUS
898487,2017-04-27,B,2017-04-27,B
898488,2018-01-12,VUS,2018-01-12,VUS
898489,2018-01-12,VUS,2018-01-12,VUS
898566,2018-01-12,VUS,2018-01-12,VUS
898567,2018-01-12,VUS,2018-01-12,VUS
898568,2018-01-13,VUS,2018-01-13,VUS
898569,2018-01-13,VUS,2018-01-13,VUS
898623,2018-01-13,VUS,2022-06-05,VUS
898747,2018-01-13,VUS,2025-05-16,VUS
898748,2018-01-13,VUS,2018-01-13,VUS
898813,2018-01-12,VUS,2025-01-21,VUS
898815,2018-01-13,VUS,2024-12-27,VUS
898817,2018-01-13,VUS,2025-02-03,VUS
898946,2018-01-12,VUS,2018-01-12,VUS
898948,2018-01-12,VUS,2018-01-12,VUS
898949,2018-04-20,VUS,2018-04-20,VUS
899083,2018-01-12,VUS,2024-02-28,VUS
899136,2018-01-12,VUS,2018-01-12,VUS
899137,2018-01-13,VUS,2018-01-13,VUS
899138,2018-01-12,VUS,2018-01-12,VUS
899139,2018-01-13,VUS,2018-01-13,VUS
899205,2018-01-12,B,2018-01-12,B
899206,2018-01-12,VUS,2018-01-12,VUS
899591,2018-01-12,VUS,2024-01-24,VUS
900656,2018-01-12,VUS,2025-10-18,VUS
900731,2018-01-13,VUS,2018-01-13,VUS
902336,2018-01-12,VUS,2025-09-26,VUS
903199,2018-01-13,VUS,2025-09-26,VUS
903200,2018-01-13,VUS,2018-01-13,VUS
915852,2020-05-27,P,2023-04-07,P
915862,2020-05-28,VUS,2025-04-22,VUS
916332,2020-02-01,VUS,2025-09-30,VUS
928644,2019-05-24,VUS,2019-05-24,VUS
929893,2019-05-02,VUS,2025-03-18,VUS
929894,2019-09-18,VUS,2024-02-13,VUS
930119,2019-04-26,LB,2023-11-11,LB
930120,2017-08-23,LB,2026-01-15,LB
930123,2019-09-13,LB,2025-12-11,LB
930146,2019-09-17,VUS,2019-09-17,VUS
930189,2019-10-10,LP,2019-10-10,LP
930190,2018-03-15,LP,2025-03-04,LP
930191,2019-01-30,LP,2019-01-30,LP
930192,2020-02-20,LP,2024-05-07,LP
930480,2016-01-01,LP,2016-01-01,LP
931024,2019-01-30,VUS,2024-12-03,VUS
931180,2019-11-29,LP,2024-05-06,LP
931456,2016-01-01,LP,2016-01-01,LP
931485,2016-01-01,VUS,2022-07-08,VUS
931906,2018-10-16,P,2025-03-11,P
931925,2018-11-20,VUS,2018-11-20,VUS
932117,2019-05-08,B,2019-05-08,B
932212,2020-05-18,LP,2024-07-11,LP
932612,2020-04-01,VUS,2020-04-01,VUS
936053,2021-08-13,VUS,2021-08-13,VUS
938188,2022-06-27,P,2022-06-27,P
938543,2019-10-16,LP,2019-10-16,LP
939990,2020-08-26,LP,2020-08-26,LP
940057,2021-08-04,LP,2021-08-04,LP
942802,2022-09-08,LP,2022-09-08,LP
945738,2019-03-26,P,2026-03-22,P
946447,2020-09-24,P,2020-09-24,P
947655,2022-08-09,P,2025-08-29,P
949823,2019-06-16,LP,2019-06-16,LP
949881,2020-11-16,P,2025-10-01,P
951931,2024-02-07,P,2025-03-09,P
952131,2022-03-22,LP,2022-03-22,LP
955456,2019-11-07,VUS,2019-11-07,VUS
956895,2021-02-23,VUS,2025-01-24,VUS
958388,2019-07-22,LP,2019-07-22,LP
958392,2019-10-30,P,2019-10-30,P
958418,2019-10-24,P,2019-10-24,P
958660,2023-06-13,LP,2023-06-13,LP
959357,2021-09-25,LP,2025-09-02,LP
959478,2024-07-13,VUS,2025-11-08,VUS
959686,2018-10-24,P,2025-08-11,P
961447,2021-01-14,P,2021-01-14,P
962777,2019-08-24,LP,2019-08-24,LP
964465,2019-09-11,P,2025-12-10,P
966572,2021-07-01,P,2026-01-21,P
966589,2019-11-06,P,2024-03-21,P
968388,2020-01-27,VUS,2025-02-18,VUS
969041,2020-09-05,P,2020-09-05,P
970003,2020-03-25,LP,2020-03-25,LP
970244,2019-11-11,P,2019-11-11,P
970733,2020-09-23,VUS,2025-10-18,VUS
970777,2020-03-11,VUS,2021-08-31,VUS
971091,2021-01-12,VUS,2023-04-19,VUS
972323,2019-11-07,LP,2019-11-07,LP
972684,2020-02-19,LP,2020-02-19,LP
974374,2020-02-01,LP,2020-02-01,LP
974375,2020-02-01,LP,2020-02-01,LP
974376,2020-02-01,LP,2025-06-02,LP
974378,2020-02-01,LP,2024-11-04,LP
974379,2020-02-01,P,2020-02-01,P
974380,2020-02-01,P,2020-02-01,P
974381,2020-02-01,LP,2020-02-01,LP
974382,2020-02-01,P,2020-02-01,P
974384,2020-02-01,LP,2020-02-01,LP
974385,2020-02-01,P,2024-05-21,P
974386,2020-02-01,LP,2020-02-01,LP
974387,2020-02-01,P,2024-04-04,P
974423,2020-02-01,P,2020-02-01,P
974424,2020-02-01,LP,2020-02-01,LP
974425,2020-02-01,P,2020-02-01,P
974426,2020-02-01,P,2020-02-01,P
974427,2020-02-01,LP,2020-02-01,LP
974428,2020-02-01,P,2020-02-01,P
974429,2020-02-01,LP,2020-02-01,LP
974430,2020-02-01,P,2021-08-04,P
974431,2020-02-01,P,2020-02-01,P
974462,2020-02-01,LP,2020-02-01,LP
974465,2020-02-01,LP,2020-02-01,LP
974466,2020-02-01,P,2020-02-01,P
974468,2020-02-01,P,2021-11-04,P
974469,2020-02-01,P,2020-02-01,P
974470,2020-02-01,P,2020-02-01,P
974471,2020-02-01,P,2025-12-24,P
974472,2020-02-01,LP,2020-02-01,LP
974473,2020-02-01,P,2020-02-01,P
974510,2020-02-01,LP,2020-02-01,LP
974511,2020-02-01,P,2020-02-01,P
974512,2020-02-01,P,2020-02-01,P
974513,2020-02-01,LP,2025-09-18,LP
974514,2020-02-01,LP,2024-08-21,LP
974515,2020-02-01,P,2020-02-01,P
974516,2020-02-01,P,2025-03-06,P
974517,2020-02-01,P,2020-02-01,P
974553,2020-02-01,LP,2020-02-01,LP
974724,2020-01-01,VUS,2020-01-01,VUS
974869,2021-10-04,P,2021-10-04,P
975062,2023-10-11,LP,2024-09-23,LP
975065,2019-01-07,P,2019-01-07,P
975075,2018-07-02,P,2018-07-02,P
975080,2020-07-02,P,2020-07-02,P
975081,2020-07-02,VUS,2020-07-02,VUS
975086,2019-02-10,VUS,2024-10-02,VUS
975087,2022-02-02,P,2022-02-02,P
975093,2018-08-14,LP,2018-08-14,LP
975097,2021-07-10,P,2025-11-04,P
975099,2019-03-17,VUS,2024-01-17,VUS
975101,2018-10-02,P,2018-10-02,P
975852,2022-07-06,P,2024-09-22,P
976759,2020-04-20,LP,2020-04-20,LP
976760,2019-02-28,P,2025-02-07,P
977101,2020-07-02,VUS,2026-01-14,VUS
977307,2020-05-28,LP,2020-05-28,LP
977794,2025-09-25,VUS,2025-09-25,VUS
980004,2019-12-04,LP,2019-12-04,LP
980314,2019-07-22,VUS,2019-07-22,VUS
980315,2019-10-17,VUS,2019-10-17,VUS
980754,2019-07-22,VUS,2019-07-22,VUS
982718,2019-01-01,VUS,2019-01-01,VUS
982739,2019-01-01,VUS,2024-12-13,VUS
983592,2019-09-29,LP,2019-09-29,LP
983593,2019-04-10,LP,2019-04-10,LP
983594,2019-05-29,LP,2019-05-29,LP
983595,2019-04-26,LP,2019-04-26,LP
983596,2019-03-11,LP,2019-03-11,LP
983597,2019-05-09,LP,2019-05-09,LP
983598,2019-05-30,LP,2019-05-30,LP
983599,2019-10-09,LP,2019-10-09,LP
983608,2019-11-03,LP,2019-11-03,LP
983609,2020-01-17,LP,2020-01-17,LP
983610,2019-11-05,LP,2019-11-05,LP
983611,2019-11-06,LP,2019-11-06,LP
983612,2019-12-21,LP,2019-12-21,LP
983613,2019-07-11,LP,2019-07-11,LP
983614,2019-06-07,LP,2019-06-07,LP
983615,2020-02-07,LP,2020-02-07,LP
983879,2020-02-23,LP,2020-02-23,LP
983880,2019-01-24,LP,2019-01-24,LP
983881,2019-12-28,LP,2019-12-28,LP
983882,2019-02-20,LP,2019-02-20,LP
983884,2020-01-01,LP,2020-01-01,LP
983885,2020-01-14,LP,2020-01-14,LP
983886,2019-08-07,LP,2019-08-07,LP
983895,2019-06-07,LP,2019-06-07,LP
983896,2019-12-25,LP,2019-12-25,LP
983897,2019-03-23,LP,2019-03-23,LP
983898,2019-03-31,LP,2023-11-10,LP
983899,2019-09-30,LP,2019-09-30,LP
983900,2020-03-01,LP,2020-03-01,LP
983901,2019-01-31,LP,2019-01-31,LP
983902,2019-06-24,LP,2019-06-24,LP
984031,2020-01-29,LP,2020-01-29,LP
984032,2019-12-28,LP,2019-12-28,LP
984033,2020-02-24,LP,2025-07-30,LP
984034,2019-08-17,LP,2019-08-17,LP
984044,2019-03-30,LP,2019-03-30,LP
984046,2019-03-31,LP,2019-03-31,LP
984047,2019-04-22,LP,2019-04-22,LP
984048,2020-03-07,LP,2020-03-07,LP
984049,2019-08-07,LP,2019-08-07,LP
984050,2019-09-30,LP,2019-09-30,LP
984051,2020-02-05,LP,2020-02-05,LP
984060,2020-01-06,LP,2020-01-06,LP
984061,2019-07-28,LP,2019-07-28,LP
984062,2019-01-24,LP,2019-01-24,LP
984063,2019-02-16,LP,2019-02-16,LP
984064,2019-02-25,LP,2019-02-25,LP
984065,2019-12-23,LP,2023-10-18,LP
984066,2019-04-21,LP,2019-04-21,LP
984167,2020-01-08,LP,2020-01-08,LP
984168,2019-12-22,LP,2019-12-22,LP
984169,2019-04-23,LP,2019-04-23,LP
984170,2020-01-05,LP,2020-01-05,LP
984171,2019-12-31,LP,2019-12-31,LP
984172,2019-12-29,LP,2019-12-29,LP
984173,2019-06-27,LP,2019-06-27,LP
984356,2020-01-01,LP,2020-01-01,LP
984357,2019-12-11,LP,2019-12-11,LP
984359,2019-06-05,LP,2019-06-05,LP
984360,2019-05-29,LP,2019-05-29,LP
984362,2019-04-17,LP,2019-04-17,LP
984363,2019-12-26,LP,2019-12-26,LP
985451,2017-11-27,VUS,2017-11-27,VUS
985677,2017-11-06,P,2026-01-07,P
986068,2018-05-23,VUS,2018-05-23,VUS
988104,2018-02-22,VUS,2022-05-18,VUS
988107,2018-06-07,LP,2018-06-07,LP
988108,2018-04-13,LP,2025-08-20,LP
988109,2018-09-06,P,2024-02-17,P
988110,2018-05-29,P,2018-05-29,P
988111,2018-04-27,LP,2018-04-27,LP
988112,2018-04-03,P,2018-04-03,P
988113,2018-03-01,VUS,2018-03-01,VUS
988114,2018-05-29,P,2018-05-29,P
988115,2018-08-27,P,2018-08-27,P
988117,2018-05-31,LP,2018-05-31,LP
988118,2018-08-06,LP,2026-01-05,LP
988140,2015-07-06,P,2025-10-02,P
988142,2017-10-26,VUS,2025-10-02,VUS
988143,2018-10-24,VUS,2025-10-02,VUS
988144,2018-04-17,VUS,2018-04-17,VUS
988145,2018-05-29,P,2025-05-16,P
988146,2018-05-30,VUS,2018-05-30,VUS
988147,2018-02-22,LP,2018-02-22,LP
988148,2018-01-09,LP,2026-01-21,LP
988150,2019-05-17,LP,2019-05-17,LP
988152,2018-04-03,VUS,2024-01-05,VUS
988153,2019-06-18,VUS,2020-12-18,VUS
988154,2020-01-28,LP,2020-01-28,LP
988155,2019-08-16,LP,2019-08-16,LP
988156,2019-10-24,LP,2024-01-16,LP
988157,2019-12-06,P,2019-12-06,P
988158,2018-10-24,P,2018-10-24,P
988180,2018-06-01,P,2018-06-01,P
988181,2018-05-30,LP,2018-05-30,LP
988182,2018-05-30,VUS,2018-05-30,VUS
988183,2018-01-09,VUS,2018-01-09,VUS
988184,2018-10-24,P,2018-10-24,P
988185,2018-10-24,P,2018-10-24,P
988186,2018-10-24,P,2018-10-24,P
988195,2019-05-08,VUS,2025-12-10,VUS
988218,2018-12-17,VUS,2025-10-02,VUS
988220,2019-02-21,VUS,2019-02-21,VUS
988221,2019-01-22,P,2025-10-02,P
988222,2018-10-25,VUS,2018-10-25,VUS
988223,2016-08-19,P,2016-08-19,P
988224,2018-08-22,VUS,2025-09-26,VUS
988225,2018-08-22,VUS,2025-09-26,VUS
988244,2018-05-31,VUS,2025-06-13,VUS
988245,2018-08-28,P,2025-10-02,P
988246,2019-06-24,VUS,2025-11-01,VUS
988247,2019-04-02,VUS,2024-10-30,VUS
988252,2018-10-24,VUS,2018-10-24,VUS
988253,2018-10-24,P,2018-10-24,P
988255,2018-10-24,P,2018-10-24,P
988256,2018-10-25,P,2018-10-25,P
988257,2016-12-11,LP,2016-12-11,LP
989512,2020-09-04,VUS,2020-09-04,VUS
989513,2020-08-15,VUS,2020-08-15,VUS
989514,2020-08-13,VUS,2024-08-13,VUS
989515,2020-08-13,VUS,2020-08-13,VUS
989516,2020-08-14,VUS,2020-08-14,VUS
990630,2020-11-05,VUS,2025-09-27,VUS
990633,2020-08-13,VUS,2020-08-13,VUS
990634,2020-08-14,VUS,2024-09-08,VUS
990635,2020-08-13,VUS,2020-08-13,VUS
990637,2020-08-13,VUS,2020-08-13,VUS
990638,2020-11-02,VUS,2024-07-19,VUS
990639,2020-08-13,VUS,2020-08-13,VUS
990706,2020-09-04,VUS,2020-09-04,VUS
990709,2020-09-17,LB,2026-01-24,LB
992383,2019-12-31,LP,2019-12-31,LP
992385,2020-01-03,P,2025-09-30,P
992389,2020-01-08,LP,2020-01-08,LP
992393,2020-01-09,VUS,2020-01-09,VUS
992404,2020-06-24,VUS,2024-11-13,VUS
992406,2020-06-26,LP,2025-12-29,LP
992427,2020-02-06,LP,2024-11-28,LP
993929,2018-07-09,B,2020-01-21,B
993930,2020-01-21,B,2020-01-21,B
994005,2020-01-21,B,2020-01-21,B
994527,2020-08-05,P,2022-04-16,P
994528,2020-02-03,LP,2020-02-03,LP
999976,2024-11-08,VUS,2025-08-26,VUS
1000072,2020-03-31,VUS,2020-03-31,VUS
1000181,2020-02-21,VUS,2024-12-05,VUS
1001805,2025-06-12,VUS,2025-06-12,VUS
1001839,2024-01-04,VUS,2024-04-22,VUS
1002458,2021-09-20,VUS,2025-04-22,VUS
1002655,2021-01-04,VUS,2024-05-16,VUS
1002742,2021-01-05,VUS,2021-08-27,VUS
1004149,2020-08-28,VUS,2020-08-28,VUS
1004186,2024-01-23,VUS,2025-03-31,VUS
1005309,2025-04-17,VUS,2025-04-17,VUS
1005607,2020-07-10,VUS,2020-07-10,VUS
1006658,2022-02-04,VUS,2022-02-27,VUS
1006677,2020-08-29,VUS,2020-08-29,VUS
1006696,2023-01-01,LB,2025-12-19,LB
1006921,2020-07-02,VUS,2025-10-08,VUS
1007190,2024-02-20,VUS,2025-11-04,VUS
1007588,2024-02-11,VUS,2024-02-11,VUS
1008946,2023-09-02,VUS,2025-10-23,VUS
1009593,2022-09-14,VUS,2025-03-11,VUS
1009633,2022-03-01,VUS,2025-06-12,VUS
1009866,2020-03-10,VUS,2020-03-10,VUS
1010246,2020-08-20,VUS,2024-06-27,VUS
1010389,2021-07-01,VUS,2024-10-09,VUS
1010526,2021-08-06,VUS,2022-11-15,VUS
1010699,2020-12-29,VUS,2024-09-13,VUS
1011107,2021-08-28,VUS,2021-11-11,VUS
1011735,2024-03-30,VUS,2026-01-19,VUS
1011942,2021-01-14,VUS,2021-01-14,VUS
1012917,2020-08-01,VUS,2025-07-27,VUS
1012919,2020-12-01,LP,2020-12-01,LP
1014094,2024-01-24,VUS,2026-01-30,VUS
1015793,2022-09-07,VUS,2022-09-07,VUS
1017231,2021-04-14,VUS,2021-08-24,VUS
1017387,2020-06-06,VUS,2025-11-26,VUS
1017559,2021-07-30,LB,2025-01-01,LB
1018038,2020-02-26,VUS,2023-09-27,VUS
1018812,2025-12-01,VUS,2025-12-01,VUS
1018935,2025-05-12,VUS,2025-05-12,VUS
1019310,2020-03-27,VUS,2020-03-27,VUS
1019790,2020-02-18,VUS,2020-02-18,VUS
1020232,2020-09-04,VUS,2020-09-04,VUS
1021256,2022-04-13,VUS,2025-12-09,VUS
1021366,2020-03-16,VUS,2020-03-16,VUS
1021468,2022-01-13,VUS,2022-12-30,VUS
1021805,2020-06-28,VUS,2020-06-28,VUS
1022990,2019-12-14,VUS,2020-01-21,VUS
1023318,2023-04-11,VUS,2025-10-04,VUS
1025386,2020-02-06,VUS,2025-06-12,VUS
1025807,2025-05-18,VUS,2025-05-18,VUS
1026027,2020-07-13,VUS,2025-09-24,VUS
1026033,2025-03-22,VUS,2025-08-14,VUS
1026424,2021-09-16,VUS,2021-09-23,VUS
1028610,2019-08-17,VUS,2025-09-26,VUS
1028902,2020-05-05,VUS,2023-04-11,VUS
1029593,2020-05-05,VUS,2020-05-05,VUS
1029642,2019-07-31,VUS,2025-06-24,VUS
1029643,2020-01-15,VUS,2020-01-15,VUS
1029645,2019-11-21,VUS,2022-05-12,VUS
1029878,2020-01-14,VUS,2024-08-09,VUS
1030653,2019-12-12,VUS,2023-04-11,VUS
1030829,2019-08-13,VUS,2022-05-03,VUS
1030830,2019-11-07,VUS,2025-11-12,VUS
1032242,2018-07-24,VUS,2025-11-22,VUS
1032244,2018-09-07,VUS,2025-10-02,VUS
1032394,2018-05-30,VUS,2018-05-30,VUS
1033704,2018-05-02,VUS,2024-01-01,VUS
1034999,2020-05-05,VUS,2020-05-05,VUS
1035771,2022-07-12,VUS,2022-07-12,VUS
1035792,2021-10-15,VUS,2023-10-22,VUS
1036549,2023-03-30,VUS,2023-03-30,VUS
1037524,2024-02-20,LB,2024-02-20,LB
1037628,2019-09-27,VUS,2025-10-02,VUS
1038496,2020-10-28,VUS,2022-11-17,VUS
1038986,2020-06-24,VUS,2020-06-24,VUS
1039703,2022-02-02,VUS,2025-06-12,VUS
1039808,2020-03-17,VUS,2020-03-17,VUS
1043110,2020-10-02,VUS,2020-10-02,VUS
1043123,2021-08-24,VUS,2021-10-09,VUS
1043127,2020-10-15,VUS,2020-10-15,VUS
1045785,2023-11-17,VUS,2025-05-13,VUS
1045959,2020-05-04,VUS,2020-05-04,VUS
1046291,2020-07-03,VUS,2022-04-19,VUS
1046470,2020-08-05,VUS,2024-01-12,VUS
1046594,2021-03-15,VUS,2021-03-15,VUS
1047027,2022-05-03,VUS,2025-04-07,VUS
1047483,2020-02-11,VUS,2020-02-11,VUS
1047503,2022-03-03,VUS,2024-12-20,VUS
1048647,2020-11-18,VUS,2021-09-15,VUS
1048648,2021-03-03,VUS,2024-04-07,VUS
1048649,2020-11-25,P,2020-11-25,P
1048761,2017-12-26,LP,2017-12-26,LP
1048763,2020-04-28,VUS,2025-09-30,VUS
1048808,2025-12-25,B,2025-12-25,B
1049467,2025-04-22,VUS,2025-10-02,VUS
1050379,2024-01-09,VUS,2025-07-28,VUS
1051358,2022-05-19,VUS,2024-06-13,VUS
1052087,2021-08-28,VUS,2021-08-28,VUS
1052704,2024-12-23,VUS,2024-12-23,VUS
1053230,2020-01-27,VUS,2022-04-25,VUS
1053313,2025-09-02,P,2025-09-02,P
1054142,2020-09-25,VUS,2025-10-02,VUS
1054625,2025-06-24,VUS,2025-06-24,VUS
1054664,2024-09-21,VUS,2024-09-21,VUS
1055107,2020-05-22,VUS,2021-09-01,VUS
1055707,2022-07-14,P,2022-07-14,P
1056105,2026-01-06,VUS,2026-01-06,VUS
1056837,2020-07-22,VUS,2023-06-28,VUS
1057038,2022-05-01,LB,2025-11-25,LB
1057041,2020-08-20,VUS,2020-08-20,VUS
1057636,2020-01-24,VUS,2025-09-24,VUS
1057798,2022-03-16,VUS,2025-10-02,VUS
1058561,2021-04-12,VUS,2026-01-02,VUS
1058724,2023-05-20,VUS,2026-02-24,VUS
1058771,2022-04-21,VUS,2024-12-11,VUS
1059666,2024-02-24,VUS,2024-02-24,VUS
1060066,2022-09-17,VUS,2025-11-01,VUS
1060179,2023-05-01,VUS,2023-05-01,VUS
1060313,2020-01-27,VUS,2026-01-25,VUS
1060436,2021-06-30,VUS,2026-01-20,VUS
1060828,2019-07-08,VUS,2020-05-08,VUS
1060900,2021-09-01,VUS,2021-09-01,VUS
1060930,2020-05-20,VUS,2020-05-20,VUS
1061356,2021-09-01,VUS,2021-09-01,VUS
1061851,2020-08-15,VUS,2020-08-15,VUS
1062166,2024-02-23,VUS,2024-02-23,VUS
1062225,2025-06-12,VUS,2025-06-12,VUS
1062725,2022-05-04,VUS,2026-02-01,VUS
1063298,2020-03-01,VUS,2025-10-10,VUS
1063372,2023-10-22,VUS,2023-12-23,VUS
1064607,2022-02-02,P,2025-02-01,P
1064889,2021-04-12,VUS,2021-04-12,VUS
1064926,2021-04-12,VUS,2021-04-12,VUS
1066187,2025-08-21,P,2025-08-21,P
1066230,2025-07-07,LP,2025-07-07,LP
1066338,2023-06-13,LP,2025-08-27,LP
1066396,2020-07-13,LP,2025-09-10,LP
1066479,2020-02-14,LP,2020-02-14,LP
1066620,2023-05-11,LP,2025-07-03,LP
1066648,2020-08-11,LP,2024-10-30,LP
1066731,2020-09-11,LP,2020-09-11,LP
1066754,2021-09-10,LP,2024-03-12,LP
1066834,2020-03-12,LP,2022-04-06,LP
1066838,2020-11-25,LP,2020-11-25,LP
1066839,2020-03-03,LP,2020-03-03,LP
1066840,2020-03-03,LP,2024-03-25,LP
1066879,2020-06-22,LP,2020-06-22,LP
1066898,2025-11-17,P,2025-11-17,P
1066915,2021-06-23,LP,2025-04-01,LP
1066996,2022-11-11,LP,2022-11-11,LP
1067072,2021-08-13,P,2021-08-13,P
1067097,2022-11-01,LP,2022-11-01,LP
1067144,2023-08-21,LP,2023-08-21,LP
1067150,2021-12-07,LP,2024-11-01,LP
1067226,2020-01-21,LP,2022-02-02,LP
1067288,2020-10-26,LP,2020-10-26,LP
1067311,2021-02-08,P,2024-05-31,P
1067372,2020-09-30,LP,2020-09-30,LP
1067407,2020-09-02,LP,2020-09-02,LP
1067445,2023-12-23,LP,2024-06-04,LP
1067481,2021-02-19,LP,2023-12-01,LP
1067523,2021-01-29,LP,2021-01-29,LP
1067641,2020-10-07,LP,2020-10-07,LP
1067667,2020-07-23,LP,2020-07-23,LP
1067692,2020-08-21,LP,2026-01-26,LP
1067784,2024-09-21,LP,2024-09-21,LP
1067870,2020-09-09,LP,2020-09-09,LP
1067949,2020-03-18,LP,2025-10-01,LP
1067959,2020-08-25,LP,2020-08-25,LP
1068082,2022-03-17,LP,2026-01-21,LP
1068157,2021-08-28,LP,2021-08-28,LP
1068238,2020-08-07,LP,2024-10-31,LP
1068249,2022-05-27,P,2025-11-25,P
1068291,2026-01-15,LP,2026-01-15,LP
1068294,2021-05-26,LP,2024-04-23,LP
1068322,2024-01-04,LP,2024-01-04,LP
1068352,2020-05-05,LP,2020-05-05,LP
1068366,2021-08-04,LP,2021-08-04,LP
1068520,2020-02-11,P,2020-02-11,P
1068523,2020-02-29,P,2020-02-29,P
1068807,2024-03-21,P,2024-03-21,P
1069146,2020-10-07,P,2020-10-07,P
1069400,2020-02-18,P,2026-02-23,P
1069759,2021-06-13,P,2021-06-13,P
1069768,2020-04-06,P,2020-04-06,P
1069897,2022-09-19,P,2022-09-19,P
1070032,2017-09-21,P,2017-09-21,P
1070099,2024-09-21,P,2024-09-21,P
1070103,2020-06-23,P,2020-06-23,P
1070190,2020-04-12,P,2020-04-12,P
1070191,2020-02-22,P,2020-02-22,P
1070192,2020-09-24,P,2020-09-24,P
1070457,2020-08-16,P,2020-08-16,P
1070585,2023-07-31,P,2023-07-31,P
1070841,2020-10-26,P,2025-09-10,P
1070939,2021-09-30,P,2021-09-30,P
1070978,2022-04-14,P,2022-04-14,P
1071074,2023-01-20,P,2023-01-20,P
1071261,2022-02-03,P,2022-02-03,P
1071262,2022-06-09,P,2022-06-09,P
1071493,2020-10-08,P,2020-10-08,P
1071745,2021-02-12,P,2024-05-30,P
1071819,2020-07-13,P,2020-07-13,P
1072212,2020-09-24,P,2020-09-24,P
1072610,2020-03-10,P,2020-03-10,P
1072617,2020-02-07,P,2020-02-07,P
1072947,2021-08-06,P,2021-08-06,P
1073029,2020-06-06,P,2020-06-06,P
1073034,2020-03-25,P,2020-03-25,P
1073049,2020-06-22,P,2020-06-22,P
1073265,2024-08-08,P,2024-08-08,P
1073387,2022-09-12,P,2022-09-12,P
1073470,2022-04-08,P,2022-04-08,P
1073728,2020-07-14,P,2020-07-14,P
1073781,2022-05-21,P,2026-04-22,P
1073886,2022-03-03,P,2022-03-03,P
1073893,2020-02-25,P,2021-12-03,P
1073919,2021-04-18,P,2021-04-18,P
1074048,2020-10-20,P,2020-10-20,P
1074092,2020-10-15,P,2020-10-15,P
1074428,2020-03-17,P,2020-03-17,P
1074657,2021-08-24,P,2021-08-24,P
1074755,2022-02-11,P,2022-02-11,P
1074887,2021-03-25,P,2026-03-23,P
1074890,2024-09-23,P,2024-09-23,P
1074914,2020-10-04,P,2021-12-09,P
1074994,2022-03-05,P,2022-03-05,P
1075091,2021-08-15,P,2025-01-24,P
1075130,2021-08-28,P,2021-08-28,P
1075162,2020-05-08,P,2020-05-08,P
1075428,2022-06-17,LP,2025-10-20,LP
1075718,2021-01-28,P,2021-01-28,P
1075869,2020-08-30,P,2020-08-30,P
1075944,2020-02-07,P,2020-02-07,P
1075983,2020-04-11,P,2020-04-11,P
1076015,2020-09-23,P,2024-07-02,P
1076300,2020-05-27,P,2020-05-27,P
1076342,2020-06-27,P,2020-06-27,P
1076343,2020-04-28,P,2020-04-28,P
1076344,2021-08-04,P,2021-08-04,P
1076345,2020-10-13,P,2020-10-13,P
1076346,2020-04-21,P,2020-04-21,P
1076347,2020-09-24,P,2020-09-24,P
1076360,2020-06-02,P,2020-06-02,P
1076557,2021-06-14,P,2025-07-17,P
1076834,2020-03-20,P,2020-03-20,P
1076952,2023-09-20,P,2025-02-12,P
1077019,2024-10-07,LP,2024-10-07,LP
1077020,2026-01-26,LP,2026-01-26,LP
1077037,2026-02-25,LP,2026-02-25,LP
1077043,2023-04-24,LP,2025-06-12,LP
1077047,2022-08-12,LP,2022-08-12,LP
1077048,2023-02-22,LP,2023-02-22,LP
1077049,2024-02-22,LP,2024-02-22,LP
1077053,2026-01-07,P,2026-01-07,P
1077058,2023-07-10,VUS,2024-09-12,VUS
1077059,2025-04-29,LP,2025-04-29,LP
1077338,2023-05-27,LB,2023-05-27,LB
1077464,2024-01-28,LB,2024-01-28,LB
1077514,2020-08-27,LB,2020-08-27,LB
1077586,2025-12-15,LB,2025-12-15,LB
1077660,2022-02-11,LB,2026-01-24,LB
1077788,2020-01-23,LB,2020-01-23,LB
1077814,2023-02-14,LB,2023-02-14,LB
1077854,2020-10-15,LB,2020-10-15,LB
1077973,2026-01-09,LB,2026-01-09,LB
1078037,2024-03-09,LB,2024-03-09,LB
1078129,2022-06-15,LB,2022-06-15,LB
1078285,2025-12-08,LB,2025-12-08,LB
1078945,2023-12-12,LB,2023-12-12,LB
1078956,2023-09-06,LB,2023-09-06,LB
1079049,2019-12-24,LB,2019-12-24,LB
1079150,2020-07-24,LB,2020-07-24,LB
1079380,2023-12-13,LB,2023-12-13,LB
1079473,2020-06-01,LB,2020-06-01,LB
1079505,2020-09-13,LB,2020-09-13,LB
1079678,2024-03-12,LB,2024-09-26,LB
1079961,2022-05-31,LB,2022-05-31,LB
1080064,2023-12-17,LB,2023-12-17,LB
1080080,2022-04-21,LB,2025-07-20,LB
1080125,2024-02-29,LB,2024-02-29,LB
1080138,2026-02-04,LB,2026-02-04,LB
1080261,2024-02-11,LB,2024-08-15,LB
1080269,2024-04-16,LB,2025-02-16,LB
1080301,2024-09-05,LB,2024-09-05,LB
1080340,2025-07-11,LB,2025-07-11,LB
1080360,2023-12-04,LB,2023-12-04,LB
1080453,2022-06-03,LB,2022-06-03,LB
1080563,2022-10-07,LB,2022-10-07,LB
1080667,2023-09-08,LB,2023-09-08,LB
1080934,2023-11-24,LB,2023-11-24,LB
1081047,2019-11-22,LB,2019-11-22,LB
1081313,2026-01-19,LB,2026-01-19,LB
1081901,2024-05-23,LB,2024-05-23,LB
1082068,2023-11-15,LB,2023-11-15,LB
1082227,2021-12-30,LB,2025-12-23,LB
1082660,2022-10-23,LB,2022-10-23,LB
1082766,2023-07-07,LB,2023-07-07,LB
1083237,2019-05-14,LB,2019-05-14,LB
1083327,2020-01-08,LB,2020-01-08,LB
1083351,2023-07-16,LB,2023-07-16,LB
1083403,2022-10-04,LB,2022-10-04,LB
1083534,2024-12-05,LB,2024-12-05,LB
1083828,2021-09-21,LB,2023-08-08,LB
1083854,2026-01-13,LB,2026-01-13,LB
1084167,2024-08-09,LB,2025-12-24,LB
1084207,2021-07-13,LB,2025-12-15,LB
1084332,2020-02-27,LB,2020-02-27,LB
1084521,2019-03-01,LB,2019-03-01,LB
1084604,2023-09-26,LB,2023-09-26,LB
1084658,2020-03-01,LB,2020-03-01,LB
1084682,2023-09-05,LB,2023-09-05,LB
1084937,2021-08-30,LB,2025-09-02,LB
1084974,2024-08-12,LB,2024-08-12,LB
1085309,2020-03-05,LB,2020-03-05,LB
1085365,2021-09-25,LB,2021-09-25,LB
1085798,2023-08-01,LB,2023-08-01,LB
1085838,2024-03-13,LB,2024-03-13,LB
1085856,2019-04-24,LB,2019-04-24,LB
1086034,2024-09-16,LB,2024-09-16,LB
1086073,2020-03-18,LB,2024-10-10,LB
1086469,2024-02-12,LB,2024-02-12,LB
1086499,2023-11-20,LB,2023-11-20,LB
1086920,2019-10-09,LB,2019-10-09,LB
1087146,2020-04-06,LB,2024-02-06,LB
1087200,2023-07-19,LB,2023-07-19,LB
1087221,2021-12-04,LB,2024-01-24,LB
1087262,2024-02-04,LB,2024-02-04,LB
1087297,2020-02-10,LB,2020-02-10,LB
1087325,2020-06-09,LB,2020-06-09,LB
1087352,2023-11-05,LB,2023-11-05,LB
1087909,2019-11-05,LB,2019-11-05,LB
1088469,2023-12-03,LB,2023-12-03,LB
1088480,2021-09-01,LB,2025-06-03,LB
1088649,2023-05-15,LB,2023-05-15,LB
1088677,2020-07-28,LB,2020-07-28,LB
1088820,2025-06-12,LB,2025-06-12,LB
1088830,2021-11-04,LB,2025-01-14,LB
1089002,2020-07-30,LB,2020-07-30,LB
1089130,2024-03-05,LB,2024-03-05,LB
1089156,2023-09-26,LB,2023-09-26,LB
1089290,2020-03-18,LB,2020-03-18,LB
1089336,2021-07-30,LB,2021-07-30,LB
1089399,2025-12-03,LB,2025-12-03,LB
1089644,2023-07-25,LB,2023-07-25,LB
1089652,2020-06-10,LB,2020-06-10,LB
1089658,2023-11-25,LB,2023-11-25,LB
1089993,2020-08-09,LB,2020-08-09,LB
1090097,2022-04-17,LB,2025-06-12,LB
1090212,2021-12-18,LB,2021-12-18,LB
1090232,2023-08-04,LB,2023-08-04,LB
1090427,2021-01-15,LB,2025-06-12,LB
1090783,2019-09-27,LB,2026-01-16,LB
1090842,2023-03-22,LB,2023-03-22,LB
1090870,2023-08-22,LB,2023-08-22,LB
1090924,2020-04-08,LB,2020-04-08,LB
1090938,2020-06-24,LB,2020-06-24,LB
1091059,2023-08-22,LB,2023-08-22,LB
1091123,2023-12-20,LB,2023-12-20,LB
1091281,2023-11-06,LB,2023-11-06,LB
1091489,2023-10-16,LB,2023-10-16,LB
1091802,2019-04-11,LB,2019-04-11,LB
1091845,2024-03-02,LB,2024-03-02,LB
1091928,2022-02-17,LB,2022-02-17,LB
1092043,2025-01-01,LB,2025-12-16,LB
1092129,2019-05-26,LB,2019-05-26,LB
1092148,2024-11-07,LB,2024-11-07,LB
1092422,2024-01-25,LB,2024-01-25,LB
1092425,2026-01-19,LB,2026-01-19,LB
1092455,2019-04-17,LB,2019-04-17,LB
1092461,2025-11-28,LB,2025-11-28,LB
1092877,2019-11-02,LB,2019-11-02,LB
1093064,2019-02-22,LB,2026-01-24,LB
1093172,2019-06-12,LB,2025-07-14,LB
1093274,2022-12-02,LB,2022-12-02,LB
1093293,2022-02-03,LB,2025-09-28,LB
1093398,2021-09-01,LB,2025-06-12,LB
1093791,2024-03-13,LB,2024-03-13,LB
1093878,2023-12-04,LB,2023-12-04,LB
1093930,2024-01-29,LB,2024-01-29,LB
1094099,2026-01-05,LB,2026-01-05,LB
1094184,2019-09-12,LB,2019-09-12,LB
1094284,2022-08-16,LB,2022-08-16,LB
1094384,2024-03-06,LB,2024-03-06,LB
1094457,2023-07-03,LB,2023-07-03,LB
1094483,2025-12-15,LB,2025-12-15,LB
1094509,2020-02-04,LB,2020-02-04,LB
1094551,2021-01-12,LB,2021-01-12,LB
1094690,2024-02-20,LB,2024-02-20,LB
1095046,2020-05-15,LB,2025-11-19,LB
1095245,2023-03-19,LB,2023-03-19,LB
1096015,2024-12-12,LB,2025-11-17,LB
1096066,2022-06-09,LB,2022-06-09,LB
1096339,2020-03-19,LB,2023-09-21,LB
1096343,2026-01-12,LB,2026-01-12,LB
1096423,2022-04-22,LB,2024-03-16,LB
1096524,2020-05-12,LB,2020-05-12,LB
1096663,2020-06-18,LB,2025-12-08,LB
1096665,2024-06-20,LB,2024-06-20,LB
1096883,2023-05-31,LB,2023-05-31,LB
1097223,2020-07-21,LB,2020-07-21,LB
1097362,2024-01-14,LB,2024-01-14,LB
1097378,2019-01-28,LB,2019-01-28,LB
1097426,2019-06-06,LB,2019-06-06,LB
1097499,2019-12-21,LB,2019-12-21,LB
1097585,2020-09-10,LB,2020-09-10,LB
1097595,2025-12-20,LB,2025-12-20,LB
1097847,2024-02-23,LB,2024-02-23,LB
1098121,2026-01-21,LB,2026-01-21,LB
1098148,2025-11-26,LB,2025-11-26,LB
1098425,2021-05-15,LB,2021-05-15,LB
1099220,2022-08-09,LB,2025-09-01,LB
1099378,2021-05-12,LB,2024-02-16,LB
1099380,2021-08-01,LB,2021-08-01,LB
1099494,2019-11-30,LB,2019-11-30,LB
1099777,2024-03-20,LB,2025-04-14,LB
1099792,2019-03-06,LB,2025-06-12,LB
1099868,2025-10-02,LB,2025-10-02,LB
1099888,2022-02-04,LB,2022-02-04,LB
1100085,2021-08-13,LB,2021-08-13,LB
1100599,2021-09-08,LB,2023-11-28,LB
1100713,2021-12-09,LB,2025-12-20,LB
1100715,2023-11-07,LB,2023-11-07,LB
1100790,2024-10-11,LB,2024-10-11,LB
1100800,2023-12-28,LB,2023-12-28,LB
1100803,2019-07-17,LB,2019-07-17,LB
1100883,2022-03-09,LB,2022-03-09,LB
1100888,2024-01-14,LB,2024-01-14,LB
1100914,2023-12-05,LB,2023-12-05,LB
1100930,2023-11-01,LB,2023-11-01,LB
1101093,2024-01-05,LB,2024-01-05,LB
1101158,2019-08-27,LB,2019-08-27,LB
1101161,2022-08-21,LB,2022-08-21,LB
1101569,2020-03-16,LB,2020-03-16,LB
1101634,2021-10-03,LB,2021-10-03,LB
1101752,2024-04-07,LB,2024-04-07,LB
1101766,2019-01-30,LB,2019-01-30,LB
1102117,2023-10-30,LB,2023-10-30,LB
1102189,2023-09-29,LB,2023-09-29,LB
1102252,2020-03-17,LB,2020-03-17,LB
1102457,2023-09-03,LB,2023-09-03,LB
1102462,2019-06-17,LB,2019-06-17,LB
1102472,2024-02-06,LB,2024-02-06,LB
1102560,2020-02-10,LB,2020-02-10,LB
1102668,2021-08-23,LB,2023-04-12,LB
1102701,2021-11-11,LB,2024-02-24,LB
1102795,2021-09-08,LB,2026-01-03,LB
1102833,2026-01-28,LB,2026-01-28,LB
1102844,2023-07-07,LB,2023-07-07,LB
1102846,2022-07-07,LB,2022-07-07,LB
1102930,2023-11-28,LB,2023-11-28,LB
1103009,2025-10-01,LB,2025-10-01,LB
1103131,2019-08-10,LB,2019-08-10,LB
1103210,2023-03-21,LB,2023-03-21,LB
1103399,2019-03-30,LB,2019-03-30,LB
1103440,2022-03-01,LB,2023-07-16,LB
1103538,2024-02-01,LB,2024-02-01,LB
1103690,2022-06-01,LB,2025-07-21,LB
1103751,2024-03-07,LB,2024-03-07,LB
1103833,2020-02-19,LB,2020-02-19,LB
1104855,2023-08-16,LB,2023-08-16,LB
1104869,2021-06-26,LB,2022-04-27,LB
1104951,2025-02-10,LB,2025-02-10,LB
1105036,2023-06-23,LB,2023-06-23,LB
1105039,2022-04-14,LB,2022-04-14,LB
1105099,2019-09-06,LB,2019-09-06,LB
1105175,2020-05-21,LB,2020-05-21,LB
1105202,2022-05-29,LB,2022-05-29,LB
1105219,2020-09-09,LB,2020-09-09,LB
1105441,2022-09-19,LB,2022-09-19,LB
1105470,2024-03-10,LB,2024-03-10,LB
1105537,2023-12-23,LB,2023-12-23,LB
1105556,2024-12-09,LB,2024-12-09,LB
1105741,2023-12-12,LB,2023-12-12,LB
1106038,2019-05-02,LB,2019-05-02,LB
1106085,2019-09-03,LB,2019-09-03,LB
1106087,2022-05-21,LB,2022-05-21,LB
1106108,2019-11-12,LB,2019-11-12,LB
1106209,2020-09-17,LB,2020-09-17,LB
1106298,2024-05-22,LB,2024-05-22,LB
1106481,2024-08-13,LB,2024-08-13,LB
1106524,2025-12-27,LB,2025-12-27,LB
1106616,2026-01-06,LB,2026-01-06,LB
1106717,2023-11-02,LB,2023-11-02,LB
1107355,2025-12-22,LB,2025-12-22,LB
1107490,2024-01-13,LB,2024-01-13,LB
1107610,2021-12-09,LB,2024-02-25,LB
1107731,2021-12-08,LB,2023-05-28,LB
1107757,2023-09-19,LB,2023-09-19,LB
1107793,2023-12-30,LB,2023-12-30,LB
1107806,2020-07-07,LB,2020-07-07,LB
1107977,2026-01-11,LB,2026-01-11,LB
1107979,2023-05-13,LB,2023-05-13,LB
1108148,2025-12-04,LB,2025-12-04,LB
1108153,2024-03-02,LB,2024-03-02,LB
1108388,2022-02-22,LB,2022-02-22,LB
1108721,2019-12-02,LB,2019-12-02,LB
1109259,2022-04-21,LB,2022-04-21,LB
1109321,2023-07-03,LB,2023-07-03,LB
1109589,2026-01-25,LB,2026-01-25,LB
1109681,2022-06-18,LB,2022-06-18,LB
1109740,2023-08-04,LB,2023-08-04,LB
1110044,2019-12-23,LB,2019-12-23,LB
1110263,2023-12-26,LB,2023-12-26,LB
1110270,2023-10-22,LB,2023-10-22,LB
1110394,2023-11-18,LB,2023-11-18,LB
1110564,2025-04-14,LB,2025-04-14,LB
1110573,2024-05-23,LB,2026-01-11,LB
1110613,2026-01-20,LB,2026-01-20,LB
1110748,2023-09-22,LB,2023-09-22,LB
1110765,2020-08-14,LB,2020-08-14,LB
1110777,2023-12-25,LB,2023-12-25,LB
1110932,2019-02-19,LB,2019-02-19,LB
1111050,2024-11-11,LB,2024-11-11,LB
1111094,2020-08-14,LB,2020-08-14,LB
1111271,2026-01-06,LB,2026-01-06,LB
1111287,2019-06-26,LB,2019-06-26,LB
1111297,2019-12-23,LB,2025-01-27,LB
1111430,2022-01-04,LB,2024-03-21,LB
1111624,2023-10-15,LB,2023-10-15,LB
1111909,2025-09-24,LB,2025-09-24,LB
1111934,2019-05-16,LB,2019-05-16,LB
1112004,2021-12-18,LB,2021-12-18,LB
1112066,2021-01-17,LB,2021-01-17,LB
1112217,2022-08-16,LB,2022-08-16,LB
1112231,2023-04-18,LB,2023-04-18,LB
1112630,2023-07-26,LB,2023-07-26,LB
1113379,2022-08-07,LB,2022-08-07,LB
1113668,2020-05-15,LB,2020-05-15,LB
1113836,2022-03-18,LB,2025-08-21,LB
1113863,2024-07-23,LB,2024-07-23,LB
1113939,2026-01-19,LB,2026-01-19,LB
1113940,2023-08-28,LB,2023-08-28,LB
1114012,2022-02-10,LB,2022-02-10,LB
1114111,2025-06-02,LB,2025-06-02,LB
1114188,2019-03-12,LB,2019-03-12,LB
1114312,2020-02-01,LB,2020-02-01,LB
1114355,2020-09-08,LB,2020-09-08,LB
1114375,2022-07-01,LB,2022-07-01,LB
1114512,2025-12-23,LB,2025-12-23,LB
1114565,2019-07-23,LB,2019-07-23,LB
1114680,2020-07-26,LB,2020-07-26,LB
1114809,2025-12-30,LB,2025-12-30,LB
1114810,2026-01-21,LB,2026-01-21,LB
1114962,2023-05-12,LB,2023-05-12,LB
1115035,2020-05-25,LB,2020-05-25,LB
1115065,2023-10-05,LB,2023-10-05,LB
1115883,2023-09-10,LB,2023-09-10,LB
1115884,2022-06-03,LB,2022-06-03,LB
1116142,2024-01-04,LB,2024-01-04,LB
1116158,2024-05-06,LB,2024-05-06,LB
1116307,2023-10-22,LB,2023-10-22,LB
1116399,2025-09-26,LB,2025-12-17,LB
1116697,2022-10-03,LB,2022-10-03,LB
1116886,2022-05-06,LB,2022-05-06,LB
1117034,2020-06-23,LB,2020-06-23,LB
1117292,2022-03-07,LB,2022-03-07,LB
1117362,2020-10-02,LB,2020-10-02,LB
1117494,2020-09-24,LB,2020-09-24,LB
1117626,2023-04-22,LB,2023-04-22,LB
1117662,2024-01-07,LB,2024-01-07,LB
1117750,2025-07-14,LB,2025-07-14,LB
1117969,2023-04-19,LB,2023-04-19,LB
1118131,2025-09-14,LB,2025-09-14,LB
1118217,2019-11-29,LB,2019-11-29,LB
1118219,2023-07-25,LB,2023-07-25,LB
1118234,2021-11-27,LB,2021-11-27,LB
1118417,2023-01-17,LB,2024-05-07,LB
1118442,2024-10-17,LB,2024-10-17,LB
1118609,2024-02-17,LB,2024-02-17,LB
1118754,2022-03-21,LB,2026-01-27,LB
1118764,2023-10-10,LB,2023-10-10,LB
1118795,2023-12-16,LB,2023-12-16,LB
1118895,2025-12-08,LB,2025-12-08,LB
1118956,2020-10-13,LB,2020-10-13,LB
1119363,2020-09-25,LB,2023-10-15,LB
1119442,2022-06-23,LB,2022-06-23,LB
1119754,2020-03-31,LB,2026-01-21,LB
1120090,2020-05-27,VUS,2025-02-06,VUS
1120091,2020-07-10,VUS,2020-07-10,VUS
1120369,2023-06-03,LB,2023-06-03,LB
1120392,2024-02-23,LB,2024-02-23,LB
1120404,2021-07-03,LB,2026-01-18,LB
1120430,2024-03-17,LB,2024-03-17,LB
1120497,2025-10-09,LB,2025-10-09,LB
1120559,2020-07-21,LB,2020-07-21,LB
1120676,2025-09-08,LB,2025-09-08,LB
1120677,2024-02-08,LB,2024-02-08,LB
1120767,2022-04-18,LB,2023-02-24,LB
1121081,2026-01-19,LB,2026-01-19,LB
1121109,2023-02-11,LB,2023-02-11,LB
1121147,2021-12-14,LB,2023-10-11,LB
1121291,2025-06-12,LB,2025-06-12,LB
1121382,2024-12-23,LB,2024-12-23,LB
1121517,2020-11-03,LB,2020-11-03,LB
1121616,2023-08-19,LB,2023-08-19,LB
1121734,2026-01-14,LB,2026-01-14,LB
1121841,2024-02-01,LB,2024-02-01,LB
1121842,2022-04-30,LB,2023-02-08,LB
1121845,2023-07-19,LB,2023-07-19,LB
1122008,2022-04-18,LB,2025-08-25,LB
1122066,2022-02-04,LB,2022-02-04,LB
1122365,2025-12-17,LB,2025-12-17,LB
1122367,2020-06-10,LB,2025-02-27,LB
1122486,2019-12-30,LB,2019-12-30,LB
1122527,2023-12-09,LB,2023-12-09,LB
1122558,2025-10-29,LB,2025-10-29,LB
1122617,2026-01-25,LB,2026-01-25,LB
1122686,2023-09-11,LB,2023-09-11,LB
1122792,2024-01-08,LB,2024-01-08,LB
1122861,2022-08-25,LB,2022-08-25,LB
1123133,2023-05-10,LB,2023-05-10,LB
1123258,2023-11-10,LB,2023-11-10,LB
1123398,2025-10-23,LB,2025-10-23,LB
1123445,2020-02-20,LB,2020-02-20,LB
1123452,2022-02-17,LB,2022-02-17,LB
1123635,2022-02-08,LB,2022-02-08,LB
1123825,2022-08-16,LB,2022-08-16,LB
1124014,2020-10-07,LB,2020-10-07,LB
1124060,2025-12-26,LB,2025-12-26,LB
1124112,2020-02-26,LB,2020-02-26,LB
1124394,2024-02-29,LB,2024-02-29,LB
1124607,2024-01-31,LB,2024-01-31,LB
1124936,2021-06-29,LB,2021-06-29,LB
1125336,2024-01-11,LB,2024-01-11,LB
1125686,2020-09-04,LB,2020-09-04,LB
1125692,2021-10-13,LB,2026-01-19,LB
1125730,2024-02-11,LB,2024-02-11,LB
1126079,2019-11-10,LB,2019-11-10,LB
1126400,2019-10-09,LB,2019-10-09,LB
1126426,2019-12-21,LB,2019-12-21,LB
1126451,2021-12-01,LB,2021-12-01,LB
1126751,2020-08-07,LB,2020-08-07,LB
1126958,2022-09-14,LB,2022-09-14,LB
1127079,2021-11-11,LB,2021-11-11,LB
1127126,2020-08-06,LB,2020-08-06,LB
1127140,2025-12-17,LB,2025-12-17,LB
1127235,2026-01-12,LB,2026-01-12,LB
1127423,2023-08-16,LB,2023-08-16,LB
1127627,2022-03-02,LB,2022-03-02,LB
1127708,2025-01-10,LB,2025-01-10,LB
1127962,2019-06-28,LB,2019-06-28,LB
1127989,2019-09-14,LB,2019-09-14,LB
1128063,2023-10-12,LB,2023-10-12,LB
1128369,2024-08-21,LB,2024-08-21,LB
1128407,2023-11-27,LB,2023-11-27,LB
1128611,2023-06-16,LB,2023-06-16,LB
1128640,2022-07-06,LB,2022-07-06,LB
1128707,2020-06-30,LB,2020-06-30,LB
1128895,2019-04-10,LB,2019-04-10,LB
1128988,2019-12-02,LB,2019-12-02,LB
1129012,2024-03-05,LB,2024-03-05,LB
1129244,2023-09-28,LB,2023-09-28,LB
1129556,2021-07-01,LB,2023-11-25,LB
1129560,2023-04-03,LB,2023-04-03,LB
1129590,2020-08-01,LB,2020-08-01,LB
1129631,2021-09-29,LB,2021-09-29,LB
1129707,2020-08-29,LB,2020-08-29,LB
1129818,2024-04-30,LB,2024-04-30,LB
1129819,2024-03-06,LB,2024-03-06,LB
1129849,2021-11-30,LB,2026-01-28,LB
1129879,2021-10-12,LB,2025-12-26,LB
1129956,2022-09-13,LB,2022-09-13,LB
1130014,2020-05-11,LB,2020-05-11,LB
1130378,2020-09-04,LB,2020-09-04,LB
1130437,2025-09-28,LB,2025-09-28,LB
1130569,2024-02-19,LB,2024-02-19,LB
1130570,2022-04-18,LB,2022-04-18,LB
1130584,2024-07-12,LB,2024-07-12,LB
1130594,2024-01-29,LB,2024-01-29,LB
1130653,2021-08-02,LB,2025-07-09,LB
1130706,2020-09-08,LB,2020-09-08,LB
1131018,2021-08-03,LB,2021-08-03,LB
1131138,2019-08-20,LB,2024-02-29,LB
1131203,2024-08-27,LB,2024-08-27,LB
1131347,2023-01-24,LB,2023-01-24,LB
1131348,2023-12-25,LB,2023-12-25,LB
1131536,2019-03-14,LB,2019-03-14,LB
1131660,2021-03-08,LB,2021-03-08,LB
1131701,2023-09-06,LB,2023-09-06,LB
1131824,2024-11-04,LB,2024-11-04,LB
1131865,2024-02-16,LB,2024-02-16,LB
1131930,2024-01-31,LB,2024-01-31,LB
1132260,2023-09-15,LB,2023-09-15,LB
1132285,2023-09-27,LB,2023-09-27,LB
1132362,2022-04-14,LB,2022-04-14,LB
1132462,2023-11-08,LB,2023-11-08,LB
1132788,2021-10-22,LB,2021-10-22,LB
1132827,2023-07-13,LB,2023-09-08,LB
1132912,2023-02-11,LB,2023-02-11,LB
1133607,2019-11-22,LB,2019-11-22,LB
1133693,2020-10-01,LB,2020-10-01,LB
1133698,2021-11-22,LB,2026-01-22,LB
1133823,2021-02-02,LB,2021-02-02,LB
1134148,2022-10-28,LB,2022-10-28,LB
1134175,2024-08-27,LB,2024-08-27,LB
1134283,2023-12-20,LB,2023-12-20,LB
1134691,2024-03-09,LB,2024-03-09,LB
1134716,2021-12-16,LB,2026-01-21,LB
1134760,2021-10-28,LB,2022-09-26,LB
1135156,2025-06-12,LB,2025-06-12,LB
1135411,2019-03-04,LB,2019-03-04,LB
1135444,2023-11-29,LB,2023-11-29,LB
1135528,2024-02-19,LB,2024-02-19,LB
1135606,2023-11-01,LB,2023-11-01,LB
1135733,2023-10-18,LB,2023-10-18,LB
1135767,2023-08-09,LB,2023-08-09,LB
1135844,2026-01-18,LB,2026-01-18,LB
1135903,2020-05-14,LB,2020-05-14,LB
1136106,2024-01-31,LB,2024-01-31,LB
1136137,2023-08-11,LB,2023-08-11,LB
1136149,2024-02-22,LB,2024-02-22,LB
1136191,2021-10-06,LB,2026-01-20,LB
1136494,2024-03-06,LB,2024-03-06,LB
1136752,2023-02-16,LB,2023-02-16,LB
1136772,2025-09-17,LB,2025-09-17,LB
1137308,2020-07-21,LB,2020-07-21,LB
1137427,2024-02-16,LB,2024-02-16,LB
1137509,2022-03-13,LB,2022-03-13,LB
1137590,2025-04-14,LB,2025-04-14,LB
1137665,2020-03-09,LB,2026-01-17,LB
1137667,2020-11-09,LB,2025-10-21,LB
1137834,2025-12-17,LB,2025-12-17,LB
1137840,2024-01-27,LB,2024-01-27,LB
1138067,2022-04-25,LB,2022-04-25,LB
1138443,2019-08-25,LB,2019-08-25,LB
1138521,2023-08-29,LB,2023-08-29,LB
1138710,2021-03-22,LB,2025-02-16,LB
1138856,2021-02-05,LB,2021-02-05,LB
1139057,2023-12-19,LB,2023-12-19,LB
1139091,2023-09-15,LB,2023-09-15,LB
1139196,2020-03-14,LB,2020-03-14,LB
1139494,2019-11-11,LB,2019-11-11,LB
1139524,2020-02-05,LB,2020-02-05,LB
1139557,2020-06-02,LB,2020-06-02,LB
1139758,2023-09-17,LB,2023-09-17,LB
1139762,2019-06-17,LB,2019-06-17,LB
1140210,2022-09-19,LB,2022-09-19,LB
1140506,2021-10-14,LB,2021-10-14,LB
1140641,2023-10-14,LB,2023-10-14,LB
1140732,2026-01-19,LB,2026-01-19,LB
1140756,2019-10-16,LB,2019-10-16,LB
1140777,2025-03-17,VUS,2025-03-17,VUS
1140850,2024-08-20,LB,2024-08-28,LB
1140990,2019-04-01,LB,2019-04-01,LB
1141083,2020-03-20,LB,2022-03-21,LB
1141312,2019-02-20,LB,2019-02-20,LB
1141442,2019-10-29,LB,2019-10-29,LB
1141684,2019-01-26,LB,2019-01-26,LB
1141814,2024-03-10,LB,2024-03-10,LB
1142073,2022-03-31,LB,2022-03-31,LB
1142299,2023-12-01,LB,2023-12-01,LB
1142345,2024-12-09,LB,2024-12-09,LB
1143028,2019-05-30,LB,2019-05-30,LB
1143161,2020-09-21,LB,2020-09-21,LB
1143418,2021-12-29,LB,2024-02-25,LB
1143438,2021-09-20,LB,2024-01-25,LB
1143701,2026-01-06,LB,2026-01-06,LB
1143738,2023-08-07,LB,2023-08-07,LB
1143770,2024-04-29,LB,2024-04-29,LB
1143910,2022-01-14,LB,2026-01-18,LB
1144171,2020-06-02,LB,2020-06-02,LB
1144219,2020-04-26,LB,2020-04-26,LB
1144423,2023-02-08,LB,2023-02-08,LB
1144590,2022-07-02,LB,2022-07-02,LB
1144600,2022-04-08,LB,2022-04-08,LB
1144606,2022-06-13,LB,2022-06-13,LB
1144608,2021-07-22,LB,2021-07-22,LB
1144824,2024-01-14,LB,2024-01-14,LB
1144846,2024-02-25,LB,2024-02-25,LB
1144921,2023-05-05,LB,2023-05-05,LB
1145442,2019-02-12,LB,2019-02-12,LB
1145575,2023-07-31,LB,2023-07-31,LB
1145629,2025-07-16,LB,2025-07-16,LB
1145891,2024-02-25,LB,2024-02-25,LB
1145972,2023-05-09,LB,2023-05-09,LB
1145984,2020-10-08,LB,2020-10-08,LB
1145985,2020-10-08,LB,2020-10-08,LB
1146036,2024-02-14,LB,2024-02-14,LB
1146174,2022-03-02,LB,2022-03-02,LB
1146262,2019-12-21,LB,2019-12-21,LB
1146334,2020-08-07,LB,2020-08-07,LB
1146466,2023-09-08,LB,2023-09-08,LB
1146664,2020-03-24,LB,2020-03-24,LB
1146708,2023-11-24,LB,2023-11-24,LB
1147391,2019-12-13,LB,2019-12-13,LB
1147431,2022-07-25,LB,2022-07-25,LB
1147658,2019-08-07,LB,2019-08-07,LB
1147722,2020-02-15,LB,2020-02-15,LB
1147809,2022-12-02,LB,2022-12-02,LB
1147883,2019-04-10,LB,2025-11-08,LB
1147973,2024-01-02,LB,2024-01-02,LB
1147977,2024-02-05,LB,2024-02-05,LB
1148028,2023-10-03,LB,2023-10-03,LB
1148082,2023-12-09,LB,2023-12-09,LB
1148113,2023-04-08,LB,2023-04-08,LB
1148121,2020-09-01,LB,2020-09-01,LB
1148578,2025-06-12,LB,2025-06-12,LB
1148598,2019-04-16,LB,2019-04-16,LB
1148653,2022-11-08,LB,2022-11-08,LB
1148675,2023-12-09,LB,2023-12-09,LB
1148716,2020-01-24,LB,2020-01-24,LB
1149130,2021-12-03,LB,2021-12-03,LB
1149136,2021-08-30,LB,2025-08-09,LB
1149247,2023-08-30,LB,2023-08-30,LB
1149328,2020-01-30,LB,2020-01-30,LB
1149477,2023-11-17,LB,2023-11-17,LB
1149836,2023-03-07,LB,2023-03-07,LB
1149901,2024-02-07,LB,2024-02-07,LB
1149905,2025-11-13,LB,2025-11-13,LB
1149936,2023-09-22,LB,2023-09-22,LB
1149972,2020-03-29,LB,2020-03-29,LB
1150008,2025-07-02,LB,2025-07-02,LB
1150221,2023-11-29,LB,2023-11-29,LB
1150287,2020-02-02,LB,2020-02-02,LB
1150288,2022-04-14,LB,2022-04-14,LB
1150425,2021-10-26,LB,2026-02-02,LB
1150459,2025-05-21,LB,2025-05-21,LB
1150472,2024-01-13,LB,2024-01-13,LB
1150532,2022-07-24,LB,2022-07-24,LB
1150624,2020-06-04,LB,2020-06-04,LB
1150629,2024-01-31,LB,2024-01-31,LB
1150709,2025-12-04,LB,2026-04-01,LB
1150774,2023-02-04,LB,2023-02-04,LB
1150832,2019-07-26,LB,2019-07-26,LB
1150836,2019-07-26,LB,2019-07-26,LB
1150948,2024-01-08,LB,2024-01-08,LB
1150950,2020-08-31,LB,2020-08-31,LB
1150951,2020-03-17,LB,2020-05-12,LB
1150985,2023-08-29,LB,2023-08-29,LB
1151083,2026-02-01,LB,2026-02-01,LB
1151111,2023-09-15,LB,2023-09-15,LB
1151196,2023-06-13,LB,2023-06-13,LB
1151223,2025-03-05,LB,2025-03-05,LB
1151295,2020-06-10,LB,2020-06-10,LB
1151379,2025-03-01,LB,2026-01-06,LB
1151539,2020-03-07,LB,2020-03-07,LB
1151733,2019-05-03,LB,2019-05-03,LB
1151771,2023-08-28,LB,2023-08-28,LB
1151794,2023-07-25,LB,2023-07-25,LB
1151917,2022-08-09,LB,2022-08-09,LB
1152007,2025-01-23,LB,2025-01-23,LB
1152042,2019-05-07,LB,2019-05-07,LB
1152330,2022-04-15,LB,2026-01-18,LB
1152443,2021-11-01,LB,2021-11-01,LB
1152450,2021-08-04,LB,2021-08-04,LB
1152501,2020-08-29,LB,2020-08-29,LB
1152767,2023-12-31,LB,2023-12-31,LB
1152943,2021-11-29,LB,2025-09-19,LB
1152995,2023-06-29,LB,2023-06-29,LB
1153347,2019-09-09,LB,2019-09-09,LB
1153351,2023-09-10,LB,2023-09-10,LB
1153439,2020-02-26,LB,2020-02-26,LB
1153481,2021-03-16,LB,2021-03-16,LB
1153608,2021-02-12,LB,2021-11-21,LB
1153671,2024-02-23,LB,2024-02-23,LB
1153771,2024-02-08,LB,2024-02-08,LB
1153774,2021-06-17,LB,2021-06-17,LB
1153972,2025-12-13,LB,2025-12-13,LB
1154053,2019-08-18,LB,2019-08-18,LB
1154067,2023-02-01,LB,2023-02-01,LB
1154147,2023-07-06,LB,2023-07-06,LB
1154164,2020-02-24,LB,2020-02-24,LB
1154168,2022-12-19,LB,2023-09-19,LB
1154230,2020-10-09,LB,2020-10-09,LB
1154341,2023-10-24,LB,2025-12-31,LB
1154426,2025-09-17,LB,2025-09-17,LB
1154639,2024-01-09,LB,2024-01-09,LB
1154725,2021-01-23,LB,2021-10-08,LB
1154892,2025-11-24,LB,2025-11-24,LB
1155001,2024-02-03,LB,2024-02-03,LB
1155097,2023-03-26,LB,2023-03-26,LB
1155190,2021-10-10,LB,2021-10-10,LB
1155208,2025-12-14,LB,2025-12-14,LB
1155336,2019-06-10,LB,2026-01-27,LB
1155505,2024-02-10,LB,2024-02-10,LB
1155546,2023-06-20,LB,2023-06-20,LB
1155816,2020-02-04,LB,2020-02-04,LB
1156021,2021-09-13,LB,2024-02-06,LB
1156191,2021-10-29,LB,2023-06-05,LB
1156346,2023-09-23,LB,2023-09-23,LB
1156349,2019-04-29,LB,2019-04-29,LB
1156392,2022-09-26,LB,2022-09-26,LB
1156427,2024-06-04,LB,2024-06-04,LB
1156601,2019-03-05,LB,2019-03-05,LB
1156708,2019-12-08,LB,2019-12-08,LB
1157218,2025-07-27,LB,2025-07-27,LB
1157569,2023-12-18,LB,2023-12-18,LB
1157758,2024-02-09,LB,2024-02-09,LB
1157879,2021-09-08,LB,2025-12-15,LB
1158068,2024-10-12,LB,2024-10-12,LB
1158119,2026-01-09,LB,2026-01-09,LB
1158172,2021-01-22,LB,2021-01-22,LB
1158268,2023-11-04,LB,2023-11-04,LB
1158281,2025-01-10,LB,2025-01-10,LB
1158549,2023-03-16,LB,2023-03-16,LB
1158564,2019-08-01,LB,2019-08-01,LB
1158771,2019-01-31,LB,2026-01-13,LB
1158782,2021-07-02,LB,2024-12-12,LB
1158926,2025-07-24,LB,2025-07-24,LB
1159195,2019-03-11,LB,2019-03-11,LB
1159207,2025-12-24,LB,2025-12-24,LB
1159299,2019-12-13,LB,2019-12-13,LB
1159375,2020-10-02,LB,2020-10-02,LB
1159535,2019-08-07,LB,2019-08-07,LB
1159544,2023-12-14,LB,2023-12-14,LB
1159570,2021-08-26,LB,2021-08-26,LB
1159592,2026-01-27,LB,2026-01-27,LB
1159614,2020-11-21,LB,2020-11-21,LB
1159715,2025-06-27,LB,2025-06-27,LB
1159737,2020-09-01,LB,2020-09-01,LB
1160076,2020-10-14,LB,2020-10-14,LB
1160220,2023-09-27,LB,2023-09-27,LB
1160304,2026-02-04,LB,2026-02-04,LB
1160675,2020-10-08,LB,2020-10-08,LB
1160869,2019-06-16,LB,2019-06-16,LB
1160882,2023-08-09,LB,2023-08-09,LB
1161123,2023-08-29,LB,2023-08-29,LB
1161245,2025-12-30,LB,2025-12-30,LB
1161489,2023-04-12,LB,2023-04-12,LB
1161789,2022-01-07,LB,2023-10-04,LB
1162883,2019-07-07,VUS,2023-04-11,VUS
1162884,2021-03-16,VUS,2025-10-02,VUS
1162885,2019-11-24,VUS,2019-11-24,VUS
1162886,2022-09-20,P,2025-10-21,P
1162887,2020-06-18,VUS,2025-10-02,VUS
1162888,2021-05-13,VUS,2025-02-14,VUS
1162889,2022-02-10,VUS,2026-01-06,VUS
1162901,2020-04-01,P,2020-04-01,P
1162902,2021-05-17,P,2021-05-17,P
1162905,2022-05-20,VUS,2025-10-27,VUS
1162906,2022-11-16,VUS,2025-10-02,VUS
1162963,2019-06-23,VUS,2025-09-26,VUS
1162964,2020-04-14,VUS,2025-11-05,VUS
1162965,2023-02-09,VUS,2024-09-14,VUS
1162966,2019-06-23,LP,2025-09-26,LP
1162967,2019-07-15,P,2025-09-26,P
1162968,2021-01-07,VUS,2025-12-16,VUS
1162969,2020-03-20,VUS,2025-08-11,VUS
1163114,2020-09-23,VUS,2022-05-17,VUS
1163115,2020-02-19,VUS,2025-09-30,VUS
1163116,2020-05-20,VUS,2020-05-20,VUS
1163117,2020-08-13,VUS,2020-08-13,VUS
1163118,2023-03-15,VUS,2025-09-30,VUS
1163119,2020-05-20,VUS,2024-05-22,VUS
1163120,2020-06-03,VUS,2025-03-30,VUS
1163186,2019-12-27,LP,2019-12-27,LP
1163187,2020-04-14,VUS,2023-10-13,VUS
1163188,2020-02-13,P,2025-12-04,P
1163253,2020-07-27,LP,2020-07-27,LP
1163676,2020-02-05,VUS,2025-10-02,VUS
1163677,2020-09-10,LP,2020-09-10,LP
1163678,2020-06-24,LP,2020-06-24,LP
1163679,2019-11-24,VUS,2019-11-24,VUS
1163680,2015-06-20,VUS,2025-10-02,VUS
1163681,2021-02-09,VUS,2021-02-09,VUS
1163682,2019-05-26,VUS,2019-05-26,VUS
1163684,2022-08-30,LP,2025-10-02,LP
1163685,2021-03-02,LP,2021-03-02,LP
1163687,2019-09-16,P,2019-09-16,P
1163774,2021-08-20,VUS,2025-10-27,VUS
1164438,2018-11-11,B,2026-02-03,B
1164439,2018-11-11,B,2026-02-03,B
1164931,2025-09-26,B,2026-02-04,B
1164950,2016-08-24,B,2026-02-04,B
1165468,2021-09-28,B,2026-02-01,B
1165543,2026-01-27,B,2026-01-27,B
1165603,2025-10-29,B,2025-10-29,B
1165708,2020-03-26,B,2025-05-19,B
1165768,2019-06-21,B,2026-02-01,B
1165846,2026-01-18,B,2026-01-18,B
1165945,2018-11-11,B,2026-02-04,B
1165946,2018-11-11,B,2026-02-04,B
1165947,2019-08-20,B,2026-02-04,B
1166000,2023-09-24,B,2023-09-24,B
1166037,2024-08-04,B,2024-08-04,B
1166066,2026-02-04,B,2026-02-04,B
1166414,2019-12-29,B,2026-02-04,B
1166497,2023-07-10,B,2023-07-10,B
1167082,2026-01-14,B,2026-01-14,B
1167103,2025-12-15,B,2025-12-15,B
1167945,2023-07-29,B,2023-07-29,B
1167949,2024-02-09,B,2024-02-09,B
1168044,2023-11-20,B,2023-11-20,B
1168045,2026-01-28,B,2026-01-28,B
1168102,2024-03-03,B,2024-03-03,B
1168885,2025-04-08,B,2025-04-08,B
1169085,2023-08-04,B,2023-08-04,B
1169295,2023-11-08,B,2023-11-08,B
1169322,2026-01-13,B,2026-01-13,B
1169616,2025-09-02,B,2025-09-02,B
1169959,2018-11-11,B,2026-02-04,B
1169960,2020-01-06,B,2026-01-27,B
1169961,2021-08-10,B,2026-02-04,B
1169962,2018-11-11,B,2026-02-04,B
1169963,2021-08-10,B,2026-02-04,B
1169964,2018-11-11,B,2026-02-04,B
1170157,2019-09-27,B,2026-01-16,B
1170333,2023-12-12,B,2023-12-12,B
1170491,2026-01-22,B,2026-01-28,B
1170595,2025-04-10,B,2025-04-10,B
1170600,2026-01-19,B,2026-01-19,B
1170789,2023-10-30,B,2023-10-30,B
1172950,2018-06-22,B,2024-07-15,B
1172966,2018-07-09,B,2021-06-10,B
1172967,2018-07-09,B,2021-06-10,B
1172968,2018-06-22,B,2024-07-15,B
1172969,2018-07-09,B,2021-06-10,B
1172971,2018-06-22,B,2024-07-15,B
1172972,2018-06-24,B,2024-07-15,B
1172973,2021-06-10,LB,2021-06-10,LB
1172987,2021-06-10,LB,2021-06-10,LB
1172989,2018-06-22,B,2021-06-10,B
1172990,2018-06-22,B,2024-07-15,B
1172991,2018-06-22,B,2024-07-15,B
1172992,2021-06-10,LB,2021-06-10,LB
1172993,2018-06-24,B,2024-07-15,B
1173001,2018-06-29,B,2021-06-10,B
1173002,2021-06-10,LB,2021-06-10,LB
1173003,2021-06-10,LB,2021-06-10,LB
1173004,2021-06-10,LB,2021-06-10,LB
1174265,2019-08-21,B,2019-08-21,B
1174713,2018-11-11,B,2022-03-09,B
1174898,2018-11-11,B,2026-02-04,B
1175026,2019-08-21,B,2019-08-21,B
1175117,2018-11-11,B,2022-03-09,B
1175437,2018-11-11,B,2018-11-11,B
1175638,2021-06-18,B,2021-06-18,B
1175714,2021-07-02,LB,2021-07-02,LB
1177026,2018-07-09,B,2021-07-01,B
1177027,2021-07-01,B,2021-07-01,B
1177426,2021-01-04,VUS,2025-09-26,VUS
1177502,2020-11-14,VUS,2023-07-28,VUS
1177517,2021-07-07,P,2021-07-07,P
1177763,2018-07-09,B,2018-07-09,B
1177905,2018-07-05,LB,2018-07-05,LB
1178124,2018-06-22,B,2018-06-22,B
1178479,2019-08-21,B,2019-08-21,B
1178537,2021-06-18,B,2021-06-18,B
1178577,2018-07-09,B,2018-07-09,B
1178657,2018-07-10,LB,2018-07-10,LB
1178698,2021-06-18,B,2021-06-18,B
1178752,2018-07-14,LB,2018-07-14,LB
1178911,2019-10-06,B,2019-10-06,B
1178931,2018-11-10,B,2018-11-10,B
1178979,2018-07-05,LB,2018-07-05,LB
1179031,2021-06-30,P,2021-06-30,P
1179036,2021-06-30,LP,2024-06-25,LP
1179037,2021-06-30,LP,2021-06-30,LP
1179044,2021-06-30,LP,2021-06-30,LP
1179053,2021-06-30,LP,2021-06-30,LP
1179084,2021-06-30,LP,2021-10-13,LP
1179085,2021-06-30,P,2021-06-30,P
1179119,2021-06-30,LP,2021-06-30,LP
1179129,2021-06-30,LP,2024-02-24,LP
1179130,2022-02-07,LP,2022-02-07,LP
1179155,2021-06-30,LP,2021-06-30,LP
1179188,2021-06-30,LP,2024-05-29,LP
1179194,2022-02-01,P,2025-09-02,P
1179926,2019-06-05,LB,2019-06-05,LB
1180131,2018-07-09,B,2018-07-09,B
1180357,2021-06-18,B,2021-06-18,B
1180364,2018-12-31,LB,2018-12-31,LB
1180369,2019-12-07,B,2019-12-07,B
1181068,2018-07-09,B,2018-07-09,B
1181103,2019-05-06,LB,2019-05-06,LB
1181127,2018-11-10,B,2018-11-10,B
1181135,2021-06-18,B,2025-10-02,B
1181178,2018-06-21,B,2018-06-21,B
1181254,2019-09-06,B,2019-09-06,B
1181272,2021-06-20,B,2021-06-20,B
1181293,2021-06-18,B,2021-06-18,B
1181303,2018-11-11,LB,2018-11-11,LB
1181350,2019-08-20,LB,2019-08-20,LB
1181528,2018-07-14,B,2018-07-14,B
1181617,2021-06-18,B,2021-06-18,B
1181644,2018-07-09,B,2018-07-09,B
1181654,2018-07-09,B,2018-07-09,B
1181658,2018-07-09,B,2018-07-09,B
1181659,2018-07-09,B,2018-07-09,B
1181958,2020-09-26,B,2020-09-26,B
1182460,2018-07-09,B,2018-07-09,B
1182560,2019-08-20,B,2019-08-20,B
1182595,2019-08-15,B,2019-08-15,B
1182619,2021-06-19,B,2021-06-19,B
1182623,2018-06-24,B,2024-07-15,B
1182681,2018-07-10,B,2018-07-10,B
1183034,2020-08-28,LB,2020-08-28,LB
1183443,2018-10-19,LB,2018-10-19,LB
1183524,2019-12-29,LB,2019-12-29,LB
1183549,2018-07-14,LB,2018-07-14,LB
1183691,2018-07-15,LB,2018-07-15,LB
1183807,2018-06-22,B,2024-07-15,B
1184578,2021-05-06,P,2024-12-13,P
1184735,2018-06-22,B,2024-07-15,B
1184736,2018-06-22,B,2024-07-15,B
1184737,2018-06-24,B,2024-07-15,B
1184738,2018-06-24,B,2024-07-15,B
1184739,2018-07-09,B,2024-07-15,B
1184740,2018-07-09,B,2021-07-10,B
1184793,2018-06-22,B,2024-07-15,B
1184794,2018-06-22,B,2024-07-15,B
1184795,2018-06-22,B,2021-07-10,B
1184796,2018-06-24,B,2024-07-15,B
1184797,2018-07-09,B,2021-07-10,B
1184798,2018-07-09,B,2021-07-10,B
1185016,2021-07-27,VUS,2025-05-05,VUS
1185126,2021-07-01,LP,2021-07-01,LP
1185167,2021-07-10,LB,2021-07-10,LB
1185169,2021-07-10,LB,2021-07-10,LB
1185593,2021-07-15,P,2021-07-15,P
1185594,2021-07-15,VUS,2022-06-14,VUS
1185595,2021-07-15,VUS,2025-05-30,VUS
1185781,2019-10-26,LB,2019-10-26,LB
1186111,2018-09-24,LB,2018-09-24,LB
1186340,2020-05-01,LB,2020-05-01,LB
1186386,2018-07-05,LB,2018-07-05,LB
1186430,2019-12-12,LB,2019-12-12,LB
1187053,2018-07-01,LB,2018-07-01,LB
1187360,2018-07-10,LB,2018-07-10,LB
1187379,2018-12-23,LB,2018-12-23,LB
1187381,2018-06-29,LB,2018-06-29,LB
1187440,2019-08-10,LB,2019-08-10,LB
1187466,2020-01-24,VUS,2026-01-19,VUS
1187893,2019-08-10,LB,2019-08-10,LB
1188024,2020-03-11,LB,2020-03-11,LB
1188169,2018-07-05,LB,2018-07-05,LB
1188204,2018-10-06,LB,2018-10-06,LB
1188242,2019-08-23,LB,2019-08-23,LB
1188421,2020-09-25,LB,2020-09-25,LB
1188475,2018-07-10,LB,2018-07-10,LB
1188503,2018-07-10,LB,2018-07-10,LB
1188581,2020-01-12,LB,2020-01-12,LB
1188792,2019-12-29,LB,2019-12-29,LB
1189149,2019-01-16,LB,2019-01-16,LB
1189169,2018-07-10,LB,2018-07-10,LB
1189251,2019-12-29,LB,2019-12-29,LB
1189308,2018-07-10,LB,2018-07-10,LB
1189577,2018-12-10,LB,2018-12-10,LB
1189827,2020-07-20,LB,2020-07-20,LB
1189963,2019-01-25,LB,2019-01-25,LB
1190018,2020-02-29,LB,2020-02-29,LB
1190025,2019-08-10,LB,2019-08-10,LB
1190120,2021-04-30,LB,2023-11-06,LB
1190260,2019-02-04,LB,2019-02-04,LB
1190365,2019-01-25,LB,2019-01-25,LB
1190474,2019-04-24,LB,2019-04-24,LB
1190578,2020-02-14,LB,2020-02-14,LB
1190666,2018-07-05,LB,2018-07-05,LB
1190791,2018-12-23,LB,2018-12-23,LB
1190985,2018-07-15,LB,2018-07-15,LB
1191043,2018-12-23,LB,2018-12-23,LB
1191044,2019-11-26,P,2025-11-15,P
1191176,2018-07-05,LB,2018-07-05,LB
1191195,2018-07-05,LB,2018-07-05,LB
1191339,2020-11-24,LB,2020-11-24,LB
1191483,2019-12-18,LB,2019-12-18,LB
1191529,2019-08-13,LB,2019-08-13,LB
1191536,2019-10-12,LB,2019-10-12,LB
1191760,2019-01-02,LB,2019-01-02,LB
1191771,2020-07-26,LB,2020-07-26,LB
1191820,2018-07-14,LB,2018-07-14,LB
1192163,2019-12-18,LB,2019-12-18,LB
1192550,2016-08-24,B,2021-07-14,B
1192551,2016-08-24,B,2021-07-14,B
1192552,2018-03-16,B,2021-07-14,B
1192553,2018-11-10,B,2021-07-14,B
1192554,2018-11-10,B,2021-07-14,B
1192592,2016-08-24,B,2025-09-30,B
1192593,2021-06-18,B,2021-07-14,B
1192594,2021-06-18,B,2021-07-14,B
1192668,2018-11-10,B,2021-07-14,B
1192669,2018-11-10,B,2021-07-14,B
1192670,2018-11-10,B,2021-07-14,B
1192671,2021-06-18,B,2021-07-14,B
1192672,2018-11-10,B,2021-07-14,B
1192878,2020-09-16,LB,2020-09-16,LB
1193399,2020-02-26,VUS,2025-10-24,VUS
1193419,2018-07-10,LB,2018-07-10,LB
1193609,2019-12-29,LB,2019-12-29,LB
1193710,2018-07-09,LB,2018-07-09,LB
1193711,2018-09-23,LB,2018-09-23,LB
1193759,2019-04-20,LB,2019-04-20,LB
1194074,2020-07-26,LB,2020-07-26,LB
1194120,2019-10-07,LB,2019-10-07,LB
1194264,2018-07-05,LB,2018-07-05,LB
1194562,2019-08-10,LB,2019-08-10,LB
1194588,2018-07-10,LB,2018-07-10,LB
1194691,2019-05-06,LB,2019-05-06,LB
1194790,2020-07-26,LB,2020-07-26,LB
1194992,2018-06-29,LB,2018-06-29,LB
1195110,2020-01-12,LB,2020-01-12,LB
1195323,2019-02-04,LB,2019-02-04,LB
1195390,2019-01-02,LB,2019-01-02,LB
1195594,2019-02-04,LB,2019-02-04,LB
1195838,2018-12-20,LB,2018-12-20,LB
1195955,2021-07-14,VUS,2021-07-14,VUS
1195956,2021-07-14,VUS,2025-10-30,VUS
1195957,2021-07-14,VUS,2021-07-14,VUS
1195976,2021-07-14,VUS,2021-07-14,VUS
1195978,2021-07-14,VUS,2021-07-14,VUS
1196264,2019-06-10,LB,2019-06-10,LB
1196796,2020-07-26,LB,2020-07-26,LB
1196882,2019-02-14,LB,2019-02-14,LB
1196935,2018-10-03,LB,2018-10-03,LB
1197112,2019-07-17,LB,2019-07-17,LB
1197169,2019-04-03,LB,2019-04-03,LB
1197200,2019-08-06,LB,2019-08-06,LB
1197228,2020-09-16,LB,2020-09-16,LB
1197418,2018-07-05,LB,2018-07-05,LB
1197439,2019-08-20,LB,2019-08-20,LB
1197474,2019-08-26,LB,2019-08-26,LB
1197580,2018-09-24,LB,2018-09-24,LB
1197957,2019-03-09,LB,2019-03-09,LB
1198123,2018-10-27,LB,2018-10-27,LB
1198787,2019-10-31,LB,2019-10-31,LB
1198844,2019-05-29,LB,2025-06-01,LB
1198968,2018-10-27,LB,2018-10-27,LB
1199114,2018-07-15,LB,2018-07-15,LB
1199460,2018-07-05,LB,2018-07-05,LB
1199645,2019-08-20,LB,2019-08-20,LB
1199808,2018-07-10,LB,2018-07-10,LB
1200037,2019-08-13,LB,2019-08-13,LB
1200085,2018-07-14,LB,2018-07-14,LB
1200244,2018-07-05,LB,2018-07-05,LB
1200564,2018-09-13,LB,2018-09-13,LB
1200601,2018-10-27,LB,2018-10-27,LB
1201180,2018-07-14,LB,2018-07-14,LB
1201402,2020-02-05,LB,2020-02-05,LB
1201658,2020-09-13,LB,2020-09-13,LB
1201750,2019-01-02,LB,2019-01-02,LB
1201817,2020-05-01,LB,2020-05-01,LB
1202076,2018-10-27,LB,2018-10-27,LB
1202185,2020-06-24,VUS,2020-10-29,VUS
1202193,2018-07-14,LB,2018-07-14,LB
1202204,2019-09-14,LB,2019-09-14,LB
1202272,2019-09-02,LB,2019-09-02,LB
1202380,2020-03-31,LB,2020-03-31,LB
1202447,2018-07-09,LB,2018-07-09,LB
1202527,2019-03-09,LB,2019-03-09,LB
1202660,2018-07-15,LB,2018-07-15,LB
1202733,2020-01-06,LB,2020-01-06,LB
1202846,2018-07-09,LB,2018-07-09,LB
1202955,2020-03-11,LB,2020-03-11,LB
1203142,2019-12-29,LB,2019-12-29,LB
1203162,2019-12-29,LB,2019-12-29,LB
1203210,2020-01-16,LB,2020-01-16,LB
1203257,2019-01-02,LB,2019-01-02,LB
1203278,2018-07-17,LB,2018-07-17,LB
1203437,2018-10-27,LB,2018-10-27,LB
1203638,2018-07-10,LB,2018-07-10,LB
1203672,2018-07-05,LB,2018-07-05,LB
1203789,2020-12-20,LB,2020-12-20,LB
1203860,2019-08-20,LB,2019-08-20,LB
1203930,2020-03-12,LP,2025-09-14,LP
1204402,2019-03-09,LB,2019-03-09,LB
1204505,2019-09-17,VUS,2024-02-01,VUS
1204663,2018-07-10,LB,2018-07-10,LB
1204811,2019-03-21,LB,2019-03-21,LB
1204903,2019-01-25,LB,2019-01-25,LB
1205010,2019-08-08,LB,2019-08-08,LB
1205164,2018-10-27,LB,2018-10-27,LB
1205178,2020-11-12,LB,2020-11-12,LB
1205471,2019-03-21,LB,2019-03-21,LB
1205473,2020-01-24,VUS,2021-09-16,VUS
1205504,2018-07-10,LB,2018-07-10,LB
1205522,2019-08-06,LB,2019-08-06,LB
1205668,2019-08-21,LB,2019-08-21,LB
1205682,2018-07-09,LB,2018-07-09,LB
1205803,2019-08-20,LB,2019-08-20,LB
1206073,2020-10-15,LB,2023-12-01,LB
1206273,2020-06-05,LB,2024-03-18,LB
1206450,2018-10-26,LB,2018-10-26,LB
1206946,2018-10-27,LB,2018-10-27,LB
1207303,2020-01-17,LB,2020-01-17,LB
1207309,2020-04-04,LB,2020-04-04,LB
1207322,2018-12-23,LB,2018-12-23,LB
1207359,2019-08-26,LB,2019-08-26,LB
1207493,2019-10-31,LB,2019-10-31,LB
1207646,2018-08-06,LB,2018-08-06,LB
1207982,2018-07-10,LB,2018-07-10,LB
1208021,2019-08-15,LB,2019-08-15,LB
1208257,2018-12-23,LB,2018-12-23,LB
1208276,2018-10-27,LB,2018-10-27,LB
1208342,2019-12-07,LB,2019-12-07,LB
1208343,2020-02-24,LB,2020-02-24,LB
1208534,2018-09-13,LB,2018-09-13,LB
1208567,2020-06-29,VUS,2025-12-09,VUS
1208594,2019-03-09,LB,2019-03-09,LB
1208649,2020-07-26,LB,2020-07-26,LB
1208735,2019-08-21,LB,2019-08-21,LB
1208885,2018-10-27,LB,2018-10-27,LB
1208945,2018-07-14,LB,2018-07-14,LB
1209088,2020-03-29,VUS,2025-09-19,VUS
1209189,2019-12-12,LB,2019-12-12,LB
1209221,2018-07-14,LB,2018-07-14,LB
1209376,2020-08-20,LB,2020-08-20,LB
1209391,2018-07-09,LB,2018-07-09,LB
1209457,2018-10-27,LB,2018-10-27,LB
1209464,2020-01-16,LB,2020-01-16,LB
1209470,2020-06-12,LB,2020-06-12,LB
1209573,2025-09-10,LP,2025-09-10,LP
1209735,2021-05-10,B,2025-10-02,B
1209764,2021-06-18,B,2025-09-26,B
1209765,2021-06-18,B,2021-07-22,B
1209766,2021-06-18,B,2025-09-26,B
1209968,2025-10-02,LP,2025-10-02,LP
1210291,2021-08-27,P,2021-08-27,P
1210381,2021-07-22,VUS,2021-07-22,VUS
1210382,2021-07-22,VUS,2021-07-22,VUS
1210383,2021-07-22,VUS,2021-07-22,VUS
1210384,2021-07-22,LP,2021-07-22,LP
1210601,2020-03-06,LB,2020-03-06,LB
1210856,2019-02-11,LB,2019-02-11,LB
1210957,2020-06-10,LB,2020-06-10,LB
1211121,2018-07-09,LB,2018-07-09,LB
1211151,2018-07-09,LB,2018-07-09,LB
1211538,2018-12-24,LB,2018-12-24,LB
1211560,2020-02-24,LB,2020-02-24,LB
1211567,2019-08-06,LB,2019-08-06,LB
1211758,2019-03-21,LB,2019-03-21,LB
1211945,2020-03-11,LB,2020-03-11,LB
1212001,2018-09-24,LB,2018-09-24,LB
1212101,2020-07-26,LB,2020-07-26,LB
1212163,2020-07-26,LB,2020-07-26,LB
1212238,2019-01-02,LB,2019-01-02,LB
1212424,2019-01-16,LB,2019-01-16,LB
1212576,2019-01-16,LB,2019-01-16,LB
1212591,2020-03-31,LB,2020-03-31,LB
1213244,2019-09-18,VUS,2022-06-20,VUS
1213468,2018-09-17,LB,2018-09-17,LB
1213535,2018-07-05,LB,2018-07-05,LB
1213628,2018-07-14,LB,2018-07-14,LB
1213982,2021-06-04,P,2021-06-04,P
1214069,2020-04-03,LB,2020-04-03,LB
1214080,2020-04-04,LB,2020-04-04,LB
1214174,2019-01-16,LB,2019-01-16,LB
1214289,2018-07-10,LB,2018-07-10,LB
1214320,2019-10-18,LB,2019-10-18,LB
1215125,2018-12-23,LB,2018-12-23,LB
1215618,2018-07-10,LB,2018-07-10,LB
1215943,2020-07-27,LB,2020-07-27,LB
1215956,2019-08-18,LB,2019-08-18,LB
1216036,2018-07-14,LB,2018-07-14,LB
1216231,2019-12-25,LB,2019-12-25,LB
1216276,2020-07-26,LB,2020-07-26,LB
1216433,2018-07-09,LB,2018-07-09,LB
1216513,2018-07-10,LB,2018-07-10,LB
1216596,2019-10-06,LB,2019-10-06,LB
1216796,2020-12-22,LB,2020-12-22,LB
1216867,2018-07-04,LB,2018-07-04,LB
1217137,2018-07-05,LB,2018-07-05,LB
1217514,2018-12-23,LB,2018-12-23,LB
1217602,2018-07-05,LB,2018-07-05,LB
1217653,2018-07-09,LB,2018-07-09,LB
1217821,2018-10-27,LB,2018-10-27,LB
1218012,2018-07-05,LB,2018-07-05,LB
1218017,2025-08-27,VUS,2026-01-20,VUS
1218026,2019-02-04,LB,2019-02-04,LB
1218599,2019-05-18,LB,2019-05-18,LB
1218826,2018-07-15,LB,2018-07-15,LB
1218906,2018-06-24,LB,2018-06-24,LB
1218970,2020-01-23,LB,2020-01-23,LB
1219067,2019-10-02,LB,2019-10-02,LB
1219093,2020-03-03,LB,2020-03-03,LB
1219234,2020-05-05,LB,2020-05-05,LB
1219326,2018-11-11,LB,2018-11-11,LB
1219498,2020-11-02,LB,2025-09-02,LB
1219509,2018-07-31,LB,2018-07-31,LB
1219786,2019-01-06,LB,2019-01-06,LB
1219892,2019-02-18,LB,2019-02-18,LB
1219992,2018-12-23,LB,2018-12-23,LB
1220301,2019-05-19,LB,2019-05-19,LB
1220326,2020-02-19,P,2021-10-05,P
1220415,2019-08-18,LB,2019-08-18,LB
1220516,2019-02-04,LB,2019-02-04,LB
1220599,2018-07-09,B,2018-07-09,B
1220746,2020-03-25,B,2020-03-25,B
1220754,2021-06-18,B,2021-06-18,B
1220974,2019-08-20,B,2019-08-20,B
1221241,2021-06-18,B,2021-06-18,B
1221313,2020-03-26,B,2020-03-26,B
1221415,2018-07-09,B,2018-07-09,B
1221485,2018-07-09,B,2018-07-09,B
1221581,2019-08-20,B,2019-08-20,B
1221750,2019-08-20,B,2019-08-20,B
1221848,2018-11-11,B,2018-11-11,B
1222004,2021-06-19,B,2021-06-19,B
1222100,2018-07-06,B,2018-07-06,B
1222159,2018-10-21,B,2018-10-21,B
1222289,2019-08-20,B,2019-08-20,B
1222340,2021-06-21,B,2021-06-21,B
1222347,2020-07-25,B,2020-07-25,B
1222395,2018-11-11,B,2018-11-11,B
1222398,2018-11-11,B,2018-11-11,B
1222426,2020-03-26,B,2020-03-26,B
1222475,2018-11-11,B,2018-11-11,B
1222895,2021-06-19,B,2021-06-19,B
1223254,2021-06-18,B,2021-06-18,B
1223267,2018-07-10,B,2018-07-10,B
1223467,2019-01-28,LB,2019-01-28,LB
1223480,2019-04-10,LB,2019-04-10,LB
1223583,2019-12-23,LB,2019-12-23,LB
1223640,2018-10-27,LB,2018-10-27,LB
1223700,2018-07-05,LB,2018-07-05,LB
1223936,2018-07-09,B,2018-07-09,B
1223946,2020-09-26,B,2020-09-26,B
1224094,2021-05-11,B,2021-05-11,B
1224145,2018-07-10,B,2018-07-10,B
1224228,2018-07-09,B,2018-07-09,B
1224824,2020-05-10,B,2020-05-10,B
1224851,2018-07-09,B,2018-07-09,B
1224895,2018-07-09,B,2018-07-09,B
1224985,2019-10-20,B,2019-10-20,B
1224989,2019-11-29,B,2019-11-29,B
1225041,2018-07-09,B,2018-07-09,B
1225260,2018-11-11,B,2018-11-11,B
1225366,2020-11-19,B,2020-11-19,B
1225696,2019-08-23,B,2019-08-23,B
1225698,2018-07-09,B,2018-07-09,B
1226173,2019-08-20,B,2019-08-20,B
1226380,2020-02-23,B,2020-02-23,B
1226428,2018-07-09,B,2018-07-09,B
1226541,2018-11-11,B,2018-11-11,B
1226583,2021-06-18,B,2021-06-18,B
1226939,2018-07-09,B,2018-07-09,B
1226966,2018-06-29,B,2018-06-29,B
1226974,2018-07-09,B,2018-07-09,B
1227021,2020-05-03,B,2020-05-03,B
1227043,2021-06-18,B,2021-06-18,B
1227200,2018-07-09,B,2018-07-09,B
1227289,2018-11-10,B,2018-11-10,B
1227398,2021-06-19,B,2021-06-19,B
1227409,2019-08-13,B,2019-08-13,B
1227508,2021-06-18,B,2025-09-30,B
1227586,2018-11-10,B,2018-11-10,B
1227596,2019-08-20,B,2019-08-20,B
1227605,2019-08-20,B,2019-08-20,B
1227850,2018-11-10,B,2018-11-10,B
1227881,2018-11-11,B,2018-11-11,B
1227897,2019-08-20,B,2019-08-20,B
1227910,2018-07-09,B,2018-07-09,B
1228052,2021-06-18,B,2025-09-30,B
1228125,2019-09-02,B,2019-09-02,B
1228225,2018-07-09,B,2018-07-09,B
1228251,2021-05-24,B,2021-05-24,B
1228483,2019-12-29,B,2019-12-29,B
1228507,2018-06-21,B,2018-06-21,B
1228563,2019-01-16,B,2019-01-16,B
1228587,2020-02-15,B,2020-02-15,B
1228753,2018-07-09,B,2024-07-15,B
1228859,2021-05-10,B,2025-10-02,B
1229014,2021-06-18,B,2021-06-18,B
1229190,2021-05-25,B,2021-05-25,B
1229270,2019-11-29,B,2019-11-29,B
1229394,2018-07-09,B,2018-07-09,B
1229445,2018-07-09,B,2018-07-09,B
1229500,2018-07-09,B,2018-07-09,B
1229656,2018-11-11,B,2026-02-04,B
1229692,2019-08-20,B,2019-08-20,B
1230032,2018-11-11,B,2018-11-11,B
1230093,2018-11-10,B,2018-11-10,B
1230105,2018-07-09,B,2018-07-09,B
1230227,2018-07-09,B,2018-07-09,B
1230314,2021-06-18,B,2025-09-30,B
1230338,2020-03-02,B,2020-03-02,B
1230436,2020-01-12,B,2026-02-01,B
1230447,2018-11-10,B,2018-11-10,B
1230688,2018-07-10,B,2018-07-10,B
1230705,2021-06-19,B,2021-06-19,B
1230777,2021-06-19,B,2021-06-19,B
1230778,2018-11-11,B,2018-11-11,B
1231011,2018-07-10,B,2018-07-10,B
1231055,2019-08-06,B,2019-08-06,B
1231073,2018-07-09,B,2018-07-09,B
1231131,2020-01-06,B,2020-01-06,B
1231261,2019-08-10,B,2019-08-10,B
1231306,2018-07-09,B,2018-07-09,B
1231662,2019-08-11,B,2019-08-11,B
1231859,2018-11-11,B,2018-11-11,B
1231941,2018-11-11,B,2018-11-11,B
1231996,2020-07-25,B,2020-07-25,B
1232059,2018-07-10,B,2018-07-10,B
1232110,2018-07-09,B,2018-07-09,B
1232155,2018-07-09,B,2018-07-09,B
1232248,2021-06-19,B,2021-06-19,B
1232250,2021-06-18,B,2021-06-18,B
1232338,2020-03-26,B,2020-03-26,B
1232492,2018-07-09,B,2019-08-23,B
1232624,2018-07-01,B,2018-07-01,B
1232815,2019-10-04,B,2019-10-04,B
1232999,2018-07-10,B,2018-07-10,B
1233255,2018-07-09,B,2018-07-09,B
1233384,2021-06-18,B,2021-06-18,B
1233518,2018-07-09,B,2018-07-09,B
1233779,2018-11-10,B,2018-11-10,B
1234063,2018-06-29,B,2018-06-29,B
1234165,2018-07-09,B,2018-07-09,B
1234287,2021-06-18,B,2021-06-18,B
1234370,2019-11-29,B,2026-01-19,B
1234419,2018-11-11,B,2018-11-11,B
1234463,2018-07-10,B,2018-07-10,B
1234716,2019-08-27,B,2019-08-27,B
1234782,2021-06-18,B,2021-06-18,B
1234808,2018-11-11,B,2025-10-02,B
1235080,2018-07-01,B,2018-07-01,B
1235575,2019-09-16,B,2025-09-15,B
1235655,2019-08-20,B,2019-08-20,B
1235745,2018-11-11,B,2018-11-11,B
1235767,2018-06-24,B,2018-06-24,B
1235865,2021-06-18,B,2021-06-18,B
1236022,2018-06-22,B,2018-06-22,B
1236055,2021-06-18,B,2021-06-18,B
1236234,2018-07-09,B,2018-07-09,B
1236243,2018-07-10,B,2018-07-10,B
1236266,2018-07-09,B,2018-07-09,B
1236326,2020-06-25,B,2020-06-25,B
1236411,2021-06-18,B,2021-06-18,B
1236603,2019-08-20,B,2019-08-20,B
1236809,2018-11-11,B,2018-11-11,B
1236897,2018-07-09,B,2018-07-09,B
1237065,2019-12-18,B,2019-12-18,B
1237105,2018-10-19,B,2018-10-19,B
1237164,2018-11-11,B,2018-11-11,B
1237222,2018-07-09,B,2018-07-09,B
1237438,2021-05-22,B,2021-05-22,B
1237635,2018-11-10,B,2018-11-10,B
1237678,2020-11-20,B,2020-11-20,B
1237843,2021-06-18,B,2021-06-18,B
1237883,2018-11-10,B,2018-11-10,B
1238027,2018-07-09,B,2019-08-23,B
1238185,2018-07-09,B,2018-07-09,B
1238241,2018-07-10,B,2018-07-10,B
1238308,2018-07-09,B,2018-07-09,B
1238573,2021-06-18,B,2021-06-18,B
1239051,2019-08-20,B,2019-08-20,B
1239091,2019-10-25,B,2019-10-25,B
1239096,2018-06-24,B,2024-07-15,B
1239744,2019-11-29,B,2019-11-29,B
1239895,2018-07-09,B,2018-07-09,B
1239901,2018-06-21,B,2018-06-21,B
1239974,2018-11-11,B,2018-11-11,B
1239984,2021-05-22,B,2021-05-22,B
1240825,2019-12-29,B,2019-12-29,B
1240837,2021-06-18,B,2021-06-18,B
1240869,2020-01-28,B,2026-01-05,B
1240914,2018-11-11,B,2018-11-11,B
1240916,2018-07-09,B,2018-07-09,B
1241047,2019-10-25,B,2019-10-25,B
1241081,2018-07-09,B,2018-07-09,B
1241139,2018-11-10,B,2025-09-26,B
1241250,2018-07-09,B,2018-07-09,B
1241374,2021-06-18,B,2021-06-18,B
1241433,2018-07-10,B,2018-07-10,B
1241926,2018-07-09,B,2018-07-09,B
1241976,2019-08-10,B,2019-08-10,B
1242251,2019-10-25,B,2019-10-25,B
1242437,2018-07-05,B,2018-07-05,B
1242499,2018-07-09,B,2018-07-09,B
1242506,2018-11-11,B,2025-10-02,B
1242556,2018-07-09,B,2018-07-09,B
1242665,2018-07-09,B,2018-07-09,B
1242772,2018-11-11,B,2018-11-11,B
1242784,2021-06-19,B,2025-09-30,B
1243062,2021-06-18,B,2021-06-18,B
1243118,2018-07-09,B,2018-07-09,B
1243192,2019-08-20,B,2019-08-20,B
1243282,2021-05-11,B,2021-05-11,B
1243353,2020-03-31,B,2020-03-31,B
1243356,2018-11-10,B,2018-11-10,B
1243360,2021-06-18,B,2021-06-18,B
1243528,2021-06-18,B,2021-06-18,B
1243565,2018-11-11,B,2018-11-11,B
1243849,2019-08-10,B,2024-07-15,B
1244189,2018-07-10,B,2018-07-10,B
1244329,2018-07-09,B,2018-07-09,B
1244453,2018-07-09,B,2018-07-09,B
1244535,2018-07-09,B,2018-07-09,B
1244623,2020-01-06,B,2020-01-06,B
1244693,2019-09-07,B,2019-09-07,B
1244752,2018-11-10,B,2018-11-10,B
1244795,2018-07-15,B,2018-07-15,B
1245079,2021-06-18,B,2021-06-18,B
1245338,2021-06-18,B,2021-06-18,B
1245461,2021-06-18,B,2021-06-18,B
1245532,2018-07-09,B,2018-07-09,B
1245841,2018-11-11,B,2018-11-11,B
1245951,2021-06-18,B,2021-06-18,B
1245966,2018-07-09,B,2018-07-09,B
1246060,2018-07-09,B,2018-07-09,B
1246141,2020-07-25,B,2020-07-25,B
1246233,2018-07-09,B,2018-07-09,B
1246467,2019-08-06,B,2023-03-30,B
1246563,2018-07-09,B,2018-07-09,B
1246654,2018-07-09,B,2018-07-09,B
1246826,2018-07-10,B,2018-07-10,B
1247043,2018-11-10,B,2018-11-10,B
1247101,2018-11-10,B,2018-11-10,B
1247276,2018-11-11,B,2018-11-11,B
1247399,2018-07-15,B,2018-07-15,B
1247426,2020-01-16,B,2020-01-16,B
1247496,2021-06-21,B,2021-06-21,B
1247805,2018-07-09,B,2018-07-09,B
1247807,2018-07-09,B,2018-07-09,B
1248201,2021-05-18,B,2021-05-18,B
1248318,2019-08-11,B,2019-08-11,B
1248506,2020-06-07,B,2020-06-07,B
1248775,2018-11-11,B,2018-11-11,B
1248782,2020-05-14,B,2020-05-14,B
1248861,2021-06-18,B,2021-06-18,B
1248867,2018-11-11,B,2018-11-11,B
1248903,2021-06-18,B,2021-06-18,B
1249010,2018-07-10,B,2018-07-10,B
1249042,2018-11-11,B,2026-02-03,B
1249095,2019-08-20,B,2019-08-20,B
1249103,2021-06-18,B,2021-06-18,B
1249132,2020-03-02,B,2020-03-02,B
1249196,2018-11-10,B,2018-11-10,B
1249325,2021-03-06,B,2021-05-10,B
1249888,2019-11-13,B,2019-11-13,B
1250062,2021-06-19,B,2021-06-19,B
1250208,2018-07-09,B,2018-07-09,B
1250378,2019-08-18,B,2019-08-18,B
1250459,2018-11-10,B,2018-11-10,B
1250579,2018-06-21,B,2018-06-21,B
1250663,2018-11-11,B,2022-02-03,B
1250753,2021-05-10,B,2025-10-02,B
1250842,2020-05-04,B,2020-05-04,B
1250882,2018-07-09,B,2018-07-09,B
1251023,2021-06-18,B,2021-06-18,B
1251420,2018-11-11,B,2018-11-11,B
1251453,2019-08-20,B,2019-08-20,B
1251669,2018-07-09,B,2018-07-09,B
1251813,2018-07-05,B,2018-07-05,B
1252315,2018-07-06,B,2018-07-06,B
1252598,2020-01-12,B,2026-01-05,B
1252614,2020-10-23,B,2026-01-22,B
1252918,2021-06-18,B,2021-06-18,B
1253590,2018-11-11,B,2018-11-11,B
1253637,2019-11-14,B,2019-11-14,B
1253942,2018-07-10,B,2018-07-10,B
1254003,2021-01-29,LB,2021-01-29,LB
1254120,2021-08-30,B,2021-08-30,B
1254150,2020-09-26,LB,2020-09-26,LB
1254485,2021-02-06,LB,2021-02-06,LB
1254500,2021-03-05,LB,2021-03-05,LB
1254604,2021-03-05,LB,2021-03-05,LB
1255159,2018-11-10,B,2018-11-10,B
1255208,2018-11-11,B,2018-11-11,B
1255279,2019-04-10,B,2019-04-10,B
1255293,2018-11-10,B,2018-11-10,B
1255339,2019-08-20,B,2019-08-20,B
1255397,2018-06-22,B,2021-07-30,B
1255399,2018-06-22,B,2021-07-30,B
1255400,2018-06-22,B,2021-07-30,B
1256213,2022-03-01,LP,2022-03-01,LP
1256221,2020-09-25,VUS,2020-09-25,VUS
1256326,2020-10-01,P,2020-10-01,P
1256714,2019-09-06,B,2019-09-06,B
1256721,2021-05-22,B,2021-05-22,B
1256823,2018-07-10,B,2018-07-10,B
1256838,2018-11-11,B,2018-11-11,B
1256955,2021-08-31,B,2021-08-31,B
1257000,2018-07-09,B,2018-07-09,B
1257176,2018-11-10,B,2018-11-10,B
1257240,2019-12-29,B,2019-12-29,B
1257463,2018-07-14,B,2018-07-14,B
1257561,2018-07-09,B,2018-07-09,B
1257764,2019-11-20,B,2019-11-20,B
1257773,2018-11-11,B,2018-11-11,B
1257823,2021-06-18,B,2021-06-18,B
1257844,2018-07-05,B,2018-07-05,B
1257857,2019-08-10,B,2019-08-10,B
1258057,2021-05-10,B,2025-10-02,B
1258093,2021-06-18,B,2021-06-18,B
1258281,2021-06-04,B,2021-06-04,B
1258335,2020-05-19,B,2020-05-19,B
1258443,2019-01-25,B,2019-01-25,B
1258600,2019-12-29,B,2019-12-29,B
1258604,2018-11-11,B,2018-11-11,B
1258812,2021-06-18,B,2021-06-18,B
1258854,2019-12-29,B,2019-12-29,B
1258914,2021-06-19,B,2021-06-19,B
1259020,2021-05-22,B,2021-05-22,B
1259136,2018-07-09,B,2018-07-09,B
1259208,2019-02-20,B,2025-03-30,B
1259328,2018-07-09,B,2018-07-09,B
1259351,2018-11-11,B,2018-11-11,B
1259403,2020-01-16,B,2020-01-16,B
1259523,2018-07-09,B,2018-07-09,B
1259828,2018-11-11,B,2018-11-11,B
1260075,2021-05-24,B,2021-05-24,B
1260316,2021-06-19,B,2021-06-19,B
1260343,2018-07-05,B,2018-07-05,B
1260366,2018-07-09,B,2018-07-09,B
1260627,2018-07-14,B,2018-07-14,B
1260951,2021-06-19,B,2021-06-19,B
1261016,2018-11-10,B,2018-11-10,B
1261031,2021-06-18,B,2021-06-18,B
1261064,2019-08-20,B,2019-08-20,B
1261258,2019-08-10,B,2019-08-10,B
1261479,2018-06-21,B,2018-06-21,B
1261520,2020-01-06,B,2020-01-06,B
1261548,2021-06-18,B,2021-06-18,B
1261611,2018-11-10,B,2018-11-10,B
1261686,2019-08-20,B,2019-08-20,B
1261907,2018-07-14,B,2018-07-14,B
1262024,2018-11-11,B,2018-11-11,B
1262497,2019-10-25,B,2019-10-25,B
1262552,2019-08-06,B,2019-08-06,B
1262581,2018-07-09,B,2018-07-09,B
1262744,2018-11-11,B,2018-11-11,B
1262803,2018-07-10,B,2018-07-10,B
1262818,2018-11-10,B,2018-11-10,B
1263081,2020-10-29,B,2020-10-29,B
1263164,2018-11-10,B,2018-11-10,B
1263580,2019-12-24,B,2019-12-24,B
1263790,2021-06-19,B,2021-06-19,B
1264008,2018-06-24,B,2018-06-24,B
1264036,2018-07-15,B,2018-07-15,B
1264284,2018-07-09,B,2018-07-09,B
1264529,2019-10-23,B,2019-10-23,B
1264723,2018-11-10,B,2018-11-10,B
1264809,2020-05-05,B,2020-05-05,B
1264847,2018-11-11,B,2018-11-11,B
1264867,2019-11-13,B,2019-11-13,B
1265064,2018-07-09,B,2018-07-09,B
1265067,2020-05-05,B,2020-05-05,B
1265414,2021-06-18,B,2021-06-18,B
1265431,2021-06-18,B,2021-06-18,B
1265727,2018-11-11,B,2018-11-11,B
1265861,2021-06-18,B,2021-06-18,B
1265873,2021-05-10,B,2021-05-10,B
1265907,2019-10-25,B,2025-10-12,B
1265933,2021-06-18,B,2021-06-18,B
1266209,2021-06-19,B,2021-06-19,B
1266244,2018-07-09,B,2018-07-09,B
1266272,2018-07-09,B,2018-07-09,B
1266318,2021-06-18,B,2021-06-18,B
1266390,2018-11-10,B,2018-11-10,B
1266528,2020-10-23,B,2020-10-23,B
1266772,2021-06-18,B,2021-06-18,B
1266935,2018-07-09,B,2018-07-09,B
1266976,2018-07-09,B,2018-07-09,B
1267016,2015-03-03,B,2015-03-03,B
1267056,2019-08-24,B,2019-08-24,B
1267094,2018-10-19,B,2018-10-19,B
1267137,2021-06-18,B,2021-06-18,B
1267149,2018-07-09,B,2018-07-09,B
1267467,2018-07-09,B,2018-07-09,B
1267536,2019-08-18,B,2019-08-18,B
1267680,2018-07-10,B,2018-07-10,B
1267720,2018-07-10,B,2018-07-10,B
1267889,2021-06-18,B,2021-06-18,B
1267915,2020-01-06,B,2020-01-06,B
1268097,2019-08-10,B,2024-07-15,B
1268160,2020-09-26,B,2020-09-26,B
1268361,2018-07-04,B,2018-07-04,B
1268437,2018-11-11,B,2018-11-11,B
1268608,2018-11-11,B,2018-11-11,B
1268808,2019-08-06,B,2019-08-06,B
1268818,2021-06-18,B,2021-06-18,B
1268854,2019-08-20,B,2019-08-20,B
1268859,2018-07-09,B,2018-07-09,B
1268917,2019-10-25,B,2019-10-25,B
1268952,2019-08-20,B,2025-09-08,B
1269114,2019-08-20,B,2019-08-20,B
1269314,2018-11-10,B,2018-11-10,B
1269318,2018-06-22,B,2018-06-22,B
1269359,2019-10-25,B,2019-10-25,B
1269377,2018-07-15,B,2018-07-15,B
1269488,2019-08-18,B,2019-08-18,B
1269593,2018-07-09,B,2018-07-09,B
1269820,2018-07-05,B,2018-07-05,B
1269907,2018-11-11,B,2018-11-11,B
1269989,2018-07-09,B,2018-07-09,B
1270068,2018-07-09,B,2018-07-09,B
1270172,2019-10-19,B,2019-10-19,B
1270289,2018-07-01,B,2018-07-01,B
1270358,2018-11-10,B,2018-11-10,B
1270464,2018-07-09,B,2018-07-09,B
1270599,2019-08-20,B,2019-08-20,B
1270716,2019-09-09,B,2019-09-09,B
1270782,2019-12-29,B,2019-12-29,B
1271028,2020-02-03,B,2020-02-03,B
1271080,2018-11-11,B,2018-11-11,B
1271165,2021-06-21,B,2021-06-21,B
1271204,2018-11-10,B,2018-11-10,B
1271477,2019-12-29,B,2019-12-29,B
1271644,2019-08-10,B,2025-02-16,B
1271768,2018-07-09,B,2018-07-09,B
1272121,2020-03-02,B,2020-03-02,B
1272140,2020-05-05,B,2020-05-05,B
1272343,2019-10-25,B,2019-10-25,B
1272348,2019-10-25,B,2019-10-25,B
1272419,2018-07-10,B,2018-07-10,B
1272582,2018-06-21,B,2018-06-21,B
1272748,2021-06-18,B,2021-06-18,B
1272984,2018-07-09,B,2018-07-09,B
1273035,2019-08-20,B,2019-08-20,B
1273046,2018-11-10,B,2018-11-10,B
1273049,2018-07-09,B,2018-07-09,B
1273069,2018-11-11,B,2018-11-11,B
1273077,2018-11-11,B,2018-11-11,B
1273102,2020-12-20,B,2020-12-20,B
1273117,2019-12-29,B,2019-12-29,B
1273177,2018-07-09,B,2018-07-09,B
1273596,2021-06-18,B,2025-09-30,B
1273655,2018-07-05,B,2018-07-05,B
1273687,2019-08-20,B,2019-08-20,B
1273726,2018-11-11,B,2018-11-11,B
1273805,2020-03-02,B,2020-03-02,B
1273847,2018-07-09,B,2018-07-09,B
1273904,2018-11-10,B,2026-02-04,B
1274202,2021-05-10,B,2025-10-02,B
1274533,2018-11-11,B,2018-11-11,B
1274637,2019-11-29,B,2019-11-29,B
1274652,2018-11-11,B,2018-11-11,B
1274720,2019-11-06,B,2019-11-06,B
1274809,2021-06-18,B,2021-06-18,B
1274874,2018-07-09,B,2018-07-09,B
1274910,2018-07-10,B,2018-07-10,B
1274949,2019-11-29,B,2019-11-29,B
1274951,2019-11-13,B,2019-11-13,B
1275017,2019-08-10,B,2019-08-10,B
1275208,2018-07-10,B,2018-07-10,B
1275379,2019-10-21,B,2019-10-21,B
1275543,2018-06-22,B,2018-06-22,B
1275821,2015-06-15,VUS,2025-10-02,VUS
1275822,2014-06-27,VUS,2023-04-11,VUS
1276044,2021-06-18,B,2021-06-18,B
1276326,2021-05-10,B,2025-10-02,B
1276458,2019-01-02,B,2019-01-02,B
1276465,2019-08-10,B,2019-08-10,B
1276482,2021-06-18,B,2021-06-18,B
1276618,2020-05-05,B,2020-05-05,B
1276774,2018-07-09,B,2018-07-09,B
1276808,2018-11-11,B,2018-11-11,B
1276823,2021-06-18,B,2021-06-18,B
1277006,2018-07-10,B,2018-07-10,B
1277127,2018-07-09,B,2018-07-09,B
1277295,2018-06-22,B,2018-06-22,B
1277326,2018-07-09,B,2018-07-09,B
1277332,2018-04-16,B,2025-10-02,B
1277357,2018-07-09,B,2018-07-09,B
1277371,2018-11-10,B,2018-11-10,B
1277425,2019-08-18,B,2019-08-18,B
1277638,2020-05-10,B,2020-05-10,B
1277834,2018-11-11,B,2018-11-11,B
1277859,2018-11-11,B,2018-11-11,B
1277881,2019-08-20,B,2019-08-20,B
1277934,2019-08-20,B,2019-08-20,B
1278019,2018-11-11,B,2018-11-11,B
1278202,2018-07-09,B,2024-07-15,B
1278527,2018-07-09,B,2018-07-09,B
1278528,2018-07-09,B,2018-07-09,B
1278540,2018-06-21,B,2018-06-21,B
1278558,2019-08-20,B,2019-08-20,B
1278580,2021-03-30,B,2026-02-02,B
1278644,2018-11-10,B,2018-11-10,B
1278699,2018-06-24,B,2018-06-24,B
1278755,2021-06-20,B,2021-06-20,B
1278880,2018-11-11,B,2018-11-11,B
1278883,2018-11-11,B,2018-11-11,B
1279137,2020-01-12,B,2020-01-12,B
1279164,2019-08-21,B,2019-08-21,B
1279195,2019-08-13,B,2019-08-13,B
1279393,2018-07-09,B,2018-07-09,B
1279409,2019-08-13,B,2019-08-13,B
1279488,2021-05-25,B,2021-05-25,B
1279490,2018-11-10,B,2018-11-10,B
1279535,2021-06-21,B,2021-06-21,B
1279573,2018-07-14,B,2018-07-14,B
1279641,2018-07-09,B,2018-07-09,B
1279644,2021-06-18,B,2021-06-18,B
1279769,2021-02-18,B,2021-02-18,B
1279784,2018-07-06,B,2018-07-06,B
1279840,2019-08-20,B,2019-08-20,B
1279957,2018-11-11,B,2018-11-11,B
1280385,2018-07-09,B,2018-07-09,B
1280387,2019-08-20,B,2019-08-20,B
1280415,2021-02-23,B,2021-02-23,B
1280476,2019-10-02,B,2019-10-02,B
1280511,2018-07-09,B,2018-07-09,B
1280754,2021-05-10,B,2021-05-10,B
1280768,2018-11-10,B,2018-11-10,B
1280949,2021-05-22,B,2021-05-22,B
1280962,2021-06-18,B,2021-06-18,B
1281271,2019-08-24,B,2019-08-24,B
1281667,2018-07-09,B,2018-07-09,B
1281785,2021-06-18,B,2021-06-18,B
1281965,2021-06-21,B,2021-06-21,B
1282000,2018-07-09,B,2018-07-09,B
1282359,2020-07-26,B,2020-07-26,B
1282360,2019-08-20,B,2019-08-20,B
1282474,2021-06-18,B,2021-06-18,B
1282863,2018-07-09,B,2018-07-09,B
1282915,2021-06-18,B,2021-06-18,B
1283085,2018-11-11,B,2018-11-11,B
1283144,2019-08-20,B,2019-08-20,B
1283156,2019-12-25,B,2019-12-25,B
1283201,2021-06-19,B,2021-06-19,B
1283209,2019-08-10,B,2024-07-15,B
1283432,2019-08-20,B,2019-08-20,B
1283438,2018-07-09,B,2018-07-09,B
1283704,2020-03-25,B,2020-03-25,B
1283729,2021-05-22,B,2021-05-22,B
1284045,2018-11-11,B,2026-02-04,B
1284053,2019-08-20,B,2019-08-20,B
1284464,2025-10-02,VUS,2025-10-02,VUS
1284542,2022-03-04,B,2026-01-31,B
1284927,2025-12-29,LB,2025-12-29,LB
1284985,2025-01-24,LB,2025-01-24,LB
1285128,2018-07-04,B,2018-07-04,B
1285198,2023-06-14,B,2023-06-14,B
1285278,2018-11-11,B,2026-02-04,B
1285279,2020-01-12,B,2021-08-10,B
1285899,2019-08-20,B,2019-08-20,B
1286015,2019-08-20,B,2019-08-20,B
1286194,2019-08-13,B,2019-08-13,B
1286271,2018-11-10,B,2018-11-10,B
1286397,2019-08-20,B,2019-08-20,B
1286403,2018-07-14,B,2018-07-14,B
1286548,2018-07-09,B,2018-07-09,B
1286554,2019-08-20,B,2019-08-20,B
1286572,2021-06-18,B,2021-06-18,B
1286662,2020-03-26,B,2020-03-26,B
1286925,2018-07-31,B,2018-07-31,B
1287003,2018-07-09,B,2018-07-09,B
1287116,2018-07-09,B,2018-07-09,B
1287554,2018-11-10,B,2018-11-10,B
1287570,2019-08-20,B,2019-08-20,B
1287696,2019-08-20,B,2019-08-20,B
1287706,2018-07-14,B,2018-07-14,B
1287788,2018-07-09,B,2018-07-09,B
1288021,2018-07-06,B,2018-07-06,B
1288080,2018-07-09,B,2018-07-09,B
1288303,2021-05-10,B,2021-05-10,B
1288307,2018-07-09,B,2018-07-09,B
1288337,2019-10-25,B,2019-10-25,B
1288409,2019-11-19,B,2024-07-15,B
1288410,2019-12-24,B,2019-12-24,B
1288459,2021-06-18,B,2021-06-18,B
1288734,2019-08-20,B,2019-08-20,B
1288822,2021-06-18,B,2021-06-18,B
1288857,2019-08-20,B,2019-08-20,B
1289094,2019-08-20,B,2019-08-20,B
1289129,2018-07-10,B,2018-07-10,B
1289418,2018-07-09,B,2018-07-09,B
1289508,2018-11-11,B,2018-11-11,B
1289520,2018-07-05,B,2018-07-05,B
1289553,2018-11-10,B,2018-11-10,B
1289573,2021-05-10,B,2021-05-10,B
1289590,2019-08-20,B,2019-08-20,B
1289668,2018-11-10,B,2018-11-10,B
1289689,2021-06-18,B,2021-06-18,B
1289774,2019-08-20,B,2019-08-20,B
1289799,2021-06-18,B,2021-06-18,B
1289863,2020-05-04,B,2020-05-04,B
1290097,2018-07-09,B,2018-07-09,B
1290146,2021-06-18,B,2021-06-18,B
1290301,2019-11-19,B,2019-11-19,B
1290476,2020-01-06,B,2020-01-06,B
1290706,2018-07-09,B,2018-07-09,B
1290753,2021-05-10,B,2021-05-10,B
1291130,2018-07-09,B,2018-07-09,B
1291595,2019-08-20,B,2019-08-20,B
1291666,2019-10-25,B,2019-10-25,B
1291681,2019-08-20,B,2019-08-20,B
1291869,2021-06-19,B,2021-06-19,B
1291915,2018-06-22,B,2018-06-22,B
1293719,2018-07-05,B,2018-07-05,B
1293764,2018-07-09,B,2018-07-09,B
1293768,2018-07-09,B,2018-07-09,B
1293775,2018-07-09,B,2018-07-09,B
1293777,2018-07-09,B,2018-07-09,B
1293778,2019-08-10,B,2019-08-10,B
1293788,2018-07-09,B,2018-07-09,B
1293843,2019-08-18,B,2019-08-18,B
1293845,2018-07-09,B,2018-07-09,B
1293846,2018-07-09,B,2018-07-09,B
1293868,2018-07-15,B,2018-07-15,B
1293869,2018-07-10,B,2018-07-10,B
1293895,2018-07-05,B,2018-07-05,B
1293915,2018-07-09,B,2018-07-09,B
1293916,2018-07-06,B,2018-07-06,B
1293924,2018-07-10,B,2018-07-10,B
1293997,2018-10-19,B,2018-10-19,B
1293998,2018-07-06,B,2018-07-06,B
1294038,2018-11-11,B,2018-11-11,B
1294039,2018-11-11,B,2018-11-11,B
1294041,2019-08-20,B,2019-08-20,B
1294044,2018-11-11,B,2018-11-11,B
1294047,2018-11-11,B,2018-11-11,B
1294058,2018-11-11,B,2026-02-02,B
1294065,2019-11-20,B,2019-11-20,B
1294546,2020-01-28,B,2020-01-28,B
1295051,2021-06-18,B,2025-09-30,B
1295074,2021-06-18,B,2021-06-18,B
1295118,2021-06-20,B,2021-06-20,B
1295140,2021-06-20,B,2021-06-20,B
1295159,2021-06-21,B,2021-06-21,B
1296271,2018-10-19,B,2018-10-19,B
1296727,2018-10-19,B,2018-10-19,B
1297526,2026-01-18,LB,2026-01-18,LB
1297658,2025-06-12,VUS,2025-06-12,VUS
1297828,2018-11-11,B,2018-11-11,B
1297889,2018-11-11,B,2018-11-11,B
1298377,2021-03-25,LP,2025-09-11,LP
1298378,2021-03-31,P,2021-03-31,P
1298853,2021-09-01,VUS,2021-09-01,VUS
1298854,2021-09-01,VUS,2024-11-21,VUS
1299479,2021-06-24,VUS,2025-07-06,VUS
1299530,2021-08-10,LP,2021-08-10,LP
1299555,2021-08-10,P,2021-08-10,P
1299598,2021-10-06,VUS,2021-10-06,VUS
1299615,2021-01-26,VUS,2025-12-01,VUS
1299624,2021-10-06,VUS,2021-10-06,VUS
1299800,2025-11-04,VUS,2025-11-04,VUS
1299812,2021-08-22,LB,2026-01-12,LB
1299838,2022-01-01,VUS,2025-08-06,VUS
1299968,2024-06-14,VUS,2026-01-11,VUS
1300189,2021-10-21,P,2022-09-27,P
1300942,2021-04-15,LB,2021-04-15,LB
1301020,2019-08-05,P,2023-01-28,P
1301396,2021-09-17,VUS,2021-09-17,VUS
1301627,2020-01-08,B,2020-01-08,B
1302394,2020-12-31,VUS,2020-12-31,VUS
1302444,2021-10-27,B,2021-10-27,B
1302503,2020-12-31,VUS,2020-12-31,VUS
1302822,2021-07-23,B,2021-07-23,B
1303210,2019-08-07,VUS,2025-09-26,VUS
1303615,2019-04-25,VUS,2023-04-11,VUS
1303767,2022-04-01,VUS,2022-04-01,VUS
1303826,2019-05-24,VUS,2025-01-04,VUS
1303901,2021-12-09,VUS,2022-02-09,VUS
1304000,2021-05-06,VUS,2025-09-01,VUS
1304153,2019-06-20,VUS,2019-06-20,VUS
1304280,2020-06-30,VUS,2025-10-29,VUS
1304484,2019-02-11,VUS,2021-07-07,VUS
1304500,2019-01-29,VUS,2025-07-23,VUS
1304629,2019-06-12,VUS,2019-06-12,VUS
1304975,2019-02-05,VUS,2019-02-05,VUS
1305069,2019-04-09,VUS,2019-04-09,VUS
1305184,2019-04-17,VUS,2019-04-17,VUS
1305207,2019-07-10,VUS,2019-07-10,VUS
1305208,2019-04-22,VUS,2024-01-12,VUS
1305464,2019-05-06,VUS,2019-05-06,VUS
1305725,2019-05-10,VUS,2025-04-01,VUS
1305780,2020-02-19,VUS,2022-02-09,VUS
1305936,2019-05-24,VUS,2022-02-09,VUS
1305937,2019-05-24,VUS,2019-05-24,VUS
1305968,2019-05-30,VUS,2019-05-30,VUS
1306182,2020-02-13,VUS,2026-01-22,VUS
1306891,2019-07-30,VUS,2024-02-06,VUS
1307039,2019-07-18,VUS,2020-09-25,VUS
1307101,2019-07-16,VUS,2019-07-16,VUS
1307116,2019-07-09,VUS,2019-07-09,VUS
1307117,2026-01-13,VUS,2026-01-13,VUS
1307158,2019-07-25,VUS,2019-07-25,VUS
1307359,2019-07-23,VUS,2019-07-23,VUS
1307444,2019-08-01,VUS,2025-01-27,VUS
1308154,2020-03-17,VUS,2020-03-17,VUS
1308182,2019-08-28,VUS,2025-09-02,VUS
1308249,2020-09-11,VUS,2025-06-04,VUS
1308261,2019-03-27,VUS,2019-03-27,VUS
1308284,2020-08-24,VUS,2020-08-24,VUS
1308460,2019-04-01,VUS,2022-05-23,VUS
1308634,2021-10-18,LP,2024-01-12,LP
1308737,2019-10-02,VUS,2019-10-02,VUS
1309537,2019-10-22,VUS,2024-03-27,VUS
1310107,2021-10-22,VUS,2024-06-03,VUS
1310155,2019-11-14,VUS,2019-11-14,VUS
1310220,2019-11-11,VUS,2022-03-02,VUS
1310278,2023-01-24,VUS,2026-03-12,VUS
1310853,2019-11-30,VUS,2023-04-20,VUS
1311002,2019-12-17,VUS,2019-12-17,VUS
1311035,2019-09-06,VUS,2025-08-21,VUS
1311296,2019-09-10,VUS,2019-09-10,VUS
1311314,2019-12-23,VUS,2019-12-23,VUS
1311595,2019-12-24,VUS,2019-12-24,VUS
1312101,2019-09-17,VUS,2024-07-02,VUS
1312343,2019-10-01,VUS,2019-10-01,VUS
1312459,2019-09-26,VUS,2025-12-23,VUS
1312535,2020-01-16,VUS,2020-01-16,VUS
1312587,2021-02-01,VUS,2024-05-21,VUS
1312602,2020-04-03,VUS,2020-04-03,VUS
1312852,2025-01-06,VUS,2025-05-29,VUS
1313070,2020-01-21,VUS,2020-01-21,VUS
1313175,2020-09-03,VUS,2020-09-03,VUS
1313392,2023-01-10,VUS,2023-01-10,VUS
1313406,2020-10-28,VUS,2020-10-28,VUS
1313820,2021-01-05,VUS,2025-03-31,VUS
1314287,2021-04-05,VUS,2024-05-23,VUS
1314343,2020-02-04,VUS,2023-03-06,VUS
1314401,2021-04-14,VUS,2021-04-14,VUS
1314471,2022-03-04,VUS,2024-07-07,VUS
1314522,2022-06-29,VUS,2025-08-24,VUS
1314534,2025-08-29,VUS,2025-08-29,VUS
1314715,2021-04-08,VUS,2021-04-08,VUS
1314902,2023-06-16,VUS,2025-06-03,VUS
1314962,2020-10-17,LB,2020-10-17,LB
1315204,2020-02-27,VUS,2020-02-27,VUS
1316151,2018-10-17,LB,2018-10-17,LB
1316327,2021-04-28,LB,2025-11-25,LB
1316440,2019-10-06,LB,2019-10-06,LB
1316531,2019-03-08,LB,2022-07-25,LB
1317057,2019-06-27,LB,2019-06-27,LB
1317107,2020-03-17,LB,2020-03-17,LB
1317185,2020-02-23,LB,2024-03-04,LB
1317242,2021-03-18,LB,2021-03-18,LB
1317273,2020-03-26,LB,2024-03-15,LB
1317277,2020-06-29,LB,2020-06-29,LB
1317393,2020-11-12,LB,2022-10-29,LB
1317502,2019-02-04,LB,2019-02-04,LB
1317521,2020-11-05,LB,2020-11-05,LB
1317607,2020-10-06,LB,2020-10-06,LB
1317626,2018-07-05,LB,2018-07-05,LB
1317683,2018-12-31,LB,2018-12-31,LB
1317729,2019-12-24,LB,2019-12-24,LB
1317737,2018-07-15,LB,2018-07-15,LB
1317822,2020-09-17,LB,2024-12-18,LB
1317966,2019-12-24,LB,2025-09-05,LB
1317983,2019-08-10,LB,2019-08-10,LB
1318028,2018-07-05,LB,2018-07-05,LB
1318059,2020-05-18,LB,2020-05-18,LB
1318141,2019-04-20,LB,2019-04-20,LB
1318152,2020-09-03,LB,2025-12-14,LB
1318154,2018-07-05,LB,2018-07-05,LB
1318225,2019-04-04,LB,2019-04-04,LB
1318264,2020-02-23,LB,2020-02-23,LB
1318303,2019-02-04,LB,2019-02-04,LB
1318345,2020-07-14,LB,2023-12-27,LB
1318402,2018-07-10,LB,2018-07-10,LB
1319495,2021-10-18,VUS,2024-02-14,VUS
1320550,2018-07-14,LB,2018-07-14,LB
1320567,2018-09-13,LB,2023-04-13,LB
1320585,2019-03-09,LB,2019-03-09,LB
1322067,2019-07-18,P,2019-07-18,P
1322068,2020-12-04,P,2020-12-04,P
1322134,2019-12-30,P,2019-12-30,P
1322135,2021-03-24,P,2021-09-24,P
1324063,2020-07-28,LP,2020-07-28,LP
1324119,2021-07-28,LP,2026-01-26,LP
1324120,2020-11-14,LP,2020-11-14,LP
1324121,2021-06-01,LP,2021-06-01,LP
1324122,2021-10-18,LP,2021-10-18,LP
1324124,2019-12-19,LP,2023-03-08,LP
1325946,2021-05-19,LB,2026-01-05,LB
1327385,2021-06-04,VUS,2021-06-04,VUS
1327788,2021-06-08,VUS,2022-10-25,VUS
1328468,2021-07-13,LP,2021-07-13,LP
1328471,2021-02-03,P,2021-02-03,P
1328473,2021-04-15,LP,2021-04-15,LP
1328475,2020-11-13,LP,2020-11-13,LP
1328628,2021-02-07,LB,2021-02-07,LB
1328650,2020-12-26,LB,2020-12-26,LB
1329622,2021-06-24,VUS,2022-04-12,VUS
1330265,2021-08-02,LP,2021-08-02,LP
1330806,2021-09-26,VUS,2022-09-06,VUS
1331375,2021-12-09,VUS,2021-12-09,VUS
1333214,2025-10-15,LP,2025-10-15,LP
1333397,2022-01-03,LP,2022-01-03,LP
1333468,2022-01-03,LP,2022-01-03,LP
1333481,2022-01-03,VUS,2025-01-23,VUS
1333485,2022-01-03,LP,2026-01-23,LP
1333642,2022-01-03,LP,2022-01-03,LP
1333646,2024-03-14,P,2026-01-24,P
1333704,2022-01-03,P,2022-01-03,P
1334034,2021-04-09,VUS,2021-04-09,VUS
1334092,2019-10-11,VUS,2019-10-11,VUS
1334093,2019-05-25,VUS,2022-02-05,VUS
1334515,2021-07-12,VUS,2026-01-14,VUS
1334534,2021-08-13,LP,2021-08-13,LP
1335321,2021-10-01,LB,2024-09-17,LB
1336269,2017-09-20,LB,2024-06-04,LB
1336494,2018-01-29,LB,2025-08-24,LB
1336788,2018-08-03,VUS,2025-04-01,VUS
1336789,2018-08-03,VUS,2018-08-03,VUS
1337032,2019-02-19,LB,2019-02-19,LB
1337339,2019-02-22,LB,2026-01-29,LB
1337632,2020-04-21,VUS,2024-07-23,VUS
1338097,2021-10-01,LB,2026-01-18,LB
1338220,2017-07-18,VUS,2024-05-02,VUS
1339606,2024-02-14,VUS,2025-08-14,VUS
1339904,2024-02-16,LB,2024-02-16,LB
1340288,2021-04-01,P,2021-04-01,P
1341892,2020-06-04,VUS,2020-06-04,VUS
1341995,2022-02-21,LP,2022-02-21,LP
1341996,2022-02-21,VUS,2023-04-18,VUS
1341997,2022-02-21,VUS,2022-02-21,VUS
1341999,2022-02-21,VUS,2025-03-28,VUS
1342000,2022-02-21,VUS,2025-01-29,VUS
1342002,2022-02-21,VUS,2022-02-21,VUS
1342003,2022-02-21,VUS,2022-02-21,VUS
1342005,2022-02-21,LP,2022-02-21,LP
1342006,2022-02-21,P,2025-05-30,P
1342007,2022-02-21,LP,2022-02-21,LP
1342008,2022-02-21,VUS,2022-03-19,VUS
1342009,2022-02-21,P,2022-02-21,P
1342010,2022-02-21,P,2022-02-21,P
1342011,2022-02-21,VUS,2022-02-21,VUS
1342013,2022-02-21,P,2022-02-21,P
1342014,2022-02-21,LP,2022-02-21,LP
1342015,2022-02-21,VUS,2022-02-21,VUS
1342763,2021-08-27,LB,2021-08-27,LB
1342865,2021-12-01,LP,2021-12-01,LP
1342910,2022-03-01,VUS,2022-03-01,VUS
1343345,2021-12-09,P,2025-10-02,P
1343348,2021-08-04,LP,2025-10-02,LP
1343352,2021-09-28,LP,2024-05-18,LP
1343354,2021-08-24,LP,2024-11-08,LP
1343356,2021-05-13,LP,2021-05-13,LP
1343362,2018-12-20,P,2025-10-02,P
1343773,2022-02-19,VUS,2022-02-19,VUS
1343777,2022-02-19,VUS,2025-05-29,VUS
1344647,2019-01-17,P,2021-11-10,P
1344657,2019-02-14,LP,2019-02-14,LP
1344659,2019-02-14,P,2023-10-03,P
1344700,2019-09-11,P,2019-09-11,P
1344701,2019-09-11,P,2019-09-11,P
1344702,2019-09-11,P,2019-09-11,P
1344882,2017-11-10,LP,2017-11-10,LP
1345420,2021-09-11,VUS,2021-09-11,VUS
1345422,2021-09-11,VUS,2021-09-11,VUS
1345571,2023-01-31,VUS,2023-01-31,VUS
1345684,2022-02-10,VUS,2022-02-10,VUS
1345792,2021-04-16,VUS,2021-04-16,VUS
1346093,2024-11-19,VUS,2025-06-12,VUS
1346241,2022-08-16,VUS,2025-04-06,VUS
1346407,2023-01-30,VUS,2023-01-30,VUS
1346457,2025-08-06,VUS,2025-08-06,VUS
1346589,2021-01-15,LP,2021-01-15,LP
1346769,2021-02-22,LP,2021-02-22,LP
1346943,2021-08-04,LP,2021-08-04,LP
1347197,2024-08-14,LP,2024-08-14,LP
1347378,2021-05-31,LP,2024-04-12,LP
1347655,2021-12-25,VUS,2025-04-10,VUS
1347692,2022-02-01,VUS,2025-03-31,VUS
1347811,2024-10-14,VUS,2024-10-14,VUS
1348319,2021-08-30,VUS,2021-08-30,VUS
1348515,2021-06-05,LP,2021-06-05,LP
1348619,2022-04-14,VUS,2025-11-03,VUS
1349170,2023-07-17,VUS,2023-07-17,VUS
1349410,2021-12-26,VUS,2025-10-02,VUS
1349544,2022-04-05,VUS,2025-12-17,VUS
1349640,2021-04-28,VUS,2021-04-28,VUS
1350015,2021-11-06,VUS,2021-11-06,VUS
1350377,2021-01-16,P,2024-10-09,P
1350781,2021-11-11,VUS,2024-07-15,VUS
1350803,2021-02-25,P,2021-02-25,P
1351454,2022-02-10,VUS,2022-02-10,VUS
1351595,2022-06-28,VUS,2022-06-28,VUS
1352142,2024-01-19,VUS,2025-05-06,VUS
1352580,2022-07-05,VUS,2022-07-05,VUS
1352659,2024-04-19,VUS,2025-08-19,VUS
1353236,2021-03-24,VUS,2021-03-24,VUS
1353648,2022-07-19,VUS,2022-07-19,VUS
1353996,2021-12-01,P,2021-12-01,P
1354283,2024-02-20,VUS,2025-08-29,VUS
1354377,2021-04-28,VUS,2021-04-28,VUS
1354737,2021-05-18,VUS,2021-05-18,VUS
1355163,2023-08-04,VUS,2023-08-04,VUS
1355349,2023-04-11,VUS,2026-01-27,VUS
1355483,2021-05-20,VUS,2021-05-20,VUS
1355886,2021-05-21,VUS,2023-04-11,VUS
1356070,2024-10-29,VUS,2024-10-29,VUS
1356334,2023-03-06,VUS,2025-10-02,VUS
1356715,2020-12-24,P,2020-12-24,P
1356990,2021-05-28,VUS,2021-05-28,VUS
1357047,2024-04-25,VUS,2024-04-25,VUS
1357187,2021-02-23,P,2021-02-23,P
1357702,2022-05-24,VUS,2025-09-17,VUS
1357802,2024-07-01,VUS,2024-07-01,VUS
1357875,2022-06-13,VUS,2022-06-13,VUS
1358246,2024-03-07,VUS,2025-05-22,VUS
1358553,2021-03-25,P,2021-03-25,P
1358876,2023-04-11,VUS,2025-10-02,VUS
1358882,2023-02-05,VUS,2025-10-02,VUS
1359466,2024-03-06,VUS,2025-11-16,VUS
1359550,2024-02-24,LB,2024-02-24,LB
1359697,2021-09-02,VUS,2021-09-02,VUS
1359803,2025-11-23,P,2025-11-23,P
1359823,2022-08-23,VUS,2022-08-23,VUS
1361072,2021-06-28,VUS,2021-06-28,VUS
1361265,2026-01-14,VUS,2026-01-14,VUS
1361294,2021-12-13,VUS,2021-12-13,VUS
1361354,2021-04-18,VUS,2021-04-18,VUS
1361547,2021-06-16,VUS,2021-06-16,VUS
1361608,2023-08-04,VUS,2023-08-04,VUS
1361826,2022-05-26,VUS,2022-09-07,VUS
1361870,2022-09-19,VUS,2022-09-19,VUS
1362049,2021-04-11,P,2021-04-11,P
1362138,2020-05-01,VUS,2026-01-20,VUS
1362333,2024-02-07,VUS,2025-10-21,VUS
1362671,2023-06-19,VUS,2026-01-30,VUS
1363307,2022-03-29,VUS,2023-08-17,VUS
1363411,2025-01-06,VUS,2025-01-06,VUS
1363497,2025-06-03,VUS,2025-06-03,VUS
1363787,2025-06-12,VUS,2025-06-12,VUS
1364285,2023-04-11,VUS,2026-02-01,VUS
1364337,2022-03-02,VUS,2022-03-02,VUS
1364561,2022-03-21,VUS,2024-07-17,VUS
1364965,2021-09-16,P,2021-09-16,P
1365588,2021-08-11,VUS,2021-08-11,VUS
1365884,2021-08-11,VUS,2021-08-11,VUS
1365901,2021-11-17,VUS,2025-09-03,VUS
1365997,2021-07-28,P,2021-07-28,P
1366411,2021-03-08,VUS,2025-08-03,VUS
1366459,2024-02-24,VUS,2024-02-24,VUS
1366610,2024-05-23,VUS,2025-06-05,VUS
1366631,2021-08-06,P,2021-08-06,P
1366808,2021-11-12,VUS,2024-03-11,VUS
1367334,2023-12-30,LB,2023-12-30,LB
1367390,2021-07-14,VUS,2021-07-14,VUS
1367661,2021-11-18,VUS,2025-09-03,VUS
1367879,2021-07-07,VUS,2021-12-09,VUS
1368212,2024-01-09,VUS,2025-09-01,VUS
1368400,2025-02-02,VUS,2025-02-02,VUS
1368582,2021-10-26,VUS,2023-07-17,VUS
1368911,2022-09-19,VUS,2022-09-19,VUS
1369330,2022-09-13,VUS,2023-10-19,VUS
1369716,2024-04-17,VUS,2025-12-16,VUS
1369920,2022-11-11,VUS,2022-11-11,VUS
1369933,2025-03-04,VUS,2025-03-04,VUS
1369987,2024-11-04,VUS,2024-11-04,VUS
1370176,2022-01-14,VUS,2022-01-14,VUS
1371008,2020-10-27,P,2020-10-27,P
1371010,2025-12-15,VUS,2025-12-15,VUS
1371221,2024-07-29,P,2024-07-29,P
1371316,2022-06-27,VUS,2022-06-27,VUS
1371361,2023-01-06,VUS,2025-05-16,VUS
1371769,2022-07-12,LB,2022-07-12,LB
1372042,2022-01-07,P,2024-02-28,P
1372077,2023-11-13,VUS,2023-11-13,VUS
1372085,2021-08-12,VUS,2021-08-12,VUS
1372431,2022-07-19,VUS,2022-07-19,VUS
1372591,2022-05-14,VUS,2023-09-04,VUS
1372649,2022-04-05,VUS,2025-02-10,VUS
1372748,2022-08-22,VUS,2025-09-30,VUS
1373068,2023-06-07,VUS,2023-06-07,VUS
1373293,2024-01-22,VUS,2024-01-22,VUS
1373429,2021-03-08,P,2021-03-08,P
1374408,2023-07-08,P,2025-04-23,P
1374552,2025-06-12,P,2025-06-12,P
1374567,2022-07-12,VUS,2022-07-12,VUS
1374637,2025-06-12,VUS,2025-06-12,VUS
1374863,2025-08-21,VUS,2025-08-21,VUS
1374983,2022-07-05,VUS,2022-07-05,VUS
1375291,2025-12-21,VUS,2025-12-21,VUS
1375439,2021-01-07,VUS,2024-04-12,VUS
1375749,2021-05-25,P,2024-05-10,P
1376121,2021-10-01,LB,2025-11-03,LB
1376555,2021-08-04,P,2021-08-04,P
1376749,2025-12-06,VUS,2025-12-06,VUS
1377027,2022-04-18,P,2022-04-18,P
1377734,2023-06-14,VUS,2024-05-22,VUS
1377866,2021-08-27,VUS,2021-08-27,VUS
1378018,2021-08-20,VUS,2021-08-20,VUS
1378030,2021-07-26,P,2021-07-26,P
1378128,2024-01-02,VUS,2024-01-02,VUS
1378200,2024-04-15,VUS,2024-10-28,VUS
1378655,2021-08-30,VUS,2021-08-30,VUS
1378664,2022-07-19,VUS,2022-07-19,VUS
1379012,2019-12-01,VUS,2025-09-26,VUS
1379110,2023-12-11,LB,2023-12-11,LB
1379506,2024-07-23,VUS,2024-07-23,VUS
1379947,2021-11-12,VUS,2021-11-12,VUS
1380033,2025-06-06,VUS,2025-12-22,VUS
1380220,2024-10-24,VUS,2024-10-24,VUS
1380421,2022-05-14,VUS,2022-09-01,VUS
1380704,2022-12-30,VUS,2022-12-30,VUS
1380765,2021-11-16,VUS,2021-11-16,VUS
1381088,2025-10-02,VUS,2026-01-04,VUS
1381122,2023-06-06,VUS,2025-11-25,VUS
1381215,2023-08-25,VUS,2023-08-25,VUS
1381503,2025-09-23,VUS,2025-09-23,VUS
1381802,2025-01-10,VUS,2025-01-10,VUS
1382165,2022-07-12,VUS,2022-07-12,VUS
1382507,2021-12-12,P,2021-12-12,P
1382864,2025-09-10,P,2025-09-10,P
1382920,2021-11-18,VUS,2021-11-18,VUS
1382948,2021-12-06,VUS,2021-12-06,VUS
1383082,2023-11-27,VUS,2023-11-27,VUS
1383188,2024-02-20,VUS,2024-02-20,VUS
1383326,2021-09-01,VUS,2024-03-04,VUS
1383462,2025-12-01,VUS,2025-12-01,VUS
1383607,2023-10-22,VUS,2025-10-02,VUS
1383807,2022-07-12,VUS,2025-02-16,VUS
1384528,2022-04-12,P,2022-04-12,P
1385043,2022-08-09,VUS,2022-08-09,VUS
1385275,2021-04-06,VUS,2021-04-06,VUS
1385598,2024-02-23,VUS,2024-02-23,VUS
1385626,2024-11-06,P,2024-11-06,P
1385706,2023-06-29,VUS,2025-12-13,VUS
1385781,2021-05-27,VUS,2021-05-27,VUS
1385943,2024-02-03,P,2025-10-31,P
1386229,2024-05-25,VUS,2025-04-21,VUS
1386363,2021-09-01,VUS,2021-09-01,VUS
1386402,2021-07-30,VUS,2024-10-24,VUS
1386713,2021-08-28,P,2021-08-28,P
1387146,2024-10-16,VUS,2024-10-16,VUS
1387419,2022-06-04,VUS,2022-06-04,VUS
1387643,2024-05-27,VUS,2025-07-28,VUS
1388073,2021-10-10,VUS,2022-05-16,VUS
1388207,2025-07-13,VUS,2025-08-27,VUS
1388280,2025-06-12,P,2025-06-12,P
1388423,2023-01-01,VUS,2025-10-02,VUS
1388571,2021-02-18,LB,2021-02-18,LB
1388687,2021-09-17,VUS,2025-06-22,VUS
1388745,2022-05-26,VUS,2025-12-01,VUS
1389189,2021-06-28,P,2021-06-28,P
1389971,2025-11-23,LB,2025-11-23,LB
1390370,2025-11-05,VUS,2025-11-05,VUS
1390925,2022-09-10,VUS,2024-02-08,VUS
1391400,2022-09-21,P,2022-09-21,P
1391411,2021-08-31,P,2021-08-31,P
1391700,2021-04-23,P,2021-04-23,P
1391710,2021-02-19,P,2021-02-19,P
1391718,2021-11-06,VUS,2021-11-06,VUS
1391780,2022-02-11,VUS,2022-02-11,VUS
1392439,2025-03-18,P,2025-03-18,P
1392547,2025-09-15,VUS,2025-09-15,VUS
1392961,2021-05-29,P,2021-05-29,P
1393028,2022-03-25,VUS,2025-08-19,VUS
1393164,2023-06-29,VUS,2025-12-27,VUS
1393321,2024-10-09,VUS,2024-10-09,VUS
1393808,2021-11-18,VUS,2021-11-18,VUS
1394428,2023-12-21,VUS,2025-05-08,VUS
1394647,2025-06-12,VUS,2025-06-12,VUS
1395099,2025-08-21,LP,2025-08-21,LP
1395396,2021-11-27,VUS,2021-11-27,VUS
1395997,2025-02-28,VUS,2025-09-15,VUS
1396226,2023-10-13,VUS,2025-04-24,VUS
1396239,2025-12-11,VUS,2025-12-11,VUS
1397127,2021-11-27,VUS,2025-10-20,VUS
1397227,2022-07-06,VUS,2022-07-06,VUS
1398022,2024-01-19,VUS,2025-05-15,VUS
1398045,2021-06-18,VUS,2021-06-18,VUS
1398074,2023-03-17,VUS,2025-12-02,VUS
1398570,2022-09-19,VUS,2022-09-19,VUS
1398643,2023-04-11,VUS,2026-01-26,VUS
1399009,2020-11-26,P,2020-11-26,P
1399204,2023-04-11,VUS,2025-10-02,VUS
1399205,2021-08-31,VUS,2025-11-28,VUS
1399503,2021-09-13,P,2021-09-13,P
1399932,2024-02-24,VUS,2024-02-24,VUS
1400565,2021-04-23,P,2025-07-11,P
1401434,2023-11-28,VUS,2023-11-28,VUS
1401717,2025-10-13,VUS,2025-10-13,VUS
1401840,2024-01-24,VUS,2024-12-02,VUS
1401853,2022-03-09,VUS,2022-03-09,VUS
1401996,2021-11-16,P,2021-11-16,P
1402223,2021-09-24,VUS,2024-04-19,VUS
1402303,2022-11-04,VUS,2025-04-23,VUS
1403151,2021-12-29,VUS,2025-10-02,VUS
1403152,2022-05-19,VUS,2025-10-02,VUS
1403260,2022-11-29,VUS,2022-11-29,VUS
1403457,2024-01-29,VUS,2025-04-13,VUS
1403534,2026-01-11,VUS,2026-01-11,VUS
1403637,2021-07-02,VUS,2021-07-02,VUS
1404025,2021-04-21,P,2021-04-21,P
1404305,2022-01-27,VUS,2025-12-17,VUS
1404667,2024-04-01,VUS,2025-09-26,VUS
1404904,2021-09-29,P,2021-09-29,P
1404943,2023-11-27,VUS,2023-11-27,VUS
1405021,2021-06-04,VUS,2026-01-01,VUS
1405086,2021-04-26,VUS,2025-06-02,VUS
1405422,2020-11-14,P,2020-11-14,P
1405842,2022-10-03,LB,2022-10-03,LB
1405877,2021-10-18,VUS,2024-08-12,VUS
1406203,2025-01-02,LB,2025-01-02,LB
1406307,2024-10-22,VUS,2024-10-22,VUS
1406335,2023-03-13,P,2023-03-13,P
1406543,2022-05-12,VUS,2025-10-23,VUS
1406637,2024-06-20,VUS,2025-09-24,VUS
1406898,2022-03-04,VUS,2025-03-17,VUS
1407693,2024-02-11,P,2024-02-11,P
1407978,2024-12-11,VUS,2025-11-03,VUS
1408012,2024-08-30,LB,2024-08-30,LB
1408199,2021-11-14,VUS,2021-11-14,VUS
1408529,2021-08-29,P,2021-08-29,P
1408539,2021-09-04,VUS,2021-09-04,VUS
1408898,2021-12-07,VUS,2023-09-26,VUS
1408974,2021-08-12,VUS,2021-08-12,VUS
1408978,2021-08-31,VUS,2021-08-31,VUS
1408983,2021-04-24,VUS,2021-04-24,VUS
1409581,2023-06-22,VUS,2023-06-22,VUS
1409891,2021-03-25,VUS,2021-03-25,VUS
1409956,2025-07-21,VUS,2025-07-21,VUS
1410791,2022-01-27,VUS,2022-09-01,VUS
1411672,2022-04-19,VUS,2025-04-27,VUS
1411681,2021-09-01,VUS,2021-09-01,VUS
1412124,2023-09-11,P,2023-09-11,P
1412345,2025-06-04,LB,2025-06-04,LB
1412393,2024-01-14,VUS,2024-12-16,VUS
1412850,2021-03-04,P,2021-03-04,P
1413155,2022-02-08,VUS,2025-10-02,VUS
1413318,2021-03-08,VUS,2026-01-14,VUS
1413421,2025-10-02,VUS,2026-02-01,VUS
1414085,2021-07-22,VUS,2025-12-02,VUS
1414890,2024-12-17,VUS,2025-06-12,VUS
1415199,2022-05-29,VUS,2022-05-29,VUS
1415337,2021-11-24,VUS,2025-10-02,VUS
1415528,2024-02-10,LB,2024-02-10,LB
1415865,2024-03-19,VUS,2026-01-13,VUS
1416157,2022-07-06,VUS,2022-07-06,VUS
1416280,2026-01-17,VUS,2026-01-17,VUS
1416545,2020-03-16,VUS,2026-01-27,VUS
1416594,2021-01-17,P,2021-01-17,P
1417149,2025-07-29,VUS,2025-07-29,VUS
1417252,2023-11-28,VUS,2023-11-28,VUS
1417271,2024-05-17,VUS,2025-04-07,VUS
1417784,2022-09-06,VUS,2022-09-06,VUS
1418382,2025-06-23,VUS,2025-10-02,VUS
1418783,2022-01-18,VUS,2025-01-01,VUS
1419003,2021-05-04,P,2021-05-04,P
1419643,2024-10-24,VUS,2024-10-24,VUS
1419723,2026-01-29,VUS,2026-01-29,VUS
1419844,2021-05-31,VUS,2021-05-31,VUS
1420010,2020-03-10,VUS,2024-02-23,VUS
1420215,2021-10-11,VUS,2021-10-11,VUS
1420366,2021-04-09,VUS,2021-04-09,VUS
1420497,2025-10-02,VUS,2025-10-11,VUS
1420711,2022-11-22,VUS,2022-11-22,VUS
1420807,2021-02-08,P,2021-02-08,P
1420870,2021-06-18,P,2021-06-18,P
1421447,2021-09-30,VUS,2024-12-13,VUS
1421831,2023-03-14,VUS,2023-03-14,VUS
1422464,2021-09-16,VUS,2021-09-16,VUS
1422502,2021-11-06,P,2021-11-06,P
1422936,2021-07-18,VUS,2021-07-18,VUS
1423628,2021-08-27,VUS,2024-03-13,VUS
1423996,2022-09-26,P,2022-09-26,P
1424204,2021-08-18,P,2022-06-27,P
1424339,2020-11-18,VUS,2020-11-18,VUS
1424412,2023-12-15,VUS,2024-12-02,VUS
1424447,2022-01-19,LP,2023-01-30,LP
1424708,2021-10-01,P,2021-10-01,P
1425614,2022-11-10,VUS,2024-10-10,VUS
1425957,2023-08-04,VUS,2023-08-04,VUS
1426386,2020-12-17,VUS,2020-12-17,VUS
1427294,2021-01-06,VUS,2021-01-06,VUS
1427409,2025-05-06,VUS,2025-05-06,VUS
1427601,2022-06-27,VUS,2022-06-27,VUS
1428093,2021-08-12,P,2021-08-12,P
1428735,2022-03-19,LB,2022-03-19,LB
1428739,2022-09-14,P,2022-09-14,P
1428941,2023-06-06,VUS,2025-07-14,VUS
1429511,2021-06-24,P,2021-06-24,P
1429714,2024-05-23,LB,2024-05-23,LB
1429966,2022-02-05,VUS,2024-05-27,VUS
1430836,2023-12-11,VUS,2023-12-11,VUS
1430842,2022-02-24,VUS,2026-01-14,VUS
1431085,2020-12-21,VUS,2020-12-21,VUS
1431161,2024-05-06,LB,2024-07-01,LB
1431503,2023-02-14,VUS,2025-10-23,VUS
1431614,2025-09-26,VUS,2026-01-12,VUS
1431968,2025-12-08,VUS,2025-12-08,VUS
1432123,2025-06-12,VUS,2025-06-12,VUS
1432363,2021-01-27,VUS,2022-02-21,VUS
1432505,2021-10-17,VUS,2021-10-17,VUS
1433077,2021-07-19,VUS,2022-03-03,VUS
1433256,2022-03-16,VUS,2025-11-23,VUS
1433810,2025-01-06,VUS,2025-05-02,VUS
1434098,2021-08-25,P,2021-08-25,P
1434211,2024-05-06,VUS,2025-01-13,VUS
1434748,2025-08-09,VUS,2025-08-09,VUS
1434827,2021-11-02,P,2021-11-02,P
1434982,2024-10-14,VUS,2024-10-14,VUS
1435093,2021-11-02,P,2021-11-02,P
1435199,2022-02-10,VUS,2022-02-10,VUS
1435642,2021-05-19,VUS,2021-08-02,VUS
1435665,2023-01-12,VUS,2026-01-14,VUS
1436027,2021-09-09,P,2021-09-09,P
1436656,2021-12-15,VUS,2021-12-15,VUS
1436923,2025-11-19,LB,2025-11-19,LB
1437089,2021-12-23,VUS,2022-02-16,VUS
1437171,2021-05-05,VUS,2021-05-05,VUS
1437941,2020-11-23,VUS,2020-11-23,VUS
1438045,2021-08-04,P,2021-08-04,P
1438338,2024-02-12,P,2024-02-12,P
1438605,2022-08-09,VUS,2025-09-26,VUS
1438762,2023-06-03,P,2023-06-03,P
1439385,2024-12-03,VUS,2025-11-23,VUS
1439510,2020-10-20,P,2020-10-20,P
1439843,2022-02-16,VUS,2025-12-23,VUS
1440012,2024-03-28,LB,2025-06-12,LB
1440332,2024-03-23,VUS,2024-10-15,VUS
1440595,2021-06-20,P,2021-06-20,P
1440599,2021-10-09,VUS,2021-10-09,VUS
1440796,2024-02-17,VUS,2024-02-17,VUS
1441076,2022-09-21,VUS,2025-04-12,VUS
1441244,2023-07-11,LP,2025-10-01,LP
1441511,2021-11-03,VUS,2021-11-03,VUS
1441639,2022-08-16,VUS,2022-08-16,VUS
1442092,2023-10-04,P,2023-10-04,P
1442785,2022-07-18,VUS,2022-07-18,VUS
1443363,2022-04-25,VUS,2022-04-25,VUS
1443520,2024-02-20,P,2024-11-05,P
1443552,2021-12-16,VUS,2021-12-16,VUS
1443814,2021-10-10,P,2021-10-10,P
1444110,2022-08-10,VUS,2024-04-20,VUS
1444358,2021-06-15,VUS,2021-06-15,VUS
1444481,2024-12-24,VUS,2025-09-26,VUS
1444643,2023-10-24,VUS,2023-10-24,VUS
1444867,2020-12-18,VUS,2024-03-25,VUS
1445492,2024-02-05,VUS,2024-02-05,VUS
1445583,2024-01-03,VUS,2025-10-01,VUS
1445785,2021-11-27,VUS,2025-10-20,VUS
1446909,2025-10-03,VUS,2025-10-03,VUS
1447116,2022-05-26,VUS,2025-11-28,VUS
1447231,2021-03-30,VUS,2021-03-30,VUS
1447566,2025-06-13,VUS,2025-06-13,VUS
1447909,2022-04-05,P,2024-05-02,P
1447959,2025-09-05,P,2025-09-17,P
1448173,2024-10-08,VUS,2024-10-08,VUS
1448421,2025-06-12,P,2025-06-12,P
1448785,2021-05-25,VUS,2021-05-25,VUS
1449282,2021-06-01,P,2026-03-22,P
1449764,2023-05-05,VUS,2025-10-02,VUS
1450263,2023-05-15,VUS,2024-04-12,VUS
1450348,2023-04-11,P,2025-12-24,P
1450527,2025-06-12,VUS,2025-06-12,VUS
1450581,2021-08-03,VUS,2025-10-02,VUS
1450878,2021-01-19,P,2021-01-19,P
1451295,1996-02-15,P,2026-01-05,P
1451390,2021-05-07,P,2021-05-07,P
1451471,2021-07-31,P,2021-07-31,P
1451492,2025-04-17,P,2025-04-17,P
1451716,2021-02-13,P,2021-02-13,P
1451882,2021-01-28,P,2021-01-28,P
1451970,2021-03-24,P,2021-03-24,P
1451992,2021-05-12,P,2021-05-12,P
1452063,2025-06-12,P,2025-06-12,P
1452421,2021-09-18,P,2021-09-18,P
1452489,2020-10-28,P,2020-10-28,P
1452495,2021-05-16,P,2021-05-16,P
1452536,2021-09-19,P,2021-09-19,P
1452593,2021-07-19,P,2021-07-19,P
1452611,2021-08-03,P,2021-08-03,P
1452730,2020-12-31,P,2020-12-31,P
1452931,2025-02-19,P,2025-10-02,P
1453086,2021-03-29,P,2021-03-29,P
1453194,2021-05-08,P,2021-05-08,P
1453501,2025-06-12,P,2025-06-12,P
1453657,2022-11-22,LP,2025-08-21,LP
1453686,2021-05-05,P,2021-05-05,P
1453859,2021-12-21,P,2021-12-21,P
1454067,2021-09-24,P,2021-09-24,P
1454244,2021-10-12,P,2021-10-12,P
1454315,2021-11-20,P,2021-11-20,P
1454508,2020-12-01,P,2020-12-01,P
1454653,2021-06-01,P,2021-06-01,P
1454829,2022-09-12,P,2022-09-12,P
1454831,2020-12-22,P,2020-12-22,P
1455028,2021-02-16,P,2021-02-16,P
1455032,2021-09-15,P,2021-09-15,P
1455033,2022-06-22,P,2022-06-22,P
1455034,2021-04-09,P,2021-04-09,P
1455043,2022-03-19,P,2022-03-19,P
1455179,2020-11-19,P,2020-11-19,P
1455312,2021-04-11,P,2021-04-11,P
1455418,2022-07-06,P,2022-07-06,P
1455473,2024-11-05,P,2025-07-21,P
1455487,2025-06-12,P,2026-02-12,P
1455636,2021-07-29,P,2021-07-29,P
1455643,2021-09-21,P,2021-09-21,P
1455953,2022-02-10,P,2022-02-10,P
1455983,2021-07-21,P,2021-10-02,P
1455985,2022-06-20,P,2025-08-13,P
1456125,2020-12-14,P,2020-12-14,P
1456164,2022-06-03,P,2022-09-01,P
1456266,2020-11-12,P,2020-11-12,P
1456288,2021-11-20,P,2021-11-20,P
1456542,2021-11-05,P,2021-11-05,P
1456584,2022-04-08,P,2022-04-08,P
1456819,2021-05-09,P,2021-05-09,P
1456910,2020-11-15,P,2020-11-15,P
1456975,2020-12-20,P,2020-12-20,P
1457042,2021-06-28,P,2021-06-28,P
1457088,2022-05-28,P,2022-05-28,P
1457313,2023-07-13,P,2023-07-13,P
1457350,2022-11-25,P,2024-06-11,P
1457360,2021-02-15,P,2021-02-15,P
1457496,2021-04-09,P,2021-04-09,P
1457565,2022-06-13,P,2022-06-13,P
1457568,2021-09-29,P,2021-09-29,P
1457570,2021-04-19,P,2021-04-19,P
1457714,2022-06-05,P,2022-06-05,P
1457716,2021-06-05,P,2021-06-05,P
1457751,2021-08-11,LB,2021-08-11,LB
1457887,2021-07-28,P,2021-07-28,P
1458086,2021-06-28,P,2021-06-28,P
1458106,2025-06-26,P,2025-06-26,P
1458199,2021-03-27,P,2021-03-27,P
1458220,2025-07-20,P,2025-07-20,P
1458304,2021-06-06,P,2021-06-06,P
1458424,2022-10-10,P,2026-01-10,P
1458712,2025-10-12,LB,2025-10-12,LB
1458786,2021-01-19,P,2021-01-19,P
1458867,2022-08-10,P,2026-01-08,P
1458965,2021-02-02,P,2024-04-04,P
1459185,2021-07-24,P,2021-07-24,P
1459227,2021-01-03,P,2021-01-03,P
1459328,2022-08-16,P,2022-08-16,P
1459428,2026-01-11,LB,2026-01-11,LB
1459457,2022-01-04,P,2025-06-12,P
1459525,2021-01-20,P,2021-01-20,P
1459542,2025-04-22,LB,2025-04-22,LB
1459758,2021-01-06,P,2021-01-06,P
1460110,2020-11-23,P,2020-11-23,P
1460304,2021-09-08,P,2021-09-08,P
1460318,2024-09-30,LB,2024-09-30,LB
1460330,2021-08-17,P,2021-08-17,P
1460453,2021-07-24,P,2022-04-26,P
1460521,2022-07-03,VUS,2022-07-03,VUS
1460670,2022-08-31,VUS,2022-08-31,VUS
1460985,2024-02-17,LB,2024-02-17,LB
1462058,2022-02-10,VUS,2022-02-10,VUS
1462555,2024-02-27,LB,2024-02-27,LB
1462906,2022-07-06,VUS,2025-02-19,VUS
1463187,2025-12-08,VUS,2025-12-08,VUS
1463593,2021-05-18,VUS,2021-05-18,VUS
1463640,2024-01-27,VUS,2025-09-30,VUS
1463856,2021-09-26,VUS,2021-09-26,VUS
1464396,2022-08-15,VUS,2022-08-15,VUS
1464694,2023-11-18,VUS,2023-11-18,VUS
1464810,2025-06-12,VUS,2025-06-12,VUS
1464903,2025-05-12,VUS,2025-05-12,VUS
1464935,2021-01-30,LP,2021-01-30,LP
1465065,2021-04-09,LP,2021-04-09,LP
1465116,2024-07-19,VUS,2025-08-29,VUS
1465138,2025-10-01,VUS,2025-10-01,VUS
1465592,2023-08-30,LP,2023-08-30,LP
1465711,2021-05-21,LP,2022-02-02,LP
1465749,2022-10-03,VUS,2022-10-03,VUS
1465768,2021-04-17,VUS,2021-04-17,VUS
1465842,2022-02-10,VUS,2022-02-10,VUS
1465966,2024-01-16,LP,2025-07-15,LP
1466036,2024-04-06,VUS,2024-04-06,VUS
1467363,2022-06-03,LP,2022-06-03,LP
1467694,2021-09-06,VUS,2021-09-06,VUS
1468010,2022-07-19,VUS,2022-07-19,VUS
1468167,2021-10-17,LP,2021-10-17,LP
1468539,2021-08-30,LP,2021-08-30,LP
1468744,2022-06-20,VUS,2022-06-20,VUS
1468785,2022-02-04,VUS,2022-02-04,VUS
1468945,2022-07-12,VUS,2025-07-29,VUS
1469247,2021-05-02,LP,2021-05-02,LP
1469287,2021-11-01,VUS,2021-11-01,VUS
1469349,2024-01-24,VUS,2025-06-12,VUS
1469372,2022-08-30,LP,2022-08-30,LP
1469774,2025-02-26,VUS,2025-02-26,VUS
1469866,2023-10-23,VUS,2025-10-02,VUS
1470094,2025-10-02,VUS,2026-02-01,VUS
1470262,2021-10-31,VUS,2021-10-31,VUS
1470320,2021-01-10,LP,2025-04-29,LP
1470533,2022-04-13,VUS,2025-07-20,VUS
1470830,2025-12-18,LB,2025-12-18,LB
1470896,2021-03-15,LP,2025-08-21,LP
1471229,2021-02-24,VUS,2025-09-26,VUS
1471548,2021-01-18,VUS,2021-01-18,VUS
1471569,2021-08-27,VUS,2021-08-27,VUS
1471575,2021-08-13,VUS,2021-08-13,VUS
1471593,2024-05-22,LB,2024-05-22,LB
1471785,2026-01-04,VUS,2026-01-04,VUS
1472489,2021-03-14,LP,2021-03-14,LP
1472578,2026-01-14,VUS,2026-01-14,VUS
1472642,2021-09-02,VUS,2021-09-02,VUS
1473878,2024-05-23,VUS,2025-09-26,VUS
1474447,2022-01-25,VUS,2026-01-30,VUS
1474523,2023-01-31,VUS,2023-01-31,VUS
1475061,2021-08-16,VUS,2021-08-16,VUS
1475138,2021-05-11,LP,2024-01-16,LP
1475236,2022-02-19,LP,2023-06-09,LP
1475788,2025-11-17,VUS,2025-11-17,VUS
1475790,2022-07-12,VUS,2025-03-17,VUS
1476198,2022-08-23,VUS,2022-08-23,VUS
1476310,2021-08-11,VUS,2021-08-11,VUS
1476342,2021-10-27,LP,2021-10-27,LP
1476394,2022-02-05,VUS,2022-02-05,VUS
1476679,2021-08-04,LP,2022-01-17,LP
1476818,2021-09-21,VUS,2021-09-21,VUS
1476869,2024-02-17,VUS,2024-02-17,VUS
1477211,2021-08-31,VUS,2021-08-31,VUS
1477598,2023-12-12,LB,2023-12-12,LB
1477681,2021-01-26,LP,2021-01-26,LP
1478119,2024-03-21,VUS,2025-07-22,VUS
1478967,2023-11-24,VUS,2024-03-06,VUS
1479134,2023-06-25,VUS,2023-06-25,VUS
1479272,2024-02-13,LB,2024-02-13,LB
1479462,2021-07-10,LP,2021-07-10,LP
1479961,2022-09-12,VUS,2025-06-16,VUS
1480356,2021-09-30,LP,2021-09-30,LP
1480490,2025-01-06,VUS,2025-01-06,VUS
1480624,2021-10-10,VUS,2021-10-10,VUS
1480713,2021-09-01,LP,2021-09-01,LP
1480826,2023-10-20,VUS,2025-06-12,VUS
1481136,2025-06-12,LP,2025-06-12,LP
1481137,2021-07-17,VUS,2021-07-17,VUS
1481445,2021-07-12,VUS,2026-04-15,VUS
1481511,2025-06-12,LP,2025-06-12,LP
1481515,2020-05-01,VUS,2025-09-26,VUS
1481627,2022-06-20,VUS,2022-06-20,VUS
1481850,2025-10-02,VUS,2025-11-11,VUS
1481911,2021-06-06,VUS,2021-06-06,VUS
1482011,2021-05-06,VUS,2021-05-06,VUS
1482121,2021-02-07,LP,2024-01-31,LP
1482147,2020-11-06,VUS,2020-11-06,VUS
1482636,2021-12-21,VUS,2025-06-12,VUS
1483258,2020-11-27,LP,2020-11-27,LP
1484047,2025-06-18,VUS,2025-06-18,VUS
1484159,2021-06-24,VUS,2021-08-06,VUS
1484427,2023-12-11,LB,2023-12-11,LB
1484437,2021-06-28,VUS,2021-06-28,VUS
1484602,2024-10-07,LP,2024-10-07,LP
1484694,2025-12-29,VUS,2025-12-29,VUS
1484796,2021-06-24,LP,2021-06-24,LP
1485719,2024-02-05,VUS,2026-01-11,VUS
1485760,2022-03-10,VUS,2022-03-10,VUS
1485894,2021-11-09,VUS,2021-11-09,VUS
1486206,2022-07-12,LP,2022-07-12,LP
1486609,2024-04-30,VUS,2024-10-24,VUS
1487074,2024-02-26,VUS,2024-02-26,VUS
1487177,2021-07-06,VUS,2023-08-04,VUS
1487278,2025-06-09,VUS,2025-06-09,VUS
1487303,2023-07-17,VUS,2023-07-17,VUS
1487325,2022-02-03,VUS,2022-02-03,VUS
1487364,2023-11-27,VUS,2023-11-27,VUS
1487376,2021-11-24,LP,2025-04-07,LP
1487500,2021-04-10,LP,2021-04-10,LP
1487710,2024-05-16,LP,2025-09-08,LP
1488054,2023-04-11,VUS,2024-06-30,VUS
1488202,2021-08-14,LP,2021-08-14,LP
1488700,2021-04-06,LP,2021-12-26,LP
1489240,2021-07-07,LP,2021-07-07,LP
1490078,2021-09-15,LP,2021-09-15,LP
1490254,2021-05-07,LP,2021-05-07,LP
1490274,2023-05-20,VUS,2023-05-20,VUS
1490532,2020-12-05,LP,2020-12-05,LP
1491115,2021-09-28,VUS,2024-12-02,VUS
1492673,2024-06-03,VUS,2025-06-12,VUS
1492983,2024-10-25,VUS,2025-08-21,VUS
1493509,2021-07-29,LP,2021-07-29,LP
1493939,2022-01-27,VUS,2024-11-18,VUS
1494211,2023-05-09,VUS,2025-06-02,VUS
1494829,2021-08-26,LP,2021-08-26,LP
1494839,2021-02-24,LP,2021-02-24,LP
1494903,2025-04-28,VUS,2025-04-28,VUS
1494910,2021-09-15,LP,2021-09-15,LP
1495022,2021-11-09,VUS,2021-11-09,VUS
1495154,2021-06-08,LP,2021-06-08,LP
1495185,2022-09-21,LP,2022-09-21,LP
1495269,2022-11-22,VUS,2022-11-22,VUS
1495273,2023-08-04,VUS,2023-08-04,VUS
1495278,2025-06-12,LP,2025-10-03,LP
1495336,2025-01-25,VUS,2025-01-25,VUS
1495479,2022-12-29,VUS,2025-10-02,VUS
1495918,2024-03-21,LB,2024-03-21,LB
1496051,2025-03-10,VUS,2025-03-10,VUS
1496550,2021-06-17,LP,2025-07-16,LP
1497409,2025-05-19,VUS,2025-05-19,VUS
1497572,2021-12-10,VUS,2021-12-10,VUS
1497862,2025-03-12,VUS,2025-03-12,VUS
1498304,2023-12-17,P,2024-05-28,P
1498464,2021-08-04,LP,2021-08-04,LP
1498974,2023-07-17,VUS,2023-07-17,VUS
1499022,2022-07-05,VUS,2022-07-05,VUS
1499344,2021-11-28,LP,2022-03-22,LP
1499452,2025-06-12,VUS,2025-06-12,VUS
1499915,2025-09-09,VUS,2025-09-09,VUS
1499941,2025-12-31,VUS,2025-12-31,VUS
1500305,2021-10-02,LP,2021-10-02,LP
1500414,2023-07-07,VUS,2023-07-07,VUS
1500434,2022-11-16,VUS,2022-11-16,VUS
1500521,2021-07-19,LP,2021-07-19,LP
1500567,2021-10-14,VUS,2021-10-14,VUS
1500833,2021-09-17,VUS,2025-09-01,VUS
1500911,2021-08-27,VUS,2024-05-15,VUS
1500961,2025-03-17,LB,2025-03-17,LB
1501387,2025-08-18,VUS,2025-08-18,VUS
1501561,2021-05-26,VUS,2021-05-26,VUS
1501622,2021-07-13,VUS,2021-07-13,VUS
1501928,2024-06-08,VUS,2025-10-02,VUS
1501947,2021-06-22,VUS,2025-10-14,VUS
1502621,2022-08-23,VUS,2022-08-23,VUS
1502821,2023-05-02,LP,2023-05-02,LP
1502877,2021-05-16,LP,2021-05-16,LP
1502901,2023-03-16,VUS,2025-10-05,VUS
1503084,2024-01-09,VUS,2025-04-23,VUS
1503301,2024-10-16,VUS,2024-10-16,VUS
1503450,2021-02-03,LP,2021-02-03,LP
1503748,2021-07-05,VUS,2021-07-05,VUS
1503995,2020-12-24,LP,2020-12-24,LP
1504040,2025-06-11,VUS,2025-09-26,VUS
1504190,2025-06-12,LP,2025-06-12,LP
1505125,2023-02-17,LP,2023-02-17,LP
1506205,2019-09-19,VUS,2021-11-28,VUS
1506284,2024-08-09,VUS,2024-08-09,VUS
1506533,2024-01-02,VUS,2024-01-02,VUS
1506767,2024-02-20,LB,2024-02-20,LB
1506826,2025-01-23,VUS,2025-01-23,VUS
1506944,2022-04-16,LP,2022-04-16,LP
1507050,2021-04-03,VUS,2023-09-19,VUS
1507082,2022-04-10,VUS,2025-05-19,VUS
1507211,2021-03-08,VUS,2021-03-08,VUS
1507325,2024-10-09,VUS,2024-12-10,VUS
1507576,2024-01-15,VUS,2025-09-30,VUS
1507675,2023-02-07,VUS,2025-12-16,VUS
1507776,2022-07-12,VUS,2022-07-12,VUS
1507797,2021-08-09,VUS,2021-08-09,VUS
1508006,2023-07-07,LP,2023-07-07,LP
1508169,2021-05-28,LP,2021-05-28,LP
1508191,2023-09-13,P,2025-08-21,P
1508303,2021-05-20,LP,2021-05-20,LP
1508339,2022-02-10,LP,2022-02-10,LP
1508349,2021-06-07,LP,2021-12-14,LP
1508377,2021-06-14,LP,2021-06-14,LP
1508521,2024-10-17,LB,2024-10-17,LB
1508722,2025-11-01,VUS,2025-11-01,VUS
1508829,2025-06-12,P,2025-06-12,P
1508976,2024-01-31,P,2024-01-31,P
1509124,2020-10-28,VUS,2020-10-28,VUS
1509149,2025-10-14,VUS,2025-10-14,VUS
1509321,2021-11-18,LP,2021-11-18,LP
1509458,2021-04-23,VUS,2021-04-23,VUS
1509498,2021-10-18,LP,2021-10-18,LP
1509737,2022-06-03,VUS,2022-06-03,VUS
1509855,2023-11-13,VUS,2023-11-13,VUS
1510269,2022-07-18,VUS,2022-07-18,VUS
1510434,2021-09-01,VUS,2021-09-01,VUS
1510552,2021-03-22,VUS,2025-09-30,VUS
1510553,2021-05-08,VUS,2025-09-30,VUS
1510936,2020-12-23,VUS,2020-12-23,VUS
1510986,2025-06-02,VUS,2025-06-02,VUS
1511257,2023-07-10,VUS,2023-07-10,VUS
1511292,2025-03-10,LP,2025-03-10,LP
1511386,2021-11-12,VUS,2025-12-15,VUS
1511840,2024-04-26,VUS,2025-08-31,VUS
1512615,2021-11-06,VUS,2021-11-06,VUS
1512682,2021-08-31,LP,2021-08-31,LP
1512782,2025-11-23,VUS,2025-11-23,VUS
1512821,2023-04-15,VUS,2025-05-03,VUS
1512828,2025-09-29,LB,2025-09-29,LB
1512855,2021-04-16,VUS,2021-04-16,VUS
1513129,2022-03-07,VUS,2022-03-07,VUS
1513579,2022-10-28,P,2022-10-28,P
1513726,2021-04-22,VUS,2021-04-22,VUS
1513803,2022-02-02,VUS,2022-04-13,VUS
1513805,2022-06-20,VUS,2022-06-20,VUS
1513934,2022-03-08,VUS,2022-03-08,VUS
1513946,2024-09-22,VUS,2024-09-22,VUS
1514198,2024-06-03,VUS,2026-01-06,VUS
1514624,2021-07-07,LP,2021-07-07,LP
1515028,2020-06-23,VUS,2025-09-26,VUS
1515267,2022-07-06,VUS,2022-07-06,VUS
1515311,2022-10-13,VUS,2022-10-13,VUS
1516079,2025-07-10,VUS,2025-07-10,VUS
1516172,2022-02-18,LP,2022-02-18,LP
1516561,2021-06-15,VUS,2021-06-15,VUS
1517308,2021-09-17,VUS,2021-09-17,VUS
1517348,2023-08-05,LP,2023-08-05,LP
1517864,2024-02-28,VUS,2024-04-29,VUS
1518863,2021-04-20,LP,2021-04-20,LP
1519173,2022-02-12,LP,2022-02-12,LP
1519304,2025-08-21,P,2025-08-21,P
1519942,2021-08-03,VUS,2025-10-21,VUS
1520095,2021-11-08,LP,2021-11-08,LP
1520175,2021-04-29,LP,2021-04-29,LP
1520312,2022-07-12,VUS,2022-07-12,VUS
1520447,2021-11-24,LP,2025-09-05,LP
1520846,2021-05-20,VUS,2025-08-18,VUS
1520935,2022-10-27,VUS,2022-10-27,VUS
1521294,2023-08-17,LB,2023-08-17,LB
1521375,2023-09-03,LB,2025-08-01,LB
1521666,2021-08-25,VUS,2021-08-25,VUS
1521705,2021-10-13,VUS,2021-10-13,VUS
1521811,2021-10-25,LP,2021-10-25,LP
1522241,2024-04-09,VUS,2025-12-12,VUS
1522243,2022-04-14,LP,2025-09-12,LP
1522280,2024-04-25,VUS,2024-08-30,VUS
1523442,2021-10-07,VUS,2021-10-07,VUS
1523453,2021-08-17,VUS,2024-01-09,VUS
1523488,2022-02-03,VUS,2022-02-03,VUS
1523887,2023-06-29,VUS,2024-02-05,VUS
1523976,2021-01-03,VUS,2021-01-03,VUS
1524018,2020-11-14,LP,2020-11-14,LP
1524550,2022-03-26,VUS,2024-09-10,VUS
1525020,2021-11-05,LP,2021-11-05,LP
1525227,2021-08-16,LP,2021-08-16,LP
1525691,2024-02-24,LB,2024-02-24,LB
1526147,2024-12-27,VUS,2024-12-27,VUS
1526195,2022-03-22,VUS,2022-03-22,VUS
1526243,2024-09-06,P,2024-09-06,P
1526260,2022-03-22,VUS,2022-03-22,VUS
1526950,2022-03-01,P,2022-03-01,P
1527114,2022-03-01,P,2022-03-01,P
1527897,2022-02-11,VUS,2022-02-11,VUS
1527901,2022-03-09,LP,2022-03-09,LP
1528235,2023-02-11,LB,2023-02-11,LB
1528282,2021-10-03,LB,2021-10-03,LB
1528612,2021-07-17,LB,2021-07-17,LB
1528639,2021-01-31,LB,2021-01-31,LB
1528647,2023-06-12,LB,2023-06-12,LB
1528754,2021-11-11,LB,2021-11-11,LB
1528871,2019-10-28,LB,2022-12-02,LB
1529451,2025-08-30,LB,2025-08-30,LB
1529607,2022-12-06,LB,2022-12-06,LB
1529673,2024-08-27,LB,2024-08-27,LB
1529787,2025-03-25,LB,2025-03-25,LB
1529874,2022-12-16,LB,2022-12-16,LB
1529921,2023-12-13,LB,2023-12-13,LB
1529954,2021-07-28,LB,2021-07-28,LB
1530034,2025-06-12,LB,2025-06-12,LB
1530098,2025-06-01,LB,2025-06-01,LB
1530107,2023-03-23,LB,2023-03-23,LB
1530260,2024-05-11,LB,2024-05-11,LB
1530695,2022-05-02,LB,2022-05-02,LB
1530817,2021-07-27,LB,2021-07-27,LB
1530919,2021-02-06,LB,2021-02-06,LB
1530920,2021-02-06,LB,2021-02-06,LB
1530969,2024-12-23,LB,2024-12-23,LB
1531386,2022-05-26,LB,2025-06-09,LB
1531630,2022-06-20,LB,2022-06-20,LB
1531792,2021-11-02,LB,2021-12-02,LB
1531852,2023-06-25,LB,2023-06-25,LB
1531888,2025-06-24,LB,2025-06-24,LB
1532196,2021-02-12,LB,2021-02-12,LB
1532277,2022-07-05,LB,2022-07-05,LB
1532280,2021-08-01,LB,2021-08-01,LB
1532316,2024-02-24,LB,2024-02-24,LB
1532440,2021-02-12,LB,2021-02-12,LB
1532498,2024-01-14,LB,2024-01-14,LB
1532533,2023-12-16,LB,2025-12-01,LB
1532537,2025-06-12,LB,2025-06-12,LB
1532599,2023-02-23,LB,2025-05-22,LB
1532740,2025-04-28,LB,2025-04-28,LB
1532862,2025-11-01,B,2025-11-01,B
1532877,2026-02-01,LB,2026-02-01,LB
1532904,2021-02-14,LB,2021-02-14,LB
1533001,2024-02-24,LB,2024-02-24,LB
1533215,2021-10-25,LB,2021-10-25,LB
1533224,2025-11-19,LB,2025-11-19,LB
1533328,2024-06-04,LB,2025-03-25,LB
1533356,2025-01-05,LB,2025-01-05,LB
1533375,2022-07-05,LB,2022-07-05,LB
1533460,2021-08-04,LB,2021-08-04,LB
1533517,2022-02-18,LB,2025-11-27,LB
1533888,2023-04-17,LB,2023-04-17,LB
1533978,2021-02-16,LB,2021-02-16,LB
1533980,2023-09-20,LB,2023-09-20,LB
1534143,2021-08-07,LB,2021-08-07,LB
1534173,2021-08-07,LB,2021-08-07,LB
1534344,2022-04-29,LB,2025-10-23,LB
1534570,2021-10-14,LB,2021-10-14,LB
1534584,2021-04-28,LB,2021-04-28,LB
1534670,2023-12-09,LB,2023-12-09,LB
1534811,2024-02-24,LB,2024-02-24,LB
1534830,2021-08-04,LB,2021-08-04,LB
1535062,2021-08-09,LB,2021-08-09,LB
1535086,2022-04-14,LB,2025-11-02,LB
1535404,2024-01-08,LB,2024-01-08,LB
1535492,2021-04-14,LB,2021-04-14,LB
1535706,2025-11-04,LB,2025-11-04,LB
1536073,2024-01-29,B,2024-01-29,B
1536121,2021-02-21,LB,2021-02-21,LB
1536324,2023-08-07,LB,2023-08-07,LB
1536576,2022-03-08,LB,2022-03-08,LB
1536800,2023-09-01,LB,2023-09-01,LB
1536825,2022-08-20,LB,2022-08-20,LB
1536829,2022-08-30,LB,2022-08-30,LB
1536848,2023-06-23,LB,2023-06-23,LB
1536900,2023-12-19,LB,2023-12-19,LB
1536936,2025-05-04,LB,2025-05-04,LB
1537070,2021-05-07,LB,2021-05-07,LB
1537097,2021-12-26,LB,2025-03-12,LB
1537275,2021-02-25,LB,2021-02-25,LB
1537292,2025-01-15,LB,2025-01-15,LB
1537360,2023-02-22,LB,2023-02-22,LB
1537528,2022-10-24,LB,2022-10-24,LB
1537684,2026-01-14,LB,2026-01-14,LB
1537879,2021-02-28,LB,2021-02-28,LB
1537893,2022-08-31,LB,2022-08-31,LB
1538062,2021-03-01,LB,2021-03-01,LB
1538066,2023-03-10,LB,2023-03-10,LB
1538115,2023-03-17,LB,2023-03-17,LB
1538283,2024-02-23,LB,2024-02-23,LB
1538299,2026-01-26,B,2026-01-26,B
1538327,2024-09-03,LB,2024-09-03,LB
1538550,2022-07-16,LB,2022-07-16,LB
1538655,2022-08-19,LB,2022-08-19,LB
1538689,2021-03-07,LB,2021-03-07,LB
1539372,2021-03-09,LB,2021-03-09,LB
1539463,2021-10-22,LB,2021-10-22,LB
1539568,2021-08-26,LB,2021-08-26,LB
1539730,2021-03-10,LB,2021-03-10,LB
1539900,2021-08-27,LB,2021-08-27,LB
1540162,2022-08-16,LB,2022-08-16,LB
1540827,2021-03-13,LB,2021-03-13,LB
1540944,2022-07-06,LB,2022-07-06,LB
1540960,2021-11-16,B,2021-11-16,B
1541049,2022-08-23,LB,2022-08-23,LB
1541103,2021-05-10,LB,2021-05-10,LB
1541183,2023-08-04,LB,2023-08-04,LB
1541190,2024-02-16,LB,2024-02-16,LB
1541681,2021-06-28,LB,2021-06-28,LB
1541752,2025-12-29,LB,2025-12-29,LB
1542114,2021-03-20,LB,2021-03-20,LB
1542121,2021-03-20,LB,2021-03-20,LB
1542158,2023-03-13,LB,2023-03-13,LB
1542235,2021-03-20,LB,2021-03-20,LB
1542449,2022-02-05,LB,2022-02-05,LB
1542463,2021-04-14,LB,2021-04-14,LB
1542504,2024-12-26,LB,2024-12-26,LB
1542523,2021-12-02,LB,2021-12-02,LB
1542530,2021-09-16,LB,2021-09-16,LB
1542865,2021-03-22,LB,2021-03-22,LB
1542884,2025-02-24,LB,2025-02-24,LB
1543113,2022-08-05,LB,2022-08-05,LB
1543184,2023-06-23,LB,2023-06-23,LB
1543236,2021-03-23,LB,2021-03-23,LB
1543318,2021-05-09,LB,2021-05-09,LB
1543491,2021-10-03,LB,2021-10-03,LB
1543592,2021-07-30,LB,2026-01-14,LB
1543718,2021-05-11,LB,2021-05-11,LB
1543730,2021-04-04,LB,2021-04-04,LB
1543747,2023-11-15,LB,2023-11-15,LB
1543843,2021-09-15,LB,2021-09-15,LB
1544041,2021-03-25,LB,2021-03-25,LB
1544152,2021-03-25,LB,2021-03-25,LB
1544308,2023-01-01,LB,2023-01-01,LB
1544658,2026-01-11,LB,2026-01-11,LB
1544662,2021-06-26,LB,2021-06-26,LB
1544964,2021-09-19,LB,2021-09-19,LB
1544973,2024-03-13,LB,2024-03-13,LB
1545429,2025-12-25,LB,2025-12-25,LB
1545445,2022-08-22,LB,2022-08-22,LB
1545559,2021-12-29,LB,2023-06-27,LB
1545604,2025-11-24,LB,2025-11-24,LB
1545621,2022-06-20,LB,2022-06-20,LB
1546062,2023-10-13,LB,2023-10-13,LB
1546100,2024-10-29,LB,2024-10-29,LB
1546200,2021-07-25,LB,2021-07-25,LB
1546428,2023-11-14,LB,2023-11-14,LB
1546578,2022-06-09,LB,2022-06-09,LB
1547219,2022-04-22,LB,2023-04-11,LB
1547343,2021-11-20,LB,2025-10-18,LB
1547561,2022-04-05,LB,2022-04-05,LB
1547733,2021-11-16,LB,2025-11-03,LB
1547766,2021-04-04,LB,2021-04-04,LB
1547775,2024-08-13,LB,2024-08-13,LB
1548142,2024-01-18,LB,2024-01-18,LB
1548322,2021-05-31,LB,2021-05-31,LB
1548515,2023-10-27,LB,2023-10-27,LB
1548539,2021-04-07,LB,2021-04-07,LB
1548709,2022-06-18,LB,2022-06-18,LB
1548770,2025-06-12,LB,2025-06-12,LB
1548801,2025-09-08,LB,2025-09-08,LB
1549085,2022-09-12,LB,2022-09-12,LB
1549335,2021-10-12,LB,2021-10-12,LB
1549476,2023-08-02,LB,2023-08-02,LB
1549563,2022-09-26,LB,2022-09-26,LB
1549650,2023-10-18,LB,2023-10-18,LB
1549746,2021-04-10,LB,2021-04-10,LB
1550102,2021-06-06,LB,2021-06-06,LB
1550117,2025-05-13,LB,2025-10-23,LB
1550276,2021-06-27,LB,2021-06-27,LB
1550687,2023-08-28,LB,2023-08-28,LB
1550788,2021-10-31,LB,2021-10-31,LB
1550882,2021-10-17,LB,2021-10-17,LB
1551015,2021-04-14,LB,2021-04-14,LB
1551016,2021-04-16,LB,2021-04-16,LB
1551217,2024-12-02,LB,2024-12-02,LB
1551293,2023-08-29,LB,2023-08-29,LB
1551410,2021-04-05,LB,2021-04-05,LB
1551464,2025-08-04,B,2025-08-04,B
1551467,2022-10-19,LB,2022-10-19,LB
1551660,2023-09-03,LB,2023-09-03,LB
1551772,2021-09-10,LB,2021-09-10,LB
1552214,2024-07-09,LB,2026-01-05,LB
1552495,2021-04-20,LB,2021-04-20,LB
1552592,2022-01-13,LB,2024-12-22,LB
1552843,2025-06-27,LB,2025-06-27,LB
1552849,2021-04-30,LB,2021-04-30,LB
1552874,2021-10-26,LB,2021-10-26,LB
1552963,2022-01-27,LB,2022-01-27,LB
1553009,2023-10-04,LB,2023-10-04,LB
1553057,2021-10-27,LB,2021-10-27,LB
1553133,2022-06-27,LB,2022-06-27,LB
1553281,2021-04-23,LB,2021-04-23,LB
1553603,2022-11-22,LB,2022-11-22,LB
1553885,2023-03-29,LB,2023-03-29,LB
1554144,2023-11-06,LB,2023-11-06,LB
1554577,2024-10-21,LB,2024-10-21,LB
1554610,2024-01-04,LB,2024-01-04,LB
1555151,2022-03-12,LB,2022-03-12,LB
1555317,2023-08-05,LB,2023-08-05,LB
1555471,2021-07-21,LB,2026-01-08,LB
1555748,2025-01-29,LB,2025-01-29,LB
1555984,2022-04-04,LB,2025-04-01,LB
1555986,2021-11-10,LB,2021-11-10,LB
1556064,2024-03-10,LB,2024-03-10,LB
1556589,2021-11-13,LB,2021-11-13,LB
1556719,2021-08-29,LB,2021-08-29,LB
1556829,2024-02-09,LB,2024-02-09,LB
1557026,2023-08-16,LB,2023-08-16,LB
1557165,2025-12-06,LB,2025-12-06,LB
1557483,2021-08-06,LB,2021-08-06,LB
1557527,2023-08-10,LB,2023-08-10,LB
1557998,2021-05-09,LB,2021-05-09,LB
1558190,2024-01-21,LB,2024-01-21,LB
1558305,2022-08-31,LB,2022-08-31,LB
1558342,2025-10-14,LB,2025-10-14,LB
1558403,2021-07-27,LB,2021-07-27,LB
1558505,2024-02-01,LB,2024-02-01,LB
1558887,2021-07-25,LB,2021-07-25,LB
1558944,2021-05-13,LB,2021-05-13,LB
1558966,2021-05-14,LB,2021-05-14,LB
1559009,2021-05-14,LB,2021-05-14,LB
1559077,2024-08-19,LB,2024-08-19,LB
1559093,2023-08-11,LB,2023-08-11,LB
1559700,2025-06-04,LB,2025-06-04,LB
1559735,2023-10-01,LB,2023-11-27,LB
1559864,2023-02-04,LB,2023-02-04,LB
1559999,2022-05-22,LB,2022-05-22,LB
1560412,2023-06-11,LB,2023-06-11,LB
1560524,2021-12-23,LB,2026-01-19,LB
1560605,2021-05-19,LB,2021-05-19,LB
1560700,2022-10-03,LB,2022-10-03,LB
1560944,2024-01-04,LB,2024-01-04,LB
1561228,2021-05-30,LB,2021-05-30,LB
1561337,2023-08-09,LB,2024-03-27,LB
1561501,2021-05-26,LB,2021-05-26,LB
1561505,2024-02-04,LB,2024-02-04,LB
1561541,2022-03-10,LB,2022-03-10,LB
1561814,2025-06-24,LB,2025-06-24,LB
1561940,2023-07-29,LB,2023-07-29,LB
1562002,2021-10-04,LB,2021-10-04,LB
1562030,2025-11-06,LB,2025-11-06,LB
1562221,2021-08-06,LB,2021-08-06,LB
1562342,2024-02-23,LB,2024-02-23,LB
1562366,2021-06-06,LB,2021-11-18,LB
1562789,2022-01-03,LB,2025-10-16,LB
1563063,2021-05-31,LB,2021-05-31,LB
1563433,2021-06-02,LB,2021-06-02,LB
1563679,2021-06-03,LB,2021-06-03,LB
1563690,2026-01-24,LB,2026-01-24,LB
1563833,2022-05-09,LB,2026-02-01,LB
1564103,2025-11-08,LB,2025-11-08,LB
1564223,2024-12-22,LB,2024-12-22,LB
1564661,2024-08-09,B,2026-02-01,B
1565483,2022-12-06,LB,2022-12-06,LB
1565485,2021-08-12,LB,2021-08-12,LB
1565503,2021-06-12,LB,2021-06-12,LB
1565813,2021-07-04,LB,2021-07-04,LB
1565903,2025-02-17,LB,2025-02-17,LB
1566061,2025-03-17,LB,2025-03-17,LB
1566079,2024-07-21,LB,2024-07-21,LB
1566225,2025-07-06,LB,2025-07-06,LB
1566238,2021-06-15,LB,2021-06-15,LB
1566349,2021-06-15,LB,2021-06-15,LB
1566379,2025-06-10,LB,2025-06-10,LB
1566382,2025-06-29,LB,2025-06-29,LB
1566399,2022-11-08,LB,2022-11-08,LB
1566459,2023-12-09,LB,2023-12-09,LB
1566988,2021-06-18,LB,2021-06-18,LB
1567155,2023-09-05,LB,2023-09-05,LB
1567252,2021-06-19,LB,2021-06-19,LB
1567505,2023-05-22,LB,2023-05-22,LB
1567551,2023-07-25,LB,2023-07-25,LB
1567609,2025-06-12,LB,2025-06-12,LB
1567873,2024-01-18,LB,2024-01-18,LB
1567947,2023-09-12,LB,2023-09-12,LB
1568021,2022-07-17,LB,2022-07-17,LB
1568192,2025-05-21,LB,2025-05-21,LB
1568253,2021-07-03,LB,2021-07-03,LB
1568382,2025-04-13,LB,2025-04-13,LB
1568591,2023-11-27,LB,2023-11-27,LB
1568598,2021-11-04,LB,2026-01-12,LB
1568858,2023-05-08,LB,2023-05-08,LB
1568944,2025-05-04,LB,2025-05-04,LB
1569075,2023-03-20,LB,2023-03-20,LB
1569079,2025-10-14,LB,2025-10-14,LB
1569502,2021-06-30,LB,2021-06-30,LB
1569600,2025-07-15,LB,2025-07-15,LB
1569603,2021-07-01,LB,2021-07-01,LB
1569746,2024-11-20,LB,2024-11-20,LB
1570550,2021-07-06,LB,2021-07-06,LB
1570667,2021-07-07,LB,2021-07-07,LB
1570933,2024-06-17,LB,2024-06-17,LB
1571365,2022-07-09,LB,2022-07-09,LB
1571422,2022-10-17,LB,2022-10-17,LB
1571597,2021-07-13,LB,2021-07-13,LB
1571816,2022-04-05,LB,2022-08-10,LB
1572192,2023-01-28,LB,2023-01-28,LB
1572725,2021-07-19,LB,2021-07-19,LB
1572872,2021-08-01,LB,2021-08-01,LB
1572932,2023-09-21,LB,2023-09-21,LB
1573014,2022-05-17,LB,2025-11-22,LB
1573150,2022-11-19,LB,2022-11-19,LB
1573498,2022-03-18,LB,2025-12-23,LB
1573550,2021-07-24,LB,2021-07-24,LB
1573762,2020-11-06,LB,2020-11-06,LB
1573799,2021-07-25,LB,2021-07-25,LB
1573970,2024-01-21,LB,2024-01-21,LB
1574093,2025-07-27,LB,2025-10-14,LB
1574205,2022-12-02,LB,2022-12-02,LB
1574326,2021-12-29,LB,2025-08-31,LB
1574374,2023-01-26,LB,2023-01-26,LB
1574531,2019-02-22,LB,2023-10-04,LB
1574606,2024-09-26,LB,2024-09-26,LB
1574837,2025-02-03,LB,2025-06-04,LB
1575217,2024-10-28,LB,2024-10-28,LB
1575513,2021-10-07,LB,2021-10-07,LB
1575647,2021-08-02,LB,2021-08-02,LB
1575686,2021-08-02,LB,2021-08-02,LB
1575806,2021-01-25,LB,2021-01-25,LB
1575883,2022-01-17,LB,2022-01-17,LB
1575983,2021-08-06,LB,2021-08-06,LB
1576246,2025-03-12,LB,2025-03-12,LB
1576406,2021-08-06,LB,2021-08-06,LB
1576438,2021-08-26,LB,2021-08-26,LB
1576524,2025-04-14,LB,2025-04-14,LB
1576560,2022-05-27,LB,2024-05-10,LB
1576568,2021-08-06,LB,2021-08-06,LB
1576734,2021-08-27,LB,2021-08-27,LB
1576768,2025-07-03,LB,2025-07-03,LB
1576894,2021-08-08,LB,2022-02-26,LB
1577209,2022-08-16,LB,2022-08-16,LB
1577238,2023-02-28,B,2023-02-28,B
1577428,2021-08-03,LB,2025-03-04,LB
1577509,2025-01-15,LB,2025-01-15,LB
1577899,2022-02-09,LB,2025-03-26,LB
1578009,2021-08-14,LB,2021-08-14,LB
1578128,2023-10-30,LB,2023-10-30,LB
1578411,2024-12-03,LB,2024-12-03,LB
1578451,2023-12-01,LB,2023-12-01,LB
1578531,2021-02-01,LB,2021-02-01,LB
1578675,2025-12-23,B,2025-12-23,B
1578769,2021-08-30,LB,2021-08-30,LB
1579005,2021-08-19,LB,2021-08-19,LB
1579068,2022-03-31,B,2022-03-31,B
1579298,2025-11-12,LB,2025-11-12,LB
1579327,2023-11-01,LB,2023-11-01,LB
1579443,2021-04-14,LB,2021-07-28,LB
1579540,2021-08-21,LB,2021-08-21,LB
1579541,2022-02-10,LB,2022-02-10,LB
1579546,2021-08-21,LB,2021-08-21,LB
1579781,2022-03-24,LB,2026-01-25,LB
1579964,2021-10-31,LB,2021-10-31,LB
1580124,2022-07-17,LB,2022-07-17,LB
1580380,2022-04-17,LB,2025-01-23,LB
1580979,2022-03-05,LB,2023-11-25,LB
1581108,2021-09-23,LB,2025-10-01,LB
1581153,2021-11-15,LB,2021-11-15,LB
1581296,2021-08-31,LB,2021-08-31,LB
1581451,2023-10-20,LB,2023-10-20,LB
1581632,2025-06-12,LB,2025-06-12,LB
1581904,2025-10-23,B,2025-10-23,B
1581916,2023-12-20,LB,2023-12-20,LB
1582087,2026-01-05,LB,2026-01-05,LB
1582157,2024-11-01,LB,2026-01-02,LB
1582669,2022-04-06,LB,2025-04-20,LB
1582728,2025-12-22,LB,2025-12-22,LB
1583026,2021-09-14,LB,2021-09-14,LB
1583334,2021-09-15,LB,2021-09-15,LB
1583519,2023-12-01,LB,2023-12-01,LB
1583618,2022-03-01,LB,2025-09-03,LB
1584655,2024-05-07,LB,2024-05-07,LB
1584842,2023-11-28,LB,2023-11-28,LB
1585119,2023-10-16,LB,2023-10-16,LB
1585867,2025-02-16,LB,2025-02-16,LB
1585953,2025-07-21,LB,2025-08-01,LB
1585967,2021-02-13,LB,2021-02-13,LB
1586052,2023-12-03,LB,2023-12-03,LB
1586373,2019-07-28,LB,2022-01-12,LB
1586940,2020-01-31,LB,2026-01-21,LB
1587065,2025-08-03,LB,2025-08-03,LB
1587095,2024-03-14,LB,2024-03-14,LB
1587262,2022-03-18,LB,2024-04-15,LB
1587671,2025-06-24,LB,2025-06-24,LB
1587710,2022-03-25,LB,2026-01-26,LB
1587721,2023-06-27,LB,2025-02-06,LB
1587761,2021-09-19,LB,2021-09-19,LB
1588068,2021-12-27,LB,2025-12-24,LB
1588116,2022-07-12,LB,2022-07-12,LB
1588244,2025-08-05,LB,2025-08-05,LB
1588326,2022-08-13,LB,2022-08-13,LB
1589047,2022-09-01,LB,2026-01-05,LB
1589112,2025-11-27,LB,2025-11-27,LB
1589114,2025-12-23,LB,2025-12-23,LB
1589584,2026-01-06,B,2026-01-06,B
1589663,2024-03-11,LB,2026-01-22,LB
1589796,2025-12-26,LB,2025-12-26,LB
1589951,2025-03-18,LB,2025-03-18,LB
1590106,2023-08-24,LB,2023-08-24,LB
1590142,2025-10-18,LB,2025-10-18,LB
1590366,2021-05-21,LB,2021-05-21,LB
1590368,2021-11-02,LB,2025-05-17,LB
1590393,2024-06-22,LB,2024-06-22,LB
1590632,2026-01-20,LB,2026-01-20,LB
1590971,2025-11-21,LB,2025-11-21,LB
1591086,2019-03-29,LB,2025-04-08,LB
1591642,2023-10-22,LB,2023-10-22,LB
1591931,2025-11-24,LB,2025-11-24,LB
1591971,2024-12-03,LB,2024-12-03,LB
1592233,2025-12-28,LB,2025-12-28,LB
1592610,2024-12-02,LB,2024-12-02,LB
1592702,2024-01-11,LB,2024-01-11,LB
1592720,2024-02-16,LB,2024-02-16,LB
1592730,2022-02-26,LB,2025-06-13,LB
1592903,2023-07-15,LB,2023-07-15,LB
1592913,2023-09-19,LB,2025-11-10,LB
1592917,2025-06-12,LB,2025-06-12,LB
1592928,2021-11-27,LB,2021-11-27,LB
1593356,2024-07-03,LB,2024-07-03,LB
1593368,2021-04-17,LB,2021-04-17,LB
1593418,2021-11-16,LB,2021-11-16,LB
1593508,2026-01-04,LB,2026-01-04,LB
1593610,2025-12-14,LB,2025-12-14,LB
1593623,2021-11-04,LB,2025-10-28,LB
1593629,2026-01-15,LB,2026-01-15,LB
1593631,2025-12-31,LB,2025-12-31,LB
1594141,2023-09-05,LB,2025-02-25,LB
1594225,2023-11-17,LB,2023-11-17,LB
1594497,2025-12-17,LB,2025-12-17,LB
1594556,2022-03-04,LB,2022-03-04,LB
1594660,2021-12-23,LB,2022-04-28,LB
1594663,2022-05-04,LB,2025-08-21,LB
1594752,2026-02-04,LB,2026-02-04,LB
1594819,2021-04-10,LB,2021-04-10,LB
1594847,2025-01-01,LB,2025-12-06,LB
1594925,2023-06-15,LB,2023-06-15,LB
1595069,2021-11-19,LB,2025-11-24,LB
1595329,2025-12-10,LB,2026-03-01,LB
1595887,2024-06-11,LB,2024-06-11,LB
1595915,2025-12-17,LB,2025-12-22,LB
1596738,2023-04-06,LB,2023-04-06,LB
1596816,2025-10-08,LB,2025-10-08,LB
1596930,2026-01-20,LB,2026-01-20,LB
1596957,2024-06-10,LB,2024-06-10,LB
1597091,2021-07-26,LB,2021-07-26,LB
1597166,2021-12-29,LB,2025-12-03,LB
1597429,2021-10-27,LB,2025-11-16,LB
1598031,2026-01-13,LB,2026-01-13,LB
1598385,2025-07-21,LB,2025-07-21,LB
1598460,2023-07-26,LB,2023-07-26,LB
1598548,2021-05-19,LB,2021-05-19,LB
1598594,2025-08-31,B,2025-08-31,B
1598948,2023-06-14,B,2023-06-14,B
1599064,2025-08-08,B,2025-08-08,B
1599142,2025-09-02,B,2025-09-02,B
1599360,2025-09-01,B,2025-09-01,B
1599377,2025-05-05,B,2025-05-05,B
1599517,2026-02-04,B,2026-02-04,B
1601111,2025-11-23,B,2025-11-23,B
1601298,2024-04-10,B,2024-04-10,B
1601686,2021-08-27,B,2021-08-27,B
1601878,2021-10-28,LB,2021-10-28,LB
1601913,2021-08-04,LB,2021-08-04,LB
1602172,2021-08-31,LB,2021-08-31,LB
1602178,2021-08-31,LB,2021-08-31,LB
1602356,2021-09-01,LB,2021-09-01,LB
1602614,2024-03-05,LB,2024-03-05,LB
1602881,2021-03-18,LB,2021-03-18,LB
1603270,2024-10-29,LB,2024-10-29,LB
1603296,2025-07-01,LB,2025-07-01,LB
1603428,2024-08-22,LB,2024-08-22,LB
1603647,2021-10-31,LB,2021-10-31,LB
1603717,2023-06-14,LB,2023-06-14,LB
1603722,2023-09-08,LB,2023-09-08,LB
1604079,2023-05-20,LB,2023-05-20,LB
1604242,2023-11-09,LB,2023-11-09,LB
1604334,2026-01-13,LB,2026-01-13,LB
1604550,2021-09-15,LB,2021-09-15,LB
1605005,2021-08-16,LB,2025-12-29,LB
1605232,2021-09-17,LB,2021-09-17,LB
1605242,2023-10-04,LB,2023-10-04,LB
1605816,2025-11-27,LB,2025-11-27,LB
1605845,2021-09-19,LB,2021-09-19,LB
1606295,2023-12-13,LB,2023-12-13,LB
1606318,2022-03-02,LB,2023-11-24,LB
1606425,2023-12-30,LB,2023-12-30,LB
1606674,2021-10-04,LB,2021-10-04,LB
1606697,2023-07-25,LB,2023-07-25,LB
1606785,2023-05-31,LB,2023-05-31,LB
1607111,2021-09-26,LB,2021-09-26,LB
1607485,2023-08-20,LB,2023-08-20,LB
1607535,2020-12-22,LB,2020-12-22,LB
1607782,2021-10-02,LB,2021-10-02,LB
1607928,2024-02-16,LB,2024-02-16,LB
1608125,2025-04-09,B,2025-04-09,B
1608250,2021-10-05,LB,2021-10-05,LB
1608257,2021-10-05,LB,2021-10-05,LB
1608399,2021-10-05,LB,2021-10-05,LB
1608722,2021-09-01,LB,2021-09-01,LB
1608989,2023-01-05,LB,2023-01-05,LB
1609205,2021-10-09,LB,2021-10-09,LB
1609206,2021-10-09,LB,2021-10-09,LB
1609338,2021-10-10,LB,2021-10-10,LB
1609489,2025-11-23,LB,2025-11-23,LB
1609735,2024-03-12,LB,2024-03-12,LB
1609836,2020-11-02,LB,2020-11-02,LB
1610064,2020-11-03,LB,2020-11-03,LB
1610269,2021-04-23,LB,2021-04-23,LB
1610370,2021-10-13,LB,2021-10-13,LB
1610623,2021-10-14,LB,2021-10-14,LB
1610627,2023-07-17,LB,2023-07-17,LB
1610696,2023-06-27,LB,2023-06-27,LB
1610928,2022-01-06,LB,2022-01-06,LB
1611145,2021-10-15,LB,2021-10-15,LB
1611445,2022-02-05,LB,2022-02-05,LB
1611469,2026-01-06,B,2026-01-06,B
1611608,2023-11-17,LB,2023-11-17,LB
1612012,2023-09-04,LB,2023-09-04,LB
1612071,2026-01-29,LB,2026-01-29,LB
1612147,2019-06-05,LB,2026-01-27,LB
1612339,2021-03-31,LB,2021-03-31,LB
1612959,2023-05-01,LB,2023-05-01,LB
1613040,2021-03-24,LB,2021-03-24,LB
1613671,2021-10-27,LB,2021-10-27,LB
1614097,2023-12-30,LB,2023-12-30,LB
1614319,2023-06-05,LB,2023-06-05,LB
1614324,2021-12-29,LB,2022-06-20,LB
1614370,2021-10-31,LB,2021-10-31,LB
1614381,2024-07-21,LB,2024-07-21,LB
1614455,2023-03-08,LB,2023-03-08,LB
1614471,2022-09-06,LB,2022-09-06,LB
1614699,2022-08-10,LB,2022-08-10,LB
1615005,2024-02-29,LB,2024-02-29,LB
1615068,2021-11-04,LB,2021-11-04,LB
1615072,2021-05-17,LB,2021-05-17,LB
1615360,2021-08-05,LB,2021-08-05,LB
1615381,2021-11-16,LB,2021-11-16,LB
1615599,2020-11-27,LB,2020-11-27,LB
1615775,2021-11-06,LB,2021-11-06,LB
1615881,2021-11-08,LB,2021-11-08,LB
1616472,2025-07-09,LB,2025-07-09,LB
1616660,2021-04-02,LB,2021-04-02,LB
1617172,2022-11-28,LB,2022-11-28,LB
1617226,2021-01-26,LB,2021-01-26,LB
1617346,2020-11-26,LB,2020-11-26,LB
1617401,2021-11-15,LB,2021-11-15,LB
1617579,2021-11-16,LB,2021-11-16,LB
1617674,2021-11-24,LB,2021-11-24,LB
1617688,2023-07-18,LB,2023-07-18,LB
1617725,2025-04-07,LB,2025-04-07,LB
1617804,2021-11-27,LB,2021-11-27,LB
1617841,2021-11-19,LB,2021-11-19,LB
1618048,2021-11-19,LB,2021-11-19,LB
1618073,2019-09-19,B,2026-02-01,B
1618093,2025-06-04,LB,2025-06-04,LB
1618186,2021-11-20,LB,2021-11-20,LB
1618215,2025-06-27,LB,2025-06-27,LB
1618347,2023-07-19,LB,2023-07-19,LB
1618517,2024-07-31,LB,2024-07-31,LB
1618522,2025-11-25,LB,2025-11-25,LB
1618725,2023-08-17,LB,2023-08-17,LB
1618891,2024-08-20,LB,2026-01-28,LB
1618969,2021-05-13,LB,2021-05-13,LB
1618979,2024-12-10,LB,2024-12-10,LB
1619075,2022-06-24,LB,2022-06-24,LB
1619226,2025-12-22,LB,2025-12-22,LB
1619269,2021-11-27,LB,2021-11-27,LB
1619290,2022-04-23,LB,2026-01-11,LB
1619318,2023-03-21,LB,2023-03-21,LB
1619606,2021-12-28,LB,2025-05-08,LB
1619692,2022-06-05,LB,2022-06-05,LB
1619750,2026-02-02,LB,2026-02-02,LB
1620001,2025-09-14,LB,2025-09-14,LB
1620029,2026-01-24,B,2026-01-24,B
1620039,2025-06-12,LB,2025-06-12,LB
1620058,2026-01-22,B,2026-01-22,B
1620195,2023-01-15,LB,2023-01-15,LB
1620585,2023-11-07,LB,2024-10-01,LB
1620684,2020-12-11,LB,2020-12-11,LB
1620685,2022-03-18,LB,2022-09-13,LB
1620758,2023-11-28,LB,2023-11-28,LB
1620815,2024-02-29,LB,2024-02-29,LB
1620819,2021-12-12,LB,2021-12-12,LB
1620929,2024-02-23,LB,2024-02-23,LB
1620947,2025-12-22,LB,2025-12-22,LB
1620952,2021-12-15,LB,2021-12-15,LB
1621056,2022-08-23,LB,2022-08-23,LB
1621063,2022-04-08,LB,2022-04-08,LB
1621122,2023-09-30,LB,2023-09-30,LB
1621270,2022-02-11,LB,2025-11-01,LB
1621352,2024-02-04,LB,2024-02-04,LB
1621366,2023-08-17,LB,2023-08-17,LB
1621620,2023-05-25,LB,2023-05-25,LB
1621920,2023-08-04,LB,2023-08-04,LB
1622016,2025-02-24,LB,2025-02-24,LB
1622302,2025-03-17,LB,2025-03-17,LB
1622371,2024-02-25,LB,2024-02-25,LB
1622389,2022-03-25,LB,2024-01-17,LB
1622796,2020-12-21,LB,2020-12-21,LB
1622848,2025-12-10,LB,2025-12-10,LB
1622886,2025-03-17,LB,2025-03-17,LB
1623507,2025-03-04,LB,2025-03-04,LB
1623561,2020-12-24,LB,2020-12-24,LB
1623584,2025-11-12,LB,2026-01-22,LB
1623789,2025-12-15,LB,2025-12-15,LB
1624280,2023-10-01,LB,2024-05-23,LB
1624382,2020-12-27,LB,2020-12-27,LB
1624642,2024-05-29,LB,2024-05-29,LB
1624660,2021-08-03,LB,2025-10-29,LB
1624681,2024-07-06,LB,2024-07-06,LB
1624731,2023-11-18,LB,2023-11-18,LB
1624855,2020-12-30,LB,2020-12-30,LB
1624901,2024-05-27,LB,2025-12-16,LB
1625024,2025-04-28,LB,2025-04-28,LB
1625054,2025-06-05,LB,2025-06-05,LB
1625115,2022-04-14,LB,2022-04-14,LB
1625159,2023-10-28,LB,2023-10-28,LB
1625191,2026-01-29,LB,2026-01-29,LB
1625417,2025-12-23,LB,2025-12-23,LB
1625688,2026-01-28,LB,2026-01-28,LB
1625878,2021-10-06,LB,2021-10-06,LB
1625904,2021-07-21,LB,2021-07-21,LB
1626105,2023-07-10,B,2023-07-10,B
1626395,2022-12-29,LB,2022-12-29,LB
1626809,2024-05-22,LB,2024-05-22,LB
1627162,2021-10-13,LB,2021-10-13,LB
1627343,2025-12-01,LB,2025-12-01,LB
1627511,2022-04-27,LB,2023-12-26,LB
1627531,2023-12-22,LB,2023-12-22,LB
1627541,2021-12-16,LB,2023-08-16,LB
1627579,2022-09-02,LB,2022-09-02,LB
1627644,2022-06-13,LB,2022-06-13,LB
1627692,2023-06-14,LB,2023-06-14,LB
1627951,2023-07-16,LB,2023-07-16,LB
1627994,2025-08-31,LB,2025-08-31,LB
1628183,2024-02-22,LB,2024-02-22,LB
1628305,2025-03-18,LB,2025-03-18,LB
1628377,2022-03-11,LB,2025-06-12,LB
1628397,2025-11-17,LB,2025-11-17,LB
1628634,2021-10-10,LB,2021-10-10,LB
1628804,2024-01-30,LB,2024-01-30,LB
1628850,2021-07-20,LB,2025-06-30,LB
1629252,2022-10-25,LB,2022-10-25,LB
1629374,2025-03-13,LB,2025-03-13,LB
1629964,2023-10-05,LB,2023-10-05,LB
1630246,2023-04-12,LB,2023-04-12,LB
1630561,2024-02-11,LB,2024-02-11,LB
1630751,2021-08-04,LB,2021-08-04,LB
1630939,2021-09-27,LB,2025-02-10,LB
1631055,2024-08-08,LB,2024-08-08,LB
1631079,2025-12-17,LB,2025-12-17,LB
1631180,2023-09-08,LB,2026-01-06,LB
1631374,2023-12-12,LB,2023-12-12,LB
1631454,2021-06-04,LB,2021-06-04,LB
1631668,2021-02-18,LB,2021-02-18,LB
1631680,2026-01-24,LB,2026-01-24,LB
1631900,2024-07-30,LB,2024-07-30,LB
1631997,2021-02-08,LB,2021-02-08,LB
1632813,2025-07-10,LB,2025-07-10,LB
1632863,2022-09-22,LB,2022-09-22,LB
1632865,2023-12-25,LB,2023-12-25,LB
1633075,2026-01-04,LB,2026-01-04,LB
1633196,2021-11-12,LB,2022-02-23,LB
1633273,2021-12-03,LB,2021-12-03,LB
1633274,2023-12-09,LB,2023-12-09,LB
1633352,2023-02-14,LB,2023-02-14,LB
1633386,2025-10-04,LB,2025-10-04,LB
1633505,2022-03-04,LB,2023-08-10,LB
1633782,2023-08-22,LB,2023-08-22,LB
1633888,2024-07-01,LB,2024-07-01,LB
1634102,2021-02-16,LB,2021-02-16,LB
1634114,2021-03-01,LB,2021-03-01,LB
1634251,2021-12-22,LB,2022-09-19,LB
1634712,2025-12-10,LB,2025-12-10,LB
1634784,2023-12-14,LB,2023-12-14,LB
1634925,2021-02-18,LB,2021-02-18,LB
1634953,2022-04-15,LB,2022-04-15,LB
1634972,2026-01-24,LB,2026-01-24,LB
1635180,2025-04-03,LB,2025-04-03,LB
1635619,2021-02-21,LB,2021-02-21,LB
1635994,2021-08-23,LB,2021-08-23,LB
1636227,2023-05-02,LB,2023-05-02,LB
1636413,2021-02-25,LB,2021-02-25,LB
1636421,2025-10-13,LB,2025-10-13,LB
1636898,2025-02-23,LB,2025-02-23,LB
1637114,2024-02-18,LB,2024-02-18,LB
1637119,2024-09-22,LB,2024-09-22,LB
1637491,2025-09-29,LB,2025-09-29,LB
1637871,2023-12-29,LB,2023-12-29,LB
1637887,2021-10-23,LB,2021-10-23,LB
1638040,2023-05-11,LB,2023-05-11,LB
1638077,2023-02-02,LB,2023-02-02,LB
1638177,2022-03-25,LB,2025-06-10,LB
1638661,2022-07-23,LB,2022-07-23,LB
1638852,2021-12-17,LB,2025-05-26,LB
1638878,2023-10-11,LB,2023-10-11,LB
1638884,2025-10-05,LB,2025-10-05,LB
1638907,2022-11-08,LB,2022-11-08,LB
1638979,2022-02-09,LB,2025-10-05,LB
1639101,2021-07-12,LB,2021-07-12,LB
1639175,2022-10-01,LB,2024-03-12,LB
1639911,2022-06-20,LB,2022-06-20,LB
1639975,2025-10-14,LB,2025-10-14,LB
1640127,2025-06-17,LB,2025-06-17,LB
1640370,2021-08-12,LB,2021-08-12,LB
1640499,2021-04-05,LB,2021-04-05,LB
1640656,2025-10-12,LB,2025-10-12,LB
1640666,2025-03-07,LB,2025-03-07,LB
1640834,2025-02-10,LB,2025-02-10,LB
1640873,2021-11-09,LB,2021-11-09,LB
1640948,2024-01-04,LB,2025-10-08,LB
1641060,2024-03-07,LB,2024-03-07,LB
1641083,2021-03-22,LB,2021-03-22,LB
1641182,2021-03-23,LB,2021-03-23,LB
1641192,2022-08-15,LB,2022-08-15,LB
1641398,2022-03-12,LB,2025-07-30,LB
1641481,2021-08-27,LB,2021-08-27,LB
1641609,2023-08-31,LB,2023-08-31,LB
1641752,2021-09-06,LB,2021-09-06,LB
1641757,2021-12-10,LB,2024-10-26,LB
1641775,2022-09-01,LB,2022-09-01,LB
1641813,2022-08-04,LB,2022-08-04,LB
1641819,2025-06-12,LB,2025-06-12,LB
1641876,2021-12-15,LB,2025-02-19,LB
1642294,2025-12-06,LB,2025-12-06,LB
1642424,2021-03-25,LB,2021-03-25,LB
1642541,2025-09-05,LB,2025-09-05,LB
1642599,2024-02-23,B,2024-02-23,B
1642677,2025-06-12,LB,2025-06-12,LB
1642820,2022-04-11,LB,2025-12-18,LB
1642860,2025-09-07,LB,2025-09-07,LB
1643213,2024-04-25,LB,2025-05-14,LB
1643405,2022-03-10,LB,2025-05-24,LB
1643536,2021-05-08,LB,2021-05-08,LB
1643612,2026-01-26,LB,2026-01-26,LB
1644208,2024-08-09,LB,2024-08-09,LB
1644608,2021-06-26,LB,2021-06-26,LB
1644767,2023-08-30,LB,2023-08-30,LB
1644873,2023-03-12,LB,2023-03-12,LB
1645116,2021-04-02,LB,2021-04-02,LB
1645560,2020-10-28,LB,2020-10-28,LB
1645653,2025-06-03,LB,2025-09-03,LB
1645767,2022-03-31,LB,2025-07-21,LB
1645887,2025-08-18,LB,2025-08-18,LB
1645893,2021-10-21,LB,2024-03-18,LB
1646252,2021-10-08,LB,2021-10-08,LB
1646381,2022-12-20,LB,2022-12-20,LB
1646385,2026-01-31,B,2026-01-31,B
1646578,2024-02-11,LB,2024-02-11,LB
1646712,2025-01-28,LB,2025-12-05,LB
1646919,2022-05-20,LB,2025-10-19,LB
1647130,2023-05-16,LB,2023-05-16,LB
1647220,2020-11-01,LB,2020-11-01,LB
1647665,2020-11-03,LB,2020-11-03,LB
1647698,2021-04-10,LB,2021-09-13,LB
1647731,2024-11-27,LB,2024-11-27,LB
1647760,2025-02-24,LB,2026-04-06,LB
1648031,2021-04-10,LB,2021-04-10,LB
1648051,2023-10-19,LB,2023-10-19,LB
1648174,2024-04-16,LB,2024-04-16,LB
1648211,2026-01-20,LB,2026-01-20,LB
1648382,2025-11-03,LB,2025-11-03,LB
1648466,2021-02-22,LB,2021-02-22,LB
1648631,2020-11-06,LB,2020-11-06,LB
1648770,2022-04-14,LB,2022-04-14,LB
1648775,2020-11-06,LB,2020-11-06,LB
1648786,2021-04-10,LB,2021-04-10,LB
1648838,2025-06-22,LB,2025-06-22,LB
1648975,2025-11-23,LB,2025-11-23,LB
1649059,2020-12-25,LB,2020-12-25,LB
1649183,2021-06-09,LB,2021-06-09,LB
1649318,2023-10-23,LB,2023-10-23,LB
1649364,2023-10-08,LB,2023-10-08,LB
1649418,2024-11-06,LB,2024-11-06,LB
1649545,2020-11-10,LB,2020-11-10,LB
1649858,2023-06-09,LB,2023-06-09,LB
1649940,2024-11-12,LB,2025-04-03,LB
1650051,2022-07-26,LB,2022-07-26,LB
1650148,2020-11-11,LB,2020-11-11,LB
1650264,2021-04-17,LB,2021-04-17,LB
1650348,2020-11-11,LB,2020-11-11,LB
1650596,2021-04-18,LB,2021-04-18,LB
1650720,2025-05-27,LB,2025-05-27,LB
1650810,2022-08-19,LB,2022-08-19,LB
1650995,2023-09-12,LB,2023-09-12,LB
1650996,2021-04-20,LB,2021-04-20,LB
1651012,2022-06-13,LB,2022-06-13,LB
1651200,2020-11-14,LB,2020-11-14,LB
1651394,2022-06-29,LB,2022-06-29,LB
1651449,2021-04-21,LB,2021-04-21,LB
1651597,2023-09-06,LB,2023-09-06,LB
1651752,2022-10-25,LB,2022-10-25,LB
1651781,2020-11-14,LB,2020-11-14,LB
1651964,2025-11-22,LB,2025-11-22,LB
1652084,2023-11-13,LB,2023-11-13,LB
1652179,2025-09-09,LB,2025-09-09,LB
1652226,2023-01-16,LB,2023-01-16,LB
1652306,2020-11-16,LB,2020-11-16,LB
1652366,2023-06-20,LB,2023-06-20,LB
1652451,2025-12-10,LB,2025-12-10,LB
1652479,2025-12-06,LB,2025-12-06,LB
1652524,2021-04-30,LB,2021-04-30,LB
1652536,2024-03-11,LB,2024-03-11,LB
1652644,2026-01-28,LB,2026-01-28,LB
1652870,2023-02-05,LB,2023-02-05,LB
1653008,2022-05-04,LB,2026-01-24,LB
1653187,2021-04-25,LB,2021-04-25,LB
1653205,2025-01-06,LB,2025-01-06,LB
1653256,2021-06-08,LB,2021-06-08,LB
1653322,2021-10-14,LB,2021-10-14,LB
1653395,2023-10-22,LB,2023-10-22,LB
1653494,2022-07-25,LB,2022-07-25,LB
1653516,2023-09-08,LB,2023-09-08,LB
1653563,2026-01-28,B,2026-01-28,B
1653584,2025-07-30,LB,2025-07-30,LB
1653664,2025-08-17,LB,2025-08-17,LB
1653682,2022-09-12,LB,2022-09-12,LB
1653755,2024-10-13,LB,2024-10-13,LB
1653859,2023-09-29,LB,2023-09-29,LB
1654149,2023-12-30,LB,2023-12-30,LB
1654203,2021-12-12,LB,2021-12-12,LB
1654218,2023-07-29,LB,2023-07-29,LB
1654226,2021-07-17,LB,2021-07-17,LB
1654276,2023-04-11,LB,2023-04-11,LB
1655017,2021-05-01,LB,2021-05-01,LB
1655047,2026-02-01,LB,2026-02-01,LB
1655240,2022-03-22,LB,2022-03-22,LB
1655263,2024-06-24,LB,2024-06-24,LB
1655360,2025-12-26,B,2025-12-26,B
1655378,2020-11-24,LB,2020-11-24,LB
1655583,2023-08-21,LB,2023-08-21,LB
1655677,2020-11-25,LB,2020-11-25,LB
1655751,2024-08-08,LB,2024-08-08,LB
1655842,2025-06-12,LB,2025-06-12,LB
1655882,2022-06-08,LB,2022-06-08,LB
1655943,2021-06-02,LB,2021-06-02,LB
1655986,2022-03-17,LB,2025-11-02,LB
1655996,2021-07-20,LB,2026-02-01,LB
1656234,2025-12-01,LB,2025-12-01,LB
1656356,2020-11-26,LB,2020-11-26,LB
1656527,2025-05-25,LB,2025-05-25,LB
1656570,2022-04-06,LB,2025-12-30,LB
1656659,2023-10-27,LB,2023-10-27,LB
1656684,2021-10-14,B,2021-10-14,B
1656754,2025-05-14,LB,2025-05-14,LB
1656822,2023-08-16,LB,2023-08-16,LB
1657068,2022-11-02,LB,2022-11-02,LB
1657154,2023-09-21,LB,2023-09-21,LB
1657449,2021-07-13,LB,2021-07-13,LB
1658083,2025-08-15,LB,2025-08-15,LB
1658278,2023-01-16,LB,2023-01-16,LB
1658700,2023-08-17,LB,2023-08-17,LB
1658777,2023-10-20,LB,2023-10-20,LB
1658789,2020-12-04,LB,2020-12-04,LB
1658925,2025-02-17,LB,2025-02-17,LB
1659331,2022-11-22,LB,2022-11-22,LB
1659382,2024-01-09,LB,2024-01-09,LB
1659437,2022-02-09,LB,2022-02-09,LB
1659517,2023-12-13,LB,2023-12-13,LB
1659538,2022-03-28,LB,2022-03-28,LB
1659553,2020-12-08,LB,2020-12-08,LB
1660156,2020-12-09,LB,2020-12-09,LB
1660416,2021-05-19,LB,2021-05-19,LB
1660473,2023-07-07,LB,2023-07-07,LB
1660695,2020-12-11,LB,2020-12-11,LB
1661239,2022-12-03,LB,2022-12-03,LB
1661387,2022-05-31,LB,2024-10-09,LB
1661437,2023-05-28,LB,2023-05-28,LB
1661519,2023-04-18,LB,2023-04-18,LB
1661940,2022-02-05,LB,2022-02-05,LB
1661995,2022-12-22,LB,2022-12-22,LB
1662101,2021-04-23,LB,2021-04-23,LB
1662245,2023-08-03,B,2023-08-03,B
1662409,2021-08-08,LB,2021-08-08,LB
1662638,2022-10-27,LB,2022-10-27,LB
1662814,2026-01-13,LB,2026-01-13,LB
1662835,2021-01-06,LB,2021-01-06,LB
1662838,2024-01-27,LB,2024-01-27,LB
1662842,2021-12-22,LB,2021-12-22,LB
1662855,2025-11-25,LB,2025-11-25,LB
1663108,2022-11-24,LB,2022-11-24,LB
1663500,2025-02-17,LB,2025-02-17,LB
1663694,2021-06-18,LB,2021-06-18,LB
1664033,2021-06-02,LB,2021-06-02,LB
1664040,2021-05-08,LB,2021-05-08,LB
1664104,2025-09-25,LB,2025-09-25,LB
1664154,2020-12-22,LB,2020-12-22,LB
1664158,2025-05-08,LB,2025-05-08,LB
1664238,2022-06-17,LB,2022-06-17,LB
1664416,2020-12-22,LB,2020-12-22,LB
1664500,2021-06-03,LB,2021-06-03,LB
1664570,2021-04-10,LB,2021-04-10,LB
1664578,2022-12-29,LB,2022-12-29,LB
1664595,2020-12-22,LB,2020-12-22,LB
1664879,2024-11-17,LB,2024-11-17,LB
1665069,2023-07-25,LB,2023-07-25,LB
1665242,2021-08-05,LB,2021-08-05,LB
1665372,2022-03-04,LB,2024-03-24,LB
1665376,2023-01-17,LB,2023-01-17,LB
1665612,2025-09-30,LB,2026-01-07,LB
1665735,2023-09-08,LB,2025-12-30,LB
1665922,2022-02-22,LB,2022-02-22,LB
1665957,2022-01-16,LB,2022-01-16,LB
1666407,2023-08-30,LB,2023-08-30,LB
1666489,2021-06-12,LB,2021-06-12,LB
1666898,2022-02-10,LB,2022-02-10,LB
1666927,2020-12-28,LB,2020-12-28,LB
1667114,2024-06-10,LB,2024-06-10,LB
1667402,2020-12-29,LB,2020-12-29,LB
1667446,2023-10-12,LB,2025-12-19,LB
1667676,2023-09-29,LB,2023-09-29,LB
1667678,2024-08-29,LB,2024-08-29,LB
1667884,2025-03-13,LB,2025-03-13,LB
1667904,2021-08-18,LB,2023-09-03,LB
1667910,2020-12-31,LB,2020-12-31,LB
1668062,2023-01-17,LB,2023-01-17,LB
1668077,2026-01-09,LB,2026-01-09,LB
1668240,2025-10-24,LB,2025-10-24,LB
1668328,2023-04-16,LB,2023-04-16,LB
1668658,2023-09-10,LB,2023-09-10,LB
1668825,2021-01-03,LB,2021-01-03,LB
1668848,2022-10-27,LB,2022-10-27,LB
1668969,2024-01-31,LB,2024-01-31,LB
1669158,2022-09-12,LB,2022-09-12,LB
1669275,2024-03-06,B,2024-03-06,B
1669319,2021-07-23,LB,2021-07-23,LB
1669508,2021-06-22,LB,2021-06-22,LB
1669757,2025-02-21,LB,2025-02-21,LB
1670266,2021-01-08,LB,2021-01-08,LB
1670289,2023-07-07,LB,2023-07-07,LB
1670447,2025-11-22,LB,2025-11-22,LB
1670543,2023-10-01,LB,2026-01-22,LB
1670751,2021-06-26,LB,2021-06-26,LB
1670810,2021-01-11,LB,2021-01-11,LB
1671041,2022-08-31,LB,2022-08-31,LB
1671129,2019-09-10,LB,2025-11-17,LB
1671248,2023-11-24,LB,2023-11-24,LB
1671410,2024-10-17,LB,2024-10-17,LB
1671482,2022-08-10,LB,2022-08-10,LB
1671590,2023-06-19,LB,2023-06-19,LB
1671651,2024-02-06,B,2024-02-06,B
1671729,2021-10-23,LB,2025-08-25,LB
1672237,2021-01-17,LB,2021-01-17,LB
1672264,2021-10-24,LB,2021-10-24,LB
1672303,2024-02-17,LB,2024-02-17,LB
1672392,2021-03-17,LB,2021-03-17,LB
1672573,2021-07-03,LB,2021-07-03,LB
1672869,2025-12-15,LB,2025-12-15,LB
1673169,2022-12-27,LB,2022-12-27,LB
1673345,2022-10-17,LB,2022-10-17,LB
1673383,2021-07-08,LB,2021-07-08,LB
1673488,2025-12-14,LB,2025-12-14,LB
1673811,2022-04-01,LB,2025-12-08,LB
1673812,2021-07-11,LB,2021-07-11,LB
1673971,2021-01-26,LB,2021-01-26,LB
1674196,2021-12-09,LB,2021-12-09,LB
1674208,2021-07-13,LB,2021-07-13,LB
1674377,2019-08-15,LB,2025-03-10,LB
1674430,2022-06-27,LB,2022-06-27,LB
1674464,2021-01-28,LB,2021-01-28,LB
1674620,2025-06-12,LB,2025-06-12,LB
1674627,2025-10-07,LB,2025-10-07,LB
1674797,2024-11-30,LB,2024-11-30,LB
1675956,2023-07-01,VUS,2025-09-26,VUS
1676824,2021-07-21,VUS,2021-07-21,VUS
1676826,2021-09-08,LP,2021-09-08,LP
1676855,2023-04-11,VUS,2025-12-29,VUS
1676877,2022-04-18,VUS,2022-04-18,VUS
1677160,2022-03-20,VUS,2022-03-20,VUS
1678212,2021-06-15,VUS,2021-06-15,VUS
1678410,2021-06-05,VUS,2021-06-05,VUS
1678532,2022-03-22,VUS,2022-03-22,VUS
1678569,2023-03-30,VUS,2023-03-30,VUS
1678580,2023-03-30,LP,2023-12-31,LP
1678593,2020-11-30,VUS,2025-11-06,VUS
1678607,2023-03-30,VUS,2024-06-28,VUS
1678634,2023-03-30,LP,2023-03-30,LP
1679281,2021-08-01,VUS,2021-08-01,VUS
1683462,2022-04-01,P,2023-08-17,P
1683494,2022-05-04,P,2022-05-04,P
1683852,2022-04-26,LP,2022-04-26,LP
1683968,2021-10-29,VUS,2025-01-27,VUS
1684064,2020-05-18,LB,2020-05-18,LB
1685654,2023-10-11,P,2023-10-11,P
1685655,2022-05-04,P,2022-05-04,P
1685656,2022-05-04,P,2022-05-04,P
1686528,2022-05-04,VUS,2022-05-04,VUS
1686587,2022-05-04,VUS,2022-05-04,VUS
1686758,2021-11-22,VUS,2021-11-22,VUS
1687188,2022-05-22,LP,2022-05-22,LP
1687202,2022-05-22,VUS,2022-05-22,VUS
1687284,2022-05-22,VUS,2022-05-22,VUS
1687364,2024-03-07,P,2024-03-07,P
1687414,2022-05-22,P,2022-05-22,P
1687543,2022-05-22,VUS,2022-05-22,VUS
1690863,2020-04-17,LP,2020-04-17,LP
1691504,2022-06-14,LP,2022-06-14,LP
1691826,2019-11-05,P,2019-11-05,P
1693294,2021-12-16,VUS,2021-12-16,VUS
1693689,2021-09-28,VUS,2021-09-28,VUS
1693694,2021-11-30,VUS,2023-01-22,VUS
1693705,2021-07-21,VUS,2021-07-21,VUS
1693711,2021-04-12,VUS,2025-10-02,VUS
1693729,2021-06-16,VUS,2021-06-16,VUS
1693744,2021-09-01,VUS,2021-09-01,VUS
1693885,2021-07-19,VUS,2021-07-19,VUS
1695003,2022-04-01,VUS,2025-12-22,VUS
1695007,2022-06-01,P,2026-04-07,P
1695486,2022-01-10,VUS,2022-01-10,VUS
1695617,2022-01-06,VUS,2022-01-06,VUS
1696078,2022-05-18,VUS,2022-05-18,VUS
1696080,2022-05-18,VUS,2022-11-02,VUS
1696905,2024-04-02,LP,2024-04-02,LP
1696992,2022-01-12,VUS,2022-01-12,VUS
1697058,2022-01-13,VUS,2022-01-13,VUS
1697869,2025-03-04,VUS,2025-03-04,VUS
1698203,2022-01-24,VUS,2022-01-24,VUS
1698603,2022-06-21,VUS,2025-12-24,VUS
1698726,2021-03-02,LP,2021-03-02,LP
1698741,2020-10-07,VUS,2025-10-02,VUS
1699298,2022-06-24,VUS,2022-06-24,VUS
1699375,2022-02-02,VUS,2022-02-02,VUS
1699616,2022-01-27,VUS,2022-01-27,VUS
1699661,2022-01-31,VUS,2022-01-31,VUS
1699904,2022-08-03,LP,2025-09-18,LP
1699943,2022-01-01,P,2022-01-01,P
1700009,2022-08-01,LP,2022-08-01,LP
1700012,2022-04-26,LP,2022-04-26,LP
1700014,2022-06-09,LP,2022-06-09,LP
1700016,2022-06-30,LP,2022-06-30,LP
1700693,2022-07-29,LP,2022-07-29,LP
1700784,2022-08-10,VUS,2022-08-10,VUS
1700967,2022-02-11,VUS,2022-12-03,VUS
1701410,2022-07-01,VUS,2022-07-06,VUS
1702617,2022-02-22,VUS,2024-03-28,VUS
1702796,2022-02-17,VUS,2022-02-17,VUS
1703357,2022-08-19,P,2025-07-31,P
1703369,2022-02-25,VUS,2025-12-01,VUS
1703962,2019-07-01,VUS,2025-05-08,VUS
1703963,2022-03-01,VUS,2025-04-03,VUS
1704308,2022-09-09,LP,2022-09-09,LP
1704374,2022-03-11,LB,2023-07-16,LB
1704877,2022-03-08,VUS,2022-03-08,VUS
1704880,2022-03-03,VUS,2025-09-26,VUS
1704907,2022-03-07,VUS,2022-03-07,VUS
1704987,2022-09-12,VUS,2025-07-01,VUS
1705302,2025-02-07,VUS,2025-02-07,VUS
1705311,2022-09-01,LP,2025-04-08,LP
1705345,2022-09-01,VUS,2022-09-01,VUS
1705412,2022-09-01,VUS,2022-09-01,VUS
1705414,2022-09-01,VUS,2022-09-01,VUS
1705447,2022-09-01,LP,2024-07-30,LP
1705461,2022-09-01,LP,2022-09-01,LP
1705470,2022-09-01,VUS,2022-09-01,VUS
1705598,2024-12-16,P,2024-12-16,P
1705628,2022-09-01,LP,2022-09-01,LP
1705722,2022-09-01,VUS,2025-04-11,VUS
1707262,2022-03-20,VUS,2022-03-20,VUS
1707349,2021-05-03,LB,2021-05-03,LB
1708055,2022-06-07,LP,2022-06-07,LP
1708281,2021-12-15,P,2021-12-15,P
1708282,2021-12-15,P,2021-12-15,P
1708589,2022-04-08,VUS,2022-04-08,VUS
1709407,2022-05-04,VUS,2025-08-08,VUS
1709954,2021-09-07,LP,2021-09-07,LP
1711171,2021-01-08,P,2021-01-08,P
1711180,2021-01-08,P,2021-01-08,P
1711233,2022-09-01,LP,2022-09-01,LP
1711460,2022-08-01,VUS,2022-08-01,VUS
1711461,2022-09-01,P,2022-09-01,P
1711716,2025-09-16,LP,2026-01-01,LP
1712328,2023-09-04,LP,2023-09-04,LP
1712353,2016-12-12,LP,2016-12-12,LP
1712355,2016-12-12,VUS,2016-12-12,VUS
1712365,2016-12-12,VUS,2016-12-12,VUS
1712366,2016-12-12,B,2016-12-12,B
1712373,2018-08-01,VUS,2025-10-02,VUS
1712415,2022-03-21,LP,2024-06-17,LP
1712416,2022-03-21,LP,2024-03-06,LP
1712420,2018-03-01,VUS,2018-03-01,VUS
1712431,2022-06-24,LP,2025-10-02,LP
1712432,2022-03-15,LB,2022-03-15,LB
1712433,2022-03-15,VUS,2022-03-15,VUS
1712444,2022-04-11,VUS,2025-10-06,VUS
1712445,2021-03-15,VUS,2021-03-15,VUS
1712447,2021-11-03,LB,2024-10-20,LB
1712448,2017-02-06,LB,2025-10-02,LB
1712452,2021-06-30,LB,2025-07-22,LB
1712453,2021-06-18,VUS,2025-12-30,VUS
1712455,2020-04-01,VUS,2024-03-01,VUS
1712457,2020-10-09,VUS,2020-10-09,VUS
1712459,2020-03-01,LP,2020-03-01,LP
1712461,2022-02-28,LP,2022-02-28,LP
1712462,2020-02-01,VUS,2020-02-01,VUS
1712463,2019-12-01,VUS,2019-12-01,VUS
1712732,2022-04-26,VUS,2024-03-27,VUS
1713659,2023-04-24,VUS,2023-04-24,VUS
1713993,2023-10-13,VUS,2023-10-13,VUS
1714100,2022-07-29,VUS,2022-07-29,VUS
1714685,2022-09-26,VUS,2022-09-26,VUS
1714789,2022-08-02,VUS,2022-08-02,VUS
1715064,2022-08-05,VUS,2022-08-05,VUS
1715133,2022-08-05,VUS,2022-08-05,VUS
1715734,2022-08-19,VUS,2022-08-19,VUS
1715938,2022-09-23,VUS,2022-09-23,VUS
1716725,2022-09-23,VUS,2022-09-23,VUS
1716765,2022-08-19,VUS,2022-08-19,VUS
1716786,2023-09-26,VUS,2023-09-26,VUS
1716916,2022-09-07,VUS,2022-09-07,VUS
1716988,2022-08-19,VUS,2022-08-19,VUS
1717018,2022-08-20,VUS,2022-08-20,VUS
1717387,2022-07-14,VUS,2025-09-10,VUS
1717511,2024-07-15,VUS,2024-07-15,VUS
1717810,2024-02-06,VUS,2026-01-18,VUS
1718036,2025-03-18,VUS,2025-03-18,VUS
1718225,2022-08-28,VUS,2022-08-28,VUS
1718277,2022-08-29,VUS,2022-08-29,VUS
1718324,2025-06-12,VUS,2025-06-12,VUS
1718383,2022-08-30,VUS,2022-08-30,VUS
1718389,2022-08-30,VUS,2022-08-30,VUS
1718492,2022-09-12,VUS,2022-09-12,VUS
1718573,2022-09-01,VUS,2022-09-01,VUS
1718581,2022-09-01,VUS,2022-09-01,VUS
1718685,2022-09-02,VUS,2022-09-02,VUS
1718691,2024-05-15,VUS,2025-01-24,VUS
1718797,2024-06-11,VUS,2024-06-11,VUS
1718924,2022-09-08,VUS,2022-09-08,VUS
1719028,2022-09-07,VUS,2022-09-07,VUS
1719060,2022-10-21,VUS,2022-10-21,VUS
1719153,2024-10-22,VUS,2024-10-22,VUS
1719226,2024-03-07,VUS,2024-03-07,VUS
1719455,2025-06-22,VUS,2025-06-22,VUS
1719549,2025-01-23,VUS,2025-01-23,VUS
1719573,2022-09-24,VUS,2022-09-24,VUS
1719610,2022-09-16,VUS,2022-09-16,VUS
1719977,2022-09-21,VUS,2022-09-21,VUS
1719990,2022-09-21,VUS,2022-09-21,VUS
1719991,2025-03-31,VUS,2025-03-31,VUS
1719992,2022-09-21,VUS,2022-09-21,VUS
1720527,2022-09-27,VUS,2022-09-27,VUS
1720538,2023-03-27,VUS,2023-03-27,VUS
1720884,2022-10-27,VUS,2022-10-27,VUS
1721104,2022-10-07,VUS,2022-10-07,VUS
1721171,2022-10-07,VUS,2022-10-07,VUS
1721186,2023-07-26,VUS,2023-07-26,VUS
1721303,2022-10-08,VUS,2022-10-08,VUS
1721384,2022-10-10,VUS,2022-10-10,VUS
1721488,2022-10-12,VUS,2022-10-12,VUS
1721564,2022-10-13,VUS,2022-10-13,VUS
1721569,2022-10-13,VUS,2022-10-13,VUS
1721585,2022-10-13,VUS,2022-10-13,VUS
1721617,2023-02-08,VUS,2023-02-08,VUS
1721768,2022-10-17,VUS,2025-09-30,VUS
1721790,2022-10-17,VUS,2022-10-17,VUS
1721989,2022-10-21,VUS,2022-10-21,VUS
1722165,2022-10-25,VUS,2022-10-25,VUS
1722166,2022-10-25,VUS,2022-10-25,VUS
1722168,2022-10-25,VUS,2022-10-25,VUS
1722797,2022-05-03,VUS,2022-05-03,VUS
1723102,2022-05-03,VUS,2022-05-03,VUS
1723183,2022-11-10,LP,2022-11-10,LP
1723554,2022-05-06,VUS,2022-05-06,VUS
1723621,2022-11-07,VUS,2022-11-07,VUS
1723923,2022-03-22,LP,2022-03-22,LP
1723944,2022-01-15,LP,2022-01-15,LP
1723962,2022-01-17,LP,2022-01-17,LP
1723965,2021-11-02,LP,2021-11-02,LP
1724058,2022-01-24,LP,2022-01-24,LP
1724175,2021-11-07,LP,2021-11-07,LP
1724211,2022-02-02,LP,2022-02-02,LP
1724223,2022-02-02,LP,2022-02-02,LP
1724234,2022-02-02,LP,2022-02-02,LP
1724239,2022-02-02,LP,2022-02-02,LP
1724270,2022-02-02,LP,2022-02-02,LP
1724281,2022-02-04,LP,2022-02-04,LP
1724317,2022-02-05,LP,2022-02-05,LP
1724324,2022-02-05,LP,2022-02-05,LP
1724348,2022-02-07,LP,2022-02-07,LP
1724363,2022-02-11,LP,2022-02-11,LP
1724373,2021-11-10,LP,2021-11-10,LP
1724394,2022-02-12,LP,2022-02-12,LP
1724400,2022-02-12,LP,2022-02-12,LP
1724426,2022-02-17,LP,2022-02-17,LP
1724442,2022-02-17,LP,2022-02-17,LP
1724494,2021-11-14,LP,2021-11-14,LP
1724511,2022-02-17,LP,2022-02-17,LP
1724520,2022-02-19,LP,2022-02-19,LP
1724537,2022-02-19,LP,2022-02-19,LP
1724543,2022-02-19,LP,2022-02-19,LP
1724571,2022-02-20,LP,2022-02-20,LP
1724600,2022-02-20,LP,2022-02-20,LP
1724603,2022-02-20,LP,2022-02-20,LP
1724618,2022-02-22,LP,2022-02-22,LP
1724646,2022-02-24,LP,2022-02-24,LP
1724649,2022-02-24,LP,2022-02-24,LP
1724684,2022-02-25,LP,2022-02-25,LP
1724746,2022-02-25,LP,2022-02-25,LP
1724768,2022-02-25,LP,2022-02-25,LP
1724781,2021-11-19,LP,2021-11-19,LP
1724786,2022-02-27,LP,2022-02-27,LP
1724804,2022-02-28,LP,2022-02-28,LP
1724816,2022-02-28,LP,2022-02-28,LP
1724859,2022-03-02,LP,2022-03-02,LP
1724865,2022-03-02,LP,2022-03-02,LP
1724871,2022-03-02,LP,2022-03-02,LP
1724879,2022-03-02,LP,2022-03-02,LP
1724884,2022-03-02,LP,2022-03-02,LP
1724899,2022-03-02,LP,2022-03-02,LP
1724913,2022-03-02,LP,2022-03-02,LP
1724925,2022-03-02,LP,2022-03-02,LP
1724941,2021-11-25,LP,2021-11-25,LP
1724947,2022-03-03,LP,2022-03-03,LP
1724991,2022-03-04,LP,2022-03-04,LP
1725002,2022-03-04,LP,2022-03-04,LP
1725041,2022-03-05,LP,2022-03-05,LP
1725051,2022-03-06,LP,2022-03-06,LP
1725102,2022-03-08,LP,2022-03-08,LP
1725104,2022-03-08,LP,2022-03-08,LP
1725154,2022-03-10,LP,2022-03-10,LP
1725167,2022-03-11,LP,2022-03-11,LP
1725179,2022-03-14,LP,2022-03-14,LP
1725215,2021-12-02,LP,2024-06-17,LP
1725229,2022-03-14,LP,2024-06-19,LP
1725244,2022-03-15,LP,2022-03-15,LP
1725248,2021-12-02,LP,2021-12-02,LP
1725276,2022-03-15,LP,2022-03-15,LP
1725346,2022-03-17,LP,2022-03-17,LP
1725417,2022-03-20,LP,2023-12-29,LP
1725419,2022-03-20,LP,2022-03-20,LP
1725420,2022-03-20,LP,2022-03-20,LP
1725440,2022-03-21,LP,2022-03-21,LP
1725442,2022-03-21,LP,2023-12-01,LP
1725465,2022-03-25,LP,2024-05-02,LP
1725522,2022-03-29,LP,2022-03-29,LP
1725533,2022-03-30,LP,2022-03-30,LP
1725540,2022-03-30,LP,2022-03-30,LP
1725541,2022-03-30,LP,2022-03-30,LP
1725553,2022-03-30,LP,2022-03-30,LP
1725554,2022-03-30,LP,2022-03-30,LP
1725573,2022-03-30,LP,2022-03-30,LP
1725602,2022-03-30,LP,2022-03-30,LP
1725609,2022-03-30,LP,2022-03-30,LP
1725610,2022-03-30,LP,2022-03-30,LP
1725647,2022-03-30,LP,2022-03-30,LP
1725657,2022-03-30,LP,2022-03-30,LP
1725699,2022-03-31,LP,2022-03-31,LP
1725701,2022-03-31,LP,2022-03-31,LP
1725720,2022-03-31,LP,2022-03-31,LP
1725754,2022-03-31,LP,2022-03-31,LP
1725775,2022-03-31,LP,2022-03-31,LP
1725776,2021-12-07,LP,2021-12-07,LP
1725787,2021-12-07,LP,2021-12-07,LP
1725794,2022-04-01,LP,2022-04-01,LP
1725802,2022-04-01,LP,2022-04-01,LP
1725844,2022-04-03,LP,2022-04-03,LP
1725880,2022-04-04,LP,2022-04-04,LP
1725953,2022-04-23,LP,2022-04-23,LP
1725958,2022-04-23,LP,2022-04-23,LP
1725962,2022-04-23,LP,2022-04-23,LP
1725970,2021-12-08,LP,2021-12-08,LP
1725977,2022-04-29,LP,2022-04-29,LP
1725980,2022-04-29,LP,2022-04-29,LP
1725983,2022-04-29,LP,2022-04-29,LP
1725994,2022-04-30,LP,2022-04-30,LP
1726008,2022-05-04,LP,2022-05-04,LP
1726011,2022-05-04,LP,2022-05-04,LP
1726028,2022-05-07,LP,2022-05-07,LP
1726073,2022-05-18,LP,2022-05-18,LP
1726077,2022-05-18,LP,2022-05-18,LP
1726082,2022-05-18,LP,2022-05-18,LP
1726087,2022-05-18,LP,2022-05-18,LP
1726108,2022-05-18,LP,2022-05-18,LP
1726113,2022-05-18,LP,2022-05-18,LP
1726135,2022-05-18,LP,2022-05-18,LP
1726146,2022-05-18,LP,2022-05-18,LP
1726151,2022-05-18,LP,2022-05-18,LP
1726170,2022-05-18,LP,2022-05-18,LP
1726188,2022-05-21,LP,2022-05-21,LP
1726240,2022-05-30,LP,2022-05-30,LP
1726241,2022-05-30,LP,2022-05-30,LP
1726318,2021-12-16,LP,2021-12-16,LP
1726339,2021-12-16,LP,2021-12-16,LP
1726361,2021-12-16,LP,2021-12-16,LP
1726362,2021-12-16,LP,2021-12-16,LP
1726368,2021-12-16,LP,2021-12-16,LP
1726370,2021-12-16,LP,2021-12-16,LP
1726429,2021-12-17,LP,2021-12-17,LP
1726534,2021-12-17,LP,2021-12-17,LP
1726562,2021-12-21,LP,2021-12-21,LP
1726595,2021-12-27,LP,2021-12-27,LP
1726604,2021-12-27,LP,2021-12-27,LP
1726647,2021-12-30,LP,2021-12-30,LP
1726654,2021-12-30,LP,2021-12-30,LP
1726716,2021-12-31,LP,2021-12-31,LP
1726746,2021-12-31,LP,2021-12-31,LP
1726754,2021-12-31,LP,2021-12-31,LP
1726775,2022-01-02,LP,2022-01-02,LP
1726805,2022-02-25,LP,2022-02-25,LP
1726838,2022-01-02,LP,2022-01-02,LP
1726851,2022-01-02,LP,2022-01-02,LP
1726863,2022-01-02,LP,2022-01-02,LP
1726872,2022-01-02,LP,2022-01-02,LP
1726915,2022-01-02,LP,2022-01-02,LP
1726930,2022-01-02,LP,2022-01-02,LP
1726954,2022-01-02,LP,2022-01-02,LP
1726986,2022-01-06,LP,2022-01-06,LP
1800874,2022-05-26,VUS,2022-05-26,VUS
1803258,2019-09-10,VUS,2019-09-10,VUS
1803636,2022-06-07,P,2022-06-07,P
1803724,2022-09-15,VUS,2022-09-15,VUS
1803952,2022-03-14,LP,2022-03-14,LP
1803953,2022-03-02,LP,2022-03-02,LP
1804092,2022-03-11,LP,2022-03-11,LP
1804093,2022-07-29,LP,2022-07-29,LP
1804094,2022-03-14,LP,2022-03-14,LP
1804095,2022-07-28,LP,2022-07-28,LP
1804096,2022-03-14,LP,2024-01-03,LP
1804097,2022-03-29,LP,2022-03-29,LP
1804098,2022-03-29,P,2022-03-29,P
1804099,2022-05-03,LP,2024-06-04,LP
1804101,2022-07-29,LP,2023-07-06,LP
1804102,2022-08-01,LP,2022-08-01,LP
1804103,2021-09-09,P,2025-07-16,P
1804104,2022-08-01,LP,2022-08-01,LP
1804105,2022-03-21,LP,2022-03-21,LP
1804106,2022-03-15,LP,2022-03-15,LP
1804107,2022-03-09,P,2022-03-09,P
1804205,2022-06-13,VUS,2023-08-02,VUS
1804415,2022-12-07,VUS,2022-12-07,VUS
1804616,2022-06-16,P,2022-06-16,P
1805038,2021-05-06,VUS,2021-05-06,VUS
1805490,2020-10-19,LP,2022-12-01,LP
1805492,2025-09-18,LP,2025-09-18,LP
1805498,2020-06-11,P,2020-06-11,P
1806082,2020-10-19,LP,2020-10-19,LP
1806169,2024-12-19,LP,2024-12-19,LP
1806600,2020-07-02,VUS,2022-06-21,VUS
1807133,2021-06-15,P,2021-06-15,P
1807134,2021-12-23,VUS,2024-04-15,VUS
1809643,2022-12-17,VUS,2022-12-17,VUS
1809673,2022-12-17,VUS,2025-09-30,VUS
1809685,2021-12-21,LB,2025-07-13,LB
1809966,2022-07-01,VUS,2025-03-30,VUS
1810141,2022-07-05,P,2022-07-05,P
1810201,2023-01-05,LP,2023-01-05,LP
1810216,2022-12-17,P,2022-12-17,P
1810574,2023-01-05,VUS,2023-01-05,VUS
1878249,2022-12-08,VUS,2025-07-02,VUS
1878406,2022-12-29,LP,2022-12-29,LP
1878686,2022-07-14,P,2022-07-14,P
1878827,2022-07-13,LP,2025-02-05,LP
1879106,2026-03-01,LB,2026-03-01,LB
1879414,2023-01-01,LP,2023-01-01,LP
1895477,2023-07-28,LB,2023-07-28,LB
1895581,2022-05-16,LB,2022-05-16,LB
1895650,2021-12-13,VUS,2021-12-13,VUS
1895743,2023-07-27,VUS,2023-07-27,VUS
1896144,2022-02-02,LB,2022-05-24,LB
1896391,2024-11-18,LB,2024-11-18,LB
1896481,2026-01-19,B,2026-01-19,B
1896507,2021-12-20,LB,2021-12-20,LB
1896769,2025-03-17,LB,2025-03-17,LB
1896803,2023-12-19,VUS,2023-12-19,VUS
1897037,2022-07-05,LB,2022-07-05,LB
1897097,2025-09-05,LB,2025-09-05,LB
1897163,2023-03-25,VUS,2025-09-29,VUS
1897169,2022-09-13,VUS,2024-02-10,VUS
1897433,2025-06-12,VUS,2025-06-12,VUS
1897750,2020-10-06,VUS,2020-10-06,VUS
1897753,2025-06-12,VUS,2025-06-12,VUS
1898002,2024-10-30,LB,2024-10-30,LB
1898443,2023-05-14,VUS,2023-05-14,VUS
1898587,2025-10-23,LB,2025-10-23,LB
1898674,2023-07-27,LB,2023-07-27,LB
1898905,2023-11-16,LB,2025-06-03,LB
1899055,2025-02-10,LB,2025-02-10,LB
1899125,2022-02-17,LB,2022-02-17,LB
1899164,2025-10-20,LB,2025-10-20,LB
1899180,2026-01-12,VUS,2026-01-12,VUS
1899546,2022-07-03,LB,2022-07-03,LB
1899661,2022-05-20,VUS,2024-04-15,VUS
1900082,2024-01-31,B,2024-01-31,B
1900098,2023-01-09,LB,2023-01-09,LB
1900407,2025-05-19,LB,2025-05-19,LB
1900925,2023-08-16,LB,2023-08-16,LB
1900997,2025-02-15,LB,2025-06-18,LB
1901077,2022-09-12,LB,2022-09-12,LB
1901316,2022-11-28,LB,2022-11-28,LB
1901419,2022-06-13,VUS,2025-01-23,VUS
1901580,2025-01-13,LB,2025-01-13,LB
1901628,2025-12-22,LB,2025-12-22,LB
1901636,2023-04-28,VUS,2023-04-28,VUS
1901720,2022-09-02,LB,2022-09-02,LB
1902086,2022-01-17,VUS,2022-01-17,VUS
1902096,2023-06-12,VUS,2025-03-27,VUS
1902173,2026-01-08,LB,2026-01-08,LB
1902305,2023-12-20,VUS,2024-11-07,VUS
1902659,2022-08-01,VUS,2022-08-01,VUS
1902850,2024-01-09,VUS,2025-10-30,VUS
1903029,2025-03-22,LB,2025-10-02,LB
1903683,2022-05-04,VUS,2022-05-04,VUS
1904095,2025-05-07,LB,2025-05-07,LB
1904463,2025-10-06,LB,2025-10-06,LB
1904531,2022-03-26,VUS,2025-09-30,VUS
1904979,2023-03-15,LB,2023-03-15,LB
1905110,2022-09-12,VUS,2022-09-12,VUS
1905138,2025-08-08,B,2025-08-08,B
1905158,2022-05-25,VUS,2022-05-25,VUS
1905190,2022-09-10,LB,2022-09-10,LB
1905264,2024-07-04,LB,2024-07-04,LB
1905290,2024-02-17,VUS,2024-08-28,VUS
1905291,2024-02-17,VUS,2024-02-17,VUS
1905392,2022-02-21,LB,2022-02-21,LB
1905429,2025-06-12,LB,2025-06-12,LB
1905492,2024-10-27,LB,2025-11-01,LB
1905493,2025-02-17,LB,2025-05-14,LB
1905805,2025-03-10,LB,2025-03-10,LB
1905853,2024-05-24,VUS,2025-10-27,VUS
1905922,2022-08-31,VUS,2022-08-31,VUS
1906159,2020-11-12,VUS,2020-11-12,VUS
1906160,2022-02-20,VUS,2022-02-20,VUS
1906345,2022-06-12,VUS,2025-09-26,VUS
1906392,2022-11-01,LB,2022-11-01,LB
1906588,2020-11-10,VUS,2020-11-10,VUS
1906694,2022-05-30,VUS,2023-12-26,VUS
1906864,2022-01-11,LB,2022-01-11,LB
1907007,2024-01-25,LB,2024-01-25,LB
1907108,2024-10-22,VUS,2024-10-22,VUS
1907290,2023-10-29,LB,2023-10-29,LB
1907543,2023-11-24,LB,2023-11-24,LB
1907858,2025-07-10,LB,2025-07-10,LB
1908337,2024-10-28,LB,2024-10-28,LB
1908910,2022-04-13,LB,2022-04-13,LB
1909089,2022-09-12,VUS,2022-09-12,VUS
1909237,2024-06-01,VUS,2025-08-18,VUS
1909303,2024-03-28,VUS,2025-07-16,VUS
1909598,2024-05-06,LB,2024-05-06,LB
1910079,2022-03-29,VUS,2025-10-03,VUS
1910083,2025-06-04,LB,2025-06-04,LB
1910280,2025-06-03,LB,2025-06-03,LB
1910384,2022-08-04,VUS,2025-04-10,VUS
1910410,2022-10-14,LP,2024-06-11,LP
1910666,2020-11-23,VUS,2020-11-23,VUS
1910669,2023-04-28,LB,2023-04-28,LB
1910885,2021-11-10,VUS,2025-07-08,VUS
1911454,2022-05-25,VUS,2022-05-25,VUS
1912077,2022-09-09,LB,2022-09-09,LB
1912078,2022-09-09,VUS,2022-09-09,VUS
1912137,2022-02-23,LB,2022-02-23,LB
1912303,2022-11-22,VUS,2022-11-22,VUS
1913365,2022-04-10,VUS,2022-04-10,VUS
1913464,2022-03-12,VUS,2022-03-12,VUS
1913903,2022-06-01,LB,2022-06-01,LB
1914900,2024-12-10,VUS,2024-12-10,VUS
1915189,2022-08-08,LP,2022-08-08,LP
1915295,2025-10-11,B,2025-10-11,B
1915325,2024-04-03,LB,2024-04-03,LB
1915383,2025-09-04,LB,2025-09-04,LB
1915490,2022-10-13,LB,2022-10-13,LB
1915498,2025-11-03,LB,2025-11-03,LB
1915836,2022-09-16,LB,2022-09-16,LB
1915921,2024-04-11,LB,2024-04-11,LB
1915988,2025-08-22,VUS,2025-12-11,VUS
1916153,2024-03-18,LB,2024-03-18,LB
1916154,2024-03-18,LB,2024-03-18,LB
1916520,2023-12-12,VUS,2024-09-01,VUS
1916538,2026-01-06,LB,2026-01-06,LB
1917186,2024-09-24,VUS,2024-09-24,VUS
1917198,2022-08-10,LB,2022-08-10,LB
1917202,2025-09-29,LB,2025-09-29,LB
1917393,2025-03-01,LB,2025-03-01,LB
1917614,2024-02-17,VUS,2024-06-13,VUS
1917796,2024-02-05,LB,2024-02-05,LB
1917920,2020-12-22,VUS,2020-12-22,VUS
1918095,2025-12-20,LB,2025-12-20,LB
1918144,2022-07-19,VUS,2026-04-29,VUS
1918604,2025-11-23,VUS,2025-11-23,VUS
1918743,2022-02-22,LB,2022-02-22,LB
1918786,2025-11-05,LB,2025-11-05,LB
1918846,2024-10-26,LB,2024-10-26,LB
1918980,2022-09-30,VUS,2024-04-08,VUS
1919545,2023-10-09,LB,2024-08-19,LB
1919570,2023-12-07,VUS,2025-07-18,VUS
1919610,2023-07-30,LB,2023-07-30,LB
1919717,2022-06-18,VUS,2022-06-18,VUS
1919861,2024-10-22,LB,2024-10-22,LB
1919877,2025-06-23,VUS,2025-06-23,VUS
1920415,2022-09-28,VUS,2022-09-28,VUS
1920485,2025-12-22,LB,2025-12-22,LB
1920493,2025-07-29,LB,2025-07-29,LB
1921124,2023-12-03,LB,2023-12-03,LB
1921485,2022-04-04,LB,2022-04-04,LB
1921812,2022-04-03,VUS,2022-04-03,VUS
1922119,2025-06-12,LB,2025-06-12,LB
1922252,2022-03-18,LB,2022-03-18,LB
1922455,2022-08-19,LB,2022-08-19,LB
1922970,2021-12-13,LB,2021-12-13,LB
1923023,2025-02-01,LB,2025-02-01,LB
1923101,2024-06-12,LB,2024-06-12,LB
1923164,2023-10-03,VUS,2023-10-03,VUS
1923353,2023-08-22,LB,2023-08-22,LB
1923856,2024-09-05,VUS,2025-09-07,VUS
1924075,2025-12-01,VUS,2025-12-01,VUS
1924222,2022-09-22,LB,2022-09-22,LB
1924527,2024-12-16,LB,2024-12-16,LB
1924766,2023-04-18,VUS,2026-01-21,VUS
1924791,2022-08-28,VUS,2022-08-28,VUS
1924800,2025-09-22,VUS,2025-09-22,VUS
1924854,2025-01-17,LB,2025-01-17,LB
1924857,2022-04-12,VUS,2024-06-04,VUS
1925201,2024-06-29,LB,2024-06-29,LB
1925258,2024-10-15,VUS,2024-10-15,VUS
1925306,2024-05-14,LP,2024-05-14,LP
1925551,2021-12-13,LB,2021-12-13,LB
1926118,2025-01-06,LB,2025-01-06,LB
1926177,2025-11-26,LB,2025-11-26,LB
1926380,2023-07-07,VUS,2023-07-07,VUS
1926422,2021-12-25,VUS,2021-12-25,VUS
1926841,2022-07-09,LB,2022-07-09,LB
1926894,2022-05-20,LB,2022-05-20,LB
1927210,2022-03-10,VUS,2022-03-10,VUS
1927272,2024-01-10,VUS,2024-12-26,VUS
1927291,2022-09-26,VUS,2024-02-29,VUS
1927349,2025-05-13,LB,2025-05-13,LB
1927360,2025-04-17,LB,2025-04-17,LB
1927683,2022-02-06,VUS,2022-02-06,VUS
1927697,2024-02-13,LB,2024-02-13,LB
1927892,2021-03-27,LB,2021-03-27,LB
1927985,2025-09-11,LB,2025-09-11,LB
1928730,2022-02-19,VUS,2022-02-19,VUS
1928749,2022-06-04,VUS,2022-06-04,VUS
1929014,2023-10-29,LB,2023-10-29,LB
1929356,2022-06-13,VUS,2022-06-13,VUS
1929860,2023-07-16,LB,2023-07-16,LB
1930067,2025-05-22,VUS,2025-05-22,VUS
1930292,2024-04-30,VUS,2024-04-30,VUS
1930330,2022-07-03,LB,2022-07-03,LB
1930440,2024-04-10,LB,2024-04-10,LB
1930603,2025-01-13,LB,2025-01-13,LB
1930706,2022-08-16,LB,2022-08-16,LB
1930737,2025-08-18,LB,2025-08-18,LB
1930744,2025-08-18,VUS,2025-08-18,VUS
1930759,2024-10-29,VUS,2024-10-29,VUS
1930853,2023-04-17,LB,2023-04-17,LB
1930856,2023-10-28,LB,2023-10-28,LB
1930880,2025-09-15,B,2025-09-15,B
1930999,2021-02-20,VUS,2021-02-20,VUS
1931303,2022-02-03,LB,2022-02-03,LB
1931318,2022-02-20,VUS,2022-02-20,VUS
1931359,2023-07-26,LB,2023-07-26,LB
1931538,2021-02-18,VUS,2021-02-18,VUS
1931665,2025-12-19,VUS,2025-12-19,VUS
1932015,2024-12-04,LB,2024-12-04,LB
1932108,2024-06-07,LB,2024-06-07,LB
1932193,2023-08-18,LB,2023-08-18,LB
1932619,2025-06-12,VUS,2025-06-12,VUS
1932630,2023-07-25,LB,2023-07-25,LB
1933557,2022-08-31,LB,2022-08-31,LB
1933669,2022-06-01,LP,2022-06-01,LP
1933684,2022-10-25,VUS,2022-10-25,VUS
1933820,2022-07-05,VUS,2022-07-05,VUS
1934224,2025-10-14,VUS,2025-10-14,VUS
1934394,2024-02-17,LB,2024-02-17,LB
1934435,2022-04-20,LB,2022-04-20,LB
1934869,2024-02-16,LB,2024-02-16,LB
1935160,2022-10-16,LB,2022-10-16,LB
1935506,2022-07-04,VUS,2022-07-04,VUS
1935628,2022-07-06,LB,2024-10-04,LB
1935794,2024-05-28,VUS,2024-05-28,VUS
1935826,2026-01-21,VUS,2026-01-21,VUS
1935966,2022-07-12,LB,2022-07-12,LB
1936194,2025-07-29,VUS,2025-07-29,VUS
1936273,2021-03-16,VUS,2021-03-16,VUS
1936473,2022-09-13,LB,2022-09-13,LB
1936510,2024-01-19,VUS,2024-01-19,VUS
1936512,2026-01-26,LB,2026-01-26,LB
1936580,2024-05-07,VUS,2025-05-10,VUS
1936765,2023-04-29,LP,2024-09-10,LP
1936985,2021-10-09,VUS,2025-11-24,VUS
1937029,2022-01-01,VUS,2025-09-29,VUS
1937573,2024-05-20,VUS,2024-05-20,VUS
1938178,2022-01-02,LB,2022-01-02,LB
1938274,2022-08-08,VUS,2022-08-08,VUS
1938292,2025-07-21,VUS,2025-07-21,VUS
1938350,2022-02-17,LB,2022-02-17,LB
1938519,2022-09-05,LB,2022-09-05,LB
1938623,2025-04-11,LB,2025-04-11,LB
1938650,2022-05-15,VUS,2022-05-15,VUS
1938731,2022-09-04,VUS,2022-09-04,VUS
1938945,2023-03-08,LB,2023-03-08,LB
1939048,2023-05-09,LB,2023-05-09,LB
1939245,2025-11-23,VUS,2025-11-23,VUS
1939668,2022-04-24,VUS,2025-02-07,VUS
1939914,2024-04-23,LP,2024-04-23,LP
1940455,2024-04-07,VUS,2024-04-07,VUS
1940485,2024-05-29,LB,2024-05-29,LB
1940737,2025-12-11,LB,2025-12-11,LB
1941043,2024-07-27,VUS,2025-08-26,VUS
1941053,2022-07-19,VUS,2022-07-19,VUS
1941090,2022-05-25,LB,2022-05-25,LB
1941204,2022-07-06,VUS,2022-07-06,VUS
1941504,2023-01-23,VUS,2023-01-23,VUS
1941705,2024-03-06,LB,2024-03-06,LB
1941886,2025-08-11,LB,2025-08-11,LB
1941989,2021-04-07,VUS,2021-04-07,VUS
1942041,2022-09-22,LB,2022-09-22,LB
1942164,2022-11-01,LB,2022-11-01,LB
1942191,2026-01-05,VUS,2026-01-05,VUS
1942332,2024-03-05,VUS,2025-06-12,VUS
1942680,2024-04-25,LB,2024-04-25,LB
1943137,2021-04-11,VUS,2021-04-11,VUS
1943255,2024-10-17,LB,2024-10-17,LB
1943260,2025-09-25,LB,2025-09-25,LB
1943278,2025-01-11,LB,2025-01-11,LB
1943406,2023-03-26,LB,2023-03-26,LB
1943485,2024-07-05,LB,2024-07-05,LB
1943590,2021-04-13,VUS,2021-04-13,VUS
1943604,2023-12-30,LB,2023-12-30,LB
1943946,2024-04-25,VUS,2024-04-25,VUS
1944426,2022-06-24,LB,2022-06-24,LB
1944587,2023-04-14,VUS,2023-04-14,VUS
1944691,2022-03-03,LB,2022-03-03,LB
1944767,2022-10-07,LB,2022-10-07,LB
1945177,2026-01-22,VUS,2026-01-22,VUS
1945221,2022-07-21,VUS,2022-07-21,VUS
1945281,2024-12-09,VUS,2024-12-09,VUS
1945345,2025-10-01,LB,2025-10-01,LB
1945374,2021-04-22,VUS,2021-04-22,VUS
1945474,2025-11-08,VUS,2025-11-08,VUS
1945716,2023-08-04,LB,2023-08-04,LB
1945737,2022-04-01,LB,2022-04-01,LB
1945952,2026-01-19,LB,2026-01-19,LB
1946051,2025-12-15,VUS,2025-12-15,VUS
1946118,2025-03-14,LB,2025-12-27,LB
1946352,2024-03-26,VUS,2024-03-26,VUS
1946668,2021-12-18,LB,2021-12-18,LB
1946677,2022-03-01,LB,2022-03-01,LB
1946797,2025-04-28,VUS,2025-04-28,VUS
1947324,2022-12-16,VUS,2025-08-21,VUS
1947366,2025-01-26,VUS,2025-01-26,VUS
1947631,2021-05-02,VUS,2021-05-02,VUS
1947670,2022-08-19,LB,2022-08-19,LB
1947924,2025-12-08,LB,2025-12-08,LB
1948346,2024-06-03,LB,2024-06-03,LB
1948347,2024-06-03,LB,2024-06-03,LB
1948502,2025-04-01,VUS,2025-04-01,VUS
1948658,2021-05-07,VUS,2021-05-07,VUS
1948743,2025-10-14,LB,2025-10-14,LB
1948911,2022-06-17,VUS,2022-06-17,VUS
1949055,2022-11-08,VUS,2022-11-08,VUS
1949340,2022-04-25,VUS,2024-06-20,VUS
1949410,2021-12-13,VUS,2025-09-30,VUS
1949445,2022-07-03,VUS,2022-07-03,VUS
1949489,2025-12-13,LB,2025-12-13,LB
1949503,2024-10-15,LB,2024-10-15,LB
1949740,2025-02-06,LB,2025-02-06,LB
1950504,2021-12-23,LB,2021-12-23,LB
1950550,2022-09-24,VUS,2022-09-24,VUS
1950602,2022-02-28,VUS,2024-10-20,VUS
1950604,2022-09-09,VUS,2022-09-09,VUS
1950629,2023-10-03,LB,2023-10-03,LB
1950689,2022-07-07,LB,2022-07-07,LB
1950779,2023-09-08,LB,2023-09-08,LB
1950969,2022-01-17,VUS,2022-01-17,VUS
1951052,2022-09-23,LB,2022-09-23,LB
1951293,2024-03-01,LB,2024-03-01,LB
1951302,2022-09-16,VUS,2022-09-16,VUS
1951334,2022-06-08,LB,2022-06-08,LB
1951335,2022-06-08,LB,2022-06-08,LB
1951586,2025-01-19,LB,2025-01-19,LB
1951615,2023-01-17,LB,2023-01-17,LB
1951771,2022-04-20,LB,2022-04-20,LB
1951790,2025-02-03,LB,2025-02-03,LB
1951800,2022-09-16,LB,2022-09-16,LB
1952070,2024-02-11,VUS,2024-06-11,VUS
1952189,2021-05-29,VUS,2021-05-29,VUS
1952257,2023-05-21,LB,2023-05-21,LB
1952388,2025-06-16,LB,2025-06-16,LB
1952463,2022-10-31,LB,2022-10-31,LB
1952580,2021-05-31,VUS,2025-02-03,VUS
1953188,2022-10-17,LB,2022-10-17,LB
1953272,2022-03-22,VUS,2022-03-22,VUS
1953339,2022-06-15,VUS,2022-06-15,VUS
1953768,2024-01-04,VUS,2024-01-04,VUS
1953780,2026-01-03,VUS,2026-01-03,VUS
1953874,2022-11-15,LB,2022-11-15,LB
1954384,2022-07-22,LB,2022-07-22,LB
1954793,2021-12-02,LB,2021-12-02,LB
1954892,2024-08-14,VUS,2024-08-14,VUS
1955156,2022-02-24,LB,2022-02-24,LB
1955222,2022-09-03,LB,2022-09-03,LB
1955322,2022-08-06,VUS,2025-10-02,VUS
1955812,2022-01-26,LB,2022-01-26,LB
1956333,2022-09-01,VUS,2022-09-01,VUS
1956708,2023-11-13,LB,2025-03-13,LB
1956729,2022-05-10,VUS,2022-05-10,VUS
1956946,2022-08-01,LB,2022-08-01,LB
1957295,2022-03-20,LB,2022-03-20,LB
1957402,2025-06-12,VUS,2025-06-12,VUS
1957524,2021-06-28,VUS,2021-06-28,VUS
1957736,2022-06-17,VUS,2022-06-17,VUS
1957994,2023-12-14,LB,2023-12-14,LB
1958596,2026-01-13,B,2026-01-13,B
1958852,2024-08-28,LB,2025-05-13,LB
1958883,2022-09-13,LB,2022-09-13,LB
1958986,2022-05-17,VUS,2022-05-17,VUS
1958991,2022-06-01,LP,2022-06-01,LP
1959017,2025-09-12,LB,2025-09-12,LB
1959092,2025-03-28,VUS,2025-03-28,VUS
1959132,2022-04-08,LB,2022-04-08,LB
1959201,2020-05-06,VUS,2020-05-06,VUS
1959528,2024-11-05,LB,2024-11-05,LB
1959799,2024-02-24,LB,2024-02-24,LB
1959860,2022-05-19,LB,2022-05-19,LB
1960259,2022-10-21,VUS,2022-10-21,VUS
1960409,2021-12-21,LB,2021-12-21,LB
1960514,2022-10-07,LB,2022-10-07,LB
1960714,2022-02-03,LB,2022-02-03,LB
1960857,2023-12-01,LB,2023-12-01,LB
1960982,2021-12-31,LB,2021-12-31,LB
1961108,2022-04-26,LP,2022-04-26,LP
1961185,2022-07-14,VUS,2022-07-14,VUS
1961215,2023-12-21,VUS,2023-12-21,VUS
1961375,2022-10-21,LB,2022-10-21,LB
1961413,2023-05-15,VUS,2023-05-15,VUS
1961429,2024-10-29,LB,2024-10-29,LB
1961684,2024-02-26,LB,2024-02-26,LB
1961972,2024-04-29,LB,2024-04-29,LB
1962482,2020-12-22,VUS,2025-01-30,VUS
1962593,2021-07-30,VUS,2021-07-30,VUS
1962729,2022-06-28,VUS,2022-06-28,VUS
1962799,2024-02-24,LB,2024-02-24,LB
1962852,2023-03-01,VUS,2025-07-23,VUS
1963012,2021-12-13,VUS,2021-12-13,VUS
1963045,2022-08-22,VUS,2022-08-22,VUS
1963070,2023-11-20,LB,2023-11-20,LB
1963410,2021-05-06,P,2025-12-28,P
1963573,2022-03-10,LB,2022-03-10,LB
1963728,2025-01-23,LB,2025-01-23,LB
1963771,2021-08-05,VUS,2021-08-05,VUS
1963963,2022-05-03,VUS,2024-01-20,VUS
1964412,2022-07-30,LB,2022-07-30,LB
1964448,2022-09-27,VUS,2022-09-27,VUS
1964535,2023-03-01,LB,2023-03-01,LB
1964613,2024-06-17,VUS,2024-06-17,VUS
1964995,2022-02-20,LB,2022-02-20,LB
1965067,2022-09-23,VUS,2022-09-23,VUS
1965355,2022-04-01,LB,2022-04-01,LB
1965635,2022-08-07,LB,2022-08-07,LB
1965762,2021-11-28,LB,2021-11-28,LB
1965893,2022-03-31,LB,2022-03-31,LB
1965904,2022-04-21,LB,2022-04-21,LB
1965919,2025-04-09,VUS,2025-08-29,VUS
1965982,2021-12-16,LB,2021-12-16,LB
1966077,2022-10-08,VUS,2022-10-08,VUS
1966656,2023-09-01,LB,2023-09-01,LB
1966987,2022-08-27,LB,2022-08-27,LB
1967157,2025-08-10,LB,2025-08-10,LB
1967263,2022-04-16,VUS,2022-04-16,VUS
1967561,2022-10-07,B,2022-10-07,B
1967718,2025-06-12,VUS,2025-06-12,VUS
1967754,2025-06-12,VUS,2025-06-12,VUS
1968133,2025-09-26,VUS,2025-11-17,VUS
1968266,2022-07-15,VUS,2022-07-15,VUS
1968367,2022-10-23,LB,2022-10-23,LB
1968602,2022-08-09,VUS,2022-08-09,VUS
1968898,2024-06-26,LB,2024-06-26,LB
1968969,2022-07-04,VUS,2024-10-19,VUS
1969118,2025-06-12,VUS,2025-06-12,VUS
1969172,2023-12-17,LB,2023-12-17,LB
1969298,2022-05-03,VUS,2022-05-03,VUS
1969319,2022-01-16,VUS,2022-01-16,VUS
1969502,2024-12-02,LB,2024-12-02,LB
1969662,2025-01-21,VUS,2025-01-21,VUS
1969829,2025-05-24,LB,2025-05-24,LB
1969859,2024-06-25,LB,2024-06-25,LB
1970011,2024-01-02,LB,2024-01-02,LB
1970134,2022-10-22,VUS,2025-05-20,VUS
1970200,2025-06-12,VUS,2025-06-12,VUS
1970244,2024-01-22,VUS,2024-01-22,VUS
1970401,2022-08-17,LB,2022-08-17,LB
1970515,2023-04-25,LB,2023-04-25,LB
1970652,2022-09-20,VUS,2022-09-20,VUS
1971571,2023-11-28,VUS,2023-11-28,VUS
1971585,2022-03-15,VUS,2022-03-15,VUS
1971643,2022-09-19,LB,2022-09-19,LB
1971665,2022-02-28,LB,2022-02-28,LB
1972120,2024-01-15,LB,2024-01-15,LB
1972348,2022-05-25,VUS,2022-05-25,VUS
1972463,2025-03-16,VUS,2025-03-16,VUS
1973214,2024-05-06,VUS,2024-05-06,VUS
1973252,2025-08-23,B,2025-08-23,B
1973275,2022-08-15,LB,2022-08-15,LB
1973650,2023-08-04,VUS,2023-08-04,VUS
1973661,2025-06-12,VUS,2025-06-12,VUS
1973918,2021-12-15,LB,2021-12-15,LB
1974180,2024-10-16,LB,2024-10-16,LB
1974265,2025-06-12,VUS,2025-06-12,VUS
1974762,2022-06-13,VUS,2022-06-13,VUS
1975413,2024-09-26,LB,2024-09-26,LB
1975896,2024-08-01,VUS,2025-02-24,VUS
1975953,2024-05-23,LB,2024-05-23,LB
1976513,2022-08-10,LB,2022-08-10,LB
1976765,2022-09-07,VUS,2022-09-07,VUS
1976898,2022-03-05,LB,2022-03-05,LB
1976948,2022-08-18,LB,2022-08-18,LB
1977163,2022-08-09,VUS,2022-08-09,VUS
1977306,2022-03-05,P,2022-03-05,P
1977333,2023-04-11,LB,2023-04-11,LB
1977412,2022-03-17,LB,2022-03-17,LB
1977665,2022-09-02,VUS,2023-12-29,VUS
1978042,2026-01-06,LB,2026-01-06,LB
1978050,2022-03-04,LB,2022-03-04,LB
1978346,2022-07-09,VUS,2025-04-15,VUS
1978489,2022-05-26,LB,2022-05-26,LB
1978494,2020-05-27,VUS,2020-05-27,VUS
1978719,2022-01-27,VUS,2022-01-27,VUS
1978785,2024-08-26,LB,2025-12-17,LB
1978914,2023-11-10,LB,2023-11-10,LB
1978971,2023-07-17,LB,2023-07-17,LB
1978987,2024-10-26,B,2024-10-26,B
1979136,2022-07-23,LB,2022-07-23,LB
1979180,2022-01-13,VUS,2022-11-07,VUS
1979357,2022-08-28,VUS,2022-08-28,VUS
1979655,2021-09-16,VUS,2022-07-30,VUS
1979711,2022-05-29,LB,2022-05-29,LB
1979798,2024-02-20,LB,2024-02-20,LB
1979825,2025-10-27,LB,2025-10-27,LB
1980204,2024-04-23,VUS,2024-04-23,VUS
1980530,2025-08-11,LB,2025-08-11,LB
1980556,2022-01-01,VUS,2026-01-14,VUS
1980871,2020-06-22,VUS,2020-06-22,VUS
1981160,2025-04-08,VUS,2025-04-08,VUS
1981174,2025-12-30,LB,2025-12-30,LB
1981498,2024-03-13,LB,2024-03-13,LB
1981558,2025-08-04,VUS,2025-08-04,VUS
1981620,2022-06-19,VUS,2022-06-19,VUS
1981814,2023-02-11,VUS,2023-02-11,VUS
1981979,2025-06-12,VUS,2025-06-12,VUS
1982100,2025-03-31,VUS,2025-06-12,VUS
1982106,2022-07-13,VUS,2022-07-13,VUS
1982910,2022-04-13,LB,2022-04-13,LB
1983012,2022-07-16,LB,2022-07-16,LB
1983178,2024-10-26,VUS,2024-10-26,VUS
1983673,2023-12-15,LB,2023-12-15,LB
1983793,2024-07-17,VUS,2024-07-17,VUS
1983871,2023-05-13,LB,2023-05-13,LB
1984079,2025-11-13,VUS,2025-11-13,VUS
1984200,2022-06-12,LB,2022-06-12,LB
1984329,2025-07-29,LB,2025-07-29,LB
1984449,2022-02-04,LB,2022-02-04,LB
1984561,2024-02-19,LB,2024-02-19,LB
1984604,2022-10-08,VUS,2022-10-08,VUS
1984784,2022-06-22,VUS,2023-07-22,VUS
1984847,2020-07-28,VUS,2020-07-28,VUS
1984952,2025-09-11,LB,2025-09-11,LB
1985241,2022-05-07,LB,2022-05-07,LB
1985265,2022-10-07,VUS,2024-04-04,VUS
1985399,2022-03-18,VUS,2024-01-04,VUS
1985914,2022-08-12,VUS,2024-03-10,VUS
1986060,2023-12-23,LB,2023-12-23,LB
1986101,2023-03-13,VUS,2025-04-28,VUS
1986226,2022-05-16,VUS,2022-05-16,VUS
1986446,2023-06-06,LB,2023-06-06,LB
1986690,2024-01-18,VUS,2024-01-18,VUS
1986721,2025-12-08,LB,2025-12-08,LB
1986746,2026-01-08,VUS,2026-01-08,VUS
1987058,2025-07-20,VUS,2025-07-20,VUS
1987098,2022-02-04,VUS,2022-02-04,VUS
1987110,2022-07-05,LB,2022-07-05,LB
1988004,2022-09-13,LB,2022-09-13,LB
1988282,2026-01-17,LB,2026-01-17,LB
1988362,2023-07-11,LP,2025-12-15,LP
1988363,2021-12-24,VUS,2021-12-24,VUS
1988365,2025-12-06,LB,2025-12-06,LB
1988449,2024-09-17,LB,2024-09-17,LB
1988454,2020-11-23,VUS,2020-11-23,VUS
1988490,2023-08-10,VUS,2023-08-10,VUS
1988491,2023-12-26,LB,2023-12-26,LB
1988519,2025-02-17,VUS,2025-02-17,VUS
1988974,2020-08-26,VUS,2024-02-04,VUS
1989137,2022-01-21,LB,2022-01-21,LB
1989518,2024-10-16,LB,2024-10-16,LB
1989680,2026-01-01,LB,2026-01-01,LB
1989875,2020-09-02,VUS,2020-09-02,VUS
1990150,2022-06-14,VUS,2025-06-23,VUS
1990242,2025-06-17,LB,2025-06-17,LB
1990729,2023-01-23,VUS,2025-02-19,VUS
1990810,2023-07-13,LB,2023-07-13,LB
1990836,2024-12-30,VUS,2024-12-30,VUS
1991069,2024-09-16,LB,2024-09-16,LB
1991162,2025-02-20,LB,2025-02-20,LB
1991259,2025-04-07,VUS,2025-04-07,VUS
1991270,2024-07-22,LB,2024-07-22,LB
1991362,2020-09-11,VUS,2020-09-11,VUS
1991614,2024-11-18,LB,2024-11-18,LB
1991674,2022-04-07,LB,2022-04-07,LB
1992310,2022-10-17,P,2022-10-17,P
1992369,2022-05-20,LP,2022-05-20,LP
1992370,2022-05-20,P,2022-05-20,P
1992452,2022-05-09,P,2022-05-09,P
1992505,2022-05-09,P,2022-05-09,P
1992835,2022-08-19,VUS,2024-06-03,VUS
1993073,2022-05-11,LB,2022-05-11,LB
1993169,2022-05-11,VUS,2022-05-11,VUS
1993213,2023-04-22,LB,2023-04-22,LB
1993570,2022-05-20,LB,2022-05-20,LB
1993770,2022-05-30,LP,2022-05-30,LP
1993845,2022-05-12,LB,2022-05-12,LB
1993856,2022-08-25,LP,2025-11-06,LP
1993866,2022-05-21,VUS,2022-05-21,VUS
1993874,2025-08-10,VUS,2025-08-10,VUS
1994112,2022-09-29,VUS,2022-09-29,VUS
1994216,2022-05-14,LB,2022-05-14,LB
1994221,2022-12-06,VUS,2022-12-06,VUS
1994447,2022-05-14,VUS,2025-04-15,VUS
1994480,2022-05-14,LB,2022-05-14,LB
1994581,2022-05-15,LP,2022-12-22,LP
1994754,2022-05-15,LB,2022-12-14,LB
1994867,2022-06-04,VUS,2022-06-04,VUS
1994998,2022-05-22,LB,2022-05-22,LB
1995172,2025-07-30,LB,2025-07-30,LB
1995919,2024-03-18,VUS,2024-03-18,VUS
1996253,2022-05-28,LB,2022-05-28,LB
1996382,2022-05-19,LB,2022-05-19,LB
1996619,2022-05-19,VUS,2022-05-19,VUS
1997046,2022-07-09,VUS,2022-07-09,VUS
1997050,2022-05-20,VUS,2025-10-02,VUS
1997364,2022-11-22,LB,2022-11-22,LB
1997500,2022-06-03,LB,2022-06-03,LB
1997562,2024-04-08,LB,2024-04-08,LB
1997788,2022-05-21,VUS,2022-05-21,VUS
1997940,2022-05-22,VUS,2022-05-22,VUS
1998097,2022-05-22,LB,2022-05-22,LB
1998125,2021-11-26,P,2021-11-26,P
1998135,2022-05-23,LB,2022-05-23,LB
1998228,2022-09-14,P,2022-09-14,P
1998379,2022-04-08,VUS,2022-04-08,VUS
1998532,2022-08-06,LB,2022-08-06,LB
1998546,2025-06-12,LB,2025-06-12,LB
1998570,2022-05-25,VUS,2022-05-25,VUS
1998574,2022-06-02,LB,2022-06-02,LB
1999100,2022-06-18,LB,2022-06-18,LB
1999442,2025-06-12,LB,2025-06-12,LB
1999586,2022-05-27,LB,2022-05-27,LB
1999928,2022-09-23,VUS,2022-09-23,VUS
2000353,2022-05-29,LB,2022-05-29,LB
2000446,2022-05-29,LB,2022-05-29,LB
2000476,2022-09-10,VUS,2022-09-10,VUS
2000602,2022-08-09,P,2022-08-09,P
2000679,2022-06-07,LB,2022-06-07,LB
2000950,2022-05-30,LB,2022-05-30,LB
2001313,2022-05-31,LB,2022-05-31,LB
2001369,2022-05-31,LB,2022-05-31,LB
2001387,2024-10-07,LB,2024-10-07,LB
2001414,2022-05-31,VUS,2022-05-31,VUS
2001437,2024-04-08,LB,2024-04-08,LB
2001535,2023-03-17,LB,2023-03-17,LB
2001784,2022-06-03,VUS,2022-06-03,VUS
2001813,2022-06-01,VUS,2022-06-01,VUS
2001853,2022-06-01,LB,2022-06-01,LB
2002208,2022-06-03,LP,2022-06-03,LP
2002235,2022-06-03,VUS,2022-06-03,VUS
2002535,2022-06-05,VUS,2022-06-05,VUS
2002698,2022-12-06,LB,2022-12-06,LB
2002815,2022-07-07,VUS,2022-07-07,VUS
2003494,2022-06-08,P,2022-06-08,P
2003522,2022-06-08,LB,2022-06-08,LB
2003564,2022-06-14,LB,2022-06-14,LB
2003565,2022-06-14,VUS,2022-06-14,VUS
2003572,2022-06-08,LB,2022-06-08,LB
2003635,2024-03-04,LP,2024-03-04,LP
2003824,2022-07-15,LP,2022-07-15,LP
2003840,2025-04-07,LB,2025-04-07,LB
2003867,2022-06-09,P,2025-09-26,P
2004021,2022-06-09,VUS,2022-06-09,VUS
2004128,2022-06-09,VUS,2022-06-09,VUS
2005031,2023-05-19,LB,2023-05-19,LB
2005418,2025-05-28,LB,2025-05-28,LB
2005491,2022-06-19,LB,2022-06-19,LB
2005534,2023-12-21,LP,2023-12-21,LP
2005655,2022-06-13,LB,2022-06-13,LB
2005676,2022-11-01,P,2022-11-01,P
2005788,2024-02-14,LB,2024-02-14,LB
2005829,2022-06-13,VUS,2022-06-13,VUS
2005933,2022-11-08,LP,2022-11-08,LP
2006042,2022-09-01,VUS,2022-09-01,VUS
2006331,2022-06-24,LP,2023-05-05,LP
2006614,2022-10-17,VUS,2022-10-17,VUS
2006736,2022-06-14,LB,2022-06-14,LB
2006955,2022-06-15,VUS,2022-06-15,VUS
2007066,2022-06-15,LB,2022-06-15,LB
2007265,2022-10-23,VUS,2022-10-23,VUS
2007424,2022-09-09,VUS,2022-09-09,VUS
2007623,2025-09-02,P,2025-09-02,P
2007884,2023-05-22,LP,2023-05-22,LP
2008133,2022-06-18,LB,2022-06-18,LB
2008192,2022-10-25,LB,2022-10-25,LB
2008401,2022-06-19,VUS,2025-10-01,VUS
2008474,2022-06-19,VUS,2022-06-19,VUS
2008694,2022-06-20,P,2024-11-12,P
2009229,2022-06-22,LB,2022-06-22,LB
2009298,2021-12-09,VUS,2021-12-09,VUS
2009338,2024-04-17,LB,2024-04-17,LB
2009470,2022-06-22,VUS,2022-06-22,VUS
2009487,2022-06-22,VUS,2022-06-22,VUS
2009570,2023-05-20,LB,2023-05-20,LB
2009648,2022-06-23,LB,2022-06-23,LB
2009722,2022-09-25,LB,2022-09-25,LB
2009775,2022-06-23,VUS,2024-03-18,VUS
2010406,2022-10-14,VUS,2022-10-14,VUS
2010473,2025-06-02,LB,2025-06-02,LB
2010486,2022-06-25,LB,2022-06-25,LB
2010503,2022-06-25,LB,2022-06-25,LB
2010723,2022-06-25,VUS,2022-06-25,VUS
2010850,2023-08-30,LB,2023-08-30,LB
2011137,2022-09-21,B,2022-09-21,B
2011345,2022-06-27,LB,2022-06-27,LB
2011496,2022-08-27,LB,2022-08-27,LB
2011594,2022-06-27,LB,2022-06-27,LB
2011820,2022-06-28,LB,2022-06-28,LB
2012180,2022-06-29,P,2022-06-29,P
2012208,2023-12-02,LB,2023-12-02,LB
2012262,2025-10-14,LB,2025-10-14,LB
2012425,2022-06-30,LB,2022-06-30,LB
2012573,2025-08-16,VUS,2025-08-16,VUS
2012956,2022-07-01,LB,2022-07-01,LB
2013135,2024-06-03,LB,2024-06-03,LB
2013488,2023-05-08,VUS,2023-05-08,VUS
2013501,2022-07-03,LB,2022-07-03,LB
2013575,2021-12-18,VUS,2021-12-18,VUS
2013923,2022-07-06,P,2022-07-06,P
2013953,2023-08-14,LB,2023-08-14,LB
2014295,2022-07-06,VUS,2022-07-06,VUS
2014641,2022-07-06,LB,2022-07-06,LB
2015000,2022-07-08,LB,2022-07-08,LB
2015063,2023-12-07,P,2023-12-07,P
2015739,2022-07-10,LB,2022-07-10,LB
2016059,2022-07-11,VUS,2022-07-11,VUS
2016530,2022-09-02,LB,2022-09-02,LB
2016728,2022-07-13,LB,2022-07-13,LB
2016808,2023-07-14,P,2023-07-14,P
2016971,2025-03-17,VUS,2025-03-17,VUS
2017278,2023-12-11,LB,2023-12-11,LB
2017297,2023-06-18,LB,2023-06-18,LB
2017582,2022-10-31,P,2022-10-31,P
2017603,2022-07-15,VUS,2022-07-15,VUS
2017796,2022-07-17,LB,2022-07-17,LB
2017839,2022-07-17,LB,2022-07-17,LB
2018356,2024-01-25,LP,2025-05-22,LP
2018488,2022-08-04,LB,2022-08-04,LB
2018744,2022-09-09,VUS,2022-09-09,VUS
2018745,2022-09-10,LB,2022-09-10,LB
2019059,2022-07-23,LB,2022-07-23,LB
2019070,2022-10-04,LB,2022-10-04,LB
2019100,2022-07-23,B,2022-07-23,B
2019304,2022-07-23,VUS,2022-07-23,VUS
2019382,2022-07-23,LB,2022-07-23,LB
2019465,2022-10-24,LB,2022-10-24,LB
2019557,2022-07-31,P,2022-07-31,P
2019634,2022-07-25,P,2022-07-25,P
2019981,2022-04-15,LB,2022-04-15,LB
2020125,2022-07-29,LB,2022-07-29,LB
2020337,2022-07-29,LB,2022-07-29,LB
2020406,2022-07-30,LB,2022-07-30,LB
2021156,2022-08-10,LB,2022-08-10,LB
2021281,2022-08-28,LB,2022-08-28,LB
2021467,2022-09-10,VUS,2022-09-10,VUS
2021519,2022-08-06,LP,2022-08-06,LP
2021533,2022-08-04,LB,2022-08-04,LB
2021774,2022-08-05,LB,2022-08-05,LB
2021989,2024-10-04,LP,2024-10-04,LP
2022013,2022-09-17,P,2022-09-17,P
2022326,2025-06-12,VUS,2025-06-12,VUS
2022339,2025-07-21,P,2025-07-21,P
2022347,2022-08-06,LB,2022-08-06,LB
2022500,2022-09-09,VUS,2022-09-09,VUS
2022570,2022-10-08,P,2022-10-08,P
2022873,2023-04-30,P,2025-10-16,P
2023335,2022-08-10,LB,2022-08-10,LB
2023559,2022-08-11,LB,2022-08-11,LB
2023782,2022-08-12,LB,2022-08-12,LB
2023909,2022-08-13,LP,2022-08-13,LP
2024519,2022-08-17,LB,2022-08-17,LB
2024819,2022-08-19,LB,2022-08-19,LB
2025145,2022-08-20,P,2022-08-20,P
2025230,2022-08-20,LB,2022-08-20,LB
2025885,2022-09-30,VUS,2022-09-30,VUS
2026264,2022-08-28,LB,2022-08-28,LB
2026438,2022-09-13,LB,2022-09-13,LB
2026475,2022-09-27,LB,2022-09-27,LB
2026733,2022-08-24,LB,2022-08-24,LB
2026803,2022-08-24,LB,2022-08-24,LB
2026874,2022-08-24,VUS,2022-08-24,VUS
2026900,2022-11-25,LB,2022-11-25,LB
2026965,2024-09-05,LB,2024-09-05,LB
2027058,2022-08-25,LB,2022-08-25,LB
2027418,2022-08-27,LB,2022-08-27,LB
2027560,2022-12-03,P,2022-12-03,P
2027592,2022-08-30,LB,2022-08-30,LB
2027660,2022-09-20,LB,2022-09-20,LB
2027881,2022-09-15,P,2022-09-15,P
2027909,2022-08-30,LB,2022-08-30,LB
2028029,2022-08-31,LP,2022-08-31,LP
2028415,2022-09-01,LB,2022-09-01,LB
2028417,2022-09-18,LB,2022-09-18,LB
2028694,2023-03-31,LB,2023-03-31,LB
2028888,2022-12-29,VUS,2022-12-29,VUS
2029044,2025-03-31,VUS,2025-03-31,VUS
2029047,2022-09-05,LB,2022-09-05,LB
2029072,2022-09-05,LB,2022-09-05,LB
2029144,2025-08-13,VUS,2025-08-13,VUS
2029605,2022-09-09,LB,2022-09-09,LB
2029622,2022-09-18,LB,2022-09-18,LB
2029667,2025-05-05,VUS,2025-05-05,VUS
2029725,2022-09-09,LB,2022-09-09,LB
2029773,2022-09-09,LB,2022-09-09,LB
2029931,2022-09-10,P,2022-09-10,P
2029995,2022-09-27,LB,2022-09-27,LB
2030211,2022-09-13,LB,2022-09-13,LB
2030343,2022-09-14,VUS,2022-09-14,VUS
2030346,2022-09-14,LB,2022-09-14,LB
2030455,2022-03-18,VUS,2022-03-18,VUS
2030475,2022-12-27,LP,2022-12-27,LP
2030490,2022-09-14,LB,2022-09-14,LB
2030516,2022-09-14,LB,2022-09-14,LB
2030518,2022-09-14,LB,2022-09-14,LB
2030651,2022-09-15,LB,2022-09-15,LB
2030680,2022-09-15,VUS,2022-09-15,VUS
2030803,2022-09-16,LB,2022-09-16,LB
2030817,2022-09-16,LB,2022-09-16,LB
2030837,2022-11-23,P,2022-11-23,P
2031117,2022-09-18,LB,2022-09-18,LB
2031131,2022-10-08,VUS,2022-10-08,VUS
2031140,2022-09-18,LB,2022-09-18,LB
2031218,2022-09-19,LP,2022-09-19,LP
2031252,2023-04-07,LP,2023-04-07,LP
2031369,2022-09-20,LB,2022-09-20,LB
2031452,2023-08-04,P,2023-08-04,P
2031472,2022-09-20,LB,2022-09-20,LB
2031514,2021-12-03,VUS,2021-12-03,VUS
2031534,2022-09-20,P,2022-09-20,P
2031596,2022-09-21,VUS,2022-09-21,VUS
2031597,2022-09-21,VUS,2022-09-21,VUS
2031676,2024-06-11,LP,2025-09-04,LP
2031849,2022-09-22,LB,2022-09-22,LB
2032072,2022-09-23,P,2022-09-23,P
2032141,2022-09-23,LB,2022-09-23,LB
2032156,2022-09-23,LB,2022-09-23,LB
2032284,2023-07-17,LB,2023-07-17,LB
2032539,2022-09-25,LB,2022-09-25,LB
2032606,2022-09-25,P,2022-09-25,P
2032672,2022-09-26,LB,2022-09-26,LB
2032755,2022-12-20,P,2022-12-20,P
2032817,2025-05-21,LP,2025-05-21,LP
2033071,2023-09-17,LB,2023-09-17,LB
2033080,2022-09-28,LB,2022-09-28,LB
2033087,2022-09-28,LB,2022-09-28,LB
2033136,2022-09-28,LB,2022-09-28,LB
2033373,2022-09-29,LB,2022-09-29,LB
2033693,2024-03-04,LB,2024-03-04,LB
2033695,2022-10-01,LB,2022-10-01,LB
2034136,2022-10-05,LP,2022-10-05,LP
2034165,2022-10-13,LB,2022-10-13,LB
2034713,2022-10-17,LB,2022-10-17,LB
2034881,2022-10-09,VUS,2022-10-09,VUS
2035029,2022-10-10,LB,2022-10-10,LB
2035088,2022-10-10,LB,2022-10-10,LB
2035130,2022-10-10,LB,2022-10-10,LB
2035248,2022-10-12,LB,2022-10-12,LB
2035343,2022-10-13,LB,2022-10-13,LB
2035386,2022-11-28,LB,2022-11-28,LB
2035577,2022-10-14,VUS,2022-10-14,VUS
2035593,2022-10-14,LB,2022-10-14,LB
2035677,2022-10-15,P,2022-10-15,P
2035903,2022-10-17,P,2022-10-17,P
2036145,2024-10-28,LB,2024-10-28,LB
2036187,2022-03-09,LB,2022-03-09,LB
2036282,2022-10-20,LB,2022-10-20,LB
2036474,2025-10-12,LB,2025-10-12,LB
2036542,2022-10-22,LB,2022-10-22,LB
2036658,2022-10-23,LP,2022-10-23,LP
2036671,2022-10-23,VUS,2022-10-23,VUS
2037086,2021-12-07,VUS,2021-12-07,VUS
2037557,2021-12-18,LB,2021-12-18,LB
2038717,2021-12-09,LB,2021-12-09,LB
2039336,2022-09-27,VUS,2022-09-27,VUS
2039936,2022-11-15,LB,2022-11-15,LB
2039978,2022-04-16,VUS,2025-04-13,VUS
2040328,2023-03-01,VUS,2024-12-02,VUS
2040533,2023-04-09,LB,2023-04-09,LB
2040543,2024-06-16,VUS,2025-06-12,VUS
2040562,2022-05-16,LB,2022-05-16,LB
2040612,2021-12-12,VUS,2021-12-12,VUS
2040617,2023-12-11,VUS,2023-12-11,VUS
2040730,2021-12-12,VUS,2024-01-23,VUS
2041047,2021-12-14,LB,2021-12-14,LB
2041115,2024-02-14,LB,2024-02-14,LB
2041500,2021-12-13,VUS,2021-12-13,VUS
2041935,2024-02-24,VUS,2024-02-24,VUS
2042208,2019-03-05,LB,2026-01-08,LB
2042631,2022-10-12,VUS,2022-10-12,VUS
2042646,2025-06-22,VUS,2025-11-02,VUS
2042673,2022-08-26,LB,2022-08-26,LB
2042787,2019-08-07,LB,2025-11-25,LB
2042885,2022-08-06,LB,2022-08-06,LB
2043103,2025-04-17,LB,2025-04-17,LB
2044189,2021-12-20,LB,2021-12-20,LB
2044324,2021-10-07,VUS,2021-10-07,VUS
2045649,2025-04-09,VUS,2025-04-09,VUS
2045744,2022-10-27,VUS,2025-04-07,VUS
2046254,2025-11-03,VUS,2025-11-03,VUS
2046409,2022-11-18,LB,2022-11-18,LB
2046754,2022-04-01,VUS,2022-04-01,VUS
2047121,2024-11-14,VUS,2024-11-14,VUS
2047296,2021-12-18,LB,2021-12-18,LB
2047369,2025-07-21,P,2025-07-21,P
2048859,2022-03-04,VUS,2022-03-04,VUS
2049126,2023-10-25,VUS,2023-10-25,VUS
2049487,2022-03-12,VUS,2022-03-12,VUS
2049973,2026-01-04,LB,2026-01-04,LB
2050217,2025-05-19,LB,2025-05-19,LB
2050293,2025-06-12,LB,2025-06-12,LB
2050535,2022-09-26,LB,2022-09-26,LB
2050624,2021-12-20,VUS,2021-12-20,VUS
2050934,2025-03-27,LB,2025-03-27,LB
2051099,2022-08-23,LB,2022-08-23,LB
2051675,2023-03-17,LB,2023-03-17,LB
2052105,2022-07-25,VUS,2022-07-25,VUS
2052156,2025-06-12,LB,2025-06-12,LB
2052258,2022-11-28,LB,2022-11-28,LB
2052342,2022-07-26,VUS,2022-07-26,VUS
2053011,2025-12-15,LB,2025-12-15,LB
2053049,2021-12-22,P,2023-09-29,P
2053806,2022-05-10,VUS,2022-05-10,VUS
2054980,2021-12-30,LB,2021-12-30,LB
2055075,2022-07-27,VUS,2025-12-03,VUS
2055591,2024-02-01,VUS,2025-09-30,VUS
2055634,2021-12-23,LB,2021-12-23,LB
2055694,2021-12-23,LB,2021-12-23,LB
2055763,2022-04-08,VUS,2024-04-17,VUS
2055987,2021-12-23,VUS,2021-12-23,VUS
2056705,2024-04-10,LB,2024-04-10,LB
2057218,2024-10-07,VUS,2025-09-26,VUS
2057788,2021-11-09,VUS,2025-10-06,VUS
2058038,2021-06-18,VUS,2026-01-12,VUS
2058311,2021-12-24,LB,2021-12-24,LB
2058326,2021-12-24,LB,2021-12-24,LB
2059397,2025-11-05,LB,2025-11-05,LB
2059712,2024-05-29,VUS,2025-06-16,VUS
2059794,2022-11-22,LB,2022-11-22,LB
2059824,2021-12-25,LB,2021-12-25,LB
2060373,2022-12-19,LB,2024-08-12,LB
2060399,2022-10-24,LB,2022-10-24,LB
2060540,2025-09-08,B,2025-09-08,B
2061141,2024-09-01,LB,2024-09-01,LB
2061494,2022-06-13,VUS,2022-06-13,VUS
2061764,2023-04-06,LB,2023-04-06,LB
2062805,2024-01-08,VUS,2025-04-17,VUS
2062862,2025-01-30,VUS,2025-01-30,VUS
2062959,2022-06-03,LB,2022-06-03,LB
2063446,2024-04-09,LP,2025-09-29,LP
2063711,2026-01-05,VUS,2026-01-05,VUS
2064068,2024-06-03,VUS,2025-10-28,VUS
2064835,2022-10-19,VUS,2024-03-27,VUS
2064888,2022-06-24,VUS,2025-11-08,VUS
2065004,2024-05-30,VUS,2025-06-12,VUS
2065338,2025-05-02,VUS,2026-01-05,VUS
2065583,2019-09-13,LB,2026-01-27,LB
2065946,2021-12-29,LP,2021-12-29,LP
2066087,2024-01-05,LB,2024-01-05,LB
2066113,2024-03-12,LB,2024-03-12,LB
2066138,2022-06-30,LB,2022-06-30,LB
2066804,2022-04-01,VUS,2024-05-11,VUS
2067400,2024-08-30,LP,2024-08-30,LP
2067659,2025-09-23,VUS,2025-09-23,VUS
2067691,2022-11-23,LB,2022-11-23,LB
2069066,2022-01-01,LB,2022-01-01,LB
2069239,2022-01-01,LP,2022-01-01,LP
2069619,2022-01-02,LP,2022-01-02,LP
2070616,2024-10-07,LB,2024-10-07,LB
2070651,2023-02-03,LB,2023-02-03,LB
2070741,2025-02-24,LB,2025-02-24,LB
2070809,2023-05-15,VUS,2023-05-15,VUS
2070894,2022-01-02,LB,2022-01-02,LB
2070904,2022-01-04,LB,2022-01-04,LB
2072055,2025-06-12,VUS,2025-06-12,VUS
2072217,2025-08-16,LB,2025-08-16,LB
2072285,2025-05-18,B,2025-05-18,B
2072924,2022-02-20,VUS,2022-02-20,VUS
2072935,2022-09-17,VUS,2022-09-17,VUS
2072936,2025-08-08,LB,2025-08-08,LB
2072958,2024-03-01,VUS,2025-01-07,VUS
2073089,2023-08-10,LB,2023-08-10,LB
2073135,2025-10-31,B,2025-10-31,B
2073918,2025-12-22,LB,2025-12-22,LB
2073920,2025-12-22,LB,2025-12-22,LB
2074175,2025-09-04,LB,2025-09-04,LB
2074203,2023-07-17,LB,2023-07-17,LB
2074302,2022-01-04,LB,2022-01-04,LB
2074678,2024-03-20,VUS,2025-10-14,VUS
2075067,2022-01-05,LB,2022-01-05,LB
2075099,2023-06-17,LB,2023-06-17,LB
2075256,2025-05-14,LB,2025-09-16,LB
2075354,2024-05-15,P,2024-05-15,P
2076277,2024-04-11,VUS,2024-08-08,VUS
2076451,2024-04-22,VUS,2026-01-05,VUS
2076717,2026-02-04,VUS,2026-02-04,VUS
2076776,2023-03-17,VUS,2025-03-18,VUS
2076796,2023-04-07,VUS,2025-11-01,VUS
2077482,2025-06-22,VUS,2025-10-02,VUS
2077488,2023-08-04,LB,2023-08-04,LB
2077557,2023-09-17,B,2023-09-17,B
2078390,2022-01-11,LB,2022-01-11,LB
2078396,2023-09-08,LB,2023-09-08,LB
2078873,2025-03-31,LB,2025-03-31,LB
2079462,2023-11-19,LB,2023-11-19,LB
2079737,2025-06-09,LB,2025-06-09,LB
2079938,2025-12-14,B,2025-12-14,B
2080468,2024-10-07,VUS,2024-10-07,VUS
2080989,2022-01-12,VUS,2022-01-12,VUS
2081067,2025-10-26,LB,2025-10-26,LB
2081479,2022-06-18,VUS,2022-06-18,VUS
2081704,2023-03-01,P,2023-03-01,P
2081778,2022-01-20,LB,2022-01-20,LB
2082514,2022-07-06,LB,2022-07-06,LB
2082519,2025-08-18,LB,2025-08-18,LB
2083112,2022-09-28,VUS,2022-09-28,VUS
2083683,2024-02-24,LB,2024-02-24,LB
2083715,2026-01-18,LB,2026-01-18,LB
2084050,2022-02-19,VUS,2022-02-19,VUS
2084135,2022-08-06,VUS,2022-08-06,VUS
2084760,2022-01-16,LB,2022-01-16,LB
2084791,2022-01-16,LB,2022-01-16,LB
2084913,2025-08-04,VUS,2025-08-04,VUS
2085001,2024-11-18,VUS,2024-11-18,VUS
2085392,2022-10-08,LB,2025-09-30,LB
2085426,2021-03-03,VUS,2025-01-01,VUS
2085523,2024-07-25,VUS,2024-07-25,VUS
2085610,2022-01-16,LB,2022-01-16,LB
2085718,2022-01-16,LB,2022-01-16,LB
2086159,2024-03-19,VUS,2025-04-14,VUS
2086435,2022-11-15,LB,2022-11-15,LB
2086443,2023-08-04,VUS,2023-08-04,VUS
2086565,2022-10-13,VUS,2022-10-13,VUS
2086808,2022-01-17,LB,2022-01-17,LB
2086813,2022-01-17,LB,2022-01-17,LB
2087270,2022-01-17,VUS,2022-01-17,VUS
2087364,2022-01-18,LB,2022-01-18,LB
2087382,2024-04-10,LB,2024-04-10,LB
2087385,2022-01-17,VUS,2022-01-17,VUS
2087522,2023-06-28,LB,2023-06-28,LB
2087546,2022-01-18,LB,2022-01-18,LB
2088360,2022-11-01,VUS,2022-11-01,VUS
2088597,2025-03-18,VUS,2025-03-18,VUS
2088718,2023-08-04,VUS,2023-08-04,VUS
2089461,2022-01-26,LB,2022-01-26,LB
2089729,2023-11-13,LB,2023-11-13,LB
2090466,2022-01-27,VUS,2022-01-27,VUS
2090766,2022-12-08,LB,2022-12-08,LB
2090857,2022-01-28,LB,2022-01-28,LB
2090925,2022-09-16,LB,2022-09-16,LB
2091306,2022-02-01,P,2022-02-01,P
2091536,2024-03-07,VUS,2025-11-13,VUS
2091784,2022-08-22,VUS,2022-08-22,VUS
2091812,2025-02-13,VUS,2025-02-13,VUS
2091933,2022-02-12,P,2022-02-12,P
2092011,2025-05-01,VUS,2025-05-01,VUS
2092215,2022-10-02,LB,2022-10-02,LB
2092415,2022-02-03,VUS,2022-02-03,VUS
2092728,2022-02-12,LB,2022-02-12,LB
2092816,2024-09-17,VUS,2024-09-17,VUS
2093247,2022-02-04,LP,2025-09-10,LP
2093636,2023-12-11,LB,2023-12-11,LB
2093767,2022-08-19,LP,2022-08-19,LP
2093816,2023-04-07,VUS,2024-08-12,VUS
2093922,2022-02-06,LB,2022-02-06,LB
2094077,2022-02-06,VUS,2022-02-06,VUS
2094213,2022-02-06,LB,2022-02-06,LB
2094251,2022-02-28,VUS,2022-02-28,VUS
2094480,2022-02-08,LB,2022-02-08,LB
2094574,2022-02-08,LB,2022-02-08,LB
2094698,2022-08-16,VUS,2022-08-16,VUS
2094778,2022-02-08,LB,2022-02-08,LB
2095008,2024-10-07,LB,2024-10-07,LB
2095413,2023-04-27,VUS,2023-04-27,VUS
2095960,2024-02-24,VUS,2025-04-11,VUS
2096160,2024-11-11,VUS,2024-11-11,VUS
2096188,2022-02-10,LB,2022-02-10,LB
2096445,2022-08-31,VUS,2024-06-19,VUS
2096643,2022-04-25,VUS,2022-04-25,VUS
2096689,2022-02-20,VUS,2022-02-20,VUS
2096690,2022-02-11,LB,2022-02-11,LB
2096956,2022-11-15,VUS,2022-11-15,VUS
2097234,2022-05-27,VUS,2022-05-27,VUS
2097809,2022-02-16,B,2022-02-16,B
2097999,2022-09-13,LB,2022-09-13,LB
2098020,2024-05-16,VUS,2025-06-12,VUS
2098023,2022-02-17,VUS,2022-02-17,VUS
2098192,2022-12-21,LP,2022-12-21,LP
2098477,2022-02-27,P,2022-02-27,P
2098609,2022-05-25,VUS,2022-05-25,VUS
2098923,2026-01-05,VUS,2026-01-05,VUS
2099251,2022-05-31,P,2022-05-31,P
2099418,2022-07-08,LB,2022-07-08,LB
2099486,2022-02-19,LB,2022-02-19,LB
2099778,2023-12-06,VUS,2023-12-06,VUS
2099822,2022-02-20,LB,2022-02-20,LB
2099896,2022-02-20,LB,2022-02-20,LB
2100121,2022-03-26,LP,2022-03-26,LP
2100254,2022-02-20,VUS,2025-02-01,VUS
2100265,2022-05-04,P,2022-05-04,P
2101059,2022-03-13,LB,2022-03-13,LB
2101124,2023-03-13,LB,2023-03-13,LB
2101127,2022-02-21,VUS,2022-02-21,VUS
2101217,2023-08-04,VUS,2023-08-04,VUS
2101251,2023-08-10,VUS,2023-08-10,VUS
2101341,2022-02-21,LB,2022-02-21,LB
2101391,2022-03-03,P,2022-03-03,P
2101584,2022-03-01,LP,2022-03-01,LP
2101850,2024-01-22,LB,2024-01-22,LB
2101912,2024-07-08,VUS,2024-07-08,VUS
2101958,2025-06-12,VUS,2025-06-12,VUS
2102102,2022-02-22,LB,2022-02-22,LB
2102132,2022-04-06,LB,2022-04-06,LB
2102272,2023-09-08,LB,2023-09-08,LB
2102418,2022-02-23,LB,2022-02-23,LB
2102466,2022-02-23,LB,2022-02-23,LB
2102534,2022-03-07,LB,2022-03-07,LB
2103109,2022-02-24,VUS,2022-02-24,VUS
2103144,2022-03-06,P,2022-03-06,P
2103365,2022-12-22,LB,2022-12-22,LB
2103390,2022-03-28,VUS,2022-03-28,VUS
2103792,2022-08-16,VUS,2022-08-16,VUS
2103821,2022-03-10,P,2022-03-10,P
2104019,2022-05-18,LB,2022-05-18,LB
2104082,2022-02-27,LP,2022-02-27,LP
2104328,2022-07-21,VUS,2022-07-21,VUS
2105510,2022-10-07,VUS,2022-10-07,VUS
2105549,2022-03-01,VUS,2022-03-01,VUS
2105582,2022-07-14,VUS,2025-11-24,VUS
2105593,2022-03-28,LB,2022-03-28,LB
2105601,2022-03-02,LB,2022-03-02,LB
2105710,2022-03-02,LB,2022-03-02,LB
2105959,2022-03-10,P,2022-03-10,P
2106242,2022-07-16,LB,2022-07-16,LB
2106267,2022-09-14,VUS,2022-09-14,VUS
2106379,2023-08-04,LP,2023-08-04,LP
2106908,2023-06-22,VUS,2023-06-22,VUS
2106990,2022-06-25,LB,2022-06-25,LB
2107271,2022-03-06,LB,2022-03-06,LB
2107505,2022-03-07,LB,2022-03-07,LB
2107666,2026-01-17,LB,2026-01-17,LB
2107712,2022-03-08,LP,2022-03-08,LP
2107713,2024-05-20,LB,2024-05-20,LB
2107801,2022-03-22,LB,2022-03-22,LB
2107927,2022-08-15,VUS,2025-10-28,VUS
2108410,2022-03-19,P,2022-03-19,P
2108630,2024-02-24,LB,2024-02-24,LB
2108800,2022-05-29,VUS,2022-05-29,VUS
2108882,2022-03-11,VUS,2022-03-11,VUS
2109286,2022-03-11,P,2022-03-11,P
2109695,2025-06-12,VUS,2025-06-12,VUS
2109857,2023-01-06,LB,2023-01-06,LB
2110051,2025-04-17,LB,2025-04-17,LB
2110052,2025-04-17,LP,2025-05-14,LP
2110134,2022-03-12,LB,2022-03-12,LB
2110152,2023-02-14,VUS,2023-02-14,VUS
2110746,2022-03-13,VUS,2022-03-13,VUS
2110759,2024-05-15,LB,2024-05-15,LB
2110912,2022-03-13,VUS,2022-03-13,VUS
2111061,2022-03-13,P,2022-03-13,P
2111616,2022-03-15,LB,2022-03-15,LB
2111996,2022-03-14,VUS,2022-03-14,VUS
2112143,2022-03-14,LB,2022-03-14,LB
2112228,2022-03-14,VUS,2022-03-14,VUS
2112272,2024-10-07,VUS,2024-10-07,VUS
2112370,2022-11-16,LB,2022-11-16,LB
2112380,2022-08-08,LB,2022-08-08,LB
2112627,2022-03-15,VUS,2024-03-07,VUS
2112683,2022-03-15,LB,2022-03-15,LB
2112698,2022-03-18,VUS,2022-03-18,VUS
2112702,2022-11-01,LB,2022-11-01,LB
2112823,2022-03-15,VUS,2022-03-15,VUS
2112972,2023-08-21,LB,2023-08-21,LB
2112973,2022-05-27,B,2022-05-27,B
2112993,2022-03-21,LB,2022-03-21,LB
2113085,2022-03-16,VUS,2022-03-16,VUS
2113118,2022-11-29,LB,2022-11-29,LB
2113123,2022-03-16,LB,2022-03-16,LB
2113161,2022-03-28,LB,2022-03-28,LB
2113196,2022-03-17,P,2022-03-17,P
2113271,2022-03-17,VUS,2022-03-17,VUS
2113275,2022-06-10,LB,2022-06-10,LB
2113531,2022-03-18,LB,2022-03-18,LB
2113559,2024-06-03,VUS,2024-06-03,VUS
2113762,2022-03-18,LB,2022-03-18,LB
2113792,2022-03-18,VUS,2022-03-18,VUS
2113896,2022-09-21,VUS,2024-01-03,VUS
2114046,2022-03-18,LB,2022-03-18,LB
2114159,2022-10-05,LB,2022-10-05,LB
2114262,2022-03-19,LB,2022-03-19,LB
2114366,2024-02-24,LB,2024-02-24,LB
2114525,2025-03-10,VUS,2025-03-10,VUS
2114569,2022-03-19,LB,2022-03-19,LB
2114671,2022-03-19,LP,2022-03-19,LP
2114931,2022-03-20,LB,2022-03-20,LB
2115123,2022-03-20,VUS,2022-03-20,VUS
2115128,2024-10-23,LB,2024-10-23,LB
2115375,2023-05-22,VUS,2023-05-22,VUS
2115545,2024-04-30,VUS,2024-04-30,VUS
2116124,2022-05-27,LP,2025-12-22,LP
2116446,2022-04-08,LB,2022-04-08,LB
2116500,2022-03-28,VUS,2022-03-28,VUS
2116571,2022-03-24,VUS,2022-03-24,VUS
2117109,2022-03-26,VUS,2022-03-26,VUS
2117156,2023-08-02,LB,2023-08-02,LB
2117239,2024-10-14,VUS,2024-10-14,VUS
2117665,2022-03-31,LB,2022-03-31,LB
2118020,2022-03-27,P,2022-03-27,P
2118162,2025-12-16,LB,2025-12-16,LB
2118339,2022-03-27,VUS,2022-03-27,VUS
2118546,2024-02-22,VUS,2024-02-22,VUS
2118583,2022-05-06,LB,2022-05-06,LB
2118942,2024-04-07,VUS,2024-12-31,VUS
2119469,2022-03-29,VUS,2022-03-29,VUS
2119565,2024-02-19,LB,2024-02-19,LB
2119609,2022-05-07,VUS,2022-05-07,VUS
2119767,2022-03-31,LP,2022-03-31,LP
2119844,2022-03-31,LP,2024-04-09,LP
2119867,2022-03-31,LB,2022-03-31,LB
2120108,2022-04-01,LB,2022-04-01,LB
2120222,2022-04-01,LP,2022-04-01,LP
2120547,2022-04-10,LB,2022-04-10,LB
2120651,2022-05-13,VUS,2022-05-13,VUS
2120704,2026-01-16,VUS,2026-01-16,VUS
2120717,2022-04-01,LB,2022-04-01,LB
2120795,2022-04-12,LB,2022-04-12,LB
2120848,2024-09-05,LB,2024-09-05,LB
2121496,2024-08-12,LB,2024-08-12,LB
2121782,2022-04-05,LB,2022-04-05,LB
2121897,2022-04-06,LB,2022-04-06,LB
2122111,2024-06-10,LB,2024-06-10,LB
2122138,2022-04-29,VUS,2022-04-29,VUS
2122276,2026-01-05,P,2026-01-05,P
2122299,2022-04-06,LB,2022-04-06,LB
2122438,2022-05-14,LB,2022-05-14,LB
2122712,2022-11-01,VUS,2022-11-01,VUS
2122911,2023-09-21,LB,2023-09-21,LB
2122921,2022-04-08,LB,2022-04-08,LB
2123381,2025-08-24,LB,2025-08-24,LB
2123544,2022-06-13,LB,2022-06-13,LB
2123584,2023-08-08,LB,2023-08-08,LB
2123595,2022-05-03,LB,2022-05-03,LB
2123627,2024-02-16,LB,2024-02-16,LB
2123701,2022-04-09,P,2022-04-09,P
2123807,2022-04-18,LP,2022-04-18,LP
2123811,2025-12-28,LB,2025-12-28,LB
2124564,2022-04-11,VUS,2022-04-11,VUS
2124739,2022-04-11,LB,2022-04-11,LB
2124829,2022-05-11,LB,2022-05-11,LB
2124961,2022-04-11,LP,2022-04-11,LP
2125033,2023-04-25,LB,2023-04-25,LB
2125148,2022-04-12,LB,2022-04-12,LB
2125295,2022-04-18,P,2022-04-18,P
2125389,2022-04-12,LB,2022-04-12,LB
2125418,2022-04-12,LB,2022-04-12,LB
2125435,2022-07-16,VUS,2022-07-16,VUS
2125593,2022-04-12,LP,2022-04-12,LP
2125661,2022-04-12,P,2022-04-12,P
2125732,2022-04-12,VUS,2022-04-12,VUS
2125919,2022-04-13,VUS,2022-04-13,VUS
2125952,2022-04-13,P,2022-04-13,P
2126120,2022-04-13,VUS,2022-04-13,VUS
2126205,2023-08-04,VUS,2023-08-04,VUS
2126683,2022-04-16,VUS,2022-04-16,VUS
2126894,2022-04-16,LB,2022-04-16,LB
2126903,2024-01-04,P,2024-01-04,P
2127145,2022-04-17,LB,2022-04-17,LB
2127350,2023-10-13,VUS,2023-10-13,VUS
2127576,2022-04-18,LB,2022-04-18,LB
2127589,2023-09-21,LB,2023-09-21,LB
2127597,2022-05-27,LB,2022-05-27,LB
2127726,2022-08-12,VUS,2022-08-12,VUS
2128071,2022-04-19,VUS,2022-04-19,VUS
2128160,2024-03-27,VUS,2024-03-27,VUS
2128210,2022-04-20,VUS,2022-04-20,VUS
2128527,2022-04-20,VUS,2022-04-20,VUS
2128860,2022-04-21,LB,2022-04-21,LB
2128985,2022-09-17,LB,2022-09-17,LB
2129081,2022-10-25,LP,2022-10-25,LP
2129257,2022-04-22,LB,2022-04-22,LB
2129417,2025-03-31,VUS,2025-03-31,VUS
2129606,2026-01-28,LB,2026-01-28,LB
2129629,2022-04-23,P,2022-04-23,P
2129654,2022-09-08,VUS,2022-09-08,VUS
2129853,2022-06-18,VUS,2022-06-18,VUS
2129855,2022-04-29,VUS,2022-04-29,VUS
2130111,2022-05-02,LB,2022-05-02,LB
2130509,2022-04-25,LB,2022-04-25,LB
2130612,2022-09-07,LB,2022-09-07,LB
2130701,2022-04-25,VUS,2022-04-25,VUS
2131034,2023-11-28,LB,2023-11-28,LB
2131090,2022-04-28,LB,2022-04-28,LB
2131091,2022-04-28,P,2022-04-28,P
2131165,2024-04-22,LB,2024-04-22,LB
2131473,2025-03-28,VUS,2025-07-16,VUS
2131672,2022-09-20,VUS,2022-09-20,VUS
2131840,2023-07-21,LB,2023-07-21,LB
2132037,2022-09-06,VUS,2022-09-06,VUS
2132271,2022-04-30,LB,2022-04-30,LB
2132623,2022-08-31,LB,2022-08-31,LB
2132716,2025-09-29,LB,2025-09-29,LB
2133002,2022-05-02,LB,2022-05-02,LB
2133082,2022-05-03,B,2022-05-03,B
2133372,2022-05-04,P,2022-05-04,P
2133459,2022-05-16,LB,2022-05-16,LB
2133557,2022-05-04,P,2022-05-04,P
2134070,2025-10-21,VUS,2025-10-21,VUS
2134277,2023-10-03,VUS,2023-10-03,VUS
2134538,2022-05-06,VUS,2022-05-06,VUS
2134561,2022-06-03,LB,2022-06-03,LB
2134814,2024-05-21,VUS,2024-05-21,VUS
2135035,2022-08-19,VUS,2022-08-19,VUS
2135128,2025-01-27,LB,2025-01-27,LB
2135520,2022-05-08,VUS,2022-05-08,VUS
2135626,2022-04-16,VUS,2022-04-16,VUS
2135829,2022-12-04,LB,2022-12-04,LB
2135900,2022-05-09,LB,2022-05-09,LB
2136045,2023-02-07,LP,2023-02-07,LP
2136129,2022-07-18,VUS,2024-02-02,VUS
2136184,2022-07-21,VUS,2022-07-21,VUS
2138194,2022-03-29,VUS,2025-09-30,VUS
2138196,2023-11-27,VUS,2025-09-30,VUS
2138681,2024-09-30,LP,2024-09-30,LP
2138682,2022-06-03,VUS,2022-06-03,VUS
2138685,2023-02-23,LP,2026-01-19,LP
2138687,2022-10-28,P,2022-10-28,P
2138688,2022-07-25,P,2022-07-25,P
2138690,2024-06-03,P,2024-06-03,P
2138694,2022-05-18,P,2022-05-18,P
2138696,2023-02-14,LP,2023-02-14,LP
2138697,2023-12-19,P,2024-11-21,P
2138698,2022-04-01,P,2022-04-01,P
2138699,2022-04-30,P,2022-04-30,P
2138701,2022-03-20,P,2022-03-20,P
2138702,2022-10-13,LP,2022-10-13,LP
2138703,2023-11-27,P,2023-11-27,P
2138704,2022-08-07,P,2022-08-07,P
2138706,2022-03-18,LP,2022-03-18,LP
2138707,2022-01-17,P,2022-01-17,P
2138708,2022-07-21,P,2024-10-09,P
2138709,2022-08-20,P,2022-08-20,P
2138967,2022-07-19,VUS,2025-06-18,VUS
2139052,2026-01-15,VUS,2026-01-15,VUS
2139104,2025-02-26,LB,2025-02-26,LB
2139278,2022-01-26,VUS,2025-03-12,VUS
2139359,2023-05-05,LB,2023-05-05,LB
2139384,2022-08-27,VUS,2022-08-27,VUS
2139538,2023-12-07,VUS,2023-12-07,VUS
2139635,2022-02-22,VUS,2024-03-20,VUS
2139660,2026-01-05,LB,2026-01-05,LB
2139667,2026-01-12,LB,2026-01-12,LB
2139706,2024-05-01,VUS,2025-04-24,VUS
2139752,2025-02-04,LB,2025-02-04,LB
2139780,2024-01-01,LB,2024-01-01,LB
2140094,2022-05-04,VUS,2026-04-09,VUS
2140131,2024-08-28,VUS,2024-08-28,VUS
2140212,2024-12-12,LB,2025-10-26,LB
2140372,2022-01-26,VUS,2024-08-16,VUS
2140373,2021-09-01,VUS,2024-02-02,VUS
2140398,2026-01-26,LB,2026-01-26,LB
2140695,2022-07-13,LB,2022-07-13,LB
2140827,2024-02-16,LB,2024-02-16,LB
2141413,2024-01-31,LB,2024-01-31,LB
2141973,2024-12-03,LB,2024-12-03,LB
2141978,2021-07-20,VUS,2024-01-23,VUS
2141995,2024-08-21,VUS,2025-05-06,VUS
2142128,2022-02-17,VUS,2022-02-17,VUS
2142344,2021-08-31,VUS,2021-08-31,VUS
2143217,2024-02-08,LB,2024-02-08,LB
2143623,2024-02-06,B,2024-02-06,B
2143946,2025-11-18,LB,2025-11-18,LB
2144621,2024-06-25,VUS,2024-12-17,VUS
2144686,2024-01-12,LB,2024-01-12,LB
2144697,2022-04-28,LB,2022-04-28,LB
2144816,2021-07-15,VUS,2025-10-14,VUS
2144961,2023-12-21,VUS,2025-05-27,VUS
2145104,2025-07-14,LB,2025-07-14,LB
2145436,2020-09-09,VUS,2024-09-20,VUS
2145611,2022-03-08,LB,2022-03-08,LB
2145738,2026-02-01,LB,2026-02-01,LB
2146011,2025-06-12,LB,2025-06-12,LB
2146013,2021-09-01,VUS,2025-02-11,VUS
2146341,2025-02-10,LB,2025-02-10,LB
2146778,2022-10-17,VUS,2024-06-04,VUS
2147227,2024-12-24,LB,2024-12-24,LB
2147238,2022-03-10,VUS,2022-03-10,VUS
2147297,2022-01-19,LB,2025-10-03,LB
2147371,2025-08-28,LB,2025-08-28,LB
2147511,2023-12-29,VUS,2025-10-02,VUS
2147606,2024-11-05,LB,2024-11-05,LB
2147656,2024-07-13,VUS,2025-01-20,VUS
2148121,2021-12-12,LB,2021-12-12,LB
2148374,2022-09-27,LB,2022-09-27,LB
2148406,2021-11-22,VUS,2024-10-18,VUS
2148812,2023-03-01,LB,2023-03-01,LB
2148880,2025-02-20,LB,2025-02-20,LB
2149272,2025-12-14,LB,2025-12-14,LB
2149550,2024-12-12,LP,2024-12-12,LP
2149717,2025-09-11,LB,2025-09-11,LB
2149818,2025-10-29,LB,2025-10-29,LB
2149828,2024-12-19,LB,2025-09-26,LB
2149911,2023-07-28,VUS,2023-07-28,VUS
2150001,2025-07-28,LB,2025-07-28,LB
2150006,2025-07-28,VUS,2025-07-28,VUS
2150367,2023-04-19,VUS,2025-08-17,VUS
2150611,2022-01-21,VUS,2025-10-22,VUS
2150878,2022-06-29,VUS,2022-07-05,VUS
2150953,2025-06-12,LB,2025-06-12,LB
2151110,2021-08-27,VUS,2024-05-20,VUS
2151395,2024-04-02,VUS,2024-04-02,VUS
2151768,2019-10-17,VUS,2019-10-17,VUS
2151872,2024-10-22,LB,2024-10-22,LB
2151909,2022-09-27,VUS,2025-10-02,VUS
2151910,2022-06-19,VUS,2025-10-02,VUS
2151963,2022-02-04,P,2022-02-04,P
2151964,2025-08-24,LB,2025-08-24,LB
2151988,2022-01-04,VUS,2025-09-26,VUS
2152301,2025-09-30,VUS,2025-11-18,VUS
2152303,2023-08-07,VUS,2025-10-04,VUS
2152304,2022-02-22,VUS,2022-02-22,VUS
2152475,2023-03-09,B,2023-03-09,B
2152588,2025-10-06,VUS,2025-10-06,VUS
2153757,2024-05-12,LB,2024-05-12,LB
2154073,2024-10-03,LB,2024-10-03,LB
2154204,2024-01-31,LB,2024-01-31,LB
2154384,2025-05-18,LB,2025-09-04,LB
2154514,2025-06-24,LB,2025-06-24,LB
2155281,2023-08-29,VUS,2023-08-29,VUS
2155428,2022-07-17,VUS,2022-07-17,VUS
2155539,2022-11-29,LP,2022-11-29,LP
2155681,2022-06-05,VUS,2025-07-01,VUS
2155879,2026-01-26,LB,2026-01-26,LB
2155976,2023-11-25,LB,2023-11-25,LB
2156543,2024-10-05,VUS,2024-10-05,VUS
2156545,2025-05-18,VUS,2025-10-02,VUS
2156685,2022-04-19,VUS,2022-04-19,VUS
2157120,2024-04-08,VUS,2024-12-23,VUS
2157192,2022-09-06,LB,2022-09-06,LB
2157384,2021-08-27,VUS,2021-08-27,VUS
2157636,2023-12-27,LB,2023-12-27,LB
2157676,2025-12-06,LB,2025-12-06,LB
2157865,2022-04-04,LB,2022-04-04,LB
2157887,2022-10-19,VUS,2022-10-19,VUS
2157912,2023-03-20,LB,2023-03-20,LB
2157915,2023-05-12,LB,2023-05-12,LB
2158155,2022-08-10,LB,2022-08-10,LB
2158301,2024-06-05,VUS,2024-10-24,VUS
2158382,2020-06-19,VUS,2020-06-19,VUS
2158398,2024-06-03,VUS,2024-06-03,VUS
2158406,2023-09-08,LB,2023-09-08,LB
2158570,2025-11-23,LB,2025-11-23,LB
2158820,2022-07-14,VUS,2022-07-14,VUS
2158935,2024-03-04,LB,2024-03-04,LB
2159345,2023-11-24,LB,2023-11-24,LB
2159380,2024-01-06,LB,2024-01-06,LB
2159452,2024-05-29,B,2024-05-29,B
2159598,2025-12-20,LB,2025-12-20,LB
2160017,2025-10-29,VUS,2025-10-29,VUS
2160405,2026-01-13,LB,2026-01-13,LB
2160528,2024-01-16,LB,2024-01-16,LB
2160678,2022-03-03,VUS,2022-03-03,VUS
2160702,2022-08-22,LB,2022-08-22,LB
2160740,2026-01-20,LB,2026-01-20,LB
2160864,2025-08-15,VUS,2025-08-15,VUS
2160987,2025-01-18,VUS,2025-01-18,VUS
2161319,2026-01-21,VUS,2026-01-21,VUS
2161346,2025-07-29,LB,2025-07-29,LB
2161762,2025-07-06,LB,2025-08-28,LB
2162072,2022-08-12,LB,2022-08-12,LB
2162208,2024-06-03,VUS,2025-04-17,VUS
2162542,2022-07-21,LB,2022-12-20,LB
2163279,2021-12-27,LB,2021-12-27,LB
2163504,2022-03-17,VUS,2024-01-18,VUS
2163669,2024-05-04,VUS,2024-06-03,VUS
2163851,2022-09-07,VUS,2022-12-02,VUS
2164268,2024-03-13,LB,2024-03-13,LB
2164349,2021-03-06,VUS,2022-09-02,VUS
2164643,2024-02-01,LB,2024-02-01,LB
2164722,2023-11-19,LB,2024-05-30,LB
2165909,2023-05-05,LB,2023-05-05,LB
2166086,2024-05-21,VUS,2025-06-13,VUS
2166150,2024-03-18,VUS,2025-05-19,VUS
2166269,2022-08-09,VUS,2024-07-09,VUS
2166472,2022-07-23,LB,2022-07-23,LB
2166491,2025-12-15,VUS,2025-12-15,VUS
2166652,2022-06-26,VUS,2024-07-05,VUS
2166807,2025-04-22,LB,2025-04-22,LB
2166809,2025-07-21,LP,2025-07-21,LP
2166870,2023-08-14,LB,2025-03-13,LB
2166888,2021-11-28,VUS,2023-06-01,VUS
2167008,2025-09-29,VUS,2025-09-29,VUS
2167263,2023-02-06,LB,2023-02-06,LB
2167310,2024-01-09,LB,2024-01-09,LB
2167579,2022-08-11,VUS,2022-08-11,VUS
2167598,2022-06-17,B,2022-06-17,B
2167903,2023-08-04,B,2023-08-04,B
2168028,2026-01-17,LB,2026-01-17,LB
2168206,2025-06-12,LB,2025-06-12,LB
2168519,2022-10-07,LB,2022-10-07,LB
2168528,2023-08-08,VUS,2023-08-08,VUS
2168880,2023-03-22,LB,2023-03-22,LB
2169005,2021-08-06,VUS,2021-08-06,VUS
2169165,2022-04-15,VUS,2022-04-15,VUS
2169207,2022-03-13,LB,2022-03-13,LB
2169425,2024-03-20,B,2024-03-20,B
2169641,2024-08-01,B,2024-08-01,B
2169654,2022-07-16,VUS,2022-07-16,VUS
2170043,2024-04-02,LB,2025-08-03,LB
2170302,2023-12-22,LB,2023-12-22,LB
2170421,2023-12-15,LB,2023-12-15,LB
2170701,2025-06-11,LB,2025-06-11,LB
2171064,2022-02-21,VUS,2025-11-20,VUS
2171718,2021-10-15,LB,2021-10-15,LB
2172321,2024-01-22,VUS,2025-03-08,VUS
2172368,2023-04-26,LB,2023-04-26,LB
2172799,2022-09-06,VUS,2022-09-06,VUS
2172817,2022-11-01,LB,2022-11-01,LB
2172837,2025-08-17,LB,2025-08-17,LB
2173129,2023-03-21,LB,2023-03-21,LB
2173391,2023-10-13,VUS,2023-10-13,VUS
2173423,2025-07-21,B,2025-07-21,B
2173424,2025-07-21,LB,2025-07-21,LB
2174065,2022-11-03,VUS,2022-11-03,VUS
2174550,2022-04-13,VUS,2022-04-13,VUS
2174661,2024-02-17,LB,2024-02-17,LB
2174967,2022-08-30,VUS,2022-08-30,VUS
2175203,2022-10-15,LB,2022-10-15,LB
2175437,2024-10-15,VUS,2026-03-02,VUS
2175718,2022-10-08,LB,2022-10-08,LB
2176024,2022-08-13,VUS,2024-02-19,VUS
2176121,2022-06-29,LB,2022-06-29,LB
2176356,2025-09-03,B,2025-09-03,B
2176426,2025-01-13,LB,2025-01-13,LB
2176630,2023-05-31,LB,2023-05-31,LB
2176718,2021-08-27,VUS,2021-08-27,VUS
2176936,2024-06-03,VUS,2024-06-03,VUS
2176951,2026-02-01,LB,2026-02-01,LB
2176963,2023-04-11,LB,2023-04-11,LB
2176984,2025-10-13,VUS,2025-10-13,VUS
2177514,2022-12-22,LB,2022-12-22,LB
2177719,2024-06-24,VUS,2025-09-11,VUS
2178095,2024-12-15,VUS,2024-12-15,VUS
2178247,2022-06-13,VUS,2025-02-17,VUS
2178401,2022-03-25,LB,2022-03-25,LB
2178918,2023-03-26,LB,2023-03-26,LB
2179015,2022-08-03,VUS,2025-11-24,VUS
2179064,2022-10-13,LB,2022-10-13,LB
2179067,2023-08-31,LB,2023-08-31,LB
2179373,2025-10-29,LB,2025-10-29,LB
2179433,2024-01-30,VUS,2024-09-03,VUS
2180460,2022-07-08,LB,2022-07-08,LB
2180541,2022-05-17,VUS,2022-05-17,VUS
2180650,2025-06-12,VUS,2025-06-12,VUS
2180822,2023-08-17,LB,2023-08-17,LB
2180988,2022-07-19,LB,2022-07-19,LB
2181096,2022-06-08,VUS,2022-06-08,VUS
2181240,2023-06-23,LB,2023-06-23,LB
2181307,2022-09-02,LB,2022-09-02,LB
2181518,2023-04-29,LB,2023-04-29,LB
2181560,2025-05-10,VUS,2025-05-10,VUS
2182110,2023-12-28,LB,2023-12-28,LB
2182347,2023-09-19,VUS,2024-05-24,VUS
2182403,2024-05-14,VUS,2025-11-17,VUS
2182857,2022-01-23,VUS,2022-01-23,VUS
2183057,2025-10-07,LB,2025-10-07,LB
2183086,2022-06-20,VUS,2022-06-20,VUS
2183100,2022-05-28,LB,2022-05-28,LB
2183373,2022-02-20,VUS,2024-05-23,VUS
2184021,2024-03-16,LB,2024-03-16,LB
2184252,2019-10-18,VUS,2026-02-27,VUS
2184867,2024-10-01,VUS,2025-11-02,VUS
2185081,2025-10-01,LB,2025-10-01,LB
2185295,2022-07-22,LP,2022-07-22,LP
2185639,2024-07-01,LB,2024-07-01,LB
2185649,2022-06-08,LB,2022-06-08,LB
2185862,2021-12-16,LB,2021-12-16,LB
2185916,2023-10-24,LB,2023-10-24,LB
2186115,2019-10-29,VUS,2019-10-29,VUS
2186282,2023-08-03,VUS,2026-01-17,VUS
2186581,2022-03-27,VUS,2022-03-27,VUS
2187274,2025-06-12,VUS,2025-06-12,VUS
2187598,2024-11-13,LB,2024-11-13,LB
2187651,2022-04-01,VUS,2022-04-01,VUS
2187769,2022-09-07,LB,2022-09-07,LB
2187940,2025-05-05,VUS,2025-05-05,VUS
2188004,2019-11-09,VUS,2019-11-09,VUS
2188282,2025-12-23,LB,2025-12-23,LB
2188283,2025-06-04,LB,2025-06-04,LB
2188284,2022-07-24,LB,2022-07-24,LB
2188300,2026-01-26,LB,2026-01-26,LB
2188378,2024-06-13,LP,2024-06-13,LP
2188645,2025-12-11,LB,2025-12-11,LB
2188842,2022-07-28,VUS,2022-11-21,VUS
2188967,2023-09-29,LB,2023-09-29,LB
2189109,2025-09-29,LB,2025-09-29,LB
2189752,2023-03-27,LP,2025-11-06,LP
2190840,2022-08-12,VUS,2022-08-12,VUS
2191060,2022-05-20,VUS,2022-05-20,VUS
2191155,2023-09-15,LB,2023-09-15,LB
2191277,2021-09-17,VUS,2021-09-17,VUS
2191358,2023-08-07,VUS,2023-08-07,VUS
2191374,2023-02-18,LB,2023-02-18,LB
2191402,2022-07-06,LB,2022-07-06,LB
2191526,2021-12-27,VUS,2021-12-27,VUS
2191575,2023-06-23,LB,2023-06-23,LB
2191607,2022-08-01,LB,2022-08-01,LB
2191640,2025-02-11,P,2025-02-11,P
2192447,2024-02-13,VUS,2025-04-19,VUS
2192520,2022-02-28,VUS,2024-05-26,VUS
2192750,2024-01-27,VUS,2025-05-01,VUS
2192788,2025-10-22,VUS,2025-10-22,VUS
2193287,2025-06-12,VUS,2025-06-12,VUS
2193294,2022-10-07,VUS,2024-03-22,VUS
2194036,2024-12-16,VUS,2024-12-16,VUS
2194430,2025-12-19,LB,2025-12-19,LB
2194454,2022-02-19,LB,2022-02-19,LB
2195057,2023-10-04,LB,2023-10-04,LB
2195446,2024-11-26,VUS,2025-09-26,VUS
2195518,2022-07-30,LB,2022-07-30,LB
2195732,2026-01-11,LB,2026-01-11,LB
2196149,2025-12-08,LB,2025-12-08,LB
2196303,2025-06-12,LB,2025-06-12,LB
2196953,2025-08-11,VUS,2025-08-11,VUS
2197247,2025-06-12,VUS,2025-06-12,VUS
2197402,2022-04-15,VUS,2022-04-15,VUS
2198211,2025-09-06,VUS,2025-10-26,VUS
2198605,2022-07-30,VUS,2022-07-30,VUS
2198811,2022-06-17,VUS,2022-06-17,VUS
2198842,2023-08-02,LB,2023-08-02,LB
2198983,2026-01-06,LB,2026-01-06,LB
2199018,2023-08-29,LB,2023-08-29,LB
2199025,2026-01-26,LB,2026-01-26,LB
2199478,2022-05-10,VUS,2024-03-12,VUS
2199548,2024-12-20,VUS,2024-12-20,VUS
2199589,2026-01-27,LB,2026-01-27,LB
2200158,2022-04-07,P,2022-04-07,P
2200221,2025-09-24,LB,2025-09-24,LB
2200295,2025-11-10,LB,2025-11-10,LB
2200502,2025-12-29,LB,2025-12-29,LB
2200865,2022-11-16,VUS,2025-08-26,VUS
2201089,2026-01-06,LB,2026-01-06,LB
2201090,2023-02-14,LB,2026-01-28,LB
2202387,2024-02-17,LB,2024-02-17,LB
2202897,2024-01-05,VUS,2025-10-02,VUS
2202898,2025-10-02,VUS,2026-01-13,VUS
2202899,2023-12-26,VUS,2025-10-02,VUS
2202900,2022-10-16,VUS,2025-10-02,VUS
2202901,2024-01-17,VUS,2025-10-02,VUS
2202925,2022-11-16,VUS,2025-10-02,VUS
2202926,2025-10-02,VUS,2025-11-18,VUS
2203259,2025-05-13,VUS,2025-05-13,VUS
2203272,2022-02-01,P,2022-02-01,P
2203274,2022-07-11,LP,2025-08-29,LP
2203275,2022-08-22,P,2022-08-22,P
2203276,2022-06-13,LP,2022-06-13,LP
2203278,2024-02-24,P,2024-02-24,P
2203282,2024-02-25,P,2025-12-05,P
2203283,2025-01-19,LP,2025-01-19,LP
2203557,2024-02-15,VUS,2025-09-26,VUS
2203559,2024-04-26,VUS,2025-09-26,VUS
2203560,2025-09-26,P,2025-12-27,P
2203561,2025-09-26,VUS,2026-02-27,VUS
2203562,2024-05-08,VUS,2025-09-26,VUS
2203565,2022-02-22,P,2025-09-26,P
2203566,2022-05-15,VUS,2025-09-26,VUS
2205335,2021-08-16,VUS,2025-09-11,VUS
2207131,2021-08-02,VUS,2021-08-02,VUS
2209885,2022-02-02,VUS,2022-02-02,VUS
2211618,2022-05-27,VUS,2024-05-09,VUS
2215722,2021-07-06,VUS,2024-12-24,VUS
2222301,2021-12-03,VUS,2021-12-03,VUS
2226599,2021-09-27,VUS,2025-04-01,VUS
2229053,2022-04-06,VUS,2025-09-26,VUS
2232675,2021-12-20,VUS,2021-12-20,VUS
2233530,2021-06-18,VUS,2021-06-18,VUS
2236480,2021-07-13,VUS,2025-10-21,VUS
2236782,2021-07-13,VUS,2021-07-13,VUS
2237684,2021-07-15,VUS,2021-07-15,VUS
2238487,2021-07-20,VUS,2021-07-20,VUS
2239889,2021-08-02,VUS,2021-08-02,VUS
2240025,2021-08-02,VUS,2021-08-02,VUS
2242351,2021-08-10,VUS,2021-08-10,VUS
2243208,2021-08-12,VUS,2021-08-12,VUS
2244751,2021-08-13,VUS,2021-08-13,VUS
2245165,2021-08-13,VUS,2021-08-13,VUS
2245166,2021-08-13,VUS,2024-03-21,VUS
2249895,2021-09-16,VUS,2021-09-16,VUS
2250536,2021-09-16,VUS,2021-09-16,VUS
2251533,2021-09-17,VUS,2024-12-09,VUS
2251947,2021-09-17,VUS,2021-09-17,VUS
2252092,2021-09-27,VUS,2024-12-19,VUS
2256120,2021-10-20,VUS,2021-10-20,VUS
2256974,2021-10-26,VUS,2021-10-26,VUS
2257057,2021-10-26,VUS,2021-10-26,VUS
2261399,2021-11-15,VUS,2025-01-13,VUS
2261796,2025-06-09,VUS,2025-12-09,VUS
2262468,2021-11-29,VUS,2021-11-29,VUS
2264606,2021-12-03,VUS,2024-06-08,VUS
2265594,2025-02-08,VUS,2025-02-08,VUS
2265793,2021-12-07,VUS,2021-12-07,VUS
2267905,2021-12-17,VUS,2024-11-11,VUS
2271414,2022-01-10,VUS,2022-01-10,VUS
2272948,2022-01-26,VUS,2022-01-26,VUS
2278009,2022-03-03,VUS,2022-03-03,VUS
2284045,2024-03-22,VUS,2025-11-02,VUS
2287435,2022-05-04,VUS,2025-03-21,VUS
2287598,2022-05-05,VUS,2025-03-11,VUS
2288909,2022-06-29,VUS,2024-06-11,VUS
2289974,2022-05-16,VUS,2022-05-16,VUS
2292748,2025-01-29,VUS,2025-01-29,VUS
2292951,2022-05-27,VUS,2022-05-27,VUS
2293031,2022-05-30,VUS,2022-05-30,VUS
2293032,2022-05-30,VUS,2022-05-30,VUS
2293437,2022-06-08,VUS,2022-06-08,VUS
2295182,2024-05-14,VUS,2025-12-16,VUS
2295235,2022-06-10,LB,2022-06-10,LB
2295965,2022-06-21,VUS,2022-06-21,VUS
2296027,2022-06-21,VUS,2022-06-21,VUS
2299011,2022-06-29,VUS,2022-06-29,VUS
2299845,2022-07-06,VUS,2022-07-06,VUS
2299930,2022-07-07,VUS,2022-07-07,VUS
2300805,2022-07-12,VUS,2022-07-12,VUS
2303068,2022-07-26,VUS,2022-07-26,VUS
2304323,2023-08-17,VUS,2025-08-12,VUS
2304585,2022-08-02,LB,2022-08-02,LB
2304686,2022-08-02,VUS,2022-08-02,VUS
2305100,2022-08-02,VUS,2022-08-02,VUS
2307244,2022-08-16,VUS,2022-08-16,VUS
2307717,2022-08-17,VUS,2022-08-17,VUS
2308497,2022-08-17,VUS,2022-08-17,VUS
2308733,2022-08-22,VUS,2025-04-22,VUS
2310802,2022-09-06,VUS,2022-09-06,VUS
2314362,2022-09-28,VUS,2025-02-03,VUS
2314452,2022-09-29,LB,2022-09-29,LB
2315653,2025-03-18,VUS,2025-03-18,VUS
2319385,2022-10-25,VUS,2022-10-25,VUS
2321063,2022-10-27,VUS,2022-10-27,VUS
2321917,2022-11-01,VUS,2025-05-18,VUS
2322274,2022-11-03,VUS,2022-11-03,VUS
2322469,2022-11-03,VUS,2022-11-03,VUS
2322580,2022-11-07,VUS,2022-11-07,VUS
2322971,2022-11-08,VUS,2024-02-23,VUS
2327772,2022-11-18,VUS,2022-11-18,VUS
2329185,2022-11-21,VUS,2022-11-21,VUS
2329373,2022-11-23,VUS,2022-11-23,VUS
2335682,2022-12-16,LB,2022-12-16,LB
2339302,2022-12-27,VUS,2022-12-27,VUS
2339540,2022-11-30,VUS,2022-12-27,VUS
2341634,2022-10-04,VUS,2022-10-04,VUS
2355797,2021-08-17,VUS,2024-06-28,VUS
2361715,2021-11-16,VUS,2025-08-01,VUS
2370110,2021-08-13,VUS,2025-03-16,VUS
2373739,2022-01-17,VUS,2025-04-30,VUS
2375462,2021-10-21,VUS,2024-01-20,VUS
2375954,2021-09-16,VUS,2024-09-26,VUS
2382847,2021-09-16,VUS,2024-04-12,VUS
2386874,2022-09-14,VUS,2024-05-18,VUS
2388259,2021-09-10,VUS,2021-09-10,VUS
2388300,2021-10-29,VUS,2021-10-29,VUS
2388301,2021-10-29,VUS,2021-10-29,VUS
2388547,2021-06-11,VUS,2021-06-11,VUS
2389058,2021-06-18,VUS,2026-01-22,VUS
2391815,2022-06-03,VUS,2026-03-13,VUS
2392759,2021-08-13,VUS,2021-08-13,VUS
2395483,2022-02-02,VUS,2024-01-12,VUS
2397646,2023-06-13,VUS,2024-07-26,VUS
2397653,2024-08-04,VUS,2025-02-19,VUS
2397655,2021-08-02,VUS,2024-02-12,VUS
2397702,2022-08-16,VUS,2022-08-16,VUS
2397706,2021-08-09,VUS,2022-03-16,VUS
2397708,2021-09-28,VUS,2024-10-19,VUS
2397723,2024-12-03,VUS,2025-12-20,VUS
2397751,2022-05-04,VUS,2022-05-04,VUS
2397760,2021-08-02,VUS,2026-01-22,VUS
2397779,2022-10-26,VUS,2022-10-26,VUS
2397781,2025-07-31,VUS,2025-11-19,VUS
2397798,2021-06-18,VUS,2026-02-16,VUS
2398509,2021-07-14,VUS,2021-07-14,VUS
2411735,2021-11-29,VUS,2025-07-21,VUS
2412002,2021-08-12,VUS,2021-08-12,VUS
2412782,2022-06-03,LP,2022-06-03,LP
2412964,2022-07-26,VUS,2022-07-26,VUS
2413244,2022-04-20,LB,2022-04-20,LB
2413559,2022-09-09,VUS,2022-09-09,VUS
2413761,2025-09-20,LB,2025-09-20,LB
2413947,2024-05-21,VUS,2024-11-11,VUS
2414097,2025-07-21,VUS,2025-07-21,VUS
2414219,2024-12-16,VUS,2024-12-16,VUS
2414227,2023-01-05,LB,2023-01-05,LB
2414431,2023-07-10,LB,2023-07-10,LB
2414450,2024-02-17,LB,2024-02-17,LB
2414535,2023-09-29,LB,2023-09-29,LB
2414589,2022-03-02,VUS,2022-03-02,VUS
2414658,2021-07-18,VUS,2024-02-19,VUS
2415654,2021-03-24,VUS,2024-03-28,VUS
2415819,2025-09-26,VUS,2026-01-11,VUS
2415833,2025-08-15,LB,2025-08-15,LB
2416100,2025-11-12,LB,2025-11-12,LB
2416176,2022-09-14,LB,2022-09-14,LB
2416182,2025-08-21,LB,2025-08-21,LB
2416334,2024-11-08,LB,2024-11-08,LB
2416344,2026-01-20,B,2026-01-20,B
2416475,2025-11-17,LB,2025-11-17,LB
2416489,2022-03-18,LB,2022-03-18,LB
2416698,2022-07-07,VUS,2023-03-01,VUS
2416948,2026-01-04,LB,2026-01-04,LB
2417048,2023-06-03,LP,2023-06-03,LP
2417231,2026-01-31,LB,2026-01-31,LB
2417652,2022-01-06,VUS,2022-01-06,VUS
2417855,2022-07-09,VUS,2022-07-09,VUS
2418017,2025-05-20,LB,2025-12-03,LB
2418637,2025-03-08,VUS,2025-12-24,VUS
2418662,2020-12-16,VUS,2020-12-16,VUS
2418663,2024-02-11,LB,2024-02-11,LB
2419209,2022-08-24,VUS,2024-05-20,VUS
2419218,2022-12-09,P,2022-12-09,P
2419220,2021-12-27,P,2025-01-03,P
2419233,2025-02-11,VUS,2025-02-11,VUS
2419332,2024-02-19,LB,2024-02-19,LB
2419469,2024-02-01,LB,2024-02-01,LB
2419522,2022-05-03,VUS,2022-05-03,VUS
2419820,2024-05-29,VUS,2024-05-29,VUS
2419940,2022-08-10,LB,2022-08-10,LB
2420064,2025-08-11,LB,2025-08-11,LB
2420168,2022-04-16,LB,2025-10-02,LB
2420240,2022-10-12,LB,2022-10-12,LB
2420932,2022-07-05,VUS,2022-07-05,VUS
2421659,2025-04-11,VUS,2025-04-11,VUS
2421757,2023-12-23,VUS,2025-06-02,VUS
2422288,2021-10-22,P,2021-10-22,P
2422289,2022-03-02,VUS,2022-03-02,VUS
2422290,2023-08-17,LP,2023-08-17,LP
2422293,2022-10-03,VUS,2022-10-03,VUS
2422341,2022-06-20,P,2022-06-20,P
2422342,2021-04-24,VUS,2021-04-24,VUS
2422343,2023-05-23,VUS,2023-05-23,VUS
2422344,2022-06-03,P,2022-06-03,P
2422345,2022-10-06,P,2022-10-06,P
2422346,2022-09-28,P,2022-09-28,P
2422347,2022-06-10,P,2022-06-10,P
2422348,2022-10-17,P,2022-10-17,P
2422349,2021-02-26,VUS,2021-02-26,VUS
2422551,2022-07-24,VUS,2022-07-24,VUS
2422552,2022-08-23,LP,2022-08-23,LP
2422584,2023-07-14,P,2023-07-14,P
2422585,2022-09-23,LP,2022-09-23,LP
2422646,2024-02-26,LB,2024-02-26,LB
2423165,2021-08-12,LP,2021-08-12,LP
2423166,2022-08-09,P,2022-08-09,P
2423167,2023-12-07,P,2023-12-07,P
2423168,2022-06-23,P,2022-06-23,P
2423169,2021-12-02,P,2021-12-02,P
2423170,2022-09-23,P,2022-09-23,P
2423171,2022-03-28,P,2022-03-28,P
2423172,2022-04-11,P,2022-04-11,P
2423173,2021-12-14,P,2021-12-14,P
2423174,2022-07-14,P,2022-07-14,P
2423175,2023-10-03,P,2023-10-03,P
2423176,2021-08-04,VUS,2021-08-04,VUS
2423177,2022-05-03,LP,2022-05-03,LP
2423178,2021-10-22,P,2021-10-22,P
2426564,2022-08-07,P,2022-08-07,P
2426945,2023-06-28,VUS,2023-06-28,VUS
2426946,2022-06-17,LB,2022-06-17,LB
2427783,2022-09-30,VUS,2022-09-30,VUS
2428079,2023-11-28,LB,2023-11-28,LB
2428455,2024-03-06,LB,2024-03-06,LB
2429119,2023-01-05,LP,2024-04-09,LP
2429324,2023-01-31,VUS,2023-01-31,VUS
2429376,2023-01-20,LP,2023-01-20,LP
2430681,2022-08-24,VUS,2022-08-24,VUS
2430974,2022-08-24,VUS,2025-01-22,VUS
2431548,2022-06-20,VUS,2022-06-20,VUS
2431705,2022-09-22,P,2022-09-22,P
2431837,2023-02-10,VUS,2023-02-11,VUS
2439357,2022-12-06,LP,2025-02-24,LP
2439370,2022-11-17,LP,2025-07-23,LP
2439376,2022-02-16,LP,2025-04-24,LP
2439384,2022-05-31,LP,2022-05-31,LP
2439392,2022-02-24,LP,2022-02-24,LP
2439396,2022-06-22,LP,2022-06-22,LP
2439405,2022-05-16,LP,2022-05-16,LP
2439927,2019-10-24,VUS,2019-10-24,VUS
2440313,2020-12-23,VUS,2020-12-23,VUS
2440314,2022-05-25,VUS,2022-05-25,VUS
2440315,2022-11-21,VUS,2022-11-21,VUS
2440319,2021-03-12,VUS,2021-03-12,VUS
2440321,2020-09-08,VUS,2023-03-27,VUS
2440322,2019-07-19,VUS,2024-01-08,VUS
2440323,2021-10-21,VUS,2021-10-21,VUS
2440324,2020-05-11,VUS,2020-05-11,VUS
2440325,2020-06-25,VUS,2020-06-25,VUS
2440326,2020-11-25,VUS,2020-11-25,VUS
2440327,2019-01-07,VUS,2019-01-07,VUS
2441535,2021-08-06,VUS,2023-05-28,VUS
2441537,2021-09-15,VUS,2024-04-06,VUS
2441538,2020-10-13,VUS,2020-10-13,VUS
2441817,2022-11-11,P,2022-11-11,P
2442108,2022-03-18,LP,2022-03-18,LP
2442684,2022-09-06,VUS,2022-09-06,VUS
2443033,2023-02-28,VUS,2023-02-28,VUS
2443087,2022-09-01,LB,2022-09-01,LB
2443095,2022-08-23,VUS,2025-05-08,VUS
2443449,2022-09-12,VUS,2022-09-12,VUS
2443541,2022-09-13,VUS,2025-11-12,VUS
2443675,2022-09-13,VUS,2022-09-13,VUS
2444109,2023-02-23,P,2023-02-23,P
2444126,2023-02-23,LP,2023-02-23,LP
2444150,2025-03-04,LP,2025-03-04,LP
2444221,2023-02-23,VUS,2023-02-23,VUS
2444225,2024-12-26,P,2025-03-21,P
2444275,2023-02-23,P,2023-02-23,P
2444297,2023-02-23,LP,2023-02-23,LP
2444358,2023-02-23,VUS,2023-02-23,VUS
2444414,2023-02-23,VUS,2023-02-23,VUS
2445682,2023-02-27,LP,2023-02-27,LP
2445782,2022-09-08,LB,2025-05-01,LB
2445813,2023-12-15,VUS,2023-12-15,VUS
2445849,2023-02-15,VUS,2024-05-24,VUS
2445872,2023-02-16,VUS,2023-02-16,VUS
2445873,2023-02-16,VUS,2023-02-16,VUS
2445904,2023-02-03,LP,2023-02-03,LP
2446062,2022-09-23,VUS,2022-09-23,VUS
2461258,2025-02-27,VUS,2025-02-27,VUS
2463052,2023-01-24,VUS,2023-01-24,VUS
2465670,2023-02-08,VUS,2023-02-08,VUS
2470034,2023-02-27,VUS,2023-02-27,VUS
2476117,2023-01-17,LB,2023-01-17,LB
2477236,2023-01-23,VUS,2023-01-23,VUS
2482067,2023-02-07,VUS,2023-02-07,VUS
2482068,2023-02-07,VUS,2023-02-07,VUS
2483226,2025-03-16,VUS,2025-03-16,VUS
2484106,2023-02-15,VUS,2023-02-15,VUS
2485166,2023-02-15,VUS,2023-02-15,VUS
2485585,2023-02-16,VUS,2025-03-24,VUS
2485645,2023-02-16,VUS,2023-02-16,VUS
2485831,2023-02-16,VUS,2023-02-16,VUS
2489114,2023-02-27,VUS,2025-03-10,VUS
2491030,2023-02-28,VUS,2023-02-28,VUS
2491940,2023-04-11,VUS,2023-04-11,VUS
2495944,2023-03-14,VUS,2023-03-14,VUS
2496538,2023-03-14,VUS,2023-07-22,VUS
2498165,2023-03-23,VUS,2025-09-26,VUS
2499149,2023-02-01,P,2023-02-01,P
2499430,2022-10-12,VUS,2026-01-17,VUS
2499540,2023-04-05,LP,2025-02-26,LP
2499743,2022-10-18,VUS,2024-03-12,VUS
2500258,2022-10-10,LP,2022-10-10,LP
2500489,2022-10-27,VUS,2022-10-27,VUS
2501557,2022-11-08,VUS,2024-11-22,VUS
2501697,2023-03-27,LP,2023-03-27,LP
2502577,2022-11-21,VUS,2022-11-21,VUS
2502586,2022-11-22,VUS,2022-11-22,VUS
2502861,2022-10-13,LB,2022-10-13,LB
2503118,2022-11-23,VUS,2022-11-23,VUS
2503451,2023-04-01,VUS,2025-09-30,VUS
2503856,2023-04-14,LP,2023-04-14,LP
2504191,2022-12-01,VUS,2024-02-12,VUS
2504278,2022-11-30,VUS,2025-10-01,VUS
2504528,2022-11-30,VUS,2022-11-30,VUS
2506048,2024-12-27,LP,2025-11-18,LP
2506101,2023-05-11,P,2023-05-11,P
2506471,2022-11-03,LP,2022-11-03,LP
2506474,2022-11-03,P,2022-11-03,P
2506481,2022-11-18,LP,2022-11-18,LP
2506490,2022-11-01,LP,2022-11-01,LP
2506491,2022-11-01,P,2022-11-01,P
2506494,2022-12-01,LP,2022-12-01,LP
2507420,2023-06-13,LP,2023-06-13,LP
2508296,2023-05-17,VUS,2023-05-17,VUS
2514738,2023-05-23,VUS,2025-06-02,VUS
2514776,2023-01-13,VUS,2023-03-29,VUS
2514795,2023-03-24,VUS,2024-07-10,VUS
2514800,2025-09-22,VUS,2025-09-22,VUS
2516091,2025-07-02,VUS,2025-07-02,VUS
2521060,2023-05-02,VUS,2025-12-24,VUS
2522205,2023-05-31,VUS,2023-05-31,VUS
2524789,2023-03-20,VUS,2023-07-21,VUS
2525799,2023-05-31,VUS,2025-03-31,VUS
2529733,2023-03-24,VUS,2023-03-24,VUS
2532461,2023-04-04,VUS,2023-04-04,VUS
2532732,2023-04-04,VUS,2023-04-04,VUS
2533090,2023-05-04,VUS,2023-05-04,VUS
2533349,2023-04-05,VUS,2023-04-05,VUS
2535518,2023-05-10,VUS,2023-05-10,VUS
2536417,2025-07-16,VUS,2025-07-16,VUS
2537364,2023-04-17,VUS,2023-04-17,VUS
2538560,2023-04-19,VUS,2023-04-19,VUS
2540239,2023-04-25,VUS,2023-12-21,VUS
2541193,2023-04-26,VUS,2023-04-26,VUS
2542840,2023-05-03,VUS,2023-05-03,VUS
2544380,2023-06-07,P,2023-06-07,P
2550663,2023-05-23,VUS,2023-05-23,VUS
2553491,2023-05-31,VUS,2023-05-31,VUS
2559066,2023-03-01,VUS,2023-07-21,VUS
2559429,2023-06-12,VUS,2023-06-12,VUS
2571117,2023-06-01,VUS,2025-01-19,VUS
2571124,2023-06-01,VUS,2025-11-27,VUS
2571125,2023-06-01,LB,2023-06-01,LB
2571126,2024-06-01,LB,2024-06-01,LB
2571973,2023-01-10,VUS,2023-01-10,VUS
2572470,2024-02-08,LP,2024-09-04,LP
2572638,2022-12-19,LP,2022-12-19,LP
2572818,2023-01-12,VUS,2024-03-18,VUS
2572840,2023-01-12,VUS,2024-02-02,VUS
2572946,2023-08-09,VUS,2023-08-09,VUS
2573679,2023-01-18,VUS,2025-01-23,VUS
2574311,2023-01-27,VUS,2023-01-27,VUS
2574483,2023-01-27,VUS,2024-03-12,VUS
2574569,2023-07-28,VUS,2023-07-28,VUS
2574570,2023-07-28,VUS,2023-07-28,VUS
2574955,2022-12-29,VUS,2025-12-16,VUS
2575122,2025-03-04,LB,2025-03-04,LB
2575231,2023-05-25,LP,2023-05-25,LP
2575689,2023-02-14,VUS,2023-02-14,VUS
2575735,2023-02-07,VUS,2023-02-07,VUS
2576115,2023-07-13,VUS,2023-07-13,VUS
2577416,2023-05-11,P,2023-05-11,P
2577423,2021-09-13,P,2021-09-13,P
2577424,2023-07-04,P,2023-07-04,P
2577446,2022-04-29,P,2022-04-29,P
2577448,2023-05-10,P,2023-05-10,P
2577463,2023-06-12,P,2023-10-17,P
2577734,2023-02-23,VUS,2023-02-23,VUS
2578283,2023-03-02,VUS,2023-03-02,VUS
2578285,2023-03-02,VUS,2023-03-02,VUS
2578286,2024-05-15,VUS,2025-07-08,VUS
2578592,2025-11-01,B,2025-11-01,B
2579513,2023-03-06,VUS,2023-03-06,VUS
2579918,2023-03-17,LP,2025-01-28,LP
2580353,2022-12-02,P,2022-12-02,P
2580395,2023-03-21,VUS,2025-12-01,VUS
2580507,2023-03-24,VUS,2023-03-24,VUS
2581283,2023-08-22,LB,2025-11-01,LB
2581478,2023-08-04,VUS,2023-08-04,VUS
2581479,2023-08-04,VUS,2023-08-04,VUS
2581480,2023-08-04,VUS,2023-08-04,VUS
2581768,2023-09-08,LP,2023-09-08,LP
2582403,2023-04-28,VUS,2023-04-28,VUS
2582724,2023-10-09,VUS,2023-10-09,VUS
2582748,2023-10-09,P,2023-10-09,P
2582994,2023-09-01,LP,2023-09-01,LP
2584371,2023-07-14,LP,2023-07-14,LP
2584402,2023-10-02,P,2023-10-02,P
2584519,2025-04-22,LP,2026-02-05,LP
2585321,2022-09-02,VUS,2024-07-09,VUS
2593830,2023-06-16,VUS,2023-06-16,VUS
2593871,2023-06-29,VUS,2025-04-13,VUS
2594886,2025-07-06,VUS,2025-08-27,VUS
2595833,2023-08-15,VUS,2024-04-25,VUS
2597054,2023-06-23,VUS,2025-07-21,VUS
2597062,2024-05-27,VUS,2025-11-02,VUS
2600764,2023-08-24,VUS,2023-08-24,VUS
2603860,2023-07-25,VUS,2023-07-25,VUS
2605367,2024-02-02,LP,2024-02-15,LP
2609067,2023-06-30,VUS,2023-06-30,VUS
2609629,2023-07-05,VUS,2023-07-05,VUS
2609904,2023-11-01,LP,2024-12-10,LP
2610064,2023-08-02,P,2023-08-02,P
2610219,2023-07-11,VUS,2023-07-11,VUS
2611356,2023-07-12,LB,2023-07-12,LB
2612218,2023-08-14,P,2023-08-14,P
2612616,2023-07-19,VUS,2023-07-19,VUS
2613065,2023-07-19,VUS,2023-07-19,VUS
2613148,2023-08-15,LB,2023-08-15,LB
2613396,2023-07-25,VUS,2023-07-25,VUS
2616665,2023-08-08,VUS,2023-08-08,VUS
2618079,2023-08-14,VUS,2023-08-14,VUS
2618170,2023-08-14,VUS,2023-08-14,VUS
2621797,2023-08-28,VUS,2024-05-14,VUS
2621882,2023-08-28,VUS,2023-08-28,VUS
2623512,2023-09-14,VUS,2023-09-14,VUS
2623643,2023-09-13,LB,2023-09-13,LB
2623767,2023-09-13,VUS,2023-09-13,VUS
2624024,2023-09-14,VUS,2023-09-14,VUS
2627146,2023-09-07,LP,2023-09-09,LP
2627275,2023-09-19,LP,2025-05-18,LP
2627794,2023-08-22,VUS,2023-08-22,VUS
2627799,2022-09-05,LP,2022-09-05,LP
2627800,2022-09-05,LP,2022-09-05,LP
2627801,2022-09-05,LP,2023-11-14,LP
2627886,2022-09-05,LP,2022-09-05,LP
2627907,2023-06-15,LP,2023-06-15,LP
2628059,2023-01-01,VUS,2024-04-07,VUS
2628765,2023-02-03,VUS,2023-02-03,VUS
2629153,2023-03-08,VUS,2023-03-08,VUS
2629240,2023-07-06,VUS,2023-07-06,VUS
2629278,2023-03-03,VUS,2023-03-03,VUS
2629342,2022-08-29,VUS,2023-10-06,VUS
2629807,2022-12-21,LP,2022-12-21,LP
2629847,2022-12-20,LP,2022-12-20,LP
2629848,2023-01-20,LP,2024-04-03,LP
2630052,2023-01-03,VUS,2023-01-03,VUS
2630399,2023-03-03,VUS,2023-03-03,VUS
2630801,2023-09-12,VUS,2023-09-12,VUS
2630942,2023-08-30,LP,2023-08-30,LP
2631041,2023-08-23,LP,2023-08-23,LP
2631137,2023-08-30,VUS,2023-08-30,VUS
2631222,2023-08-14,VUS,2023-08-14,VUS
2631235,2023-08-06,LP,2025-09-02,LP
2631341,2023-07-12,VUS,2023-07-12,VUS
2631459,2023-08-04,VUS,2023-08-04,VUS
2631745,2023-08-01,P,2023-08-01,P
2631766,2023-08-01,VUS,2024-05-18,VUS
2631786,2023-08-04,LP,2023-08-04,LP
2631872,2023-09-11,VUS,2024-05-16,VUS
2631922,2023-05-30,VUS,2025-05-23,VUS
2632052,2023-07-12,VUS,2023-07-12,VUS
2632219,2023-06-20,VUS,2023-06-20,VUS
2632241,2023-06-01,VUS,2023-06-01,VUS
2632442,2023-06-20,VUS,2023-06-20,VUS
2632519,2023-05-25,LP,2025-05-18,LP
2632609,2023-06-01,LP,2023-06-01,LP
2632716,2023-06-28,VUS,2023-06-28,VUS
2632791,2023-05-02,VUS,2024-12-31,VUS
2632910,2023-05-01,VUS,2023-05-01,VUS
2632916,2023-05-15,LP,2023-05-15,LP
2633217,2023-05-15,VUS,2023-05-15,VUS
2633273,2023-05-02,VUS,2023-05-02,VUS
2633284,2023-05-11,LP,2023-05-11,LP
2633477,2023-03-23,P,2023-03-23,P
2633624,2023-03-20,VUS,2023-03-20,VUS
2633714,2023-04-03,LP,2023-04-03,LP
2633753,2023-03-30,VUS,2024-07-20,VUS
2633781,2023-04-13,LP,2023-04-13,LP
2633860,2023-04-25,LP,2023-04-25,LP
2633926,2023-10-12,LP,2023-10-12,LP
2633936,2023-10-04,LP,2023-10-04,LP
2633972,2023-10-03,LP,2023-10-03,LP
2634259,2023-01-20,VUS,2024-06-11,VUS
2634407,2023-05-15,LP,2023-08-18,LP
2634752,2023-08-21,VUS,2023-08-21,VUS
2635027,2022-12-21,VUS,2022-12-21,VUS
2635212,2022-12-08,LP,2022-12-08,LP
2635338,2022-10-27,VUS,2022-10-27,VUS
2635499,2022-12-08,LP,2022-12-08,LP
2635519,2022-07-12,VUS,2025-11-07,VUS
2635552,2022-11-17,VUS,2022-11-17,VUS
2635605,2022-12-20,VUS,2022-12-20,VUS
2635705,2022-11-21,VUS,2023-05-23,VUS
2636191,2022-08-18,LP,2022-08-18,LP
2636318,2022-09-10,VUS,2025-09-29,VUS
2636484,2022-09-14,VUS,2024-09-25,VUS
2636792,2022-10-11,LP,2022-10-11,LP
2636823,2023-02-09,VUS,2025-10-02,VUS
2637078,2022-10-21,VUS,2022-10-21,VUS
2637143,2022-10-03,LP,2024-03-06,LP
2637157,2022-09-20,LP,2025-02-18,LP
2637302,2023-10-25,VUS,2023-10-25,VUS
2637415,2022-09-05,LP,2022-09-05,LP
2637684,2023-10-12,VUS,2023-10-12,VUS
2639683,2023-03-01,VUS,2023-03-01,VUS
2639684,2023-02-01,VUS,2024-06-17,VUS
2639685,2019-09-13,LB,2025-07-30,LB
2639686,2026-03-01,B,2026-03-01,B
2639698,2022-10-01,LB,2022-10-01,LB
2639878,2022-03-01,VUS,2022-03-01,VUS
2649143,2023-08-01,VUS,2023-08-01,VUS
2649144,2023-03-01,LB,2023-03-01,LB
2651869,2022-06-01,VUS,2024-09-03,VUS
2651954,2024-03-01,LB,2024-03-01,LB
2651955,2024-03-01,LB,2024-03-01,LB
2651956,2022-10-01,VUS,2022-10-01,VUS
2651957,2022-08-01,VUS,2022-08-01,VUS
2661163,2024-03-01,LB,2024-03-01,LB
2661164,2023-05-01,LB,2023-05-01,LB
2661165,2023-01-01,VUS,2024-02-28,VUS
2661166,2024-01-01,LB,2024-01-01,LB
2661167,2023-10-01,VUS,2023-10-01,VUS
2661168,2022-06-01,VUS,2023-09-26,VUS
2661169,2023-12-01,VUS,2023-12-01,VUS
2661170,2023-01-01,LB,2023-01-01,LB
2662402,2023-05-19,VUS,2023-12-11,VUS
2662971,2023-04-10,VUS,2023-04-10,VUS
2664328,2023-12-06,LP,2024-03-20,LP
2664711,2022-10-04,VUS,2023-12-22,VUS
2664740,2022-11-07,P,2022-11-07,P
2664804,2023-06-28,LP,2023-06-28,LP
2664805,2023-07-12,VUS,2023-07-12,VUS
2664853,2021-11-12,VUS,2021-11-12,VUS
2671629,2023-02-14,VUS,2023-12-24,VUS
2671633,2023-02-14,LP,2023-02-14,LP
2674612,2021-02-26,LP,2021-02-26,LP
2681730,2023-12-01,P,2023-12-01,P
2681731,2023-12-01,P,2024-08-30,P
2681732,2023-12-01,P,2023-12-01,P
2681733,2023-12-01,P,2023-12-01,P
2681734,2023-12-01,P,2023-12-01,P
2681735,2023-12-01,LP,2023-12-01,LP
2681737,2023-12-01,LP,2023-12-01,LP
2681738,2023-12-01,LP,2023-12-01,LP
2681769,2023-12-01,VUS,2023-12-01,VUS
2681782,2023-12-01,VUS,2023-12-01,VUS
2682387,2025-04-28,LP,2025-04-28,LP
2682415,2023-11-08,VUS,2023-12-13,VUS
2682449,2023-11-02,VUS,2023-11-02,VUS
2682680,2022-07-06,VUS,2022-07-06,VUS
2682681,2023-03-14,VUS,2023-03-14,VUS
2682682,2022-05-24,VUS,2022-05-24,VUS
2682683,2022-03-16,VUS,2022-03-16,VUS
2682684,2022-02-15,VUS,2024-02-06,VUS
2682685,2023-04-07,VUS,2023-04-07,VUS
2682686,2022-12-20,VUS,2024-01-05,VUS
2682688,2023-05-22,VUS,2024-09-20,VUS
2682689,2022-06-14,VUS,2025-12-16,VUS
2682690,2023-04-04,VUS,2023-04-04,VUS
2682691,2023-04-06,VUS,2025-10-02,VUS
2682692,2023-01-30,VUS,2025-10-02,VUS
2682707,2022-05-12,VUS,2022-05-12,VUS
2682708,2022-11-11,VUS,2022-11-11,VUS
2682709,2023-03-01,VUS,2023-03-01,VUS
2682710,2022-03-02,VUS,2022-03-02,VUS
2682711,2023-01-09,VUS,2023-01-09,VUS
2682712,2022-08-09,VUS,2022-08-09,VUS
2682713,2022-10-27,VUS,2024-01-23,VUS
2682714,2022-08-22,VUS,2022-08-22,VUS
2682718,2022-04-05,VUS,2022-04-05,VUS
2682810,2023-03-31,VUS,2024-04-15,VUS
2682816,2022-12-07,VUS,2022-12-07,VUS
2682867,2023-04-07,VUS,2023-04-07,VUS
2682868,2023-01-30,VUS,2023-01-30,VUS
2682869,2022-05-04,VUS,2024-07-31,VUS
2683469,2022-08-16,VUS,2022-08-16,VUS
2683470,2022-09-30,VUS,2025-09-30,VUS
2683471,2022-07-13,VUS,2022-07-13,VUS
2683472,2022-12-13,VUS,2025-08-18,VUS
2683637,2023-05-23,LP,2025-10-02,LP
2683647,2022-04-06,LP,2022-04-06,LP
2683648,2022-11-28,LP,2025-09-26,LP
2683683,2023-01-12,LP,2023-01-12,LP
2683905,2024-01-02,LP,2024-01-02,LP
2683937,2022-10-07,VUS,2022-10-07,VUS
2683947,2023-05-08,LP,2024-04-01,LP
2683952,2023-07-27,LP,2023-07-27,LP
2684882,2023-10-10,P,2023-10-10,P
2688829,2023-03-16,VUS,2023-03-16,VUS
2689084,2023-07-14,VUS,2023-07-14,VUS
2690556,2023-11-21,LP,2023-11-21,LP
2690575,2023-07-11,LP,2023-07-11,LP
2691521,2023-12-08,VUS,2023-12-08,VUS
2691522,2023-12-08,VUS,2023-12-08,VUS
2691523,2023-12-08,VUS,2023-12-08,VUS
2691524,2023-12-08,LP,2025-09-14,LP
2691525,2023-12-08,LB,2025-03-24,LB
2691527,2023-12-08,VUS,2025-04-25,VUS
2691528,2023-12-08,LB,2023-12-08,LB
2691529,2023-12-08,VUS,2023-12-08,VUS
2691530,2023-12-08,VUS,2023-12-08,VUS
2691535,2026-03-30,VUS,2026-03-30,VUS
2691536,2023-12-08,VUS,2024-11-28,VUS
2691611,2023-12-12,LB,2025-01-28,LB
2691613,2023-06-10,LB,2023-12-12,LB
2691624,2023-12-12,VUS,2023-12-12,VUS
2691653,2023-12-13,VUS,2023-12-13,VUS
2691654,2023-12-13,VUS,2023-12-13,VUS
2691655,2023-12-13,VUS,2023-12-13,VUS
2691656,2023-12-13,VUS,2024-01-20,VUS
2691683,2023-12-14,VUS,2023-12-14,VUS
2691896,2024-01-04,LP,2024-01-04,LP
2692034,2025-03-04,LB,2025-03-04,LB
2692323,2023-06-05,LP,2023-06-05,LP
2693049,2023-11-13,VUS,2023-11-13,VUS
2693312,2023-11-04,VUS,2023-11-04,VUS
2693347,2023-11-04,LP,2024-03-19,LP
2693457,2023-11-05,LB,2023-11-05,LB
2693472,2023-11-05,LB,2023-11-05,LB
2693554,2023-11-06,LB,2023-11-06,LB
2693679,2023-12-02,LB,2023-12-02,LB
2693731,2023-06-08,VUS,2023-06-08,VUS
2693926,2023-11-06,LB,2023-11-06,LB
2694024,2023-11-07,LB,2023-11-07,LB
2694103,2023-11-07,P,2023-11-07,P
2694201,2024-01-29,VUS,2024-01-29,VUS
2694398,2023-11-08,P,2023-11-08,P
2694656,2023-11-10,LB,2023-11-10,LB
2694847,2019-06-28,LB,2026-01-27,LB
2694876,2023-11-10,VUS,2023-11-10,VUS
2695010,2023-11-10,LB,2023-11-10,LB
2695064,2023-11-11,LB,2023-11-11,LB
2695091,2023-11-20,VUS,2023-11-20,VUS
2695255,2023-11-20,VUS,2023-11-20,VUS
2695355,2023-11-12,P,2023-11-12,P
2695371,2023-11-12,VUS,2023-11-12,VUS
2695534,2023-11-13,LB,2023-11-13,LB
2695573,2023-11-13,VUS,2023-11-13,VUS
2695625,2023-10-05,LB,2023-10-05,LB
2695629,2023-11-19,LB,2023-11-19,LB
2695784,2023-11-19,LB,2023-11-19,LB
2695819,2023-10-11,LB,2023-10-11,LB
2695898,2023-11-14,LB,2023-11-14,LB
2695990,2023-11-14,VUS,2023-11-14,VUS
2696002,2023-07-18,VUS,2026-01-05,VUS
2696250,2024-09-30,LP,2024-09-30,LP
2696279,2023-11-21,VUS,2023-11-21,VUS
2696335,2024-01-16,LB,2024-01-16,LB
2696436,2023-11-17,LB,2023-11-17,LB
2696555,2023-11-17,LB,2023-11-17,LB
2696645,2023-11-17,VUS,2023-11-17,VUS
2696701,2023-11-17,LB,2023-11-17,LB
2696822,2023-11-17,LB,2023-11-17,LB
2696955,2025-06-12,LB,2025-06-12,LB
2696988,2023-11-18,VUS,2023-11-18,VUS
2697015,2023-12-09,LB,2023-12-09,LB
2697248,2024-12-03,LB,2024-12-03,LB
2697535,2023-11-20,VUS,2023-11-20,VUS
2697757,2023-12-14,VUS,2023-12-14,VUS
2697877,2023-06-14,LB,2023-06-14,LB
2698392,2023-11-24,LB,2023-11-24,LB
2698428,2023-11-24,LB,2023-11-24,LB
2698486,2023-11-24,VUS,2023-11-24,VUS
2698550,2023-06-14,VUS,2023-06-14,VUS
2698807,2023-11-24,P,2023-11-24,P
2699018,2025-08-19,B,2025-08-19,B
2699050,2023-11-27,LB,2023-11-27,LB
2699060,2023-11-25,LB,2023-11-25,LB
2699118,2023-11-25,VUS,2023-11-25,VUS
2699201,2023-11-27,LB,2023-11-27,LB
2699248,2023-11-27,LB,2023-11-27,LB
2699334,2023-06-09,LB,2023-06-09,LB
2699370,2024-01-06,LB,2024-01-06,LB
2699426,2023-11-28,LB,2023-11-28,LB
2700147,2023-06-09,LB,2023-06-09,LB
2700258,2023-12-01,P,2023-12-01,P
2700329,2023-12-02,LB,2023-12-02,LB
2700448,2024-07-08,VUS,2024-07-08,VUS
2700450,2024-07-08,LB,2024-07-08,LB
2700469,2023-12-13,VUS,2023-12-13,VUS
2700493,2023-06-09,P,2023-06-09,P
2700701,2023-12-03,LB,2023-12-03,LB
2700794,2023-12-04,P,2023-12-04,P
2700871,2023-12-04,LB,2023-12-04,LB
2700934,2023-12-04,VUS,2023-12-04,VUS
2701061,2023-12-05,LB,2023-12-05,LB
2701289,2023-12-13,LB,2023-12-13,LB
2701316,2023-12-06,LB,2023-12-06,LB
2701329,2023-12-06,LB,2023-12-06,LB
2701615,2023-12-09,LB,2023-12-09,LB
2701634,2025-03-12,LB,2025-03-12,LB
2702129,2023-12-10,P,2023-12-10,P
2702140,2023-12-11,LB,2023-12-11,LB
2702526,2023-12-12,LB,2023-12-12,LB
2702598,2023-12-12,LB,2023-12-12,LB
2702679,2023-12-13,VUS,2023-12-13,VUS
2702892,2023-12-13,LB,2023-12-13,LB
2702999,2023-12-13,LB,2023-12-13,LB
2703253,2023-12-14,LB,2023-12-14,LB
2703267,2023-12-14,B,2023-12-14,B
2703365,2023-05-22,LB,2023-05-22,LB
2703699,2023-12-25,LB,2023-12-25,LB
2703724,2023-12-25,LB,2023-12-25,LB
2703750,2023-12-17,LP,2023-12-17,LP
2703840,2023-10-23,VUS,2025-07-30,VUS
2704271,2024-03-21,VUS,2024-03-21,VUS
2704420,2024-01-22,LB,2024-01-22,LB
2704422,2025-10-21,VUS,2025-10-21,VUS
2704498,2026-01-11,LB,2026-01-11,LB
2704900,2023-12-22,LB,2023-12-22,LB
2704986,2023-12-22,LB,2023-12-22,LB
2705309,2024-01-04,LB,2024-01-04,LB
2705316,2023-06-09,LB,2023-06-09,LB
2705463,2024-10-30,VUS,2024-10-30,VUS
2705516,2025-08-01,LB,2025-08-01,LB
2705529,2023-10-17,LB,2023-10-17,LB
2705537,2023-12-25,LB,2023-12-25,LB
2705611,2024-01-04,LB,2024-01-04,LB
2705790,2023-12-27,VUS,2023-12-27,VUS
2706119,2024-02-16,LP,2024-02-16,LP
2706121,2024-01-08,LB,2024-01-08,LB
2706193,2023-12-29,VUS,2023-12-29,VUS
2706412,2023-12-30,LB,2023-12-30,LB
2706610,2024-07-09,LP,2024-07-09,LP
2706958,2024-01-01,VUS,2024-01-01,VUS
2706988,2024-01-02,LB,2024-01-02,LB
2707215,2024-04-10,LB,2024-04-10,LB
2707377,2024-01-04,LB,2024-01-04,LB
2707451,2024-01-04,VUS,2024-01-04,VUS
2707682,2024-01-04,LB,2024-01-04,LB
2707695,2024-01-05,LP,2024-01-05,LP
2707941,2024-01-06,VUS,2024-01-06,VUS
2708197,2024-01-08,VUS,2024-01-08,VUS
2708274,2024-01-08,LB,2024-01-08,LB
2708275,2024-01-08,LB,2024-01-08,LB
2708515,2025-05-01,LB,2025-05-01,LB
2708593,2024-01-10,P,2024-01-10,P
2708611,2024-01-10,LB,2024-01-10,LB
2708658,2024-01-10,LB,2024-01-10,LB
2708812,2023-06-10,VUS,2023-06-10,VUS
2708829,2024-01-11,LB,2024-01-11,LB
2708951,2025-11-12,LB,2025-11-12,LB
2708954,2024-01-11,VUS,2024-01-11,VUS
2709253,2024-01-19,LB,2024-01-19,LB
2709394,2024-01-21,VUS,2024-01-21,VUS
2709869,2024-01-17,LB,2024-01-17,LB
2709978,2024-01-18,VUS,2024-01-18,VUS
2709993,2025-09-11,VUS,2025-09-11,VUS
2709994,2025-09-11,LB,2025-09-11,LB
2710646,2024-01-21,LB,2024-01-21,LB
2710676,2024-01-21,LB,2024-01-21,LB
2710681,2024-01-21,LB,2024-01-21,LB
2710760,2024-01-22,LB,2024-01-22,LB
2711016,2024-01-24,P,2024-01-24,P
2711032,2024-01-24,LB,2024-01-24,LB
2711042,2024-01-31,LB,2024-01-31,LB
2711190,2024-01-25,LB,2024-01-25,LB
2711232,2024-01-25,LB,2024-01-25,LB
2711386,2024-02-23,VUS,2024-02-23,VUS
2711435,2024-01-25,LB,2024-01-25,LB
2711438,2024-01-25,LP,2024-01-25,LP
2711532,2024-01-25,LB,2024-01-25,LB
2711608,2023-06-11,LB,2023-06-11,LB
2711609,2024-01-26,VUS,2024-01-26,VUS
2711743,2024-03-12,LB,2024-03-12,LB
2711888,2023-02-18,VUS,2023-02-18,VUS
2711940,2025-07-22,LB,2025-07-22,LB
2712080,2023-04-13,VUS,2025-03-28,VUS
2712254,2025-07-29,LB,2025-07-29,LB
2712389,2023-06-11,LB,2023-06-11,LB
2712591,2023-07-12,VUS,2024-12-23,VUS
2713206,2023-09-08,LB,2023-09-08,LB
2713212,2025-03-17,VUS,2025-03-17,VUS
2713600,2023-07-03,VUS,2023-07-03,VUS
2713601,2023-07-03,VUS,2023-07-03,VUS
2713890,2024-01-28,LB,2024-01-28,LB
2713917,2024-01-29,LB,2024-01-29,LB
2713969,2024-01-29,LB,2024-01-29,LB
2714063,2023-07-12,LB,2023-07-12,LB
2714105,2024-01-29,P,2024-01-29,P
2714120,2024-01-29,LB,2024-01-29,LB
2714276,2024-01-30,LB,2024-01-30,LB
2714337,2024-03-17,VUS,2024-03-17,VUS
2714518,2023-06-14,LB,2023-06-14,LB
2714550,2024-04-03,VUS,2024-04-03,VUS
2714721,2024-01-18,LB,2024-01-18,LB
2714890,2023-06-14,LB,2023-06-14,LB
2715382,2023-06-24,LB,2023-06-24,LB
2715585,2023-07-25,LB,2023-07-25,LB
2715628,2023-09-23,P,2023-09-23,P
2715701,2023-06-23,LB,2023-06-23,LB
2715786,2023-09-08,LB,2023-09-08,LB
2716202,2023-06-15,LB,2023-06-15,LB
2716257,2023-06-23,LB,2023-06-23,LB
2716451,2024-03-06,VUS,2025-09-29,VUS
2716460,2023-11-01,LB,2023-11-01,LB
2717007,2024-03-13,B,2024-03-13,B
2717069,2023-06-16,LB,2023-06-16,LB
2717468,2023-06-16,LB,2023-06-16,LB
2717519,2023-06-16,LB,2023-06-16,LB
2717669,2023-06-16,VUS,2023-06-16,VUS
2717970,2023-06-25,VUS,2023-06-25,VUS
2718018,2023-06-19,VUS,2023-06-19,VUS
2718037,2023-03-03,LB,2023-03-03,LB
2718273,2023-06-17,LB,2023-06-17,LB
2718286,2022-11-24,LB,2022-11-24,LB
2718318,2023-06-17,LB,2023-06-17,LB
2718347,2023-11-05,LB,2023-11-05,LB
2718390,2023-06-28,LB,2023-06-28,LB
2718539,2024-11-04,LB,2025-01-19,LB
2718589,2023-06-17,P,2024-09-22,P
2718864,2023-12-19,VUS,2025-11-23,VUS
2719196,2023-10-13,LB,2023-10-13,LB
2719258,2023-03-16,VUS,2023-03-16,VUS
2719259,2022-11-14,VUS,2022-11-14,VUS
2719338,2023-06-19,LB,2023-06-19,LB
2719440,2023-06-19,LB,2023-06-19,LB
2719534,2023-07-29,LB,2023-07-29,LB
2719737,2023-10-19,LB,2025-04-14,LB
2719835,2024-02-20,VUS,2026-01-05,VUS
2719982,2023-12-17,LB,2023-12-17,LB
2720241,2023-04-10,LB,2023-04-10,LB
2720303,2024-11-11,LB,2024-11-11,LB
2720506,2023-03-07,LB,2023-03-07,LB
2720668,2025-07-16,LB,2025-07-16,LB
2720920,2025-10-18,B,2025-10-18,B
2721247,2025-12-01,VUS,2025-12-01,VUS
2721250,2025-12-01,LB,2025-12-01,LB
2721425,2024-01-08,VUS,2024-01-08,VUS
2721673,2024-02-25,VUS,2024-02-25,VUS
2721690,2023-08-28,LB,2023-08-28,LB
2722160,2025-06-12,LB,2025-06-12,LB
2722171,2023-05-25,LB,2023-05-25,LB
2722195,2025-06-12,P,2025-06-12,P
2722236,2023-08-23,LB,2023-08-23,LB
2722250,2023-11-05,B,2023-11-05,B
2722934,2023-05-12,LB,2023-05-12,LB
2723296,2023-07-31,LB,2023-10-11,LB
2723369,2023-04-23,VUS,2023-04-23,VUS
2723557,2022-11-29,LB,2022-11-29,LB
2724031,2023-06-23,P,2023-06-23,P
2724049,2023-06-24,VUS,2023-06-24,VUS
2724116,2026-01-21,LB,2026-01-21,LB
2724432,2023-08-11,VUS,2023-08-11,VUS
2724598,2025-07-14,VUS,2025-07-14,VUS
2724731,2025-04-21,LB,2025-04-21,LB
2724982,2024-07-08,LB,2024-07-08,LB
2725286,2023-06-24,LB,2023-06-24,LB
2725627,2025-08-24,LB,2025-08-24,LB
2725645,2023-10-30,LB,2023-10-30,LB
2725870,2024-04-15,LB,2024-04-15,LB
2725922,2023-03-04,VUS,2023-03-04,VUS
2725951,2023-06-20,LB,2023-06-20,LB
2726276,2026-01-06,LB,2026-01-06,LB
2726340,2023-05-23,LB,2023-05-23,LB
2727230,2023-06-24,LB,2023-06-24,LB
2727999,2024-03-02,B,2024-03-02,B
2728057,2024-06-03,B,2024-06-03,B
2728324,2023-05-26,VUS,2023-05-26,VUS
2728663,2023-06-25,LB,2023-06-25,LB
2728672,2023-10-15,LB,2023-10-15,LB
2728725,2023-07-29,LB,2023-07-29,LB
2728980,2024-02-19,B,2024-02-19,B
2729378,2023-12-02,VUS,2024-02-08,VUS
2729989,2024-01-15,LB,2024-03-12,LB
2730035,2023-06-27,LP,2023-06-27,LP
2730077,2023-06-27,LB,2023-06-27,LB
2730163,2025-07-16,B,2025-07-16,B
2730642,2025-12-27,LB,2025-12-27,LB
2730708,2026-01-09,LB,2026-01-09,LB
2730711,2023-04-28,LB,2023-04-28,LB
2731152,2023-01-16,LB,2023-01-16,LB
2731165,2023-07-17,P,2025-04-28,P
2731426,2023-08-07,LB,2023-08-07,LB
2731944,2023-06-28,LB,2023-06-28,LB
2731994,2023-02-04,LB,2023-02-04,LB
2732007,2023-06-28,VUS,2023-06-28,VUS
2732088,2023-06-10,VUS,2024-08-15,VUS
2732189,2023-09-04,LB,2023-09-04,LB
2732197,2023-10-16,LB,2023-10-16,LB
2732386,2024-01-24,LP,2024-01-24,LP
2732395,2024-06-26,LP,2024-06-26,LP
2732400,2025-12-01,LB,2025-12-01,LB
2732643,2023-06-17,VUS,2023-06-17,VUS
2732653,2023-01-07,LB,2023-01-07,LB
2732755,2025-08-06,B,2025-08-06,B
2732769,2023-06-29,LB,2023-06-29,LB
2732841,2024-02-10,LB,2024-02-10,LB
2732860,2023-02-06,VUS,2023-02-06,VUS
2733240,2024-01-18,LB,2024-01-18,LB
2733282,2024-01-08,B,2024-01-08,B
2733356,2023-11-11,LB,2023-11-11,LB
2733370,2025-12-15,LB,2025-12-15,LB
2733411,2020-05-25,VUS,2023-05-26,VUS
2733476,2023-06-29,LP,2023-06-29,LP
2733623,2025-08-18,LB,2025-08-18,LB
2733660,2024-10-26,B,2024-10-26,B
2733697,2024-04-22,LB,2024-04-22,LB
2734060,2025-10-02,VUS,2025-12-27,VUS
2734061,2023-09-06,VUS,2025-10-02,VUS
2734063,2024-02-05,VUS,2025-10-02,VUS
2734064,2023-02-23,VUS,2025-10-02,VUS
2734339,2023-06-30,LB,2023-06-30,LB
2734401,2023-01-07,P,2023-01-07,P
2734404,2023-01-27,P,2023-01-27,P
2734405,2023-05-26,P,2023-05-26,P
2734406,2022-06-24,P,2025-10-02,P
2734407,2023-02-03,P,2023-02-03,P
2734411,2024-01-24,P,2024-01-24,P
2734416,2023-06-25,P,2023-06-25,P
2734424,2023-10-25,LP,2023-10-25,LP
2734471,2024-07-03,LP,2024-07-03,LP
2734487,2023-07-01,LB,2023-07-01,LB
2734669,2024-12-08,P,2025-09-26,P
2734704,2023-05-11,LB,2023-05-11,LB
2735127,2023-07-03,LB,2023-07-03,LB
2735576,2023-07-03,P,2023-07-03,P
2735771,2024-11-11,LB,2024-11-11,LB
2735774,2024-06-24,LB,2024-06-24,LB
2735821,2023-07-03,LB,2023-07-03,LB
2736280,2023-07-06,LB,2023-07-06,LB
2736284,2023-07-06,LB,2023-07-06,LB
2736485,2025-01-29,LB,2025-12-19,LB
2736636,2023-08-14,LB,2023-08-14,LB
2736764,2022-10-28,VUS,2025-09-30,VUS
2736765,2022-12-02,VUS,2025-09-30,VUS
2737327,2026-01-12,LP,2026-01-12,LP
2737330,2023-07-16,P,2023-07-16,P
2737333,2024-04-06,P,2025-10-16,P
2737334,2023-11-18,LP,2023-11-18,LP
2737335,2023-09-17,P,2023-09-17,P
2737338,2023-10-04,LP,2025-06-30,LP
2737340,2023-11-13,P,2023-11-13,P
2737341,2022-11-16,LP,2022-11-16,LP
2737345,2023-04-06,LP,2024-05-30,LP
2737346,2025-06-12,P,2025-06-12,P
2737347,2023-03-14,LP,2023-03-14,LP
2737348,2023-07-25,P,2023-07-25,P
2737349,2023-08-01,LP,2024-10-08,LP
2737351,2023-07-03,LP,2023-07-03,LP
2737352,2023-07-28,LP,2023-07-28,LP
2737353,2025-08-21,P,2025-08-21,P
2737354,2023-09-23,VUS,2023-09-23,VUS
2737565,2024-04-22,VUS,2024-04-22,VUS
2737849,2024-02-06,B,2024-02-06,B
2738049,2023-05-31,LB,2023-05-31,LB
2738069,2024-10-29,LB,2024-10-29,LB
2738117,2024-11-05,VUS,2024-11-05,VUS
2738167,2024-03-27,LB,2024-03-27,LB
2738495,2023-03-23,LB,2023-03-23,LB
2738506,2023-07-08,P,2023-07-08,P
2738574,2025-11-05,LB,2025-11-05,LB
2738579,2023-10-15,LB,2023-10-15,LB
2738610,2023-05-27,VUS,2023-05-27,VUS
2738730,2024-02-04,LB,2024-02-04,LB
2738875,2025-06-12,LB,2025-06-12,LB
2739016,2024-02-19,LB,2024-02-19,LB
2739072,2023-06-09,LB,2023-06-09,LB
2739097,2025-10-18,LB,2025-10-18,LB
2739225,2026-01-19,LB,2026-01-19,LB
2739257,2023-07-09,LB,2023-07-09,LB
2739262,2023-07-25,LB,2023-07-25,LB
2739271,2023-06-20,LB,2023-06-20,LB
2739371,2023-07-09,P,2023-07-09,P
2739626,2023-07-09,VUS,2023-07-09,VUS
2739705,2025-03-31,LB,2025-03-31,LB
2739773,2026-01-24,LB,2026-01-24,LB
2740158,2025-03-11,LB,2025-12-29,LB
2740351,2025-05-15,LB,2025-05-15,LB
2740363,2023-07-10,LB,2023-07-10,LB
2740516,2023-07-10,LB,2023-07-10,LB
2741425,2023-06-06,VUS,2023-06-06,VUS
2741618,2023-04-20,LB,2023-04-20,LB
2741628,2023-09-29,LB,2023-09-29,LB
2741730,2024-01-12,LB,2024-01-12,LB
2741752,2022-11-01,LB,2022-11-01,LB
2742067,2023-11-21,LB,2023-11-21,LB
2742534,2023-12-13,LB,2023-12-13,LB
2742540,2026-01-23,LB,2026-01-23,LB
2742546,2023-10-13,LB,2023-10-13,LB
2742556,2026-01-11,LB,2026-01-11,LB
2742596,2025-12-10,LB,2025-12-10,LB
2742728,2023-08-07,P,2023-08-07,P
2742758,2023-07-12,P,2023-07-12,P
2743368,2023-09-08,P,2023-09-08,P
2743432,2023-07-15,LB,2023-07-15,LB
2743467,2023-05-23,LB,2023-05-23,LB
2743472,2023-07-15,LB,2023-07-15,LB
2743706,2023-07-16,LB,2023-07-16,LB
2743819,2023-07-16,LB,2023-07-16,LB
2743908,2023-06-03,LB,2023-06-03,LB
2743934,2023-07-16,VUS,2023-07-16,VUS
2743989,2023-07-27,LB,2023-07-27,LB
2743991,2023-07-16,LB,2023-07-16,LB
2744094,2023-08-17,VUS,2023-08-17,VUS
2744151,2025-12-01,LB,2025-12-01,LB
2744262,2023-07-17,LB,2023-07-17,LB
2744274,2023-07-17,LB,2023-07-17,LB
2744469,2023-07-17,LB,2023-07-17,LB
2744502,2023-07-17,LB,2023-07-17,LB
2744662,2023-10-06,VUS,2023-10-06,VUS
2744663,2024-01-19,P,2024-01-19,P
2744770,2023-07-18,VUS,2023-07-18,VUS
2744799,2023-08-19,VUS,2023-08-19,VUS
2745126,2023-05-28,LB,2023-05-28,LB
2745287,2023-07-19,LB,2023-07-19,LB
2745429,2023-07-19,VUS,2023-07-19,VUS
2745438,2023-07-20,LB,2023-07-20,LB
2745673,2023-08-05,VUS,2023-08-05,VUS
2745726,2025-09-28,LB,2025-09-28,LB
2745773,2023-07-21,LB,2023-07-21,LB
2745948,2023-05-28,P,2023-05-28,P
2745976,2023-08-02,VUS,2023-08-02,VUS
2746059,2023-05-28,LB,2023-05-28,LB
2746136,2023-11-12,VUS,2024-05-09,VUS
2746256,2023-07-25,VUS,2023-07-25,VUS
2746404,2023-07-25,LB,2023-07-25,LB
2746481,2023-08-16,LP,2023-08-16,LP
2746636,2023-07-25,VUS,2023-07-25,VUS
2746723,2023-10-27,LB,2023-10-27,LB
2747451,2023-09-05,VUS,2023-09-05,VUS
2747615,2023-08-07,P,2023-08-07,P
2747623,2023-07-28,LB,2023-07-28,LB
2747710,2023-07-28,LB,2023-07-28,LB
2747730,2023-09-06,LB,2023-09-06,LB
2747780,2023-12-11,LP,2024-04-27,LP
2748012,2023-08-05,LB,2023-08-05,LB
2748198,2023-08-06,LB,2023-08-06,LB
2748273,2023-07-29,LB,2023-07-29,LB
2748428,2023-07-30,LB,2023-07-30,LB
2748480,2023-12-23,LB,2023-12-23,LB
2748544,2023-07-30,VUS,2023-07-30,VUS
2748831,2023-12-11,VUS,2023-12-11,VUS
2748844,2025-11-13,LB,2025-11-13,LB
2749068,2023-08-18,LB,2023-08-18,LB
2749325,2023-08-02,LB,2023-08-02,LB
2749415,2023-08-14,LB,2023-08-14,LB
2749497,2024-04-10,LB,2024-04-10,LB
2749550,2023-09-11,P,2023-09-11,P
2749611,2023-05-16,LB,2023-05-16,LB
2749776,2023-11-12,LB,2023-11-12,LB
2749830,2023-08-03,LB,2023-08-03,LB
2749846,2025-07-15,VUS,2025-09-30,VUS
2750089,2023-08-04,LB,2023-08-04,LB
2750262,2026-01-07,VUS,2026-01-07,VUS
2750291,2025-06-12,VUS,2025-06-12,VUS
2750374,2023-05-30,LB,2023-05-30,LB
2750442,2023-08-05,LB,2023-08-05,LB
2750481,2023-08-05,LB,2023-08-05,LB
2750639,2024-02-13,LB,2024-02-13,LB
2750799,2023-08-07,LB,2023-08-07,LB
2751001,2023-08-07,P,2023-08-07,P
2751016,2023-08-07,LB,2023-08-07,LB
2751017,2023-08-07,B,2023-08-07,B
2751239,2023-08-08,VUS,2023-08-08,VUS
2751294,2023-08-09,B,2023-08-09,B
2751369,2023-08-16,P,2023-08-16,P
2751502,2023-08-10,LB,2023-08-10,LB
2751524,2023-08-10,LB,2023-08-10,LB
2751864,2023-08-11,LB,2023-08-11,LB
2751890,2023-08-11,LB,2023-08-11,LB
2751908,2023-08-11,LB,2023-08-11,LB
2752258,2023-08-29,LB,2023-08-29,LB
2752363,2023-08-14,LB,2023-08-14,LB
2752492,2023-08-14,LB,2023-08-14,LB
2752543,2023-08-17,LP,2023-08-17,LP
2752627,2023-08-15,P,2023-08-15,P
2752686,2023-08-16,LB,2023-08-16,LB
2752714,2023-08-16,LB,2023-08-16,LB
2752786,2023-08-16,LB,2023-08-16,LB
2753047,2023-08-16,LB,2023-08-16,LB
2753149,2023-08-16,LB,2023-08-16,LB
2753207,2023-08-16,LB,2023-08-16,LB
2753232,2023-08-17,LB,2023-08-17,LB
2753481,2023-05-31,LB,2023-05-31,LB
2753528,2023-08-17,LB,2023-08-17,LB
2753591,2023-08-17,LP,2023-08-17,LP
2753745,2023-08-18,LB,2023-08-18,LB
2753752,2023-08-18,LP,2023-08-18,LP
2753847,2023-08-18,LB,2023-08-18,LB
2753848,2023-08-18,P,2023-08-18,P
2753849,2025-04-03,LB,2025-04-03,LB
2754001,2023-11-20,VUS,2025-08-18,VUS
2754003,2023-08-19,LB,2023-08-19,LB
2754080,2023-08-28,LB,2023-08-28,LB
2754263,2023-08-27,VUS,2023-08-27,VUS
2754293,2023-06-03,LB,2023-06-03,LB
2754337,2023-08-22,LB,2023-08-22,LB
2754434,2023-08-30,LB,2023-08-30,LB
2754531,2023-10-11,P,2025-01-01,P
2754739,2023-08-23,LB,2023-08-23,LB
2754753,2023-08-23,VUS,2023-08-23,VUS
2754818,2023-08-24,LB,2023-08-24,LB
2754875,2023-08-24,LB,2023-08-24,LB
2755009,2023-08-24,LB,2023-08-24,LB
2755048,2023-08-25,LB,2023-08-25,LB
2755176,2023-08-25,VUS,2023-08-25,VUS
2755291,2023-08-28,P,2023-08-28,P
2755484,2023-08-28,LB,2023-08-28,LB
2755487,2023-08-28,LB,2023-08-28,LB
2755509,2023-08-28,LB,2023-08-28,LB
2755909,2024-08-05,LP,2024-08-05,LP
2755985,2023-08-29,LB,2023-08-29,LB
2755996,2023-08-29,LB,2023-08-29,LB
2756081,2025-01-31,VUS,2025-01-31,VUS
2756130,2023-08-29,LB,2023-08-29,LB
2756135,2023-08-29,LB,2023-08-29,LB
2756228,2023-08-29,VUS,2023-08-29,VUS
2756333,2023-10-06,LB,2023-10-06,LB
2756504,2023-08-30,LB,2023-08-30,LB
2756552,2023-08-30,LB,2023-08-30,LB
2756828,2023-10-11,LB,2023-10-11,LB
2757027,2023-08-31,LB,2023-08-31,LB
2757130,2023-09-01,LB,2023-09-01,LB
2757288,2023-12-07,LB,2023-12-07,LB
2757307,2023-09-01,VUS,2023-09-01,VUS
2757379,2023-07-19,LB,2023-07-19,LB
2757424,2023-09-03,LB,2023-09-03,LB
2757498,2023-09-03,LB,2023-09-03,LB
2757568,2023-06-02,LB,2023-06-02,LB
2757600,2023-09-05,LP,2023-09-05,LP
2757724,2023-09-03,LB,2023-09-03,LB
2757871,2023-09-04,VUS,2023-09-04,VUS
2758062,2023-09-07,LB,2023-09-07,LB
2758203,2023-09-05,LB,2023-09-05,LB
2758260,2023-09-20,LB,2023-09-20,LB
2758607,2023-09-06,LB,2023-09-06,LB
2758686,2023-09-06,LB,2023-09-06,LB
2758901,2024-07-22,VUS,2024-07-22,VUS
2758948,2023-10-09,P,2023-10-09,P
2758949,2023-09-28,P,2023-09-28,P
2759057,2024-02-09,LB,2024-02-09,LB
2759078,2023-09-08,LB,2023-09-08,LB
2759105,2026-01-19,LB,2026-01-19,LB
2759233,2023-09-08,VUS,2023-09-08,VUS
2759319,2023-09-09,LB,2023-09-09,LB
2759381,2023-09-09,P,2023-09-09,P
2759421,2023-09-09,VUS,2023-09-09,VUS
2759624,2023-09-11,LB,2023-09-11,LB
2759732,2023-09-10,LB,2023-09-10,LB
2759746,2023-09-10,VUS,2023-09-10,VUS
2759982,2023-12-17,LP,2023-12-17,LP
2760050,2023-09-11,LP,2023-09-11,LP
2760256,2023-09-12,LB,2023-09-12,LB
2760359,2025-10-02,VUS,2025-11-23,VUS
2760430,2023-09-12,LB,2023-09-12,LB
2760594,2023-09-14,LB,2023-09-14,LB
2760638,2023-09-14,LP,2023-09-14,LP
2760684,2023-09-14,P,2023-09-14,P
2760751,2023-09-14,LB,2023-09-14,LB
2760816,2023-09-15,LB,2023-09-15,LB
2760947,2026-02-03,B,2026-02-03,B
2761064,2023-10-04,LB,2023-10-04,LB
2761167,2023-09-17,LB,2023-09-17,LB
2761294,2023-09-17,LB,2023-09-17,LB
2761480,2023-09-18,LB,2023-09-18,LB
2761530,2023-09-18,LB,2023-09-18,LB
2761639,2026-01-22,LB,2026-01-22,LB
2761780,2023-09-18,LB,2023-09-18,LB
2762598,2023-10-05,LB,2023-10-05,LB
2762746,2023-09-22,LB,2023-09-22,LB
2762758,2023-09-22,LB,2023-09-22,LB
2762863,2024-10-23,LB,2024-10-23,LB
2762983,2023-09-23,LP,2023-09-23,LP
2763006,2023-10-26,LB,2023-10-26,LB
2763134,2023-09-25,LB,2023-09-25,LB
2763228,2023-09-25,P,2023-09-25,P
2763428,2023-09-26,LB,2023-09-26,LB
2763523,2023-09-26,LB,2023-09-26,LB
2763553,2023-09-26,LB,2023-09-26,LB
2763776,2023-09-27,LB,2023-09-27,LB
2763815,2023-06-03,VUS,2023-06-03,VUS
2763818,2023-09-27,LB,2023-09-27,LB
2763991,2023-10-10,LB,2023-10-10,LB
2764411,2023-09-29,P,2023-09-29,P
2764428,2023-09-29,VUS,2023-09-29,VUS
2764487,2023-05-23,VUS,2023-05-23,VUS
2764593,2023-09-30,LB,2023-09-30,LB
2764716,2023-10-06,P,2023-10-06,P
2764765,2023-10-04,LB,2023-10-04,LB
2765007,2023-06-04,LB,2023-06-04,LB
2765083,2023-10-04,P,2023-10-04,P
2765333,2023-10-13,LB,2023-10-13,LB
2765752,2024-01-15,LP,2024-01-15,LP
2766052,2023-10-05,LB,2023-10-05,LB
2766320,2023-10-06,LB,2023-10-06,LB
2766393,2023-10-06,P,2023-10-06,P
2766432,2023-10-06,LB,2023-10-06,LB
2766449,2023-10-06,LB,2023-10-06,LB
2766454,2023-06-06,LB,2023-06-06,LB
2766503,2024-04-22,LB,2024-04-22,LB
2766671,2023-10-17,LB,2023-10-17,LB
2766695,2023-10-07,LB,2023-10-07,LB
2766703,2023-10-07,VUS,2023-10-07,VUS
2766704,2023-10-07,LP,2023-10-07,LP
2766943,2023-10-08,LB,2023-10-08,LB
2766944,2023-10-08,VUS,2023-10-08,VUS
2767080,2023-06-04,LB,2023-06-04,LB
2767161,2023-10-09,LP,2023-10-09,LP
2767162,2023-10-09,LB,2023-10-09,LB
2767307,2023-10-09,VUS,2025-08-05,VUS
2767485,2023-10-10,VUS,2023-10-10,VUS
2767676,2024-01-04,VUS,2024-01-04,VUS
2767798,2023-10-12,LP,2023-10-12,LP
2767801,2023-10-12,LB,2023-10-12,LB
2767914,2023-10-13,LB,2023-10-13,LB
2768061,2023-06-26,LB,2023-06-26,LB
2768084,2023-11-16,LP,2023-11-16,LP
2768128,2023-11-10,VUS,2023-11-10,VUS
2768767,2024-04-15,VUS,2024-04-15,VUS
2768965,2023-10-16,LB,2023-10-16,LB
2769178,2023-10-25,LB,2023-10-25,LB
2769186,2023-06-04,P,2023-06-04,P
2769187,2023-10-16,P,2023-10-16,P
2769419,2023-10-17,LB,2023-10-17,LB
2769528,2025-06-02,VUS,2025-06-02,VUS
2769576,2023-10-17,VUS,2025-06-24,VUS
2769597,2025-11-18,LB,2025-11-18,LB
2769685,2023-10-17,LB,2023-10-17,LB
2769842,2023-10-18,LB,2023-10-18,LB
2770144,2023-11-22,LB,2023-11-22,LB
2770173,2023-06-05,P,2023-06-05,P
2770373,2023-10-20,LB,2023-10-20,LB
2770442,2023-10-22,LB,2023-10-22,LB
2770452,2023-10-22,LB,2023-10-22,LB
2770516,2023-10-22,LB,2023-10-22,LB
2770555,2023-10-22,LB,2023-10-22,LB
2770940,2023-10-22,LB,2023-10-22,LB
2770998,2023-10-22,LB,2023-10-22,LB
2771008,2024-06-03,LB,2024-06-03,LB
2771212,2023-10-23,LB,2023-10-23,LB
2771252,2023-10-23,LB,2023-10-23,LB
2771457,2024-05-03,LB,2024-05-03,LB
2771465,2023-12-02,VUS,2023-12-02,VUS
2771616,2024-01-31,LB,2024-01-31,LB
2771671,2024-09-21,LB,2024-09-21,LB
2771843,2023-10-25,LB,2023-10-25,LB
2771946,2023-10-26,LB,2023-10-26,LB
2772054,2023-10-27,LB,2023-10-27,LB
2772267,2023-10-28,LB,2023-10-28,LB
2772275,2023-10-28,LB,2023-10-28,LB
2772293,2023-10-28,LB,2023-10-28,LB
2772520,2023-11-07,VUS,2023-11-07,VUS
2772752,2023-10-29,VUS,2023-10-29,VUS
2772780,2023-11-01,P,2023-11-01,P
2772838,2023-11-07,VUS,2023-11-07,VUS
2772942,2023-10-30,LB,2023-10-30,LB
2772945,2023-10-30,LB,2023-10-30,LB
2773040,2023-10-30,VUS,2023-10-30,VUS
2773229,2023-11-01,LP,2023-11-01,LP
2775424,2024-01-05,VUS,2024-01-05,VUS
2775428,2023-01-24,LP,2025-02-04,LP
2775692,2022-11-12,LB,2022-11-12,LB
2775821,2023-09-10,VUS,2023-09-10,VUS
2775953,2023-06-15,VUS,2023-06-15,VUS
2775990,2023-06-03,LB,2023-06-03,LB
2776155,2025-01-31,LB,2025-01-31,LB
2776156,2025-01-31,LB,2025-01-31,LB
2776294,2024-01-09,LB,2024-01-09,LB
2776616,2023-03-02,VUS,2023-03-02,VUS
2776638,2022-12-12,LB,2022-12-12,LB
2776704,2023-08-16,VUS,2023-08-16,VUS
2776798,2023-12-15,VUS,2023-12-15,VUS
2776999,2024-05-04,VUS,2024-05-04,VUS
2777072,2023-12-27,LB,2023-12-27,LB
2777140,2023-12-10,LB,2023-12-10,LB
2777328,2022-11-14,LB,2022-11-14,LB
2777512,2023-04-08,LB,2023-04-08,LB
2777669,2023-06-16,LB,2023-06-16,LB
2777835,2023-07-18,VUS,2023-07-18,VUS
2777865,2023-04-17,LB,2023-04-17,LB
2777878,2023-12-15,VUS,2025-03-20,VUS
2778162,2023-11-15,LB,2023-11-15,LB
2778355,2023-04-13,LB,2023-04-13,LB
2778418,2023-11-14,LB,2023-11-14,LB
2778451,2023-03-19,LB,2023-03-19,LB
2778844,2023-09-05,VUS,2023-09-05,VUS
2778966,2024-01-11,LB,2024-01-11,LB
2779154,2023-10-15,LB,2023-10-15,LB
2779306,2023-12-09,LB,2023-12-09,LB
2779349,2023-08-10,VUS,2023-08-10,VUS
2779401,2025-09-29,LB,2025-09-29,LB
2779626,2023-12-24,LB,2023-12-24,LB
2779639,2023-12-12,LB,2023-12-12,LB
2779717,2025-10-14,LB,2025-10-14,LB
2779796,2024-05-17,B,2024-05-17,B
2779981,2024-08-26,LB,2024-08-26,LB
2780015,2023-07-12,LP,2024-04-12,LP
2780016,2023-05-15,LP,2023-05-15,LP
2780228,2025-03-18,LB,2025-03-18,LB
2780267,2023-05-11,LB,2023-05-11,LB
2780287,2023-01-04,LB,2023-01-04,LB
2780479,2023-09-12,P,2023-09-12,P
2780480,2024-09-13,LP,2024-09-13,LP
2780579,2023-09-22,LB,2023-09-22,LB
2780777,2022-12-18,VUS,2024-03-20,VUS
2780822,2023-02-15,VUS,2023-02-15,VUS
2780839,2023-06-02,LB,2023-06-02,LB
2781586,2026-01-11,VUS,2026-01-11,VUS
2781729,2023-04-01,LB,2023-04-01,LB
2781806,2022-11-19,LB,2022-11-19,LB
2782069,2023-05-22,LB,2023-05-22,LB
2782140,2023-10-23,LB,2023-10-23,LB
2782141,2024-02-17,LB,2024-02-17,LB
2782525,2024-07-17,LB,2024-07-17,LB
2782615,2024-06-22,VUS,2024-06-22,VUS
2782678,2023-06-03,LB,2023-06-03,LB
2782874,2024-06-26,VUS,2024-06-26,VUS
2783425,2023-12-18,LB,2023-12-18,LB
2783562,2023-08-28,VUS,2024-09-10,VUS
2783699,2023-01-19,LB,2023-01-19,LB
2783825,2024-09-19,VUS,2024-09-19,VUS
2783880,2024-01-05,LB,2024-01-05,LB
2784017,2023-11-03,B,2023-11-03,B
2784056,2026-01-11,LB,2026-01-11,LB
2784265,2023-11-09,LP,2023-11-09,LP
2784409,2023-10-28,LB,2023-10-28,LB
2784418,2023-07-20,P,2024-01-25,P
2784473,2024-09-30,LB,2024-09-30,LB
2784829,2025-05-22,LB,2025-05-22,LB
2784834,2024-01-29,LB,2024-01-29,LB
2784886,2023-10-22,LB,2023-10-22,LB
2784891,2024-07-22,VUS,2024-07-22,VUS
2784968,2022-10-28,LB,2022-10-28,LB
2785072,2024-04-05,VUS,2024-04-05,VUS
2785113,2023-06-20,LP,2024-09-16,LP
2785187,2023-02-05,LB,2023-02-05,LB
2785189,2024-11-27,VUS,2024-11-27,VUS
2785536,2023-08-02,VUS,2023-08-02,VUS
2785585,2024-01-22,VUS,2024-01-22,VUS
2785593,2025-08-09,LB,2025-08-09,LB
2785845,2022-12-25,VUS,2022-12-25,VUS
2785902,2024-01-16,LB,2024-01-16,LB
2786121,2025-06-09,LB,2025-06-09,LB
2786155,2023-04-20,LB,2023-04-20,LB
2786410,2024-01-29,LB,2024-01-29,LB
2786470,2025-10-14,LB,2025-10-14,LB
2786475,2025-06-12,LB,2025-06-12,LB
2786497,2023-12-30,LB,2023-12-30,LB
2786617,2025-03-01,LB,2025-03-01,LB
2786722,2024-01-25,VUS,2024-01-25,VUS
2786723,2023-08-16,LB,2023-08-16,LB
2787250,2023-03-10,LB,2023-03-10,LB
2787372,2019-05-21,LB,2024-01-02,LB
2787406,2025-02-17,LB,2025-02-17,LB
2787608,2023-03-28,LB,2023-03-28,LB
2787744,2023-08-29,LB,2023-08-29,LB
2787924,2025-05-27,LB,2025-05-27,LB
2787936,2022-12-31,LB,2022-12-31,LB
2788007,2023-03-26,LB,2023-03-26,LB
2788148,2023-03-10,LB,2023-03-10,LB
2788320,2022-11-10,LB,2022-11-10,LB
2788516,2023-05-20,LB,2023-05-20,LB
2788529,2023-07-29,LB,2023-07-29,LB
2789061,2024-12-26,LB,2024-12-26,LB
2789084,2023-06-20,LB,2023-06-20,LB
2789128,2025-10-19,P,2025-10-19,P
2789144,2022-11-03,VUS,2022-11-03,VUS
2789535,2023-04-25,LB,2023-04-25,LB
2789803,2023-06-16,LB,2023-06-16,LB
2789836,2023-05-01,LB,2023-05-01,LB
2790045,2023-02-22,LB,2023-02-22,LB
2790145,2023-01-20,LB,2023-01-20,LB
2790209,2023-11-24,LB,2023-11-24,LB
2790218,2023-09-10,LB,2023-09-10,LB
2790404,2023-05-11,VUS,2023-05-11,VUS
2790727,2023-08-06,LB,2023-08-06,LB
2790950,2023-06-28,LB,2023-06-28,LB
2791078,2022-11-01,VUS,2022-11-01,VUS
2791145,2023-06-27,LB,2023-06-27,LB
2791368,2023-11-13,LB,2023-11-13,LB
2791472,2023-12-01,LB,2023-12-01,LB
2791534,2023-01-14,LB,2023-01-14,LB
2791547,2024-10-29,LB,2024-10-29,LB
2791586,2023-06-03,VUS,2023-06-03,VUS
2791616,2023-11-12,VUS,2023-11-12,VUS
2791698,2023-05-20,LB,2023-05-20,LB
2792054,2023-05-24,LB,2023-05-24,LB
2792213,2024-02-13,LB,2024-02-13,LB
2792277,2024-01-25,P,2024-01-25,P
2792508,2023-07-29,VUS,2023-07-29,VUS
2792600,2023-05-29,VUS,2023-05-29,VUS
2793007,2023-12-30,LB,2023-12-30,LB
2793062,2023-01-06,VUS,2023-01-06,VUS
2793323,2023-02-14,VUS,2023-02-14,VUS
2793370,2025-09-01,VUS,2025-11-17,VUS
2793754,2024-01-22,LB,2024-01-22,LB
2793767,2023-10-08,LB,2023-10-08,LB
2793867,2024-01-19,LB,2024-01-19,LB
2793937,2023-12-01,LB,2023-12-01,LB
2793939,2025-02-19,VUS,2025-02-19,VUS
2793994,2023-11-18,VUS,2023-11-18,VUS
2794340,2023-06-27,LB,2023-06-27,LB
2794551,2023-07-16,LB,2023-07-16,LB
2794601,2023-06-04,LB,2023-06-04,LB
2794605,2023-10-25,LB,2023-10-25,LB
2794689,2023-06-17,VUS,2023-06-17,VUS
2794722,2026-01-26,LB,2026-01-26,LB
2794754,2023-02-27,LB,2023-02-27,LB
2794813,2023-11-21,VUS,2023-11-21,VUS
2794851,2025-09-28,LB,2025-09-28,LB
2795140,2024-03-13,LB,2024-03-13,LB
2795279,2023-01-19,LB,2023-01-19,LB
2795453,2024-03-28,LB,2024-03-28,LB
2795497,2022-12-26,LB,2022-12-26,LB
2795597,2022-11-10,VUS,2022-11-10,VUS
2795605,2023-07-15,LB,2023-07-15,LB
2795953,2023-07-16,LB,2023-07-16,LB
2795960,2023-08-11,LB,2023-08-11,LB
2796215,2024-01-03,LB,2024-01-03,LB
2796323,2023-09-08,LB,2023-09-08,LB
2796360,2023-10-04,LB,2023-10-04,LB
2796383,2024-11-11,VUS,2024-11-11,VUS
2796398,2023-06-26,LB,2023-06-26,LB
2796707,2023-01-07,LB,2023-01-07,LB
2796817,2022-12-23,LB,2022-12-23,LB
2796829,2023-12-26,LB,2023-12-26,LB
2796970,2023-10-19,LB,2023-10-19,LB
2796971,2023-10-18,LB,2023-10-18,LB
2796972,2023-10-18,LB,2023-10-18,LB
2796973,2023-10-18,LB,2023-10-18,LB
2796974,2023-10-19,LB,2023-10-19,LB
2797010,2023-08-21,LB,2023-08-21,LB
2797069,2025-06-12,LB,2025-06-12,LB
2797161,2023-07-21,LB,2023-07-21,LB
2797279,2023-06-05,LB,2023-06-05,LB
2797291,2023-12-19,LB,2023-12-19,LB
2797423,2023-07-16,LB,2023-07-16,LB
2797702,2023-06-06,VUS,2023-06-06,VUS
2797743,2023-02-22,LB,2023-02-22,LB
2797787,2023-03-20,LB,2023-03-20,LB
2797802,2023-10-26,LB,2023-10-26,LB
2798144,2023-07-25,LB,2023-07-25,LB
2798152,2023-05-24,LB,2023-05-24,LB
2798256,2022-11-25,LB,2022-11-25,LB
2798291,2023-07-10,LB,2023-07-10,LB
2798308,2023-07-19,VUS,2024-03-13,VUS
2798338,2025-11-19,LB,2025-11-19,LB
2798446,2022-12-04,LB,2022-12-04,LB
2798478,2023-11-24,LB,2023-11-24,LB
2798642,2023-08-10,LB,2023-08-10,LB
2798691,2023-09-22,LB,2023-09-22,LB
2798716,2023-11-24,VUS,2023-11-24,VUS
2798718,2024-01-17,LB,2024-01-17,LB
2798754,2023-08-19,LB,2023-08-19,LB
2798757,2023-03-04,LB,2023-03-04,LB
2798888,2023-07-22,VUS,2023-07-22,VUS
2798920,2023-01-30,VUS,2023-01-30,VUS
2798984,2022-10-27,VUS,2022-10-27,VUS
2799015,2025-04-14,VUS,2025-04-14,VUS
2799047,2025-07-29,VUS,2025-07-29,VUS
2799169,2023-07-14,VUS,2025-02-01,VUS
2799179,2023-09-20,LB,2023-09-20,LB
2799418,2025-09-15,VUS,2025-09-15,VUS
2799722,2023-10-23,LB,2023-10-23,LB
2799976,2023-04-06,LB,2023-04-06,LB
2800027,2023-04-24,VUS,2023-04-24,VUS
2800185,2022-12-24,VUS,2022-12-24,VUS
2800215,2023-08-16,LB,2023-08-16,LB
2800281,2023-09-22,LB,2023-09-22,LB
2800308,2023-11-13,VUS,2023-11-13,VUS
2800310,2025-06-12,VUS,2025-06-12,VUS
2800571,2024-03-18,VUS,2024-03-18,VUS
2800802,2023-06-28,VUS,2023-06-28,VUS
2800894,2024-02-02,LB,2024-02-02,LB
2801051,2023-08-17,LB,2023-08-17,LB
2801365,2024-08-31,LB,2024-08-31,LB
2801416,2023-06-27,LB,2023-06-27,LB
2801470,2022-12-20,LB,2022-12-20,LB
2801516,2023-12-26,VUS,2023-12-26,VUS
2801537,2022-10-27,LB,2022-10-27,LB
2801671,2022-12-28,LB,2022-12-28,LB
2801833,2023-08-16,LB,2023-08-16,LB
2801841,2023-09-04,LP,2023-09-04,LP
2801879,2023-08-14,VUS,2023-08-14,VUS
2802232,2022-11-14,LP,2022-11-14,LP
2802534,2023-03-12,LB,2023-03-12,LB
2802658,2023-03-30,LB,2023-03-30,LB
2802816,2023-05-02,LB,2023-05-02,LB
2802979,2023-05-20,LB,2023-05-20,LB
2803101,2023-06-22,VUS,2023-06-22,VUS
2803164,2023-05-19,LB,2023-05-19,LB
2803457,2023-01-12,LB,2023-01-12,LB
2803489,2022-11-23,VUS,2025-04-02,VUS
2803587,2023-05-31,LB,2023-05-31,LB
2803748,2025-01-06,LB,2025-01-06,LB
2804217,2023-06-11,LB,2023-06-11,LB
2804514,2023-12-11,LB,2023-12-11,LB
2804691,2024-01-11,LB,2024-01-11,LB
2804692,2023-12-09,LB,2023-12-09,LB
2804818,2023-07-12,LB,2023-07-12,LB
2804892,2023-12-13,LB,2023-12-13,LB
2805189,2023-02-17,LB,2023-02-17,LB
2805217,2023-11-17,LB,2023-11-17,LB
2805238,2023-07-16,LB,2023-07-16,LB
2805415,2023-09-29,LB,2023-09-29,LB
2805517,2023-06-02,LB,2023-06-02,LB
2805587,2023-03-12,LB,2023-03-12,LB
2805595,2023-08-10,VUS,2023-08-10,VUS
2805657,2024-03-03,LB,2024-03-03,LB
2805689,2023-10-03,VUS,2023-10-03,VUS
2805706,2023-05-24,LB,2023-05-24,LB
2805721,2022-11-17,LB,2022-11-17,LB
2805734,2024-07-08,VUS,2024-07-08,VUS
2805756,2024-08-30,VUS,2024-08-30,VUS
2805986,2024-01-25,VUS,2024-01-25,VUS
2806046,2024-01-22,LB,2024-01-22,LB
2806276,2024-08-05,LB,2024-08-05,LB
2806420,2023-05-22,LB,2023-05-22,LB
2806441,2023-11-16,LB,2023-11-16,LB
2806456,2023-06-09,VUS,2023-06-09,VUS
2806481,2023-05-28,LB,2023-05-28,LB
2806605,2024-02-09,LB,2024-02-09,LB
2806606,2024-02-09,P,2024-02-09,P
2806958,2023-10-25,LB,2023-10-25,LB
2807099,2023-05-11,VUS,2023-05-11,VUS
2807118,2024-05-14,VUS,2024-05-14,VUS
2807263,2023-03-12,VUS,2023-03-12,VUS
2807395,2023-09-14,P,2023-09-14,P
2807602,2022-10-04,LP,2022-10-04,LP
2807656,2023-06-14,LB,2023-06-14,LB
2807793,2023-11-10,LB,2023-11-10,LB
2807835,2023-08-15,LB,2023-08-15,LB
2807867,2023-01-31,LB,2023-01-31,LB
2808007,2023-08-10,LB,2023-08-10,LB
2808020,2024-05-09,VUS,2025-05-21,VUS
2808074,2023-11-20,LB,2023-11-20,LB
2808101,2023-08-10,LB,2023-08-10,LB
2808221,2019-07-18,LB,2025-12-23,LB
2808273,2023-03-28,VUS,2023-03-28,VUS
2808414,2023-12-23,LB,2023-12-23,LB
2808444,2023-07-17,B,2023-07-17,B
2808463,2025-01-27,VUS,2025-01-27,VUS
2808883,2022-10-24,LB,2022-10-24,LB
2808893,2023-10-13,VUS,2023-10-13,VUS
2809187,2022-10-20,P,2022-10-20,P
2809193,2024-07-21,VUS,2024-07-21,VUS
2809425,2023-11-17,LP,2023-11-17,LP
2809584,2023-11-24,LB,2023-11-24,LB
2809747,2023-07-28,LB,2023-07-28,LB
2809822,2022-10-26,VUS,2022-10-26,VUS
2809964,2022-10-27,LB,2022-10-27,LB
2809972,2022-11-28,LP,2022-11-28,LP
2809984,2022-11-09,VUS,2022-11-09,VUS
2809995,2022-10-27,VUS,2022-10-27,VUS
2809997,2022-10-27,VUS,2022-10-27,VUS
2810039,2022-10-27,P,2022-10-27,P
2810072,2022-10-27,VUS,2022-10-27,VUS
2810097,2023-08-01,LB,2023-08-01,LB
2810360,2022-10-28,VUS,2022-10-28,VUS
2810394,2024-04-10,LB,2024-04-10,LB
2810555,2022-10-31,VUS,2022-10-31,VUS
2810636,2022-11-01,VUS,2022-11-01,VUS
2810815,2022-11-24,VUS,2022-11-24,VUS
2810984,2022-11-02,P,2022-11-02,P
2811071,2023-10-15,LB,2023-10-15,LB
2811209,2022-11-01,LB,2022-11-01,LB
2811334,2023-11-09,VUS,2023-11-09,VUS
2811356,2024-01-11,LB,2024-01-11,LB
2811464,2022-11-02,VUS,2022-11-02,VUS
2811816,2022-11-03,VUS,2022-11-03,VUS
2811829,2023-04-06,LB,2023-04-06,LB
2812200,2022-11-05,LB,2022-11-05,LB
2812295,2022-11-06,LB,2022-11-06,LB
2812336,2023-01-17,P,2023-01-17,P
2812340,2022-11-06,P,2022-11-06,P
2812370,2025-09-15,VUS,2025-09-15,VUS
2812385,2022-11-06,LB,2022-11-06,LB
2812386,2022-11-06,LB,2022-11-06,LB
2812510,2023-11-27,LB,2023-11-27,LB
2812659,2024-03-01,LB,2024-03-01,LB
2812680,2022-11-08,VUS,2022-11-08,VUS
2812946,2022-11-08,LB,2022-11-08,LB
2812986,2023-07-17,LB,2023-07-17,LB
2813183,2022-11-09,VUS,2022-11-09,VUS
2813228,2022-11-28,VUS,2022-11-28,VUS
2813382,2024-01-02,LB,2024-01-02,LB
2813588,2023-01-17,VUS,2023-01-17,VUS
2813603,2022-11-11,LB,2022-11-11,LB
2813642,2025-11-12,LB,2025-11-12,LB
2813808,2022-11-12,P,2022-11-12,P
2813833,2023-04-30,VUS,2023-04-30,VUS
2813915,2024-01-24,LB,2024-01-24,LB
2813936,2022-11-16,VUS,2022-11-16,VUS
2813977,2023-08-30,LB,2023-08-30,LB
2814282,2023-12-13,LB,2023-12-13,LB
2814288,2024-04-22,VUS,2024-04-22,VUS
2814294,2022-11-19,VUS,2022-11-19,VUS
2814347,2024-03-24,P,2024-03-24,P
2814402,2022-11-15,LB,2022-11-15,LB
2814549,2023-04-24,LB,2023-04-24,LB
2814877,2023-01-09,P,2023-01-09,P
2815008,2024-01-29,LB,2024-01-29,LB
2815126,2023-06-03,VUS,2023-06-03,VUS
2815455,2026-01-25,LB,2026-01-25,LB
2815465,2022-11-20,VUS,2022-11-20,VUS
2815583,2023-04-14,LB,2023-04-14,LB
2815618,2023-07-10,LB,2023-07-10,LB
2815694,2023-09-10,LB,2023-09-10,LB
2815805,2022-12-07,LB,2022-12-07,LB
2815823,2022-11-23,LB,2022-11-23,LB
2816186,2024-02-23,LB,2024-02-23,LB
2816238,2022-11-24,LB,2022-11-24,LB
2816288,2023-03-08,VUS,2024-05-15,VUS
2816294,2022-11-24,LB,2022-11-24,LB
2816406,2022-11-24,VUS,2022-11-24,VUS
2816575,2022-11-24,LB,2022-11-24,LB
2816795,2023-03-14,VUS,2023-03-14,VUS
2816831,2024-04-10,LB,2024-04-10,LB
2816968,2022-11-28,LB,2022-11-28,LB
2817001,2022-11-28,LB,2022-11-28,LB
2817383,2025-12-02,LB,2025-12-02,LB
2817505,2022-11-29,LB,2022-11-29,LB
2817516,2022-11-29,LB,2022-11-29,LB
2817730,2022-12-01,LB,2022-12-01,LB
2817875,2022-12-02,LB,2022-12-02,LB
2817886,2023-11-09,LB,2023-11-09,LB
2817937,2022-12-20,LB,2022-12-20,LB
2818245,2023-02-23,LB,2023-02-23,LB
2818300,2023-07-28,LB,2023-07-28,LB
2818394,2023-09-21,P,2023-09-21,P
2818592,2022-12-04,LB,2022-12-04,LB
2818711,2022-12-05,P,2022-12-05,P
2818730,2023-03-09,LB,2023-03-09,LB
2818869,2022-12-06,VUS,2022-12-06,VUS
2818952,2022-12-06,VUS,2022-12-06,VUS
2819033,2024-06-11,VUS,2024-06-11,VUS
2819096,2022-12-07,LB,2022-12-07,LB
2819358,2025-09-02,VUS,2025-09-02,VUS
2819438,2022-12-08,LB,2022-12-08,LB
2819706,2024-05-06,LB,2024-05-06,LB
2819707,2023-05-26,LB,2023-05-26,LB
2819899,2022-12-19,LB,2022-12-19,LB
2820056,2022-12-10,LB,2022-12-10,LB
2820214,2022-12-12,P,2022-12-12,P
2820278,2022-12-13,LB,2022-12-13,LB
2820627,2022-12-14,LB,2022-12-14,LB
2820718,2023-06-09,LB,2023-06-09,LB
2820899,2023-01-30,LB,2023-01-30,LB
2821422,2022-12-16,LB,2022-12-16,LB
2821649,2023-03-27,LB,2023-03-27,LB
2822152,2022-12-19,LB,2022-12-19,LB
2822466,2022-12-20,P,2022-12-20,P
2822529,2022-12-20,VUS,2022-12-20,VUS
2822578,2024-07-31,LB,2024-07-31,LB
2822721,2022-12-20,VUS,2025-09-26,VUS
2822735,2023-10-14,LB,2023-10-14,LB
2822825,2022-12-21,LB,2022-12-21,LB
2822867,2022-12-21,P,2022-12-21,P
2822937,2022-12-21,LB,2022-12-21,LB
2823159,2022-12-22,LB,2022-12-22,LB
2823169,2022-12-22,LB,2022-12-22,LB
2823176,2022-12-22,LB,2022-12-22,LB
2823288,2022-12-22,VUS,2022-12-22,VUS
2823341,2023-09-23,VUS,2023-09-23,VUS
2823540,2023-02-21,LB,2023-02-21,LB
2823777,2022-12-24,LB,2022-12-24,LB
2823804,2022-12-24,LB,2022-12-24,LB
2824046,2023-01-06,LB,2023-01-06,LB
2824080,2022-12-25,LB,2022-12-25,LB
2824336,2024-01-16,LB,2024-01-16,LB
2824581,2022-12-27,LP,2022-12-27,LP
2824693,2022-12-29,LB,2022-12-29,LB
2824714,2022-12-29,LB,2022-12-29,LB
2824821,2022-12-29,LB,2022-12-29,LB
2824890,2023-12-30,LB,2023-12-30,LB
2824930,2024-07-15,LB,2024-07-15,LB
2824956,2022-12-30,VUS,2022-12-30,VUS
2824957,2022-12-30,LB,2022-12-30,LB
2825111,2023-07-26,LB,2023-07-26,LB
2825358,2022-12-31,LB,2022-12-31,LB
2825541,2022-12-31,LB,2022-12-31,LB
2825611,2022-12-31,LB,2022-12-31,LB
2825860,2023-04-17,LB,2023-04-17,LB
2826078,2023-01-03,VUS,2024-01-04,VUS
2826322,2023-01-05,VUS,2023-01-05,VUS
2826354,2023-01-12,VUS,2023-01-12,VUS
2826515,2023-07-28,LB,2023-07-28,LB
2826617,2023-04-14,LB,2023-04-14,LB
2826673,2023-08-07,LP,2023-08-07,LP
2826853,2023-01-07,LB,2023-01-07,LB
2827082,2023-01-15,VUS,2023-01-15,VUS
2827122,2023-01-08,LB,2023-01-08,LB
2827326,2023-04-08,VUS,2023-04-08,VUS
2827443,2023-01-10,LB,2023-01-10,LB
2827567,2023-01-17,LB,2023-01-17,LB
2827678,2023-01-11,LB,2023-01-11,LB
2827694,2023-10-07,LB,2023-10-07,LB
2827822,2023-03-09,VUS,2023-03-09,VUS
2827874,2023-01-12,VUS,2023-01-12,VUS
2827958,2024-04-02,LB,2024-04-02,LB
2828369,2023-01-16,LB,2023-01-16,LB
2828395,2024-05-10,VUS,2024-05-10,VUS
2828422,2023-01-14,LB,2023-01-14,LB
2828776,2023-05-12,LP,2023-05-12,LP
2828850,2024-01-10,P,2024-01-10,P
2829002,2023-01-16,LB,2023-01-16,LB
2829490,2023-01-17,LB,2023-01-17,LB
2829642,2023-01-17,LB,2023-01-17,LB
2829643,2023-05-24,P,2023-05-24,P
2829664,2023-01-17,LP,2023-01-17,LP
2829733,2023-01-17,LB,2023-01-17,LB
2829906,2023-01-18,LB,2023-01-18,LB
2829957,2025-07-20,LB,2025-07-20,LB
2829980,2023-02-01,LB,2023-02-01,LB
2830117,2023-01-19,LB,2023-01-19,LB
2830124,2023-01-19,LB,2023-01-19,LB
2830234,2023-10-30,LB,2023-10-30,LB
2830312,2023-01-19,LB,2023-01-19,LB
2830818,2026-02-01,LB,2026-02-01,LB
2830977,2023-01-22,LB,2023-01-22,LB
2830986,2023-07-25,LB,2023-07-25,LB
2831060,2023-01-22,VUS,2023-01-22,VUS
2831339,2023-02-22,VUS,2023-02-22,VUS
2831536,2023-03-26,LB,2023-03-26,LB
2831627,2023-01-24,LB,2023-01-24,LB
2831637,2023-01-24,VUS,2023-01-24,VUS
2831664,2023-01-24,LB,2023-01-24,LB
2831715,2023-01-24,LP,2023-01-24,LP
2831802,2023-01-25,VUS,2023-01-25,VUS
2832244,2023-02-27,VUS,2023-02-27,VUS
2832423,2023-01-28,LB,2023-01-28,LB
2832492,2023-01-28,LB,2023-01-28,LB
2832701,2023-11-10,LB,2023-11-10,LB
2832806,2023-01-29,LB,2023-01-29,LB
2832913,2025-06-12,LP,2025-06-12,LP
2832954,2024-01-05,LB,2024-01-05,LB
2832992,2024-04-30,VUS,2024-04-30,VUS
2833192,2025-12-23,LB,2025-12-23,LB
2833263,2023-01-31,VUS,2023-01-31,VUS
2833337,2023-02-08,LB,2023-02-08,LB
2833451,2023-02-01,LB,2023-02-01,LB
2833491,2023-02-01,LB,2023-02-01,LB
2833740,2023-02-01,LB,2024-09-17,LB
2833811,2023-09-22,VUS,2023-09-22,VUS
2833866,2024-02-19,VUS,2024-04-25,VUS
2833910,2023-02-02,LB,2023-02-02,LB
2834223,2025-09-10,LB,2025-09-10,LB
2834486,2023-02-04,LB,2023-02-04,LB
2834498,2023-02-04,LB,2023-02-04,LB
2834519,2023-02-04,P,2023-02-04,P
2834766,2023-02-05,LB,2023-02-05,LB
2834815,2023-02-05,LB,2023-02-05,LB
2834973,2023-02-06,LB,2023-02-06,LB
2835043,2023-04-13,VUS,2023-04-13,VUS
2835073,2023-02-06,LB,2023-02-06,LB
2835227,2023-03-08,LB,2023-03-08,LB
2835333,2023-02-08,LB,2023-02-08,LB
2835418,2023-02-08,LB,2023-02-08,LB
2835603,2023-02-08,LB,2023-02-08,LB
2835833,2023-07-10,VUS,2023-07-10,VUS
2835921,2023-04-03,P,2023-04-03,P
2836147,2023-03-07,LB,2023-03-07,LB
2836212,2023-05-13,LB,2024-01-08,LB
2836232,2023-02-11,LB,2023-02-11,LB
2836242,2023-04-12,LB,2023-04-12,LB
2836264,2023-02-11,LB,2023-02-11,LB
2836320,2023-02-11,LB,2023-02-11,LB
2836453,2023-03-03,VUS,2023-03-03,VUS
2836511,2023-02-11,LB,2023-02-11,LB
2836665,2023-09-12,LB,2023-09-12,LB
2836694,2023-03-26,VUS,2023-12-23,VUS
2836993,2023-02-14,LB,2023-02-14,LB
2837039,2023-05-22,LB,2023-05-22,LB
2837092,2023-11-13,LB,2023-11-13,LB
2837180,2023-11-12,VUS,2024-04-29,VUS
2837199,2023-10-12,VUS,2023-10-12,VUS
2837210,2023-08-05,LB,2023-08-05,LB
2837317,2023-02-14,LB,2023-02-14,LB
2837587,2023-02-25,LB,2023-02-25,LB
2837634,2023-12-04,LB,2023-12-04,LB
2837655,2024-02-22,LB,2024-02-22,LB
2837745,2023-02-16,LB,2023-02-16,LB
2837750,2023-02-16,LB,2023-02-16,LB
2837767,2023-02-16,LB,2023-02-16,LB
2837783,2023-02-16,LB,2023-02-16,LB
2837949,2023-02-16,VUS,2023-02-16,VUS
2837954,2023-12-27,VUS,2024-01-09,VUS
2837973,2023-08-17,VUS,2023-08-17,VUS
2837997,2023-10-05,VUS,2023-10-05,VUS
2838218,2023-02-16,LB,2023-02-16,LB
2838223,2023-02-16,LB,2023-02-16,LB
2838301,2023-02-16,LB,2023-02-16,LB
2838308,2023-02-16,P,2023-02-16,P
2838385,2023-02-16,LB,2023-02-16,LB
2838549,2023-02-17,P,2023-02-17,P
2838557,2023-08-02,LB,2023-08-02,LB
2838570,2023-02-18,LB,2023-02-18,LB
2838710,2023-04-13,LB,2023-04-13,LB
2838788,2023-02-18,LB,2023-02-18,LB
2838803,2023-02-18,LB,2023-02-18,LB
2839133,2023-02-20,LB,2023-02-20,LB
2839198,2023-02-20,VUS,2023-02-20,VUS
2839427,2023-02-21,LB,2023-02-21,LB
2839754,2023-11-20,LB,2023-11-20,LB
2839955,2023-02-22,LB,2023-02-22,LB
2840132,2023-03-01,LB,2023-03-01,LB
2840249,2023-02-23,VUS,2023-02-23,VUS
2840366,2023-02-24,LB,2023-02-24,LB
2840487,2023-02-24,LB,2023-02-24,LB
2840524,2023-02-24,VUS,2023-02-24,VUS
2840545,2023-03-03,LB,2023-03-03,LB
2840612,2024-06-12,VUS,2024-06-12,VUS
2840649,2024-03-12,P,2024-03-12,P
2840677,2023-02-26,LB,2023-02-26,LB
2840678,2023-02-25,LB,2023-02-25,LB
2840680,2023-02-25,LB,2023-02-25,LB
2840942,2023-02-26,LB,2023-02-26,LB
2840953,2023-12-09,LB,2023-12-09,LB
2841073,2023-02-26,LB,2023-02-26,LB
2841134,2023-03-24,VUS,2023-03-24,VUS
2841215,2025-10-01,LB,2025-10-01,LB
2841240,2023-03-17,LB,2023-03-17,LB
2841377,2024-07-12,VUS,2024-07-12,VUS
2841721,2023-03-08,LB,2023-03-08,LB
2841915,2023-03-17,LB,2023-03-17,LB
2842128,2023-12-04,LB,2023-12-04,LB
2842132,2023-03-02,LB,2023-03-02,LB
2842332,2023-05-16,VUS,2023-05-16,VUS
2842406,2023-03-03,LB,2023-03-03,LB
2842413,2023-03-03,LB,2023-03-03,LB
2842591,2023-03-03,LP,2023-03-03,LP
2842698,2023-03-03,LB,2023-03-03,LB
2842874,2023-03-04,LB,2023-03-04,LB
2843072,2023-03-04,P,2023-03-04,P
2843104,2023-12-02,LB,2023-12-02,LB
2843204,2025-12-31,LB,2025-12-31,LB
2843235,2023-03-07,LB,2023-03-07,LB
2843419,2023-03-07,LB,2023-03-07,LB
2843531,2023-03-07,LB,2023-03-07,LB
2843569,2023-03-07,LB,2023-03-07,LB
2843790,2023-03-08,VUS,2023-03-08,VUS
2843813,2023-03-08,P,2023-03-08,P
2843859,2023-12-07,VUS,2023-12-07,VUS
2843872,2023-03-08,LB,2023-03-08,LB
2843940,2023-10-22,LB,2023-10-22,LB
2844081,2023-12-11,VUS,2023-12-11,VUS
2844199,2023-03-08,VUS,2023-03-08,VUS
2844214,2023-07-21,LB,2023-07-21,LB
2844557,2023-03-09,VUS,2023-03-09,VUS
2844562,2023-09-04,VUS,2023-09-04,VUS
2844563,2023-09-04,LB,2023-09-04,LB
2844617,2023-07-03,LB,2023-07-03,LB
2844853,2023-10-14,VUS,2023-10-14,VUS
2844938,2023-10-26,LB,2023-10-26,LB
2845193,2023-03-12,VUS,2023-03-12,VUS
2845287,2023-03-12,LB,2023-03-12,LB
2845296,2023-03-13,LB,2023-03-13,LB
2845349,2023-03-13,LB,2023-03-13,LB
2845654,2023-03-14,LB,2023-03-14,LB
2845660,2023-03-14,LB,2023-03-14,LB
2845753,2023-03-14,VUS,2023-03-14,VUS
2845807,2023-03-14,LB,2023-03-14,LB
2845836,2023-03-14,LP,2023-03-14,LP
2846252,2023-03-16,LB,2023-03-16,LB
2846257,2023-03-16,LB,2023-03-16,LB
2846401,2023-03-17,VUS,2023-03-17,VUS
2846542,2023-05-20,LB,2023-05-20,LB
2846754,2023-03-17,LB,2023-03-17,LB
2846774,2023-03-17,LB,2023-03-17,LB
2846853,2023-05-28,LB,2023-05-28,LB
2847172,2023-03-18,VUS,2023-03-18,VUS
2847196,2024-11-02,VUS,2024-11-02,VUS
2847241,2023-03-18,VUS,2023-03-18,VUS
2847280,2023-03-18,LB,2023-03-18,LB
2847307,2023-07-11,LB,2023-07-11,LB
2847384,2023-06-13,LB,2023-06-13,LB
2847460,2023-03-19,P,2023-03-19,P
2847558,2023-05-24,LB,2023-05-24,LB
2847781,2024-10-24,VUS,2024-10-24,VUS
2847821,2023-07-02,LB,2023-07-02,LB
2847871,2023-03-20,LB,2023-03-20,LB
2848037,2023-03-21,LB,2023-03-21,LB
2848069,2023-03-21,LB,2023-03-21,LB
2848233,2023-11-20,LB,2023-11-20,LB
2848385,2023-03-22,LB,2023-03-22,LB
2848426,2023-03-22,LB,2023-03-22,LB
2848428,2023-03-22,LB,2023-03-22,LB
2848540,2023-03-22,LB,2023-03-22,LB
2848742,2023-03-23,B,2023-03-23,B
2848797,2023-03-23,LB,2023-03-23,LB
2848856,2023-03-23,LB,2023-03-23,LB
2848861,2023-03-23,VUS,2023-03-23,VUS
2849127,2024-10-22,LB,2024-10-22,LB
2849242,2025-08-09,VUS,2025-11-22,VUS
2849344,2024-08-19,LB,2024-08-19,LB
2849425,2023-12-01,LB,2023-12-01,LB
2849537,2023-03-26,LB,2023-03-26,LB
2849629,2023-03-26,P,2023-03-26,P
2849647,2023-03-27,B,2023-03-27,B
2849676,2023-03-26,LB,2023-03-26,LB
2849697,2023-04-03,LB,2023-04-03,LB
2849700,2023-04-03,LB,2023-04-03,LB
2849746,2023-03-26,P,2023-03-26,P
2849822,2023-03-26,VUS,2023-03-26,VUS
2850008,2025-05-11,P,2025-05-11,P
2850135,2023-03-27,LB,2023-03-27,LB
2850475,2023-03-30,P,2023-03-30,P
2850656,2023-04-14,B,2023-04-14,B
2850977,2025-12-30,P,2025-12-30,P
2851001,2023-08-27,LB,2023-08-27,LB
2851161,2023-03-31,LB,2023-03-31,LB
2851259,2023-03-31,VUS,2023-03-31,VUS
2851301,2026-01-04,LB,2026-01-04,LB
2851399,2023-04-01,LB,2023-04-01,LB
2851451,2023-06-02,LB,2023-06-02,LB
2851645,2023-04-03,LB,2023-04-03,LB
2851777,2023-04-07,VUS,2023-04-07,VUS
2851804,2023-04-03,VUS,2023-04-03,VUS
2851835,2023-05-11,LB,2023-05-11,LB
2851842,2023-04-03,VUS,2023-04-03,VUS
2852205,2023-04-06,LB,2023-04-06,LB
2852377,2023-05-26,LB,2023-05-26,LB
2852452,2023-04-06,LB,2023-04-06,LB
2852482,2023-04-06,LP,2023-07-17,LP
2852601,2024-01-25,LB,2024-01-25,LB
2852679,2023-05-02,LB,2023-05-02,LB
2852698,2023-04-06,LB,2023-04-06,LB
2852903,2023-08-07,LB,2023-08-07,LB
2852954,2025-06-12,B,2025-06-12,B
2853024,2023-04-07,P,2023-04-07,P
2853270,2023-11-19,LB,2023-11-19,LB
2853507,2023-04-07,LB,2023-04-07,LB
2853663,2023-12-16,LB,2023-12-16,LB
2853668,2023-04-08,LB,2023-04-08,LB
2853968,2024-05-28,LB,2024-05-28,LB
2853975,2025-04-13,P,2025-04-13,P
2854394,2024-09-05,VUS,2024-09-05,VUS
2854400,2023-04-09,VUS,2023-04-09,VUS
2854437,2023-04-09,VUS,2023-04-09,VUS
2854442,2023-04-14,VUS,2023-04-14,VUS
2854450,2025-12-18,VUS,2025-12-18,VUS
2854472,2025-12-18,VUS,2025-12-18,VUS
2854664,2023-10-13,LB,2023-10-13,LB
2854743,2023-04-10,LB,2023-04-10,LB
2855106,2023-04-11,LB,2023-04-11,LB
2855107,2023-08-29,LB,2023-08-29,LB
2855172,2023-04-11,VUS,2023-04-11,VUS
2855232,2023-12-24,LB,2023-12-24,LB
2855656,2023-04-12,VUS,2023-04-12,VUS
2855865,2023-08-10,LP,2023-08-10,LP
2855870,2023-12-09,LB,2023-12-09,LB
2855979,2023-09-08,LB,2023-09-08,LB
2856266,2023-04-18,LB,2023-04-18,LB
2856337,2023-04-14,VUS,2023-04-14,VUS
2856434,2023-12-14,LB,2025-01-19,LB
2856809,2023-04-16,LB,2023-04-16,LB
2857137,2023-05-18,VUS,2023-05-18,VUS
2857149,2023-04-17,LB,2023-04-17,LB
2857207,2023-05-05,LB,2023-05-05,LB
2857209,2023-04-18,LB,2023-04-18,LB
2857217,2023-04-18,LP,2023-04-18,LP
2857287,2023-04-18,LP,2023-04-18,LP
2857381,2023-04-18,LB,2023-04-18,LB
2857759,2023-04-28,LB,2023-04-28,LB
2857926,2023-04-25,LB,2023-04-25,LB
2858020,2023-04-20,LB,2023-04-20,LB
2858022,2023-04-30,LB,2023-04-30,LB
2858039,2023-04-20,B,2023-04-20,B
2858221,2023-04-22,LB,2023-04-22,LB
2858224,2023-04-22,LB,2023-04-22,LB
2858237,2023-04-23,LB,2023-04-23,LB
2858360,2023-04-22,VUS,2023-04-22,VUS
2858800,2023-04-24,VUS,2023-04-24,VUS
2858852,2025-03-18,LP,2025-03-18,LP
2859188,2023-04-25,LB,2023-04-25,LB
2859492,2023-04-26,LB,2023-04-26,LB
2859514,2023-05-24,LB,2023-05-24,LB
2859591,2025-11-03,LB,2025-11-03,LB
2859856,2024-04-09,VUS,2024-04-09,VUS
2859943,2023-04-14,LB,2023-04-14,LB
2860003,2023-12-09,LB,2023-12-09,LB
2860021,2023-04-28,LB,2023-04-28,LB
2860205,2023-04-28,LB,2023-04-28,LB
2860295,2023-04-28,LB,2023-04-28,LB
2860313,2023-12-02,VUS,2023-12-02,VUS
2860335,2023-04-28,LB,2023-04-28,LB
2860358,2023-04-28,LB,2023-04-28,LB
2860743,2023-04-30,VUS,2023-04-30,VUS
2860785,2023-05-01,LB,2023-05-01,LB
2860813,2023-04-30,LB,2023-04-30,LB
2860870,2024-05-13,VUS,2025-12-01,VUS
2860948,2023-04-30,VUS,2023-04-30,VUS
2861004,2025-04-14,LB,2025-04-14,LB
2861242,2023-08-14,LP,2023-08-14,LP
2861260,2023-10-03,VUS,2023-10-03,VUS
2861274,2023-10-25,LB,2023-10-25,LB
2861503,2023-05-02,LB,2023-05-02,LB
2861668,2023-05-02,LB,2023-05-02,LB
2861690,2023-05-02,LB,2023-05-02,LB
2861829,2023-05-02,VUS,2023-05-02,VUS
2862410,2023-05-07,LB,2023-05-07,LB
2862411,2023-05-07,LB,2023-05-07,LB
2862463,2024-01-18,LB,2024-01-18,LB
2862472,2024-03-17,LP,2024-03-17,LP
2862492,2023-05-07,LB,2023-05-07,LB
2862654,2023-05-08,P,2023-05-08,P
2862691,2023-12-26,LB,2023-12-26,LB
2862705,2023-07-31,LB,2023-07-31,LB
2862789,2023-05-09,LB,2023-05-09,LB
2862968,2023-05-09,LB,2023-05-09,LB
2863101,2023-05-11,LB,2023-05-11,LB
2863388,2026-01-11,LB,2026-01-11,LB
2863500,2023-06-15,LB,2023-06-15,LB
2863697,2023-05-12,LB,2023-05-12,LB
2863752,2024-05-06,LB,2024-05-06,LB
2863866,2023-10-28,LB,2023-10-28,LB
2863894,2023-11-17,LB,2023-11-17,LB
2864121,2023-05-13,LP,2023-05-13,LP
2864159,2025-06-12,P,2025-06-12,P
2864345,2023-05-15,LB,2023-05-15,LB
2864361,2023-11-18,VUS,2023-11-18,VUS
2864400,2023-05-15,LB,2023-05-15,LB
2864665,2023-06-13,LP,2023-06-13,LP
2864863,2023-05-16,LP,2023-05-16,LP
2864890,2023-05-16,P,2023-05-16,P
2865025,2023-05-25,P,2023-05-25,P
2865230,2023-05-22,VUS,2023-05-22,VUS
2865411,2023-06-08,LB,2023-06-08,LB
2865425,2024-07-30,LB,2024-07-30,LB
2865478,2023-05-18,LB,2023-05-18,LB
2865820,2023-05-19,LB,2023-05-19,LB
2865830,2023-05-19,LB,2023-05-19,LB
2865844,2023-05-19,LB,2023-05-19,LB
2865864,2025-02-11,P,2025-02-11,P
2865988,2023-05-28,VUS,2023-05-28,VUS
2865998,2023-06-11,LB,2023-06-11,LB
2866044,2023-05-20,LB,2023-05-20,LB
2866060,2023-05-20,LB,2023-05-20,LB
2866412,2023-09-08,VUS,2024-11-21,VUS
2866591,2023-05-21,LB,2023-05-21,LB
2866719,2023-11-03,VUS,2023-11-03,VUS
2866744,2023-05-21,LB,2023-05-21,LB
2866948,2023-05-22,LB,2023-05-22,LB
2867171,2024-02-26,VUS,2024-02-26,VUS
2867237,2023-07-03,P,2023-07-03,P
2867377,2022-11-01,VUS,2022-11-01,VUS
2867640,2023-09-10,LB,2023-09-10,LB
2867816,2023-06-21,VUS,2023-06-21,VUS
2867862,2023-10-05,VUS,2023-10-05,VUS
2868111,2024-03-18,LB,2024-03-18,LB
2868134,2025-11-15,LB,2025-11-15,LB
2868235,2024-12-04,LB,2024-12-04,LB
2868282,2023-07-16,LB,2023-07-16,LB
2868507,2024-09-24,LB,2024-09-24,LB
2868709,2026-01-06,LB,2026-01-06,LB
2868758,2023-01-24,LB,2023-01-24,LB
2868907,2024-03-05,LB,2024-03-05,LB
2868921,2023-11-17,VUS,2023-11-17,VUS
2869062,2023-11-07,LB,2023-11-07,LB
2869207,2025-09-13,LB,2025-09-13,LB
2869356,2023-10-30,LB,2023-10-30,LB
2869435,2023-08-25,LB,2023-08-25,LB
2869466,2026-01-28,LP,2026-01-28,LP
2870067,2023-12-29,LB,2023-12-29,LB
2870189,2023-10-05,LB,2023-10-05,LB
2870204,2023-06-15,LB,2023-06-15,LB
2870410,2023-08-30,LB,2023-08-30,LB
2870423,2023-07-18,VUS,2023-07-18,VUS
2870609,2023-10-25,LB,2023-10-25,LB
2870647,2025-03-26,VUS,2025-03-26,VUS
2870835,2023-06-09,LB,2023-06-09,LB
2871132,2025-12-16,LB,2025-12-16,LB
2871264,2022-11-14,VUS,2022-11-14,VUS
2871757,2023-12-05,LB,2023-12-05,LB
2871826,2022-12-03,LB,2022-12-03,LB
2871828,2023-07-16,LB,2023-07-16,LB
2872055,2023-11-28,LB,2023-11-28,LB
2872197,2025-04-28,LB,2025-04-28,LB
2872237,2023-02-23,LB,2023-02-23,LB
2872298,2023-10-25,B,2023-10-25,B
2872384,2023-05-24,LB,2023-05-24,LB
2872396,2023-07-08,LB,2023-07-08,LB
2872495,2023-08-04,VUS,2023-08-04,VUS
2872504,2022-11-02,VUS,2022-11-02,VUS
2872747,2024-02-18,VUS,2024-02-18,VUS
2872902,2023-01-22,LB,2023-01-22,LB
2873008,2025-12-19,LB,2025-12-19,LB
2873021,2024-01-04,LB,2024-01-04,LB
2873032,2024-10-30,LB,2024-10-30,LB
2873235,2023-02-13,LB,2023-02-13,LB
2873272,2023-08-07,LB,2023-08-07,LB
2873316,2023-12-11,LB,2023-12-11,LB
2873331,2023-03-17,LB,2023-03-17,LB
2873601,2023-06-12,LB,2023-06-12,LB
2873717,2023-12-14,LB,2023-12-14,LB
2873881,2024-07-29,LB,2024-07-29,LB
2873928,2023-01-15,VUS,2023-01-15,VUS
2874060,2023-02-01,LP,2023-02-01,LP
2874106,2023-12-16,LB,2023-12-16,LB
2874593,2023-05-12,LB,2023-05-12,LB
2874923,2023-03-02,VUS,2023-03-02,VUS
2875051,2023-07-26,LB,2023-07-26,LB
2875243,2023-12-14,LB,2025-01-13,LB
2875429,2025-03-09,B,2025-03-09,B
2875473,2023-08-16,LB,2023-08-16,LB
2875674,2023-06-03,VUS,2023-06-03,VUS
2875716,2023-08-02,LB,2023-08-02,LB
2875775,2023-04-13,LP,2023-04-13,LP
2875842,2024-08-08,VUS,2024-08-08,VUS
2875889,2023-09-19,LB,2023-09-19,LB
2876047,2024-02-22,LP,2024-02-22,LP
2876121,2023-04-12,VUS,2023-04-12,VUS
2876172,2023-10-22,VUS,2023-10-22,VUS
2876283,2023-08-06,LB,2023-08-06,LB
2876314,2023-04-06,LB,2023-04-06,LB
2876529,2023-04-09,VUS,2023-04-09,VUS
2877015,2022-12-16,VUS,2022-12-16,VUS
2877151,2022-12-23,LB,2022-12-23,LB
2877211,2025-08-14,LB,2025-08-14,LB
2877286,2023-09-08,VUS,2023-09-08,VUS
2877360,2024-07-30,VUS,2024-07-30,VUS
2877403,2023-02-04,LB,2023-02-04,LB
2877779,2025-03-17,LB,2025-03-17,LB
2877940,2023-11-28,LB,2023-11-28,LB
2877946,2023-10-16,LB,2023-10-16,LB
2878189,2024-02-19,VUS,2024-02-19,VUS
2878352,2023-07-13,LB,2023-07-13,LB
2878384,2023-12-14,VUS,2023-12-14,VUS
2878575,2022-11-04,LB,2022-11-04,LB
2878738,2025-06-23,VUS,2025-06-23,VUS
2879565,2023-10-29,LB,2023-10-29,LB
2879629,2023-03-08,LB,2023-03-08,LB
2879648,2023-08-23,LB,2023-08-23,LB
2879715,2023-04-07,LB,2023-04-07,LB
2879724,2023-02-01,LB,2023-02-01,LB
2879832,2024-01-08,VUS,2024-01-08,VUS
2879986,2023-06-15,VUS,2023-06-15,VUS
2880080,2023-03-08,VUS,2023-03-08,VUS
2880151,2023-07-18,LB,2023-07-18,LB
2880185,2023-09-30,VUS,2023-09-30,VUS
2880426,2023-08-19,LB,2023-08-19,LB
2880448,2023-12-14,VUS,2023-12-14,VUS
2880498,2023-05-20,VUS,2023-05-20,VUS
2880585,2024-09-10,VUS,2024-09-10,VUS
2880643,2023-03-27,VUS,2023-03-27,VUS
2880790,2023-10-22,LB,2023-10-22,LB
2880796,2023-11-18,LB,2023-11-18,LB
2880879,2025-09-03,P,2025-09-03,P
2880992,2023-10-24,LB,2023-10-24,LB
2881087,2024-11-11,P,2024-11-11,P
2881190,2024-01-22,VUS,2024-01-22,VUS
2881272,2024-06-03,VUS,2024-06-03,VUS
2881311,2023-06-14,VUS,2023-06-14,VUS
2881514,2023-08-14,LB,2023-08-14,LB
2881522,2022-12-27,LB,2022-12-27,LB
2881724,2023-10-05,VUS,2025-09-26,VUS
2882313,2023-12-12,LB,2023-12-12,LB
2882547,2023-12-05,LB,2023-12-05,LB
2882558,2024-02-03,LB,2024-02-03,LB
2882684,2023-03-20,LB,2023-03-20,LB
2882822,2023-11-27,LB,2023-11-27,LB
2882951,2023-09-27,LB,2023-09-27,LB
2883190,2023-10-04,LB,2023-10-04,LB
2883241,2023-11-25,LB,2023-11-25,LB
2883291,2023-02-09,LB,2023-02-09,LB
2883292,2023-08-29,LB,2023-08-29,LB
2883327,2023-11-16,LB,2023-11-16,LB
2883552,2023-09-08,LB,2023-09-08,LB
2883655,2023-05-13,LB,2023-05-13,LB
2883702,2024-03-01,LB,2024-03-01,LB
2883828,2024-01-22,LB,2024-01-22,LB
2883985,2024-02-28,B,2024-02-28,B
2884115,2023-10-23,P,2023-10-23,P
2884116,2023-06-18,LP,2023-06-18,LP
2884117,2023-12-13,P,2023-12-13,P
2884199,2023-04-09,LB,2023-04-09,LB
2884271,2025-06-30,LB,2025-06-30,LB
2884645,2024-11-27,VUS,2025-10-02,VUS
2884856,2024-08-25,LB,2024-08-25,LB
2884858,2025-01-27,LB,2025-01-27,LB
2885206,2023-08-29,LB,2023-08-29,LB
2885271,2023-12-20,VUS,2025-09-26,VUS
2885312,2025-12-01,LB,2025-12-01,LB
2885419,2024-01-16,LB,2024-01-16,LB
2885458,2023-09-23,VUS,2025-05-14,VUS
2885477,2022-12-10,LB,2022-12-10,LB
2885676,2023-08-10,LB,2023-08-10,LB
2885685,2023-12-04,LB,2023-12-04,LB
2885784,2023-11-27,LB,2023-11-27,LB
2885829,2026-01-22,LB,2026-01-22,LB
2885940,2024-01-25,LB,2024-01-25,LB
2886110,2025-08-28,LB,2025-08-28,LB
2886192,2023-06-19,LB,2023-06-19,LB
2886198,2023-05-12,LB,2023-05-12,LB
2886202,2024-01-07,LB,2024-01-07,LB
2886293,2024-05-08,VUS,2024-05-08,VUS
2886417,2026-01-16,LB,2026-01-16,LB
2886894,2024-06-11,LB,2025-11-19,LB
2886910,2024-02-14,LB,2024-02-14,LB
2886974,2023-10-22,LB,2023-10-22,LB
2887155,2025-02-06,LB,2025-02-06,LB
2887311,2024-03-03,LB,2024-03-03,LB
2887487,2023-10-12,LB,2023-10-12,LB
2887632,2025-12-10,VUS,2025-12-10,VUS
2887649,2023-04-17,LB,2023-04-17,LB
2887858,2025-09-09,LB,2025-09-09,LB
2887946,2024-11-26,VUS,2025-12-09,VUS
2887991,2025-06-12,B,2025-06-12,B
2888228,2025-08-17,LB,2025-08-17,LB
2888633,2023-10-20,LB,2023-10-20,LB
2888635,2023-05-01,LB,2023-05-01,LB
2888668,2024-03-01,LB,2024-03-01,LB
2889054,2024-09-12,VUS,2024-09-12,VUS
2889312,2024-02-26,LB,2024-02-26,LB
2889550,2023-04-03,LB,2023-04-03,LB
2889560,2023-09-14,LB,2023-09-14,LB
2889626,2024-02-01,LB,2024-02-01,LB
2889651,2025-12-10,LB,2025-12-10,LB
2889712,2024-12-02,VUS,2025-06-19,VUS
2889744,2024-11-13,LB,2024-11-13,LB
2889979,2024-09-19,LB,2024-09-19,LB
2890034,2023-06-06,LB,2023-06-06,LB
2890043,2024-02-07,LB,2025-11-24,LB
2890134,2024-02-04,LB,2024-02-04,LB
2890313,2024-02-01,LB,2024-02-01,LB
2890416,2023-04-03,LB,2023-04-03,LB
2890513,2024-01-03,LB,2024-01-03,LB
2890592,2026-01-19,LB,2026-01-19,LB
2890894,2023-07-17,LB,2023-07-17,LB
2891034,2025-12-06,LB,2025-12-06,LB
2891210,2023-10-06,LB,2023-10-06,LB
2891383,2023-07-16,LB,2023-07-16,LB
2891402,2023-10-30,LB,2023-10-30,LB
2891455,2023-07-10,VUS,2023-07-10,VUS
2891503,2025-10-03,LB,2025-10-03,LB
2891573,2023-11-07,VUS,2023-11-07,VUS
2891627,2025-01-08,VUS,2026-01-20,VUS
2891688,2023-06-05,LB,2023-06-05,LB
2891914,2023-10-25,LB,2023-10-25,LB
2892019,2023-08-02,VUS,2023-08-02,VUS
2892065,2025-10-21,LB,2025-10-21,LB
2892094,2023-03-22,LB,2023-03-22,LB
2892159,2023-11-29,LB,2023-11-29,LB
2892190,2023-06-23,LB,2023-06-23,LB
2892449,2023-04-14,LB,2023-04-14,LB
2892485,2023-11-11,LB,2023-11-11,LB
2892757,2025-06-03,B,2025-06-03,B
2893246,2024-02-28,LB,2024-02-28,LB
2893284,2023-04-06,LB,2023-04-06,LB
2893576,2023-12-16,VUS,2025-03-27,VUS
2893654,2023-09-08,LB,2023-09-08,LB
2894195,2026-01-14,LB,2026-01-14,LB
2894230,2023-12-22,B,2023-12-22,B
2894268,2024-02-01,LB,2024-02-01,LB
2894381,2024-02-09,LB,2024-02-09,LB
2894479,2024-05-13,LB,2024-05-13,LB
2894483,2024-02-29,LB,2024-02-29,LB
2894699,2025-04-28,LB,2025-04-28,LB
2894837,2023-09-01,LB,2023-09-01,LB
2894892,2023-08-16,LP,2025-08-21,LP
2895143,2023-11-02,VUS,2023-11-02,VUS
2895153,2025-09-29,VUS,2025-09-29,VUS
2895344,2024-02-01,LB,2024-02-01,LB
2895617,2025-12-03,LB,2025-12-03,LB
2895786,2025-08-22,LB,2025-08-22,LB
2895800,2025-04-28,LB,2025-04-28,LB
2895926,2023-10-14,B,2023-10-14,B
2896212,2023-11-21,LB,2023-11-21,LB
2896220,2025-11-20,VUS,2025-11-20,VUS
2896250,2024-01-09,VUS,2024-04-01,VUS
2896252,2023-12-18,LB,2023-12-18,LB
2896262,2023-11-03,LB,2024-11-13,LB
2896298,2023-10-12,LB,2023-10-12,LB
2896489,2023-12-14,LB,2023-12-14,LB
2896541,2025-05-03,VUS,2025-06-12,VUS
2896689,2024-03-31,VUS,2026-01-04,VUS
2896726,2025-10-02,VUS,2025-11-11,VUS
2896733,2026-01-24,B,2026-01-24,B
2896863,2023-04-20,LB,2023-04-20,LB
2897086,2024-11-19,VUS,2024-11-19,VUS
2897109,2025-12-31,VUS,2025-12-31,VUS
2897562,2024-11-25,LB,2024-11-25,LB
2897567,2023-08-07,LB,2023-08-07,LB
2897775,2023-08-29,LB,2023-08-29,LB
2898078,2024-01-05,VUS,2024-01-05,VUS
2898081,2024-05-31,LB,2024-05-31,LB
2898188,2023-11-01,LB,2023-11-01,LB
2898419,2023-06-06,LB,2023-06-06,LB
2898470,2025-11-12,VUS,2025-11-12,VUS
2898596,2024-01-19,LB,2024-01-19,LB
2898620,2023-11-28,LB,2023-11-28,LB
2898665,2023-12-19,VUS,2023-12-19,VUS
2898870,2023-11-20,LB,2023-11-20,LB
2898893,2023-09-17,LB,2023-09-17,LB
2898930,2025-09-30,LB,2025-09-30,LB
2898968,2023-10-31,VUS,2025-10-17,VUS
2899018,2025-06-27,VUS,2025-06-27,VUS
2899034,2023-10-08,VUS,2023-10-08,VUS
2899121,2023-09-08,VUS,2025-08-06,VUS
2899176,2025-06-12,LB,2025-06-12,LB
2900048,2023-01-06,LB,2023-01-06,LB
2900279,2023-08-19,LB,2023-08-19,LB
2900354,2023-04-26,LB,2023-04-26,LB
2900413,2025-06-09,VUS,2025-06-09,VUS
2900654,2025-10-30,LB,2025-10-30,LB
2900656,2023-11-07,VUS,2023-11-07,VUS
2900840,2026-01-13,LB,2026-01-13,LB
2900955,2025-11-04,LB,2025-11-04,LB
2901100,2023-07-29,LB,2025-05-27,LB
2901144,2025-06-12,VUS,2025-06-12,VUS
2901174,2023-07-12,VUS,2024-01-06,VUS
2901260,2024-01-29,LB,2024-01-29,LB
2901319,2025-10-07,VUS,2025-10-07,VUS
2901425,2025-09-06,VUS,2025-09-06,VUS
2901746,2025-12-14,LB,2025-12-14,LB
2901979,2024-11-05,LB,2024-11-05,LB
2902116,2022-11-14,LB,2022-11-14,LB
2902194,2023-09-17,LB,2023-09-17,LB
2902399,2024-03-02,LB,2024-03-02,LB
2902474,2022-11-09,P,2022-11-09,P
2902595,2023-09-08,LB,2023-09-08,LB
2902668,2025-12-19,VUS,2025-12-19,VUS
2902922,2025-09-02,VUS,2025-09-02,VUS
2903212,2023-01-14,LB,2023-01-14,LB
2903559,2024-08-07,LB,2024-08-07,LB
2903603,2023-06-03,VUS,2024-03-28,VUS
2903901,2023-11-24,VUS,2023-11-24,VUS
2903914,2023-06-09,VUS,2023-06-09,VUS
2903982,2024-02-02,LB,2024-02-02,LB
2904013,2024-01-31,VUS,2024-01-31,VUS
2904637,2023-11-14,LB,2023-11-14,LB
2904748,2023-11-18,LB,2025-11-03,LB
2905008,2023-09-22,LB,2023-09-22,LB
2905099,2023-08-30,P,2023-08-30,P
2905274,2024-03-07,LB,2024-03-07,LB
2905473,2025-12-15,LB,2025-12-15,LB
2905507,2023-07-15,LB,2023-07-15,LB
2905599,2023-08-18,LB,2023-08-18,LB
2905737,2024-02-03,LB,2024-02-03,LB
2905874,2022-11-23,LB,2022-11-23,LB
2905877,2023-09-05,LB,2023-09-05,LB
2905968,2023-12-03,LB,2023-12-03,LB
2906153,2023-03-08,LB,2023-03-08,LB
2906182,2025-05-27,LB,2025-05-27,LB
2906302,2024-08-12,LB,2024-08-12,LB
2906391,2022-12-22,LB,2022-12-22,LB
2906413,2023-06-07,LB,2023-06-07,LB
2906619,2023-08-17,LB,2023-08-17,LB
2906652,2023-01-14,LB,2023-01-14,LB
2906741,2023-11-10,LB,2023-11-10,LB
2906779,2023-12-05,LB,2023-12-05,LB
2907154,2023-12-18,B,2023-12-18,B
2907219,2023-12-14,LB,2023-12-14,LB
2907333,2023-07-20,VUS,2025-02-27,VUS
2907360,2023-03-27,LB,2023-03-27,LB
2907593,2024-01-10,P,2024-01-10,P
2907721,2024-01-27,LB,2024-01-27,LB
2907723,2023-12-03,LB,2023-12-03,LB
2907772,2024-01-14,LB,2024-01-14,LB
2907819,2023-08-11,VUS,2023-08-11,VUS
2907857,2025-09-13,VUS,2025-09-13,VUS
2907879,2025-12-03,LB,2025-12-03,LB
2907971,2022-11-20,LB,2022-11-20,LB
2908121,2024-02-25,LB,2024-02-25,LB
2908122,2023-11-01,LB,2023-11-01,LB
2908168,2023-05-02,LB,2023-05-02,LB
2908328,2026-01-06,LB,2026-01-06,LB
2908353,2023-04-29,VUS,2023-04-29,VUS
2908379,2024-01-19,VUS,2024-01-19,VUS
2908540,2023-05-20,B,2023-05-20,B
2908867,2025-02-13,LB,2025-02-13,LB
2908927,2025-09-13,LB,2025-09-13,LB
2909019,2025-01-11,LB,2025-01-11,LB
2909167,2024-03-10,LB,2024-03-10,LB
2909175,2024-02-19,LB,2024-02-19,LB
2909254,2023-08-31,VUS,2023-08-31,VUS
2909437,2023-12-04,VUS,2025-12-30,VUS
2909458,2025-10-23,VUS,2025-10-23,VUS
2909923,2023-08-16,LB,2023-08-16,LB
2910044,2023-09-19,LB,2025-01-29,LB
2910071,2024-01-22,LB,2024-01-22,LB
2910110,2023-11-24,LB,2023-11-24,LB
2910128,2025-09-29,VUS,2025-10-02,VUS
2910129,2023-02-14,VUS,2025-10-02,VUS
2910158,2023-12-09,LP,2024-10-15,LP
2910185,2025-05-30,VUS,2025-09-26,VUS
2910448,2023-03-17,VUS,2025-09-30,VUS
2910449,2024-01-29,VUS,2024-01-29,VUS
2910538,2026-01-24,LB,2026-01-24,LB
2910726,2023-01-31,VUS,2023-01-31,VUS
2910953,2025-01-13,LB,2025-01-13,LB
2910998,2025-09-16,LB,2025-09-16,LB
2911064,2023-10-22,VUS,2023-10-22,VUS
2911199,2022-10-28,LB,2022-10-28,LB
2911342,2023-01-20,LB,2023-01-20,LB
2911553,2023-09-04,LB,2023-09-04,LB
2911565,2023-12-14,LB,2023-12-14,LB
2911568,2024-01-30,LB,2024-01-30,LB
2911669,2023-10-17,B,2023-10-17,B
2911698,2025-08-06,LB,2025-08-06,LB
2911775,2024-01-08,LB,2024-01-08,LB
2911902,2024-02-07,LB,2024-02-07,LB
2912091,2023-12-30,LB,2023-12-30,LB
2912599,2023-04-26,LB,2023-04-26,LB
2912652,2023-09-13,LB,2025-01-19,LB
2912656,2023-10-20,LB,2023-10-20,LB
2912727,2023-10-09,LB,2023-10-09,LB
2912750,2023-12-03,LB,2023-12-03,LB
2912821,2025-02-04,LB,2025-02-04,LB
2912862,2024-12-10,LB,2024-12-10,LB
2913358,2025-06-12,LB,2025-06-12,LB
2913407,2023-08-09,LB,2023-08-09,LB
2913418,2023-10-13,LB,2023-10-13,LB
2913420,2023-01-09,LB,2023-01-09,LB
2913612,2023-11-06,LB,2023-11-06,LB
2914005,2024-01-24,LB,2024-01-24,LB
2914007,2024-01-04,VUS,2024-05-06,VUS
2914110,2025-02-19,LB,2026-01-14,LB
2914121,2024-03-14,LB,2024-03-14,LB
2914388,2024-02-01,LB,2024-02-01,LB
2914620,2023-03-08,LB,2023-03-08,LB
2914727,2023-09-30,LB,2025-05-28,LB
2915054,2023-06-19,LB,2023-06-19,LB
2915061,2023-03-11,LB,2023-03-11,LB
2915253,2023-06-23,LB,2023-06-23,LB
2915355,2025-02-17,VUS,2025-10-02,VUS
2915383,2022-12-26,LB,2022-12-26,LB
2915433,2023-03-13,LB,2023-03-13,LB
2915436,2024-01-24,LB,2025-01-29,LB
2915529,2024-07-30,P,2024-07-30,P
2915659,2025-09-16,LB,2025-09-16,LB
2915686,2024-10-31,LB,2024-10-31,LB
2915748,2025-03-22,LB,2025-03-22,LB
2915876,2022-11-16,LB,2022-11-16,LB
2915921,2023-03-03,LB,2023-03-03,LB
2916035,2026-01-20,LB,2026-01-20,LB
2916260,2025-04-24,LB,2025-04-24,LB
2916330,2023-01-15,LB,2023-01-15,LB
2916438,2022-02-03,B,2025-09-25,B
2916448,2023-02-08,LB,2023-02-08,LB
2916598,2025-02-03,LP,2025-08-20,LP
2916613,2025-07-10,LB,2025-07-10,LB
2916656,2024-02-05,LB,2024-02-05,LB
2916683,2023-11-28,LB,2023-11-28,LB
2916731,2023-10-12,LB,2023-10-12,LB
2916880,2026-02-04,LB,2026-02-04,LB
2916902,2023-09-23,LB,2023-09-23,LB
2916913,2023-10-09,LB,2023-10-09,LB
2917098,2023-08-07,LB,2023-08-07,LB
2917182,2026-01-28,LB,2026-01-28,LB
2917223,2024-03-01,LB,2024-03-01,LB
2917336,2024-01-17,LB,2024-01-17,LB
2917351,2023-11-20,LB,2023-11-20,LB
2917772,2024-10-24,LB,2024-10-24,LB
2917882,2023-12-04,LB,2023-12-04,LB
2917994,2023-09-24,LB,2023-09-24,LB
2918081,2023-11-27,LB,2023-11-27,LB
2918125,2024-12-15,VUS,2024-12-15,VUS
2918264,2023-09-26,LB,2023-09-26,LB
2918406,2024-01-05,LB,2024-01-05,LB
2918585,2025-10-29,LB,2025-10-29,LB
2918607,2023-08-08,VUS,2023-08-08,VUS
2918699,2023-05-20,LB,2023-05-20,LB
2918754,2023-12-14,B,2023-12-14,B
2918872,2022-11-20,LB,2022-11-20,LB
2918909,2023-11-06,LB,2023-11-06,LB
2918950,2025-01-29,LB,2025-01-29,LB
2919021,2025-12-14,LB,2025-12-14,LB
2919074,2025-02-25,VUS,2025-02-25,VUS
2919184,2024-02-06,LB,2024-02-06,LB
2919253,2023-09-10,LB,2023-09-10,LB
2919277,2024-03-19,LB,2024-03-19,LB
2919335,2023-05-19,LB,2023-05-19,LB
2919367,2023-04-13,LB,2023-04-13,LB
2919425,2025-10-02,LB,2025-10-02,LB
2919496,2024-05-13,LB,2024-05-13,LB
2919556,2023-08-29,LB,2023-08-29,LB
2919611,2023-03-03,LB,2023-03-03,LB
2919615,2023-12-26,LB,2023-12-26,LB
2919630,2023-09-26,LB,2023-09-26,LB
2919896,2023-06-07,LB,2023-06-07,LB
2919906,2023-11-10,LB,2025-04-17,LB
2919980,2023-03-20,LB,2023-03-20,LB
2919982,2023-12-14,LB,2023-12-14,LB
2919983,2023-12-14,LB,2023-12-14,LB
2920033,2023-02-04,LB,2023-02-04,LB
2920149,2023-11-27,LB,2023-11-27,LB
2920161,2024-07-09,LB,2024-07-09,LB
2920165,2023-06-23,LB,2023-06-23,LB
2920189,2023-12-22,B,2023-12-22,B
2920216,2024-11-25,LB,2024-11-25,LB
2920433,2025-12-27,VUS,2025-12-27,VUS
2920543,2025-12-26,LB,2025-12-26,LB
2920544,2023-06-02,LB,2023-06-02,LB
2920563,2025-05-30,LB,2025-05-30,LB
2920876,2023-03-06,P,2023-03-06,P
2921028,2023-08-25,LB,2023-08-25,LB
2921075,2023-09-21,LP,2023-09-21,LP
2921205,2024-11-11,LP,2025-09-04,LP
2954590,2024-03-13,LB,2024-03-13,LB
2954740,2022-11-23,LB,2022-11-23,LB
2954816,2023-03-21,LB,2023-03-21,LB
2954930,2023-12-15,LP,2023-12-15,LP
2954963,2025-01-08,LB,2025-01-08,LB
2955225,2023-06-21,VUS,2023-06-21,VUS
2955325,2023-06-23,LB,2023-06-23,LB
2955497,2023-11-20,LB,2023-11-20,LB
2955610,2023-09-21,B,2023-09-21,B
2955854,2025-04-21,LB,2025-04-21,LB
2955912,2023-02-18,LB,2023-02-18,LB
2956029,2025-06-12,LB,2025-06-12,LB
2956095,2023-11-20,VUS,2023-11-20,VUS
2956419,2025-02-08,VUS,2026-01-17,VUS
2956517,2024-02-12,LB,2024-02-12,LB
2956769,2024-01-31,LB,2024-01-31,LB
2957043,2024-06-03,LB,2024-06-03,LB
2957297,2023-01-19,LB,2023-01-19,LB
2958082,2025-06-12,LB,2025-06-12,LB
2958236,2024-10-24,LB,2024-10-24,LB
2958299,2023-08-29,LB,2023-08-29,LB
2958300,2023-03-21,LB,2023-03-21,LB
2958307,2024-04-01,LB,2024-04-01,LB
2958568,2023-10-12,LB,2023-10-12,LB
2958695,2024-03-13,VUS,2025-05-28,VUS
2958716,2023-01-03,VUS,2023-01-03,VUS
2958800,2025-03-19,LB,2025-03-19,LB
2958820,2025-06-12,LB,2025-06-12,LB
2958946,2023-03-03,LB,2023-03-03,LB
2958970,2023-03-08,LB,2023-03-08,LB
2959291,2025-03-13,LB,2025-03-13,LB
2959303,2023-08-19,VUS,2023-08-19,VUS
2959352,2025-12-15,B,2025-12-15,B
2959396,2025-08-31,LB,2025-08-31,LB
2959433,2023-01-16,LB,2023-01-16,LB
2959820,2023-10-12,LB,2023-10-12,LB
2959842,2025-05-26,VUS,2025-05-26,VUS
2959847,2023-06-21,VUS,2023-06-21,VUS
2959888,2023-03-01,VUS,2023-03-01,VUS
2959901,2023-01-19,LB,2023-01-19,LB
2960260,2023-07-25,LB,2023-07-25,LB
2960663,2023-05-20,VUS,2023-07-25,VUS
2960670,2023-04-27,LB,2023-04-27,LB
2960774,2023-12-11,LB,2023-12-11,LB
2960986,2024-05-06,LB,2024-05-06,LB
2961093,2024-01-04,VUS,2024-04-22,VUS
2961178,2023-11-22,LB,2023-11-22,LB
2961201,2022-11-10,VUS,2022-11-10,VUS
2961680,2026-01-13,LB,2026-01-13,LB
2961744,2023-07-28,VUS,2023-07-28,VUS
2961750,2025-11-19,LB,2025-11-19,LB
2961835,2023-01-06,LB,2023-01-06,LB
2962151,2023-08-19,LB,2023-08-19,LB
2962175,2025-07-30,LB,2025-07-30,LB
2962335,2023-03-27,LB,2023-03-27,LB
2962474,2024-04-16,LB,2024-04-16,LB
2962488,2024-05-02,VUS,2024-05-02,VUS
2962713,2023-10-04,LB,2023-10-04,LB
2962885,2023-01-31,VUS,2024-02-07,VUS
2962901,2023-07-31,LB,2023-07-31,LB
2963124,2023-10-12,LB,2023-10-12,LB
2963194,2023-12-22,B,2023-12-22,B
2963248,2023-01-20,LB,2023-01-20,LB
2963309,2024-04-10,VUS,2024-04-10,VUS
2963405,2023-12-12,LB,2023-12-12,LB
2963542,2024-02-25,LB,2024-02-25,LB
2963778,2024-07-17,VUS,2024-07-17,VUS
2964662,2024-10-13,LB,2024-10-13,LB
2964825,2023-12-17,LB,2023-12-17,LB
2964873,2024-06-03,LB,2025-07-13,LB
2964972,2023-02-19,VUS,2024-04-09,VUS
2964975,2023-08-21,LB,2023-08-21,LB
2965115,2023-11-09,LB,2023-11-09,LB
2965276,2024-02-04,LB,2024-02-04,LB
2965429,2023-10-05,VUS,2023-12-24,VUS
2965546,2023-09-08,LB,2023-09-08,LB
2965686,2023-11-20,LB,2023-11-20,LB
2965699,2023-10-27,LB,2023-10-27,LB
2966201,2024-01-02,VUS,2024-07-09,VUS
2966503,2023-07-19,LB,2023-07-19,LB
2966577,2023-09-27,LB,2023-09-27,LB
2966649,2025-09-04,LB,2025-09-04,LB
2966657,2024-01-09,LB,2024-01-09,LB
2966713,2025-11-06,LB,2025-11-06,LB
2966793,2025-08-01,LB,2025-08-01,LB
2966868,2023-01-24,LB,2023-01-24,LB
2966903,2024-01-06,LB,2024-01-06,LB
2966985,2024-08-14,VUS,2024-08-14,VUS
2967010,2023-05-13,LB,2023-05-13,LB
2967012,2023-07-17,VUS,2023-07-17,VUS
2967066,2023-11-07,VUS,2023-11-07,VUS
2967214,2023-12-24,LB,2023-12-24,LB
2967311,2022-12-16,LB,2022-12-16,LB
2967344,2024-03-04,LB,2024-03-04,LB
2967362,2022-11-01,VUS,2022-11-01,VUS
2967422,2023-08-19,LB,2023-08-19,LB
2967593,2023-08-29,LB,2023-08-29,LB
2967849,2023-06-02,LB,2023-06-02,LB
2967945,2023-02-27,VUS,2023-02-27,VUS
2968054,2025-12-20,LB,2025-12-20,LB
2968111,2023-07-16,LB,2023-07-16,LB
2968131,2023-10-07,LB,2023-10-07,LB
2968357,2025-07-31,VUS,2025-10-02,VUS
2968367,2023-11-01,LB,2024-01-08,LB
2968438,2023-01-05,LB,2023-01-05,LB
2968458,2023-08-08,LB,2023-08-08,LB
2968798,2024-01-18,LB,2024-01-18,LB
2968948,2026-01-18,VUS,2026-01-18,VUS
2969021,2023-01-08,LB,2023-01-08,LB
2969354,2024-02-14,LB,2024-02-14,LB
2969444,2024-03-01,LB,2024-03-01,LB
2969860,2023-06-03,LB,2023-06-03,LB
2969872,2023-08-04,VUS,2023-08-04,VUS
2969919,2023-09-01,LB,2023-09-01,LB
2970139,2023-02-21,LB,2023-02-21,LB
2970196,2024-01-25,LB,2024-01-25,LB
2970252,2023-01-09,VUS,2023-12-19,VUS
2970380,2023-02-17,LB,2023-02-17,LB
2970449,2023-04-08,VUS,2023-04-08,VUS
2970777,2024-08-01,LB,2025-12-08,LB
2971448,2023-07-15,LB,2023-07-15,LB
2971648,2023-02-11,LB,2023-02-11,LB
2971788,2023-03-26,LB,2023-03-26,LB
2971800,2023-12-09,VUS,2023-12-09,VUS
2972252,2024-10-25,LB,2024-10-25,LB
2972324,2023-03-08,LB,2023-03-08,LB
2972362,2023-12-03,LB,2023-12-03,LB
2972493,2023-07-03,LB,2023-07-03,LB
2972631,2024-05-17,VUS,2025-06-12,VUS
2972690,2025-08-23,LB,2025-08-23,LB
2972704,2023-07-17,LB,2023-07-17,LB
2972753,2023-06-09,LB,2023-06-09,LB
2972895,2023-09-22,LB,2023-09-22,LB
2973012,2024-12-23,VUS,2024-12-23,VUS
2973024,2023-07-25,VUS,2023-07-25,VUS
2973267,2022-11-29,LB,2022-11-29,LB
2973271,2024-05-09,VUS,2024-05-09,VUS
2973444,2023-09-21,LB,2023-09-21,LB
2973501,2023-08-08,LB,2023-08-08,LB
2973545,2023-12-01,LB,2023-12-01,LB
2973601,2023-03-01,LB,2023-03-01,LB
2973972,2023-04-17,VUS,2023-04-17,VUS
2974071,2025-10-11,LB,2025-10-11,LB
2974126,2024-10-29,VUS,2024-10-29,VUS
2974245,2023-08-02,LB,2023-08-02,LB
2974404,2023-08-01,VUS,2025-03-24,VUS
2974619,2025-07-30,LB,2025-07-30,LB
2974833,2024-10-22,VUS,2024-10-22,VUS
2974878,2024-10-07,VUS,2025-09-09,VUS
2974882,2025-05-04,LB,2025-05-04,LB
2974890,2025-04-14,VUS,2025-10-02,VUS
2974899,2025-08-18,VUS,2025-08-23,VUS
2974938,2023-11-07,VUS,2023-11-07,VUS
2975013,2023-01-10,LB,2023-01-10,LB
2975038,2023-12-10,LB,2023-12-10,LB
2975082,2023-06-14,LB,2023-06-14,LB
2975173,2023-03-08,LB,2023-03-08,LB
2975387,2024-01-25,LB,2024-01-25,LB
2975392,2023-11-08,LB,2023-11-08,LB
2975450,2023-08-29,LB,2023-08-29,LB
2975587,2025-07-10,LB,2025-07-10,LB
2975829,2025-08-24,LB,2025-08-24,LB
2975834,2023-09-21,LB,2023-09-21,LB
2975851,2023-05-23,LB,2023-05-23,LB
2975852,2023-09-09,LB,2023-09-09,LB
2976047,2023-03-28,LB,2023-03-28,LB
2976075,2023-10-14,LB,2023-10-14,LB
2976193,2024-03-21,LB,2024-03-21,LB
2976213,2024-10-22,VUS,2025-09-10,VUS
2976298,2023-11-28,LB,2023-11-28,LB
2976401,2023-10-22,LB,2023-10-22,LB
2976707,2023-10-09,LB,2023-10-09,LB
2976798,2024-04-01,VUS,2024-04-01,VUS
2976955,2023-09-25,VUS,2023-09-25,VUS
2976965,2023-02-09,LB,2023-02-09,LB
2977150,2023-09-24,LB,2023-09-24,LB
2977163,2023-10-28,LB,2023-10-28,LB
2977431,2023-05-25,LB,2023-05-25,LB
2977467,2023-01-30,LB,2023-01-30,LB
2977543,2024-02-02,VUS,2024-02-02,VUS
2977567,2022-12-30,VUS,2022-12-30,VUS
2977867,2023-06-09,LB,2023-06-09,LB
2978025,2023-04-12,LB,2023-04-12,LB
2978202,2023-09-19,VUS,2023-09-19,VUS
2978288,2025-03-24,VUS,2025-03-24,VUS
2978344,2025-12-20,LB,2025-12-20,LB
2978731,2023-08-07,VUS,2025-09-26,VUS
2978868,2023-11-19,VUS,2023-11-19,VUS
2978946,2025-08-30,LB,2025-08-30,LB
2979137,2023-01-25,LB,2023-01-25,LB
2979481,2023-04-16,LB,2023-04-16,LB
2979710,2025-06-12,LB,2025-06-12,LB
2979745,2023-10-18,LB,2023-10-18,LB
2979817,2024-12-29,LB,2024-12-29,LB
2980048,2023-05-01,VUS,2023-05-01,VUS
2980159,2024-07-07,LB,2024-07-07,LB
2980214,2023-11-17,VUS,2023-11-17,VUS
2980216,2023-12-13,LB,2023-12-13,LB
2980242,2024-01-11,LB,2024-01-11,LB
2980380,2023-11-28,LB,2023-11-28,LB
2980477,2023-06-23,LB,2023-06-23,LB
2980589,2024-05-08,VUS,2025-04-17,VUS
2980649,2023-12-30,VUS,2023-12-30,VUS
2980696,2023-11-15,VUS,2025-05-19,VUS
2980700,2024-01-03,VUS,2024-02-06,VUS
2980921,2023-11-18,LB,2023-11-18,LB
2981134,2023-10-22,LB,2023-10-22,LB
2981273,2022-11-07,LB,2022-11-07,LB
2981373,2023-03-27,LB,2023-03-27,LB
2981497,2023-08-03,LB,2023-08-03,LB
2981593,2023-05-31,LB,2023-05-31,LB
2981781,2023-07-14,LB,2023-07-14,LB
2982029,2025-12-01,VUS,2025-12-01,VUS
2982039,2023-11-13,LB,2023-11-13,LB
2982066,2023-02-07,LB,2023-02-07,LB
2982067,2023-09-24,LB,2023-09-24,LB
2982080,2024-01-24,VUS,2024-01-24,VUS
2982193,2023-12-19,VUS,2023-12-19,VUS
2982481,2023-03-26,LB,2023-03-26,LB
2982590,2024-02-01,VUS,2025-04-24,VUS
2982693,2023-03-18,LB,2023-03-18,LB
2982794,2025-12-30,B,2025-12-30,B
2983009,2024-01-06,VUS,2024-01-06,VUS
2983050,2024-04-10,VUS,2024-04-10,VUS
2983085,2025-02-27,VUS,2025-02-27,VUS
2983331,2023-12-06,LB,2023-12-06,LB
2983450,2023-11-24,LB,2023-11-24,LB
2983481,2024-06-14,LB,2024-06-14,LB
2983513,2023-01-07,VUS,2024-03-12,VUS
2983593,2025-06-12,LB,2025-06-12,LB
2983862,2025-10-03,LB,2025-10-03,LB
2984102,2023-11-25,LB,2023-11-25,LB
2984339,2024-05-23,VUS,2024-05-23,VUS
2984537,2023-01-18,LB,2023-01-18,LB
2984543,2023-11-22,P,2023-11-22,P
2984829,2025-07-27,LB,2025-07-27,LB
2984857,2024-06-19,LB,2024-06-19,LB
2985008,2023-12-17,LB,2023-12-17,LB
2985068,2023-05-15,LB,2023-05-15,LB
2985548,2023-10-14,LB,2023-10-14,LB
2985616,2025-05-30,LB,2025-05-30,LB
2985717,2023-10-08,LB,2023-10-08,LB
2985810,2024-01-13,VUS,2024-01-13,VUS
2985903,2023-04-06,VUS,2024-05-27,VUS
2985953,2025-07-27,LB,2025-07-27,LB
2986047,2024-03-05,VUS,2025-08-02,VUS
2986112,2023-10-17,VUS,2023-10-17,VUS
2986246,2023-11-17,LB,2023-11-17,LB
2986308,2024-01-04,VUS,2025-10-14,VUS
2986316,2023-02-24,LB,2023-02-24,LB
2987040,2025-09-04,VUS,2025-09-04,VUS
2987057,2023-05-15,LB,2023-05-15,LB
2987168,2023-01-20,LB,2023-01-20,LB
2987376,2023-07-24,LB,2023-07-24,LB
2987522,2024-11-06,LB,2024-11-06,LB
2987707,2023-12-09,LB,2023-12-09,LB
2987875,2023-12-01,LB,2023-12-01,LB
2987882,2024-09-27,LB,2024-09-27,LB
2987970,2023-12-01,LB,2023-12-01,LB
2988123,2025-10-21,LB,2025-10-21,LB
2988506,2023-12-25,LB,2023-12-25,LB
2988735,2024-03-02,LB,2024-03-02,LB
2988842,2023-12-17,LB,2023-12-17,LB
2988853,2023-01-03,LB,2023-01-03,LB
2989088,2023-03-09,LB,2023-03-09,LB
2989090,2023-02-18,LB,2023-02-18,LB
2989099,2023-12-06,LB,2023-12-06,LB
2989358,2023-10-14,LB,2023-10-14,LB
2989389,2024-01-31,LB,2024-01-31,LB
2989755,2023-05-29,LB,2023-05-29,LB
2989890,2024-02-04,LB,2024-02-04,LB
2989934,2025-04-22,LB,2026-02-01,LB
2990219,2023-10-13,LB,2023-10-13,LB
2990292,2022-11-29,LB,2022-11-29,LB
2990335,2023-07-31,VUS,2023-07-31,VUS
2990479,2023-03-24,LB,2023-03-24,LB
2991031,2025-11-09,LB,2025-11-09,LB
2991055,2023-03-14,LB,2023-03-14,LB
2991319,2023-04-26,LB,2023-04-26,LB
2991468,2024-01-24,LB,2024-01-24,LB
2991539,2023-10-25,LB,2023-10-25,LB
2991620,2024-12-09,LB,2024-12-09,LB
2991667,2025-11-24,LB,2025-11-24,LB
2991824,2025-10-14,LB,2025-10-14,LB
2991845,2023-03-17,LB,2023-03-17,LB
2991897,2023-11-02,LB,2023-11-02,LB
2992054,2023-11-06,LB,2023-11-06,LB
2992151,2023-05-05,VUS,2023-05-05,VUS
2992317,2023-10-27,LB,2023-10-27,LB
2992347,2023-07-19,LB,2023-07-19,LB
2992355,2023-08-09,LB,2023-08-09,LB
2992625,2023-08-30,VUS,2023-08-30,VUS
2992667,2024-01-04,LB,2024-01-04,LB
2992937,2023-08-04,LB,2023-08-04,LB
2992985,2023-11-29,LB,2023-11-29,LB
2993017,2022-11-20,LB,2022-11-20,LB
2993094,2023-07-13,LB,2023-07-13,LB
2993175,2023-12-15,VUS,2023-12-15,VUS
2993192,2025-12-15,LB,2025-12-15,LB
2993211,2022-12-07,VUS,2024-02-19,VUS
2993491,2022-10-14,VUS,2022-10-14,VUS
2993876,2023-09-08,LB,2023-09-08,LB
2994110,2023-02-16,LB,2023-02-16,LB
2994120,2023-12-14,LB,2023-12-14,LB
2994211,2023-06-04,VUS,2024-06-17,VUS
2994268,2023-11-10,LB,2023-11-10,LB
2994323,2023-08-28,LB,2023-08-28,LB
2994381,2023-10-11,VUS,2023-10-11,VUS
2994586,2023-01-11,VUS,2023-01-11,VUS
2994611,2026-01-11,LB,2026-01-11,LB
2994682,2023-12-12,LP,2023-12-12,LP
2994698,2023-07-16,LB,2023-07-16,LB
2994802,2023-02-21,LB,2023-02-21,LB
2995195,2023-06-20,LB,2023-06-20,LB
2995196,2023-05-30,LB,2023-05-30,LB
2995268,2023-09-22,VUS,2023-09-22,VUS
2995475,2026-01-14,LB,2026-01-14,LB
2995900,2023-09-01,LB,2023-09-01,LB
2995930,2022-12-21,VUS,2022-12-21,VUS
2996057,2024-11-27,LB,2024-11-27,LB
2996197,2023-11-27,LB,2023-11-27,LB
2996307,2023-11-02,VUS,2023-11-02,VUS
2996323,2024-01-08,LB,2024-01-08,LB
2996739,2023-03-20,LB,2023-03-20,LB
2996940,2024-01-07,VUS,2024-01-07,VUS
2997060,2022-11-23,LB,2022-11-23,LB
2997162,2025-06-02,LB,2025-06-02,LB
2997206,2023-05-17,LB,2023-05-17,LB
2997423,2023-09-08,LB,2023-09-08,LB
2997440,2023-12-21,LB,2023-12-21,LB
2997518,2023-12-30,LB,2023-12-30,LB
2997579,2023-09-26,LB,2023-09-26,LB
2997624,2024-10-30,VUS,2025-11-03,VUS
2997640,2024-12-25,VUS,2025-12-22,VUS
2997673,2023-08-06,LB,2023-08-06,LB
2997884,2023-10-20,VUS,2023-10-20,VUS
2997937,2026-01-24,LB,2026-01-24,LB
2997950,2023-07-12,LB,2023-07-12,LB
2998039,2022-12-31,VUS,2024-05-08,VUS
2998054,2025-06-12,VUS,2025-06-12,VUS
2998117,2023-02-08,VUS,2023-02-08,VUS
2998220,2023-03-26,LB,2023-03-26,LB
2998557,2023-01-28,VUS,2023-01-28,VUS
2998585,2025-11-09,LB,2025-11-09,LB
2998729,2023-12-06,LB,2023-12-06,LB
2998926,2023-10-19,LB,2023-10-19,LB
2999082,2023-12-28,LB,2023-12-28,LB
2999153,2023-10-06,LB,2023-10-06,LB
2999248,2023-09-05,LB,2023-09-05,LB
2999285,2023-01-09,LB,2023-01-09,LB
2999576,2023-12-01,LB,2023-12-01,LB
2999761,2023-11-21,LB,2023-11-21,LB
2999891,2026-01-05,LB,2026-01-05,LB
2999899,2025-11-04,VUS,2025-11-04,VUS
2999910,2023-08-11,LB,2023-08-11,LB
3000474,2022-01-01,LB,2025-05-17,LB
3000819,2023-09-05,VUS,2023-09-05,VUS
3000834,2025-11-13,LB,2025-11-13,LB
3000926,2023-12-27,VUS,2025-10-02,VUS
3000939,2023-03-11,LB,2023-03-11,LB
3001090,2023-06-09,VUS,2023-06-09,VUS
3001161,2023-05-09,VUS,2023-05-09,VUS
3001284,2024-12-04,LB,2024-12-04,LB
3001363,2023-10-18,LB,2023-10-18,LB
3001428,2025-09-30,VUS,2025-10-08,VUS
3001665,2025-04-17,VUS,2025-04-17,VUS
3001703,2023-01-03,LB,2023-01-03,LB
3001766,2025-06-15,LB,2025-06-15,LB
3001902,2023-11-08,LB,2023-11-08,LB
3001920,2025-09-16,LB,2025-09-16,LB
3002050,2023-09-09,LB,2023-09-09,LB
3002271,2025-07-21,LB,2025-07-21,LB
3002296,2023-01-31,LB,2023-01-31,LB
3002354,2023-04-28,LB,2023-04-28,LB
3002421,2023-03-03,VUS,2023-03-03,VUS
3002516,2024-08-06,LB,2024-08-06,LB
3002759,2024-04-23,LB,2024-04-23,LB
3002795,2023-10-12,LB,2023-10-12,LB
3002863,2023-05-30,LB,2023-05-30,LB
3002992,2024-01-20,VUS,2024-01-20,VUS
3003559,2023-11-24,LB,2023-11-24,LB
3003568,2023-08-01,LB,2023-08-01,LB
3003619,2023-02-16,LB,2023-02-16,LB
3003765,2023-07-12,LB,2023-07-12,LB
3003833,2023-02-08,LP,2023-02-08,LP
3004666,2025-01-23,LB,2025-10-17,LB
3004747,2023-12-12,LB,2023-12-12,LB
3005036,2023-06-05,LB,2023-06-05,LB
3005257,2025-12-28,LB,2025-12-28,LB
3005417,2023-08-05,VUS,2023-08-05,VUS
3005496,2023-07-07,LB,2023-07-07,LB
3006107,2022-12-15,VUS,2022-12-15,VUS
3006122,2025-12-26,VUS,2025-12-26,VUS
3006223,2024-05-28,VUS,2025-02-16,VUS
3006341,2023-12-02,LB,2023-12-02,LB
3006468,2025-06-12,LB,2025-06-12,LB
3006516,2023-03-08,VUS,2024-06-16,VUS
3006524,2023-12-23,LB,2023-12-23,LB
3006742,2023-05-09,LB,2023-05-09,LB
3006743,2023-05-09,LB,2023-05-09,LB
3006865,2023-12-10,LB,2023-12-10,LB
3006983,2023-02-22,LP,2023-02-22,LP
3007228,2023-12-30,LB,2023-12-30,LB
3007270,2023-11-28,LB,2023-11-28,LB
3007277,2024-12-04,LB,2024-12-04,LB
3007286,2023-02-14,LB,2023-02-14,LB
3007307,2023-04-06,LB,2023-04-06,LB
3007341,2024-03-21,LB,2024-03-21,LB
3007664,2023-03-04,VUS,2023-03-04,VUS
3007994,2023-05-15,LB,2023-05-15,LB
3008015,2024-04-03,LB,2024-04-03,LB
3008033,2023-11-17,VUS,2025-01-19,VUS
3008054,2024-04-15,LB,2024-04-15,LB
3008097,2026-01-03,LB,2026-01-03,LB
3008102,2023-05-23,LB,2023-05-23,LB
3008189,2025-07-31,VUS,2025-07-31,VUS
3008213,2024-11-13,VUS,2024-11-13,VUS
3008508,2023-07-13,LB,2023-07-13,LB
3008542,2024-01-04,LB,2024-01-04,LB
3008562,2023-08-03,LB,2025-10-17,LB
3008848,2024-02-08,LB,2024-02-08,LB
3009127,2023-07-14,LB,2023-07-14,LB
3009567,2023-01-01,LB,2023-01-01,LB
3009844,2023-10-13,P,2026-01-22,P
3009892,2024-02-19,LB,2024-02-19,LB
3009917,2022-11-29,LP,2022-11-29,LP
3009973,2023-09-06,LB,2023-09-06,LB
3010006,2022-12-20,LB,2022-12-20,LB
3010146,2024-11-29,VUS,2024-11-29,VUS
3010172,2023-05-23,VUS,2023-12-31,VUS
3010409,2023-03-15,LB,2023-03-15,LB
3010697,2023-11-17,LB,2023-11-17,LB
3010879,2022-11-23,LB,2022-11-23,LB
3011049,2023-06-29,LB,2023-06-29,LB
3011203,2023-08-14,LB,2023-08-14,LB
3011451,2024-01-11,VUS,2025-06-07,VUS
3011587,2023-05-07,LB,2023-05-07,LB
3011723,2025-02-24,LB,2025-02-24,LB
3011732,2024-01-13,LB,2024-01-13,LB
3012183,2023-12-21,LB,2023-12-21,LB
3012199,2026-01-21,LB,2026-01-21,LB
3012317,2023-07-10,LB,2023-07-10,LB
3012471,2024-03-16,LB,2024-03-16,LB
3012543,2023-08-21,B,2023-08-21,B
3012686,2023-01-21,LB,2023-01-21,LB
3012719,2024-06-03,VUS,2024-06-03,VUS
3012731,2023-10-07,LB,2023-10-07,LB
3012765,2023-01-25,VUS,2023-01-25,VUS
3012808,2023-01-17,LB,2023-01-17,LB
3012975,2024-08-31,LB,2024-08-31,LB
3013086,2024-04-15,LB,2024-04-15,LB
3013331,2025-06-12,LB,2025-06-12,LB
3013346,2023-11-13,VUS,2023-11-13,VUS
3013470,2024-06-10,LB,2024-06-10,LB
3013535,2023-07-17,LB,2023-07-17,LB
3013767,2026-01-05,LB,2026-01-05,LB
3013864,2024-10-15,VUS,2025-09-30,VUS
3013917,2023-11-13,VUS,2023-11-13,VUS
3014104,2023-11-01,LB,2023-11-01,LB
3014158,2023-10-03,LB,2025-04-22,LB
3014240,2023-12-22,LB,2023-12-22,LB
3014271,2025-07-30,LB,2025-07-30,LB
3014307,2025-09-10,B,2025-09-10,B
3014541,2025-07-07,VUS,2025-07-07,VUS
3014663,2023-06-15,LB,2023-06-15,LB
3015009,2023-09-12,LB,2023-09-12,LB
3015040,2023-05-07,LB,2023-05-07,LB
3015041,2023-07-07,VUS,2023-07-07,VUS
3015255,2023-09-21,LB,2023-09-21,LB
3015307,2024-04-25,VUS,2025-06-12,VUS
3015860,2024-02-04,LB,2024-02-04,LB
3015880,2025-02-10,LB,2025-02-10,LB
3015932,2024-02-03,LB,2024-02-03,LB
3015947,2025-09-10,LB,2025-09-10,LB
3016127,2023-03-20,LB,2023-03-20,LB
3016131,2024-10-06,VUS,2024-10-06,VUS
3016136,2023-10-17,VUS,2025-07-02,VUS
3016168,2025-07-01,B,2025-07-01,B
3016330,2024-04-29,LP,2024-04-29,LP
3016466,2024-04-25,VUS,2024-04-25,VUS
3016583,2024-08-31,LB,2024-08-31,LB
3016852,2022-11-15,VUS,2022-11-15,VUS
3017655,2023-11-18,LB,2023-11-18,LB
3017699,2024-10-15,VUS,2024-10-15,VUS
3017844,2024-01-22,VUS,2024-01-22,VUS
3017907,2023-05-21,LP,2023-05-21,LP
3018011,2023-11-28,LB,2023-11-28,LB
3018110,2023-02-10,LB,2023-02-10,LB
3018312,2025-08-21,LB,2025-08-21,LB
3018324,2023-11-06,LB,2023-11-06,LB
3018376,2023-02-07,LB,2023-02-07,LB
3018450,2023-09-03,VUS,2023-09-03,VUS
3018803,2022-12-17,LB,2022-12-17,LB
3019248,2023-07-28,LB,2023-07-28,LB
3019281,2023-03-20,LB,2023-03-20,LB
3019299,2023-11-02,LB,2023-11-02,LB
3019482,2025-01-06,LB,2025-01-06,LB
3019531,2023-05-09,LB,2023-05-09,LB
3019632,2024-10-23,VUS,2024-10-23,VUS
3019698,2023-06-15,LB,2023-06-15,LB
3019747,2023-11-21,LB,2023-11-21,LB
3019882,2023-04-21,LB,2023-04-21,LB
3019906,2023-02-18,VUS,2024-03-25,VUS
3019922,2023-05-30,LB,2023-05-30,LB
3019982,2022-12-21,LB,2022-12-21,LB
3020339,2022-11-25,B,2022-11-25,B
3020475,2026-01-19,LB,2026-01-19,LB
3020866,2023-10-07,LB,2023-10-07,LB
3020974,2023-06-06,VUS,2023-12-05,VUS
3021073,2023-06-17,LB,2023-06-17,LB
3021123,2024-04-29,VUS,2024-04-29,VUS
3021370,2023-10-05,LB,2023-10-05,LB
3021380,2023-12-21,LB,2023-12-21,LB
3021475,2023-02-03,LB,2023-02-03,LB
3021530,2024-10-17,LB,2024-10-17,LB
3021554,2023-08-30,LB,2023-08-30,LB
3021559,2023-04-24,LB,2023-04-24,LB
3021750,2025-12-02,LB,2025-12-02,LB
3021807,2023-11-18,VUS,2023-11-18,VUS
3022044,2023-09-18,VUS,2023-09-18,VUS
3022078,2024-01-11,LB,2024-01-11,LB
3022094,2025-03-24,LB,2025-03-24,LB
3022113,2024-01-15,LB,2024-01-15,LB
3022145,2025-09-22,LB,2025-09-22,LB
3022466,2022-12-15,VUS,2025-09-30,VUS
3022707,2023-12-28,LB,2023-12-28,LB
3022711,2023-01-16,LB,2023-01-16,LB
3022812,2024-03-05,LB,2024-03-05,LB
3023151,2025-05-07,LB,2025-05-07,LB
3023256,2023-08-17,LB,2023-08-17,LB
3023272,2023-10-11,LB,2023-10-11,LB
3023307,2023-01-24,VUS,2023-01-24,VUS
3023447,2023-06-29,VUS,2023-06-29,VUS
3023638,2026-01-09,LB,2026-01-09,LB
3023675,2024-07-12,LB,2024-07-12,LB
3023841,2025-06-10,LB,2025-06-10,LB
3023863,2023-05-14,LB,2023-05-14,LB
3024171,2024-02-22,VUS,2024-02-22,VUS
3024631,2024-01-01,P,2024-01-01,P
3026262,2024-01-01,LB,2025-10-02,LB
3026506,2023-12-01,P,2023-12-01,P
3026625,2023-12-01,VUS,2024-01-09,VUS
3026767,2024-01-01,LB,2024-01-01,LB
3027329,2024-02-01,VUS,2024-02-01,VUS
3029256,2024-01-15,VUS,2024-03-18,VUS
3029530,2021-11-23,LB,2021-11-23,LB
3030013,2021-01-04,LB,2025-11-18,LB
3030797,2024-02-20,VUS,2024-02-20,VUS
3030962,2023-11-07,VUS,2025-12-15,VUS
3030966,2024-01-10,VUS,2024-01-10,VUS
3031549,2023-10-26,LP,2023-10-26,LP
3031691,2023-10-24,VUS,2024-06-23,VUS
3031966,2024-02-20,LB,2024-02-20,LB
3032663,2024-02-20,LB,2024-02-20,LB
3033275,2022-05-06,LB,2022-05-06,LB
3034485,2022-05-06,LB,2022-05-06,LB
3035687,2024-07-15,LB,2024-07-15,LB
3037373,2022-12-22,LB,2022-12-22,LB
3037561,2023-12-23,VUS,2023-12-23,VUS
3037719,2023-11-28,LP,2024-04-29,LP
3039415,2024-01-25,LP,2024-01-25,LP
3039764,2023-04-21,LB,2023-04-21,LB
3044676,2024-02-21,LP,2025-03-22,LP
3044739,2023-09-19,LB,2023-09-19,LB
3045042,2019-10-30,LB,2019-10-30,LB
3045451,2023-11-22,VUS,2023-11-22,VUS
3045717,2024-01-22,VUS,2025-11-03,VUS
3045925,2019-11-12,LB,2019-11-12,LB
3048555,2019-12-05,LB,2019-12-05,LB
3048766,2019-12-05,LB,2019-12-05,LB
3048986,2023-10-20,VUS,2025-05-26,VUS
3050542,2023-12-12,VUS,2023-12-12,VUS
3050978,2024-02-13,LB,2024-02-13,LB
3053409,2023-06-01,LB,2023-06-01,LB
3054004,2023-11-08,LB,2023-11-08,LB
3054728,2020-04-07,LB,2020-04-07,LB
3054997,2023-07-19,LB,2025-06-23,LB
3055280,2019-05-01,LB,2019-05-01,LB
3055593,2023-08-30,LB,2023-08-30,LB
3057426,2024-02-16,LB,2024-02-16,LB
3058015,2019-04-05,LB,2019-04-05,LB
3058212,2019-03-01,LB,2019-03-01,LB
3059930,2022-04-18,LB,2022-04-18,LB
3061101,2024-02-22,VUS,2024-02-22,VUS
3061496,2023-10-26,VUS,2023-10-26,VUS
3061655,2023-11-20,VUS,2023-11-20,VUS
3061740,2023-11-02,LB,2025-03-06,LB
3061864,2023-06-28,VUS,2023-06-28,VUS
3061879,2022-03-31,P,2022-03-31,P
3061881,2022-07-15,LP,2022-07-15,LP
3061892,2023-06-23,LP,2023-06-23,LP
3061894,2023-07-18,VUS,2023-07-18,VUS
3061902,2023-07-17,LP,2023-07-26,LP
3061905,2021-09-23,LP,2021-09-23,LP
3061911,2023-08-17,LP,2023-08-17,LP
3062339,2023-10-31,VUS,2023-10-31,VUS
3063606,2024-01-22,LB,2024-01-22,LB
3063639,2024-01-23,VUS,2025-09-30,VUS
3063665,2024-01-24,LP,2025-09-30,LP
3063798,2024-01-08,VUS,2024-01-08,VUS
3063799,2024-01-08,LB,2024-01-08,LB
3063803,2024-01-08,VUS,2024-01-08,VUS
3063839,2024-01-11,LB,2025-06-12,LB
3063840,2024-01-11,VUS,2024-01-11,VUS
3063841,2024-01-11,P,2025-07-29,P
3063845,2024-01-11,LB,2024-01-11,LB
3063846,2024-01-11,LB,2024-01-11,LB
3063867,2024-01-12,VUS,2024-01-12,VUS
3063868,2024-01-12,VUS,2025-09-26,VUS
3063977,2024-01-18,LB,2024-01-18,LB
3064007,2024-01-19,VUS,2024-01-19,VUS
3064726,2024-03-29,P,2024-03-29,P
3064785,2024-03-29,LP,2024-03-29,LP
3064820,2024-03-25,LP,2024-03-25,LP
3064834,2024-03-25,VUS,2024-03-25,VUS
3064922,2024-03-25,VUS,2024-03-25,VUS
3064945,2024-03-25,LP,2024-03-25,LP
3064968,2024-03-25,VUS,2024-03-25,VUS
3065051,2024-03-25,VUS,2024-03-25,VUS
3065545,2024-03-26,VUS,2024-03-26,VUS
3065771,2024-03-29,LP,2024-03-29,LP
3066088,2023-06-02,LP,2023-06-02,LP
3066109,2023-07-04,VUS,2023-07-04,VUS
3066146,2023-06-27,VUS,2023-06-27,VUS
3066155,2023-05-09,VUS,2023-05-09,VUS
3066160,2023-08-07,LP,2023-08-07,LP
3066170,2024-02-07,VUS,2024-02-07,VUS
3066178,2023-10-31,P,2023-10-31,P
3066185,2023-10-04,VUS,2023-10-04,VUS
3066191,2024-03-06,VUS,2024-03-06,VUS
3066203,2022-11-02,LP,2022-11-02,LP
3066217,2022-12-12,LP,2022-12-12,LP
3066223,2022-07-27,VUS,2022-07-27,VUS
3066242,2024-02-09,LP,2024-02-09,LP
3066244,2024-02-12,LP,2024-02-12,LP
3066279,2024-03-04,LP,2024-03-04,LP
3066280,2023-04-28,LP,2024-01-04,LP
3066289,2024-02-15,VUS,2024-02-15,VUS
3066299,2023-08-18,LP,2025-08-25,LP
3066304,2022-07-11,P,2022-07-11,P
3066309,2023-05-04,LP,2023-05-04,LP
3066320,2022-07-19,LP,2022-07-19,LP
3066334,2023-11-23,VUS,2023-11-23,VUS
3066343,2023-01-06,P,2023-01-06,P
3066345,2022-01-26,P,2022-01-26,P
3066356,2021-10-14,P,2021-10-14,P
3066363,2023-09-19,LP,2023-09-19,LP
3066378,2022-03-01,P,2022-03-01,P
3066382,2021-12-22,LP,2021-12-22,LP
3067369,2024-03-01,LB,2024-03-01,LB
3067625,2024-03-01,VUS,2025-01-31,VUS
3067683,2024-03-01,VUS,2024-03-01,VUS
3067808,2024-01-30,VUS,2024-03-01,VUS
3067826,2024-04-04,LP,2024-04-04,LP
3068237,2024-04-04,VUS,2024-04-04,VUS
3068272,2024-04-04,LP,2024-04-04,LP
3068320,2021-08-20,LP,2021-08-20,LP
3068332,2023-09-05,VUS,2023-09-05,VUS
3068337,2021-09-16,LP,2021-09-16,LP
3068348,2023-04-05,VUS,2023-04-05,VUS
3068358,2023-02-20,LP,2023-02-20,LP
3068375,2022-03-10,LP,2022-03-10,LP
3068397,2023-04-14,P,2023-04-14,P
3068581,2023-11-05,LP,2023-11-05,LP
3068585,2022-12-23,LP,2022-12-23,LP
3068625,2024-01-05,LP,2024-09-23,LP
3068630,2023-03-30,VUS,2023-03-30,VUS
3068775,2023-12-27,VUS,2024-02-14,VUS
3095938,2024-01-09,VUS,2024-01-09,VUS
3095939,2023-12-14,VUS,2025-10-21,VUS
3095940,2023-12-28,VUS,2025-12-13,VUS
3095941,2024-01-04,VUS,2024-11-28,VUS
3095942,2025-12-15,VUS,2025-12-15,VUS
3095943,2025-12-15,VUS,2025-12-15,VUS
3095944,2023-12-09,VUS,2023-12-09,VUS
3095945,2023-12-15,VUS,2023-12-15,VUS
3095946,2023-10-10,VUS,2023-10-10,VUS
3095947,2023-11-10,VUS,2023-11-10,VUS
3095949,2024-01-03,VUS,2024-01-03,VUS
3095950,2024-02-12,VUS,2025-09-10,VUS
3095952,2023-12-11,VUS,2023-12-11,VUS
3095954,2023-09-22,VUS,2023-09-22,VUS
3095955,2023-09-26,VUS,2023-09-26,VUS
3095956,2023-10-20,VUS,2023-10-20,VUS
3095957,2024-01-19,VUS,2024-03-13,VUS
3095958,2024-01-03,VUS,2024-01-03,VUS
3095959,2023-10-05,VUS,2024-05-07,VUS
3095960,2024-02-06,VUS,2024-02-06,VUS
3095962,2024-01-09,VUS,2024-01-09,VUS
3135982,2024-02-28,VUS,2024-02-28,VUS
3135983,2024-01-23,VUS,2024-01-23,VUS
3135984,2023-10-17,VUS,2023-10-17,VUS
3135985,2023-12-12,VUS,2023-12-12,VUS
3135986,2023-11-20,VUS,2023-11-20,VUS
3135987,2023-12-28,VUS,2023-12-28,VUS
3135988,2024-01-23,VUS,2024-01-23,VUS
3135989,2024-01-23,VUS,2025-08-14,VUS
3140599,2023-10-02,VUS,2023-10-02,VUS
3143792,2023-11-02,VUS,2023-11-02,VUS
3143793,2024-01-12,VUS,2025-02-20,VUS
3143795,2024-03-07,VUS,2024-03-07,VUS
3143797,2023-12-04,LB,2023-12-04,LB
3143823,2024-03-01,VUS,2024-03-01,VUS
3143824,2023-09-20,VUS,2023-09-20,VUS
3143825,2023-10-29,LB,2024-11-28,LB
3143826,2023-09-22,VUS,2023-09-22,VUS
3143828,2023-11-21,VUS,2023-11-21,VUS
3143829,2024-01-09,VUS,2024-01-09,VUS
3143830,2024-02-27,VUS,2024-06-24,VUS
3143831,2024-01-02,VUS,2024-01-04,VUS
3143832,2023-10-04,VUS,2026-02-01,VUS
3143833,2022-10-03,VUS,2022-10-03,VUS
3143834,2021-10-20,VUS,2021-10-20,VUS
3143835,2024-01-08,VUS,2024-01-08,VUS
3143836,2023-10-06,VUS,2024-07-24,VUS
3143837,2023-12-13,LB,2023-12-13,LB
3143838,2024-01-03,VUS,2024-01-03,VUS
3147592,2023-12-04,VUS,2023-12-04,VUS
3147593,2023-10-20,VUS,2026-01-17,VUS
3147594,2024-10-21,LP,2024-10-21,LP
3147595,2024-02-14,VUS,2024-02-14,VUS
3147599,2024-01-04,VUS,2024-01-04,VUS
3147600,2023-12-27,VUS,2023-12-27,VUS
3147601,2023-10-27,VUS,2023-10-27,VUS
3147605,2023-10-03,VUS,2023-10-03,VUS
3147606,2024-02-21,P,2024-02-21,P
3147608,2024-01-03,VUS,2024-01-03,VUS
3147609,2024-01-05,P,2024-01-05,P
3147610,2024-02-09,LP,2024-02-09,LP
3147612,2023-10-05,VUS,2023-10-05,VUS
3147613,2023-11-20,P,2024-06-27,P
3147616,2023-12-19,VUS,2023-12-19,VUS
3147617,2023-10-13,VUS,2023-10-13,VUS
3147618,2023-11-14,VUS,2024-10-09,VUS
3147620,2024-01-24,VUS,2024-01-24,VUS
3147621,2024-01-17,VUS,2024-01-17,VUS
3147622,2023-12-26,VUS,2023-12-26,VUS
3147623,2024-02-06,VUS,2024-02-06,VUS
3147624,2021-11-30,VUS,2021-11-30,VUS
3147626,2024-02-21,VUS,2024-02-21,VUS
3147627,2023-10-02,VUS,2023-10-02,VUS
3147628,2023-10-25,LB,2023-10-25,LB
3147629,2024-01-22,VUS,2024-01-22,VUS
3147630,2023-11-17,VUS,2023-11-17,VUS
3147632,2024-02-13,VUS,2024-02-13,VUS
3147633,2023-12-17,VUS,2023-12-17,VUS
3147634,2023-10-16,VUS,2023-10-16,VUS
3147635,2023-12-13,VUS,2023-12-13,VUS
3233700,2024-03-28,VUS,2024-03-28,VUS
3233713,2024-03-28,LB,2024-03-28,LB
3233820,2024-03-21,VUS,2024-03-21,VUS
3233853,2025-04-15,VUS,2025-04-15,VUS
3233854,2024-03-20,VUS,2024-03-20,VUS
3233959,2024-03-14,VUS,2024-03-14,VUS
3233961,2024-03-14,VUS,2024-03-14,VUS
3234030,2023-02-15,P,2024-10-09,P
3234033,2024-01-16,VUS,2024-01-16,VUS
3234076,2021-12-08,P,2021-12-08,P
3234088,2023-09-27,LP,2023-09-27,LP
3234095,2021-07-20,P,2021-07-20,P
3234099,2022-08-31,LP,2025-01-29,LP
3234106,2022-03-11,LP,2022-03-11,LP
3234114,2021-08-12,LP,2021-08-12,LP
3234581,2024-04-01,LP,2024-04-01,LP
3234595,2024-03-01,LB,2024-03-01,LB
3234839,2024-04-01,VUS,2024-04-01,VUS
3235195,2022-07-18,LP,2022-07-18,LP
3235208,2022-12-09,LP,2022-12-09,LP
3235211,2021-09-28,LP,2021-09-28,LP
3235212,2023-10-10,LP,2023-10-10,LP
3235213,2022-11-24,LP,2022-11-24,LP
3235253,2024-03-12,LP,2024-03-12,LP
3235870,2024-01-30,LP,2025-07-16,LP
3235969,2022-03-30,P,2022-03-30,P
3235987,2023-10-10,VUS,2023-10-10,VUS
3235992,2022-11-18,LP,2022-11-18,LP
3235996,2023-12-07,VUS,2025-09-26,VUS
3236014,2021-09-10,VUS,2025-11-11,VUS
3236022,2023-03-03,VUS,2023-03-03,VUS
3236026,2024-01-11,LP,2024-01-11,LP
3236031,2023-05-15,LP,2023-05-15,LP
3236033,2022-08-29,LP,2022-08-29,LP
3236037,2021-10-14,P,2021-10-14,P
3236042,2023-05-09,LP,2023-05-09,LP
3236055,2021-08-27,P,2021-08-27,P
3236056,2022-01-10,P,2022-01-10,P
3236067,2023-10-26,VUS,2025-11-26,VUS
3236071,2023-11-02,LP,2023-11-02,LP
3236080,2023-07-26,LP,2023-07-26,LP
3236081,2023-09-26,LP,2025-08-26,LP
3236110,2024-01-30,VUS,2024-01-30,VUS
3236114,2023-11-22,P,2023-11-22,P
3236133,2022-09-01,LP,2022-09-01,LP
3236151,2023-06-15,LP,2024-05-11,LP
3236204,2023-03-08,LP,2023-03-08,LP
3236206,2023-09-19,LP,2025-09-04,LP
3236210,2022-11-28,LP,2022-11-28,LP
3236211,2021-10-12,P,2021-10-12,P
3236218,2022-06-28,LP,2022-06-28,LP
3236219,2023-10-19,LP,2023-10-19,LP
3236223,2023-02-28,LP,2023-02-28,LP
3236227,2022-01-12,P,2022-01-12,P
3236228,2022-10-19,P,2025-09-01,P
3236229,2024-01-02,VUS,2024-01-02,VUS
3236230,2023-11-03,LP,2023-11-03,LP
3236235,2024-01-04,P,2024-01-04,P
3236244,2023-10-18,P,2023-10-18,P
3236246,2023-05-09,P,2023-05-09,P
3236248,2022-09-23,LP,2022-09-23,LP
3236257,2024-01-19,VUS,2024-01-19,VUS
3236264,2024-02-21,P,2024-02-21,P
3236349,2024-01-05,P,2024-01-05,P
3236354,2024-03-08,LP,2024-03-08,LP
3236369,2024-02-09,LP,2024-03-06,LP
3236385,2022-04-12,P,2022-04-12,P
3236754,2024-03-19,LP,2024-03-19,LP
3236781,2022-06-07,VUS,2022-06-07,VUS
3236784,2021-12-06,VUS,2021-12-06,VUS
3236794,2021-08-26,VUS,2021-08-26,VUS
3236801,2023-02-24,LP,2023-02-24,LP
3236817,2024-01-19,LP,2024-01-19,LP
3237399,2024-02-27,VUS,2025-10-02,VUS
3237405,2024-04-17,VUS,2024-04-17,VUS
3239610,2024-05-01,LB,2024-05-01,LB
3242004,2024-12-12,VUS,2024-12-12,VUS
3242048,2025-11-03,VUS,2025-11-03,VUS
3242627,2023-10-23,VUS,2023-10-23,VUS
3242628,2023-03-23,VUS,2023-03-23,VUS
3242629,2023-10-05,VUS,2023-10-05,VUS
3242630,2023-01-28,VUS,2023-01-28,VUS
3246221,2023-10-22,P,2023-10-22,P
3246233,2022-11-14,P,2022-11-14,P
3246244,2023-02-03,P,2023-02-03,P
3246255,2023-03-04,P,2023-03-04,P
3246266,2023-02-21,P,2023-02-21,P
3246277,2023-04-11,P,2023-04-11,P
3246288,2019-11-02,VUS,2019-11-02,VUS
3246299,2023-05-16,VUS,2023-05-16,VUS
3246310,2023-05-20,VUS,2023-05-20,VUS
3246321,2022-11-10,P,2022-11-10,P
3246332,2023-05-02,P,2023-05-02,P
3246496,2023-04-09,VUS,2023-04-09,VUS
3246704,2023-10-22,VUS,2023-10-22,VUS
3247436,2023-04-28,P,2023-04-28,P
3247437,2023-07-18,VUS,2023-07-18,VUS
3247438,2023-10-04,P,2023-10-04,P
3247439,2023-08-22,P,2023-08-22,P
3247440,2021-05-23,LP,2021-05-23,LP
3247441,2021-01-22,LP,2021-01-22,LP
3247442,2023-04-07,P,2023-04-07,P
3247443,2023-04-22,P,2023-04-22,P
3247444,2023-03-22,P,2023-03-22,P
3247445,2023-09-01,P,2023-09-01,P
3247448,2023-04-22,VUS,2023-04-22,VUS
3247449,2023-03-01,P,2023-03-01,P
3247450,2023-03-26,P,2023-03-26,P
3247451,2023-02-18,P,2023-02-18,P
3247452,2023-02-01,P,2023-02-01,P
3247453,2023-09-10,P,2023-09-10,P
3247454,2023-06-10,P,2023-06-10,P
3247455,2023-08-07,VUS,2023-08-07,VUS
3247456,2023-12-22,VUS,2023-12-22,VUS
3247620,2023-12-19,VUS,2023-12-19,VUS
3247877,2023-10-05,VUS,2023-10-05,VUS
3247941,2023-06-14,VUS,2023-06-14,VUS
3248019,2023-04-07,VUS,2023-04-07,VUS
3249247,2022-01-01,VUS,2025-10-02,VUS
3249283,2022-01-01,VUS,2022-01-01,VUS
3249300,2022-01-01,VUS,2022-01-01,VUS
3249396,2022-01-01,P,2022-01-01,P
3249493,2023-01-01,VUS,2023-01-01,VUS
3249519,2023-01-01,VUS,2023-01-01,VUS
3249605,2023-01-01,VUS,2023-01-01,VUS
3249680,2023-01-01,VUS,2024-12-02,VUS
3249690,2023-01-01,P,2023-01-01,P
3250380,2024-05-01,LP,2024-05-01,LP
3251095,2024-08-01,VUS,2024-08-01,VUS
3251374,2024-04-10,VUS,2024-04-10,VUS
3251375,2024-03-29,LP,2025-03-03,LP
3251428,2024-04-08,VUS,2024-04-08,VUS
3251565,2024-04-03,VUS,2024-04-03,VUS
3251593,2024-04-02,VUS,2024-04-02,VUS
3251825,2024-04-22,VUS,2024-04-22,VUS
3251830,2024-04-19,VUS,2024-04-19,VUS
3251895,2024-04-17,LP,2024-04-19,LP
3252034,2024-05-28,LP,2025-07-13,LP
3252216,2023-12-12,VUS,2023-12-12,VUS
3252629,2023-07-20,VUS,2023-07-20,VUS
3252741,2023-10-19,VUS,2023-10-19,VUS
3252853,2024-07-15,VUS,2024-07-15,VUS
3253160,2023-11-22,VUS,2024-06-14,VUS
3254565,2022-06-24,P,2022-06-24,P
3254615,2022-02-02,P,2022-02-02,P
3254628,2022-02-02,P,2022-02-02,P
3254631,2023-07-17,P,2023-07-17,P
3254648,2025-10-20,LP,2025-10-20,LP
3254670,2024-09-20,VUS,2024-09-20,VUS
3254671,2024-09-19,VUS,2024-09-19,VUS
3254905,2022-07-01,LP,2022-07-01,LP
3255135,2022-03-31,P,2022-03-31,P
3255147,2023-07-17,VUS,2023-07-17,VUS
3255149,2024-10-08,VUS,2024-10-08,VUS
3255166,2024-09-19,LP,2024-09-19,LP
3255169,2023-07-16,P,2023-07-16,P
3255174,2023-07-17,P,2023-07-17,P
3255182,2022-02-02,LP,2022-02-02,LP
3255205,2024-09-19,P,2024-09-19,P
3255208,2024-10-08,P,2024-10-08,P
3255209,2023-12-21,P,2023-12-21,P
3255212,2024-09-21,LP,2024-09-21,LP
3255274,2024-07-15,B,2024-07-15,B
3256617,2024-06-28,LP,2025-11-11,LP
3256622,2024-03-22,LP,2024-03-22,LP
3256623,2024-04-04,LP,2024-04-04,LP
3256628,2024-04-17,LP,2024-04-17,LP
3256629,2024-04-26,VUS,2025-03-18,VUS
3256633,2024-05-08,VUS,2024-05-08,VUS
3256659,2024-03-20,P,2024-03-20,P
3256660,2024-04-11,VUS,2024-04-11,VUS
3256670,2024-03-27,VUS,2024-03-27,VUS
3256671,2024-04-03,LP,2025-09-04,LP
3256672,2024-04-03,LP,2024-04-03,LP
3256675,2024-04-16,VUS,2024-04-16,VUS
3256678,2024-04-24,VUS,2024-04-24,VUS
3256680,2024-01-19,LP,2025-08-19,LP
3256681,2024-06-04,P,2024-06-04,P
3256684,2024-04-26,VUS,2024-04-26,VUS
3256696,2024-05-17,P,2024-05-17,P
3256697,2024-05-28,LP,2024-05-28,LP
3256701,2024-06-12,LP,2024-06-12,LP
3256702,2024-05-08,LP,2024-05-08,LP
3256719,2024-07-13,VUS,2024-07-13,VUS
3256860,2024-07-03,VUS,2024-07-03,VUS
3256861,2024-04-30,P,2024-04-30,P
3256873,2024-04-03,LP,2024-04-03,LP
3256876,2024-06-12,LP,2024-06-12,LP
3256878,2024-04-24,LP,2026-01-27,LP
3256885,2024-06-03,LP,2024-06-03,LP
3256892,2024-07-04,LP,2024-07-04,LP
3256898,2024-07-12,P,2024-07-12,P
3256900,2024-06-27,P,2024-06-27,P
3256901,2024-07-02,VUS,2024-07-02,VUS
3257421,2024-07-01,VUS,2025-05-18,VUS
3257541,2024-07-01,P,2024-07-01,P
3258098,2024-05-27,VUS,2024-05-27,VUS
3262508,2024-03-28,VUS,2024-04-20,VUS
3262509,2024-04-15,VUS,2025-11-19,VUS
3264844,2024-05-08,VUS,2024-05-08,VUS
3266583,2024-04-24,VUS,2025-05-29,VUS
3266584,2024-05-02,VUS,2025-07-09,VUS
3266586,2024-06-16,VUS,2024-06-16,VUS
3266587,2024-02-12,VUS,2024-06-04,VUS
3266588,2024-04-17,VUS,2024-04-17,VUS
3266589,2024-05-14,VUS,2024-05-14,VUS
3266590,2024-05-21,VUS,2024-05-21,VUS
3266591,2024-05-26,VUS,2024-05-26,VUS
3266609,2024-04-06,VUS,2024-04-06,VUS
3266610,2024-04-15,VUS,2024-04-15,VUS
3266611,2024-03-20,VUS,2024-03-20,VUS
3268726,2024-03-28,VUS,2024-03-28,VUS
3268727,2024-05-02,VUS,2024-05-02,VUS
3268728,2024-05-14,VUS,2024-05-14,VUS
3268730,2024-05-07,VUS,2025-05-20,VUS
3268731,2024-04-08,VUS,2024-04-08,VUS
3268732,2024-05-22,VUS,2024-05-22,VUS
3268733,2024-05-06,VUS,2026-01-07,VUS
3268734,2024-05-08,VUS,2024-05-08,VUS
3268736,2024-06-16,VUS,2024-06-16,VUS
3268737,2024-06-16,VUS,2024-06-16,VUS
3268739,2024-05-30,VUS,2025-09-08,VUS
3268740,2024-03-19,VUS,2024-03-19,VUS
3279366,2024-04-06,LB,2024-04-06,LB
3279367,2024-05-08,VUS,2024-05-08,VUS
3279368,2024-05-13,VUS,2024-05-13,VUS
3279369,2024-05-23,VUS,2024-05-23,VUS
3279370,2024-05-26,VUS,2024-05-26,VUS
3279371,2024-06-04,VUS,2024-06-04,VUS
3279372,2024-06-16,LB,2024-06-16,LB
3279373,2024-06-17,VUS,2024-06-17,VUS
3279374,2024-06-08,VUS,2024-12-14,VUS
3279375,2024-06-18,VUS,2024-06-18,VUS
3314159,2024-05-07,VUS,2024-05-07,VUS
3336012,2024-05-13,LB,2024-05-13,LB
3336028,2024-05-13,LB,2024-05-13,LB
3336031,2024-05-13,VUS,2024-05-13,VUS
3336330,2024-05-28,LB,2024-05-28,LB
3336371,2024-05-26,VUS,2024-05-26,VUS
3336415,2024-05-22,LP,2025-03-03,LP
3336493,2024-05-20,VUS,2024-05-20,VUS
3336549,2024-04-12,VUS,2024-05-16,VUS
3337124,2024-02-29,VUS,2024-02-29,VUS
3337946,2025-09-08,LP,2025-09-08,LP
3337948,2022-11-10,LP,2022-11-10,LP
3337949,2022-05-27,VUS,2022-05-27,VUS
3337950,2023-08-01,VUS,2023-08-01,VUS
3337951,2022-08-02,VUS,2022-08-02,VUS
3337952,2023-10-05,VUS,2023-10-05,VUS
3338164,2026-03-12,VUS,2026-03-12,VUS
3338392,2024-07-31,P,2024-07-31,P
3338410,2024-07-16,LP,2024-07-16,LP
3338414,2024-08-09,LP,2024-08-09,LP
3338415,2024-08-07,P,2024-08-07,P
3338416,2024-08-15,VUS,2024-08-15,VUS
3338668,2024-08-28,LP,2024-08-28,LP
3338968,2024-07-10,VUS,2024-07-10,VUS
3338980,2024-07-10,VUS,2025-05-20,VUS
3339106,2024-07-05,VUS,2024-07-05,VUS
3339163,2024-07-03,VUS,2024-07-03,VUS
3339229,2024-07-01,VUS,2024-07-01,VUS
3339284,2024-07-29,VUS,2024-07-29,VUS
3339286,2024-07-29,VUS,2024-07-29,VUS
3339289,2024-07-29,VUS,2024-07-29,VUS
3339306,2024-07-27,LB,2024-07-27,LB
3339354,2024-07-24,VUS,2024-07-24,VUS
3339406,2024-07-22,VUS,2024-07-22,VUS
3339563,2024-06-13,VUS,2024-06-13,VUS
3339813,2024-06-24,VUS,2024-06-24,VUS
3340120,2024-09-10,LP,2024-09-10,LP
3340154,2024-08-31,LP,2024-08-31,LP
3341476,2023-05-20,VUS,2023-05-20,VUS
3341491,2023-05-20,VUS,2023-05-20,VUS
3341967,2024-01-09,LP,2024-08-01,LP
3342268,2024-09-02,VUS,2024-09-02,VUS
3342271,2024-08-29,LP,2024-08-29,LP
3342275,2024-09-04,LP,2024-09-04,LP
3342277,2024-09-02,VUS,2024-09-02,VUS
3342298,2024-08-23,LP,2024-08-23,LP
3342992,2023-04-06,VUS,2023-04-06,VUS
3344374,2024-06-02,LB,2024-06-02,LB
3344973,2024-05-09,VUS,2025-11-24,VUS
3345813,2024-03-27,VUS,2024-03-27,VUS
3345824,2024-04-06,LP,2024-04-06,LP
3345978,2024-08-15,LB,2024-08-15,LB
3346022,2024-04-03,VUS,2024-04-03,VUS
3346167,2024-06-08,P,2024-06-08,P
3346340,2024-08-21,VUS,2024-08-21,VUS
3346374,2024-09-03,P,2024-09-03,P
3346673,2024-07-29,VUS,2024-07-29,VUS
3347071,2024-06-03,LP,2025-09-04,LP
3347072,2024-07-24,VUS,2024-07-24,VUS
3347590,2024-03-27,VUS,2024-03-27,VUS
3347687,2024-06-11,VUS,2024-06-11,VUS
3347754,2024-03-27,VUS,2024-03-27,VUS
3347859,2024-09-23,LP,2024-09-23,LP
3347960,2024-06-12,VUS,2024-06-12,VUS
3348860,2024-04-03,LP,2024-04-03,LP
3351720,2024-04-11,VUS,2025-04-24,VUS
3351900,2024-01-03,VUS,2024-04-17,VUS
3352109,2024-07-08,VUS,2025-02-26,VUS
3353803,2019-04-15,LB,2019-04-15,LB
3354094,2024-05-08,VUS,2024-08-06,VUS
3354110,2024-09-26,LP,2024-09-26,LP
3354810,2024-07-26,VUS,2024-07-26,VUS
3355817,2024-09-13,VUS,2025-11-26,VUS
3355882,2024-08-28,VUS,2024-08-28,VUS
3356563,2024-05-28,P,2024-06-11,P
3356618,2024-05-07,VUS,2024-05-07,VUS
3356957,2024-02-04,P,2025-06-17,P
3357010,2024-05-14,VUS,2024-05-14,VUS
3357915,2024-04-27,LB,2024-04-27,LB
3358062,2023-10-27,VUS,2024-07-23,VUS
3358295,2024-08-06,VUS,2024-08-06,VUS
3358726,2024-09-27,LB,2024-09-27,LB
3358929,2024-09-18,LP,2024-09-18,LP
3359052,2024-08-12,LP,2024-08-12,LP
3359602,2023-06-12,VUS,2023-06-12,VUS
3359983,2023-06-21,VUS,2025-04-25,VUS
3360975,2023-07-14,VUS,2025-05-06,VUS
3361074,2023-07-14,VUS,2023-07-14,VUS
3361975,2023-05-26,VUS,2023-05-26,VUS
3362708,2024-09-22,LP,2024-09-22,LP
3363131,2024-10-13,VUS,2024-10-13,VUS
3363355,2023-10-27,VUS,2023-10-27,VUS
3363739,2023-11-01,VUS,2023-11-01,VUS
3364038,2023-11-14,VUS,2023-11-14,VUS
3364046,2023-11-14,VUS,2023-11-14,VUS
3364129,2023-11-09,VUS,2023-11-09,VUS
3364625,2023-11-28,VUS,2025-08-23,VUS
3364856,2023-11-29,VUS,2023-11-29,VUS
3365512,2023-12-21,VUS,2023-12-21,VUS
3365931,2024-01-02,VUS,2024-01-02,VUS
3366275,2023-10-20,VUS,2024-06-19,VUS
3366327,2024-08-12,VUS,2024-08-12,VUS
3366354,2024-08-29,VUS,2024-08-29,VUS
3366381,2024-08-08,VUS,2024-08-08,VUS
3366470,2024-08-06,VUS,2024-08-06,VUS
3366491,2024-08-05,VUS,2024-08-05,VUS
3366492,2024-08-05,VUS,2024-08-05,VUS
3366519,2024-08-02,LB,2024-08-02,LB
3366603,2024-08-31,VUS,2024-08-31,VUS
3366680,2024-08-21,VUS,2024-08-21,VUS
3366724,2024-08-19,VUS,2024-08-19,VUS
3366789,2024-08-14,VUS,2024-08-14,VUS
3367108,2023-05-20,VUS,2023-05-20,VUS
3367373,2024-01-22,LP,2024-01-22,LP
3367499,2024-01-18,VUS,2025-08-20,VUS
3367508,2024-01-04,VUS,2025-09-22,VUS
3367705,2024-01-12,VUS,2025-02-23,VUS
3367860,2024-01-17,VUS,2024-01-17,VUS
3368258,2024-01-25,VUS,2024-01-25,VUS
3368637,2024-02-05,VUS,2024-02-05,VUS
3369277,2024-02-15,P,2024-02-15,P
3369702,2024-02-28,VUS,2024-02-28,VUS
3369801,2024-02-27,VUS,2024-06-19,VUS
3369815,2024-04-22,VUS,2024-04-22,VUS
3370103,2024-01-07,VUS,2024-01-07,VUS
3370216,2024-01-04,VUS,2024-01-04,VUS
3370312,2024-10-01,LP,2024-10-01,LP
3370320,2024-09-10,LP,2024-10-30,LP
3370327,2024-10-07,VUS,2024-10-07,VUS
3370330,2024-10-15,LP,2024-10-15,LP
3370346,2024-09-25,VUS,2024-09-25,VUS
3370349,2024-09-24,LP,2024-09-24,LP
3370412,2024-10-31,LP,2024-10-31,LP
3370609,2024-03-11,VUS,2024-03-11,VUS
3370980,2024-03-15,VUS,2025-06-22,VUS
3371055,2023-12-22,LP,2025-08-21,LP
3371090,2024-04-08,VUS,2024-04-08,VUS
3371263,2024-02-14,VUS,2024-03-26,VUS
3372277,2024-04-10,VUS,2024-04-10,VUS
3372371,2024-04-15,VUS,2024-04-15,VUS
3372410,2024-05-23,VUS,2025-01-15,VUS
3373063,2024-01-20,VUS,2024-04-26,VUS
3373285,2024-05-03,VUS,2024-12-25,VUS
3373558,2024-03-06,VUS,2024-03-06,VUS
3373712,2025-12-30,P,2025-12-30,P
3374787,2024-09-15,LB,2024-09-15,LB
3374997,2024-09-09,VUS,2024-09-09,VUS
3375118,2024-09-03,LB,2024-09-03,LB
3375120,2024-09-03,LB,2024-09-03,LB
3375121,2024-09-03,LB,2024-09-03,LB
3375182,2024-02-20,VUS,2024-09-26,VUS
3375263,2024-09-24,VUS,2024-09-24,VUS
3375378,2024-09-19,LP,2024-09-19,LP
3375468,2024-11-12,LP,2024-11-12,LP
3375816,2024-04-26,VUS,2024-12-16,VUS
3376034,2024-05-02,VUS,2024-05-02,VUS
3376221,2022-06-16,VUS,2022-06-16,VUS
3376248,2023-04-21,VUS,2024-01-08,VUS
3376250,2023-07-05,VUS,2023-07-05,VUS
3376550,2025-02-05,P,2025-02-05,P
3376565,2020-06-11,VUS,2020-06-11,VUS
3376574,2022-02-02,LP,2022-02-02,LP
3376587,2025-06-30,LP,2025-06-30,LP
3376618,2023-07-16,LP,2023-07-16,LP
3376632,2022-09-02,LP,2022-09-02,LP
3376646,2022-02-02,P,2022-02-02,P
3376654,2022-02-02,LP,2022-02-02,LP
3376678,2022-02-02,LP,2025-06-03,LP
3376705,2023-12-21,LP,2023-12-21,LP
3376721,2023-07-16,VUS,2025-10-02,VUS
3376723,2023-07-17,LP,2023-07-17,LP
3376724,2023-07-17,VUS,2023-07-17,VUS
3376725,2023-07-17,LP,2023-07-17,LP
3376727,2023-07-17,VUS,2023-07-17,VUS
3376729,2023-07-17,LP,2024-05-13,LP
3376823,2024-09-23,VUS,2025-09-30,VUS
3376827,2024-09-22,LP,2024-09-22,LP
3376828,2024-09-19,LP,2024-09-19,LP
3376830,2023-12-21,LP,2025-03-24,LP
3376832,2024-05-16,LP,2024-09-21,LP
3376897,2022-02-02,LP,2022-02-02,LP
3377032,2024-10-09,P,2024-10-09,P
3377033,2024-10-11,LP,2024-10-11,LP
3377034,2024-10-10,VUS,2024-10-10,VUS
3377035,2024-10-09,LP,2024-10-09,LP
3377038,2024-10-10,VUS,2024-10-10,VUS
3377039,2024-10-09,LP,2024-10-09,LP
3377041,2024-10-08,P,2024-10-08,P
3377042,2024-10-09,P,2024-10-09,P
3377044,2024-10-09,LP,2024-10-09,LP
3377334,2024-10-09,VUS,2024-10-09,VUS
3377372,2020-05-21,P,2020-05-21,P
3377374,2020-05-26,LP,2020-05-26,LP
3377376,2020-05-25,P,2020-05-25,P
3377379,2020-05-25,VUS,2020-05-25,VUS
3377380,2020-10-19,VUS,2020-10-19,VUS
3377381,2024-09-21,LP,2025-05-15,LP
3377388,2022-02-02,LP,2025-04-19,LP
3377399,2022-06-24,LP,2022-06-24,LP
3377452,2020-06-11,VUS,2020-06-11,VUS
3377497,2022-09-02,LP,2022-09-02,LP
3377658,2023-06-22,VUS,2023-06-22,VUS
3377669,2023-06-22,LP,2023-06-22,LP
3377713,2023-06-22,VUS,2023-06-22,VUS
3378223,2025-09-26,VUS,2025-09-26,VUS
3379436,2023-12-21,VUS,2023-12-21,VUS
3380258,2023-08-21,VUS,2025-10-02,VUS
3380283,2023-08-30,VUS,2025-05-29,VUS
3380289,2023-11-07,VUS,2023-11-07,VUS
3380305,2023-12-04,VUS,2023-12-04,VUS
3380308,2023-07-07,VUS,2023-07-07,VUS
3380443,2024-02-14,VUS,2024-02-14,VUS
3380447,2024-09-11,VUS,2024-09-11,VUS
3380454,2023-11-13,VUS,2025-10-15,VUS
3380457,2024-01-03,VUS,2024-01-03,VUS
3380464,2024-03-02,VUS,2025-04-09,VUS
3380469,2024-07-01,VUS,2024-07-01,VUS
3380472,2024-03-05,VUS,2024-03-05,VUS
3380474,2024-05-15,VUS,2024-05-15,VUS
3380478,2024-04-10,VUS,2024-11-09,VUS
3380492,2023-08-09,VUS,2025-11-25,VUS
3380564,2024-06-20,VUS,2024-06-20,VUS
3380565,2024-03-28,VUS,2026-01-16,VUS
3380566,2024-09-16,VUS,2024-09-16,VUS
3380567,2024-05-14,VUS,2024-05-14,VUS
3380568,2024-08-19,VUS,2024-08-19,VUS
3380575,2023-07-06,VUS,2023-07-06,VUS
3380581,2024-08-21,VUS,2024-08-21,VUS
3380909,2023-12-05,LP,2023-12-05,LP
3380927,2024-08-07,P,2024-08-07,P
3380929,2024-04-17,LP,2024-06-11,LP
3380931,2023-11-06,LP,2023-11-06,LP
3380964,2024-01-30,LP,2024-01-30,LP
3381091,2024-03-05,LP,2024-05-31,LP
3381207,2024-11-19,LP,2024-11-19,LP
3381362,2024-05-24,VUS,2024-05-24,VUS
3381614,2024-05-20,VUS,2024-08-31,VUS
3381673,2024-05-22,VUS,2024-05-22,VUS
3382895,2024-12-25,VUS,2024-12-25,VUS
3383046,2024-08-06,P,2024-08-06,P
3383219,2024-11-04,LP,2024-11-04,LP
3383220,2024-10-31,LP,2026-02-01,LP
3383230,2024-10-18,P,2024-10-18,P
3383247,2024-10-22,LP,2024-10-22,LP
3383600,2024-05-28,VUS,2024-05-28,VUS
3383696,2024-05-26,VUS,2024-05-26,VUS
3383909,2024-03-12,P,2025-02-26,P
3384336,2024-06-04,P,2024-06-04,P
3384600,2024-06-05,VUS,2024-06-05,VUS
3384651,2024-06-07,VUS,2024-06-07,VUS
3384786,2024-10-10,VUS,2024-10-10,VUS
3385021,2024-10-01,LB,2025-10-07,LB
3385294,2024-10-15,VUS,2024-10-15,VUS
3385313,2024-10-14,VUS,2024-10-14,VUS
3385316,2024-10-14,VUS,2024-10-14,VUS
3389012,2024-09-01,LB,2025-12-18,LB
3389207,2024-11-01,LB,2024-11-01,LB
3389446,2024-10-01,VUS,2025-10-02,VUS
3389457,2025-06-01,LP,2025-06-01,LP
3389683,2024-09-01,VUS,2024-09-01,VUS
3389768,2024-09-01,VUS,2024-09-01,VUS
3390117,2024-11-01,P,2024-11-01,P
3390176,2024-11-01,VUS,2024-11-01,VUS
3390765,2024-06-10,VUS,2024-06-10,VUS
3391006,2024-03-21,P,2024-03-21,P
3391107,2024-12-18,LP,2024-12-18,LP
3391128,2024-12-18,VUS,2024-12-18,VUS
3391224,2023-06-22,VUS,2023-06-22,VUS
3391289,2023-07-22,LP,2023-07-22,LP
3391331,2023-07-22,VUS,2023-07-22,VUS
3391578,2024-06-18,VUS,2024-06-18,VUS
3391607,2023-12-30,VUS,2024-06-17,VUS
3392027,2023-07-12,VUS,2023-07-12,VUS
3392536,2024-11-25,LP,2024-11-25,LP
3392544,2024-11-18,LP,2024-11-18,LP
3392545,2024-11-26,VUS,2025-03-06,VUS
3392546,2024-11-18,VUS,2024-11-18,VUS
3392560,2024-12-04,LP,2024-12-04,LP
3393201,2024-12-19,VUS,2024-12-19,VUS
3393236,2024-12-19,VUS,2024-12-19,VUS
3393277,2024-12-19,VUS,2024-12-19,VUS
3393323,2024-11-06,VUS,2024-11-06,VUS
3393392,2024-12-25,VUS,2024-12-25,VUS
3393433,2023-07-22,VUS,2023-07-22,VUS
3393746,2024-07-03,VUS,2024-07-03,VUS
3433042,2024-08-28,VUS,2024-08-28,VUS
3483623,2024-10-06,VUS,2025-06-15,VUS
3488102,2024-08-04,VUS,2024-08-04,VUS
3488103,2024-10-10,LB,2024-10-10,LB
3488104,2024-10-11,VUS,2024-10-11,VUS
3491529,2024-11-09,VUS,2024-11-09,VUS
3491530,2024-05-08,VUS,2024-08-19,VUS
3491531,2024-07-26,VUS,2024-07-26,VUS
3491532,2024-07-02,VUS,2024-07-02,VUS
3491533,2024-07-23,VUS,2024-07-23,VUS
3491535,2024-09-14,LB,2024-09-14,LB
3491536,2024-08-28,VUS,2024-08-28,VUS
3491537,2024-09-26,VUS,2024-12-09,VUS
3491559,2024-09-02,VUS,2024-09-02,VUS
3491560,2024-10-09,LB,2024-10-09,LB
3491561,2024-07-17,VUS,2024-07-17,VUS
3491562,2024-12-10,VUS,2025-11-28,VUS
3491563,2024-09-02,VUS,2024-09-02,VUS
3491566,2024-09-04,VUS,2024-09-04,VUS
3491567,2024-10-04,VUS,2024-10-04,VUS
3491568,2024-10-31,VUS,2024-10-31,VUS
3491569,2024-10-29,VUS,2024-10-29,VUS
3491570,2024-06-28,VUS,2024-06-28,VUS
3495491,2024-09-10,VUS,2024-09-10,VUS
3495493,2024-12-02,VUS,2025-06-12,VUS
3495494,2024-07-02,VUS,2024-07-02,VUS
3495495,2024-07-02,VUS,2024-07-02,VUS
3495496,2024-07-25,VUS,2024-07-25,VUS
3495498,2024-09-09,VUS,2024-09-09,VUS
3495500,2024-08-14,VUS,2024-08-14,VUS
3495501,2024-09-04,VUS,2024-09-04,VUS
3495502,2024-09-11,VUS,2024-09-11,VUS
3495503,2024-10-30,LB,2024-10-30,LB
3495504,2024-11-26,VUS,2024-11-26,VUS
3495507,2024-07-05,VUS,2024-07-05,VUS
3495508,2024-08-14,VUS,2024-08-14,VUS
3495509,2024-08-01,VUS,2024-08-01,VUS
3495510,2024-08-05,VUS,2024-08-05,VUS
3495512,2024-08-27,VUS,2024-08-27,VUS
3495513,2024-09-26,VUS,2024-09-26,VUS
3495514,2024-09-30,VUS,2024-09-30,VUS
3495515,2024-10-21,VUS,2024-10-21,VUS
3495517,2024-12-04,VUS,2024-12-04,VUS
3495518,2024-12-07,VUS,2024-12-07,VUS
3495519,2024-09-08,VUS,2024-09-08,VUS
3495520,2024-06-11,VUS,2024-10-01,VUS
3495521,2024-09-09,VUS,2024-11-27,VUS
3495523,2024-08-12,VUS,2024-08-12,VUS
3495524,2024-08-12,VUS,2024-08-12,VUS
3495525,2024-09-26,VUS,2024-09-26,VUS
3495526,2024-10-19,VUS,2024-10-19,VUS
3495527,2024-10-22,VUS,2024-10-22,VUS
3495528,2024-11-10,VUS,2024-11-10,VUS
3495529,2024-02-10,VUS,2024-11-26,VUS
3495531,2024-08-01,VUS,2024-08-01,VUS
3495532,2024-07-02,VUS,2024-07-02,VUS
3495533,2024-12-05,VUS,2024-12-05,VUS
3495534,2024-08-15,VUS,2024-08-15,VUS
3495536,2024-09-08,VUS,2024-09-08,VUS
3495537,2024-08-11,VUS,2024-09-10,VUS
3495538,2024-10-09,VUS,2025-01-06,VUS
3495539,2024-11-07,VUS,2024-11-07,VUS
3495540,2024-11-11,VUS,2024-11-11,VUS
3495541,2024-11-12,VUS,2024-11-12,VUS
3495542,2024-11-25,VUS,2024-11-25,VUS
3495544,2024-12-06,VUS,2024-12-06,VUS
3516292,2024-07-06,VUS,2024-07-06,VUS
3516293,2024-07-15,VUS,2024-07-15,VUS
3516294,2024-07-22,VUS,2024-07-22,VUS
3516295,2024-07-31,VUS,2024-07-31,VUS
3516296,2024-06-17,VUS,2024-08-01,VUS
3516297,2024-08-01,VUS,2024-08-01,VUS
3516298,2024-08-04,VUS,2025-11-22,VUS
3516299,2024-08-11,VUS,2025-01-23,VUS
3516302,2024-08-20,VUS,2024-08-20,VUS
3516303,2024-08-20,VUS,2024-08-20,VUS
3516304,2024-10-20,VUS,2024-10-20,VUS
3516306,2024-05-28,VUS,2024-09-30,VUS
3516307,2024-10-01,VUS,2024-10-01,VUS
3516308,2024-10-24,VUS,2024-10-24,VUS
3516310,2024-12-04,VUS,2024-12-04,VUS
3516311,2024-12-05,VUS,2024-12-05,VUS
3571641,2024-02-09,VUS,2024-02-09,VUS
3572889,2025-04-25,LP,2025-04-25,LP
3572897,2024-12-18,P,2026-01-21,P
3572993,2024-08-27,P,2024-08-27,P
3572994,2024-04-15,LP,2024-04-15,LP
3573704,2024-07-16,VUS,2024-07-16,VUS
3573781,2024-07-19,VUS,2024-07-19,VUS
3575042,2024-01-05,VUS,2024-01-05,VUS
3575048,2024-02-03,VUS,2024-02-03,VUS
3575053,2024-01-09,LP,2024-01-09,LP
3575068,2024-04-15,VUS,2024-04-15,VUS
3575077,2024-04-11,LP,2025-04-10,LP
3575090,2024-06-05,VUS,2024-06-05,VUS
3575148,2024-01-30,VUS,2024-01-30,VUS
3575161,2024-03-29,VUS,2024-03-29,VUS
3575166,2024-04-16,LP,2024-04-16,LP
3575195,2024-06-17,VUS,2024-06-17,VUS
3575216,2024-05-04,VUS,2024-05-04,VUS
3575237,2024-03-11,VUS,2024-03-11,VUS
3575263,2024-02-09,LP,2024-02-09,LP
3575266,2024-06-02,VUS,2024-06-19,VUS
3575274,2024-04-15,VUS,2024-04-15,VUS
3575281,2024-05-21,VUS,2024-05-21,VUS
3575295,2024-03-20,VUS,2024-03-20,VUS
3575300,2024-03-18,VUS,2024-03-18,VUS
3575320,2024-04-23,VUS,2024-04-23,VUS
3575324,2024-04-23,LP,2025-07-14,LP
3575329,2024-02-12,VUS,2024-02-12,VUS
3575336,2024-04-25,VUS,2024-04-25,VUS
3575343,2024-03-28,VUS,2024-03-28,VUS
3575356,2024-06-13,VUS,2024-06-13,VUS
3575367,2024-01-02,VUS,2024-01-02,VUS
3575411,2024-03-29,VUS,2025-10-02,VUS
3575425,2024-05-30,VUS,2025-12-29,VUS
3575427,2024-06-04,VUS,2024-06-04,VUS
3575434,2024-02-12,VUS,2024-02-12,VUS
3575447,2023-12-27,VUS,2025-08-09,VUS
3575457,2024-03-28,VUS,2024-03-28,VUS
3575461,2024-04-08,VUS,2025-10-02,VUS
3575474,2024-02-26,VUS,2024-02-26,VUS
3575477,2024-03-08,VUS,2024-03-08,VUS
3575489,2024-02-19,VUS,2024-02-19,VUS
3575494,2024-04-08,VUS,2024-04-08,VUS
3575500,2024-03-07,VUS,2024-03-07,VUS
3575512,2024-06-12,VUS,2024-06-12,VUS
3575530,2024-03-18,VUS,2024-03-18,VUS
3575537,2024-01-05,VUS,2024-01-05,VUS
3575548,2024-03-20,VUS,2024-03-20,VUS
3575553,2024-01-29,VUS,2025-10-02,VUS
3575563,2024-03-14,VUS,2024-03-14,VUS
3575570,2024-01-31,VUS,2024-01-31,VUS
3575590,2024-02-09,VUS,2024-02-09,VUS
3575608,2024-02-07,VUS,2025-10-02,VUS
3575613,2024-05-31,VUS,2025-10-02,VUS
3575618,2024-03-27,VUS,2024-03-27,VUS
3575623,2024-03-21,VUS,2025-07-22,VUS
3575634,2024-05-29,VUS,2024-05-29,VUS
3575638,2024-02-06,VUS,2024-02-06,VUS
3575644,2024-05-04,VUS,2024-05-04,VUS
3575652,2024-04-01,VUS,2024-04-01,VUS
3575659,2023-12-27,VUS,2023-12-27,VUS
3575662,2024-02-13,VUS,2024-02-13,VUS
3575670,2024-03-18,VUS,2024-03-18,VUS
3575676,2024-06-17,VUS,2025-01-10,VUS
3575686,2024-02-23,VUS,2024-02-23,VUS
3575701,2024-06-13,VUS,2024-06-13,VUS
3575706,2024-02-28,VUS,2024-02-28,VUS
3575710,2024-05-10,VUS,2024-05-10,VUS
3575718,2024-06-17,VUS,2024-06-17,VUS
3575728,2024-01-04,VUS,2025-10-02,VUS
3575752,2024-05-31,VUS,2024-05-31,VUS
3575756,2024-05-24,VUS,2024-05-24,VUS
3575762,2024-05-21,VUS,2024-05-21,VUS
3575771,2024-02-04,VUS,2024-02-04,VUS
3575776,2024-01-02,VUS,2024-01-02,VUS
3575779,2024-03-07,VUS,2024-03-07,VUS
3575781,2024-01-31,VUS,2024-01-31,VUS
3575782,2024-02-13,VUS,2024-02-13,VUS
3575787,2024-04-26,VUS,2024-04-26,VUS
3575788,2024-06-04,VUS,2024-06-04,VUS
3575792,2024-04-20,VUS,2024-04-20,VUS
3575813,2024-06-10,VUS,2024-06-10,VUS
3575827,2024-02-12,VUS,2024-02-12,VUS
3575831,2024-05-18,VUS,2024-05-18,VUS
3575839,2023-12-28,VUS,2023-12-28,VUS
3575849,2024-05-14,VUS,2024-05-14,VUS
3575858,2024-05-31,VUS,2024-05-31,VUS
3575862,2024-06-06,VUS,2025-08-26,VUS
3575865,2024-05-27,VUS,2024-05-27,VUS
3575866,2024-01-06,VUS,2024-01-06,VUS
3575867,2024-04-23,VUS,2024-04-23,VUS
3575868,2024-06-19,VUS,2024-06-19,VUS
3575872,2024-06-04,VUS,2025-05-25,VUS
3575875,2024-02-13,VUS,2025-10-21,VUS
3575877,2023-12-27,VUS,2023-12-27,VUS
3575884,2024-01-02,VUS,2024-01-02,VUS
3575899,2024-05-21,VUS,2024-05-21,VUS
3575908,2024-05-10,VUS,2024-05-10,VUS
3575918,2024-01-20,VUS,2024-01-20,VUS
3575932,2024-04-04,VUS,2024-04-04,VUS
3575941,2024-01-20,VUS,2024-01-20,VUS
3575950,2024-04-22,VUS,2024-04-22,VUS
3575959,2024-04-20,VUS,2024-04-20,VUS
3575974,2024-04-04,VUS,2024-04-04,VUS
3575990,2024-06-05,VUS,2024-06-05,VUS
3576003,2024-03-05,VUS,2024-03-05,VUS
3576011,2024-06-17,VUS,2024-06-17,VUS
3576018,2024-05-03,VUS,2025-08-23,VUS
3576026,2024-05-27,VUS,2024-05-27,VUS
3576032,2024-05-20,VUS,2024-05-20,VUS
3576059,2024-03-28,VUS,2024-03-28,VUS
3576074,2024-06-20,VUS,2024-06-20,VUS
3576088,2024-02-28,VUS,2024-02-28,VUS
3576097,2024-05-20,VUS,2024-05-20,VUS
3576105,2024-03-21,VUS,2024-03-21,VUS
3576112,2024-03-21,VUS,2024-03-21,VUS
3576121,2024-03-18,VUS,2024-03-18,VUS
3576126,2024-04-24,VUS,2024-04-24,VUS
3576141,2024-05-21,VUS,2024-05-21,VUS
3576155,2024-06-10,VUS,2025-10-11,VUS
3576164,2024-06-19,VUS,2024-06-19,VUS
3576172,2024-04-04,VUS,2024-04-04,VUS
3576181,2024-05-27,VUS,2024-05-27,VUS
3576190,2024-01-09,VUS,2024-01-09,VUS
3576196,2024-05-31,VUS,2025-12-11,VUS
3576211,2024-03-07,VUS,2024-03-07,VUS
3576225,2024-06-17,VUS,2024-06-17,VUS
3576235,2024-03-26,VUS,2025-06-12,VUS
3576256,2024-02-07,VUS,2024-02-07,VUS
3578197,2024-03-13,LP,2024-03-13,LP
3584072,2024-02-06,LP,2024-02-06,LP
3584073,2024-04-11,VUS,2024-06-04,VUS
3584074,2024-02-24,VUS,2024-02-24,VUS
3584075,2024-06-18,VUS,2024-06-18,VUS
3584076,2024-04-08,VUS,2024-04-08,VUS
3584077,2024-05-21,VUS,2024-05-21,VUS
3584078,2024-01-22,VUS,2024-01-22,VUS
3584079,2024-01-16,VUS,2024-01-16,VUS
3584082,2024-03-31,VUS,2024-03-31,VUS
3584083,2024-05-20,VUS,2024-05-20,VUS
3584084,2024-03-27,VUS,2024-03-27,VUS
3584085,2024-04-25,VUS,2024-04-25,VUS
3584086,2024-02-16,VUS,2026-01-02,VUS
3584087,2024-05-12,VUS,2024-05-12,VUS
3584088,2024-04-23,VUS,2024-04-23,VUS
3584090,2024-04-10,VUS,2024-04-10,VUS
3584091,2024-02-12,VUS,2024-02-12,VUS
3584092,2024-05-26,VUS,2024-05-26,VUS
3584093,2024-06-11,VUS,2024-06-11,VUS
3584094,2024-06-11,VUS,2024-06-11,VUS
3584095,2024-06-08,VUS,2024-06-08,VUS
3584096,2024-06-11,VUS,2024-06-11,VUS
3584097,2024-02-20,VUS,2024-02-20,VUS
3584098,2024-06-04,VUS,2024-06-04,VUS
3584099,2024-03-18,LP,2024-03-18,LP
3584100,2024-03-28,VUS,2024-03-28,VUS
3584101,2024-01-08,VUS,2024-01-08,VUS
3584102,2023-12-27,VUS,2023-12-27,VUS
3584104,2024-03-16,VUS,2024-03-16,VUS
3584105,2024-04-01,VUS,2024-04-01,VUS
3584106,2024-03-22,VUS,2025-09-30,VUS
3584107,2023-12-29,VUS,2023-12-29,VUS
3584108,2024-02-07,VUS,2024-02-07,VUS
3584109,2024-04-02,VUS,2024-04-02,VUS
3584110,2024-06-18,VUS,2024-06-18,VUS
3584111,2024-03-07,VUS,2024-03-07,VUS
3584112,2024-03-21,VUS,2024-03-21,VUS
3584113,2024-01-08,VUS,2024-01-08,VUS
3584114,2024-06-04,VUS,2025-09-30,VUS
3584115,2024-03-27,VUS,2024-03-27,VUS
3584117,2024-04-15,VUS,2024-04-15,VUS
3584118,2024-01-29,VUS,2024-01-29,VUS
3584119,2024-01-14,VUS,2024-11-29,VUS
3584120,2024-02-14,LP,2025-09-04,LP
3584121,2024-04-12,VUS,2025-09-30,VUS
3584122,2023-12-30,VUS,2025-09-30,VUS
3584124,2024-04-30,VUS,2024-04-30,VUS
3584125,2024-04-30,VUS,2024-04-30,VUS
3584126,2024-01-20,VUS,2024-01-20,VUS
3584127,2024-04-15,LP,2024-04-15,LP
3584128,2024-06-03,VUS,2024-06-03,VUS
3584129,2024-06-14,VUS,2024-06-14,VUS
3584130,2024-03-11,VUS,2024-03-11,VUS
3584131,2024-04-29,VUS,2024-04-29,VUS
3584132,2024-06-07,VUS,2024-06-07,VUS
3584133,2024-04-12,VUS,2024-12-26,VUS
3584134,2024-03-04,VUS,2024-03-04,VUS
3584135,2024-03-26,VUS,2024-03-26,VUS
3584136,2024-04-25,VUS,2024-04-25,VUS
3584138,2024-02-20,VUS,2024-02-20,VUS
3584139,2024-06-01,VUS,2025-04-02,VUS
3584140,2024-04-30,VUS,2024-04-30,VUS
3584141,2024-06-11,VUS,2024-06-11,VUS
3584142,2024-03-04,VUS,2024-10-06,VUS
3584143,2024-04-06,VUS,2024-04-06,VUS
3584144,2024-01-13,VUS,2025-07-14,VUS
3584145,2024-01-08,VUS,2024-01-08,VUS
3584146,2024-02-06,VUS,2024-02-06,VUS
3584149,2024-03-01,VUS,2024-03-01,VUS
3584150,2023-12-24,VUS,2023-12-24,VUS
3584151,2024-03-27,VUS,2025-01-21,VUS
3584153,2024-05-03,VUS,2024-05-03,VUS
3584154,2024-01-11,VUS,2024-01-11,VUS
3584155,2024-02-19,VUS,2024-02-19,VUS
3584156,2024-04-08,VUS,2024-04-08,VUS
3584157,2024-04-15,VUS,2024-04-15,VUS
3584158,2024-05-17,VUS,2024-05-17,VUS
3584159,2024-01-29,VUS,2024-01-29,VUS
3584161,2024-03-06,VUS,2024-03-06,VUS
3584162,2024-04-15,VUS,2024-04-15,VUS
3584163,2024-05-03,VUS,2024-05-03,VUS
3584164,2024-04-23,VUS,2024-04-23,VUS
3584165,2024-06-24,VUS,2025-12-14,VUS
3584166,2024-04-15,VUS,2024-04-15,VUS
3584167,2024-02-14,VUS,2024-02-14,VUS
3584168,2024-06-17,VUS,2024-06-17,VUS
3584169,2023-12-24,VUS,2023-12-24,VUS
3584170,2024-02-07,VUS,2024-02-07,VUS
3584171,2024-05-26,VUS,2024-05-26,VUS
3584172,2024-05-26,VUS,2024-08-21,VUS
3584173,2024-05-17,VUS,2024-05-17,VUS
3584174,2024-05-11,VUS,2024-05-11,VUS
3584175,2024-05-17,VUS,2024-05-17,VUS
3584177,2024-03-08,VUS,2024-03-08,VUS
3584178,2024-04-03,LP,2024-04-03,LP
3584179,2024-04-04,VUS,2025-10-14,VUS
3584180,2024-06-03,VUS,2024-06-03,VUS
3584181,2024-04-15,VUS,2024-04-15,VUS
3584182,2024-06-19,LP,2024-06-19,LP
3584183,2024-02-19,VUS,2024-02-19,VUS
3584184,2024-03-01,VUS,2024-03-01,VUS
3584185,2024-01-22,VUS,2025-10-22,VUS
3584187,2024-04-15,VUS,2024-04-15,VUS
3584188,2024-05-21,VUS,2024-05-21,VUS
3584189,2024-03-25,VUS,2025-12-19,VUS
3584190,2024-04-12,VUS,2024-04-12,VUS
3584191,2024-01-04,VUS,2024-01-04,VUS
3584192,2024-01-05,VUS,2024-01-05,VUS
3584193,2024-05-16,VUS,2024-05-16,VUS
3584194,2024-01-04,LP,2024-01-04,LP
3584195,2024-01-23,VUS,2024-01-23,VUS
3584196,2024-04-12,VUS,2024-04-12,VUS
3584197,2023-12-24,VUS,2023-12-24,VUS
3585399,2024-01-08,VUS,2024-01-08,VUS
3585400,2024-02-02,VUS,2024-02-02,VUS
3585401,2024-04-12,VUS,2024-04-12,VUS
3585402,2024-06-05,VUS,2024-06-05,VUS
3585403,2024-03-18,VUS,2024-03-18,VUS
3585404,2024-04-29,VUS,2024-04-29,VUS
3585405,2024-04-07,VUS,2024-04-07,VUS
3585406,2024-06-17,VUS,2024-06-17,VUS
3585407,2024-01-08,VUS,2024-01-08,VUS
3585408,2024-01-02,VUS,2024-01-02,VUS
3585409,2024-05-11,VUS,2024-05-11,VUS
3585410,2024-05-11,VUS,2024-05-11,VUS
3585411,2024-03-28,VUS,2024-03-28,VUS
3585412,2024-05-26,VUS,2024-05-26,VUS
3585413,2024-04-12,VUS,2024-04-12,VUS
3585414,2024-05-14,VUS,2024-05-14,VUS
3585415,2024-06-19,VUS,2024-06-19,VUS
3585416,2024-03-06,VUS,2024-03-06,VUS
3585417,2024-04-09,VUS,2024-04-09,VUS
3585418,2024-06-04,LB,2024-06-04,LB
3585419,2024-03-14,VUS,2024-03-14,VUS
3585421,2024-02-12,VUS,2024-02-12,VUS
3585422,2024-02-20,VUS,2024-02-20,VUS
3585423,2024-02-07,VUS,2024-02-07,VUS
3585424,2024-05-21,VUS,2024-05-21,VUS
3585425,2024-04-29,VUS,2024-04-29,VUS
3585426,2024-02-13,VUS,2024-02-13,VUS
3585427,2024-05-27,VUS,2024-05-27,VUS
3585429,2024-01-20,VUS,2024-01-20,VUS
3585430,2024-04-26,VUS,2024-04-26,VUS
3585431,2024-05-07,VUS,2024-05-07,VUS
3585433,2024-06-10,VUS,2025-11-02,VUS
3585435,2024-03-04,VUS,2024-10-25,VUS
3585436,2024-02-22,LP,2024-02-22,LP
3585437,2023-12-27,VUS,2023-12-27,VUS
3585438,2024-01-24,VUS,2024-01-24,VUS
3585439,2024-05-03,VUS,2024-05-03,VUS
3585440,2024-01-22,VUS,2024-01-22,VUS
3585441,2024-06-15,VUS,2024-06-15,VUS
3585442,2024-05-07,VUS,2024-05-07,VUS
3585443,2024-03-28,VUS,2024-03-28,VUS
3585444,2024-01-28,VUS,2025-10-07,VUS
3585445,2024-06-18,VUS,2024-06-18,VUS
3585446,2024-06-04,VUS,2024-06-04,VUS
3585447,2024-04-29,VUS,2025-11-05,VUS
3585448,2024-01-30,VUS,2024-01-30,VUS
3585449,2024-04-07,VUS,2024-04-07,VUS
3585450,2024-05-13,VUS,2024-05-13,VUS
3585451,2024-02-05,VUS,2024-02-05,VUS
3585452,2024-03-26,VUS,2024-03-26,VUS
3585453,2024-05-17,VUS,2024-05-17,VUS
3585454,2024-04-25,VUS,2024-04-25,VUS
3585455,2024-01-08,VUS,2024-01-08,VUS
3585457,2024-02-04,VUS,2024-02-04,VUS
3585458,2024-04-08,VUS,2024-04-08,VUS
3585459,2024-02-16,VUS,2024-02-16,VUS
3585460,2024-05-14,VUS,2024-05-14,VUS
3585461,2024-04-01,VUS,2024-04-01,VUS
3585462,2024-03-16,VUS,2024-03-16,VUS
3585463,2024-04-03,VUS,2024-04-03,VUS
3585464,2024-05-13,VUS,2024-05-13,VUS
3585465,2024-05-10,VUS,2025-02-20,VUS
3585466,2024-01-08,VUS,2024-01-08,VUS
3585467,2024-05-25,VUS,2024-05-25,VUS
3585468,2024-03-23,VUS,2024-03-23,VUS
3585469,2024-06-15,VUS,2024-06-15,VUS
3585470,2024-06-17,VUS,2024-06-17,VUS
3585471,2024-01-08,VUS,2024-01-08,VUS
3585472,2024-01-04,VUS,2024-01-04,VUS
3585473,2024-04-11,VUS,2024-04-11,VUS
3585474,2024-02-22,VUS,2025-08-26,VUS
3585475,2024-03-07,VUS,2024-03-07,VUS
3585476,2024-03-09,VUS,2024-03-09,VUS
3585477,2024-01-30,VUS,2024-01-30,VUS
3585478,2024-01-09,VUS,2024-01-09,VUS
3585479,2024-04-15,VUS,2024-04-15,VUS
3585480,2024-02-04,VUS,2024-02-04,VUS
3585481,2024-05-29,VUS,2024-05-29,VUS
3585482,2024-03-20,VUS,2024-03-20,VUS
3585483,2024-06-14,VUS,2024-06-14,VUS
3585484,2023-12-28,VUS,2023-12-28,VUS
3585485,2024-06-20,VUS,2024-06-20,VUS
3585486,2024-05-21,VUS,2024-05-21,VUS
3585487,2024-01-12,VUS,2024-01-12,VUS
3585488,2024-04-29,VUS,2024-04-29,VUS
3585489,2024-04-15,VUS,2024-04-15,VUS
3585490,2024-03-22,VUS,2024-03-22,VUS
3585491,2024-03-31,VUS,2024-03-31,VUS
3585492,2024-06-12,VUS,2024-06-12,VUS
3585494,2024-04-15,VUS,2024-04-15,VUS
3585495,2024-06-17,VUS,2024-06-17,VUS
3585496,2024-04-01,VUS,2024-04-01,VUS
3585497,2024-06-11,VUS,2024-06-11,VUS
3585499,2024-05-13,VUS,2024-05-13,VUS
3585500,2024-03-07,VUS,2025-01-21,VUS
3585501,2024-06-11,VUS,2024-06-11,VUS
3585502,2024-03-01,VUS,2024-03-01,VUS
3585503,2024-02-12,VUS,2024-02-12,VUS
3585504,2024-04-15,VUS,2024-04-15,VUS
3585505,2024-04-04,VUS,2024-04-04,VUS
3585506,2024-03-04,VUS,2024-03-04,VUS
3585507,2024-05-31,VUS,2024-05-31,VUS
3585509,2024-04-15,VUS,2024-04-15,VUS
3585510,2024-02-06,VUS,2024-02-06,VUS
3585511,2024-03-24,VUS,2024-03-24,VUS
3585512,2024-03-20,VUS,2024-03-20,VUS
3585513,2024-06-08,VUS,2024-06-08,VUS
3585514,2024-06-01,VUS,2025-10-21,VUS
3585515,2024-06-18,VUS,2024-06-18,VUS
3585516,2024-01-03,VUS,2024-01-03,VUS
3585517,2024-02-27,VUS,2024-02-27,VUS
3585518,2024-05-14,VUS,2024-05-14,VUS
3585519,2024-04-20,VUS,2024-04-20,VUS
3585520,2024-04-04,VUS,2024-04-04,VUS
3585521,2024-03-02,VUS,2024-03-02,VUS
3585522,2024-05-01,VUS,2024-05-01,VUS
3585523,2024-01-03,VUS,2024-01-03,VUS
3585524,2024-03-23,VUS,2025-05-10,VUS
3585525,2024-04-08,VUS,2024-04-08,VUS
3585526,2024-03-08,VUS,2024-03-08,VUS
3585527,2024-01-30,VUS,2024-01-30,VUS
3585528,2024-04-25,VUS,2024-04-25,VUS
3585529,2024-04-22,VUS,2025-04-27,VUS
3585530,2024-01-29,VUS,2024-11-30,VUS
3585531,2024-02-20,VUS,2024-02-20,VUS
3585532,2024-05-08,VUS,2024-05-08,VUS
3585533,2024-02-27,VUS,2024-02-27,VUS
3585534,2024-05-14,VUS,2024-05-14,VUS
3585535,2024-04-12,VUS,2024-04-12,VUS
3585536,2024-05-28,VUS,2024-05-28,VUS
3585537,2024-02-19,VUS,2025-01-20,VUS
3585538,2024-05-14,VUS,2024-05-14,VUS
3585539,2024-01-23,VUS,2024-01-23,VUS
3585541,2024-02-24,VUS,2024-06-12,VUS
3585542,2024-05-08,VUS,2024-05-08,VUS
3585543,2024-06-18,VUS,2024-06-18,VUS
3585544,2024-04-28,VUS,2024-04-28,VUS
3585545,2024-06-10,VUS,2024-06-10,VUS
3585546,2024-01-09,VUS,2024-01-09,VUS
3585547,2024-05-22,VUS,2024-05-22,VUS
3585548,2024-04-28,VUS,2024-04-28,VUS
3585549,2024-03-20,VUS,2024-03-20,VUS
3585550,2024-02-06,VUS,2024-02-06,VUS
3585551,2024-02-12,VUS,2024-02-12,VUS
3585553,2024-06-20,VUS,2024-06-20,VUS
3585554,2024-04-22,VUS,2025-03-23,VUS
3585555,2024-02-25,VUS,2024-02-25,VUS
3585556,2024-05-03,VUS,2024-05-03,VUS
3585557,2024-01-24,VUS,2024-01-24,VUS
3585558,2024-01-30,VUS,2024-01-30,VUS
3585559,2024-05-16,VUS,2024-05-16,VUS
3585560,2024-04-23,VUS,2024-04-23,VUS
3585561,2024-04-22,VUS,2024-04-22,VUS
3585562,2024-01-24,VUS,2024-01-24,VUS
3585563,2024-06-20,VUS,2024-06-20,VUS
3585564,2024-05-29,VUS,2024-05-29,VUS
3585566,2024-05-07,VUS,2024-05-07,VUS
3585568,2024-06-01,VUS,2024-06-19,VUS
3585569,2024-06-01,VUS,2024-07-01,VUS
3585570,2024-06-03,VUS,2024-06-03,VUS
3585728,2024-06-18,VUS,2025-12-15,VUS
3585729,2024-05-21,VUS,2024-05-21,VUS
3585730,2024-01-09,VUS,2024-01-09,VUS
3585731,2024-05-27,VUS,2024-05-27,VUS
3585732,2024-06-10,VUS,2024-06-10,VUS
3585733,2024-04-04,VUS,2024-04-04,VUS
3585734,2024-03-18,VUS,2024-03-18,VUS
3585736,2024-05-21,VUS,2024-05-21,VUS
3585737,2024-02-16,VUS,2024-02-16,VUS
3585738,2024-03-17,VUS,2024-03-17,VUS
3585739,2024-02-29,VUS,2024-02-29,VUS
3585740,2024-04-02,VUS,2024-04-02,VUS
3585741,2024-04-25,VUS,2024-04-25,VUS
3585742,2024-04-26,VUS,2026-01-20,VUS
3585744,2024-04-20,LP,2024-04-20,LP
3585745,2024-06-12,VUS,2024-06-12,VUS
3585746,2024-03-07,VUS,2024-03-07,VUS
3585747,2024-04-24,LP,2024-04-24,LP
3585748,2024-03-27,VUS,2025-01-25,VUS
3585749,2024-01-30,VUS,2024-01-30,VUS
3585750,2024-04-03,VUS,2025-11-01,VUS
3585751,2024-06-04,VUS,2024-06-04,VUS
3585752,2024-03-25,VUS,2024-03-25,VUS
3585753,2024-06-03,VUS,2024-06-03,VUS
3585754,2024-06-14,LP,2024-06-14,LP
3585756,2024-05-15,LP,2025-07-06,LP
3585757,2024-06-07,VUS,2024-06-07,VUS
3585758,2024-05-04,VUS,2024-05-04,VUS
3585759,2024-05-03,LP,2024-05-03,LP
3585760,2024-04-08,LP,2024-04-08,LP
3585761,2024-06-23,LP,2024-06-23,LP
3585762,2024-02-01,VUS,2024-02-01,VUS
3585764,2024-04-30,LP,2025-08-24,LP
3585765,2024-05-10,LP,2024-05-10,LP
3585766,2024-02-28,VUS,2024-02-28,VUS
3585767,2024-06-13,VUS,2024-06-13,VUS
3585768,2024-01-30,P,2024-01-30,P
3585769,2024-05-17,P,2024-05-17,P
3585770,2024-01-23,LP,2024-01-23,LP
3585772,2024-04-17,LP,2024-04-17,LP
3585773,2024-03-01,LP,2024-03-01,LP
3585774,2024-02-29,LP,2024-02-29,LP
3585775,2024-01-03,VUS,2024-01-03,VUS
3585776,2024-06-19,LP,2024-06-19,LP
3585777,2024-06-10,LP,2024-06-10,LP
3585779,2024-01-16,VUS,2025-05-30,VUS
3585780,2024-05-16,LP,2024-05-16,LP
3585781,2024-02-20,LP,2024-02-20,LP
3585782,2024-05-16,VUS,2024-05-16,VUS
3585783,2024-05-18,VUS,2024-05-18,VUS
3585785,2024-01-28,VUS,2024-01-28,VUS
3585786,2024-04-06,LP,2024-04-06,LP
3585787,2024-02-02,LP,2024-02-02,LP
3585788,2024-03-28,VUS,2024-03-28,VUS
3585790,2024-02-12,VUS,2024-02-12,VUS
3585791,2024-04-26,LP,2024-04-26,LP
3585792,2024-04-20,LP,2024-04-20,LP
3585793,2024-03-27,LP,2024-03-27,LP
3585794,2024-02-09,VUS,2024-02-09,VUS
3585795,2024-04-16,LP,2024-04-16,LP
3585796,2024-05-07,VUS,2024-05-07,VUS
3585797,2024-03-20,VUS,2024-03-20,VUS
3585798,2024-03-18,VUS,2024-03-18,VUS
3585799,2024-05-12,VUS,2024-05-12,VUS
3585800,2024-06-17,LP,2024-09-08,LP
3585801,2024-06-18,VUS,2025-04-01,VUS
3585802,2024-01-05,LP,2024-01-05,LP
3585803,2024-06-10,LP,2025-05-02,LP
3585804,2024-03-26,LP,2024-03-26,LP
3585805,2024-02-08,LP,2024-05-15,LP
3585806,2024-04-17,LP,2024-04-17,LP
3585807,2024-03-08,VUS,2024-03-08,VUS
3585808,2024-02-17,LP,2024-02-17,LP
3585810,2024-06-08,VUS,2024-06-08,VUS
3585811,2024-04-05,LP,2024-04-05,LP
3585812,2024-05-23,LP,2024-05-23,LP
3585814,2024-01-25,VUS,2024-01-25,VUS
3585815,2024-05-28,LP,2024-05-28,LP
3585817,2024-02-26,VUS,2024-02-26,VUS
3585818,2024-04-12,VUS,2024-04-12,VUS
3585820,2024-01-18,LP,2024-01-18,LP
3585821,2024-04-29,LP,2024-04-29,LP
3585822,2024-02-25,LP,2024-02-25,LP
3585823,2024-05-23,VUS,2025-06-12,VUS
3585824,2024-04-08,VUS,2024-04-08,VUS
3585825,2024-01-22,VUS,2024-01-22,VUS
3585826,2024-05-27,VUS,2024-05-27,VUS
3585827,2024-06-05,LP,2025-08-15,LP
3585828,2024-01-03,VUS,2025-10-14,VUS
3585829,2024-04-23,LP,2025-08-29,LP
3585830,2024-05-16,LP,2024-06-04,LP
3585831,2024-03-19,VUS,2026-02-02,VUS
3585832,2024-06-04,LP,2024-06-04,LP
3585833,2024-06-06,LP,2025-08-29,LP
3585834,2024-06-20,VUS,2024-06-20,VUS
3585835,2024-04-19,VUS,2024-04-19,VUS
3585836,2024-05-11,VUS,2024-05-11,VUS
3585837,2024-02-07,LP,2024-02-07,LP
3585838,2024-02-23,LP,2024-02-23,LP
3585839,2024-03-24,VUS,2024-03-24,VUS
3585840,2024-01-10,LP,2024-01-10,LP
3585841,2024-05-02,VUS,2024-05-02,VUS
3585842,2024-05-30,LP,2025-06-10,LP
3585843,2024-03-04,LP,2024-03-04,LP
3585844,2024-04-23,VUS,2025-08-10,VUS
3585845,2024-06-15,LP,2024-06-15,LP
3585846,2024-02-29,VUS,2025-07-12,VUS
3585847,2024-02-03,VUS,2024-02-03,VUS
3585848,2024-04-19,VUS,2024-07-31,VUS
3585849,2024-05-17,LP,2024-05-17,LP
3585850,2024-05-07,LP,2025-09-04,LP
3585851,2024-03-21,LP,2024-03-21,LP
3585853,2024-04-17,LP,2024-04-17,LP
3585854,2024-04-10,VUS,2025-04-20,VUS
3585855,2024-05-07,VUS,2024-05-07,VUS
3585856,2024-03-06,VUS,2024-07-19,VUS
3585857,2024-04-13,LP,2024-04-13,LP
3585858,2024-05-01,LP,2024-05-01,LP
3585860,2024-02-20,LP,2024-02-20,LP
3585861,2024-02-27,LP,2024-02-27,LP
3585862,2024-01-30,LP,2024-01-30,LP
3585864,2024-01-09,VUS,2024-01-09,VUS
3585865,2024-03-13,LP,2024-03-13,LP
3585866,2024-01-14,VUS,2024-01-14,VUS
3585868,2024-03-12,VUS,2024-03-12,VUS
3585869,2024-05-27,VUS,2024-05-27,VUS
3585870,2024-03-07,LP,2024-03-07,LP
3585871,2024-03-02,VUS,2024-03-02,VUS
3585872,2024-03-14,VUS,2024-03-14,VUS
3585873,2024-05-17,LP,2024-05-17,LP
3585874,2024-03-10,VUS,2024-03-10,VUS
3585875,2024-04-01,VUS,2025-05-25,VUS
3585876,2024-02-04,VUS,2024-02-04,VUS
3585877,2024-05-16,VUS,2024-05-16,VUS
3585878,2024-06-04,VUS,2024-06-04,VUS
3585879,2024-06-05,P,2025-12-15,P
3585880,2024-04-02,VUS,2025-06-18,VUS
3585881,2024-02-22,LP,2025-08-21,LP
3585882,2024-06-09,VUS,2024-06-09,VUS
3585883,2024-02-19,LP,2025-07-10,LP
3585884,2024-06-24,VUS,2024-06-24,VUS
3585885,2024-02-04,VUS,2025-01-01,VUS
3585887,2024-04-06,LP,2025-04-14,LP
3585888,2024-05-21,LP,2024-05-21,LP
3585889,2024-03-27,LP,2024-03-27,LP
3585890,2024-03-29,VUS,2024-03-29,VUS
3585891,2024-04-24,LP,2024-04-24,LP
3585892,2024-03-02,LP,2024-03-02,LP
3585893,2024-01-20,VUS,2025-10-02,VUS
3585894,2024-03-20,LP,2024-03-20,LP
3585895,2024-03-29,LP,2024-03-29,LP
3585896,2024-06-21,LP,2024-06-21,LP
3585897,2024-01-19,LP,2024-01-19,LP
3585898,2024-05-14,LP,2024-05-14,LP
3585899,2024-06-12,VUS,2024-06-12,VUS
3585900,2024-02-07,VUS,2024-02-07,VUS
3585901,2024-06-20,VUS,2024-06-20,VUS
3585902,2024-02-13,LP,2024-02-13,LP
3585903,2024-05-06,LP,2024-05-06,LP
3585904,2024-05-15,VUS,2024-05-15,VUS
3585905,2023-12-30,LP,2024-11-04,LP
3585906,2024-03-01,LP,2025-09-04,LP
3585907,2024-04-10,VUS,2024-04-10,VUS
3585908,2024-06-11,LP,2024-06-11,LP
3585910,2024-03-28,LP,2025-09-04,LP
3585911,2024-03-24,VUS,2024-03-24,VUS
3585912,2024-01-17,LP,2024-01-17,LP
3585913,2024-04-29,LP,2024-04-29,LP
3585914,2024-01-06,LP,2024-01-06,LP
3585915,2024-04-14,VUS,2024-04-14,VUS
3585916,2024-01-29,LP,2024-01-29,LP
3585918,2024-04-20,VUS,2025-10-29,VUS
3585920,2024-05-16,VUS,2024-05-16,VUS
3585921,2024-06-07,VUS,2024-06-07,VUS
3585922,2024-04-27,VUS,2024-04-27,VUS
3585923,2024-04-27,VUS,2025-03-18,VUS
3585924,2024-03-26,LP,2024-03-26,LP
3585925,2024-03-19,LP,2024-03-19,LP
3585926,2024-02-05,LP,2024-02-05,LP
3585927,2024-03-26,LP,2024-03-26,LP
3585928,2024-02-06,LP,2024-02-06,LP
3585929,2024-04-17,VUS,2024-04-17,VUS
3585930,2024-01-15,LP,2024-01-15,LP
3585931,2024-02-26,LP,2024-02-26,LP
3585932,2024-03-27,VUS,2024-03-27,VUS
3585933,2024-02-09,LP,2024-02-09,LP
3585935,2024-05-17,VUS,2024-05-17,VUS
3585937,2024-01-22,LP,2024-01-22,LP
3585938,2024-04-29,VUS,2024-04-29,VUS
3585939,2024-02-07,VUS,2024-02-26,VUS
3585940,2024-05-20,LP,2025-09-04,LP
3585942,2024-04-05,VUS,2024-04-05,VUS
3585944,2024-05-10,VUS,2024-05-10,VUS
3585945,2024-05-11,VUS,2024-05-11,VUS
3585946,2024-01-23,VUS,2024-01-23,VUS
3585947,2024-04-19,LP,2025-08-20,LP
3585948,2024-01-05,VUS,2024-01-05,VUS
3585949,2024-03-06,LP,2025-08-21,LP
3585950,2024-03-20,LP,2024-03-20,LP
3585951,2024-02-11,VUS,2024-03-06,VUS
3585952,2024-04-15,LP,2025-09-14,LP
3585953,2024-01-09,VUS,2024-01-09,VUS
3585954,2024-02-22,LP,2024-02-22,LP
3585955,2024-02-06,VUS,2024-02-06,VUS
3585956,2024-02-12,VUS,2024-02-12,VUS
3585957,2024-02-28,VUS,2024-02-28,VUS
3585959,2024-04-01,VUS,2024-04-01,VUS
3585960,2024-03-27,VUS,2024-03-27,VUS
3585961,2024-06-13,LP,2025-08-26,LP
3585962,2024-03-21,LP,2025-08-22,LP
3585964,2024-03-28,LP,2025-05-16,LP
3585965,2024-04-09,LP,2024-04-09,LP
3585966,2024-03-14,LP,2024-03-14,LP
3585967,2024-01-15,LP,2024-01-15,LP
3585968,2024-01-11,LP,2024-01-11,LP
3585969,2024-06-22,LP,2024-06-22,LP
3585970,2024-06-14,LP,2024-06-14,LP
3585971,2024-04-01,VUS,2024-04-01,VUS
3585972,2024-05-07,LP,2024-05-07,LP
3585973,2024-01-12,VUS,2024-01-12,VUS
3585974,2024-02-22,VUS,2024-02-22,VUS
3585975,2024-06-10,LP,2024-06-10,LP
3585976,2024-01-30,VUS,2025-12-02,VUS
3585978,2024-03-28,VUS,2024-03-28,VUS
3585979,2024-05-22,VUS,2024-05-22,VUS
3585980,2024-02-02,LP,2024-02-02,LP
3585982,2024-06-08,VUS,2024-06-08,VUS
3585983,2024-05-13,VUS,2024-05-13,VUS
3585984,2024-04-19,LP,2024-04-19,LP
3585985,2024-06-20,LP,2024-06-20,LP
3585986,2024-04-19,VUS,2024-04-19,VUS
3585987,2024-04-07,VUS,2024-04-07,VUS
3585988,2024-06-07,VUS,2024-06-07,VUS
3585989,2023-12-24,VUS,2025-09-20,VUS
3585990,2024-03-11,VUS,2024-03-11,VUS
3585991,2024-04-27,LP,2024-04-27,LP
3585992,2024-04-12,VUS,2024-04-12,VUS
3585993,2024-03-26,LP,2024-03-26,LP
3585994,2024-05-06,LP,2024-05-06,LP
3585995,2024-04-03,LP,2024-04-03,LP
3585996,2024-05-16,LP,2025-02-10,LP
3585997,2024-05-17,VUS,2024-05-17,VUS
3585998,2023-12-27,VUS,2023-12-27,VUS
3585999,2024-05-29,LP,2025-08-22,LP
3586001,2024-05-16,VUS,2024-05-16,VUS
3586002,2024-06-09,LP,2025-09-15,LP
3586003,2024-06-25,LP,2024-06-25,LP
3586004,2024-05-24,LP,2024-05-24,LP
3586005,2024-04-05,LP,2024-04-05,LP
3586006,2024-04-01,VUS,2024-04-01,VUS
3586007,2024-02-15,LP,2024-02-15,LP
3586008,2024-03-26,VUS,2025-01-23,VUS
3586009,2024-04-10,LP,2024-04-10,LP
3586010,2024-01-08,VUS,2024-11-20,VUS
3586011,2024-05-18,LP,2024-05-18,LP
3586012,2024-02-22,LP,2024-02-22,LP
3586013,2024-05-09,VUS,2024-05-09,VUS
3586014,2024-06-04,VUS,2024-06-04,VUS
3586015,2024-04-12,VUS,2024-04-12,VUS
3586016,2024-02-21,LP,2024-02-21,LP
3586018,2024-03-28,VUS,2024-05-06,VUS
3586019,2024-06-17,VUS,2024-06-17,VUS
3586020,2024-06-19,VUS,2024-06-19,VUS
3586021,2024-03-08,LP,2024-03-08,LP
3586022,2024-01-29,LP,2025-08-19,LP
3586023,2024-04-20,VUS,2024-04-20,VUS
3586024,2024-03-10,VUS,2024-03-10,VUS
3586025,2024-05-20,LP,2024-05-20,LP
3586026,2024-06-19,LP,2024-08-20,LP
3586027,2024-04-10,VUS,2024-04-10,VUS
3586028,2024-03-18,LP,2024-03-18,LP
3586029,2024-04-28,VUS,2024-04-28,VUS
3586031,2024-05-17,LP,2024-05-17,LP
3586032,2024-02-06,LP,2024-02-06,LP
3586033,2024-04-15,VUS,2024-04-15,VUS
3586034,2024-05-22,LP,2024-05-22,LP
3586035,2024-05-21,VUS,2024-05-21,VUS
3586036,2024-02-27,VUS,2024-02-27,VUS
3586037,2024-05-14,LP,2024-06-05,LP
3586038,2024-06-03,LP,2025-08-26,LP
3586040,2024-03-08,LP,2024-03-08,LP
3586041,2024-01-05,LP,2024-01-05,LP
3586042,2024-06-11,LP,2024-06-11,LP
3586043,2024-05-23,VUS,2024-05-23,VUS
3586044,2024-02-23,VUS,2024-02-23,VUS
3586046,2024-06-04,LP,2025-09-11,LP
3586047,2024-02-06,VUS,2025-06-09,VUS
3586048,2024-03-18,LP,2024-03-18,LP
3586049,2024-06-12,VUS,2025-04-20,VUS
3586050,2024-02-09,LP,2024-02-09,LP
3586051,2024-05-29,LP,2024-05-29,LP
3586052,2024-06-18,VUS,2024-06-18,VUS
3586053,2024-03-23,VUS,2024-03-23,VUS
3586054,2024-06-19,LP,2024-06-19,LP
3586055,2024-03-23,LP,2024-03-23,LP
3586056,2024-06-12,LP,2024-06-12,LP
3586057,2024-04-03,VUS,2024-04-03,VUS
3586059,2024-04-22,LP,2024-04-22,LP
3586060,2024-05-20,LP,2024-05-20,LP
3586061,2024-01-02,VUS,2025-07-07,VUS
3586062,2024-01-14,VUS,2024-01-14,VUS
3586064,2024-03-02,VUS,2024-03-02,VUS
3586065,2024-01-19,LP,2025-08-20,LP
3586066,2024-06-08,VUS,2024-06-08,VUS
3586067,2024-01-03,VUS,2024-01-03,VUS
3586068,2024-02-05,VUS,2025-08-11,VUS
3586069,2024-01-07,LP,2024-01-07,LP
3586070,2024-05-31,VUS,2024-05-31,VUS
3586071,2023-12-23,LP,2024-12-21,LP
3586072,2024-01-04,LP,2024-01-04,LP
3586073,2024-02-21,LP,2024-02-21,LP
3586074,2024-06-18,P,2024-06-18,P
3586075,2024-02-14,VUS,2024-02-14,VUS
3586076,2024-02-07,VUS,2024-02-07,VUS
3586077,2024-03-24,VUS,2024-03-24,VUS
3586078,2024-05-14,LP,2025-08-26,LP
3586079,2024-06-07,LP,2024-06-07,LP
3586080,2024-04-09,LP,2024-04-09,LP
3586081,2024-01-03,VUS,2025-06-12,VUS
3586082,2024-01-16,LP,2024-01-16,LP
3586084,2024-06-09,LP,2024-06-09,LP
3586086,2024-02-29,VUS,2024-02-29,VUS
3586087,2024-01-05,LP,2024-01-05,LP
3586088,2024-05-31,VUS,2024-05-31,VUS
3586089,2024-05-28,LP,2024-05-28,LP
3586090,2023-02-07,VUS,2025-08-27,VUS
3586091,2024-04-29,VUS,2024-04-29,VUS
3586094,2024-01-20,VUS,2024-01-20,VUS
3586095,2024-06-06,LP,2024-06-06,LP
3586096,2024-03-25,LP,2025-08-22,LP
3586098,2024-03-04,VUS,2024-03-04,VUS
3586099,2024-01-12,LP,2024-01-12,LP
3586100,2024-05-04,VUS,2024-05-04,VUS
3586101,2024-05-20,LP,2025-08-26,LP
3586102,2024-06-18,LP,2025-08-26,LP
3586103,2024-04-29,VUS,2024-04-29,VUS
3586104,2024-04-08,LP,2024-04-08,LP
3586105,2024-03-24,VUS,2024-03-24,VUS
3586106,2024-05-11,VUS,2024-06-17,VUS
3586107,2024-03-15,LP,2024-03-15,LP
3586108,2024-05-13,LP,2025-09-04,LP
3586109,2024-01-16,LP,2024-01-16,LP
3586110,2024-03-13,LP,2024-03-13,LP
3586111,2024-06-14,LP,2024-06-14,LP
3586112,2024-03-27,LP,2024-03-27,LP
3586113,2024-02-20,VUS,2025-08-08,VUS
3586114,2024-02-25,LP,2024-02-25,LP
3586115,2024-04-26,VUS,2024-04-26,VUS
3586116,2024-02-12,VUS,2024-02-12,VUS
3586117,2024-05-13,VUS,2024-05-13,VUS
3586118,2024-02-21,VUS,2024-02-21,VUS
3586120,2024-04-23,P,2024-04-23,P
3586122,2024-02-17,LP,2025-10-09,LP
3586123,2024-04-23,VUS,2024-04-23,VUS
3586124,2024-04-10,VUS,2024-04-10,VUS
3586125,2024-05-24,VUS,2024-05-24,VUS
3586126,2024-01-10,LP,2024-01-10,LP
3586127,2024-05-25,VUS,2024-05-25,VUS
3586130,2024-05-07,LP,2024-05-07,LP
3586131,2024-04-09,LP,2024-04-09,LP
3586132,2024-01-04,LP,2024-01-04,LP
3586133,2024-03-29,LP,2024-03-29,LP
3586134,2024-02-02,LP,2024-02-02,LP
3586135,2024-05-20,LP,2024-05-20,LP
3586137,2024-01-23,VUS,2024-01-23,VUS
3586138,2023-12-24,VUS,2023-12-24,VUS
3586139,2024-03-15,LP,2024-03-15,LP
3586140,2024-04-28,VUS,2024-04-28,VUS
3586141,2024-03-24,VUS,2024-03-24,VUS
3586142,2024-03-21,VUS,2025-01-01,VUS
3586143,2024-05-08,VUS,2024-05-08,VUS
3586144,2024-02-29,VUS,2024-02-29,VUS
3586145,2024-02-28,VUS,2024-02-28,VUS
3586146,2024-02-03,VUS,2024-02-03,VUS
3586148,2024-03-18,VUS,2024-03-18,VUS
3586149,2024-06-18,VUS,2024-06-18,VUS
3586150,2024-03-05,VUS,2024-03-05,VUS
3586151,2024-02-19,VUS,2025-09-22,VUS
3586152,2024-01-23,VUS,2024-01-23,VUS
3586153,2024-02-19,VUS,2024-02-19,VUS
3586155,2024-04-06,LP,2025-10-10,LP
3586156,2023-12-27,VUS,2023-12-27,VUS
3586157,2024-06-04,VUS,2024-06-04,VUS
3589734,2024-04-28,VUS,2024-04-28,VUS
3589735,2024-02-03,VUS,2025-05-21,VUS
3589736,2024-01-30,VUS,2024-01-30,VUS
3589737,2024-02-19,VUS,2024-02-19,VUS
3589738,2024-01-08,VUS,2024-01-08,VUS
3589740,2024-05-13,VUS,2024-05-13,VUS
3589742,2024-04-22,VUS,2024-04-22,VUS
3589743,2024-02-06,VUS,2025-08-24,VUS
3589744,2024-04-13,LP,2024-04-13,LP
3589745,2024-04-28,VUS,2024-04-28,VUS
3589746,2024-05-18,VUS,2024-05-18,VUS
3589747,2024-03-08,VUS,2024-03-08,VUS
3589749,2024-03-26,VUS,2025-09-26,VUS
3589750,2024-03-13,LP,2024-03-13,LP
3589751,2024-06-21,VUS,2024-06-21,VUS
3589752,2024-05-07,VUS,2024-05-07,VUS
3589753,2024-04-10,VUS,2024-04-10,VUS
3589755,2024-01-16,VUS,2024-01-16,VUS
3589756,2024-01-05,VUS,2025-09-26,VUS
3589757,2024-05-07,VUS,2025-08-07,VUS
3589758,2024-05-08,LP,2024-09-01,LP
3589759,2024-03-20,VUS,2024-03-20,VUS
3589760,2024-02-17,LP,2024-02-17,LP
3589761,2024-04-09,LP,2024-04-09,LP
3589763,2024-01-26,LP,2024-01-26,LP
3589766,2024-06-01,VUS,2024-06-01,VUS
3589767,2024-05-23,VUS,2024-05-23,VUS
3589768,2024-06-18,VUS,2024-10-30,VUS
3589769,2024-03-13,VUS,2024-03-13,VUS
3589770,2024-03-18,VUS,2024-03-18,VUS
3589773,2024-03-26,VUS,2024-03-26,VUS
3589774,2023-12-24,VUS,2023-12-24,VUS
3589775,2024-03-20,VUS,2024-03-20,VUS
3589776,2024-04-17,VUS,2025-09-26,VUS
3589778,2024-06-14,VUS,2024-06-14,VUS
3589779,2024-05-27,VUS,2024-05-27,VUS
3589780,2024-01-20,VUS,2024-01-20,VUS
3589781,2024-05-03,LP,2024-05-03,LP
3597846,2024-02-08,LP,2024-02-08,LP
3597847,2024-04-15,VUS,2024-04-15,VUS
3597848,2024-06-20,LP,2024-06-20,LP
3597849,2024-01-14,VUS,2024-01-14,VUS
3597851,2024-05-22,VUS,2024-05-22,VUS
3597852,2024-02-07,LP,2024-02-07,LP
3597853,2024-05-07,VUS,2024-05-07,VUS
3597854,2024-02-26,LP,2024-02-26,LP
3597855,2024-02-13,LP,2024-02-13,LP
3597856,2024-06-04,VUS,2024-06-04,VUS
3597858,2024-05-16,LP,2024-05-16,LP
3597859,2024-01-09,VUS,2025-06-30,VUS
3597860,2024-06-13,LP,2024-06-13,LP
3597861,2024-06-17,VUS,2025-11-03,VUS
3597862,2024-04-25,LP,2024-04-25,LP
3597863,2024-05-30,LP,2024-05-30,LP
3597864,2024-01-04,P,2024-01-04,P
3597865,2024-05-10,VUS,2025-12-31,VUS
3597866,2024-03-06,LP,2024-03-06,LP
3597867,2024-06-01,LP,2024-06-01,LP
3597868,2024-03-30,LP,2024-03-30,LP
3597869,2024-05-06,LP,2024-05-06,LP
3597871,2024-05-21,VUS,2024-05-21,VUS
3597872,2024-06-14,VUS,2024-06-14,VUS
3597873,2024-05-07,LP,2024-05-07,LP
3597874,2024-05-20,P,2024-05-20,P
3597875,2024-05-01,LP,2024-05-01,LP
3597876,2024-05-23,P,2024-05-23,P
3597877,2024-02-20,VUS,2024-02-20,VUS
3597878,2024-01-22,VUS,2024-01-22,VUS
3597880,2024-04-19,LP,2024-04-19,LP
3597881,2024-05-18,VUS,2024-05-18,VUS
3597882,2024-06-03,LP,2024-06-03,LP
3597883,2024-02-12,VUS,2024-02-12,VUS
3597884,2024-05-02,P,2024-05-02,P
3597885,2024-05-07,VUS,2024-05-07,VUS
3597886,2024-04-18,P,2024-04-18,P
3597887,2024-03-01,LP,2025-03-19,LP
3597888,2024-05-02,LP,2024-05-02,LP
3597889,2024-05-25,LP,2024-05-25,LP
3597890,2024-05-13,LP,2024-05-13,LP
3597891,2024-02-19,VUS,2024-02-19,VUS
3597892,2024-01-03,LP,2024-01-03,LP
3597893,2024-05-20,VUS,2024-05-20,VUS
3597894,2024-06-15,LP,2024-06-15,LP
3597895,2024-01-21,VUS,2024-01-21,VUS
3597896,2024-05-07,VUS,2024-05-07,VUS
3597897,2024-03-19,LP,2024-03-19,LP
3597898,2024-01-04,VUS,2024-01-04,VUS
3597899,2024-04-16,LP,2024-04-16,LP
3597900,2024-03-08,VUS,2024-03-08,VUS
3597901,2024-01-04,LP,2024-04-02,LP
3597902,2024-04-09,P,2024-04-09,P
3597904,2024-05-01,LP,2024-05-01,LP
3597905,2024-02-07,P,2025-11-21,P
3597906,2024-04-23,P,2024-11-19,P
3597907,2024-04-19,P,2024-04-19,P
3597908,2024-04-16,LP,2024-04-16,LP
3597909,2024-01-03,LP,2024-01-03,LP
3597910,2024-02-01,VUS,2024-02-01,VUS
3597911,2024-05-13,VUS,2024-05-13,VUS
3597912,2024-06-12,VUS,2024-06-12,VUS
3597914,2024-05-09,VUS,2024-05-09,VUS
3597915,2024-06-12,VUS,2024-06-12,VUS
3597916,2024-01-07,VUS,2024-01-07,VUS
3597917,2024-01-02,VUS,2024-01-02,VUS
3597918,2024-02-27,LP,2024-02-27,LP
3597920,2024-01-07,P,2024-01-07,P
3597922,2024-04-09,VUS,2024-04-09,VUS
3597923,2024-01-12,LP,2024-01-12,LP
3597925,2024-06-03,LP,2024-06-03,LP
3597926,2024-04-11,LP,2024-04-11,LP
3597928,2024-04-16,LP,2024-04-16,LP
3597929,2024-06-21,VUS,2024-06-21,VUS
3597931,2024-05-09,P,2024-05-09,P
3597932,2024-04-11,LP,2024-04-11,LP
3597934,2024-06-18,VUS,2025-06-07,VUS
3597935,2024-05-03,LP,2024-05-03,LP
3597936,2024-03-18,VUS,2024-03-18,VUS
3597938,2024-05-27,LP,2024-05-27,LP
3597939,2024-02-12,LP,2024-02-12,LP
3597940,2024-02-07,LP,2024-02-07,LP
3597941,2024-02-10,LP,2024-02-10,LP
3597942,2024-02-03,VUS,2025-03-27,VUS
3597943,2024-04-29,VUS,2024-04-29,VUS
3597944,2024-01-23,VUS,2024-01-23,VUS
3597946,2024-04-20,LP,2024-04-20,LP
3597947,2024-05-29,LP,2024-05-29,LP
3597948,2024-05-29,LP,2024-05-29,LP
3597949,2024-01-30,LP,2024-01-30,LP
3597950,2024-01-08,VUS,2024-01-08,VUS
3597951,2024-03-18,P,2024-03-18,P
3597952,2024-03-18,VUS,2024-03-18,VUS
3597953,2024-02-27,VUS,2024-02-27,VUS
3597954,2024-06-20,VUS,2024-06-20,VUS
3597955,2024-05-21,VUS,2024-05-21,VUS
3597956,2024-03-11,LP,2024-03-11,LP
3597957,2024-05-11,LP,2024-05-11,LP
3597958,2024-05-24,LP,2024-05-24,LP
3597959,2024-02-07,VUS,2024-02-07,VUS
3597961,2024-01-26,P,2024-06-21,P
3597962,2024-06-03,LP,2024-06-03,LP
3597964,2024-03-19,LP,2024-03-19,LP
3597965,2024-04-13,VUS,2024-04-13,VUS
3597966,2024-03-20,VUS,2024-03-20,VUS
3597967,2024-01-13,VUS,2025-07-14,VUS
3597968,2024-04-16,VUS,2024-04-16,VUS
3597969,2024-02-21,P,2024-02-21,P
3597970,2024-05-13,LP,2024-05-13,LP
3597971,2024-01-18,LP,2024-01-18,LP
3597972,2024-04-23,LP,2024-04-23,LP
3597973,2024-03-08,LP,2024-03-08,LP
3597974,2024-04-10,LP,2025-09-10,LP
3597975,2024-02-20,LP,2024-02-20,LP
3597976,2023-12-29,LP,2023-12-29,LP
3597977,2024-04-24,VUS,2024-04-24,VUS
3597978,2024-02-13,LP,2024-02-13,LP
3597979,2024-04-15,VUS,2024-04-15,VUS
3597980,2024-01-02,LP,2024-01-02,LP
3597981,2024-04-29,VUS,2024-04-29,VUS
3597982,2024-01-30,VUS,2024-01-30,VUS
3597983,2024-04-20,LP,2024-04-20,LP
3597984,2024-01-03,LP,2024-01-03,LP
3597986,2023-12-28,P,2023-12-28,P
3597987,2024-02-27,LP,2024-02-27,LP
3597988,2024-01-10,LP,2024-01-10,LP
3597989,2024-06-25,VUS,2024-06-25,VUS
3597990,2024-02-01,VUS,2024-02-01,VUS
3597991,2024-01-05,VUS,2024-01-05,VUS
3597992,2024-04-11,LP,2024-04-11,LP
3597993,2024-01-30,VUS,2024-07-23,VUS
3597994,2024-03-20,VUS,2025-08-09,VUS
3597995,2024-06-17,LP,2024-06-17,LP
3597996,2024-06-07,LP,2024-06-07,LP
3597997,2024-06-19,P,2024-06-19,P
3597998,2024-02-07,VUS,2024-02-07,VUS
3597999,2024-05-31,LP,2024-05-31,LP
3598000,2024-02-03,VUS,2024-02-03,VUS
3598001,2024-03-19,VUS,2024-03-19,VUS
3598002,2024-03-14,LP,2024-03-14,LP
3598003,2024-03-22,VUS,2024-03-22,VUS
3600348,2025-01-21,LP,2025-10-02,LP
3600350,2025-01-24,LP,2025-01-24,LP
3600398,2024-05-29,VUS,2024-05-29,VUS
3600625,2024-07-26,VUS,2024-07-26,VUS
3601067,2025-01-09,P,2025-01-09,P
3601068,2025-01-09,P,2025-01-09,P
3601973,2024-12-17,VUS,2024-12-17,VUS
3601974,2025-01-10,P,2025-01-10,P
3601982,2024-12-11,P,2024-12-11,P
3601996,2025-01-08,VUS,2025-01-08,VUS
3601998,2025-01-09,VUS,2025-01-09,VUS
3601999,2025-01-14,VUS,2025-01-14,VUS
3602292,2024-07-30,VUS,2024-07-30,VUS
3602816,2024-08-08,VUS,2024-08-08,VUS
3603057,2024-07-26,VUS,2024-07-26,VUS
3603624,2024-10-17,VUS,2024-10-17,VUS
3603772,2025-01-24,VUS,2025-01-24,VUS
3603948,2025-04-08,VUS,2025-11-03,VUS
3604175,2025-02-06,VUS,2025-02-06,VUS
3604181,2025-01-30,VUS,2025-01-30,VUS
3604320,2024-04-01,LB,2024-04-01,LB
3604331,2024-03-30,LB,2024-03-30,LB
3604839,2024-02-01,LB,2024-02-01,LB
3604903,2025-10-23,VUS,2025-10-23,VUS
3604987,2024-05-02,LB,2024-05-02,LB
3605233,2024-03-24,LB,2024-03-24,LB
3605445,2025-01-07,LB,2025-01-07,LB
3605489,2024-04-03,LB,2024-04-03,LB
3605502,2024-05-01,LB,2024-05-01,LB
3605726,2024-03-02,LB,2024-03-02,LB
3605752,2024-09-01,LB,2024-09-01,LB
3605763,2024-12-19,LB,2024-12-19,LB
3606033,2025-03-06,LB,2025-03-06,LB
3606258,2024-04-09,LB,2024-04-09,LB
3606275,2025-04-22,LB,2025-04-22,LB
3606553,2024-10-10,LB,2024-10-10,LB
3606681,2025-10-08,VUS,2025-10-08,VUS
3606708,2024-03-24,LB,2024-03-24,LB
3606748,2025-10-29,VUS,2025-10-29,VUS
3606924,2025-01-29,LB,2025-01-29,LB
3607058,2024-10-20,VUS,2024-10-20,VUS
3607127,2024-11-28,B,2024-11-28,B
3607130,2025-10-16,B,2025-10-16,B
3607293,2024-05-29,VUS,2025-11-26,VUS
3607698,2024-07-17,LB,2024-07-17,LB
3607885,2024-07-31,VUS,2024-07-31,VUS
3608055,2025-05-14,LB,2025-05-14,LB
3608072,2024-06-09,LB,2024-06-09,LB
3608188,2024-04-02,VUS,2024-04-02,VUS
3608633,2024-10-22,LB,2024-10-22,LB
3608815,2024-03-28,LB,2024-03-28,LB
3609011,2025-02-17,LB,2025-02-17,LB
3609068,2024-02-12,LB,2024-02-12,LB
3609133,2024-02-16,LB,2024-02-16,LB
3609159,2024-04-16,VUS,2024-04-16,VUS
3609325,2024-09-09,LB,2024-09-09,LB
3609539,2024-04-29,VUS,2024-04-29,VUS
3609667,2024-07-31,VUS,2024-07-31,VUS
3609765,2024-08-12,LB,2024-08-12,LB
3609814,2024-04-16,LB,2024-04-16,LB
3609852,2024-11-27,LB,2024-11-27,LB
3610131,2024-02-01,LB,2024-02-01,LB
3610136,2024-10-30,VUS,2024-10-30,VUS
3610164,2024-07-16,VUS,2024-07-16,VUS
3610203,2025-04-13,VUS,2025-04-13,VUS
3610413,2025-08-25,LB,2025-11-03,LB
3610478,2025-05-21,LB,2025-05-21,LB
3610516,2024-09-24,VUS,2025-06-10,VUS
3610602,2025-02-26,VUS,2025-02-26,VUS
3611072,2024-07-16,VUS,2024-07-16,VUS
3611238,2024-09-26,LB,2024-09-26,LB
3611276,2025-12-21,LB,2025-12-21,LB
3611492,2024-12-04,LB,2024-12-04,LB
3611552,2025-06-12,LB,2025-06-12,LB
3611565,2024-03-13,LB,2024-03-13,LB
3611784,2024-04-02,VUS,2024-04-02,VUS
3611862,2025-10-23,VUS,2025-10-23,VUS
3612092,2024-03-25,LB,2024-03-25,LB
3612341,2025-05-15,VUS,2025-05-15,VUS
3612378,2024-09-18,LB,2024-09-18,LB
3612455,2024-09-02,VUS,2026-03-10,VUS
3612528,2024-03-07,VUS,2024-03-07,VUS
3612608,2024-08-08,LB,2024-08-08,LB
3612626,2024-05-11,VUS,2024-05-11,VUS
3612732,2025-06-12,LB,2025-06-12,LB
3612757,2024-04-18,VUS,2024-04-18,VUS
3613038,2024-05-29,LB,2024-05-29,LB
3613056,2024-11-11,VUS,2025-01-16,VUS
3613094,2024-11-27,VUS,2024-11-27,VUS
3613144,2024-07-26,LB,2024-07-26,LB
3613385,2024-11-30,VUS,2025-02-11,VUS
3613462,2025-02-17,VUS,2025-02-17,VUS
3613571,2024-05-20,VUS,2024-05-20,VUS
3613597,2025-09-23,VUS,2025-09-26,VUS
3613650,2024-02-07,LB,2024-02-07,LB
3613655,2024-05-27,B,2024-05-27,B
3613730,2024-02-09,P,2024-02-09,P
3613737,2024-12-13,VUS,2024-12-13,VUS
3613785,2024-09-29,LB,2024-09-29,LB
3613938,2024-06-08,LB,2024-06-08,LB
3614032,2024-04-06,VUS,2024-04-06,VUS
3614033,2025-03-09,VUS,2025-03-09,VUS
3614158,2024-09-28,LB,2024-09-28,LB
3614190,2024-08-09,VUS,2024-08-09,VUS
3614200,2024-02-14,VUS,2024-02-14,VUS
3614354,2024-10-22,LB,2024-10-22,LB
3614371,2026-01-19,VUS,2026-01-19,VUS
3614403,2025-01-18,VUS,2025-01-18,VUS
3615108,2024-10-31,LB,2024-10-31,LB
3615196,2026-01-26,LB,2026-01-26,LB
3615372,2024-09-28,VUS,2024-09-28,VUS
3615420,2025-01-13,LB,2025-01-13,LB
3615617,2024-10-12,LB,2024-10-12,LB
3615942,2024-05-31,VUS,2024-05-31,VUS
3615947,2024-09-09,LB,2024-09-09,LB
3615951,2024-04-07,LB,2024-04-07,LB
3616001,2024-03-09,VUS,2024-03-09,VUS
3616044,2024-12-15,VUS,2024-12-15,VUS
3616074,2024-11-11,LB,2025-01-29,LB
3616142,2024-03-02,VUS,2024-03-02,VUS
3616260,2024-06-11,LB,2024-06-11,LB
3616430,2024-04-14,LB,2024-04-14,LB
3616444,2025-10-26,VUS,2025-10-26,VUS
3616590,2024-02-22,LB,2024-02-22,LB
3616594,2024-10-09,LB,2024-10-09,LB
3616653,2024-03-26,LB,2024-03-26,LB
3616866,2024-02-17,LB,2024-02-17,LB
3617206,2024-10-07,LB,2024-10-07,LB
3617282,2024-07-04,VUS,2024-07-04,VUS
3617491,2025-07-31,VUS,2025-07-31,VUS
3617619,2024-10-17,VUS,2024-10-17,VUS
3617723,2024-11-13,LB,2024-11-13,LB
3618361,2024-05-31,LB,2024-05-31,LB
3618409,2024-09-11,VUS,2024-09-11,VUS
3618519,2024-05-18,LB,2025-10-01,LB
3618548,2025-12-23,VUS,2025-12-23,VUS
3618619,2024-03-07,VUS,2024-03-07,VUS
3618620,2025-06-12,LB,2025-06-12,LB
3618795,2024-09-09,VUS,2025-04-10,VUS
3618805,2024-12-30,VUS,2024-12-30,VUS
3618869,2024-02-22,LB,2024-02-22,LB
3618910,2025-09-15,VUS,2025-09-15,VUS
3618959,2024-07-21,LB,2024-07-21,LB
3619033,2024-04-25,VUS,2024-04-25,VUS
3619073,2025-12-08,VUS,2025-12-08,VUS
3619238,2024-03-04,VUS,2024-03-04,VUS
3619385,2024-09-28,LB,2024-09-28,LB
3619942,2025-10-04,B,2025-10-04,B
3620013,2024-11-15,LB,2024-11-15,LB
3620198,2025-10-20,VUS,2025-10-20,VUS
3620245,2024-05-27,LB,2024-05-27,LB
3620285,2024-07-29,LB,2024-07-29,LB
3620402,2025-08-01,VUS,2025-08-01,VUS
3620418,2024-12-24,LB,2024-12-24,LB
3620495,2024-06-10,VUS,2024-06-10,VUS
3620643,2024-11-25,VUS,2024-11-25,VUS
3620808,2024-04-08,LB,2024-04-08,LB
3620942,2025-06-12,VUS,2025-06-12,VUS
3621151,2024-06-04,P,2024-06-04,P
3621270,2024-12-18,VUS,2024-12-18,VUS
3621483,2024-06-20,P,2024-06-20,P
3621608,2024-11-25,VUS,2024-11-25,VUS
3621669,2024-07-11,LB,2024-07-11,LB
3621671,2024-06-20,LB,2024-06-20,LB
3622051,2025-03-03,LB,2025-03-03,LB
3622331,2024-12-24,LB,2024-12-24,LB
3622374,2024-02-06,LB,2024-02-06,LB
3622593,2024-07-23,VUS,2024-07-23,VUS
3622703,2025-01-11,VUS,2025-01-11,VUS
3622836,2025-01-12,VUS,2025-01-12,VUS
3622929,2024-05-12,LB,2024-05-12,LB
3623055,2024-07-30,VUS,2024-07-30,VUS
3623070,2025-02-25,LB,2025-02-25,LB
3623193,2024-07-27,LB,2024-07-27,LB
3623509,2024-03-31,VUS,2024-03-31,VUS
3623688,2024-04-06,VUS,2024-04-06,VUS
3623859,2024-12-10,VUS,2024-12-10,VUS
3624140,2024-11-25,LP,2024-11-25,LP
3624152,2024-10-19,LB,2024-10-19,LB
3624388,2025-01-07,VUS,2025-10-02,VUS
3624456,2024-03-18,LB,2024-03-18,LB
3624488,2024-05-28,LB,2024-05-28,LB
3624597,2025-12-01,LB,2025-12-01,LB
3624642,2025-05-13,LB,2025-05-13,LB
3624693,2025-07-28,VUS,2025-07-28,VUS
3624713,2024-08-22,LB,2024-08-22,LB
3624900,2025-02-24,LB,2025-02-24,LB
3624917,2024-02-26,LB,2024-02-26,LB
3625081,2024-09-05,LB,2024-09-05,LB
3625093,2024-03-16,LB,2024-03-16,LB
3625166,2024-02-13,LB,2024-02-13,LB
3625348,2025-04-17,LB,2025-04-17,LB
3625408,2024-06-25,VUS,2024-06-25,VUS
3625595,2024-09-10,LB,2024-09-10,LB
3626005,2024-03-28,LB,2024-03-28,LB
3626518,2024-09-05,LB,2024-09-05,LB
3626649,2024-10-16,LB,2024-10-16,LB
3626722,2025-09-02,LB,2025-09-02,LB
3626852,2024-10-29,VUS,2024-10-29,VUS
3626855,2025-09-08,VUS,2025-09-08,VUS
3627004,2025-06-12,LB,2025-06-12,LB
3627092,2024-09-28,VUS,2024-09-28,VUS
3627244,2024-07-22,LB,2024-07-22,LB
3627383,2024-07-24,LB,2024-07-24,LB
3627446,2024-05-16,VUS,2024-05-16,VUS
3627454,2024-07-30,VUS,2024-07-30,VUS
3627600,2024-09-16,LB,2024-09-16,LB
3627623,2024-10-16,VUS,2024-10-16,VUS
3627702,2024-09-29,VUS,2024-09-29,VUS
3628001,2024-07-05,VUS,2024-07-05,VUS
3628260,2025-01-23,VUS,2025-01-23,VUS
3628451,2024-11-23,VUS,2024-11-23,VUS
3628655,2024-11-27,LB,2024-11-27,LB
3629022,2024-09-15,LB,2024-09-15,LB
3629041,2024-08-23,VUS,2024-08-23,VUS
3629082,2024-08-22,LB,2024-08-22,LB
3629679,2024-11-13,LB,2024-11-13,LB
3629711,2024-11-11,VUS,2024-11-11,VUS
3629859,2024-11-04,LB,2024-11-04,LB
3629862,2024-11-04,LB,2024-11-04,LB
3630040,2024-11-18,LP,2024-11-18,LP
3630608,2025-11-24,VUS,2025-11-24,VUS
3630641,2024-01-30,LB,2024-01-30,LB
3630843,2025-12-22,VUS,2025-12-22,VUS
3630969,2024-09-28,VUS,2024-09-28,VUS
3631404,2024-06-26,VUS,2024-06-26,VUS
3631467,2025-03-17,VUS,2025-03-17,VUS
3631524,2024-02-23,LB,2024-02-23,LB
3631556,2024-02-04,LB,2024-02-04,LB
3631558,2024-02-04,LB,2024-02-04,LB
3631852,2024-02-02,LB,2024-02-02,LB
3631978,2025-09-16,LB,2025-09-16,LB
3632058,2024-02-06,LB,2024-02-06,LB
3632175,2024-05-28,VUS,2024-05-28,VUS
3632263,2024-03-18,LB,2024-03-18,LB
3632391,2024-06-26,LB,2024-06-26,LB
3632398,2024-02-04,LB,2024-02-04,LB
3632579,2024-01-08,LB,2024-01-08,LB
3632630,2024-07-29,VUS,2024-07-29,VUS
3632634,2025-01-30,VUS,2025-01-30,VUS
3632717,2025-08-29,P,2025-08-29,P
3632766,2025-03-07,LB,2025-03-07,LB
3632798,2024-02-07,VUS,2024-02-07,VUS
3632973,2024-02-09,LB,2024-02-09,LB
3632992,2024-01-19,P,2024-01-19,P
3633131,2024-02-03,LB,2024-02-03,LB
3633187,2024-12-17,LB,2024-12-17,LB
3633209,2025-01-23,LB,2025-01-23,LB
3633301,2024-01-25,LB,2024-01-25,LB
3634120,2024-09-14,VUS,2024-09-14,VUS
3634122,2024-12-03,LP,2025-08-29,LP
3634123,2024-06-06,VUS,2024-06-06,VUS
3634124,2024-09-28,LP,2024-09-28,LP
3634125,2024-05-23,VUS,2024-05-23,VUS
3634126,2024-03-12,VUS,2024-03-12,VUS
3634127,2024-08-08,VUS,2024-08-08,VUS
3634128,2024-08-23,VUS,2024-08-23,VUS
3634130,2024-11-30,VUS,2024-11-30,VUS
3634132,2024-10-08,VUS,2024-10-08,VUS
3634133,2024-06-30,VUS,2024-06-30,VUS
3636310,2024-07-21,VUS,2024-07-21,VUS
3636311,2024-10-03,VUS,2024-10-03,VUS
3636312,2024-12-03,P,2024-12-03,P
3636313,2024-04-22,P,2024-04-22,P
3636314,2024-04-09,LP,2024-04-09,LP
3636315,2024-12-04,LP,2024-12-04,LP
3636316,2024-09-12,VUS,2024-09-12,VUS
3636317,2024-09-12,LP,2024-09-12,LP
3636318,2024-07-08,LP,2024-07-08,LP
3636319,2025-01-13,VUS,2025-01-13,VUS
3636320,2024-02-22,LP,2024-02-22,LP
3636323,2024-09-19,VUS,2024-09-19,VUS
3636324,2024-07-19,VUS,2024-07-19,VUS
3636325,2024-06-23,LP,2024-06-23,LP
3636326,2024-08-07,LP,2024-08-07,LP
3636328,2024-04-03,LP,2024-04-03,LP
3636329,2024-12-18,VUS,2024-12-18,VUS
3636330,2025-05-14,LP,2025-05-14,LP
3636332,2024-05-23,LP,2024-05-23,LP
3636333,2024-09-11,VUS,2024-09-11,VUS
3636334,2024-08-27,VUS,2024-08-27,VUS
3636934,2024-02-08,LB,2024-02-08,LB
3637424,2024-01-29,LB,2024-01-29,LB
3637453,2024-01-30,LB,2024-01-30,LB
3637868,2024-01-31,LB,2024-01-31,LB
3637919,2024-02-05,LB,2024-02-05,LB
3638120,2024-02-01,LB,2024-02-01,LB
3638214,2024-02-02,VUS,2024-02-02,VUS
3638430,2024-02-10,VUS,2024-02-10,VUS
3638538,2024-02-02,P,2024-02-02,P
3638793,2024-02-04,LB,2024-02-04,LB
3638840,2024-02-04,LB,2024-02-04,LB
3638854,2024-10-01,VUS,2024-10-01,VUS
3639347,2024-02-19,VUS,2024-02-19,VUS
3639443,2025-10-18,P,2025-10-18,P
3639444,2024-02-07,LB,2024-02-07,LB
3639447,2024-02-07,LB,2024-02-07,LB
3639477,2024-02-07,P,2024-02-07,P
3639683,2024-02-08,LB,2024-02-08,LB
3639736,2024-10-29,LP,2024-10-29,LP
3639766,2024-02-17,VUS,2024-02-17,VUS
3639786,2025-01-18,VUS,2025-01-18,VUS
3639899,2024-02-09,VUS,2024-02-09,VUS
3639970,2024-06-13,LB,2024-06-13,LB
3639971,2024-05-10,LB,2024-05-10,LB
3640072,2024-02-10,LP,2024-02-10,LP
3640169,2024-02-26,LB,2024-02-26,LB
3640211,2024-02-12,B,2024-02-12,B
3640310,2024-02-12,P,2024-02-12,P
3640395,2024-02-18,VUS,2024-02-18,VUS
3641375,2025-07-07,LB,2025-07-07,LB
3641420,2024-09-30,B,2024-09-30,B
3641435,2024-04-30,P,2024-04-30,P
3641589,2024-02-17,VUS,2024-02-17,VUS
3641612,2024-02-17,LB,2024-02-17,LB
3641616,2024-02-17,LB,2024-02-17,LB
3641620,2024-09-04,VUS,2025-07-01,VUS
3641890,2024-02-18,LP,2024-02-18,LP
3642526,2024-02-22,LB,2024-02-22,LB
3642757,2024-02-23,P,2024-02-23,P
3642783,2024-02-23,LB,2024-02-23,LB
3642803,2025-07-21,VUS,2025-07-21,VUS
3642908,2024-10-21,LB,2024-10-21,LB
3642917,2024-02-23,P,2024-02-23,P
3642931,2024-02-23,LB,2024-02-23,LB
3643112,2024-08-11,VUS,2024-08-11,VUS
3643150,2024-02-24,LB,2024-02-24,LB
3643267,2024-02-25,LB,2024-02-25,LB
3643280,2024-02-25,LB,2024-02-25,LB
3643426,2024-02-26,LB,2024-02-26,LB
3643544,2024-02-27,LB,2024-02-27,LB
3643574,2024-03-05,LB,2024-03-05,LB
3643613,2024-06-20,VUS,2024-06-20,VUS
3643742,2024-02-29,LB,2024-02-29,LB
3643831,2024-03-01,P,2024-03-01,P
3643964,2024-03-01,LB,2024-03-01,LB
3644352,2024-03-03,LB,2024-03-03,LB
3644588,2024-03-05,LB,2024-03-05,LB
3644626,2024-03-05,VUS,2024-03-05,VUS
3644635,2024-03-05,LP,2024-03-05,LP
3644673,2024-07-10,LP,2024-07-10,LP
3645004,2024-03-07,VUS,2024-03-07,VUS
3645055,2024-03-07,LB,2024-03-07,LB
3645073,2024-03-07,VUS,2024-03-07,VUS
3645213,2024-10-07,LB,2024-10-07,LB
3645226,2024-03-09,VUS,2024-03-09,VUS
3645246,2024-05-17,VUS,2024-05-17,VUS
3645306,2024-03-10,LP,2024-03-10,LP
3645372,2024-03-11,LB,2024-03-11,LB
3645417,2024-03-12,LB,2024-03-12,LB
3645476,2024-03-12,LB,2024-03-12,LB
3645503,2025-07-10,LB,2025-07-10,LB
3645661,2024-03-13,LB,2024-03-13,LB
3645775,2024-03-13,LB,2024-03-13,LB
3645782,2024-03-13,LB,2024-03-13,LB
3646052,2024-04-20,P,2024-04-20,P
3646254,2024-03-16,VUS,2024-03-16,VUS
3646617,2024-03-21,LB,2024-03-21,LB
3646668,2024-03-18,VUS,2024-03-18,VUS
3646760,2024-03-19,LB,2024-03-19,LB
3646789,2024-03-26,VUS,2024-03-26,VUS
3646980,2024-03-20,LB,2024-03-20,LB
3647062,2024-03-20,VUS,2024-03-20,VUS
3647065,2024-03-20,LP,2024-03-20,LP
3647229,2024-03-21,LB,2024-03-21,LB
3647518,2024-03-24,VUS,2024-03-24,VUS
3647571,2025-10-12,VUS,2025-10-12,VUS
3647615,2024-03-25,LP,2024-03-25,LP
3647953,2024-06-19,VUS,2024-06-19,VUS
3648334,2025-01-12,VUS,2025-01-12,VUS
3648464,2024-04-02,VUS,2024-04-02,VUS
3648470,2024-04-09,LB,2024-04-09,LB
3648592,2024-04-03,VUS,2024-04-03,VUS
3648691,2024-04-03,VUS,2024-04-03,VUS
3648896,2024-04-05,VUS,2024-04-05,VUS
3649019,2024-04-06,P,2024-04-06,P
3649043,2024-04-06,P,2024-04-06,P
3649213,2025-08-25,VUS,2025-08-25,VUS
3649367,2024-04-09,VUS,2024-04-09,VUS
3649835,2024-06-03,VUS,2024-06-03,VUS
3649849,2024-04-14,LP,2024-04-14,LP
3649978,2025-12-08,LB,2025-12-08,LB
3650271,2024-04-17,VUS,2024-04-17,VUS
3650572,2024-04-22,VUS,2024-04-22,VUS
3650911,2024-04-25,VUS,2024-04-25,VUS
3650991,2024-12-29,LP,2024-12-29,LP
3651094,2024-05-02,VUS,2024-05-02,VUS
3651286,2024-04-26,P,2024-04-26,P
3651287,2024-04-29,LB,2024-04-29,LB
3651402,2024-04-27,LB,2024-04-27,LB
3651487,2024-04-29,VUS,2024-04-29,VUS
3651599,2024-11-27,LB,2024-11-27,LB
3651714,2024-05-02,LB,2024-05-02,LB
3652020,2025-09-29,VUS,2025-09-29,VUS
3652045,2024-05-03,VUS,2024-05-03,VUS
3652246,2026-01-22,LB,2026-01-22,LB
3653213,2024-05-13,LB,2024-05-13,LB
3653515,2024-05-15,LB,2024-05-15,LB
3653892,2025-06-12,LB,2025-06-12,LB
3654148,2024-06-04,VUS,2024-06-04,VUS
3654528,2024-05-06,VUS,2024-05-06,VUS
3654687,2024-07-20,VUS,2024-07-20,VUS
3655045,2024-08-17,VUS,2024-08-17,VUS
3655293,2024-09-06,VUS,2024-09-06,VUS
3655311,2024-10-21,LB,2024-10-21,LB
3655347,2024-06-02,VUS,2024-06-02,VUS
3655545,2024-07-25,VUS,2024-07-25,VUS
3656147,2024-06-10,LB,2024-06-10,LB
3656160,2024-06-10,VUS,2024-06-10,VUS
3656639,2024-06-13,LB,2024-06-13,LB
3656728,2024-06-15,VUS,2024-06-15,VUS
3656852,2024-06-17,VUS,2024-06-17,VUS
3656978,2024-06-19,VUS,2024-06-19,VUS
3657325,2025-02-10,VUS,2025-02-10,VUS
3657326,2024-06-21,VUS,2024-06-21,VUS
3657773,2024-06-25,VUS,2024-06-25,VUS
3657790,2024-09-21,LP,2024-09-21,LP
3657853,2024-06-25,VUS,2024-06-25,VUS
3657869,2024-06-26,LB,2024-06-26,LB
3657994,2024-06-26,VUS,2024-06-26,VUS
3658168,2024-06-28,VUS,2024-06-28,VUS
3658307,2024-07-12,VUS,2024-07-12,VUS
3658643,2024-07-17,LB,2024-07-17,LB
3659028,2024-07-15,VUS,2024-07-15,VUS
3659302,2024-07-12,VUS,2024-07-12,VUS
3659680,2024-08-21,VUS,2024-08-21,VUS
3659943,2024-07-19,VUS,2025-09-26,VUS
3660697,2024-07-28,VUS,2024-07-28,VUS
3661136,2024-08-01,P,2024-08-01,P
3661253,2025-06-12,LB,2025-06-12,LB
3661595,2024-08-06,VUS,2024-08-06,VUS
3662198,2024-08-12,LB,2024-08-12,LB
3662451,2024-10-31,VUS,2024-10-31,VUS
3662460,2024-09-03,LB,2024-09-03,LB
3662582,2024-11-28,LB,2024-11-28,LB
3662861,2024-08-19,LB,2024-08-19,LB
3662952,2024-08-20,LB,2024-08-20,LB
3663282,2024-09-06,LB,2024-09-06,LB
3663309,2024-08-23,VUS,2024-08-23,VUS
3663667,2024-09-03,LB,2024-09-03,LB
3663834,2024-10-10,VUS,2024-10-10,VUS
3663868,2024-08-29,VUS,2024-08-29,VUS
3663967,2024-11-19,P,2024-11-19,P
3664285,2025-06-12,VUS,2025-06-12,VUS
3664388,2024-11-06,LB,2024-11-06,LB
3664535,2024-09-04,LB,2024-09-04,LB
3664677,2024-12-22,VUS,2024-12-22,VUS
3664957,2024-04-02,LB,2024-04-02,LB
3665272,2025-02-15,VUS,2025-02-15,VUS
3665354,2024-09-06,LB,2024-09-06,LB
3665601,2025-01-21,VUS,2025-01-21,VUS
3665703,2024-10-05,VUS,2024-10-05,VUS
3665918,2024-11-14,LB,2024-11-14,LB
3666143,2024-10-03,VUS,2024-10-03,VUS
3666445,2025-01-18,VUS,2025-01-18,VUS
3666565,2024-03-07,VUS,2024-03-07,VUS
3666656,2024-11-18,VUS,2024-11-18,VUS
3666657,2024-11-18,VUS,2024-11-18,VUS
3666836,2024-12-18,LB,2024-12-18,LB
3667392,2024-11-03,VUS,2026-04-15,VUS
3667592,2024-10-10,VUS,2024-10-10,VUS
3667707,2024-07-03,VUS,2024-07-03,VUS
3668448,2024-05-01,VUS,2024-05-01,VUS
3668569,2024-03-21,LB,2024-03-21,LB
3668942,2024-03-01,LB,2024-03-01,LB
3669057,2024-03-02,LB,2024-03-02,LB
3669822,2025-02-09,VUS,2025-09-05,VUS
3669952,2024-10-10,VUS,2025-09-01,VUS
3670451,2024-05-01,LB,2024-05-01,LB
3670497,2024-12-15,LB,2024-12-15,LB
3670592,2024-05-09,VUS,2024-05-09,VUS
3671042,2024-07-06,VUS,2024-07-06,VUS
3671099,2025-04-19,VUS,2025-04-19,VUS
3671484,2024-09-11,VUS,2024-09-11,VUS
3671504,2024-08-08,VUS,2024-08-08,VUS
3671812,2024-09-08,VUS,2024-09-08,VUS
3672118,2024-04-11,LB,2024-04-11,LB
3672307,2024-03-16,VUS,2024-03-16,VUS
3672382,2024-11-11,VUS,2024-11-11,VUS
3673343,2025-10-14,LB,2025-10-14,LB
3673652,2024-02-20,LB,2024-02-20,LB
3673841,2025-04-28,LB,2025-04-28,LB
3673968,2025-06-12,LB,2025-06-12,LB
3674030,2024-09-29,VUS,2024-09-29,VUS
3674206,2024-12-16,LB,2024-12-16,LB
3674286,2025-06-12,VUS,2025-06-12,VUS
3674340,2024-08-23,VUS,2024-08-23,VUS
3674405,2024-08-31,VUS,2024-08-31,VUS
3674576,2025-07-10,VUS,2025-07-10,VUS
3674679,2026-01-24,LB,2026-01-24,LB
3674896,2025-01-29,VUS,2025-01-29,VUS
3675019,2024-11-25,VUS,2024-11-25,VUS
3675190,2024-05-06,LB,2024-05-06,LB
3675828,2025-04-22,LB,2025-04-22,LB
3676088,2025-02-27,VUS,2025-02-27,VUS
3676303,2024-04-01,LB,2024-04-01,LB
3676337,2024-03-16,LB,2024-03-16,LB
3676512,2024-04-09,LB,2024-04-09,LB
3676573,2024-06-26,VUS,2024-06-26,VUS
3676697,2024-09-03,LB,2024-09-03,LB
3676851,2024-10-24,VUS,2024-10-24,VUS
3676918,2024-03-21,LB,2024-03-21,LB
3677025,2024-05-06,VUS,2024-05-06,VUS
3677203,2024-04-25,P,2025-10-03,P
3677204,2025-01-21,P,2025-01-21,P
3677222,2024-10-03,LB,2024-10-03,LB
3677291,2024-06-30,LB,2024-06-30,LB
3677376,2024-02-06,LB,2024-02-06,LB
3677460,2024-03-23,VUS,2024-03-23,VUS
3677462,2024-12-23,LB,2024-12-23,LB
3677477,2025-11-12,VUS,2025-11-12,VUS
3677570,2024-03-18,LB,2024-03-18,LB
3677571,2024-01-28,VUS,2024-01-28,VUS
3678148,2024-10-22,VUS,2024-10-22,VUS
3678226,2025-06-12,VUS,2025-06-12,VUS
3678248,2024-02-23,VUS,2024-02-23,VUS
3678286,2024-11-13,VUS,2024-11-13,VUS
3678448,2024-03-06,LB,2024-03-06,LB
3678463,2024-07-20,VUS,2024-07-20,VUS
3678592,2024-04-04,VUS,2024-04-04,VUS
3678675,2025-09-06,VUS,2025-09-06,VUS
3678859,2024-04-29,LB,2024-04-29,LB
3678950,2024-03-24,VUS,2024-03-24,VUS
3678988,2024-03-07,VUS,2024-03-07,VUS
3679112,2024-03-24,LB,2024-03-24,LB
3679310,2024-10-03,LB,2024-10-03,LB
3679369,2025-01-27,LB,2025-01-27,LB
3679573,2024-03-20,LB,2024-03-20,LB
3679616,2024-09-01,VUS,2024-09-01,VUS
3679679,2024-02-09,LB,2024-02-09,LB
3679750,2024-04-03,P,2024-04-03,P
3679906,2024-07-21,LB,2024-07-21,LB
3679919,2024-03-28,VUS,2024-03-28,VUS
3679941,2024-06-10,VUS,2024-06-10,VUS
3679957,2025-11-09,LB,2025-11-09,LB
3680072,2025-01-01,LB,2025-01-01,LB
3680493,2024-04-12,LB,2024-04-12,LB
3680520,2024-07-19,VUS,2024-07-19,VUS
3680631,2024-03-10,LB,2024-03-10,LB
3680822,2024-03-07,LB,2024-03-07,LB
3680880,2024-04-03,VUS,2024-04-03,VUS
3680904,2024-08-08,LB,2024-08-08,LB
3680925,2024-07-12,LB,2024-07-12,LB
3681064,2024-01-25,LB,2024-01-25,LB
3681538,2024-10-01,P,2024-10-01,P
3681666,2024-05-25,VUS,2024-05-25,VUS
3681796,2024-02-18,LB,2024-02-18,LB
3681920,2025-01-06,VUS,2025-01-06,VUS
3681952,2024-10-21,VUS,2024-10-21,VUS
3682015,2024-09-21,VUS,2024-09-21,VUS
3682026,2024-08-05,LB,2024-08-05,LB
3682099,2024-10-21,VUS,2024-10-21,VUS
3682195,2024-05-15,LB,2024-05-15,LB
3682497,2024-04-25,VUS,2024-04-25,VUS
3682507,2025-06-12,LB,2025-06-12,LB
3682852,2024-12-14,LB,2024-12-14,LB
3682900,2024-10-12,VUS,2024-10-12,VUS
3683035,2024-05-02,VUS,2025-04-25,VUS
3683064,2024-08-02,VUS,2024-08-02,VUS
3683139,2024-08-22,LB,2024-08-22,LB
3683302,2024-10-30,LB,2024-10-30,LB
3683399,2025-02-15,VUS,2025-02-15,VUS
3683504,2024-10-30,B,2024-10-30,B
3683766,2026-01-26,LB,2026-01-26,LB
3683776,2024-08-06,VUS,2024-08-06,VUS
3684019,2024-04-24,VUS,2024-04-24,VUS
3684181,2024-07-23,VUS,2024-07-23,VUS
3684224,2026-01-20,LB,2026-01-20,LB
3684576,2024-08-19,LB,2024-08-19,LB
3684604,2024-03-12,VUS,2024-03-12,VUS
3684725,2024-03-19,VUS,2024-03-19,VUS
3684772,2024-08-14,VUS,2024-08-14,VUS
3684888,2025-06-02,LB,2025-06-02,LB
3685225,2024-03-15,VUS,2024-03-15,VUS
3685244,2024-10-30,LB,2024-10-30,LB
3685270,2024-09-25,VUS,2024-09-25,VUS
3685436,2025-11-10,LB,2025-11-10,LB
3685469,2024-11-15,VUS,2024-11-15,VUS
3685620,2024-05-09,VUS,2024-05-09,VUS
3685941,2024-03-18,VUS,2024-03-18,VUS
3686091,2024-12-30,VUS,2024-12-30,VUS
3686278,2024-12-04,VUS,2024-12-04,VUS
3686282,2024-05-08,VUS,2024-05-08,VUS
3686321,2024-03-18,LB,2024-03-18,LB
3686493,2024-05-03,VUS,2024-05-03,VUS
3686821,2024-06-10,VUS,2024-06-10,VUS
3686939,2025-02-20,VUS,2025-02-20,VUS
3687008,2024-04-25,LB,2024-04-25,LB
3687118,2024-05-15,LB,2024-05-15,LB
3687153,2024-06-02,VUS,2024-06-02,VUS
3688133,2024-09-18,VUS,2024-09-18,VUS
3688169,2025-06-12,VUS,2025-06-12,VUS
3688406,2024-02-01,VUS,2024-02-01,VUS
3688515,2025-05-21,LB,2025-05-21,LB
3688687,2024-06-08,LB,2024-06-08,LB
3688791,2025-10-31,VUS,2025-10-31,VUS
3688822,2024-01-27,LB,2024-01-27,LB
3688834,2024-02-17,VUS,2024-02-17,VUS
3689101,2025-01-23,LB,2025-01-23,LB
3689425,2025-06-09,VUS,2025-06-09,VUS
3689549,2024-01-27,LB,2024-01-27,LB
3689591,2024-08-12,LB,2024-08-12,LB
3689981,2024-05-01,VUS,2025-09-30,VUS
3690046,2024-03-24,LB,2024-03-24,LB
3690072,2024-11-07,VUS,2024-11-07,VUS
3690185,2024-03-07,LB,2024-03-07,LB
3690245,2024-08-20,LB,2024-08-20,LB
3690303,2024-08-28,VUS,2024-08-28,VUS
3690382,2024-07-23,B,2024-07-23,B
3690557,2025-01-06,P,2025-01-06,P
3690558,2024-02-04,LB,2024-02-04,LB
3690622,2024-02-17,LB,2024-02-17,LB
3690655,2025-02-03,VUS,2025-02-03,VUS
3690802,2024-08-29,B,2024-08-29,B
3690884,2024-07-03,LB,2024-07-03,LB
3691032,2024-03-19,LB,2024-03-19,LB
3691132,2024-06-28,VUS,2024-06-28,VUS
3691148,2024-03-07,LB,2024-03-07,LB
3691443,2024-03-19,VUS,2024-03-19,VUS
3691529,2024-06-26,LB,2024-06-26,LB
3691688,2024-09-24,VUS,2024-09-24,VUS
3691974,2024-06-04,VUS,2024-06-04,VUS
3692063,2025-01-28,LB,2025-01-28,LB
3692075,2025-01-06,LB,2025-01-06,LB
3692129,2024-05-01,VUS,2024-05-01,VUS
3692540,2024-05-02,VUS,2024-05-02,VUS
3692906,2024-03-20,LB,2024-03-20,LB
3693090,2024-07-27,VUS,2024-07-27,VUS
3693334,2025-06-29,VUS,2025-06-29,VUS
3693800,2024-11-28,LB,2024-11-28,LB
3693840,2025-10-01,VUS,2025-10-01,VUS
3693966,2024-10-24,VUS,2024-10-24,VUS
3694116,2024-06-11,VUS,2024-06-11,VUS
3694176,2024-05-06,VUS,2024-05-06,VUS
3694195,2024-09-30,LB,2024-09-30,LB
3694341,2024-07-22,LB,2024-07-22,LB
3694525,2025-06-02,LB,2025-06-02,LB
3694532,2026-01-04,LB,2026-01-04,LB
3694804,2025-10-01,VUS,2025-10-01,VUS
3694852,2024-10-15,P,2024-10-15,P
3694879,2024-05-06,LB,2024-05-06,LB
3695048,2024-11-18,LB,2024-11-18,LB
3695235,2024-12-18,VUS,2024-12-18,VUS
3695245,2024-02-16,LB,2024-02-16,LB
3695409,2024-04-22,LB,2024-04-22,LB
3695587,2024-08-31,LB,2024-08-31,LB
3695607,2024-11-10,LB,2024-11-10,LB
3696427,2025-01-30,VUS,2025-01-30,VUS
3696555,2024-10-03,VUS,2024-10-03,VUS
3696867,2025-11-15,LB,2025-11-15,LB
3696941,2024-05-01,VUS,2024-05-01,VUS
3696954,2024-07-24,VUS,2024-07-24,VUS
3697190,2024-11-28,LB,2024-11-28,LB
3697200,2024-08-12,VUS,2024-08-12,VUS
3697262,2024-10-03,VUS,2024-10-03,VUS
3697278,2024-04-12,LB,2024-04-12,LB
3697623,2024-03-14,VUS,2024-03-14,VUS
3697921,2024-03-17,LB,2024-03-17,LB
3698121,2025-01-27,LB,2025-01-27,LB
3698151,2024-10-29,LB,2024-10-29,LB
3698338,2024-06-12,LB,2024-06-12,LB
3698714,2025-03-04,VUS,2025-06-20,VUS
3698718,2024-03-30,LB,2024-03-30,LB
3698881,2024-11-19,VUS,2024-11-19,VUS
3698911,2024-03-13,LB,2024-03-13,LB
3698914,2024-04-03,LB,2024-04-03,LB
3699220,2024-09-26,VUS,2024-09-26,VUS
3699272,2025-09-15,LB,2025-09-15,LB
3699355,2024-12-23,VUS,2024-12-23,VUS
3699505,2024-05-28,VUS,2024-05-28,VUS
3699543,2024-03-16,LP,2024-03-16,LP
3699649,2025-07-06,VUS,2025-07-06,VUS
3699829,2024-12-15,VUS,2025-07-16,VUS
3699861,2024-12-14,VUS,2024-12-14,VUS
3699876,2024-06-17,VUS,2024-06-17,VUS
3700429,2024-08-21,VUS,2024-08-21,VUS
3700551,2024-03-27,LB,2024-03-27,LB
3700592,2024-03-01,LB,2024-03-01,LB
3700876,2025-10-08,LB,2025-10-08,LB
3701130,2024-05-11,VUS,2024-05-11,VUS
3701162,2024-06-28,VUS,2024-06-28,VUS
3701292,2024-05-16,LB,2024-05-16,LB
3701325,2024-10-29,VUS,2024-10-29,VUS
3701469,2025-11-18,VUS,2025-11-18,VUS
3702036,2024-09-04,VUS,2024-09-04,VUS
3702040,2024-02-16,VUS,2024-02-16,VUS
3702169,2024-01-31,LB,2024-01-31,LB
3702376,2024-03-07,LB,2024-03-07,LB
3702599,2024-09-21,LB,2024-09-21,LB
3702646,2024-05-24,VUS,2024-05-24,VUS
3702663,2024-02-07,LB,2024-02-07,LB
3702994,2024-07-24,LB,2024-07-24,LB
3702995,2024-07-24,VUS,2024-07-24,VUS
3703109,2024-08-28,VUS,2024-08-28,VUS
3703252,2024-06-09,VUS,2024-06-09,VUS
3703342,2026-01-05,LB,2026-01-05,LB
3703495,2025-10-16,VUS,2025-10-16,VUS
3703574,2025-01-24,VUS,2025-03-18,VUS
3703641,2024-10-08,VUS,2025-10-02,VUS
3703648,2024-03-05,LB,2024-03-05,LB
3703948,2024-03-11,LB,2024-03-11,LB
3704360,2024-08-12,VUS,2025-10-02,VUS
3704361,2024-11-19,VUS,2025-10-02,VUS
3704363,2024-06-17,VUS,2025-10-02,VUS
3704382,2024-10-12,VUS,2025-09-26,VUS
3704486,2025-11-03,VUS,2025-11-03,VUS
3704487,2025-01-05,VUS,2025-09-30,VUS
3704533,2024-11-08,VUS,2024-11-08,VUS
3704550,2024-10-15,B,2024-10-15,B
3705403,2024-09-01,VUS,2024-09-01,VUS
3705624,2024-11-29,LB,2024-11-29,LB
3705989,2024-04-25,VUS,2024-04-25,VUS
3706013,2024-03-13,VUS,2024-03-13,VUS
3706077,2025-12-11,LB,2025-12-11,LB
3706472,2024-05-30,VUS,2024-05-30,VUS
3706888,2024-11-27,VUS,2024-11-27,VUS
3707151,2024-08-01,VUS,2025-01-23,VUS
3707225,2025-01-07,VUS,2025-01-07,VUS
3707418,2026-01-25,VUS,2026-01-25,VUS
3708265,2025-01-11,VUS,2025-01-11,VUS
3708266,2024-01-29,LB,2024-01-29,LB
3708290,2024-04-29,LB,2024-04-29,LB
3708628,2024-03-07,B,2024-03-07,B
3708949,2024-08-11,VUS,2024-08-11,VUS
3709118,2025-01-05,VUS,2025-01-05,VUS
3709146,2024-05-14,LB,2024-05-14,LB
3709147,2025-07-10,LB,2025-07-10,LB
3709428,2024-07-08,LB,2024-07-08,LB
3709741,2025-07-01,LB,2025-07-01,LB
3710019,2025-05-07,LB,2025-05-07,LB
3710190,2024-06-07,LB,2024-06-07,LB
3710324,2025-02-24,LB,2025-02-24,LB
3710579,2024-09-27,VUS,2024-09-27,VUS
3710660,2024-12-23,LB,2024-12-23,LB
3710943,2024-04-01,VUS,2024-04-01,VUS
3711284,2024-02-20,LB,2024-02-20,LB
3711409,2025-05-14,VUS,2025-09-30,VUS
3712084,2025-10-05,LB,2025-10-05,LB
3712434,2024-03-24,LB,2024-03-24,LB
3712456,2024-02-14,LB,2024-02-14,LB
3712628,2025-01-01,VUS,2025-01-01,VUS
3713072,2024-07-31,LB,2024-07-31,LB
3713355,2025-12-15,VUS,2025-12-15,VUS
3713450,2024-09-11,VUS,2024-09-11,VUS
3713664,2025-02-10,LB,2025-02-10,LB
3713835,2024-02-22,VUS,2024-02-22,VUS
3713894,2024-11-03,VUS,2024-11-03,VUS
3714297,2024-10-30,VUS,2024-10-30,VUS
3714744,2024-02-28,LB,2024-02-28,LB
3714838,2024-06-14,LB,2024-06-14,LB
3715011,2024-03-07,VUS,2025-09-30,VUS
3715639,2024-10-14,LB,2024-10-14,LB
3715770,2024-10-07,VUS,2024-10-07,VUS
3715867,2024-08-26,VUS,2024-08-26,VUS
3716024,2025-01-20,VUS,2025-01-20,VUS
3716122,2025-06-12,VUS,2025-06-12,VUS
3716167,2025-01-14,VUS,2025-01-14,VUS
3716462,2025-11-12,LB,2025-11-12,LB
3716565,2025-05-17,VUS,2025-06-14,VUS
3716960,2024-05-02,VUS,2024-05-02,VUS
3717059,2025-07-14,LB,2025-07-14,LB
3717108,2024-12-25,LB,2024-12-25,LB
3717288,2024-03-26,VUS,2024-03-26,VUS
3717535,2024-09-16,VUS,2024-09-16,VUS
3717757,2024-06-12,LB,2024-06-12,LB
3718089,2024-12-23,VUS,2024-12-23,VUS
3718097,2024-05-23,LB,2024-05-23,LB
3718597,2024-08-27,VUS,2024-08-27,VUS
3718698,2025-07-03,LB,2025-07-03,LB
3719122,2025-01-06,VUS,2025-01-06,VUS
3719293,2024-10-17,VUS,2024-10-17,VUS
3719379,2024-05-23,LB,2024-05-23,LB
3719474,2024-06-26,VUS,2024-06-26,VUS
3719810,2024-06-05,LB,2024-06-05,LB
3719891,2024-09-26,VUS,2024-09-26,VUS
3719945,2025-10-21,VUS,2025-10-21,VUS
3720010,2024-10-03,LB,2024-10-03,LB
3720080,2024-06-10,VUS,2024-06-10,VUS
3720092,2024-12-17,VUS,2024-12-17,VUS
3720093,2025-01-19,VUS,2025-01-19,VUS
3720144,2025-06-12,VUS,2025-06-12,VUS
3720267,2025-06-23,VUS,2025-10-02,VUS
3720269,2025-04-11,VUS,2025-04-11,VUS
3720273,2024-11-25,VUS,2025-10-02,VUS
3720291,2024-09-26,LB,2024-09-26,LB
3720407,2024-06-26,VUS,2024-06-26,VUS
3720420,2024-04-14,VUS,2024-04-14,VUS
3720587,2025-09-13,VUS,2025-09-26,VUS
3720588,2024-09-14,VUS,2025-09-26,VUS
3720589,2024-10-07,VUS,2025-09-26,VUS
3721336,2024-11-19,VUS,2024-11-19,VUS
3721386,2024-09-29,LB,2024-09-29,LB
3721595,2024-09-27,VUS,2025-09-09,VUS
3721676,2024-09-27,P,2024-09-27,P
3721815,2024-12-05,VUS,2024-12-05,VUS
3722028,2024-10-02,P,2024-10-02,P
3722652,2024-10-10,LB,2024-10-10,LB
3722992,2024-10-16,VUS,2024-10-16,VUS
3723426,2024-11-27,VUS,2024-11-27,VUS
3724284,2024-10-30,LB,2024-10-30,LB
3724338,2024-11-27,VUS,2024-11-27,VUS
3724345,2024-06-06,LP,2024-06-06,LP
3724363,2024-07-19,P,2024-07-19,P
3724379,2024-12-15,P,2024-12-15,P
3724380,2024-06-28,P,2024-06-28,P
3724381,2024-05-15,P,2024-05-15,P
3724391,2024-10-17,P,2025-02-11,P
3724408,2024-03-01,VUS,2025-01-07,VUS
3724409,2024-10-31,P,2024-10-31,P
3724431,2024-12-06,LB,2024-12-06,LB
3724682,2024-11-11,LP,2024-11-11,LP
3724909,2024-11-09,VUS,2024-11-09,VUS
3725062,2024-11-15,VUS,2024-11-15,VUS
3725209,2024-11-13,LB,2024-11-13,LB
3725240,2024-11-15,LB,2024-11-15,LB
3725322,2024-11-15,LP,2024-11-15,LP
3725398,2024-11-16,VUS,2024-11-16,VUS
3725431,2025-03-26,VUS,2025-03-26,VUS
3725520,2025-06-12,LB,2025-06-12,LB
3725539,2024-11-19,LB,2024-11-19,LB
3725604,2024-11-19,VUS,2024-11-19,VUS
3725711,2025-01-29,VUS,2025-01-29,VUS
3725898,2024-11-23,LB,2024-11-23,LB
3726296,2024-11-27,VUS,2024-11-27,VUS
3726637,2024-03-10,LB,2025-01-19,LB
3726660,2024-12-05,VUS,2024-12-05,VUS
3727018,2024-12-10,VUS,2024-12-10,VUS
3727029,2025-01-15,P,2025-01-15,P
3727365,2024-12-15,P,2024-12-15,P
3727580,2024-12-18,LB,2024-12-18,LB
3727598,2024-12-19,LB,2024-12-19,LB
3727678,2024-12-19,VUS,2024-12-19,VUS
3727682,2025-01-15,VUS,2025-01-15,VUS
3727797,2024-12-23,LB,2024-12-23,LB
3728037,2024-12-24,VUS,2024-12-24,VUS
3728140,2024-12-26,LP,2024-12-26,LP
3728221,2024-12-29,VUS,2024-12-29,VUS
3728333,2024-12-31,VUS,2024-12-31,VUS
3728425,2025-01-01,LB,2025-01-01,LB
3728548,2025-01-06,LB,2025-01-06,LB
3728578,2025-01-11,VUS,2025-01-11,VUS
3728628,2024-04-29,VUS,2024-04-29,VUS
3728629,2025-01-07,LB,2025-01-07,LB
3728823,2025-01-11,LB,2025-01-11,LB
3728935,2025-02-06,VUS,2025-02-06,VUS
3729049,2025-01-15,LP,2025-01-15,LP
3729394,2025-01-22,VUS,2025-01-22,VUS
3729432,2025-01-29,VUS,2025-01-29,VUS
3729683,2024-09-10,LB,2024-09-10,LB
3729686,2025-01-27,LB,2025-01-27,LB
3729717,2025-01-28,VUS,2025-01-28,VUS
3729789,2025-07-14,VUS,2025-07-14,VUS
3730033,2024-02-23,P,2024-02-23,P
3730034,2024-05-28,VUS,2024-05-28,VUS
3730038,2024-09-10,VUS,2024-09-10,VUS
3730153,2024-12-30,LB,2024-12-30,LB
3730176,2024-03-06,LB,2024-03-06,LB
3730354,2024-07-12,LP,2024-07-12,LP
3730355,2024-11-19,LB,2024-11-19,LB
3730553,2025-06-13,VUS,2025-06-13,VUS
3730774,2024-09-11,LB,2024-09-11,LB
3730858,2023-07-27,LP,2023-07-27,LP
3731128,2024-08-16,VUS,2024-08-16,VUS
3764791,2025-02-03,VUS,2025-02-03,VUS
3764795,2025-02-12,LP,2025-02-12,LP
3764800,2025-02-11,LP,2025-08-20,LP
3765465,2025-03-04,LP,2025-11-23,LP
3766306,2024-08-29,VUS,2024-08-29,VUS
3766541,2024-04-01,LP,2024-04-01,LP
3766920,2024-10-23,VUS,2024-10-23,VUS
3767028,2024-11-27,LP,2024-11-27,LP
3767361,2025-02-05,LP,2025-02-05,LP
3767678,2024-09-10,VUS,2024-09-10,VUS
3768047,2024-12-14,VUS,2024-12-14,VUS
3768055,2024-12-14,LB,2024-12-14,LB
3768222,2024-12-27,LP,2024-12-27,LP
3768267,2024-12-04,LB,2024-12-04,LB
3768603,2025-02-11,VUS,2025-02-11,VUS
3768826,2025-02-03,LB,2025-02-03,LB
3768895,2025-02-21,VUS,2025-02-21,VUS
3769174,2025-01-13,VUS,2025-01-13,VUS
3769407,2025-01-27,LP,2025-01-27,LP
3769408,2025-01-27,VUS,2025-01-27,VUS
3769413,2025-01-27,LB,2025-01-27,LB
3769484,2025-01-30,P,2025-01-30,P
3769507,2025-01-21,VUS,2025-01-21,VUS
3769539,2025-01-19,LB,2025-01-19,LB
3769544,2025-01-19,VUS,2025-01-19,VUS
3769545,2025-01-19,VUS,2025-01-19,VUS
3769744,2024-09-14,VUS,2024-09-14,VUS
3771621,2024-12-01,VUS,2024-12-01,VUS
3771640,2025-01-01,VUS,2025-01-01,VUS
3771761,2026-02-01,P,2026-02-01,P
3771791,2025-01-01,LB,2025-01-01,LB
3771806,2025-02-01,LB,2025-02-01,LB
3771981,2025-01-01,VUS,2025-01-01,VUS
3772122,2024-12-01,P,2024-12-01,P
3772282,2025-01-01,VUS,2025-01-01,VUS
3772659,2025-01-09,LP,2025-02-06,LP
3773749,2024-11-04,LP,2024-11-04,LP
3773781,2024-08-05,VUS,2024-08-05,VUS
3773790,2024-07-04,P,2024-07-04,P
3774570,2025-03-12,LP,2025-03-12,LP
3774573,2025-02-12,P,2025-02-12,P
3774577,2025-03-13,LP,2025-03-13,LP
3774587,2024-01-29,LP,2024-01-29,LP
3775107,2022-09-09,LP,2022-09-09,LP
3775232,2023-09-27,LP,2023-09-27,LP
3775240,2023-10-17,LP,2023-10-17,LP
3775267,2024-03-11,VUS,2024-03-11,VUS
3775297,2023-08-06,LP,2023-08-06,LP
3775307,2023-10-10,VUS,2023-10-10,VUS
3775680,2023-06-14,VUS,2023-06-14,VUS
3775862,2024-02-19,VUS,2024-02-19,VUS
3775956,2023-12-29,VUS,2023-12-29,VUS
3775990,2023-06-22,VUS,2023-06-22,VUS
3776045,2023-08-22,LP,2023-08-22,LP
3776080,2024-12-16,VUS,2024-12-16,VUS
3776106,2024-01-22,LP,2024-01-22,LP
3776111,2023-12-29,LP,2023-12-29,LP
3776137,2024-01-22,LP,2024-01-22,LP
3776187,2023-09-21,LP,2023-09-21,LP
3776237,2023-09-24,LP,2023-09-24,LP
3776251,2024-03-07,LP,2024-03-07,LP
3776564,2024-10-04,VUS,2024-10-04,VUS
3776637,2024-10-07,VUS,2025-08-19,VUS
3777691,2024-10-11,VUS,2024-10-11,VUS
3778506,2025-12-01,LP,2025-12-01,LP
3779060,2022-10-06,VUS,2022-10-06,VUS
3779139,2021-07-30,VUS,2021-07-30,VUS
3826350,2025-01-02,VUS,2025-01-02,VUS
3829579,2024-12-17,VUS,2024-12-17,VUS
3829580,2025-02-23,LB,2025-02-23,LB
3832492,2025-03-14,VUS,2025-03-14,VUS
3832493,2024-12-22,VUS,2024-12-22,VUS
3832494,2025-01-01,VUS,2025-01-01,VUS
3832495,2025-03-01,LB,2025-03-01,LB
3832516,2025-02-09,VUS,2025-02-09,VUS
3832517,2025-01-19,LB,2025-01-19,LB
3832518,2024-12-23,VUS,2024-12-23,VUS
3832519,2025-01-27,VUS,2025-01-27,VUS
3832520,2025-03-11,VUS,2025-03-11,VUS
3832521,2025-01-02,VUS,2025-01-02,VUS
3832522,2025-03-07,VUS,2025-03-07,VUS
3835257,2024-12-11,LP,2025-10-07,LP
3835258,2025-02-13,VUS,2025-02-13,VUS
3835259,2024-12-24,VUS,2024-12-24,VUS
3835260,2025-01-16,VUS,2025-01-16,VUS
3835261,2025-01-21,LB,2025-01-21,LB
3835262,2025-01-24,VUS,2025-01-24,VUS
3835264,2025-02-20,LP,2025-02-20,LP
3835265,2025-02-08,LB,2025-02-08,LB
3835266,2025-02-15,VUS,2025-02-15,VUS
3835267,2025-02-27,VUS,2025-02-27,VUS
3835268,2025-03-05,VUS,2025-03-05,VUS
3835269,2025-02-27,VUS,2025-02-27,VUS
3835272,2025-02-22,VUS,2025-02-22,VUS
3835273,2025-01-10,VUS,2025-09-08,VUS
3835274,2025-01-10,VUS,2025-03-20,VUS
3835276,2025-01-26,VUS,2025-01-26,VUS
3835277,2025-02-07,VUS,2025-02-07,VUS
3835278,2025-02-25,VUS,2025-02-25,VUS
3835279,2025-03-03,VUS,2025-03-03,VUS
3835280,2025-03-14,VUS,2025-03-14,VUS
3835282,2025-01-21,VUS,2025-01-21,VUS
3835283,2025-02-24,VUS,2025-02-24,VUS
3835284,2025-03-03,VUS,2025-03-03,VUS
3835285,2025-01-23,VUS,2025-05-30,VUS
3835287,2024-12-15,VUS,2024-12-15,VUS
3835288,2024-12-16,VUS,2024-12-16,VUS
3835289,2025-01-18,VUS,2025-01-18,VUS
3835290,2025-01-22,VUS,2025-01-22,VUS
3835291,2025-01-22,VUS,2025-01-22,VUS
3835292,2025-01-24,VUS,2025-01-24,VUS
3835293,2025-01-31,VUS,2025-01-31,VUS
3835294,2025-02-12,LB,2025-02-12,LB
3835295,2025-02-12,VUS,2025-02-12,VUS
3835297,2025-02-28,VUS,2025-02-28,VUS
3835298,2025-03-06,VUS,2025-03-06,VUS
3850995,2025-01-08,VUS,2025-01-08,VUS
3850996,2025-03-07,VUS,2025-03-07,VUS
3850997,2024-12-31,VUS,2024-12-31,VUS
3850998,2025-01-24,VUS,2025-01-24,VUS
3850999,2025-01-31,VUS,2025-01-31,VUS
3851000,2025-03-14,LB,2025-03-14,LB
3894539,2025-04-03,VUS,2025-04-03,VUS
3894544,2025-04-07,VUS,2025-04-07,VUS
3894547,2025-03-20,VUS,2025-03-20,VUS
3894556,2025-03-25,P,2025-03-25,P
3894566,2025-03-19,VUS,2025-03-19,VUS
3894572,2025-03-12,LP,2025-03-12,LP
3894578,2025-03-31,P,2025-03-31,P
3894579,2025-03-31,P,2025-03-31,P
3894584,2025-04-11,LP,2025-04-11,LP
3895475,2024-04-01,P,2024-04-01,P
3895486,2025-03-28,LP,2025-03-28,LP
3895487,2025-03-28,LP,2025-03-28,LP
3895749,2025-03-10,VUS,2025-03-10,VUS
3895762,2025-03-28,LB,2025-03-28,LB
3895789,2025-03-07,VUS,2025-03-07,VUS
3895848,2025-03-03,LB,2025-03-03,LB
3895905,2025-03-27,VUS,2025-03-27,VUS
3895950,2025-03-25,VUS,2025-03-25,VUS
3896313,2025-04-29,VUS,2025-04-29,VUS
3896476,2025-04-04,VUS,2025-04-04,VUS
3896514,2025-04-03,VUS,2025-04-03,VUS
3897108,2024-11-01,VUS,2024-11-01,VUS
3897302,2024-11-03,VUS,2024-11-03,VUS
3897361,2024-11-05,VUS,2024-11-05,VUS
3897956,2024-02-01,VUS,2024-02-01,VUS
3897971,2024-02-01,VUS,2024-02-01,VUS
3898979,2024-11-08,VUS,2024-11-08,VUS
3899623,2024-11-13,VUS,2024-11-13,VUS
3900727,2025-04-16,VUS,2025-04-16,VUS
3900769,2024-11-20,VUS,2024-11-20,VUS
3900809,2024-12-02,VUS,2024-12-02,VUS
3901915,2023-04-28,P,2023-04-28,P
3901916,2023-02-17,LP,2023-02-17,LP
3901917,2023-07-07,VUS,2023-07-07,VUS
3902227,2025-05-14,VUS,2025-05-14,VUS
3902289,2025-05-29,VUS,2025-05-29,VUS
3902400,2025-05-08,VUS,2025-05-08,VUS
3902416,2025-05-08,VUS,2025-05-08,VUS
3902577,2025-05-28,VUS,2025-05-28,VUS
3902758,2025-05-22,VUS,2025-05-22,VUS
3902984,2024-12-10,VUS,2024-12-10,VUS
3906303,2024-12-17,VUS,2024-12-17,VUS
3906471,2024-12-18,VUS,2026-03-02,VUS
3906520,2024-12-18,P,2025-05-08,P
3907192,2025-06-11,VUS,2025-06-11,VUS
3907209,2025-06-11,VUS,2025-06-11,VUS
3907355,2025-06-05,VUS,2025-06-05,VUS
3907427,2025-06-03,LB,2025-06-03,LB
3907516,2025-06-30,LB,2025-06-30,LB
3907664,2025-06-03,LP,2025-06-03,LP
3907674,2024-04-26,LP,2025-05-28,LP
3907689,2025-04-15,LP,2025-04-15,LP
3907700,2025-05-19,LP,2025-05-19,LP
3910139,2025-02-16,LB,2025-02-16,LB
3910259,2025-02-16,LB,2025-02-16,LB
3911927,2025-07-03,VUS,2025-07-03,VUS
3911945,2025-07-03,VUS,2025-07-03,VUS
3911966,2025-05-14,VUS,2025-07-02,VUS
3911989,2025-04-13,VUS,2025-07-02,VUS
3912016,2025-07-01,VUS,2025-07-01,VUS
3994036,2025-03-28,VUS,2025-03-28,VUS
3994038,2025-03-27,VUS,2025-03-27,VUS
3994039,2025-04-03,VUS,2025-04-03,VUS
3994040,2025-03-17,VUS,2025-03-17,VUS
3994041,2025-04-07,VUS,2025-04-07,VUS
3994042,2025-04-13,VUS,2025-04-13,VUS
3994043,2025-04-13,VUS,2025-04-13,VUS
3994044,2025-04-13,VUS,2025-04-13,VUS
3994045,2025-05-04,LB,2025-05-04,LB
3994046,2025-05-23,VUS,2025-05-23,VUS
3994047,2025-06-10,VUS,2025-06-10,VUS
4001737,2025-05-18,VUS,2025-05-18,VUS
4001739,2025-03-26,VUS,2025-03-26,VUS
4001740,2025-03-27,VUS,2025-03-27,VUS
4001741,2025-04-20,VUS,2025-04-20,VUS
4001742,2025-06-11,VUS,2025-06-11,VUS
4001768,2025-06-08,LB,2025-06-08,LB
4001770,2025-05-27,VUS,2025-05-27,VUS
4001771,2025-04-03,VUS,2025-04-03,VUS
4001772,2025-05-26,VUS,2025-05-26,VUS
4001773,2025-04-13,VUS,2025-04-13,VUS
4001774,2025-04-11,VUS,2025-04-11,VUS
4001775,2025-04-12,VUS,2025-04-12,VUS
4001777,2025-03-31,VUS,2025-03-31,VUS
4001778,2025-04-24,VUS,2025-04-24,VUS
4001779,2025-05-15,VUS,2025-05-15,VUS
4001780,2025-06-07,VUS,2026-01-05,VUS
4005380,2025-04-01,VUS,2025-04-01,VUS
4005381,2025-06-13,VUS,2025-06-13,VUS
4005382,2025-03-26,LB,2025-03-26,LB
4005384,2025-04-30,VUS,2025-04-30,VUS
4005385,2025-01-03,VUS,2025-05-06,VUS
4005386,2025-05-16,VUS,2025-05-16,VUS
4005388,2025-05-25,VUS,2025-05-25,VUS
4005390,2025-03-31,VUS,2025-03-31,VUS
4005391,2025-03-26,VUS,2025-03-26,VUS
4005393,2025-04-25,VUS,2025-04-25,VUS
4005394,2025-05-19,VUS,2025-05-19,VUS
4005395,2025-06-07,VUS,2025-09-24,VUS
4005396,2025-06-11,VUS,2025-06-11,VUS
4005398,2025-06-12,VUS,2025-06-12,VUS
4005399,2025-03-25,VUS,2025-03-25,VUS
4005400,2025-05-07,VUS,2025-05-07,VUS
4005402,2025-04-10,VUS,2025-04-10,VUS
4005403,2025-06-10,VUS,2025-06-10,VUS
4005404,2025-03-20,VUS,2025-03-20,VUS
4005406,2025-03-22,LB,2025-03-22,LB
4005407,2025-04-03,VUS,2025-04-03,VUS
4005408,2025-04-25,VUS,2025-04-25,VUS
4005409,2025-04-10,VUS,2025-04-10,VUS
4005410,2025-04-17,VUS,2025-04-17,VUS
4005411,2025-04-19,VUS,2025-04-19,VUS
4005412,2025-04-25,VUS,2025-04-25,VUS
4005413,2025-06-07,VUS,2025-06-07,VUS
4025925,2025-04-10,VUS,2025-05-11,VUS
4025926,2025-05-05,VUS,2025-05-05,VUS
4025927,2025-03-27,VUS,2025-04-03,VUS
4025928,2025-03-31,VUS,2025-03-31,VUS
4025929,2025-04-03,VUS,2025-04-03,VUS
4025930,2025-04-14,VUS,2025-04-14,VUS
4025931,2025-04-15,LB,2025-04-15,LB
4025932,2025-05-09,VUS,2025-05-09,VUS
4025933,2025-04-18,VUS,2025-04-18,VUS
4025934,2025-04-24,VUS,2025-04-24,VUS
4025935,2025-05-21,VUS,2025-05-21,VUS
4025936,2025-05-26,VUS,2025-05-26,VUS
4025937,2025-06-06,VUS,2025-06-06,VUS
4056303,2025-06-28,VUS,2025-06-28,VUS
4056461,2025-07-15,P,2025-07-15,P
4057290,2025-06-20,LP,2025-06-20,LP
4064917,2025-05-29,VUS,2025-05-29,VUS
4064918,2025-05-28,VUS,2025-05-28,VUS
4064920,2025-05-20,VUS,2025-05-20,VUS
4064921,2025-05-20,VUS,2025-05-20,VUS
4064922,2025-05-20,VUS,2025-05-20,VUS
4064923,2025-05-19,LP,2025-05-19,LP
4064924,2025-05-16,VUS,2025-05-16,VUS
4064925,2025-05-15,VUS,2025-05-15,VUS
4064926,2025-05-08,VUS,2025-05-08,VUS
4064927,2025-05-07,LB,2025-05-07,LB
4064928,2025-05-05,LP,2025-05-05,LP
4064929,2025-05-02,VUS,2025-05-02,VUS
4064930,2025-04-30,VUS,2025-04-30,VUS
4064931,2025-04-29,VUS,2025-04-29,VUS
4064933,2025-04-27,VUS,2025-04-27,VUS
4064935,2025-04-25,VUS,2025-04-25,VUS
4064936,2025-04-22,VUS,2025-04-22,VUS
4064937,2025-04-21,VUS,2025-04-21,VUS
4064938,2025-04-20,VUS,2025-04-20,VUS
4064939,2025-04-20,VUS,2025-04-20,VUS
4064940,2025-04-17,VUS,2025-04-17,VUS
4064941,2025-04-15,VUS,2025-04-15,VUS
4064942,2025-04-15,VUS,2025-04-15,VUS
4064943,2025-04-14,VUS,2025-04-14,VUS
4064944,2025-04-11,VUS,2025-04-11,VUS
4064945,2025-04-10,VUS,2025-04-10,VUS
4064946,2025-04-10,VUS,2025-04-10,VUS
4064947,2025-04-10,VUS,2025-04-10,VUS
4064948,2025-04-07,VUS,2025-04-07,VUS
4064949,2025-04-07,VUS,2025-04-07,VUS
4064950,2025-04-05,VUS,2025-04-05,VUS
4064951,2025-03-31,VUS,2025-03-31,VUS
4064952,2025-03-31,VUS,2025-03-31,VUS
4064953,2025-03-28,VUS,2025-03-28,VUS
4064954,2025-03-22,VUS,2025-03-22,VUS
4064955,2025-03-22,LP,2025-03-22,LP
4064956,2025-03-22,LP,2025-03-22,LP
4064957,2025-03-17,VUS,2025-03-17,VUS
4064958,2025-03-10,VUS,2025-03-10,VUS
4064959,2025-03-10,VUS,2025-03-10,VUS
4064960,2025-03-10,VUS,2025-03-10,VUS
4064961,2025-03-10,VUS,2025-03-10,VUS
4064962,2025-03-06,VUS,2025-03-06,VUS
4064963,2025-03-06,VUS,2025-03-06,VUS
4064964,2025-03-03,VUS,2025-09-25,VUS
4064965,2025-02-22,VUS,2025-02-22,VUS
4064966,2025-02-21,VUS,2025-02-21,VUS
4064967,2025-02-21,VUS,2025-02-21,VUS
4064968,2025-02-21,VUS,2025-02-21,VUS
4064969,2025-02-21,VUS,2025-02-21,VUS
4064970,2025-02-20,VUS,2025-02-20,VUS
4064971,2025-02-19,VUS,2025-02-19,VUS
4064972,2025-02-19,VUS,2025-02-19,VUS
4064973,2025-02-18,VUS,2025-02-18,VUS
4064976,2025-02-18,VUS,2025-02-18,VUS
4064977,2025-02-17,VUS,2025-02-17,VUS
4064978,2025-02-14,LP,2025-02-14,LP
4064979,2025-02-09,VUS,2025-02-09,VUS
4064980,2025-02-04,VUS,2025-02-04,VUS
4064981,2025-01-27,VUS,2025-01-27,VUS
4064982,2025-01-21,VUS,2025-01-21,VUS
4064983,2025-01-21,VUS,2025-01-21,VUS
4064984,2025-01-13,VUS,2025-01-13,VUS
4064985,2025-01-13,VUS,2025-01-13,VUS
4064987,2025-01-10,VUS,2025-01-10,VUS
4064988,2025-01-08,VUS,2025-01-08,VUS
4064989,2025-05-30,VUS,2025-05-30,VUS
4064990,2025-05-29,VUS,2025-05-29,VUS
4064991,2025-05-27,VUS,2025-05-27,VUS
4064992,2025-05-21,VUS,2025-05-21,VUS
4064993,2025-05-20,VUS,2025-05-20,VUS
4064994,2025-05-20,VUS,2025-05-20,VUS
4064995,2025-05-20,VUS,2025-05-20,VUS
4064996,2025-05-17,VUS,2025-05-17,VUS
4064997,2025-05-14,VUS,2025-05-14,VUS
4064998,2025-05-13,VUS,2025-05-13,VUS
4064999,2025-05-13,LB,2025-05-13,LB
4065000,2025-05-12,VUS,2025-05-12,VUS
4065001,2025-05-12,VUS,2025-05-12,VUS
4065003,2025-05-01,VUS,2025-05-01,VUS
4065004,2025-04-30,VUS,2025-04-30,VUS
4065005,2025-04-29,VUS,2025-04-29,VUS
4065006,2025-04-23,VUS,2025-04-23,VUS
4065008,2025-04-19,VUS,2025-04-19,VUS
4065009,2025-04-19,VUS,2025-04-19,VUS
4065010,2025-04-15,VUS,2025-04-15,VUS
4065011,2025-04-14,LP,2025-04-14,LP
4065012,2025-04-14,VUS,2025-04-14,VUS
4065013,2025-04-13,VUS,2025-04-13,VUS
4065014,2025-04-10,VUS,2025-04-10,VUS
4065015,2025-04-10,VUS,2025-04-10,VUS
4065016,2025-04-09,VUS,2025-04-09,VUS
4065018,2025-03-31,VUS,2025-03-31,VUS
4065019,2025-03-31,VUS,2025-03-31,VUS
4065020,2025-03-31,VUS,2025-03-31,VUS
4065021,2025-03-31,VUS,2025-03-31,VUS
4065022,2025-03-28,VUS,2025-03-28,VUS
4065023,2025-03-28,VUS,2025-03-28,VUS
4065024,2025-03-27,VUS,2025-03-27,VUS
4065025,2025-03-24,VUS,2025-03-24,VUS
4065026,2025-03-24,VUS,2025-03-24,VUS
4065027,2025-03-24,VUS,2025-06-12,VUS
4065028,2025-03-24,VUS,2025-03-24,VUS
4065029,2025-03-21,VUS,2025-03-21,VUS
4065030,2025-03-20,LP,2025-03-20,LP
4065031,2025-03-20,VUS,2025-03-20,VUS
4065032,2025-03-17,VUS,2025-03-17,VUS
4065033,2025-03-16,VUS,2025-03-16,VUS
4065035,2025-03-10,VUS,2025-03-10,VUS
4065036,2025-03-07,VUS,2025-03-07,VUS
4065037,2025-03-06,LP,2025-03-06,LP
4065038,2025-02-28,P,2025-02-28,P
4065039,2025-02-27,VUS,2025-02-27,VUS
4065040,2025-02-26,LP,2025-02-26,LP
4065042,2025-02-24,VUS,2025-02-24,VUS
4065043,2025-02-24,VUS,2025-02-24,VUS
4065044,2025-02-24,VUS,2025-02-24,VUS
4065045,2025-02-23,VUS,2025-02-23,VUS
4065046,2025-02-22,VUS,2025-02-22,VUS
4065047,2025-02-20,VUS,2025-02-20,VUS
4065048,2025-02-20,VUS,2025-02-20,VUS
4065049,2025-02-20,VUS,2025-02-20,VUS
4065050,2025-02-19,VUS,2025-02-19,VUS
4065051,2025-02-19,VUS,2025-02-19,VUS
4065053,2025-02-18,VUS,2025-02-18,VUS
4065055,2025-02-13,LP,2025-02-13,LP
4065056,2025-02-12,LB,2025-02-12,LB
4065057,2025-02-11,VUS,2025-02-11,VUS
4065058,2025-02-10,VUS,2025-02-10,VUS
4065059,2025-02-10,VUS,2025-02-10,VUS
4065060,2025-02-06,VUS,2025-02-06,VUS
4065061,2025-02-02,VUS,2025-02-02,VUS
4065062,2025-01-31,LP,2025-01-31,LP
4065063,2025-01-31,VUS,2025-01-31,VUS
4065064,2025-01-28,VUS,2025-01-28,VUS
4065065,2025-01-27,VUS,2025-01-27,VUS
4065066,2025-01-25,VUS,2025-01-25,VUS
4065067,2025-01-24,VUS,2025-01-24,VUS
4065068,2025-01-21,VUS,2025-01-21,VUS
4065069,2025-01-21,VUS,2025-01-21,VUS
4065071,2025-01-21,VUS,2025-01-21,VUS
4065072,2025-01-12,VUS,2025-01-12,VUS
4065073,2025-01-09,VUS,2025-01-09,VUS
4065074,2025-01-07,LP,2025-01-07,LP
4065075,2025-01-07,LP,2025-01-07,LP
4065076,2025-01-04,VUS,2025-01-04,VUS
4065077,2025-05-30,VUS,2025-05-30,VUS
4065079,2025-05-29,VUS,2025-05-29,VUS
4065080,2025-05-29,VUS,2025-05-29,VUS
4065081,2025-05-28,VUS,2025-05-28,VUS
4065082,2025-05-28,VUS,2025-05-28,VUS
4065083,2025-05-27,VUS,2025-05-27,VUS
4065084,2025-05-23,VUS,2025-05-23,VUS
4065085,2025-05-21,VUS,2025-05-21,VUS
4065086,2025-05-21,VUS,2025-05-21,VUS
4065087,2025-05-14,VUS,2025-05-14,VUS
4065088,2025-05-12,VUS,2025-05-12,VUS
4065089,2025-04-30,VUS,2025-04-30,VUS
4065090,2025-04-16,VUS,2025-04-16,VUS
4065091,2025-04-15,VUS,2025-04-15,VUS
4065092,2025-04-14,VUS,2025-04-14,VUS
4065093,2025-04-14,VUS,2025-04-14,VUS
4065095,2025-04-08,VUS,2025-04-08,VUS
4065096,2025-04-04,LP,2025-04-04,LP
4065097,2025-03-27,VUS,2025-03-27,VUS
4065098,2025-03-24,VUS,2025-03-24,VUS
4065100,2025-03-20,VUS,2025-03-20,VUS
4065101,2025-03-20,VUS,2025-03-20,VUS
4065103,2025-03-20,VUS,2025-03-20,VUS
4065104,2025-03-20,VUS,2025-03-20,VUS
4065105,2025-03-17,VUS,2025-03-17,VUS
4065106,2025-03-15,VUS,2025-03-15,VUS
4065107,2025-03-10,VUS,2025-03-10,VUS
4065108,2025-03-10,VUS,2025-03-10,VUS
4065109,2025-03-10,VUS,2025-03-10,VUS
4065110,2025-03-07,VUS,2025-03-07,VUS
4065111,2025-03-05,VUS,2025-03-05,VUS
4065112,2025-03-04,VUS,2025-03-04,VUS
4065113,2025-03-03,VUS,2025-03-03,VUS
4065114,2025-03-01,VUS,2025-03-01,VUS
4065115,2025-02-27,LP,2025-02-27,LP
4065116,2025-02-24,VUS,2025-02-24,VUS
4065117,2025-02-18,LP,2026-03-04,LP
4065118,2025-02-17,VUS,2025-02-17,VUS
4065120,2025-02-16,VUS,2025-02-16,VUS
4065121,2025-02-16,VUS,2025-02-16,VUS
4065122,2025-02-12,VUS,2025-02-12,VUS
4065123,2025-02-10,VUS,2025-02-10,VUS
4065124,2025-02-03,VUS,2025-02-03,VUS
4065125,2025-01-28,VUS,2025-01-28,VUS
4065126,2025-01-27,VUS,2025-01-27,VUS
4065127,2025-01-24,VUS,2025-01-24,VUS
4065129,2025-01-21,VUS,2025-01-21,VUS
4065130,2025-01-20,VUS,2025-01-20,VUS
4065131,2025-01-16,VUS,2025-01-16,VUS
4065132,2025-01-13,VUS,2025-01-13,VUS
4065133,2025-01-11,VUS,2025-01-11,VUS
4065134,2025-01-09,VUS,2025-01-09,VUS
4065135,2025-01-06,VUS,2025-01-06,VUS
4072049,2024-01-12,P,2024-01-12,P
4072211,2025-07-04,LP,2025-07-04,LP
4072216,2025-07-15,LP,2025-07-15,LP
4072217,2025-07-01,LP,2025-07-01,LP
4072237,2025-06-17,P,2025-06-17,P
4072615,2025-01-29,VUS,2025-01-29,VUS
4074424,2025-02-04,VUS,2025-02-04,VUS
4074439,2025-02-05,VUS,2025-02-05,VUS
4075225,2019-06-28,VUS,2019-06-28,VUS
4075235,2020-03-30,VUS,2020-03-30,VUS
4075261,2019-11-29,VUS,2019-11-29,VUS
4075739,2025-02-18,VUS,2025-02-18,VUS
4076645,2025-02-25,LP,2026-01-31,LP
4076802,2025-02-21,VUS,2025-02-21,VUS
4077062,2025-07-28,VUS,2025-07-28,VUS
4077064,2025-07-22,VUS,2025-07-22,VUS
4077065,2025-07-25,VUS,2025-07-25,VUS
4077073,2025-07-30,VUS,2025-07-30,VUS
4078137,2024-07-18,VUS,2024-07-18,VUS
4078252,2024-09-12,VUS,2024-09-12,VUS
4078253,2024-10-08,VUS,2024-10-08,VUS
4078254,2025-03-18,VUS,2025-03-18,VUS
4078366,2025-03-26,VUS,2025-03-26,VUS
4078367,2025-03-26,VUS,2025-03-26,VUS
4078368,2025-05-21,VUS,2025-05-21,VUS
4078673,2025-02-17,VUS,2025-02-17,VUS
4081267,2025-03-17,LP,2025-03-17,LP
4081268,2024-12-24,LP,2024-12-24,LP
4081615,2025-02-11,LP,2025-08-21,LP
4081616,2025-05-08,P,2025-05-08,P
4081617,2025-05-20,LP,2025-05-20,LP
4082407,2023-03-31,VUS,2023-03-31,VUS
4082409,2023-04-04,VUS,2023-04-04,VUS
4082410,2023-03-22,VUS,2023-03-22,VUS
4082411,2024-06-28,LP,2024-06-28,LP
4082672,2025-03-03,VUS,2025-03-03,VUS
4084963,2025-07-01,VUS,2025-07-01,VUS
4085222,2025-06-01,P,2025-06-01,P
4085398,2025-07-01,LP,2025-07-01,LP
4085831,2025-08-01,VUS,2025-08-01,VUS
4086010,2025-06-01,LP,2025-06-01,LP
4086012,2025-07-01,LP,2025-07-01,LP
4087878,2025-03-24,VUS,2025-03-24,VUS
4153860,2025-09-10,VUS,2025-09-10,VUS
4217339,2025-08-31,VUS,2025-08-31,VUS
4217340,2025-08-05,VUS,2025-08-05,VUS
4217341,2025-08-20,VUS,2025-08-20,VUS
4217343,2025-06-22,VUS,2025-06-22,VUS
4217344,2025-08-25,VUS,2025-08-25,VUS
4217345,2025-07-15,VUS,2025-07-15,VUS
4217346,2025-08-22,VUS,2025-08-22,VUS
4217347,2025-08-23,VUS,2025-08-23,VUS
4217348,2025-08-27,VUS,2025-08-27,VUS
4217349,2025-09-11,VUS,2025-09-11,VUS
4222937,2025-07-31,LB,2025-07-31,LB
4227298,2025-08-22,LB,2025-08-22,LB
4227299,2025-08-27,VUS,2025-08-27,VUS
4227300,2025-08-23,VUS,2025-08-23,VUS
4227303,2025-08-04,VUS,2025-08-04,VUS
4227304,2025-06-17,VUS,2025-06-17,VUS
4227305,2025-06-25,VUS,2025-06-25,VUS
4227306,2025-07-01,VUS,2025-07-01,VUS
4227307,2025-07-02,VUS,2025-07-02,VUS
4227308,2025-08-06,VUS,2025-08-06,VUS
4227309,2025-08-13,VUS,2025-08-13,VUS
4227310,2025-08-14,VUS,2025-08-14,VUS
4227312,2025-09-09,VUS,2025-09-09,VUS
4227313,2025-09-11,VUS,2025-09-11,VUS
4227349,2025-09-05,VUS,2025-09-05,VUS
4227351,2025-08-26,LB,2025-08-26,LB
4227352,2025-08-30,VUS,2025-08-30,VUS
4227353,2025-06-18,VUS,2025-06-18,VUS
4227354,2025-06-22,LB,2025-06-22,LB
4227355,2025-08-13,LB,2025-08-23,LB
4227356,2025-08-23,VUS,2025-08-23,VUS
4227358,2025-08-04,VUS,2025-08-04,VUS
4227359,2025-09-05,VUS,2025-09-05,VUS
4227360,2025-08-24,VUS,2025-08-24,VUS
4227361,2025-06-17,VUS,2025-11-11,VUS
4227362,2025-08-23,VUS,2025-08-23,VUS
4227363,2025-08-25,VUS,2025-08-25,VUS
4232275,2025-08-02,VUS,2025-08-02,VUS
4232276,2025-08-02,VUS,2025-08-02,VUS
4232277,2025-08-11,VUS,2025-08-11,VUS
4232280,2025-08-05,VUS,2025-08-05,VUS
4232281,2025-08-27,VUS,2025-08-27,VUS
4232282,2025-08-26,VUS,2025-08-26,VUS
4232283,2025-08-09,VUS,2025-08-09,VUS
4232284,2025-08-13,LB,2025-08-13,LB
4232285,2025-08-15,VUS,2025-08-15,VUS
4232286,2025-09-10,VUS,2025-09-10,VUS
4232288,2025-09-01,VUS,2025-09-01,VUS
4232290,2025-08-04,VUS,2025-08-04,VUS
4232291,2025-08-03,LB,2025-08-03,LB
4232292,2025-08-21,VUS,2025-08-21,VUS
4232293,2025-06-19,VUS,2025-06-19,VUS
4232295,2025-06-29,VUS,2025-06-29,VUS
4232296,2025-06-30,VUS,2025-06-30,VUS
4232297,2025-08-27,VUS,2025-08-27,VUS
4232298,2025-08-05,VUS,2025-08-05,VUS
4232299,2025-08-06,VUS,2025-08-06,VUS
4232300,2025-08-06,VUS,2025-08-06,VUS
4232301,2025-08-08,VUS,2025-08-08,VUS
4232303,2025-08-11,VUS,2025-08-11,VUS
4232304,2025-08-27,VUS,2025-08-27,VUS
4232305,2025-08-30,VUS,2025-08-30,VUS
4232306,2025-08-10,VUS,2025-08-10,VUS
4232309,2025-08-13,VUS,2025-08-13,VUS
4232310,2025-08-24,VUS,2025-08-24,VUS
4232311,2025-08-06,VUS,2025-08-06,VUS
4232313,2025-08-27,VUS,2025-08-27,VUS
4232314,2025-08-30,VUS,2025-08-30,VUS
4232315,2025-07-15,VUS,2025-07-15,VUS
4232316,2025-08-20,VUS,2025-08-20,VUS
4232318,2025-06-18,VUS,2025-06-18,VUS
4232319,2025-07-15,VUS,2025-07-15,VUS
4232320,2025-07-15,VUS,2025-07-15,VUS
4232321,2025-07-31,VUS,2025-07-31,VUS
4232322,2025-08-04,VUS,2025-08-04,VUS
4232323,2025-08-23,VUS,2025-08-23,VUS
4232324,2025-02-20,VUS,2025-09-10,VUS
4258633,2025-09-01,LB,2025-09-01,LB
4258634,2025-08-25,VUS,2025-08-25,VUS
4258635,2025-08-22,VUS,2025-08-22,VUS
4258637,2025-08-20,VUS,2025-09-23,VUS
4258638,2025-08-09,VUS,2025-08-09,VUS
4258639,2025-09-05,VUS,2025-09-05,VUS
4258640,2025-08-02,VUS,2025-08-02,VUS
4258641,2025-08-04,VUS,2025-08-04,VUS
4258642,2025-08-12,VUS,2025-08-12,VUS
4258643,2025-06-16,VUS,2025-06-16,VUS
4258645,2025-06-18,LB,2025-06-18,LB
4258646,2025-06-24,VUS,2025-06-24,VUS
4258647,2025-06-26,VUS,2025-06-26,VUS
4258648,2025-07-14,VUS,2025-07-14,VUS
4258649,2025-07-15,VUS,2025-07-15,VUS
4258650,2025-07-15,VUS,2025-07-15,VUS
4258651,2025-08-07,VUS,2025-08-07,VUS
4258652,2025-08-13,VUS,2025-08-13,VUS
4258653,2025-08-22,VUS,2025-08-22,VUS
4258654,2025-08-24,VUS,2025-08-24,VUS
4258655,2025-08-24,VUS,2025-08-24,VUS
4258656,2025-08-27,VUS,2025-08-27,VUS
4277232,2025-04-10,LP,2025-04-10,LP
4277260,2025-08-15,LP,2025-08-15,LP
4277605,2025-09-10,LP,2025-09-10,LP
4277656,2025-09-10,LP,2025-09-10,LP
4277676,2025-09-10,LP,2025-09-10,LP
4277748,2025-09-10,P,2025-09-10,P
4277884,2025-09-10,P,2025-09-10,P
4278145,2025-09-10,P,2025-09-10,P
4278339,2025-09-10,LP,2025-09-10,LP
4278419,2025-09-10,LP,2025-09-10,LP
4278857,2025-04-02,VUS,2025-04-02,VUS
4279017,2025-08-21,VUS,2025-08-21,VUS
4279900,2025-08-31,LP,2025-08-31,LP
4280039,2024-08-14,VUS,2024-08-14,VUS
4280148,2025-09-30,VUS,2025-09-30,VUS
4280149,2025-09-30,VUS,2025-09-30,VUS
4280150,2025-09-30,VUS,2025-09-30,VUS
4280151,2025-09-30,VUS,2025-09-30,VUS
4280152,2025-09-30,VUS,2025-09-30,VUS
4280153,2025-09-30,VUS,2025-09-30,VUS
4280154,2025-09-30,VUS,2025-09-30,VUS
4280155,2025-09-30,VUS,2025-09-30,VUS
4280156,2025-09-30,VUS,2025-09-30,VUS
4280157,2025-09-30,VUS,2025-09-30,VUS
4280158,2025-09-30,VUS,2025-09-30,VUS
4280159,2025-09-30,VUS,2025-09-30,VUS
4280160,2025-09-30,VUS,2025-09-30,VUS
4280161,2025-09-30,VUS,2025-09-30,VUS
4280162,2025-09-30,P,2025-09-30,P
4280163,2025-09-30,VUS,2025-09-30,VUS
4280164,2025-09-30,VUS,2025-09-30,VUS
4280165,2025-09-30,VUS,2025-09-30,VUS
4280166,2025-09-30,VUS,2025-09-30,VUS
4280167,2025-09-30,VUS,2025-09-30,VUS
4280168,2025-09-30,VUS,2025-09-30,VUS
4280169,2025-09-30,VUS,2025-09-30,VUS
4280170,2025-09-30,P,2025-09-30,P
4280171,2025-09-30,VUS,2025-09-30,VUS
4280172,2025-09-30,VUS,2025-09-30,VUS
4280173,2025-09-30,VUS,2025-09-30,VUS
4280174,2025-09-30,VUS,2025-09-30,VUS
4280175,2025-09-30,P,2025-09-30,P
4280176,2025-09-30,VUS,2025-09-30,VUS
4280177,2025-09-30,VUS,2025-09-30,VUS
4280178,2025-09-30,VUS,2025-09-30,VUS
4280179,2025-09-30,VUS,2025-09-30,VUS
4280180,2025-09-30,VUS,2025-09-30,VUS
4280181,2025-09-30,VUS,2025-09-30,VUS
4280182,2025-09-30,VUS,2025-09-30,VUS
4280183,2025-09-30,LP,2025-09-30,LP
4280184,2025-09-30,P,2025-09-30,P
4280185,2025-09-30,LP,2025-09-30,LP
4280186,2025-09-30,VUS,2025-09-30,VUS
4280187,2025-09-30,VUS,2025-09-30,VUS
4280188,2025-09-30,VUS,2025-09-30,VUS
4280189,2025-09-30,VUS,2025-09-30,VUS
4280190,2025-09-30,LB,2025-09-30,LB
4280191,2025-09-30,VUS,2025-09-30,VUS
4280192,2025-09-30,VUS,2025-09-30,VUS
4280193,2025-09-30,LP,2025-09-30,LP
4280194,2025-09-30,VUS,2025-09-30,VUS
4280195,2025-09-30,VUS,2025-09-30,VUS
4280196,2025-09-30,VUS,2025-09-30,VUS
4280197,2025-09-30,VUS,2025-09-30,VUS
4280198,2025-09-30,VUS,2025-09-30,VUS
4280199,2025-09-30,VUS,2025-09-30,VUS
4280200,2025-09-30,VUS,2025-09-30,VUS
4280201,2025-09-30,VUS,2025-09-30,VUS
4280202,2025-09-30,VUS,2025-09-30,VUS
4280203,2025-09-30,VUS,2025-09-30,VUS
4280204,2025-09-30,VUS,2025-09-30,VUS
4280205,2025-09-30,LP,2025-09-30,LP
4280206,2025-09-30,VUS,2025-09-30,VUS
4280207,2025-09-30,VUS,2025-09-30,VUS
4280208,2025-09-30,VUS,2025-09-30,VUS
4280209,2025-09-30,VUS,2025-09-30,VUS
4280210,2025-09-30,VUS,2025-09-30,VUS
4280211,2025-09-30,VUS,2025-09-30,VUS
4280212,2025-09-30,VUS,2025-09-30,VUS
4280213,2025-09-30,VUS,2025-09-30,VUS
4280214,2025-09-30,VUS,2025-09-30,VUS
4280215,2025-09-30,VUS,2025-09-30,VUS
4280216,2025-09-30,VUS,2025-09-30,VUS
4280217,2025-09-30,VUS,2025-09-30,VUS
4280218,2025-09-30,VUS,2025-09-30,VUS
4280219,2025-09-30,VUS,2025-09-30,VUS
4280220,2025-09-30,LP,2025-09-30,LP
4280221,2025-09-30,VUS,2025-09-30,VUS
4280222,2025-09-30,VUS,2025-09-30,VUS
4280223,2025-09-30,VUS,2025-09-30,VUS
4280224,2025-09-30,VUS,2025-09-30,VUS
4280225,2025-09-30,VUS,2025-09-30,VUS
4280226,2025-09-30,VUS,2025-09-30,VUS
4280227,2025-09-30,VUS,2025-09-30,VUS
4280228,2025-09-30,VUS,2025-09-30,VUS
4280229,2025-09-30,VUS,2025-09-30,VUS
4280230,2025-09-30,VUS,2025-09-30,VUS
4280231,2025-09-30,VUS,2025-09-30,VUS
4280232,2025-09-30,VUS,2025-09-30,VUS
4280233,2025-09-30,VUS,2025-09-30,VUS
4280234,2025-09-30,VUS,2025-09-30,VUS
4280235,2025-09-30,VUS,2025-09-30,VUS
4280236,2025-09-30,VUS,2025-09-30,VUS
4280237,2025-09-30,VUS,2025-09-30,VUS
4280238,2025-09-30,VUS,2025-09-30,VUS
4280239,2025-09-30,VUS,2025-09-30,VUS
4280240,2025-09-30,VUS,2025-09-30,VUS
4280241,2025-09-30,VUS,2025-09-30,VUS
4280242,2025-09-30,P,2025-09-30,P
4280243,2025-09-30,P,2025-09-30,P
4280244,2025-09-30,P,2025-09-30,P
4280245,2025-09-30,P,2025-09-30,P
4280246,2025-09-30,P,2025-09-30,P
4280247,2025-09-30,VUS,2025-09-30,VUS
4280248,2025-09-30,VUS,2025-09-30,VUS
4280249,2025-09-30,P,2025-09-30,P
4280250,2025-09-30,P,2025-09-30,P
4280251,2025-09-30,VUS,2025-09-30,VUS
4280252,2025-09-30,P,2025-09-30,P
4280253,2025-09-30,VUS,2025-09-30,VUS
4280254,2025-09-30,LB,2025-09-30,LB
4280255,2025-09-30,VUS,2025-09-30,VUS
4280256,2025-09-30,VUS,2025-09-30,VUS
4280257,2025-09-30,B,2025-09-30,B
4280258,2025-09-12,VUS,2025-09-30,VUS
4280259,2025-09-30,VUS,2025-09-30,VUS
4280260,2025-09-30,VUS,2025-09-30,VUS
4280261,2025-09-30,VUS,2025-09-30,VUS
4280262,2025-09-30,VUS,2025-09-30,VUS
4280263,2025-09-30,VUS,2025-09-30,VUS
4280264,2025-09-30,VUS,2025-09-30,VUS
4280265,2025-09-30,LP,2025-09-30,LP
4280266,2025-09-30,VUS,2025-09-30,VUS
4280267,2025-09-30,VUS,2025-09-30,VUS
4280268,2025-09-30,VUS,2025-09-30,VUS
4280269,2025-09-30,LP,2025-09-30,LP
4280270,2025-09-30,VUS,2025-09-30,VUS
4280271,2025-09-30,VUS,2025-09-30,VUS
4280272,2025-09-30,VUS,2025-09-30,VUS
4280273,2025-07-23,VUS,2025-09-30,VUS
4280274,2025-09-30,VUS,2025-09-30,VUS
4280275,2025-09-30,VUS,2025-09-30,VUS
4280276,2025-09-30,VUS,2025-09-30,VUS
4280277,2025-09-30,VUS,2025-09-30,VUS
4280278,2025-09-30,VUS,2025-09-30,VUS
4280279,2025-09-30,VUS,2025-09-30,VUS
4280280,2025-09-30,VUS,2025-09-30,VUS
4280281,2025-09-30,VUS,2025-09-30,VUS
4280282,2025-09-30,VUS,2025-09-30,VUS
4280283,2025-09-30,VUS,2025-09-30,VUS
4280284,2025-09-30,LP,2025-09-30,LP
4280285,2025-09-30,VUS,2025-09-30,VUS
4280286,2025-09-30,VUS,2025-09-30,VUS
4280287,2025-09-30,P,2025-09-30,P
4280288,2025-09-30,VUS,2025-09-30,VUS
4280289,2025-09-30,VUS,2025-09-30,VUS
4280290,2025-09-30,VUS,2025-09-30,VUS
4280291,2025-09-30,LP,2025-09-30,LP
4280292,2025-09-30,LP,2025-09-30,LP
4280293,2025-09-30,VUS,2025-09-30,VUS
4280294,2025-09-30,VUS,2025-09-30,VUS
4280295,2025-09-30,VUS,2025-09-30,VUS
4280420,2025-09-26,P,2025-09-26,P
4280421,2025-09-26,B,2025-09-26,B
4280423,2025-09-26,B,2025-09-26,B
4280424,2025-09-26,VUS,2025-09-26,VUS
4280425,2025-09-26,VUS,2025-09-26,VUS
4280427,2025-09-26,VUS,2025-09-26,VUS
4280428,2025-09-26,VUS,2025-09-26,VUS
4280429,2025-09-26,LP,2025-09-26,LP
4280431,2025-09-26,VUS,2025-09-26,VUS
4280432,2025-09-26,LP,2025-09-26,LP
4280433,2025-09-26,LP,2025-09-26,LP
4280434,2025-09-26,LP,2025-09-26,LP
4280435,2025-09-26,P,2025-09-26,P
4280436,2025-09-26,LP,2025-09-26,LP
4280438,2025-09-26,LP,2025-09-26,LP
4280440,2025-09-26,VUS,2025-09-26,VUS
4280441,2025-09-26,VUS,2025-09-26,VUS
4280442,2025-09-26,LP,2025-09-26,LP
4280444,2025-09-26,VUS,2025-09-26,VUS
4280446,2025-09-26,LP,2025-09-26,LP
4280447,2025-09-26,LP,2025-09-26,LP
4280448,2025-09-26,VUS,2025-09-26,VUS
4280449,2025-09-26,LP,2025-09-26,LP
4280450,2025-09-26,VUS,2025-09-26,VUS
4280451,2025-09-26,LP,2025-09-26,LP
4280452,2025-09-26,LP,2025-09-26,LP
4280454,2025-09-26,LP,2025-09-26,LP
4280455,2025-09-26,LP,2025-09-26,LP
4280456,2025-09-26,P,2025-09-26,P
4280457,2025-09-26,LP,2025-09-26,LP
4280458,2025-09-26,LP,2025-09-26,LP
4280460,2025-09-26,LP,2025-09-26,LP
4280461,2025-09-26,LP,2025-09-26,LP
4280462,2025-09-26,LP,2025-09-26,LP
4280464,2025-09-26,VUS,2025-09-26,VUS
4280465,2025-09-26,VUS,2025-09-26,VUS
4280466,2025-09-26,VUS,2025-09-26,VUS
4280467,2025-09-26,LP,2025-09-26,LP
4280468,2025-09-26,VUS,2025-09-26,VUS
4280469,2025-09-26,LP,2025-09-26,LP
4280470,2025-09-26,VUS,2025-09-26,VUS
4280471,2025-09-26,LP,2025-09-26,LP
4280472,2025-09-26,P,2025-09-26,P
4280473,2025-09-26,LP,2025-09-26,LP
4280474,2025-09-26,P,2025-09-26,P
4280475,2025-09-26,VUS,2025-09-26,VUS
4280477,2025-09-26,LP,2025-09-26,LP
4280478,2025-09-26,LP,2025-09-26,LP
4280479,2025-09-26,LP,2025-09-26,LP
4280481,2025-09-26,LP,2025-09-26,LP
4280483,2025-02-23,VUS,2025-09-26,VUS
4280484,2025-09-26,LP,2025-09-26,LP
4280485,2025-09-26,LP,2025-09-26,LP
4280486,2025-09-26,P,2025-09-26,P
4280487,2025-09-26,LP,2025-09-26,LP
4280488,2025-09-26,P,2025-09-26,P
4280489,2025-09-26,VUS,2025-09-26,VUS
4280491,2025-09-26,LP,2025-09-26,LP
4280493,2025-09-26,VUS,2025-09-26,VUS
4280494,2025-09-26,VUS,2025-09-26,VUS
4280495,2025-09-26,VUS,2025-09-26,VUS
4280496,2025-09-26,LP,2025-09-26,LP
4280497,2025-09-26,LP,2025-09-26,LP
4280498,2025-09-26,VUS,2025-09-26,VUS
4280499,2025-09-26,VUS,2025-09-26,VUS
4280500,2025-09-26,VUS,2025-09-26,VUS
4280501,2025-09-26,VUS,2025-09-26,VUS
4280502,2025-09-26,VUS,2025-09-26,VUS
4280504,2025-09-26,VUS,2025-09-26,VUS
4280505,2025-09-26,VUS,2025-09-26,VUS
4280506,2025-09-26,VUS,2026-04-07,VUS
4280507,2025-09-26,VUS,2025-09-26,VUS
4280508,2025-09-26,VUS,2025-09-26,VUS
4280509,2025-09-26,VUS,2025-09-26,VUS
4280510,2025-09-26,VUS,2025-09-26,VUS
4280512,2025-09-26,LP,2025-09-26,LP
4280514,2025-09-26,LB,2025-09-26,LB
4280515,2025-09-26,VUS,2025-09-26,VUS
4280517,2025-09-26,VUS,2025-09-26,VUS
4280518,2025-09-26,LP,2025-09-26,LP
4280519,2025-09-26,VUS,2025-09-26,VUS
4280520,2025-09-26,VUS,2025-09-26,VUS
4280522,2025-09-26,LP,2025-09-26,LP
4280523,2025-09-26,VUS,2025-09-26,VUS
4280524,2025-09-26,LP,2025-09-26,LP
4280525,2025-09-26,VUS,2025-09-26,VUS
4280526,2025-09-26,VUS,2025-09-26,VUS
4280527,2025-09-26,LP,2025-09-26,LP
4280528,2025-09-26,P,2025-09-26,P
4280529,2025-09-26,P,2025-09-26,P
4280530,2025-09-26,VUS,2025-09-26,VUS
4280531,2025-09-26,P,2025-09-26,P
4280532,2025-09-26,LP,2025-09-26,LP
4280533,2025-09-26,VUS,2025-09-26,VUS
4280534,2025-05-14,VUS,2025-09-26,VUS
4280536,2025-08-05,VUS,2025-09-26,VUS
4280537,2025-09-26,VUS,2025-09-26,VUS
4280538,2025-09-26,P,2025-09-26,P
4280539,2025-09-26,VUS,2025-09-26,VUS
4280541,2025-09-26,VUS,2025-09-26,VUS
4280542,2025-09-26,VUS,2025-09-26,VUS
4280543,2025-09-26,LP,2025-09-26,LP
4280544,2025-09-26,VUS,2025-09-26,VUS
4280546,2025-09-26,LP,2025-09-26,LP
4280547,2025-09-26,VUS,2025-09-26,VUS
4280548,2025-09-26,VUS,2025-09-26,VUS
4280550,2025-09-26,VUS,2025-09-26,VUS
4280551,2025-08-10,VUS,2025-09-26,VUS
4280552,2025-09-26,LP,2025-09-26,LP
4280553,2025-09-26,VUS,2025-09-26,VUS
4280554,2025-09-26,LP,2025-09-26,LP
4280556,2025-09-26,VUS,2025-09-26,VUS
4280557,2025-09-26,VUS,2025-09-26,VUS
4280558,2025-09-26,VUS,2025-09-26,VUS
4280559,2025-09-26,LP,2025-09-26,LP
4280560,2025-09-26,VUS,2025-09-26,VUS
4280562,2025-09-26,P,2025-09-26,P
4280563,2025-09-26,LP,2025-09-26,LP
4280564,2025-09-26,LP,2025-09-26,LP
4280565,2025-09-26,LP,2025-09-26,LP
4280566,2025-03-27,VUS,2025-09-26,VUS
4280568,2025-09-26,VUS,2025-09-26,VUS
4280569,2025-09-26,P,2025-09-26,P
4280570,2025-09-26,P,2025-09-26,P
4280571,2025-09-26,VUS,2025-09-26,VUS
4280671,2025-09-16,LP,2025-09-16,LP
4281210,2025-05-26,LB,2025-09-01,LB
4281246,2025-09-01,LP,2025-09-01,LP
4281617,2025-10-20,VUS,2025-10-20,VUS
4282494,2025-04-09,VUS,2025-04-09,VUS
4291152,2025-10-02,VUS,2025-10-02,VUS
4291153,2025-10-02,VUS,2025-10-02,VUS
4291154,2025-10-02,VUS,2025-10-02,VUS
4291155,2025-10-02,VUS,2025-10-02,VUS
4291156,2025-10-02,VUS,2025-10-02,VUS
4291157,2025-08-26,VUS,2025-10-02,VUS
4291158,2025-10-02,LP,2025-10-02,LP
4291159,2025-10-02,VUS,2025-10-02,VUS
4291160,2025-10-02,VUS,2025-10-02,VUS
4291161,2025-10-02,VUS,2025-10-02,VUS
4291162,2025-10-02,VUS,2025-10-02,VUS
4291163,2025-10-02,VUS,2025-10-02,VUS
4291164,2025-10-02,VUS,2025-10-02,VUS
4291165,2025-10-02,VUS,2025-10-02,VUS
4291166,2025-10-02,P,2025-10-02,P
4291167,2025-10-02,VUS,2025-10-02,VUS
4291168,2025-10-02,VUS,2025-10-02,VUS
4291169,2025-10-02,VUS,2025-10-02,VUS
4291170,2025-10-02,VUS,2025-10-02,VUS
4291171,2025-10-02,VUS,2025-10-02,VUS
4291172,2025-10-02,VUS,2025-10-02,VUS
4291173,2025-10-02,VUS,2025-10-02,VUS
4291174,2025-10-02,P,2025-10-02,P
4291175,2025-10-02,VUS,2025-10-02,VUS
4291176,2025-10-02,VUS,2025-10-02,VUS
4291177,2025-10-02,VUS,2025-10-02,VUS
4291178,2025-10-02,VUS,2025-10-02,VUS
4291179,2025-10-02,VUS,2025-10-02,VUS
4291180,2025-10-02,VUS,2025-10-02,VUS
4291181,2025-10-02,P,2025-10-02,P
4291182,2025-10-02,VUS,2025-10-02,VUS
4291183,2025-10-02,VUS,2025-10-02,VUS
4291184,2025-10-02,VUS,2025-10-02,VUS
4291185,2025-10-02,VUS,2025-10-02,VUS
4291186,2025-10-02,VUS,2025-10-02,VUS
4291187,2025-10-02,VUS,2025-10-02,VUS
4291188,2025-10-02,VUS,2025-10-02,VUS
4291189,2025-10-02,VUS,2025-10-02,VUS
4291190,2025-10-02,VUS,2025-10-02,VUS
4291191,2025-10-02,P,2025-10-02,P
4291192,2025-10-02,VUS,2025-10-02,VUS
4291193,2025-10-02,VUS,2025-10-02,VUS
4291194,2025-10-02,VUS,2025-10-02,VUS
4291195,2025-10-02,VUS,2025-10-02,VUS
4291196,2025-10-02,VUS,2025-10-02,VUS
4291197,2025-10-02,P,2025-10-02,P
4291198,2025-10-02,VUS,2025-10-02,VUS
4291199,2025-10-02,P,2025-10-02,P
4291200,2025-03-24,P,2025-10-02,P
4291201,2025-01-20,P,2025-10-02,P
4291202,2025-10-02,P,2025-10-02,P
4291203,2025-10-02,P,2025-10-02,P
4291204,2025-10-02,P,2025-10-02,P
4291205,2025-10-02,P,2025-10-02,P
4291206,2025-10-02,P,2025-10-02,P
4291207,2025-10-02,P,2025-10-02,P
4291208,2025-10-02,LP,2025-10-02,LP
4291209,2025-10-02,P,2025-10-02,P
4291210,2025-10-02,P,2025-10-02,P
4291211,2025-10-02,P,2025-10-02,P
4291212,2025-10-02,P,2025-10-02,P
4291213,2025-10-02,LB,2025-10-02,LB
4291214,2025-10-02,LB,2025-10-02,LB
4291215,2025-10-02,LB,2025-10-02,LB
4291216,2025-10-02,P,2025-10-02,P
4291217,2025-10-02,LP,2025-10-02,LP
4291218,2025-10-02,VUS,2025-10-02,VUS
4291219,2025-10-02,VUS,2025-10-02,VUS
4291220,2025-10-02,VUS,2025-10-02,VUS
4291221,2025-10-02,VUS,2025-10-02,VUS
4291222,2025-10-02,VUS,2025-10-02,VUS
4291223,2025-10-02,LB,2025-10-02,LB
4291224,2025-10-02,VUS,2025-10-02,VUS
4291225,2025-10-02,VUS,2026-01-08,VUS
4291226,2025-10-02,VUS,2025-10-02,VUS
4291227,2025-10-02,VUS,2025-10-02,VUS
4291228,2025-10-02,VUS,2025-10-02,VUS
4291229,2025-10-02,B,2025-10-02,B
4291230,2025-10-02,VUS,2025-10-02,VUS
4291231,2025-10-02,VUS,2025-10-02,VUS
4291232,2025-10-02,VUS,2025-10-02,VUS
4291233,2025-10-02,VUS,2025-10-02,VUS
4291234,2025-10-02,VUS,2025-10-02,VUS
4291235,2025-09-20,VUS,2025-10-02,VUS
4291236,2025-10-02,VUS,2025-10-02,VUS
4291237,2025-10-02,VUS,2025-10-02,VUS
4291238,2025-10-02,VUS,2025-10-02,VUS
4291239,2025-10-02,VUS,2025-10-02,VUS
4291240,2025-10-02,VUS,2025-10-02,VUS
4291241,2025-10-02,VUS,2025-10-02,VUS
4291242,2025-10-02,VUS,2025-10-02,VUS
4291243,2025-10-02,VUS,2025-10-02,VUS
4291244,2025-10-02,VUS,2025-10-02,VUS
4291245,2025-10-02,VUS,2025-10-02,VUS
4291246,2025-10-02,VUS,2025-10-02,VUS
4291247,2025-10-02,VUS,2025-10-02,VUS
4291248,2025-10-02,VUS,2025-10-02,VUS
4291249,2025-10-02,P,2025-10-02,P
4291250,2025-10-02,VUS,2025-10-02,VUS
4291251,2025-10-02,VUS,2025-10-02,VUS
4291252,2025-10-02,VUS,2025-10-02,VUS
4291253,2025-10-02,VUS,2025-10-02,VUS
4291254,2025-10-02,VUS,2025-10-02,VUS
4291255,2025-10-02,LP,2025-10-02,LP
4291256,2025-10-02,VUS,2025-10-02,VUS
4291257,2025-10-02,VUS,2025-10-02,VUS
4291258,2025-10-02,P,2025-10-02,P
4291259,2025-10-02,VUS,2025-10-02,VUS
4291260,2025-10-02,VUS,2025-10-02,VUS
4291261,2025-10-02,VUS,2025-10-02,VUS
4291262,2025-10-02,VUS,2025-10-02,VUS
4291263,2025-10-02,VUS,2025-10-02,VUS
4291264,2025-10-02,VUS,2025-10-02,VUS
4291265,2025-10-02,VUS,2025-10-02,VUS
4291266,2025-07-31,VUS,2025-10-02,VUS
4291267,2025-10-02,P,2025-10-02,P
4291268,2025-10-02,VUS,2025-10-02,VUS
4291269,2025-10-02,VUS,2025-10-02,VUS
4291270,2025-10-02,VUS,2025-10-02,VUS
4291271,2025-10-02,VUS,2025-10-02,VUS
4291272,2025-10-02,VUS,2025-10-02,VUS
4291273,2025-10-02,VUS,2025-10-02,VUS
4291274,2025-10-02,VUS,2025-10-02,VUS
4291275,2025-10-02,VUS,2025-10-02,VUS
4291276,2025-10-02,VUS,2025-10-02,VUS
4291277,2025-10-02,VUS,2025-10-02,VUS
4291278,2025-10-02,VUS,2025-10-02,VUS
4291279,2025-10-02,VUS,2025-10-02,VUS
4291280,2025-10-02,VUS,2025-10-02,VUS
4291281,2025-09-04,VUS,2025-10-02,VUS
4291282,2025-10-02,VUS,2025-10-02,VUS
4291283,2025-10-02,LP,2025-10-02,LP
4291284,2025-10-02,VUS,2025-10-02,VUS
4291285,2025-10-02,VUS,2025-10-02,VUS
4291286,2025-10-02,VUS,2025-10-02,VUS
4291287,2025-10-02,VUS,2025-10-02,VUS
4291288,2025-09-26,VUS,2025-10-02,VUS
4291289,2025-10-02,P,2025-10-02,P
4291290,2025-10-02,LP,2025-10-02,LP
4291291,2025-10-02,VUS,2025-10-02,VUS
4291292,2025-10-02,VUS,2025-10-02,VUS
4291294,2025-10-02,VUS,2025-10-02,VUS
4291295,2025-10-02,P,2025-10-02,P
4291296,2025-10-02,VUS,2025-10-02,VUS
4291297,2025-10-02,VUS,2025-10-02,VUS
4291298,2025-10-02,LP,2025-10-02,LP
4291299,2025-10-02,VUS,2025-10-02,VUS
4291300,2025-10-02,LP,2025-10-02,LP
4291301,2025-10-02,VUS,2025-10-02,VUS
4291302,2025-10-02,VUS,2025-10-02,VUS
4291303,2025-10-02,LP,2025-10-02,LP
4291304,2025-10-02,VUS,2025-10-02,VUS
4291305,2025-10-02,P,2025-10-02,P
4291306,2025-10-02,VUS,2025-10-02,VUS
4291307,2025-10-02,LP,2025-10-02,LP
4291308,2025-10-02,P,2025-10-02,P
4291309,2025-10-02,LP,2025-10-02,LP
4291310,2025-10-02,VUS,2025-10-02,VUS
4291311,2025-10-02,LP,2025-10-02,LP
4291312,2025-10-02,VUS,2025-10-02,VUS
4291313,2025-10-02,VUS,2025-10-02,VUS
4291314,2025-10-02,LP,2025-10-02,LP
4291315,2025-10-02,VUS,2025-10-02,VUS
4291316,2025-10-02,P,2025-10-02,P
4291317,2025-10-02,VUS,2025-10-02,VUS
4291318,2025-10-02,LP,2025-10-02,LP
4291319,2025-10-02,VUS,2025-10-02,VUS
4291320,2025-07-25,VUS,2025-10-02,VUS
4291321,2025-10-02,LP,2025-10-02,LP
4291322,2025-10-02,VUS,2025-10-02,VUS
4291323,2025-10-02,P,2025-10-02,P
4291324,2025-10-02,VUS,2025-10-02,VUS
4291325,2025-10-02,VUS,2025-10-02,VUS
4291326,2025-10-02,VUS,2025-10-02,VUS
4291327,2025-10-02,VUS,2025-10-02,VUS
4291328,2025-10-02,VUS,2025-10-02,VUS
4291329,2025-10-02,P,2025-10-02,P
4291330,2025-10-02,VUS,2025-10-02,VUS
4291331,2025-10-02,VUS,2025-10-02,VUS
4291332,2025-10-02,LB,2025-10-02,LB
4291333,2025-10-02,VUS,2025-10-02,VUS
4291334,2025-10-02,P,2025-10-02,P
4291335,2025-10-02,P,2025-10-02,P
4291336,2025-10-02,B,2025-10-02,B
4291337,2025-10-02,VUS,2025-10-02,VUS
4291338,2025-10-02,P,2025-10-02,P
4291339,2025-10-02,VUS,2025-10-02,VUS
4291340,2025-10-02,LP,2025-10-02,LP
4291341,2025-10-02,VUS,2025-10-02,VUS
4291342,2025-10-02,VUS,2025-10-02,VUS
4291343,2025-10-02,VUS,2025-10-02,VUS
4291344,2025-10-02,VUS,2025-10-02,VUS
4291345,2025-10-02,VUS,2025-10-02,VUS
4291346,2025-10-02,VUS,2025-10-02,VUS
4291347,2025-10-02,VUS,2025-10-02,VUS
4291348,2025-10-02,VUS,2025-10-02,VUS
4291349,2025-10-02,VUS,2025-10-02,VUS
4291350,2025-10-02,VUS,2025-10-02,VUS
4291351,2025-10-02,VUS,2025-10-02,VUS
4291352,2025-10-02,LP,2025-10-02,LP
4291353,2025-10-02,VUS,2026-01-05,VUS
4291354,2025-10-02,VUS,2025-10-02,VUS
4291355,2025-10-02,VUS,2025-10-02,VUS
4291356,2025-10-02,VUS,2025-10-02,VUS
4291357,2025-10-02,VUS,2025-10-02,VUS
4291358,2025-10-02,P,2025-10-02,P
4291359,2025-10-02,VUS,2025-10-02,VUS
4291360,2025-10-02,VUS,2025-10-02,VUS
4291361,2025-10-02,VUS,2025-10-02,VUS
4291362,2025-10-02,VUS,2025-10-02,VUS
4291363,2025-10-02,VUS,2025-10-02,VUS
4291364,2025-10-02,VUS,2025-10-02,VUS
4291365,2025-10-02,VUS,2025-10-02,VUS
4291366,2025-10-02,VUS,2025-10-02,VUS
4291367,2025-10-02,VUS,2025-10-02,VUS
4291369,2025-10-02,VUS,2025-12-09,VUS
4291370,2025-10-02,P,2025-10-02,P
4291371,2025-10-02,P,2025-10-02,P
4291372,2025-10-02,VUS,2025-10-02,VUS
4291373,2025-10-02,VUS,2025-10-02,VUS
4291374,2025-10-02,VUS,2025-10-02,VUS
4291375,2025-10-02,VUS,2025-10-02,VUS
4291376,2025-10-02,VUS,2025-11-09,VUS
4291377,2025-10-02,VUS,2025-10-02,VUS
4291378,2025-10-02,VUS,2025-10-02,VUS
4291379,2025-10-02,LP,2025-10-02,LP
4291380,2025-10-02,VUS,2025-10-02,VUS
4291381,2025-10-02,VUS,2025-10-02,VUS
4291382,2025-10-02,B,2025-10-02,B
4291383,2025-10-02,B,2025-10-02,B
4291384,2025-10-02,VUS,2025-10-02,VUS
4291385,2025-10-02,B,2025-10-02,B
4291386,2025-10-02,B,2025-10-02,B
4291387,2025-10-02,VUS,2025-10-02,VUS
4291388,2025-10-02,VUS,2025-10-02,VUS
4291389,2025-10-02,VUS,2025-10-02,VUS
4291390,2025-10-02,VUS,2025-10-02,VUS
4291391,2025-10-02,P,2025-10-02,P
4291392,2025-10-02,VUS,2025-10-02,VUS
4291393,2025-10-02,VUS,2025-10-02,VUS
4291394,2025-10-02,VUS,2025-10-02,VUS
4291395,2025-10-02,VUS,2025-10-02,VUS
4291396,2025-10-02,VUS,2025-10-02,VUS
4291397,2025-10-02,B,2025-10-02,B
4291398,2025-10-02,VUS,2025-10-02,VUS
4291399,2025-10-02,VUS,2026-01-28,VUS
4291400,2025-10-02,VUS,2025-10-02,VUS
4291401,2025-10-02,VUS,2025-10-02,VUS
4291402,2025-10-02,VUS,2025-10-02,VUS
4291403,2025-09-11,VUS,2025-10-02,VUS
4291404,2025-10-02,LB,2025-10-02,LB
4291405,2025-10-02,VUS,2025-10-02,VUS
4291406,2025-10-02,LB,2025-10-02,LB
4291407,2025-10-02,VUS,2025-10-02,VUS
4291408,2025-10-02,VUS,2025-10-02,VUS
4291409,2025-10-02,VUS,2025-10-02,VUS
4291410,2025-10-02,VUS,2025-10-02,VUS
4291411,2025-10-02,VUS,2025-10-02,VUS
4291412,2025-10-02,B,2025-10-02,B
4291413,2025-10-02,VUS,2025-10-02,VUS
4291414,2025-10-02,VUS,2025-10-02,VUS
4291415,2025-10-02,P,2025-10-16,P
4291416,2025-10-02,P,2025-10-02,P
4291417,2025-10-02,VUS,2025-10-02,VUS
4291418,2025-10-02,P,2025-10-02,P
4291419,2025-10-02,P,2025-12-03,P
4291420,2025-10-02,VUS,2025-10-02,VUS
4291421,2025-10-02,P,2025-10-02,P
4291422,2025-10-02,LP,2025-10-02,LP
4291423,2025-10-02,LP,2025-10-02,LP
4291424,2025-10-02,VUS,2025-10-02,VUS
4291425,2025-10-02,VUS,2025-10-02,VUS
4291427,2025-10-02,LP,2025-10-02,LP
4291428,2025-10-02,VUS,2025-10-02,VUS
4291429,2025-10-02,VUS,2025-10-02,VUS
4291430,2025-10-02,VUS,2025-10-02,VUS
4291431,2025-10-02,P,2025-10-02,P
4291432,2025-10-02,P,2025-10-02,P
4291433,2025-10-02,LP,2025-10-02,LP
4291434,2025-10-02,VUS,2025-10-02,VUS
4291435,2025-10-02,VUS,2025-10-02,VUS
4291436,2025-10-02,VUS,2025-10-02,VUS
4291437,2025-10-02,VUS,2025-10-02,VUS
4291438,2025-10-02,VUS,2025-10-02,VUS
4291439,2025-10-02,VUS,2025-10-02,VUS
4291440,2025-10-02,VUS,2025-10-02,VUS
4291441,2025-10-02,LP,2025-10-02,LP
4291442,2025-10-02,LP,2025-10-02,LP
4291443,2025-10-02,VUS,2025-10-02,VUS
4291444,2025-10-02,P,2025-10-02,P
4291445,2025-10-02,VUS,2025-10-02,VUS
4291446,2025-10-02,VUS,2025-10-02,VUS
4291447,2025-10-02,LP,2025-10-02,LP
4291448,2025-10-02,VUS,2025-10-02,VUS
4291449,2025-10-02,P,2025-10-02,P
4291450,2025-10-02,P,2025-10-02,P
4291451,2025-10-02,P,2025-10-02,P
4291452,2025-10-02,VUS,2025-10-02,VUS
4291453,2025-10-02,P,2025-10-02,P
4291454,2025-10-02,LP,2025-10-02,LP
4291455,2025-10-02,VUS,2025-10-02,VUS
4291456,2025-10-02,VUS,2025-10-02,VUS
4291457,2025-10-02,VUS,2025-10-02,VUS
4291458,2025-10-02,B,2025-10-02,B
4291459,2025-10-02,B,2025-10-02,B
4291460,2025-10-02,VUS,2025-10-02,VUS
4291461,2025-10-02,LB,2025-10-02,LB
4291462,2025-10-02,P,2025-10-02,P
4291463,2025-10-02,VUS,2025-10-02,VUS
4291464,2025-10-02,P,2025-10-02,P
4291465,2025-10-02,P,2025-10-02,P
4291466,2025-10-02,P,2025-10-02,P
4291467,2025-10-02,VUS,2025-10-02,VUS
4291468,2025-10-02,VUS,2025-10-02,VUS
4291469,2025-10-02,VUS,2025-10-02,VUS
4291470,2025-10-02,VUS,2025-10-02,VUS
4291471,2025-10-02,VUS,2025-10-02,VUS
4291472,2025-10-02,VUS,2025-10-02,VUS
4291473,2025-10-02,VUS,2025-10-02,VUS
4291474,2025-10-02,VUS,2025-10-02,VUS
4291475,2025-10-02,B,2025-10-02,B
4291476,2025-10-02,VUS,2025-10-02,VUS
4291477,2025-10-02,VUS,2025-10-02,VUS
4291478,2025-10-02,P,2025-10-02,P
4291479,2025-10-02,VUS,2025-10-02,VUS
4291480,2025-10-02,VUS,2025-10-02,VUS
4291481,2025-10-02,VUS,2025-10-02,VUS
4291482,2025-10-02,VUS,2025-10-02,VUS
4291483,2025-10-02,VUS,2025-10-02,VUS
4291484,2025-10-02,VUS,2025-10-02,VUS
4291485,2025-10-02,LP,2025-10-02,LP
4291486,2025-10-02,VUS,2025-10-02,VUS
4291487,2025-10-02,VUS,2025-10-02,VUS
4291488,2025-10-02,LP,2025-10-02,LP
4291489,2025-10-02,LP,2025-10-02,LP
4291490,2025-10-02,LP,2025-10-02,LP
4291491,2025-10-02,P,2025-10-02,P
4291492,2025-10-02,P,2025-10-02,P
4291493,2025-10-02,LP,2025-10-02,LP
4291494,2025-10-02,VUS,2025-10-02,VUS
4291495,2025-10-02,VUS,2025-10-02,VUS
4291496,2025-10-02,VUS,2025-10-02,VUS
4291497,2025-10-02,VUS,2025-10-02,VUS
4291498,2025-10-02,P,2025-10-02,P
4291499,2025-10-02,P,2025-10-02,P
4291500,2025-10-02,LP,2025-10-02,LP
4291501,2025-10-02,VUS,2025-10-02,VUS
4291502,2025-10-02,VUS,2025-10-02,VUS
4291503,2025-10-02,LP,2025-10-02,LP
4291504,2025-10-02,P,2025-10-02,P
4291505,2025-10-02,P,2025-10-02,P
4291506,2025-10-02,VUS,2025-10-02,VUS
4291507,2025-10-02,LP,2025-10-02,LP
4291508,2025-10-02,P,2025-10-02,P
4291509,2025-10-02,VUS,2025-10-02,VUS
4291510,2025-10-02,VUS,2025-10-02,VUS
4291511,2025-10-02,VUS,2025-10-02,VUS
4291512,2025-10-02,P,2025-10-02,P
4291513,2025-10-02,VUS,2025-10-02,VUS
4291514,2025-10-02,P,2025-10-02,P
4291515,2025-10-02,VUS,2025-10-02,VUS
4291516,2025-10-02,VUS,2025-10-02,VUS
4291517,2025-10-02,VUS,2025-10-02,VUS
4291518,2025-10-02,P,2025-10-02,P
4291519,2025-10-02,VUS,2025-10-02,VUS
4291520,2025-10-02,VUS,2025-10-02,VUS
4291521,2025-10-02,LP,2025-10-02,LP
4291522,2025-10-02,VUS,2025-10-02,VUS
4291523,2025-10-02,LP,2025-10-02,LP
4291524,2025-10-02,VUS,2025-10-02,VUS
4291525,2025-10-02,P,2025-10-02,P
4291526,2025-10-02,P,2025-10-02,P
4291527,2025-10-02,P,2025-10-02,P
4291528,2025-10-02,VUS,2025-10-02,VUS
4291529,2025-10-02,P,2025-10-02,P
4291530,2025-10-02,VUS,2025-10-02,VUS
4291531,2025-10-02,VUS,2025-10-02,VUS
4291532,2025-10-02,P,2025-10-02,P
4291533,2025-10-02,LP,2025-10-02,LP
4291534,2025-10-02,P,2025-10-02,P
4291535,2025-10-02,P,2025-10-02,P
4291536,2025-10-02,VUS,2025-10-02,VUS
4291537,2025-10-02,VUS,2025-10-02,VUS
4291538,2025-10-02,P,2025-10-02,P
4291539,2025-10-02,VUS,2025-10-02,VUS
4291540,2025-10-02,VUS,2025-10-02,VUS
4291541,2025-10-02,VUS,2025-10-02,VUS
4291542,2025-10-02,VUS,2025-10-02,VUS
4291543,2025-10-02,P,2025-10-02,P
4291544,2025-10-02,P,2025-10-02,P
4291545,2025-10-02,VUS,2025-10-02,VUS
4291546,2025-10-02,VUS,2025-10-02,VUS
4291547,2025-10-02,P,2025-10-02,P
4291549,2025-10-02,VUS,2025-10-02,VUS
4291550,2025-10-02,VUS,2025-10-15,VUS
4291551,2025-10-02,LP,2025-10-02,LP
4291552,2025-10-02,P,2025-10-02,P
4291553,2025-10-02,LP,2025-10-02,LP
4291554,2025-10-02,LP,2025-10-02,LP
4291555,2025-10-02,B,2025-10-02,B
4291556,2025-10-02,VUS,2025-10-02,VUS
4291557,2025-10-02,VUS,2025-10-02,VUS
4291558,2025-10-02,LP,2025-10-02,LP
4291560,2025-10-02,VUS,2025-10-02,VUS
4291561,2025-10-02,VUS,2025-10-02,VUS
4291562,2025-10-02,VUS,2025-10-02,VUS
4291563,2025-09-06,VUS,2025-10-02,VUS
4291564,2025-10-02,P,2025-10-02,P
4291565,2025-10-02,VUS,2025-10-02,VUS
4291566,2025-10-02,P,2025-10-02,P
4291567,2025-10-02,P,2025-10-02,P
4291568,2025-10-02,VUS,2025-10-02,VUS
4291569,2025-10-02,P,2025-10-02,P
4291570,2025-10-02,VUS,2025-10-02,VUS
4291571,2025-10-02,VUS,2025-10-02,VUS
4291572,2025-10-02,VUS,2025-12-16,VUS
4291573,2025-10-02,P,2025-10-02,P
4291574,2025-10-02,VUS,2025-10-02,VUS
4291575,2025-10-02,VUS,2025-10-02,VUS
4291576,2025-10-02,P,2025-10-02,P
4291577,2025-10-02,VUS,2025-10-02,VUS
4291578,2025-10-02,LP,2025-10-02,LP
4291579,2025-10-02,P,2025-10-02,P
4291580,2025-10-02,P,2025-10-02,P
4291581,2025-10-02,VUS,2025-10-02,VUS
4291582,2025-10-02,VUS,2025-10-02,VUS
4291583,2025-10-02,VUS,2025-10-02,VUS
4291584,2025-10-02,P,2025-10-02,P
4291585,2025-10-02,LP,2025-10-02,LP
4291586,2025-10-02,LB,2025-10-02,LB
4291587,2025-10-02,P,2025-10-02,P
4291588,2025-10-02,VUS,2025-10-02,VUS
4291589,2025-10-02,VUS,2025-10-02,VUS
4291590,2025-10-02,VUS,2025-10-02,VUS
4291591,2025-10-02,VUS,2025-10-02,VUS
4291592,2025-10-02,VUS,2025-10-02,VUS
4291593,2025-10-02,VUS,2025-10-02,VUS
4291594,2025-10-02,VUS,2025-10-02,VUS
4291595,2025-10-02,VUS,2025-10-02,VUS
4291596,2025-10-02,VUS,2025-10-02,VUS
4291598,2025-10-02,VUS,2025-10-02,VUS
4291599,2025-10-02,VUS,2025-10-02,VUS
4291600,2025-10-02,VUS,2025-10-02,VUS
4291601,2025-10-02,P,2025-10-02,P
4291602,2025-10-02,VUS,2025-10-02,VUS
4291603,2025-10-02,VUS,2025-10-02,VUS
4291604,2025-10-02,VUS,2025-10-02,VUS
4291605,2025-10-02,VUS,2025-10-02,VUS
4291606,2025-10-02,VUS,2025-10-02,VUS
4291607,2025-10-02,VUS,2025-10-02,VUS
4291608,2025-10-02,VUS,2025-10-02,VUS
4291609,2025-10-02,VUS,2025-10-02,VUS
4291610,2025-10-02,LP,2025-10-02,LP
4291611,2025-10-02,VUS,2025-10-02,VUS
4291612,2025-10-02,VUS,2025-10-02,VUS
4291613,2025-10-02,VUS,2025-10-02,VUS
4291614,2025-10-02,VUS,2025-10-02,VUS
4291615,2025-10-02,VUS,2025-10-02,VUS
4291616,2025-10-02,VUS,2025-10-02,VUS
4291617,2025-10-02,VUS,2025-10-02,VUS
4291618,2025-10-02,VUS,2025-10-02,VUS
4291619,2025-10-02,P,2025-10-02,P
4291620,2025-10-02,VUS,2025-10-02,VUS
4291621,2025-10-02,VUS,2025-10-02,VUS
4291622,2025-10-02,VUS,2025-10-02,VUS
4291623,2025-10-02,LP,2025-10-02,LP
4291624,2025-10-02,LP,2025-10-02,LP
4291625,2025-10-02,LP,2025-10-02,LP
4291626,2025-10-02,VUS,2025-10-02,VUS
4291627,2025-10-02,VUS,2025-10-02,VUS
4291628,2025-10-02,VUS,2025-10-02,VUS
4291629,2025-10-02,VUS,2025-10-02,VUS
4291630,2025-10-02,VUS,2025-10-02,VUS
4291631,2025-10-02,VUS,2025-10-02,VUS
4291632,2025-10-02,VUS,2025-10-02,VUS
4291633,2025-10-02,VUS,2025-10-02,VUS
4291634,2025-10-02,LP,2025-10-02,LP
4291635,2025-10-02,VUS,2025-10-02,VUS
4291636,2025-10-02,VUS,2025-10-02,VUS
4291637,2025-10-02,VUS,2025-10-02,VUS
4291638,2025-10-02,VUS,2025-10-02,VUS
4291639,2025-10-02,VUS,2025-10-02,VUS
4291640,2025-10-02,VUS,2025-10-02,VUS
4291641,2025-10-02,VUS,2025-10-02,VUS
4291642,2025-10-02,VUS,2025-10-02,VUS
4291643,2025-10-02,VUS,2025-10-02,VUS
4291644,2025-10-02,P,2025-10-02,P
4291645,2025-10-02,VUS,2025-10-02,VUS
4291646,2025-10-02,VUS,2025-10-02,VUS
4291647,2025-10-02,VUS,2025-10-02,VUS
4291648,2025-10-02,LP,2025-10-02,LP
4291649,2025-10-02,VUS,2025-10-02,VUS
4291650,2025-10-02,P,2025-10-02,P
4291651,2025-10-02,LP,2025-10-02,LP
4291652,2025-10-02,P,2025-10-02,P
4291653,2025-10-02,P,2025-10-02,P
4291654,2025-10-02,P,2025-10-02,P
4291655,2025-10-02,VUS,2025-10-02,VUS
4291656,2025-10-02,P,2025-10-02,P
4291657,2025-10-02,VUS,2025-10-02,VUS
4291658,2025-10-02,LP,2025-10-02,LP
4291659,2025-10-02,LP,2025-10-02,LP
4291660,2025-10-02,P,2025-10-02,P
4291661,2025-10-02,P,2025-10-02,P
4291662,2025-10-02,VUS,2025-10-02,VUS
4291663,2025-10-02,VUS,2025-10-02,VUS
4291664,2025-10-02,VUS,2025-10-02,VUS
4291665,2025-10-02,P,2025-10-02,P
4291666,2025-10-02,VUS,2025-10-02,VUS
4291667,2025-10-02,VUS,2025-10-02,VUS
4291668,2025-10-02,P,2025-10-02,P
4291669,2025-10-02,LP,2025-10-02,LP
4291670,2025-10-02,LP,2025-10-02,LP
4291671,2025-10-02,B,2025-10-02,B
4291672,2025-10-02,B,2025-10-02,B
4291673,2025-10-02,VUS,2025-10-02,VUS
4291674,2025-10-02,VUS,2025-10-02,VUS
4291675,2025-10-02,VUS,2025-10-02,VUS
4291676,2025-10-02,VUS,2025-10-02,VUS
4291677,2025-10-02,VUS,2025-10-02,VUS
4291678,2025-10-02,P,2025-10-02,P
4291679,2025-10-02,VUS,2025-10-02,VUS
4291680,2025-10-02,VUS,2025-10-02,VUS
4291681,2025-10-02,P,2025-10-02,P
4291682,2025-10-02,VUS,2025-10-02,VUS
4291684,2025-10-02,VUS,2025-10-02,VUS
4291685,2025-10-02,VUS,2025-10-02,VUS
4291686,2025-10-02,VUS,2025-10-02,VUS
4291687,2025-10-02,VUS,2025-10-02,VUS
4291688,2025-10-02,LP,2025-10-02,LP
4291689,2025-10-02,VUS,2025-10-02,VUS
4291690,2025-10-02,VUS,2025-10-02,VUS
4291691,2025-10-02,VUS,2025-10-02,VUS
4291692,2025-10-02,VUS,2025-10-02,VUS
4291693,2025-10-02,B,2025-10-02,B
4291694,2025-10-02,B,2025-10-02,B
4291695,2025-10-02,B,2025-10-02,B
4291696,2025-10-02,LB,2025-10-02,LB
4291697,2025-10-02,P,2025-10-02,P
4291698,2025-10-02,VUS,2025-10-02,VUS
4291699,2025-10-02,VUS,2025-10-02,VUS
4291749,2024-06-13,LP,2024-06-13,LP
4291775,2024-06-24,VUS,2024-06-24,VUS
4291788,2025-03-26,VUS,2025-03-26,VUS
4291794,2024-12-31,VUS,2024-12-31,VUS
4291820,2024-10-10,LP,2024-10-10,LP
4291822,2024-11-14,LP,2024-11-14,LP
4291839,2024-11-04,LP,2024-11-04,LP
4291850,2024-06-17,LP,2024-06-17,LP
4291869,2024-12-18,P,2024-12-18,P
4291892,2025-03-07,VUS,2025-03-07,VUS
4291918,2025-02-11,LP,2025-02-11,LP
4292049,2024-10-18,LP,2024-10-18,LP
4292178,2025-03-25,VUS,2025-03-25,VUS
4292199,2025-03-17,P,2025-03-17,P
4292217,2024-07-15,VUS,2024-07-15,VUS
4292280,2025-04-13,VUS,2025-04-13,VUS
4292375,2025-01-21,VUS,2025-01-21,VUS
4292492,2024-12-05,VUS,2024-12-05,VUS
4292629,2024-12-31,LP,2024-12-31,LP
4292639,2024-09-09,LP,2024-09-09,LP
4292640,2024-07-25,LP,2024-07-25,LP
4292654,2025-02-11,VUS,2025-02-11,VUS
4292661,2025-04-10,P,2025-04-10,P
4292769,2024-07-17,LP,2024-07-17,LP
4292770,2025-01-20,VUS,2025-01-20,VUS
4292834,2024-11-11,VUS,2024-11-11,VUS
4292924,2024-06-23,VUS,2024-06-23,VUS
4292993,2025-03-12,P,2025-03-12,P
4293002,2025-03-10,VUS,2025-03-10,VUS
4293016,2024-07-25,LP,2024-07-25,LP
4293023,2024-11-26,LP,2024-11-26,LP
4293285,2024-10-08,VUS,2024-10-08,VUS
4293363,2024-12-06,VUS,2024-12-06,VUS
4293376,2025-02-21,VUS,2025-02-23,VUS
4293430,2025-03-13,LP,2025-03-13,LP
4293450,2025-04-24,LP,2025-04-24,LP
4293492,2024-06-19,VUS,2024-06-19,VUS
4293533,2024-11-20,LP,2024-11-20,LP
4293573,2024-12-09,LP,2024-12-09,LP
4293585,2024-12-02,VUS,2024-12-02,VUS
4293616,2024-06-22,LP,2024-06-22,LP
4293664,2024-06-19,LP,2024-06-19,LP
4293679,2024-12-11,LP,2024-12-11,LP
4293735,2025-03-20,P,2025-03-20,P
4293827,2025-03-19,P,2026-01-28,P
4293887,2024-10-08,LP,2024-10-08,LP
4293946,2025-01-06,LP,2025-01-06,LP
4293957,2025-02-28,LP,2025-02-28,LP
4293984,2025-04-20,LP,2025-04-20,LP
4294032,2025-02-26,VUS,2025-02-26,VUS
4294042,2024-11-25,LP,2024-11-25,LP
4294044,2025-04-11,VUS,2025-04-11,VUS
4294072,2024-06-27,VUS,2024-06-27,VUS
4294546,2025-08-29,LP,2025-08-29,LP
4463793,2025-09-11,LP,2025-09-11,LP
4463845,2025-12-12,VUS,2025-12-12,VUS
4463881,2025-05-04,LB,2025-05-04,LB
4525702,2025-07-22,VUS,2025-07-22,VUS
4525723,2025-07-21,VUS,2025-07-21,VUS
4525740,2025-07-21,LP,2025-07-21,LP
4525858,2025-07-16,LB,2025-07-16,LB
4525996,2025-07-10,LP,2025-07-10,LP
4526247,2025-07-23,VUS,2025-07-23,VUS
4526487,2025-10-07,VUS,2025-10-07,VUS
4526489,2025-09-25,LP,2025-09-25,LP
4526496,2022-11-15,LP,2025-08-22,LP
4526503,2025-10-02,LP,2025-10-02,LP
4526507,2025-09-29,LP,2025-09-29,LP
4526513,2025-10-08,VUS,2025-10-08,VUS
4526520,2024-01-16,P,2024-01-16,P
4526528,2024-08-14,P,2024-08-14,P
4526533,2024-06-27,LP,2024-06-27,LP
4526541,2025-09-04,LP,2025-09-04,LP
4526548,2025-10-08,VUS,2025-10-08,VUS
4526560,2024-11-26,LP,2024-11-26,LP
4526562,2025-10-07,LP,2025-10-07,LP
4526641,2025-04-29,LP,2025-04-29,LP
4526719,2025-09-02,LP,2025-09-02,LP
4526791,2025-04-30,VUS,2025-04-30,VUS
4526885,2025-09-08,P,2025-09-08,P
4527111,2025-04-22,VUS,2025-04-22,VUS
4527275,2025-04-22,VUS,2025-04-22,VUS
4527361,2025-05-01,VUS,2025-05-01,VUS
4527420,2025-04-27,VUS,2025-04-27,VUS
4527604,2025-04-25,VUS,2025-04-25,VUS
4527793,2025-05-05,VUS,2025-05-05,VUS
4527967,2025-05-08,VUS,2025-05-08,VUS
4527972,2025-05-05,VUS,2025-05-05,VUS
4529518,2025-05-12,P,2025-05-12,P
4529797,2025-05-15,VUS,2025-05-15,VUS
4530849,2025-02-20,VUS,2025-05-19,VUS
4531124,2025-05-24,VUS,2025-05-24,VUS
4531811,2025-03-31,VUS,2025-03-31,VUS
4531825,2025-07-28,LP,2025-07-28,LP
4531826,2024-10-14,LP,2024-10-14,LP
4531827,2024-10-24,LP,2024-10-24,LP
4531829,2025-08-18,LP,2025-08-18,LP
4531830,2025-02-05,LP,2025-02-05,LP
4531831,2025-02-13,P,2025-02-13,P
4531834,2024-11-28,LP,2024-11-28,LP
4531835,2025-03-16,LP,2025-03-16,LP
4531836,2025-07-15,LP,2025-07-15,LP
4531837,2025-02-25,P,2025-02-25,P
4531838,2025-08-19,LP,2025-08-19,LP
4531840,2025-06-12,LP,2025-06-12,LP
4531841,2025-10-09,LP,2025-10-09,LP
4531842,2024-10-23,VUS,2024-10-23,VUS
4531843,2025-05-19,LP,2025-05-19,LP
4531919,2024-12-18,VUS,2024-12-18,VUS
4532138,2025-06-30,P,2025-06-30,P
4532139,2025-09-15,LP,2025-09-23,LP
4532140,2025-08-25,P,2025-08-25,P
4532141,2025-06-02,P,2025-06-02,P
4532143,2024-12-19,LP,2024-12-19,LP
4532144,2025-10-30,P,2025-10-30,P
4532145,2025-01-13,P,2025-01-13,P
4532146,2024-12-13,P,2024-12-13,P
4532204,2025-10-22,VUS,2025-10-22,VUS
4532255,2025-10-02,LP,2025-10-02,LP
4532346,2025-05-28,LP,2025-05-28,LP
4533196,2025-12-04,LP,2025-12-04,LP
4533366,2025-10-09,VUS,2025-10-09,VUS
4533370,2025-10-09,LP,2025-10-09,LP
4534575,2025-11-01,P,2025-11-01,P
4534695,2025-10-01,P,2025-10-01,P
4534763,2025-11-01,VUS,2025-11-01,VUS
4534881,2025-11-01,P,2025-11-01,P
4535054,2025-10-01,VUS,2025-10-01,VUS
4535106,2025-10-01,LP,2025-10-01,LP
4535431,2025-10-01,P,2025-10-01,P
4535509,2025-09-30,LB,2025-09-30,LB
4535538,2025-09-30,LB,2025-09-30,LB
4535791,2025-09-30,VUS,2025-09-30,VUS
4535992,2025-09-30,VUS,2025-09-30,VUS
4536038,2025-09-30,VUS,2025-10-23,VUS
4536054,2025-09-23,VUS,2025-09-23,VUS
4536097,2025-09-22,VUS,2025-09-22,VUS
4536381,2025-06-06,LP,2025-06-06,LP
4536665,2025-11-17,VUS,2025-11-17,VUS
4536774,2025-11-27,LB,2025-11-27,LB
4536820,2025-11-27,LB,2025-11-27,LB
4537135,2025-11-03,VUS,2025-11-03,VUS
4537151,2025-11-03,VUS,2025-11-03,VUS
4537224,2025-11-25,LB,2025-11-25,LB
4537347,2025-11-18,VUS,2025-11-18,VUS
4537369,2025-09-04,LP,2025-09-04,LP
4538162,2025-06-12,VUS,2025-06-12,VUS
4538373,2025-04-21,VUS,2025-04-21,VUS
4538492,2025-12-18,VUS,2025-12-18,VUS
4538673,2025-06-16,VUS,2025-06-16,VUS
4538832,2025-06-18,LP,2025-06-18,LP
4538955,2025-06-18,VUS,2025-06-18,VUS
4539053,2025-12-29,LP,2025-12-29,LP
4539092,2025-12-29,LP,2025-12-29,LP
4539094,2025-12-29,VUS,2025-12-29,VUS
4539956,2025-06-18,VUS,2025-06-18,VUS
4540410,2025-12-10,VUS,2025-12-10,VUS
4540418,2025-11-20,LP,2025-11-20,LP
4540419,2025-12-01,VUS,2025-12-01,VUS
4540425,2025-11-25,VUS,2025-11-25,VUS
4540427,2025-11-20,VUS,2025-11-20,VUS
4540428,2025-11-19,LP,2025-11-19,LP
4540432,2022-10-14,VUS,2022-10-14,VUS
4540437,2025-11-26,VUS,2025-11-26,VUS
4540438,2025-11-20,LP,2025-11-20,LP
4540439,2025-11-20,VUS,2025-11-20,VUS
4540817,2025-08-05,LP,2025-10-03,LP
4540818,2025-04-23,LP,2025-04-23,LP
4540819,2025-02-01,VUS,2025-02-01,VUS
4540992,2025-08-06,VUS,2025-08-06,VUS
4541974,2025-02-08,VUS,2025-05-02,VUS
4542017,2024-12-17,VUS,2024-12-17,VUS
4542037,2025-03-31,VUS,2025-03-31,VUS
4542125,2025-02-04,VUS,2025-02-04,VUS
4542178,2025-04-07,VUS,2025-04-07,VUS
4542194,2025-04-14,VUS,2025-04-14,VUS
4542288,2025-11-16,VUS,2025-11-16,VUS
4542289,2025-06-04,VUS,2025-06-04,VUS
4542290,2025-06-04,VUS,2025-06-04,VUS
4542291,2025-07-10,VUS,2025-07-10,VUS
4542292,2025-11-11,VUS,2025-11-11,VUS
4542493,2025-03-18,VUS,2025-03-18,VUS
4542494,2025-11-09,P,2025-11-09,P
4577731,2025-10-14,VUS,2025-10-14,VUS
4601287,2025-11-05,VUS,2025-11-05,VUS
4601331,2025-10-18,VUS,2025-10-18,VUS
4601341,2025-10-15,VUS,2025-10-15,VUS
4601350,2025-10-18,VUS,2025-10-18,VUS
4601361,2025-11-12,VUS,2025-11-12,VUS
4601370,2025-11-19,VUS,2025-11-19,VUS
4601378,2025-12-11,VUS,2025-12-11,VUS
4614182,2025-11-02,VUS,2025-11-02,VUS
4614188,2025-10-27,VUS,2025-10-27,VUS
4614199,2025-10-06,VUS,2025-10-06,VUS
4614207,2025-03-07,VUS,2025-11-26,VUS
4614211,2025-10-02,VUS,2025-10-02,VUS
4614227,2025-10-27,VUS,2025-10-27,VUS
4614232,2025-11-26,VUS,2025-11-26,VUS
4614238,2025-11-03,VUS,2025-11-03,VUS
4614244,2025-11-03,VUS,2025-11-03,VUS
4614252,2025-09-26,VUS,2025-09-26,VUS
4614256,2025-11-11,VUS,2025-11-11,VUS
4614265,2025-11-03,VUS,2025-11-03,VUS
4614268,2025-12-10,VUS,2025-12-10,VUS
4614274,2025-12-10,VUS,2025-12-10,VUS
4616256,2025-10-29,VUS,2025-10-29,VUS
4616257,2025-10-29,VUS,2025-10-29,VUS
4616258,2025-12-09,VUS,2025-12-09,VUS
4616259,2025-09-25,VUS,2025-09-25,VUS
4616260,2025-09-26,VUS,2025-09-26,VUS
4616261,2025-10-02,VUS,2025-10-02,VUS
4616262,2025-11-08,VUS,2025-11-08,VUS
4616263,2025-11-13,VUS,2025-11-13,VUS
4616264,2025-11-13,VUS,2025-11-13,VUS
4616265,2025-11-13,VUS,2025-11-13,VUS
4616266,2025-10-23,VUS,2025-10-23,VUS
4616267,2025-10-29,VUS,2025-10-29,VUS
4616268,2025-11-08,VUS,2025-11-08,VUS
4616269,2025-11-13,VUS,2025-11-13,VUS
4616270,2025-11-20,VUS,2025-11-20,VUS
4616271,2025-11-23,VUS,2025-11-23,VUS
4616272,2025-11-24,VUS,2025-11-24,VUS
4616273,2025-12-04,VUS,2025-12-04,VUS
4616274,2025-12-10,VUS,2025-12-10,VUS
4616275,2025-10-07,VUS,2025-10-07,VUS
4616276,2025-09-19,P,2025-09-19,P
4616278,2025-10-22,VUS,2025-10-22,VUS
4616279,2025-11-03,LB,2025-11-03,LB
4616280,2025-11-20,VUS,2025-11-20,VUS
4616281,2025-11-24,VUS,2025-11-24,VUS
4616282,2025-11-26,VUS,2025-11-26,VUS
4620138,2025-09-28,VUS,2025-09-28,VUS
4620139,2025-12-02,VUS,2025-12-02,VUS
4620140,2025-06-29,VUS,2025-11-08,VUS
4620141,2025-12-09,VUS,2025-12-09,VUS
4620142,2025-09-25,VUS,2025-09-25,VUS
4620143,2025-09-25,VUS,2025-09-25,VUS
4620144,2025-09-25,VUS,2025-09-25,VUS
4620145,2025-10-02,VUS,2025-10-02,VUS
4620146,2025-10-07,VUS,2025-10-07,VUS
4620147,2025-11-20,VUS,2025-11-20,VUS
4620148,2025-11-26,LB,2025-11-26,LB
4620149,2025-12-04,VUS,2025-12-04,VUS
4620150,2025-12-04,VUS,2025-12-04,VUS
4620151,2025-12-04,VUS,2025-12-04,VUS
4620152,2025-12-09,VUS,2025-12-09,VUS
4620153,2026-01-02,VUS,2026-01-02,VUS
4650637,2025-10-24,VUS,2025-10-24,VUS
4650638,2025-11-13,VUS,2025-11-13,VUS
4650639,2025-11-13,VUS,2025-11-13,VUS
4650640,2025-11-24,VUS,2025-11-24,VUS
4655634,2025-03-03,VUS,2025-10-03,VUS
4655635,2025-10-15,VUS,2025-10-15,VUS
4655636,2025-09-25,VUS,2025-09-25,VUS
4655637,2025-11-25,VUS,2025-11-25,VUS
4655638,2025-09-28,VUS,2025-09-28,VUS
4655639,2025-10-07,VUS,2025-10-07,VUS
4655640,2025-10-24,VUS,2025-10-24,VUS
4655641,2025-11-12,VUS,2025-11-12,VUS
4655642,2025-11-20,VUS,2025-11-20,VUS
4681920,2025-12-01,LB,2025-12-01,LB
4682562,2024-07-18,VUS,2024-07-18,VUS
4683145,2025-11-12,P,2025-11-12,P
4683906,2018-11-07,B,2018-11-07,B
4683910,2025-04-16,LB,2025-04-16,LB
4683912,2025-02-17,LB,2025-02-17,LB
4683916,2022-08-03,LB,2022-08-03,LB
4684032,2025-01-27,LB,2025-01-27,LB
4684037,2025-09-05,LB,2025-09-05,LB
4684116,2022-03-10,B,2022-03-10,B
4684299,2025-06-05,LB,2025-06-05,LB
4684532,2025-12-06,LB,2025-12-06,LB
4684800,2025-08-03,LB,2025-08-03,LB
4684989,2025-11-13,P,2025-11-13,P
4684994,2025-12-31,VUS,2025-12-31,VUS
4685294,2025-07-11,VUS,2025-07-11,VUS
4685576,2025-11-20,VUS,2025-11-20,VUS
4685755,2024-12-19,LP,2024-12-19,LP
4686432,2025-07-17,LP,2025-07-17,LP
4686697,2025-07-29,LP,2025-07-29,LP
4686698,2025-05-12,P,2025-05-12,P
4686699,2025-01-31,LP,2025-01-31,LP
4686700,2025-11-14,LP,2025-11-14,LP
4687153,2025-10-21,VUS,2025-10-21,VUS
4687196,2025-10-17,VUS,2025-10-17,VUS
4687264,2025-10-15,VUS,2025-10-15,VUS
4687353,2025-10-13,VUS,2025-10-13,VUS
4687367,2025-10-10,VUS,2025-10-10,VUS
4687704,2025-10-28,LB,2025-10-28,LB
4687743,2025-10-27,VUS,2025-10-27,VUS
4687750,2025-10-27,VUS,2025-10-27,VUS
4687842,2025-10-22,VUS,2025-10-22,VUS
4687847,2025-10-22,VUS,2025-10-22,VUS
4687983,2024-08-20,LP,2024-08-20,LP
4688266,2025-12-16,LB,2025-12-16,LB
4688760,2025-12-29,LB,2025-12-29,LB
4688791,2025-12-26,VUS,2025-12-26,VUS
4689002,2026-01-22,VUS,2026-01-22,VUS
4689003,2026-01-22,LB,2026-01-22,LB
4689004,2026-01-22,LB,2026-01-22,LB
4689056,2026-01-22,LB,2026-01-22,LB
4689058,2026-01-22,VUS,2026-01-22,VUS
4689560,2026-01-07,VUS,2026-01-07,VUS
4689667,2026-01-05,LB,2026-01-05,LB
4689710,2026-01-26,LB,2026-01-26,LB
4689719,2026-01-26,LB,2026-01-26,LB
4689741,2026-01-23,LB,2026-01-23,LB
4689980,2025-07-27,VUS,2025-07-27,VUS
4690297,2025-10-25,LB,2025-10-25,LB
4690348,2025-12-22,LB,2025-12-22,LB
4690357,2025-11-01,VUS,2025-11-01,VUS
4690445,2025-12-10,VUS,2025-12-10,VUS
4690539,2025-06-01,LB,2025-06-01,LB
4690610,2025-06-17,VUS,2025-06-17,VUS
4690635,2025-12-27,LB,2025-12-27,LB
4690785,2025-02-26,VUS,2025-02-26,VUS
4690819,2025-04-04,VUS,2025-04-04,VUS
4690882,2025-11-06,VUS,2025-11-06,VUS
4691658,2025-05-13,LB,2025-05-13,LB
4691687,2025-01-27,LB,2025-01-27,LB
4691748,2025-04-01,VUS,2025-04-01,VUS
4691814,2025-10-26,B,2025-10-26,B
4692027,2025-03-08,VUS,2025-03-08,VUS
4692035,2025-11-06,LB,2025-11-06,LB
4692086,2025-02-10,VUS,2025-02-10,VUS
4692340,2026-01-23,VUS,2026-01-23,VUS
4692348,2025-06-23,LB,2025-06-23,LB
4692526,2025-08-14,LB,2025-08-14,LB
4692567,2025-05-11,VUS,2025-05-11,VUS
4692617,2025-12-30,LB,2025-12-30,LB
4692645,2025-05-19,LB,2025-05-19,LB
4692883,2025-09-22,VUS,2025-09-22,VUS
4692981,2025-09-21,LB,2025-09-21,LB
4693114,2025-12-14,LB,2025-12-14,LB
4693120,2025-10-24,VUS,2025-10-24,VUS
4693194,2025-08-16,LB,2025-08-16,LB
4693305,2025-09-16,LB,2025-09-16,LB
4693574,2025-09-25,LB,2025-09-25,LB
4693704,2025-07-06,VUS,2025-07-06,VUS
4693897,2025-06-15,LB,2025-06-15,LB
4694134,2025-07-02,VUS,2025-07-02,VUS
4694268,2025-03-12,LB,2025-03-12,LB
4694518,2025-07-09,LB,2025-07-09,LB
4694572,2025-11-24,LB,2025-11-24,LB
4694743,2025-12-31,LB,2025-12-31,LB
4694752,2025-06-22,LB,2025-06-22,LB
4694936,2025-02-22,VUS,2025-02-22,VUS
4695130,2025-05-06,LB,2025-05-06,LB
4695271,2025-09-15,VUS,2025-09-15,VUS
4695337,2025-12-02,VUS,2025-12-02,VUS
4695425,2025-10-06,LB,2025-10-06,LB
4695783,2025-05-04,VUS,2025-05-04,VUS
4695806,2025-09-03,LB,2025-09-03,LB
4696186,2025-09-22,LB,2025-09-22,LB
4696286,2025-10-29,VUS,2025-10-29,VUS
4696359,2025-07-27,LB,2025-07-27,LB
4696703,2025-06-14,VUS,2025-06-14,VUS
4696754,2025-03-03,LB,2025-03-03,LB
4696828,2025-11-11,LB,2025-11-11,LB
4696996,2025-10-18,LB,2025-10-18,LB
4697257,2025-10-18,VUS,2025-10-18,VUS
4697282,2025-02-13,VUS,2025-02-13,VUS
4697327,2025-06-12,LB,2025-06-12,LB
4697368,2025-07-20,LB,2025-07-20,LB
4697469,2025-06-22,LB,2025-06-22,LB
4697471,2025-09-21,LB,2025-09-21,LB
4697742,2025-11-08,VUS,2025-11-08,VUS
4697909,2025-07-30,VUS,2025-07-30,VUS
4697929,2025-12-23,LB,2025-12-23,LB
4698125,2026-01-04,VUS,2026-01-04,VUS
4698183,2025-08-29,LB,2025-08-29,LB
4698432,2025-02-24,LB,2025-02-24,LB
4698583,2025-08-11,LB,2025-08-11,LB
4698797,2025-12-03,LB,2025-12-03,LB
4698859,2025-08-13,LB,2025-08-13,LB
4698898,2025-03-01,VUS,2025-03-01,VUS
4699031,2025-12-01,VUS,2025-12-01,VUS
4699066,2025-07-29,VUS,2025-07-29,VUS
4699128,2025-03-15,LB,2025-03-15,LB
4699133,2025-11-12,LB,2025-11-12,LB
4699229,2026-01-02,LB,2026-01-02,LB
4699388,2025-05-30,LB,2025-05-30,LB
4699695,2025-12-21,LB,2025-12-21,LB
4699748,2025-10-18,LB,2025-10-18,LB
4699796,2025-12-31,LB,2025-12-31,LB
4699917,2025-04-14,VUS,2025-04-14,VUS
4700007,2025-05-17,LB,2025-05-17,LB
4700034,2025-08-24,LB,2025-08-24,LB
4700039,2025-08-10,VUS,2025-08-10,VUS
4700144,2025-11-14,VUS,2025-11-14,VUS
4700149,2025-11-11,LB,2025-11-11,LB
4700265,2025-02-04,P,2025-02-04,P
4700293,2025-04-09,VUS,2025-04-09,VUS
4700707,2025-08-17,VUS,2025-08-17,VUS
4700886,2025-12-01,LB,2025-12-01,LB
4700998,2025-08-09,VUS,2025-08-09,VUS
4701008,2025-03-24,LB,2025-03-24,LB
4701042,2025-11-01,LB,2025-11-01,LB
4701171,2025-07-23,VUS,2025-07-23,VUS
4701513,2025-09-14,VUS,2025-09-14,VUS
4701548,2026-01-12,LB,2026-01-12,LB
4701690,2026-01-12,LB,2026-01-12,LB
4701918,2025-08-24,LB,2025-08-24,LB
4702075,2025-07-22,VUS,2025-07-22,VUS
4702076,2025-07-22,LB,2025-07-22,LB
4702687,2025-07-27,LB,2025-07-27,LB
4702757,2025-12-06,LB,2025-12-06,LB
4702919,2026-01-26,LB,2026-01-26,LB
4702952,2025-07-23,VUS,2025-07-23,VUS
4703008,2025-12-09,VUS,2025-12-09,VUS
4703080,2025-04-11,LB,2025-04-11,LB
4703116,2025-08-23,VUS,2025-08-23,VUS
4703237,2025-07-15,VUS,2025-07-15,VUS
4703282,2025-12-24,VUS,2025-12-24,VUS
4703460,2025-12-16,LB,2025-12-16,LB
4703579,2026-01-04,LB,2026-01-04,LB
4703635,2026-01-27,VUS,2026-01-27,VUS
4703768,2025-03-24,VUS,2025-03-24,VUS
4703779,2025-10-08,VUS,2025-10-08,VUS
4703825,2025-08-14,P,2025-08-14,P
4703872,2025-03-26,LB,2025-03-26,LB
4703893,2025-10-31,VUS,2025-10-31,VUS
4703929,2025-10-27,LB,2025-10-27,LB
4703986,2025-08-08,B,2025-08-08,B
4704150,2025-05-19,LB,2025-05-19,LB
4704303,2025-12-24,LB,2025-12-24,LB
4704404,2025-09-30,VUS,2025-09-30,VUS
4704438,2025-07-14,VUS,2025-07-14,VUS
4704464,2025-06-22,VUS,2025-06-22,VUS
4704583,2025-07-20,LB,2025-07-20,LB
4704599,2025-10-03,LB,2025-10-03,LB
4704720,2025-08-07,VUS,2025-08-07,VUS
4705012,2025-11-24,LB,2025-11-24,LB
4705114,2025-06-12,LB,2025-06-12,LB
4705179,2025-06-04,VUS,2025-06-04,VUS
4705383,2025-03-10,LB,2025-03-10,LB
4705704,2025-05-21,LB,2025-05-21,LB
4705852,2025-08-28,VUS,2025-08-28,VUS
4705906,2025-11-10,LP,2025-11-10,LP
4705965,2025-03-05,VUS,2025-03-05,VUS
4705967,2025-10-21,B,2025-10-21,B
4706001,2025-09-04,LB,2025-09-04,LB
4706339,2025-07-14,LB,2025-07-14,LB
4706382,2025-04-19,B,2025-04-19,B
4706459,2025-09-02,VUS,2025-09-02,VUS
4706785,2025-06-18,VUS,2026-02-25,VUS
4706822,2025-09-29,LB,2025-09-29,LB
4706823,2025-09-29,VUS,2025-09-29,VUS
4706824,2025-09-29,LB,2025-09-29,LB
4706947,2025-10-16,VUS,2025-10-16,VUS
4707002,2025-03-09,LB,2025-03-09,LB
4707008,2025-08-26,LB,2025-08-26,LB
4707126,2025-04-13,VUS,2025-04-13,VUS
4707260,2025-04-19,VUS,2025-04-19,VUS
4707345,2025-05-06,LB,2025-05-06,LB
4707695,2025-11-23,LB,2025-11-23,LB
4708051,2025-06-23,VUS,2025-06-23,VUS
4708104,2026-01-09,LB,2026-01-09,LB
4708296,2025-12-24,VUS,2025-12-24,VUS
4708383,2025-02-10,LB,2025-02-10,LB
4708539,2025-02-10,VUS,2025-02-10,VUS
4709241,2025-04-17,LB,2025-04-17,LB
4709381,2025-12-20,VUS,2025-12-20,VUS
4710234,2025-09-14,VUS,2025-09-14,VUS
4710313,2025-07-25,VUS,2025-07-25,VUS
4710607,2025-07-28,LB,2025-07-28,LB
4710685,2025-06-23,LP,2025-06-23,LP
4710856,2025-12-13,P,2025-12-13,P
4710860,2025-10-30,P,2025-10-30,P
4710861,2025-08-12,P,2025-08-12,P
4710862,2025-04-17,P,2025-04-17,P
4710867,2025-11-18,P,2025-11-18,P
4710870,2025-04-22,P,2025-04-22,P
4710871,2025-12-17,LP,2025-12-17,LP
4711127,2025-03-24,VUS,2025-03-24,VUS
4711239,2025-07-14,LB,2025-07-14,LB
4711261,2026-01-19,LB,2026-01-19,LB
4711454,2025-05-01,LB,2025-05-01,LB
4711816,2025-01-31,LB,2025-01-31,LB
4712240,2025-02-09,LB,2025-02-09,LB
4712493,2025-02-06,LB,2025-02-06,LB
4712691,2025-02-09,VUS,2025-02-09,VUS
4712709,2025-02-09,LB,2025-02-09,LB
4712772,2025-02-10,P,2025-02-10,P
4713035,2025-04-10,LB,2025-04-10,LB
4713048,2025-02-13,LB,2025-02-13,LB
4713931,2025-02-26,VUS,2025-02-26,VUS
4713967,2025-02-26,LP,2025-02-26,LP
4714354,2025-10-29,LB,2025-10-29,LB
4714376,2025-03-10,VUS,2025-03-10,VUS
4714664,2025-07-27,VUS,2025-07-27,VUS
4714742,2025-05-27,LB,2025-05-27,LB
4714769,2025-03-10,LB,2025-03-10,LB
4714777,2025-03-10,LB,2025-03-10,LB
4714916,2025-03-24,LB,2025-03-24,LB
4714960,2025-03-18,VUS,2025-03-18,VUS
4715014,2025-03-19,LB,2025-03-19,LB
4715035,2025-06-12,VUS,2025-06-12,VUS
4715311,2025-03-25,LB,2025-03-25,LB
4715375,2025-03-18,P,2025-03-18,P
4715420,2025-03-18,P,2025-03-18,P
4715422,2025-06-18,LB,2025-06-18,LB
4715497,2025-10-24,VUS,2025-10-24,VUS
4715549,2025-03-20,VUS,2025-03-20,VUS
4715675,2025-03-22,LB,2025-03-22,LB
4716178,2025-03-27,LB,2025-03-27,LB
4716414,2025-03-31,VUS,2025-03-31,VUS
4716643,2025-04-09,VUS,2025-04-09,VUS
4716672,2025-06-11,VUS,2025-06-11,VUS
4716811,2025-09-22,LB,2025-09-22,LB
4716923,2025-04-08,LB,2025-04-08,LB
4717369,2025-06-29,LB,2025-06-29,LB
4717704,2025-04-17,LB,2025-04-17,LB
4717879,2025-04-24,LB,2025-04-24,LB
4717927,2025-12-06,P,2025-12-06,P
4718063,2025-04-21,P,2025-04-21,P
4718453,2025-04-27,LB,2025-04-27,LB
4718553,2025-05-04,VUS,2025-05-04,VUS
4718834,2025-05-18,LB,2025-05-18,LB
4718842,2025-10-15,LB,2025-10-15,LB
4719011,2025-05-05,LB,2025-05-05,LB
4719176,2025-05-07,LB,2025-05-07,LB
4719211,2025-05-13,LB,2025-05-13,LB
4719295,2025-08-07,LB,2025-08-07,LB
4719589,2025-05-14,LB,2025-05-14,LB
4719771,2025-05-18,VUS,2025-05-18,VUS
4719804,2025-06-12,P,2025-06-12,P
4719912,2025-03-27,LB,2025-03-27,LB
4719972,2025-05-21,LB,2025-05-21,LB
4720110,2025-05-23,P,2025-05-23,P
4720199,2025-08-14,LB,2025-08-14,LB
4720285,2025-12-20,LB,2025-12-20,LB
4720525,2025-03-18,LB,2025-03-18,LB
4720572,2025-06-07,LB,2025-06-07,LB
4720588,2025-06-01,LB,2025-06-01,LB
4721138,2025-06-10,LB,2025-06-10,LB
4721182,2025-06-10,LB,2025-06-10,LB
4721396,2025-10-01,VUS,2025-10-01,VUS
4721397,2025-10-01,VUS,2025-10-01,VUS
4721771,2025-06-27,LB,2025-06-27,LB
4721800,2025-06-22,VUS,2025-06-22,VUS
4721980,2025-06-23,VUS,2025-06-23,VUS
4722052,2025-06-24,P,2025-06-24,P
4722183,2025-06-27,LB,2025-06-27,LB
4722214,2025-08-19,VUS,2025-08-19,VUS
4722324,2025-07-05,LB,2025-07-05,LB
4722365,2025-06-29,LB,2025-06-29,LB
4722512,2025-07-02,LP,2025-07-02,LP
4722642,2025-07-03,LB,2025-07-03,LB
4722664,2025-07-03,LB,2025-07-03,LB
4722817,2025-07-13,LB,2025-07-13,LB
4722947,2025-07-09,LB,2025-07-09,LB
4723077,2025-07-13,VUS,2025-07-13,VUS
4723122,2025-07-20,VUS,2025-07-20,VUS
4723149,2025-07-14,VUS,2025-07-14,VUS
4723166,2025-07-13,P,2025-07-13,P
4723412,2025-07-22,P,2025-07-22,P
4723464,2025-07-18,LB,2025-07-18,LB
4723533,2025-07-20,LB,2025-07-20,LB
4724193,2025-12-24,LB,2025-12-24,LB
4724297,2025-08-04,VUS,2025-08-04,VUS
4724651,2025-08-02,LB,2025-08-02,LB
4724757,2025-08-03,LB,2025-08-03,LB
4724794,2025-08-18,VUS,2025-08-18,VUS
4724832,2025-08-04,P,2025-08-04,P
4724962,2025-08-11,VUS,2025-08-11,VUS
4725671,2025-08-19,LB,2025-08-19,LB
4725987,2025-05-23,VUS,2025-05-23,VUS
4726239,2025-10-31,VUS,2025-10-31,VUS
4726823,2025-09-09,VUS,2025-09-09,VUS
4726973,2025-09-22,VUS,2025-09-22,VUS
4727067,2025-09-12,VUS,2025-09-12,VUS
4727175,2025-09-14,LP,2025-09-14,LP
4727345,2025-09-16,LB,2025-09-16,LB
4727410,2025-09-18,VUS,2025-09-18,VUS
4727495,2025-11-01,VUS,2025-11-01,VUS
4727652,2025-09-22,LB,2025-09-22,LB
4727679,2025-03-05,VUS,2025-03-05,VUS
4727908,2025-09-27,LB,2025-09-27,LB
4728104,2025-10-02,LB,2025-10-02,LB
4728824,2025-11-06,P,2025-11-06,P
4729045,2025-04-11,VUS,2025-04-11,VUS
4729117,2025-10-13,P,2025-10-13,P
4729206,2025-10-15,LB,2025-10-15,LB
4729357,2025-10-16,LP,2025-10-16,LP
4729688,2025-10-23,LB,2025-10-23,LB
4730169,2025-10-29,LP,2025-10-29,LP
4730421,2025-11-03,VUS,2025-11-03,VUS
4730488,2025-11-16,P,2025-11-16,P
4730698,2025-11-08,LB,2025-11-08,LB
4730737,2025-03-04,VUS,2025-03-04,VUS
4730745,2025-11-08,LB,2025-11-08,LB
4730926,2025-11-11,LB,2025-11-11,LB
4730929,2025-11-17,LB,2025-11-17,LB
4730937,2025-11-18,VUS,2025-11-18,VUS
4731812,2025-12-03,LB,2025-12-03,LB
4731979,2025-11-25,LB,2025-11-25,LB
4732443,2025-12-03,LB,2025-12-03,LB
4732734,2025-12-08,LB,2025-12-08,LB
4732856,2025-12-09,VUS,2025-12-09,VUS
4732872,2025-12-09,LB,2025-12-09,LB
4732999,2025-12-12,LB,2025-12-12,LB
4733262,2026-01-22,VUS,2026-01-22,VUS
4733390,2025-12-16,LB,2025-12-16,LB
4733524,2025-12-17,VUS,2025-12-17,VUS
4733725,2025-12-27,LB,2025-12-27,LB
4733832,2025-12-29,LB,2025-12-29,LB
4733854,2025-12-22,LP,2025-12-22,LP
4733909,2025-12-22,P,2025-12-22,P
4733928,2025-12-23,LB,2025-12-23,LB
4734021,2025-12-23,LB,2025-12-23,LB
4734038,2025-12-31,LB,2025-12-31,LB
4734598,2026-01-02,VUS,2026-01-02,VUS
4735046,2026-01-11,VUS,2026-01-11,VUS
4735107,2026-01-11,LB,2026-01-11,LB
4735155,2026-01-11,VUS,2026-01-11,VUS
4735180,2026-01-18,VUS,2026-01-18,VUS
4735261,2026-01-12,LB,2026-01-12,LB
4735797,2026-01-24,P,2026-01-24,P
4735974,2026-01-26,LB,2026-01-26,LB
4736082,2026-01-24,LB,2026-01-24,LB
4736207,2026-01-26,P,2026-01-26,P
4736279,2026-02-01,LB,2026-02-01,LB
4736435,2026-01-28,P,2026-01-28,P
4736520,2026-02-01,LB,2026-02-01,LB
4736933,2025-11-17,VUS,2025-11-17,VUS
4737122,2026-01-25,VUS,2026-01-25,VUS
4737181,2025-04-07,VUS,2025-04-07,VUS
4737372,2025-09-10,VUS,2025-09-10,VUS
4737616,2025-07-30,LB,2025-07-30,LB
4737741,2025-11-25,LB,2025-11-25,LB
4737828,2025-12-22,LB,2025-12-22,LB
4737880,2025-10-12,VUS,2025-10-12,VUS
4738271,2025-11-19,LB,2025-11-19,LB
4738369,2025-05-24,VUS,2025-05-24,VUS
4739048,2025-09-29,VUS,2025-09-29,VUS
4739069,2025-10-01,LB,2025-10-01,LB
4739089,2025-11-24,VUS,2025-11-24,VUS
4739183,2026-01-12,VUS,2026-01-12,VUS
4739213,2025-06-14,LB,2025-06-14,LB
4739483,2025-04-25,LB,2025-04-25,LB
4739636,2025-10-23,VUS,2025-10-23,VUS
4739699,2026-02-01,VUS,2026-02-01,VUS
4739916,2025-04-16,VUS,2025-04-16,VUS
4740112,2025-03-27,VUS,2025-03-27,VUS
4740232,2025-09-05,LB,2025-09-05,LB
4740361,2025-11-01,VUS,2025-11-01,VUS
4740375,2025-06-10,VUS,2025-06-10,VUS
4740823,2025-07-13,VUS,2025-07-13,VUS
4741673,2025-08-11,VUS,2025-08-11,VUS
4741792,2025-07-16,VUS,2025-07-16,VUS
4741823,2025-10-24,VUS,2025-10-24,VUS
4741914,2025-10-07,VUS,2025-10-07,VUS
4741980,2025-06-17,VUS,2025-06-17,VUS
4742034,2025-08-15,VUS,2025-08-15,VUS
4742170,2025-06-22,VUS,2025-06-22,VUS
4743050,2025-03-18,VUS,2025-03-18,VUS
4743053,2025-06-22,VUS,2025-06-22,VUS
4743057,2025-08-21,VUS,2025-08-21,VUS
4743060,2025-10-09,VUS,2025-10-09,VUS
4743063,2025-06-08,LP,2025-06-08,LP
4743070,2025-02-26,VUS,2025-02-26,VUS
4743071,2025-03-11,VUS,2025-03-11,VUS
4743075,2025-10-24,VUS,2025-10-24,VUS
4743103,2025-08-19,VUS,2025-08-19,VUS
4743114,2025-12-15,VUS,2025-12-15,VUS
4743157,2025-03-27,VUS,2025-03-27,VUS
4743333,2025-09-08,VUS,2025-09-08,VUS
4743656,2025-10-22,VUS,2025-10-22,VUS
4743842,2025-06-19,LP,2025-06-19,LP
4744242,2026-01-07,VUS,2026-01-07,VUS
4744248,2025-10-11,VUS,2025-10-11,VUS
4744314,2025-12-20,VUS,2025-12-20,VUS
4744339,2025-08-01,VUS,2025-08-01,VUS
4744340,2025-03-12,VUS,2025-03-12,VUS
4744367,2026-01-01,VUS,2026-01-01,VUS
4744479,2025-09-05,LB,2025-09-05,LB
4744570,2025-03-26,VUS,2025-03-26,VUS
4744858,2026-01-08,VUS,2026-01-08,VUS
4744896,2026-01-18,VUS,2026-01-18,VUS
4745213,2025-09-30,VUS,2025-09-30,VUS
4745487,2025-03-11,VUS,2025-03-11,VUS
4745488,2025-11-25,VUS,2025-11-25,VUS
4745523,2025-11-22,VUS,2025-11-22,VUS
4745529,2025-08-10,VUS,2025-08-10,VUS
4745652,2026-01-06,LB,2026-01-06,LB
4746142,2026-01-22,LB,2026-01-22,LB
4746278,2025-03-16,VUS,2025-03-16,VUS
4746461,2025-03-24,LB,2025-03-24,LB
4746592,2025-10-21,LB,2025-10-21,LB
4746611,2025-10-07,LB,2025-10-07,LB
4746708,2025-05-07,VUS,2025-05-07,VUS
4746709,2025-04-26,VUS,2025-04-26,VUS
4747140,2025-05-14,VUS,2025-05-14,VUS
4747142,2025-04-09,P,2025-04-09,P
4747641,2025-09-22,VUS,2025-09-22,VUS
4747652,2025-12-23,LB,2025-12-23,LB
4747859,2025-05-07,LB,2025-05-07,LB
4747876,2025-09-24,LB,2025-09-24,LB
4747958,2025-09-04,VUS,2025-09-04,VUS
4748017,2025-11-25,LB,2025-11-25,LB
4748131,2025-08-25,LB,2025-08-25,LB
4748349,2025-09-09,VUS,2025-09-09,VUS
4748466,2025-12-23,LB,2025-12-23,LB
4748468,2025-12-13,VUS,2025-12-13,VUS
4748874,2025-12-30,VUS,2025-12-30,VUS
4749145,2025-09-06,VUS,2025-09-06,VUS
4749285,2025-03-05,LB,2025-03-05,LB
4749418,2025-12-19,LB,2025-12-19,LB
4749428,2025-02-28,LB,2025-02-28,LB
4749441,2025-04-30,LB,2025-04-30,LB
4749481,2025-06-22,VUS,2025-06-22,VUS
4749552,2025-09-25,VUS,2025-09-25,VUS
4749708,2025-12-21,VUS,2025-12-21,VUS
4750021,2025-10-03,VUS,2025-10-03,VUS
4750084,2025-06-12,VUS,2025-06-12,VUS
4750633,2026-01-17,LB,2026-01-17,LB
4750692,2025-04-14,VUS,2025-04-14,VUS
4750874,2026-01-12,VUS,2026-01-12,VUS
4750899,2025-06-10,VUS,2025-06-10,VUS
4751015,2026-01-19,LB,2026-01-19,LB
4751166,2026-01-19,LB,2026-01-19,LB
4751537,2025-03-30,VUS,2025-03-30,VUS
4751563,2025-06-13,LB,2025-06-13,LB
4751579,2025-12-29,LB,2025-12-29,LB
4751926,2025-05-03,VUS,2025-05-03,VUS
4751961,2025-11-13,LB,2025-11-13,LB
4751963,2026-01-17,LB,2026-01-17,LB
4752063,2025-05-13,LB,2025-05-13,LB
4752225,2025-09-15,LB,2025-09-15,LB
4752300,2025-04-26,VUS,2025-04-26,VUS
4752321,2025-02-12,VUS,2025-02-12,VUS
4752682,2025-04-15,LB,2025-04-15,LB
4752813,2026-02-04,LB,2026-02-04,LB
4752987,2025-11-25,LB,2025-11-25,LB
4753688,2026-01-26,LB,2026-01-26,LB
4753872,2025-08-10,VUS,2025-08-10,VUS
4754000,2025-08-13,VUS,2025-08-13,VUS
4754067,2025-03-31,VUS,2025-03-31,VUS
4754154,2025-08-20,LP,2026-01-13,LP
4754187,2025-03-24,VUS,2025-03-24,VUS
4754312,2025-10-23,VUS,2025-10-23,VUS
4754389,2026-01-28,B,2026-01-28,B
4754728,2025-06-16,LB,2025-06-16,LB
4754794,2025-12-01,VUS,2025-12-01,VUS
4754983,2025-12-19,VUS,2025-12-19,VUS
4755180,2025-07-22,LB,2025-07-22,LB
4755275,2025-04-21,VUS,2025-04-21,VUS
4755475,2026-01-26,LP,2026-01-26,LP
4755486,2026-01-26,LP,2026-01-26,LP
4755487,2026-01-26,LP,2026-01-26,LP
4756053,2025-08-07,VUS,2025-08-07,VUS
4759231,2025-03-15,LP,2025-03-15,LP
4759945,2025-07-20,VUS,2025-07-20,VUS
4760035,2025-10-05,VUS,2025-10-05,VUS
4760319,2025-10-03,LB,2025-10-03,LB
4760619,2026-02-02,VUS,2026-02-02,VUS
4760639,2025-11-04,LB,2025-11-04,LB
4760878,2025-03-12,LB,2025-03-12,LB
4760926,2025-11-24,LB,2025-11-24,LB
4760988,2025-04-29,LB,2025-04-29,LB
4761015,2025-05-26,LB,2025-05-26,LB
4761086,2025-07-15,LB,2025-07-15,LB
4761194,2026-01-24,VUS,2026-01-24,VUS
4761220,2026-01-25,LB,2026-01-25,LB
4761364,2025-10-23,VUS,2025-10-23,VUS
4761370,2025-10-09,LB,2025-10-09,LB
4761408,2025-10-13,LB,2025-10-13,LB
4762152,2025-06-17,VUS,2025-06-17,VUS
4762155,2026-01-12,LB,2026-01-12,LB
4762193,2025-07-13,VUS,2025-07-13,VUS
4762438,2025-09-22,VUS,2025-09-22,VUS
4762441,2025-06-22,LB,2025-06-22,LB
4762578,2025-07-21,LB,2025-07-21,LB
4762628,2026-01-12,LB,2026-01-12,LB
4762685,2025-05-11,LB,2025-05-11,LB
4762757,2025-05-04,VUS,2025-05-04,VUS
4762758,2025-12-15,LB,2025-12-15,LB
4763062,2025-06-18,LB,2025-06-18,LB
4763078,2025-02-17,VUS,2025-02-17,VUS
4763194,2025-09-29,VUS,2025-09-29,VUS
4763244,2025-07-14,VUS,2025-07-14,VUS
4763270,2025-09-17,LB,2025-09-17,LB
4763448,2025-04-09,LB,2025-04-09,LB
4764000,2025-11-24,LB,2025-11-24,LB
4764082,2025-11-18,LB,2025-11-18,LB
4764385,2025-08-29,VUS,2025-08-29,VUS
4764464,2025-05-01,LB,2025-05-01,LB
4764878,2025-11-22,LB,2025-11-22,LB
4764889,2026-01-23,LB,2026-01-23,LB
4764953,2025-07-20,LB,2025-07-20,LB
4764986,2025-08-10,LB,2025-08-10,LB
4765012,2026-01-04,LB,2026-01-04,LB
4765078,2025-09-03,VUS,2025-09-03,VUS
4765091,2025-06-18,LB,2025-06-18,LB
4765214,2025-07-20,LB,2025-07-20,LB
4765496,2025-05-27,LB,2025-05-27,LB
4765612,2026-01-06,LB,2026-01-06,LB
4765615,2025-03-16,LB,2025-03-16,LB
4766217,2025-08-11,VUS,2025-08-11,VUS
4766316,2025-04-01,VUS,2025-04-01,VUS
4766478,2026-02-01,P,2026-02-01,P
4766575,2025-08-14,VUS,2025-08-14,VUS
4766667,2025-12-31,VUS,2025-12-31,VUS
4766829,2025-11-23,VUS,2025-11-23,VUS
4767285,2025-10-06,B,2025-10-06,B
4767449,2025-11-19,VUS,2025-11-19,VUS
4767532,2025-09-28,VUS,2025-09-28,VUS
4767544,2025-10-27,LB,2025-10-27,LB
4767675,2025-02-16,LB,2025-02-16,LB
4767693,2025-11-20,VUS,2025-11-20,VUS
4767844,2025-09-09,VUS,2025-09-09,VUS
4768037,2025-10-16,LB,2025-10-16,LB
4768344,2025-07-13,LB,2025-07-13,LB
4768406,2025-10-06,VUS,2025-10-06,VUS
4768468,2025-03-17,VUS,2025-03-17,VUS
4768533,2025-02-20,LB,2025-02-20,LB
4768591,2025-08-30,LP,2025-09-04,LP
4768614,2025-09-23,LB,2025-09-23,LB
4768736,2025-11-15,VUS,2025-11-15,VUS
4768817,2025-08-11,VUS,2025-08-11,VUS
4768944,2025-07-07,LB,2025-07-07,LB
4769102,2026-02-02,LB,2026-02-02,LB
4769112,2025-04-29,VUS,2025-04-29,VUS
4769133,2025-11-25,LB,2025-11-25,LB
4769139,2025-12-01,VUS,2026-02-05,VUS
4769161,2025-03-19,VUS,2025-03-19,VUS
4769162,2025-03-19,VUS,2025-03-19,VUS
4769176,2025-07-22,VUS,2025-07-22,VUS
4769312,2025-07-20,VUS,2025-07-20,VUS
4769358,2025-10-03,VUS,2025-10-03,VUS
4769361,2026-01-04,VUS,2026-01-04,VUS
4769419,2025-06-22,VUS,2025-06-22,VUS
4769463,2026-01-19,LB,2026-01-19,LB
4769532,2025-08-11,VUS,2025-08-11,VUS
4769717,2026-01-22,VUS,2026-01-22,VUS
4769743,2025-11-27,VUS,2025-11-27,VUS
4769758,2025-03-12,VUS,2025-03-12,VUS
4770184,2025-11-03,LB,2025-11-03,LB
4770290,2025-10-14,LB,2025-10-14,LB
4770346,2025-04-22,LB,2025-04-22,LB
4770423,2025-08-05,LB,2025-08-05,LB
4770442,2025-04-23,VUS,2025-04-23,VUS
4770488,2025-09-28,VUS,2025-09-28,VUS
4770557,2025-12-09,LB,2025-12-09,LB
4770576,2025-11-06,VUS,2025-11-06,VUS
4770715,2025-10-09,LB,2025-10-09,LB
4770806,2025-12-19,VUS,2025-12-19,VUS
4770864,2025-08-30,VUS,2025-08-30,VUS
4771002,2025-11-12,VUS,2025-11-12,VUS
4771023,2025-03-10,VUS,2025-03-10,VUS
4771157,2025-07-18,LB,2025-07-18,LB
4771530,2025-10-25,VUS,2025-10-25,VUS
4771631,2025-07-29,VUS,2025-07-29,VUS
4771664,2025-12-10,VUS,2025-12-10,VUS
4771670,2025-04-30,LB,2025-04-30,LB
4771733,2025-09-30,LB,2025-09-30,LB
4771776,2025-12-21,LB,2025-12-21,LB
4772148,2025-11-19,LB,2025-11-19,LB
4772154,2025-04-19,VUS,2025-04-19,VUS
4772264,2025-09-28,VUS,2025-09-28,VUS
4772375,2025-09-17,VUS,2025-09-17,VUS
4772381,2025-07-16,VUS,2025-07-16,VUS
4772492,2025-09-24,VUS,2025-09-24,VUS
4772554,2025-12-22,LB,2025-12-22,LB
4772577,2025-10-09,VUS,2025-10-09,VUS
4773147,2025-10-06,LB,2025-10-06,LB
4773278,2025-12-03,VUS,2025-12-03,VUS
4773361,2025-11-24,LB,2025-11-24,LB
4773592,2026-01-24,LB,2026-01-24,LB
4773714,2025-09-15,LB,2025-09-15,LB
4773784,2025-08-07,LB,2025-08-07,LB
4774185,2025-08-11,VUS,2025-08-11,VUS
4774284,2025-11-25,LB,2025-11-25,LB
4774442,2026-01-14,LB,2026-01-14,LB
4774448,2026-01-12,LB,2026-01-12,LB
4774460,2025-05-18,VUS,2025-05-18,VUS
4774538,2025-12-25,VUS,2025-12-25,VUS
4774672,2025-06-19,VUS,2025-06-19,VUS
4774692,2025-11-27,VUS,2025-11-27,VUS
4774754,2025-05-01,LB,2025-05-01,LB
4774981,2025-08-14,VUS,2025-08-14,VUS
4775150,2025-06-16,LB,2025-06-16,LB
4775186,2025-12-19,VUS,2025-12-19,VUS
4775254,2025-12-03,LB,2025-12-03,LB
4775576,2025-06-12,VUS,2025-06-12,VUS
4775578,2025-08-12,VUS,2025-08-12,VUS
4775680,2025-08-29,LB,2025-08-29,LB
4775965,2025-11-05,VUS,2025-11-05,VUS
4776009,2025-09-10,LB,2025-09-10,LB
4776015,2026-01-06,VUS,2026-01-06,VUS
4776368,2025-10-10,LB,2025-10-10,LB
4776419,2025-06-08,LB,2025-06-08,LB
4776453,2026-01-28,LB,2026-01-28,LB
4776487,2025-03-10,LB,2025-03-10,LB
4776541,2025-12-09,VUS,2025-12-09,VUS
4776729,2025-05-25,LB,2025-05-25,LB
4776889,2025-03-16,VUS,2025-03-16,VUS
4777033,2025-10-20,LB,2025-10-20,LB
4777497,2025-12-09,VUS,2025-12-09,VUS
4777540,2026-01-15,LB,2026-01-15,LB
4777545,2025-03-21,VUS,2025-03-21,VUS
4777604,2025-03-19,LB,2025-03-19,LB
4777694,2025-05-25,LB,2025-05-25,LB
4777800,2026-01-04,LB,2026-01-04,LB
4777932,2026-02-01,LB,2026-02-01,LB
4778057,2025-05-13,VUS,2025-05-13,VUS
4778203,2025-12-31,LB,2025-12-31,LB
4778413,2025-11-22,LB,2025-11-22,LB
4778465,2025-07-23,LB,2025-07-23,LB
4778472,2025-07-24,VUS,2025-07-24,VUS
4778645,2025-08-06,VUS,2025-08-06,VUS
4778679,2025-02-19,VUS,2025-02-19,VUS
4778806,2025-12-28,VUS,2025-12-28,VUS
4778908,2026-01-25,LB,2026-01-25,LB
4778968,2025-07-02,LB,2025-07-02,LB
4779162,2025-09-17,LB,2025-09-17,LB
4779219,2025-09-11,VUS,2025-09-11,VUS
4779624,2025-05-13,VUS,2025-05-13,VUS
4779651,2025-06-15,LB,2025-06-15,LB
4779659,2025-10-14,VUS,2025-10-14,VUS
4779951,2025-12-30,LB,2025-12-30,LB
4779984,2025-12-16,VUS,2025-12-16,VUS
4780122,2025-11-25,VUS,2025-11-25,VUS
4780154,2025-11-03,VUS,2025-11-03,VUS
4780179,2025-05-18,LB,2025-05-18,LB
4780270,2025-04-27,LB,2025-04-27,LB
4780482,2025-05-23,VUS,2025-05-23,VUS
4780782,2026-02-01,VUS,2026-02-01,VUS
4780794,2025-08-14,VUS,2025-08-14,VUS
4780806,2025-06-11,VUS,2025-06-11,VUS
4780835,2026-01-24,VUS,2026-01-24,VUS
4781260,2025-06-23,VUS,2025-06-23,VUS
4781750,2025-08-31,VUS,2025-08-31,VUS
4781815,2026-01-18,LB,2026-01-18,LB
4782132,2025-02-06,LB,2025-02-06,LB
4782137,2025-08-10,VUS,2025-08-10,VUS
4782144,2025-06-17,VUS,2025-06-17,VUS
4795502,2025-08-15,VUS,2025-08-15,VUS
4795644,2025-08-14,VUS,2025-08-14,VUS
4795721,2025-08-12,VUS,2025-08-12,VUS
4795930,2025-04-06,P,2025-04-06,P
4795931,2025-06-14,LP,2025-06-14,LP
4795932,2025-06-17,LP,2025-06-17,LP
4795933,2025-07-31,LP,2025-07-31,LP
4796716,2018-02-12,VUS,2018-02-12,VUS
4796717,2019-12-07,VUS,2019-12-07,VUS
4796718,2020-03-21,VUS,2020-03-21,VUS
4796719,2021-07-16,VUS,2021-07-16,VUS
4796720,2021-10-31,VUS,2021-10-31,VUS
4796721,2022-01-17,VUS,2022-01-17,VUS
4796722,2015-01-13,VUS,2015-01-13,VUS
4796723,2022-04-20,VUS,2022-04-20,VUS
4796724,2022-04-23,VUS,2022-04-23,VUS
4796725,2016-07-01,VUS,2016-07-01,VUS
4796726,2017-02-20,VUS,2017-02-20,VUS
4796727,2018-08-08,VUS,2018-08-08,VUS
4796777,2026-01-21,LP,2026-01-21,LP
4796780,2026-01-20,LP,2026-01-20,LP
4796783,2026-02-09,LP,2026-02-09,LP
4796785,2026-02-11,VUS,2026-02-11,VUS
4796800,2026-02-02,P,2026-02-02,P
4796801,2026-01-30,LP,2026-01-30,LP
4796806,2026-02-13,P,2026-02-13,P
4797113,2026-01-19,LB,2026-01-19,LB
4797450,2025-09-04,VUS,2025-09-04,VUS
4797727,2026-01-05,LB,2026-01-05,LB
4797740,2026-01-11,VUS,2026-01-11,VUS
4797769,2026-01-04,VUS,2026-01-04,VUS
4798011,2025-11-01,LB,2025-11-01,LB
4798300,2025-02-16,VUS,2025-02-16,VUS
4798535,2025-09-28,LB,2025-09-28,LB
4798659,2025-06-12,VUS,2025-06-12,VUS
4798916,2026-01-28,LB,2026-01-28,LB
4798973,2025-12-10,LB,2025-12-10,LB
4799449,2025-11-14,B,2025-11-14,B
4799471,2025-08-03,LB,2025-08-03,LB
4799598,2025-05-13,LB,2025-05-13,LB
4799902,2025-07-01,VUS,2025-07-01,VUS
4800350,2025-10-14,VUS,2025-10-14,VUS
4800351,2025-12-01,VUS,2025-12-01,VUS
4800352,2025-05-06,VUS,2025-05-06,VUS
4800353,2025-04-01,LP,2025-04-01,LP
4800354,2025-05-14,VUS,2025-05-14,VUS
4800355,2025-10-09,VUS,2025-10-09,VUS
4800357,2025-08-06,VUS,2025-08-06,VUS
4800358,2025-03-10,VUS,2025-03-10,VUS
4800359,2025-10-08,VUS,2025-10-08,VUS
4800360,2025-07-24,VUS,2025-07-24,VUS
4800361,2025-03-07,VUS,2025-03-07,VUS
4800362,2025-08-17,VUS,2025-08-17,VUS
4800363,2025-03-10,VUS,2025-03-10,VUS
4800364,2025-11-24,VUS,2025-11-24,VUS
4800365,2025-05-23,VUS,2025-05-23,VUS
4800366,2025-09-06,VUS,2025-09-06,VUS
4800367,2025-06-24,VUS,2025-06-24,VUS
4800368,2025-12-01,VUS,2025-12-01,VUS
4800369,2026-01-05,VUS,2026-01-05,VUS
4800376,2025-05-19,VUS,2025-05-19,VUS
4802178,2025-07-16,LP,2025-07-16,LP
4802179,2025-01-21,LP,2025-01-21,LP
4802180,2025-10-07,VUS,2025-10-07,VUS
4802181,2026-01-24,P,2026-01-24,P
4802182,2025-05-30,LP,2025-05-30,LP
4802183,2025-04-22,LP,2025-04-22,LP
4802184,2025-08-25,LP,2025-08-25,LP
4802186,2025-03-20,VUS,2025-03-20,VUS
4802187,2025-03-05,LP,2025-03-05,LP
4802188,2025-08-03,LP,2025-08-03,LP
4802189,2025-11-22,LP,2025-11-22,LP
4802190,2025-11-23,VUS,2025-11-23,VUS
4802191,2025-09-24,VUS,2025-09-24,VUS
4802941,2025-08-18,VUS,2025-08-18,VUS
4803570,2025-06-20,LB,2025-06-20,LB
4803610,2025-09-15,LB,2025-09-15,LB
4803648,2025-10-26,VUS,2025-10-26,VUS
4803718,2025-12-24,LB,2025-12-24,LB
4803726,2025-10-08,VUS,2025-10-08,VUS
4803794,2025-05-11,LB,2025-05-11,LB
4803999,2025-06-14,LB,2025-06-14,LB
4804053,2025-09-30,LB,2025-09-30,LB
4804323,2025-05-05,LB,2025-05-05,LB
4804352,2025-09-05,LB,2025-09-05,LB
4804492,2025-06-24,VUS,2025-06-24,VUS
4804612,2025-05-10,VUS,2025-05-10,VUS
4804779,2025-11-12,VUS,2025-11-12,VUS
4804944,2025-04-15,LB,2025-04-15,LB
4805314,2025-08-05,VUS,2025-08-05,VUS
4805337,2025-04-24,VUS,2025-04-24,VUS
4805377,2025-04-27,LB,2025-04-27,LB
4805541,2025-02-15,LB,2025-02-15,LB
4805802,2025-07-09,VUS,2025-07-09,VUS
4806035,2025-05-25,VUS,2025-05-25,VUS
4806350,2025-03-04,VUS,2025-03-04,VUS
4806398,2025-06-13,LB,2025-06-13,LB
4807190,2026-01-18,VUS,2026-01-18,VUS
4807282,2025-07-16,VUS,2025-07-16,VUS
4807364,2025-11-25,VUS,2025-11-25,VUS
4807446,2025-07-13,VUS,2025-07-13,VUS
4807598,2025-07-06,LB,2025-07-06,LB
4807620,2025-05-01,VUS,2025-05-01,VUS
4808530,2025-06-24,VUS,2025-06-24,VUS
4808562,2025-09-23,LB,2025-09-23,LB
4808870,2025-02-15,VUS,2025-02-15,VUS
4809121,2025-11-19,VUS,2025-11-19,VUS
4809220,2025-05-20,LB,2025-05-20,LB
4809232,2025-02-07,LB,2025-02-07,LB
4809372,2025-10-14,VUS,2025-10-14,VUS
4809470,2026-01-08,VUS,2026-01-08,VUS
4809516,2025-12-23,VUS,2025-12-23,VUS
4809807,2025-10-09,LB,2025-10-09,LB
4809961,2025-09-28,VUS,2025-09-28,VUS
4810265,2025-12-08,VUS,2025-12-08,VUS
4810326,2025-08-19,VUS,2025-08-19,VUS
4810416,2025-10-29,LB,2025-10-29,LB
4810693,2025-02-08,VUS,2025-02-08,VUS
4810697,2025-09-23,LB,2025-09-23,LB
4810726,2025-07-22,VUS,2025-07-22,VUS
4810759,2025-07-28,VUS,2025-07-28,VUS
4810859,2025-06-13,LB,2025-06-13,LB
4811202,2025-06-11,VUS,2025-06-11,VUS
4811957,2025-03-13,VUS,2025-03-13,VUS
4811987,2025-04-11,VUS,2025-04-11,VUS
4812816,2026-02-02,LP,2026-02-02,LP
4812930,2025-09-02,VUS,2025-09-02,VUS
4813211,2025-03-09,LP,2025-03-09,LP
4813215,2026-01-09,LP,2026-01-09,LP
4813509,2026-03-05,VUS,2026-03-05,VUS
4813510,2026-03-05,VUS,2026-03-05,VUS
4813559,2026-03-05,VUS,2026-03-05,VUS
4813578,2026-03-05,P,2026-03-05,P
4813613,2026-01-17,P,2026-01-17,P
4814079,2026-02-13,VUS,2026-02-13,VUS
4814123,2025-07-01,LP,2025-07-01,LP
4814238,2026-01-26,VUS,2026-01-26,VUS
4814252,2026-01-28,LP,2026-01-28,LP
4817122,2025-03-27,LP,2025-03-27,LP
4817125,2024-08-23,LP,2024-08-23,LP
4817135,2025-01-23,LP,2025-01-23,LP
4817142,2025-08-21,LP,2025-08-21,LP
4817149,2025-08-04,LP,2025-08-04,LP
4817153,2025-04-25,LP,2025-04-25,LP
4817170,2025-12-02,LP,2025-12-02,LP
4817171,2025-09-17,P,2025-09-17,P
4817181,2024-08-02,LP,2024-08-02,LP
4817202,2024-10-24,LP,2024-10-24,LP
4817203,2024-10-24,LP,2024-10-24,LP
4817204,2024-10-22,LP,2024-10-22,LP
4817205,2024-05-03,LP,2024-05-03,LP
4817206,2025-09-09,LP,2025-09-09,LP
4817207,2024-08-30,LP,2024-08-30,LP
4817208,2025-08-28,LP,2025-08-28,LP
4817209,2024-04-30,LP,2024-04-30,LP
4817210,2025-03-22,LP,2025-03-22,LP
4817211,2025-09-03,LP,2025-09-03,LP
4817213,2025-06-23,LP,2025-06-23,LP
4817214,2025-12-03,LP,2025-12-03,LP
4817215,2025-08-20,LP,2025-08-20,LP
4817216,2025-08-25,LP,2025-08-25,LP
4817217,2025-09-17,LP,2025-09-17,LP
4817218,2025-08-28,LP,2025-08-28,LP
4817219,2024-08-02,LP,2024-08-02,LP
4817220,2025-01-02,LP,2025-01-02,LP
4817221,2025-09-29,LP,2025-09-29,LP
4817222,2026-01-23,LP,2026-03-31,LP
4817223,2025-01-13,LP,2025-01-13,LP
4817224,2024-05-29,LP,2024-05-29,LP
4817225,2025-08-26,LP,2025-08-26,LP
4817226,2024-12-12,LP,2024-12-12,LP
4817227,2025-12-01,LP,2025-12-01,LP
4817228,2025-08-22,LP,2025-08-22,LP
4817229,2026-01-12,LP,2026-01-12,LP
4817230,2025-08-21,LP,2025-08-21,LP
4817231,2025-08-20,LP,2025-08-20,LP
4817232,2024-11-01,LP,2024-11-01,LP
4817234,2025-08-26,LP,2025-08-26,LP
4817235,2025-08-22,LP,2025-08-22,LP
4817236,2025-08-26,LP,2025-08-26,LP
4817237,2025-08-29,LP,2025-08-29,LP
4817238,2025-09-17,P,2025-09-17,P
4817239,2024-12-10,LP,2024-12-10,LP
4817241,2025-06-16,LP,2025-06-16,LP
4817242,2025-09-15,LP,2025-09-15,LP
4817243,2025-08-25,LP,2025-08-25,LP
4817244,2026-01-20,LP,2026-01-20,LP
4817245,2026-01-20,LP,2026-01-20,LP
4817246,2025-08-21,LP,2025-08-21,LP
4817247,2025-08-20,LP,2025-08-20,LP
4817248,2025-09-10,LP,2025-09-10,LP
4817249,2025-08-26,LP,2025-08-26,LP
4817250,2025-08-26,LP,2025-08-26,LP
4817251,2025-08-21,LP,2025-08-21,LP
4817252,2025-08-29,LP,2025-08-29,LP
4817253,2025-08-26,LP,2025-08-26,LP
4817254,2025-08-19,LP,2025-08-19,LP
4817255,2024-09-09,LP,2024-09-09,LP
4817256,2025-08-26,LP,2025-08-26,LP
4817257,2024-07-23,LP,2024-07-23,LP
4817258,2026-01-14,LP,2026-01-14,LP
4817259,2025-12-22,LP,2025-12-22,LP
4817260,2025-10-23,LP,2025-10-23,LP
4817261,2025-09-15,LP,2025-09-15,LP
4817262,2025-09-17,LP,2025-09-17,LP
4817263,2025-09-10,LP,2025-09-10,LP
4817264,2025-03-12,LP,2025-03-12,LP
4817265,2024-09-29,LP,2024-09-29,LP
4817266,2024-08-02,LP,2024-08-02,LP
4817267,2025-09-16,LP,2025-09-16,LP
4817268,2024-06-14,LP,2024-06-14,LP
4817269,2025-10-15,LP,2025-10-15,LP
4817270,2025-08-26,LP,2025-08-26,LP
4817271,2026-01-15,LP,2026-01-15,LP
4817272,2025-04-24,LP,2025-04-24,LP
4817273,2025-08-26,LP,2025-08-26,LP
4817274,2025-08-25,LP,2025-08-25,LP
4817275,2024-12-31,LP,2024-12-31,LP
4817276,2026-01-14,LP,2026-01-14,LP
4817277,2024-10-18,LP,2024-10-18,LP
4817278,2025-08-21,LP,2025-08-21,LP
4817279,2025-08-22,LP,2025-08-22,LP
4817280,2024-06-18,LP,2024-06-18,LP
4817281,2026-01-21,LP,2026-01-21,LP
4817282,2025-08-26,LP,2025-08-26,LP
4817283,2026-01-21,LP,2026-01-21,LP
4817284,2024-03-14,LP,2024-03-14,LP
4817285,2024-12-05,LP,2024-12-05,LP
4817286,2025-10-13,LP,2025-10-13,LP
4817287,2025-09-04,LP,2025-09-04,LP
4817289,2024-07-19,LP,2024-07-19,LP
4817290,2024-12-18,LP,2024-12-18,LP
4817291,2025-12-29,LP,2025-12-29,LP
4817292,2025-09-04,LP,2025-09-04,LP
4817293,2025-09-04,LP,2025-09-04,LP
4817294,2025-12-29,LP,2025-12-29,LP
4817295,2025-09-04,LP,2025-09-04,LP
4817296,2025-09-04,LP,2025-09-04,LP
4817297,2025-10-09,LP,2025-10-09,LP
4817298,2025-09-04,P,2025-09-04,P
4817299,2025-10-27,P,2025-10-27,P
4817300,2025-10-16,LP,2025-10-16,LP
4817301,2025-09-04,LP,2025-09-04,LP
4817302,2025-10-27,LP,2025-10-27,LP
4817303,2025-09-04,LP,2025-09-04,LP
4817304,2025-02-19,LP,2025-02-19,LP
4817305,2025-09-04,LP,2025-09-04,LP
4817306,2025-09-18,LP,2025-09-18,LP
4817307,2025-09-18,LP,2025-09-18,LP
4817308,2025-11-25,LP,2025-11-25,LP
4817309,2025-09-04,LP,2025-09-04,LP
4817310,2025-10-21,P,2025-10-21,P
4817311,2024-06-27,LP,2024-06-27,LP
4817312,2026-01-26,LP,2026-01-26,LP
4817314,2025-06-30,LP,2025-06-30,LP
4817315,2025-09-02,LP,2025-09-02,LP
4817316,2025-09-04,LP,2025-09-04,LP
4817317,2025-09-04,LP,2025-09-04,LP
4817318,2025-09-04,LP,2025-09-04,LP
4817319,2025-08-31,LP,2025-08-31,LP
4817321,2025-08-28,LP,2025-08-28,LP
4817322,2025-11-24,LP,2025-11-24,LP
4817323,2026-01-28,LP,2026-01-28,LP
4817324,2025-06-02,LP,2025-06-02,LP
4817325,2025-11-26,LP,2025-11-26,LP
4817326,2025-09-04,LP,2025-09-04,LP
4817327,2024-11-07,LP,2024-11-07,LP
4817328,2025-11-12,LP,2025-11-12,LP
4817329,2025-08-29,LP,2025-08-29,LP
4817330,2024-11-27,LP,2024-11-27,LP
4817331,2025-09-04,LP,2025-09-04,LP
4817332,2025-09-04,LP,2025-09-04,LP
4817333,2025-08-23,LP,2025-08-23,LP
4817334,2025-09-04,LP,2025-09-04,LP
4817335,2025-09-04,LP,2025-09-04,LP
4817336,2025-09-04,LP,2025-09-04,LP
4817337,2025-12-29,LP,2025-12-29,LP
4817338,2025-09-04,LP,2025-09-04,LP
4817339,2025-09-04,LP,2025-09-04,LP
4817340,2025-09-04,LP,2025-09-04,LP
4817341,2024-06-04,LP,2024-06-04,LP
4817342,2025-06-08,LP,2025-06-08,LP
4817343,2025-09-04,LP,2025-09-04,LP
4817344,2024-05-06,LP,2024-05-06,LP
4817345,2024-05-02,LP,2024-05-02,LP
4817346,2025-08-20,LP,2025-08-20,LP
4817347,2025-07-02,LP,2025-07-02,LP
4817348,2025-09-04,LP,2025-09-04,LP
4817349,2025-12-31,LP,2025-12-31,LP
4817350,2025-09-04,LP,2025-09-04,LP
4817351,2025-09-09,LP,2025-09-09,LP
4817352,2024-07-18,LP,2024-07-18,LP
4817353,2024-05-01,LP,2024-05-01,LP
4818581,2024-04-30,LP,2024-04-30,LP
4818583,2025-09-05,LP,2025-09-05,LP
4818584,2025-06-06,LP,2025-06-06,LP
4818585,2025-11-26,LP,2025-11-26,LP
4818586,2025-12-22,LP,2025-12-22,LP
4818587,2025-09-10,LP,2025-09-10,LP
4818588,2025-09-10,LP,2025-09-10,LP
4818589,2024-12-13,LP,2024-12-13,LP
4818590,2025-07-25,LP,2025-07-25,LP
4818591,2025-11-03,LP,2025-11-03,LP
4818592,2025-10-23,LP,2025-10-23,LP
4818884,2026-02-02,VUS,2026-02-02,VUS
4818889,2026-03-02,LP,2026-03-02,LP
4818983,2026-02-02,LP,2026-02-02,LP
4818985,2025-12-02,LP,2025-12-02,LP
4819039,2025-12-07,P,2025-12-07,P
4819040,2025-11-24,P,2025-11-24,P
4819378,2026-03-22,P,2026-03-22,P
4819435,2026-02-06,P,2026-02-06,P
4819735,2025-10-15,P,2025-10-15,P
4819822,2025-11-13,VUS,2025-11-13,VUS
4819830,2025-05-28,VUS,2025-05-28,VUS
4819842,2025-10-15,VUS,2025-10-15,VUS
4819854,2025-10-23,VUS,2025-10-23,VUS
4819918,2025-10-15,VUS,2025-10-15,VUS
4820180,2021-11-29,LP,2021-11-29,LP
4820290,2026-02-18,VUS,2026-02-18,VUS
4820328,2026-01-28,LP,2026-01-28,LP
4820575,2026-04-22,LP,2026-04-22,LP
4821560,2026-01-01,LB,2026-01-01,LB
4821861,2025-12-01,VUS,2025-12-01,VUS
4822463,2026-01-01,LB,2026-01-01,LB
4822980,2026-01-01,VUS,2026-01-01,VUS
4823576,2026-02-01,VUS,2026-02-01,VUS
4823614,2026-03-01,VUS,2026-03-01,VUS
4823696,2026-03-01,VUS,2026-03-01,VUS
4823722,2026-03-01,LB,2026-03-01,LB
4828920,2026-01-09,VUS,2026-01-09,VUS
4829447,2025-12-15,LB,2025-12-15,LB
4829449,2025-12-15,VUS,2025-12-15,VUS
4832822,2026-01-26,VUS,2026-01-26,VUS
4834003,2025-12-15,VUS,2025-12-15,VUS
4834537,2025-12-16,VUS,2025-12-16,VUS
4836968,2025-12-16,VUS,2025-12-16,VUS
4838350,2025-12-22,VUS,2025-12-22,VUS
4838361,2025-12-22,VUS,2025-12-22,VUS
4838479,2025-12-22,VUS,2025-12-22,VUS
4838853,2025-12-30,VUS,2025-12-30,VUS
4839021,2026-01-05,VUS,2026-01-05,VUS
4839037,2026-01-05,VUS,2026-01-05,VUS
4839280,2026-01-14,VUS,2026-01-14,VUS
4839353,2026-01-14,VUS,2026-01-14,VUS
4839780,2026-01-26,VUS,2026-01-26,VUS
4839932,2026-02-16,VUS,2026-02-16,VUS
4839956,2026-02-17,VUS,2026-02-17,VUS
4839958,2026-02-17,VUS,2026-02-17,VUS
4840023,2026-02-17,VUS,2026-02-17,VUS
4840067,2026-02-17,VUS,2026-02-17,VUS
4840127,2026-02-17,VUS,2026-02-17,VUS
4840152,2026-02-17,VUS,2026-02-17,VUS
4840344,2026-02-24,VUS,2026-02-24,VUS
4840447,2026-02-25,VUS,2026-02-25,VUS
4840575,2026-02-26,VUS,2026-02-26,VUS
4840646,2026-02-27,VUS,2026-02-27,VUS
4840659,2026-02-27,VUS,2026-02-27,VUS
4840874,2026-03-03,VUS,2026-03-03,VUS
4840878,2026-03-03,VUS,2026-03-03,VUS
4841194,2026-03-12,VUS,2026-03-12,VUS
4841247,2026-03-12,VUS,2026-03-12,VUS
4845304,2026-02-26,P,2026-02-26,P
4845412,2026-02-27,VUS,2026-02-27,VUS
4845495,2025-11-26,VUS,2025-11-26,VUS
4845744,2025-01-08,LP,2025-01-08,LP
4845930,2025-04-30,LP,2025-04-30,LP
4847148,2026-03-17,LB,2026-03-17,LB
4847191,2026-03-16,VUS,2026-03-16,VUS
4847446,2026-03-05,VUS,2026-03-05,VUS
4847447,2026-03-05,LB,2026-03-05,LB
4847505,2026-03-03,LB,2026-03-03,LB
4847521,2026-03-03,VUS,2026-03-03,VUS
4847655,2026-03-26,VUS,2026-03-26,VUS
4847672,2026-03-26,VUS,2026-03-26,VUS
4847750,2026-03-23,LB,2026-03-23,LB
4847816,2026-02-14,VUS,2026-02-14,VUS
4847821,2026-02-14,LB,2026-02-14,LB
4847827,2026-02-14,LB,2026-02-14,LB
4847834,2026-02-13,VUS,2026-02-13,VUS
4847893,2026-02-11,VUS,2026-02-11,VUS
4847964,2026-02-09,P,2026-02-09,P
4847972,2026-02-09,VUS,2026-02-09,VUS
4847975,2026-02-09,B,2026-02-09,B
4847992,2026-02-07,LB,2026-02-07,LB
4848013,2026-02-06,B,2026-02-06,B
4848137,2026-02-02,VUS,2026-02-02,VUS
4848267,2026-02-18,LB,2026-02-18,LB
4848323,2026-02-16,LB,2026-02-16,LB
4848329,2026-02-16,VUS,2026-02-16,VUS
4848638,2026-04-14,LB,2026-04-14,LB
4848712,2026-04-09,LB,2026-04-09,LB
4848778,2026-04-07,VUS,2026-04-07,VUS
4849074,2026-04-27,P,2026-04-27,P
4849089,2026-04-24,LB,2026-04-24,LB
4849203,2026-03-30,LP,2026-03-30,LP
4849205,2026-03-31,VUS,2026-03-31,VUS
4849208,2026-04-01,P,2026-04-01,P
4850501,2026-05-08,LP,2026-05-08,LP
4850502,2026-05-08,LP,2026-05-08,LP
4850503,2026-05-08,LP,2026-05-08,LP
4850526,2026-03-13,LP,2026-03-13,LP
4850528,2026-03-13,LP,2026-03-13,LP
4850847,2026-05-14,VUS,2026-05-14,VUS
