VariationID,gene,Name,protein_change,variant_type,consequence,current_class,review_status,first_class,first_date,latest_class,latest_date,n_submissions,n_submitters,reclassified,direction,first_year,latest_year
731749,AGT,NC_000001.11:g.230710441G>A,,single nucleotide variant,,Benign/Likely benign,"criteria provided, multiple submitters, no conflicts",B,2017-04-27,LB,2026-03-01,8,8,True,toward_pathogenic,2017.0,2026.0
18065,AGTR1,NM_000685.5(AGTR1):c.*86A>C,,single nucleotide variant,3 prime UTR variant,Benign/Likely benign,"criteria provided, multiple submitters, no conflicts",B,2018-03-06,LB,2021-08-16,5,5,True,toward_pathogenic,2018.0,2021.0
781779,CHD1L,NM_001461.4(FMO5):c.1172A>G (p.Gln391Arg),Q391R,single nucleotide variant,missense variant|intron variant,Benign/Likely benign,"criteria provided, multiple submitters, no conflicts",B,2019-12-31,LB,2025-06-01,3,3,True,toward_pathogenic,2019.0,2025.0
785842,CHD1L,NM_001461.4(FMO5):c.496A>G (p.Lys166Glu),K166E,single nucleotide variant,missense variant|intron variant,Benign/Likely benign,"criteria provided, multiple submitters, no conflicts",B,2019-12-31,LB,2025-08-18,4,4,True,toward_pathogenic,2019.0,2025.0
1606025,CHD1L,NM_004284.6(CHD1L):c.1551A>G (p.Ile517Met),"I236M, I313M, I354M, I365M, I404M, I417M, I445M, I517M",single nucleotide variant,non-coding transcript variant|missense variant,Benign,"criteria provided, multiple submitters, no conflicts",B,2021-10-04,LB,2024-05-08,3,3,True,toward_pathogenic,2021.0,2024.0
1565761,CHD1L,NM_004284.6(CHD1L):c.2098G>A (p.Gly700Arg),"G419R, G496R, G537R, G548R, G587R, G600R, G628R, G700R",single nucleotide variant,missense variant|non-coding transcript variant,Benign/Likely benign,"criteria provided, multiple submitters, no conflicts",B,2024-01-18,LB,2025-10-01,3,3,True,toward_pathogenic,2024.0,2025.0
746694,DSTYK,NM_015375.3(DSTYK):c.1731C>T (p.Ser577=),,single nucleotide variant,synonymous variant,Likely benign,"criteria provided, multiple submitters, no conflicts",B,2019-07-31,LB,2026-01-01,3,3,True,toward_pathogenic,2019.0,2026.0
910386,EYA1,NM_000503.6(EYA1):c.*102T>G,,single nucleotide variant,3 prime UTR variant,Benign/Likely benign,"criteria provided, multiple submitters, no conflicts",B,2018-01-13,LB,2018-08-06,3,2,True,toward_pathogenic,2018.0,2018.0
363646,EYA1,NM_000503.6(EYA1):c.*23G>A,,single nucleotide variant,3 prime UTR variant,Benign/Likely benign,"criteria provided, multiple submitters, no conflicts",B,2018-01-12,LB,2020-06-12,4,3,True,toward_pathogenic,2018.0,2020.0
363665,EYA1,NM_000503.6(EYA1):c.-47C>A,T14K,single nucleotide variant,5 prime UTR variant|missense variant,Benign/Likely benign,"criteria provided, single submitter",B,2018-01-13,LB,2018-01-13,2,1,True,toward_pathogenic,2018.0,2018.0
363648,EYA1,NM_000503.6(EYA1):c.1475+15G>A,,single nucleotide variant,intron variant,Benign/Likely benign,"criteria provided, multiple submitters, no conflicts",B,2018-01-13,LB,2026-01-05,3,2,True,toward_pathogenic,2018.0,2026.0
363664,EYA1,NM_000503.6(EYA1):c.159T>C (p.Ala53=),,single nucleotide variant,synonymous variant|5 prime UTR variant,Benign/Likely benign,"criteria provided, single submitter",B,2018-01-13,LB,2018-01-13,2,1,True,toward_pathogenic,2018.0,2018.0
281468,FRAS1,NM_025074.7(FRAS1):c.10539A>G (p.Thr3513=),,single nucleotide variant,synonymous variant,Benign/Likely benign,"criteria provided, multiple submitters, no conflicts",B,2015-06-25,LB,2026-01-26,5,5,True,toward_pathogenic,2015.0,2026.0
281467,FRAS1,NM_025074.7(FRAS1):c.11724T>C (p.Ser3908=),,single nucleotide variant,synonymous variant,Benign/Likely benign,"criteria provided, multiple submitters, no conflicts",B,2015-06-25,LB,2026-03-24,4,4,True,toward_pathogenic,2015.0,2026.0
2981779,FRAS1,NM_025074.7(FRAS1):c.11880C>T (p.Asp3960=),,single nucleotide variant,synonymous variant,Benign/Likely benign,"criteria provided, multiple submitters, no conflicts",B,2025-02-16,LB,2025-09-15,2,2,True,toward_pathogenic,2025.0,2025.0
197016,FRAS1,NM_025074.7(FRAS1):c.4958C>T (p.Pro1653Leu),P1653L,single nucleotide variant,missense variant,Benign/Likely benign,"criteria provided, multiple submitters, no conflicts",B,2014-12-12,LB,2026-02-03,3,3,True,toward_pathogenic,2014.0,2026.0
366119,FREM1,NM_001379081.2(FREM1):c.4711G>A (p.Asp1571Asn),"D1571N, D107N",single nucleotide variant,missense variant|non-coding transcript variant,Benign/Likely benign,"criteria provided, multiple submitters, no conflicts",B,2016-11-01,LB,2025-12-15,5,5,True,toward_pathogenic,2016.0,2025.0
787067,FREM1,NM_001379081.2(FREM1):c.4963G>A (p.Val1655Met),"V191M, V1655M",single nucleotide variant,missense variant|non-coding transcript variant,Likely benign,"criteria provided, multiple submitters, no conflicts",B,2019-03-28,LB,2025-12-31,3,3,True,toward_pathogenic,2019.0,2025.0
772909,FREM1,NM_001379081.2(FREM1):c.5212C>A (p.Leu1738Met),"L1738M, L274M",single nucleotide variant,missense variant|non-coding transcript variant,Benign/Likely benign,"criteria provided, multiple submitters, no conflicts",B,2017-04-27,LB,2026-01-19,5,5,True,toward_pathogenic,2017.0,2026.0
301133,GATA3,NM_001002295.2(GATA3):c.*265dup,,Duplication,3 prime UTR variant,Benign/Likely benign,"criteria provided, multiple submitters, no conflicts",B,2019-08-06,LB,2025-09-10,2,2,True,toward_pathogenic,2019.0,2025.0
301142,GATA3,NM_001002295.2(GATA3):c.*664C>T,,single nucleotide variant,3 prime UTR variant,Benign/Likely benign,"criteria provided, multiple submitters, no conflicts",B,2018-01-12,LB,2023-03-01,2,2,True,toward_pathogenic,2018.0,2023.0
301105,GATA3,NM_001002295.2(GATA3):c.-359G>A,,single nucleotide variant,5 prime UTR variant,Benign/Likely benign,"criteria provided, multiple submitters, no conflicts",B,2018-01-12,LB,2018-12-22,2,2,True,toward_pathogenic,2018.0,2018.0
301116,GATA3,NM_001002295.2(GATA3):c.-48G>T,,single nucleotide variant,5 prime UTR variant,Benign/Likely benign,"criteria provided, multiple submitters, no conflicts",B,2018-01-12,LB,2018-06-16,2,2,True,toward_pathogenic,2018.0,2018.0
301127,GATA3,NM_001002295.2(GATA3):c.1179C>T (p.Asn393=),,single nucleotide variant,synonymous variant,Benign/Likely benign,"criteria provided, multiple submitters, no conflicts",B,2018-01-13,LB,2025-11-19,5,5,True,toward_pathogenic,2018.0,2025.0
134471,GATA3,NM_001002295.2(GATA3):c.1186G>A (p.Ala396Thr),"A396T, A395T",single nucleotide variant,missense variant,Benign/Likely benign,"criteria provided, multiple submitters, no conflicts",B,2018-01-13,LB,2025-02-16,5,5,True,toward_pathogenic,2018.0,2025.0
877499,GATA3,NM_001002295.2(GATA3):c.241+8C>T,,single nucleotide variant,intron variant,Benign,"criteria provided, single submitter",B,2018-01-13,LB,2023-04-03,2,2,True,toward_pathogenic,2018.0,2023.0
134470,GATA3,NM_001002295.2(GATA3):c.737G>C (p.Gly246Ala),G246A,single nucleotide variant,missense variant,Benign/Likely benign,"criteria provided, multiple submitters, no conflicts",B,2018-01-12,LB,2025-10-14,4,4,True,toward_pathogenic,2018.0,2025.0
301125,GATA3,NM_001002295.2(GATA3):c.840G>C (p.Thr280=),,single nucleotide variant,synonymous variant,Benign/Likely benign,"criteria provided, multiple submitters, no conflicts",B,2018-01-13,LB,2025-09-18,5,5,True,toward_pathogenic,2018.0,2025.0
301126,GATA3,NM_001002295.2(GATA3):c.870C>T (p.Leu290=),,single nucleotide variant,synonymous variant,Benign/Likely benign,"criteria provided, multiple submitters, no conflicts",B,2018-01-13,LB,2025-12-01,3,3,True,toward_pathogenic,2018.0,2025.0
377055,HNF1B,NM_000458.4(HNF1B):c.1006C>A (p.His336Asn),"H336N, H310N",single nucleotide variant,missense variant,Benign/Likely benign,"criteria provided, multiple submitters, no conflicts",B,2017-01-12,LB,2024-02-08,2,2,True,toward_pathogenic,2017.0,2024.0
805641,HNF1B,NM_000458.4(HNF1B):c.852C>T (p.His284=),,single nucleotide variant,synonymous variant,Benign/Likely benign,"criteria provided, multiple submitters, no conflicts",B,2018-12-21,LB,2026-01-26,4,4,True,toward_pathogenic,2018.0,2026.0
1898671,HPSE2,NM_021828.5(HPSE2):c.846T>C (p.Asp282=),,single nucleotide variant,synonymous variant,Benign/Likely benign,"criteria provided, multiple submitters, no conflicts",B,2025-02-16,LB,2025-06-02,2,2,True,toward_pathogenic,2025.0,2025.0
3239276,KAL1,NM_000216.4(ANOS1):c.1615G>A (p.Glu539Lys),E539K,single nucleotide variant,missense variant,Benign/Likely benign,"criteria provided, multiple submitters, no conflicts",B,2024-03-07,LB,2024-05-01,2,2,True,toward_pathogenic,2024.0,2024.0
3350535,LRIG2,NM_014813.3(LRIG2):c.-4G>A,,single nucleotide variant,5 prime UTR variant,Likely benign,"criteria provided, single submitter",B,2024-07-01,LB,2025-07-25,2,2,True,toward_pathogenic,2024.0,2025.0
715246,LRIG2,NM_014813.3(LRIG2):c.1792G>T (p.Val598Leu),"V495L, V598L",single nucleotide variant,missense variant,Benign/Likely benign,"criteria provided, multiple submitters, no conflicts",B,2019-12-31,LB,2024-05-01,3,3,True,toward_pathogenic,2019.0,2024.0
729081,LRIG2,NM_014813.3(LRIG2):c.2680+7A>G,,single nucleotide variant,intron variant,Benign,"criteria provided, single submitter",B,2017-12-04,LB,2019-06-07,2,2,True,toward_pathogenic,2017.0,2019.0
774278,LRIG2,NM_014813.3(LRIG2):c.2744C>T (p.Thr915Ile),"T812I, T915I",single nucleotide variant,missense variant,Benign/Likely benign,"criteria provided, multiple submitters, no conflicts",B,2019-12-31,LB,2025-08-18,4,4,True,toward_pathogenic,2019.0,2025.0
1950039,PAX2,NM_000278.5(PAX2):c.846G>A (p.Ser282=),,single nucleotide variant,synonymous variant,Benign/Likely benign,"criteria provided, multiple submitters, no conflicts",B,2022-11-22,LB,2022-12-19,3,3,True,toward_pathogenic,2022.0,2022.0
299937,RET,NM_020975.6(RET):c.*1591G>A,,single nucleotide variant,3 prime UTR variant,Benign/Likely benign,"criteria provided, multiple submitters, no conflicts",B,2018-01-13,LB,2021-05-15,6,3,True,toward_pathogenic,2018.0,2021.0
299938,RET,NM_020975.6(RET):c.*1599G>A,,single nucleotide variant,3 prime UTR variant,Benign/Likely benign,"criteria provided, single submitter",B,2018-01-13,LB,2018-01-13,4,1,True,toward_pathogenic,2018.0,2018.0
877445,RET,NM_020975.6(RET):c.*492G>C,,single nucleotide variant,3 prime UTR variant,Benign/Likely benign,"criteria provided, single submitter",B,2018-01-13,LB,2018-01-13,4,1,True,toward_pathogenic,2018.0,2018.0
1224786,RET,NM_020975.6(RET):c.1063+47G>A,,single nucleotide variant,intron variant,Benign/Likely benign,"criteria provided, multiple submitters, no conflicts",B,2015-03-03,LB,2025-03-04,2,2,True,toward_pathogenic,2015.0,2025.0
3904713,RET,NM_020975.6(RET):c.1548C>G (p.Pro516=),,single nucleotide variant,synonymous variant,Benign/Likely benign,"criteria provided, multiple submitters, no conflicts",B,2025-02-25,LB,2025-08-28,2,2,True,toward_pathogenic,2025.0,2025.0
1572234,RET,NM_020975.6(RET):c.1557T>C (p.Cys519=),,single nucleotide variant,synonymous variant,Benign/Likely benign,"criteria provided, multiple submitters, no conflicts",B,2025-02-25,LB,2025-12-22,2,2,True,toward_pathogenic,2025.0,2025.0
3728173,RET,NM_020975.6(RET):c.1983C>T (p.His661=),,single nucleotide variant,synonymous variant|intron variant,Benign/Likely benign,"criteria provided, multiple submitters, no conflicts",B,2025-02-26,LB,2025-09-15,2,2,True,toward_pathogenic,2025.0,2025.0
136106,RET,NM_020975.6(RET):c.2001A>T (p.Pro667=),,single nucleotide variant,synonymous variant|intron variant,Benign/Likely benign,"criteria provided, multiple submitters, no conflicts",B,2022-01-27,LB,2026-01-28,5,5,True,toward_pathogenic,2022.0,2026.0
1140038,RET,NM_020975.6(RET):c.2133C>T (p.Ile711=),,single nucleotide variant,synonymous variant,Benign/Likely benign,"criteria provided, multiple submitters, no conflicts",B,2025-02-26,LB,2025-08-02,3,3,True,toward_pathogenic,2025.0,2025.0
1569229,RET,NM_020975.6(RET):c.2285-16C>T,,single nucleotide variant,intron variant,Benign/Likely benign,"criteria provided, multiple submitters, no conflicts",B,2024-09-04,LB,2025-10-15,2,2,True,toward_pathogenic,2024.0,2025.0
241349,RET,NM_020975.6(RET):c.2554A>G (p.Ile852Val),"I852V, I598V, I510V, I809V, I417V, I457V, I508V, I513V, I522V, I553V, I764V, I706V, I720V, I756V, I369V, I610V, I677V, I807V",single nucleotide variant,missense variant,Benign/Likely benign,"criteria provided, multiple submitters, no conflicts",B,2021-09-01,LB,2026-01-25,6,6,True,toward_pathogenic,2021.0,2026.0
413471,RET,NM_020975.6(RET):c.270G>A (p.Glu90=),,single nucleotide variant,synonymous variant|intron variant,Benign/Likely benign,"criteria provided, multiple submitters, no conflicts",B,2021-10-18,LB,2025-11-05,3,3,True,toward_pathogenic,2021.0,2025.0
241365,RET,NM_020975.6(RET):c.624G>T (p.Glu208Asp),"E208D, E165D",single nucleotide variant,missense variant,Benign/Likely benign,"criteria provided, multiple submitters, no conflicts",B,2021-09-20,LB,2026-01-04,5,5,True,toward_pathogenic,2021.0,2026.0
3904651,RET,NM_020975.6(RET):c.876G>C (p.Val292=),,single nucleotide variant,synonymous variant|intron variant,Benign/Likely benign,"criteria provided, multiple submitters, no conflicts",B,2025-02-25,LB,2025-11-15,2,2,True,toward_pathogenic,2025.0,2025.0
1106240,RET,NM_020975.6(RET):c.960C>T (p.Pro320=),,single nucleotide variant,synonymous variant|intron variant,Benign/Likely benign,"criteria provided, multiple submitters, no conflicts",B,2021-09-02,LB,2026-01-18,7,7,True,toward_pathogenic,2021.0,2026.0
346696,ROBO2,NM_001395656.1(ROBO2):c.2030G>A (p.Arg677His),"R673H, R689H, R677H, R80H, R693H, R696H, R700H",single nucleotide variant,missense variant,Benign/Likely benign,"criteria provided, multiple submitters, no conflicts",B,2018-01-13,LB,2025-11-09,3,3,True,toward_pathogenic,2018.0,2025.0
346699,ROBO2,NM_001395656.1(ROBO2):c.2406C>T (p.Ser802=),,single nucleotide variant,synonymous variant,Benign/Likely benign,"criteria provided, multiple submitters, no conflicts",B,2018-01-12,LB,2025-12-21,3,3,True,toward_pathogenic,2018.0,2025.0
346700,ROBO2,NM_001395656.1(ROBO2):c.2444G>A (p.Arg815Gln),"R811Q, R827Q, R815Q, R218Q, R831Q, R834Q, R838Q",single nucleotide variant,missense variant,Benign/Likely benign,"criteria provided, multiple submitters, no conflicts",B,2018-01-13,LB,2025-06-12,2,2,True,toward_pathogenic,2018.0,2025.0
346701,ROBO2,NM_001395656.1(ROBO2):c.2738+9C>T,,single nucleotide variant,intron variant,Benign/Likely benign,"criteria provided, multiple submitters, no conflicts",B,2018-01-13,LB,2022-05-04,2,2,True,toward_pathogenic,2018.0,2022.0
346708,ROBO2,NM_001395656.1(ROBO2):c.3675C>T (p.Ala1225=),,single nucleotide variant,synonymous variant,Benign/Likely benign,"criteria provided, multiple submitters, no conflicts",B,2018-01-12,LB,2023-12-05,2,2,True,toward_pathogenic,2018.0,2023.0
346712,ROBO2,NM_001395656.1(ROBO2):c.3888G>A (p.Lys1296=),,single nucleotide variant,synonymous variant|intron variant,Benign/Likely benign,"criteria provided, multiple submitters, no conflicts",B,2018-01-12,LB,2025-07-20,3,3,True,toward_pathogenic,2018.0,2025.0
346714,ROBO2,NM_001395656.1(ROBO2):c.4341C>T (p.Gly1447=),,single nucleotide variant,synonymous variant,Benign/Likely benign,"criteria provided, multiple submitters, no conflicts",B,2018-01-13,LB,2025-12-26,6,6,True,toward_pathogenic,2018.0,2025.0
1270493,SALL1,NM_002968.3(SALL1):c.1565C>T (p.Thr522Met),"T425M, T522M",single nucleotide variant,missense variant,Benign/Likely benign,"criteria provided, multiple submitters, no conflicts",B,2020-12-29,LB,2024-10-09,3,3,True,toward_pathogenic,2020.0,2024.0
1282736,SALL1,NM_002968.3(SALL1):c.219C>T (p.Ile73=),,single nucleotide variant,5 prime UTR variant|synonymous variant,Benign/Likely benign,"criteria provided, multiple submitters, no conflicts",B,2020-11-06,LB,2025-11-15,3,3,True,toward_pathogenic,2020.0,2025.0
1261438,SALL1,NM_002968.3(SALL1):c.3665C>T (p.Ala1222Val),"A1125V, A1222V",single nucleotide variant,missense variant,Benign/Likely benign,"criteria provided, multiple submitters, no conflicts",B,2020-10-28,LB,2023-06-16,3,3,True,toward_pathogenic,2020.0,2023.0
1265603,SALL1,NM_002968.3(SALL1):c.3729C>T (p.Asn1243=),,single nucleotide variant,synonymous variant,Benign/Likely benign,"criteria provided, multiple submitters, no conflicts",B,2020-10-08,LB,2025-03-16,4,4,True,toward_pathogenic,2020.0,2025.0
258870,SALL1,NM_002968.3(SALL1):c.379G>C (p.Val127Leu),"V127L, V30L",single nucleotide variant,missense variant,Benign/Likely benign,"criteria provided, multiple submitters, no conflicts",B,2016-08-19,LB,2026-03-01,7,7,True,toward_pathogenic,2016.0,2026.0
258873,SALL1,NM_002968.3(SALL1):c.472A>G (p.Ser158Gly),"S158G, S61G",single nucleotide variant,missense variant,Benign/Likely benign,"criteria provided, multiple submitters, no conflicts",B,2015-12-22,LB,2026-02-01,7,7,True,toward_pathogenic,2015.0,2026.0
258876,SALL1,NM_002968.3(SALL1):c.478G>A (p.Gly160Ser),"G160S, G63S",single nucleotide variant,missense variant,Benign/Likely benign,"criteria provided, multiple submitters, no conflicts",B,2020-04-07,LB,2025-11-06,4,4,True,toward_pathogenic,2020.0,2025.0
258877,SALL1,NM_002968.3(SALL1):c.478GGC[5] (p.Gly163dup),,Microsatellite,inframe_insertion,Benign/Likely benign,"criteria provided, multiple submitters, no conflicts",B,2016-04-11,LB,2026-01-25,5,5,True,toward_pathogenic,2016.0,2026.0
313444,SIX1,NM_005982.4(SIX1):c.*1079T>A,,single nucleotide variant,3 prime UTR variant,Benign/Likely benign,"criteria provided, single submitter",B,2018-01-13,LB,2018-01-13,2,1,True,toward_pathogenic,2018.0,2018.0
313460,SIX1,NM_005982.4(SIX1):c.*297T>G,,single nucleotide variant,3 prime UTR variant,Benign/Likely benign,"criteria provided, multiple submitters, no conflicts",B,2018-01-13,LB,2018-12-22,4,3,True,toward_pathogenic,2018.0,2018.0
313456,SIX1,NM_005982.4(SIX1):c.*443A>G,,single nucleotide variant,3 prime UTR variant,Benign/Likely benign,"criteria provided, single submitter",B,2018-01-13,LB,2018-01-13,2,1,True,toward_pathogenic,2018.0,2018.0
313470,SIX1,NM_005982.4(SIX1):c.-137C>T,,single nucleotide variant,5 prime UTR variant,Benign/Likely benign,"criteria provided, multiple submitters, no conflicts",B,2018-01-13,LB,2018-01-13,3,2,True,toward_pathogenic,2018.0,2018.0
882199,SIX1,NM_005982.4(SIX1):c.-24C>T,,single nucleotide variant,5 prime UTR variant,Benign/Likely benign,"criteria provided, single submitter",B,2018-01-13,LB,2018-01-13,2,1,True,toward_pathogenic,2018.0,2018.0
517597,SIX1,NM_005982.4(SIX1):c.746C>A (p.Pro249Gln),P249Q,single nucleotide variant,missense variant,Benign/Likely benign,"criteria provided, multiple submitters, no conflicts",B,2019-03-01,LB,2025-11-19,3,3,True,toward_pathogenic,2019.0,2025.0
1265285,SIX5,NM_175875.5(SIX5):c.1978G>A (p.Ala660Thr),A660T,single nucleotide variant,missense variant,Benign/Likely benign,"criteria provided, multiple submitters, no conflicts",B,2020-03-09,LB,2024-01-22,3,3,True,toward_pathogenic,2020.0,2024.0
1601523,SOX17,NM_022454.4(SOX17):c.98C>A (p.Ala33Asp),A33D,single nucleotide variant,missense variant,Benign/Likely benign,"criteria provided, multiple submitters, no conflicts",B,2026-01-27,LB,2026-02-01,3,3,True,toward_pathogenic,2026.0,2026.0
710136,SRGAP1,NM_020762.4(SRGAP1):c.1705A>G (p.Ser569Gly),"S546G, S569G",single nucleotide variant,missense variant,Likely benign,"criteria provided, multiple submitters, no conflicts",B,2019-07-24,LB,2019-12-31,3,3,True,toward_pathogenic,2019.0,2019.0
800599,TNXB,NM_000500.9(CYP21A2):c.1223-21C>T,,single nucleotide variant,intron variant,Likely benign,"criteria provided, multiple submitters, no conflicts",B,2019-05-24,LB,2021-05-23,3,3,True,toward_pathogenic,2019.0,2021.0
1243603,TNXB,NM_001365276.2(TNXB):c.10060C>T (p.Pro3354Ser),"P3352S, P3354S",single nucleotide variant,missense variant,Benign/Likely benign,"criteria provided, multiple submitters, no conflicts",B,2018-09-05,LB,2026-03-30,6,6,True,toward_pathogenic,2018.0,2026.0
1264472,TNXB,NM_001365276.2(TNXB):c.10960T>G (p.Ser3654Ala),"S3652A, S3654A, S83A",single nucleotide variant,missense variant,Benign/Likely benign,"criteria provided, multiple submitters, no conflicts",B,2018-07-09,LB,2022-05-11,3,3,True,toward_pathogenic,2018.0,2022.0
1215804,TNXB,NM_001365276.2(TNXB):c.113G>A (p.Arg38Gln),R38Q,single nucleotide variant,missense variant,Benign/Likely benign,"criteria provided, multiple submitters, no conflicts",B,2019-03-22,LB,2026-03-31,8,8,True,toward_pathogenic,2019.0,2026.0
261124,TNXB,NM_001365276.2(TNXB):c.1469G>A (p.Arg490Gln),R490Q,single nucleotide variant,missense variant,Benign/Likely benign,"criteria provided, multiple submitters, no conflicts",B,2018-07-14,LB,2026-04-06,8,8,True,toward_pathogenic,2018.0,2026.0
261133,TNXB,NM_001365276.2(TNXB):c.3191G>A (p.Arg1064His),R1064H,single nucleotide variant,missense variant,Benign/Likely benign,"criteria provided, multiple submitters, no conflicts",B,2019-01-04,LB,2026-03-30,7,7,True,toward_pathogenic,2019.0,2026.0
1231110,TNXB,NM_001365276.2(TNXB):c.3654C>A (p.Asp1218Glu),D1218E,single nucleotide variant,missense variant,Benign/Likely benign,"criteria provided, multiple submitters, no conflicts",B,2019-01-10,LB,2026-04-06,5,5,True,toward_pathogenic,2019.0,2026.0
624235,TNXB,NM_001365276.2(TNXB):c.4444G>A (p.Val1482Met),V1482M,single nucleotide variant,missense variant,Benign/Likely benign,"criteria provided, multiple submitters, no conflicts",B,2018-12-11,LB,2026-04-21,8,8,True,toward_pathogenic,2018.0,2026.0
1258568,TNXB,NM_001365276.2(TNXB):c.4484C>T (p.Thr1495Ile),T1495I,single nucleotide variant,missense variant,Benign/Likely benign,"criteria provided, multiple submitters, no conflicts",B,2019-01-04,LB,2026-03-31,9,9,True,toward_pathogenic,2019.0,2026.0
546997,TNXB,NM_001365276.2(TNXB):c.4562C>T (p.Ala1521Val),A1521V,single nucleotide variant,missense variant,Benign/Likely benign,"criteria provided, multiple submitters, no conflicts",B,2020-11-24,LB,2026-04-16,11,11,True,toward_pathogenic,2020.0,2026.0
1179279,TNXB,NM_001365276.2(TNXB):c.5746A>G (p.Thr1916Ala),T1916A,single nucleotide variant,missense variant,Benign/Likely benign,"criteria provided, multiple submitters, no conflicts",B,2020-09-23,LB,2026-03-30,7,7,True,toward_pathogenic,2020.0,2026.0
430489,TNXB,NM_001365276.2(TNXB):c.7417C>T (p.Arg2473Cys),R2473C,single nucleotide variant,missense variant,Benign/Likely benign,"criteria provided, multiple submitters, no conflicts",B,2019-06-27,LB,2026-03-30,6,6,True,toward_pathogenic,2019.0,2026.0
1759850,TNXB,NM_001365276.2(TNXB):c.7620T>C (p.Leu2540=),,single nucleotide variant,synonymous variant,Benign/Likely benign,"criteria provided, multiple submitters, no conflicts",B,2019-03-04,LB,2026-02-01,4,4,True,toward_pathogenic,2019.0,2026.0
1188758,TNXB,NM_001365276.2(TNXB):c.7704T>C (p.Val2568=),,single nucleotide variant,synonymous variant,Benign/Likely benign,"criteria provided, multiple submitters, no conflicts",B,2019-03-29,LB,2026-02-01,7,7,True,toward_pathogenic,2019.0,2026.0
261169,TNXB,NM_001365276.2(TNXB):c.8542G>A (p.Gly2848Arg),"G2846R, G2848R",single nucleotide variant,missense variant,Benign/Likely benign,"criteria provided, multiple submitters, no conflicts",B,2018-07-14,LB,2026-03-31,7,7,True,toward_pathogenic,2018.0,2026.0
1201535,TNXB,NM_001365276.2(TNXB):c.86G>A (p.Arg29Gln),R29Q,single nucleotide variant,missense variant,Benign/Likely benign,"criteria provided, multiple submitters, no conflicts",B,2019-03-07,LB,2026-04-06,10,10,True,toward_pathogenic,2019.0,2026.0
1263255,TNXB,NM_001365276.2(TNXB):c.9040T>C (p.Cys3014Arg),"C3012R, C3014R",single nucleotide variant,missense variant,Benign/Likely benign,"criteria provided, multiple submitters, no conflicts",B,2018-10-30,LB,2026-04-15,5,5,True,toward_pathogenic,2018.0,2026.0
1260789,TNXB,NM_001365276.2(TNXB):c.9571G>A (p.Gly3191Ser),"G3189S, G3191S",single nucleotide variant,missense variant,Benign/Likely benign,"criteria provided, multiple submitters, no conflicts",B,2019-04-19,LB,2026-03-30,4,4,True,toward_pathogenic,2019.0,2026.0
318287,UMOD,NM_003361.4(UMOD):c.1464C>T (p.Gly488=),,single nucleotide variant,synonymous variant|non-coding transcript variant,Benign/Likely benign,"criteria provided, multiple submitters, no conflicts",B,2018-01-13,LB,2025-11-01,4,4,True,toward_pathogenic,2018.0,2025.0
496847,UMOD,NM_003361.4(UMOD):c.1740+38C>T,,single nucleotide variant,intron variant,Benign/Likely benign,"criteria provided, multiple submitters, no conflicts",B,2017-02-09,LB,2020-04-28,2,2,True,toward_pathogenic,2017.0,2020.0
2919728,UMOD,NM_003361.4(UMOD):c.561C>T (p.Thr187=),,single nucleotide variant,synonymous variant|non-coding transcript variant,Benign/Likely benign,"criteria provided, multiple submitters, no conflicts",B,2023-10-09,LB,2025-11-01,2,2,True,toward_pathogenic,2023.0,2025.0
341983,UPK3A,NM_006953.4(UPK3A):c.588G>A (p.Thr196=),,single nucleotide variant,synonymous variant,Benign/Likely benign,"criteria provided, multiple submitters, no conflicts",B,2017-12-04,LB,2018-01-13,3,3,True,toward_pathogenic,2017.0,2018.0
2682638,PAX2,NM_000278.5(PAX2):c.1021+167C>T,P346S,single nucleotide variant,missense variant|intron variant,Uncertain significance,"criteria provided, single submitter",B,2023-12-28,VUS,2024-06-03,2,2,True,toward_pathogenic,2023.0,2024.0
891019,ACE,NM_000789.4(ACE):c.1020C>T (p.Pro340=),,single nucleotide variant,synonymous variant,Benign/Likely benign,"criteria provided, multiple submitters, no conflicts",LB,2018-01-13,B,2022-06-27,3,3,True,toward_benign,2018.0,2022.0
778721,ACE,NM_000789.4(ACE):c.1038G>C (p.Ser346=),,single nucleotide variant,synonymous variant,Benign/Likely benign,"criteria provided, multiple submitters, no conflicts",LB,2018-01-12,B,2026-01-23,5,5,True,toward_benign,2018.0,2026.0
324386,ACE,NM_000789.4(ACE):c.1775A>G (p.Asp592Gly),D592G,single nucleotide variant,missense variant,Benign/Likely benign,"criteria provided, multiple submitters, no conflicts",LB,2017-04-27,B,2026-01-26,5,5,True,toward_benign,2017.0,2026.0
324361,ACE,NM_000789.4(ACE):c.177G>A (p.Gln59=),,single nucleotide variant,synonymous variant,Benign/Likely benign,"criteria provided, multiple submitters, no conflicts",LB,2017-04-27,B,2026-01-06,3,3,True,toward_benign,2017.0,2026.0
770448,ACE,NM_000789.4(ACE):c.2747C>T (p.Thr916Met),"T342M, T916M",single nucleotide variant,missense variant,Benign/Likely benign,"criteria provided, multiple submitters, no conflicts",LB,2018-01-12,B,2026-01-02,8,8,True,toward_benign,2018.0,2026.0
324410,ACE,NM_000789.4(ACE):c.2952G>A (p.Val984=),,single nucleotide variant,synonymous variant,Benign/Likely benign,"criteria provided, multiple submitters, no conflicts",LB,2018-01-13,B,2026-01-12,3,3,True,toward_benign,2018.0,2026.0
1650584,ACE,NM_000789.4(ACE):c.2979C>T (p.Ile993=),,single nucleotide variant,synonymous variant|non-coding transcript variant,Benign/Likely benign,"criteria provided, multiple submitters, no conflicts",LB,2021-07-27,B,2026-01-04,3,3,True,toward_benign,2021.0,2026.0
1328008,ACE,NM_000789.4(ACE):c.3304C>A (p.Pro1102Thr),"P1102T, P348T, P528T, P818T, P913T",single nucleotide variant,missense variant|non-coding transcript variant,Benign/Likely benign,"criteria provided, multiple submitters, no conflicts",LB,2023-05-01,B,2025-10-15,6,6,True,toward_benign,2023.0,2025.0
889650,ACE,NM_000789.4(ACE):c.3363T>C (p.Ser1121=),,single nucleotide variant,synonymous variant,Benign/Likely benign,"criteria provided, multiple submitters, no conflicts",LB,2018-01-12,B,2026-01-18,3,3,True,toward_benign,2018.0,2026.0
889651,ACE,NM_000789.4(ACE):c.3489C>T (p.Ala1163=),,single nucleotide variant,synonymous variant|intron variant,Benign/Likely benign,"criteria provided, multiple submitters, no conflicts",LB,2018-01-13,B,2025-12-23,3,3,True,toward_benign,2018.0,2025.0
789096,ACE,NM_000789.4(ACE):c.3560C>T (p.Thr1187Met),"T572M, T613M, T1187M",single nucleotide variant,missense variant,Benign/Likely benign,"criteria provided, multiple submitters, no conflicts",LB,2018-01-13,B,2025-12-21,4,4,True,toward_benign,2018.0,2025.0
3053437,ACE,NM_000789.4(ACE):c.3684G>A (p.Pro1228=),,single nucleotide variant,synonymous variant|non-coding transcript variant,Benign,"criteria provided, single submitter",LB,2019-09-13,B,2025-07-14,2,2,True,toward_benign,2019.0,2025.0
1573805,ACE,NM_000789.4(ACE):c.3691+10C>T,,single nucleotide variant,intron variant,Benign/Likely benign,"criteria provided, multiple submitters, no conflicts",LB,2022-03-22,B,2025-12-21,2,2,True,toward_benign,2022.0,2025.0
324420,ACE,NM_000789.4(ACE):c.3801C>T (p.Ile1267=),,single nucleotide variant,synonymous variant,Benign/Likely benign,"criteria provided, multiple submitters, no conflicts",LB,2018-01-12,B,2026-01-08,5,5,True,toward_benign,2018.0,2026.0
256807,ACE,NM_000789.4(ACE):c.3836G>A (p.Arg1279Gln),"R1279Q, R664Q, R705Q",single nucleotide variant,missense variant,Benign/Likely benign,"criteria provided, multiple submitters, no conflicts",LB,2018-01-13,B,2026-01-19,5,5,True,toward_benign,2018.0,2026.0
2048509,ACE,NM_000789.4(ACE):c.474C>T (p.Leu158=),,single nucleotide variant,synonymous variant|intron variant,Benign/Likely benign,"criteria provided, multiple submitters, no conflicts",LB,2019-09-19,B,2025-11-03,4,4,True,toward_benign,2019.0,2025.0
1545410,ACE,NM_000789.4(ACE):c.600G>A (p.Leu200=),,single nucleotide variant,synonymous variant|intron variant,Benign,"criteria provided, single submitter",LB,2019-06-20,B,2025-11-01,2,2,True,toward_benign,2019.0,2025.0
1587239,ACE,NM_000789.4(ACE):c.945+16A>G,,single nucleotide variant,intron variant,Benign/Likely benign,"criteria provided, multiple submitters, no conflicts",LB,2021-10-27,B,2025-10-26,2,2,True,toward_benign,2021.0,2025.0
891018,ACE,NM_000789.4(ACE):c.955G>T (p.Ala319Ser),A319S,single nucleotide variant,missense variant,Benign/Likely benign,"criteria provided, multiple submitters, no conflicts",LB,2017-04-27,B,2026-01-26,2,2,True,toward_benign,2017.0,2026.0
728571,AGT,NC_000001.11:g.230706145G>A,,single nucleotide variant,,Benign/Likely benign,"criteria provided, multiple submitters, no conflicts",LB,2018-01-13,B,2026-01-31,6,6,True,toward_benign,2018.0,2026.0
746864,AGT,NC_000001.11:g.230710284G>A,,single nucleotide variant,,Benign/Likely benign,"criteria provided, multiple submitters, no conflicts",LB,2025-09-14,B,2025-09-30,2,2,True,toward_benign,2025.0,2025.0
2043711,AGT,NM_001384479.1(AGT):c.246C>T (p.Val82=),,single nucleotide variant,synonymous variant,Benign/Likely benign,"criteria provided, multiple submitters, no conflicts",LB,2025-11-01,B,2025-12-13,2,2,True,toward_benign,2025.0,2025.0
2044138,AGT,NM_001384479.1(AGT):c.351C>T (p.Gly117=),,single nucleotide variant,synonymous variant,Benign,"criteria provided, single submitter",LB,2019-08-29,B,2025-07-03,2,2,True,toward_benign,2019.0,2025.0
313336,BMP4,NM_001202.6(BMP4):c.*251C>T,,single nucleotide variant,3 prime UTR variant,Benign/Likely benign,"criteria provided, single submitter",LB,2018-01-13,B,2018-01-13,2,1,True,toward_benign,2018.0,2018.0
881588,BMP4,NM_001202.6(BMP4):c.*28A>T,,single nucleotide variant,3 prime UTR variant,Benign/Likely benign,"criteria provided, single submitter",LB,2018-01-13,B,2018-01-13,2,1,True,toward_benign,2018.0,2018.0
881630,BMP4,NM_001202.6(BMP4):c.-155G>A,,single nucleotide variant,5 prime UTR variant|intron variant,Benign/Likely benign,"criteria provided, single submitter",LB,2018-01-12,B,2018-01-12,2,1,True,toward_benign,2018.0,2018.0
445688,BMP4,NM_001202.6(BMP4):c.370+28G>A,,single nucleotide variant,intron variant,Benign/Likely benign,"criteria provided, multiple submitters, no conflicts",LB,2017-04-20,B,2025-08-01,5,5,True,toward_benign,2017.0,2025.0
2056291,CHRM3,NM_001375978.1(CHRM3):c.159C>T (p.Asp53=),,single nucleotide variant,synonymous variant,Benign,"criteria provided, single submitter",LB,2019-10-28,B,2024-04-15,2,2,True,toward_benign,2019.0,2024.0
780090,DSTYK,NM_015375.3(DSTYK):c.120G>T (p.Arg40=),,single nucleotide variant,synonymous variant,Benign/Likely benign,"criteria provided, multiple submitters, no conflicts",LB,2025-05-01,B,2025-12-31,2,2,True,toward_benign,2025.0,2025.0
780089,DSTYK,NM_015375.3(DSTYK):c.1542T>C (p.Ser514=),,single nucleotide variant,synonymous variant,Benign/Likely benign,"criteria provided, multiple submitters, no conflicts",LB,2025-05-01,B,2025-12-31,2,2,True,toward_benign,2025.0,2025.0
916522,DSTYK,NM_015375.3(DSTYK):c.655-8C>T,,single nucleotide variant,intron variant,Benign/Likely benign,"criteria provided, multiple submitters, no conflicts",LB,2020-03-01,B,2025-12-01,2,2,True,toward_benign,2020.0,2025.0
48100,EYA1,NM_000503.6(EYA1):c.1185C>T (p.Asn395=),,single nucleotide variant,synonymous variant,Benign/Likely benign,"criteria provided, multiple submitters, no conflicts",LB,2015-05-05,B,2025-02-18,6,5,True,toward_benign,2015.0,2025.0
163432,EYA1,NM_000503.6(EYA1):c.1199+13G>T,,single nucleotide variant,intron variant,Benign/Likely benign,"criteria provided, multiple submitters, no conflicts",LB,2012-04-30,B,2026-01-22,4,3,True,toward_benign,2012.0,2026.0
227367,EYA1,NM_000503.6(EYA1):c.1377T>A (p.Ala459=),,single nucleotide variant,synonymous variant,Benign/Likely benign,"criteria provided, multiple submitters, no conflicts",LB,2012-04-30,B,2025-12-10,4,4,True,toward_benign,2012.0,2025.0
504571,EYA1,NM_000503.6(EYA1):c.1734G>A (p.Ser578=),,single nucleotide variant,synonymous variant,Benign/Likely benign,"criteria provided, multiple submitters, no conflicts",LB,2017-01-25,B,2026-01-15,2,2,True,toward_benign,2017.0,2026.0
697785,EYA1,NM_000503.6(EYA1):c.321T>C (p.Ala107=),,single nucleotide variant,intron variant|synonymous variant,Benign/Likely benign,"criteria provided, multiple submitters, no conflicts",LB,2020-12-11,B,2026-01-14,5,5,True,toward_benign,2020.0,2026.0
1199862,EYA1,NM_000503.6(EYA1):c.557-11T>A,,single nucleotide variant,intron variant,Benign/Likely benign,"criteria provided, multiple submitters, no conflicts",LB,2020-12-09,B,2025-08-19,2,2,True,toward_benign,2020.0,2025.0
349793,FRAS1,NM_025074.7(FRAS1):c.10008G>A (p.Pro3336=),,single nucleotide variant,synonymous variant,Benign/Likely benign,"criteria provided, multiple submitters, no conflicts",LB,2018-01-13,B,2026-01-26,4,4,True,toward_benign,2018.0,2026.0
705367,FRAS1,NM_025074.7(FRAS1):c.10077G>A (p.Pro3359=),,single nucleotide variant,synonymous variant,Benign/Likely benign,"criteria provided, multiple submitters, no conflicts",LB,2018-01-13,B,2026-01-24,3,3,True,toward_benign,2018.0,2026.0
1636926,FRAS1,NM_025074.7(FRAS1):c.10390-18A>T,,single nucleotide variant,intron variant,Benign/Likely benign,"criteria provided, multiple submitters, no conflicts",LB,2021-10-19,B,2026-01-25,3,3,True,toward_benign,2021.0,2026.0
349800,FRAS1,NM_025074.7(FRAS1):c.10425C>T (p.His3475=),,single nucleotide variant,synonymous variant,Benign/Likely benign,"criteria provided, multiple submitters, no conflicts",LB,2018-01-13,B,2026-01-19,3,3,True,toward_benign,2018.0,2026.0
1629159,FRAS1,NM_025074.7(FRAS1):c.10649-18T>C,,single nucleotide variant,intron variant,Benign/Likely benign,"criteria provided, multiple submitters, no conflicts",LB,2021-09-14,B,2026-02-04,2,2,True,toward_benign,2021.0,2026.0
261800,FRAS1,NM_025074.7(FRAS1):c.109-15del,,Deletion,intron variant,Benign/Likely benign,"criteria provided, multiple submitters, no conflicts",LB,2017-09-18,B,2026-02-04,3,3,True,toward_benign,2017.0,2026.0
1599927,FRAS1,NM_025074.7(FRAS1):c.1108-12T>G,,single nucleotide variant,intron variant,Benign/Likely benign,"criteria provided, multiple submitters, no conflicts",LB,2021-10-04,B,2026-01-16,2,2,True,toward_benign,2021.0,2026.0
905141,FRAS1,NM_025074.7(FRAS1):c.11695C>T (p.Leu3899=),,single nucleotide variant,synonymous variant,Benign/Likely benign,"criteria provided, multiple submitters, no conflicts",LB,2018-01-12,B,2026-01-26,3,3,True,toward_benign,2018.0,2026.0
725673,FRAS1,NM_025074.7(FRAS1):c.1255+10T>C,,single nucleotide variant,intron variant,Benign/Likely benign,"criteria provided, multiple submitters, no conflicts",LB,2018-01-13,B,2026-01-24,4,4,True,toward_benign,2018.0,2026.0
1551731,FRAS1,NM_025074.7(FRAS1):c.1534+19A>G,,single nucleotide variant,intron variant,Benign/Likely benign,"criteria provided, multiple submitters, no conflicts",LB,2021-09-28,B,2026-02-02,3,3,True,toward_benign,2021.0,2026.0
793475,FRAS1,NM_025074.7(FRAS1):c.1535-4G>A,,single nucleotide variant,intron variant,Benign/Likely benign,"criteria provided, multiple submitters, no conflicts",LB,2020-11-20,B,2026-01-25,2,2,True,toward_benign,2020.0,2026.0
349682,FRAS1,NM_025074.7(FRAS1):c.1635C>T (p.Ser545=),,single nucleotide variant,synonymous variant,Benign/Likely benign,"criteria provided, multiple submitters, no conflicts",LB,2017-02-27,B,2026-01-28,6,6,True,toward_benign,2017.0,2026.0
235757,FRAS1,NM_025074.7(FRAS1):c.1769T>C (p.Met590Thr),M590T,single nucleotide variant,missense variant,Benign/Likely benign,"criteria provided, multiple submitters, no conflicts",LB,2015-09-28,B,2026-02-04,7,7,True,toward_benign,2015.0,2026.0
349686,FRAS1,NM_025074.7(FRAS1):c.1820-11C>G,,single nucleotide variant,intron variant,Benign/Likely benign,"criteria provided, multiple submitters, no conflicts",LB,2018-01-13,B,2026-02-02,2,2,True,toward_benign,2018.0,2026.0
349654,FRAS1,NM_025074.7(FRAS1):c.201A>G (p.Gln67=),,single nucleotide variant,synonymous variant,Benign/Likely benign,"criteria provided, multiple submitters, no conflicts",LB,2018-01-13,B,2026-01-28,3,3,True,toward_benign,2018.0,2026.0
445933,FRAS1,NM_025074.7(FRAS1):c.2575+20A>C,,single nucleotide variant,intron variant,Benign/Likely benign,"criteria provided, multiple submitters, no conflicts",LB,2017-08-31,B,2026-02-01,3,3,True,toward_benign,2017.0,2026.0
196712,FRAS1,NM_025074.7(FRAS1):c.4308+10G>T,,single nucleotide variant,intron variant,Benign/Likely benign,"criteria provided, multiple submitters, no conflicts",LB,2015-01-28,B,2026-01-24,4,4,True,toward_benign,2015.0,2026.0
2956418,FRAS1,NM_025074.7(FRAS1):c.4711+16A>C,,single nucleotide variant,intron variant,Benign/Likely benign,"criteria provided, multiple submitters, no conflicts",LB,2025-12-30,B,2026-01-12,2,2,True,toward_benign,2025.0,2026.0
349719,FRAS1,NM_025074.7(FRAS1):c.4815G>A (p.Ala1605=),,single nucleotide variant,synonymous variant,Benign/Likely benign,"criteria provided, multiple submitters, no conflicts",LB,2018-01-12,B,2026-01-28,5,5,True,toward_benign,2018.0,2026.0
1568066,FRAS1,NM_025074.7(FRAS1):c.4834A>G (p.Thr1612Ala),T1612A,single nucleotide variant,missense variant,Benign/Likely benign,"criteria provided, multiple submitters, no conflicts",LB,2024-12-23,B,2025-12-06,2,2,True,toward_benign,2024.0,2025.0
349721,FRAS1,NM_025074.7(FRAS1):c.4959G>A (p.Pro1653=),,single nucleotide variant,synonymous variant,Benign/Likely benign,"criteria provided, multiple submitters, no conflicts",LB,2018-01-13,B,2026-02-02,3,3,True,toward_benign,2018.0,2026.0
1600906,FRAS1,NM_025074.7(FRAS1):c.4969+19A>T,,single nucleotide variant,intron variant,Benign/Likely benign,"criteria provided, multiple submitters, no conflicts",LB,2021-07-20,B,2026-02-02,2,2,True,toward_benign,2021.0,2026.0
706216,FRAS1,NM_025074.7(FRAS1):c.4969+9A>C,,single nucleotide variant,intron variant,Benign,"criteria provided, multiple submitters, no conflicts",LB,2019-05-22,B,2026-01-26,3,3,True,toward_benign,2019.0,2026.0
1662657,FRAS1,NM_025074.7(FRAS1):c.5665+18A>T,,single nucleotide variant,intron variant,Benign/Likely benign,"criteria provided, multiple submitters, no conflicts",LB,2022-06-02,B,2026-01-24,2,2,True,toward_benign,2022.0,2026.0
349735,FRAS1,NM_025074.7(FRAS1):c.6301C>T (p.His2101Tyr),H2101Y,single nucleotide variant,missense variant,Benign/Likely benign,"criteria provided, multiple submitters, no conflicts",LB,2018-01-13,B,2026-01-28,5,5,True,toward_benign,2018.0,2026.0
906417,FRAS1,NM_025074.7(FRAS1):c.6763+12A>G,,single nucleotide variant,intron variant,Benign/Likely benign,"criteria provided, multiple submitters, no conflicts",LB,2018-01-13,B,2026-01-31,3,3,True,toward_benign,2018.0,2026.0
1536162,FRAS1,NM_025074.7(FRAS1):c.687+20A>G,,single nucleotide variant,intron variant,Benign/Likely benign,"criteria provided, multiple submitters, no conflicts",LB,2021-10-22,B,2026-01-19,2,2,True,toward_benign,2021.0,2026.0
349746,FRAS1,NM_025074.7(FRAS1):c.6939C>T (p.Pro2313=),,single nucleotide variant,synonymous variant,Benign/Likely benign,"criteria provided, multiple submitters, no conflicts",LB,2018-01-12,B,2026-01-23,7,7,True,toward_benign,2018.0,2026.0
349747,FRAS1,NM_025074.7(FRAS1):c.7029+9A>C,,single nucleotide variant,intron variant,Benign/Likely benign,"criteria provided, multiple submitters, no conflicts",LB,2018-01-13,B,2026-02-01,7,7,True,toward_benign,2018.0,2026.0
788524,FRAS1,NM_025074.7(FRAS1):c.7053C>T (p.Ile2351=),,single nucleotide variant,synonymous variant,Benign/Likely benign,"criteria provided, multiple submitters, no conflicts",LB,2021-09-01,B,2026-01-28,2,2,True,toward_benign,2021.0,2026.0
1572827,FRAS1,NM_025074.7(FRAS1):c.790-20C>T,,single nucleotide variant,intron variant,Benign/Likely benign,"criteria provided, multiple submitters, no conflicts",LB,2021-08-03,B,2026-01-25,2,2,True,toward_benign,2021.0,2026.0
349768,FRAS1,NM_025074.7(FRAS1):c.8486C>A (p.Ser2829Tyr),S2829Y,single nucleotide variant,missense variant,Benign/Likely benign,"criteria provided, multiple submitters, no conflicts",LB,2018-01-13,B,2026-01-28,3,3,True,toward_benign,2018.0,2026.0
349771,FRAS1,NM_025074.7(FRAS1):c.8574G>A (p.Lys2858=),,single nucleotide variant,synonymous variant,Benign/Likely benign,"criteria provided, multiple submitters, no conflicts",LB,2018-01-13,B,2026-01-25,6,6,True,toward_benign,2018.0,2026.0
594637,FRAS1,NM_025074.7(FRAS1):c.8832C>T (p.Ser2944=),,single nucleotide variant,synonymous variant,Benign/Likely benign,"criteria provided, multiple submitters, no conflicts",LB,2017-11-14,B,2026-01-26,8,8,True,toward_benign,2017.0,2026.0
706005,FRAS1,NM_025074.7(FRAS1):c.8973G>A (p.Thr2991=),,single nucleotide variant,synonymous variant,Benign,"criteria provided, multiple submitters, no conflicts",LB,2020-03-13,B,2026-01-31,3,3,True,toward_benign,2020.0,2026.0
754825,FRAS1,NM_025074.7(FRAS1):c.9228C>T (p.Thr3076=),,single nucleotide variant,synonymous variant,Benign/Likely benign,"criteria provided, multiple submitters, no conflicts",LB,2019-03-26,B,2026-01-13,3,3,True,toward_benign,2019.0,2026.0
914320,FREM1,NM_001379081.2(FREM1):c.1329C>T (p.Asp443=),,single nucleotide variant,synonymous variant|non-coding transcript variant,Benign/Likely benign,"criteria provided, multiple submitters, no conflicts",LB,2018-01-13,B,2025-08-10,2,2,True,toward_benign,2018.0,2025.0
285269,FREM1,NM_001379081.2(FREM1):c.1464C>T (p.Ser488=),,single nucleotide variant,synonymous variant|non-coding transcript variant,Benign/Likely benign,"criteria provided, multiple submitters, no conflicts",LB,2016-01-27,B,2025-12-25,5,5,True,toward_benign,2016.0,2025.0
793480,FREM1,NM_001379081.2(FREM1):c.1492C>T (p.Arg498Trp),R498W,single nucleotide variant,missense variant|non-coding transcript variant,Benign/Likely benign,"criteria provided, multiple submitters, no conflicts",LB,2018-01-13,B,2025-04-12,3,3,True,toward_benign,2018.0,2025.0
1632289,FREM1,NM_001379081.2(FREM1):c.2337+19A>G,,single nucleotide variant,intron variant,Benign/Likely benign,"criteria provided, multiple submitters, no conflicts",LB,2021-09-28,B,2026-01-01,2,2,True,toward_benign,2021.0,2026.0
2889908,FREM1,NM_001379081.2(FREM1):c.3330G>A (p.Arg1110=),,single nucleotide variant,synonymous variant|non-coding transcript variant,Benign,"criteria provided, single submitter",LB,2019-02-22,B,2024-09-27,2,2,True,toward_benign,2019.0,2024.0
1595913,FREM1,NM_001379081.2(FREM1):c.3472-20T>C,,single nucleotide variant,intron variant,Benign/Likely benign,"criteria provided, multiple submitters, no conflicts",LB,2022-02-17,B,2026-02-01,3,3,True,toward_benign,2022.0,2026.0
737325,FREM1,NM_001379081.2(FREM1):c.4563C>A (p.Ala1521=),,single nucleotide variant,synonymous variant|non-coding transcript variant,Benign/Likely benign,"criteria provided, multiple submitters, no conflicts",LB,2019-06-20,B,2025-11-11,3,3,True,toward_benign,2019.0,2025.0
2080859,FREM1,NM_001379081.2(FREM1):c.459G>T (p.Ala153=),,single nucleotide variant,synonymous variant|non-coding transcript variant,Benign/Likely benign,"criteria provided, multiple submitters, no conflicts",LB,2024-01-02,B,2025-09-13,3,3,True,toward_benign,2024.0,2025.0
912681,FREM1,NM_001379081.2(FREM1):c.4941C>T (p.Tyr1647=),,single nucleotide variant,synonymous variant|non-coding transcript variant,Benign/Likely benign,"criteria provided, multiple submitters, no conflicts",LB,2018-01-12,B,2026-01-25,3,3,True,toward_benign,2018.0,2026.0
1656811,FREM1,NM_001379081.2(FREM1):c.5049C>T (p.Asn1683=),,single nucleotide variant,synonymous variant|non-coding transcript variant,Benign/Likely benign,"criteria provided, multiple submitters, no conflicts",LB,2021-07-19,B,2025-10-21,2,2,True,toward_benign,2021.0,2025.0
914644,FREM1,NM_001379081.2(FREM1):c.5205-14C>T,,single nucleotide variant,intron variant,Benign/Likely benign,"criteria provided, multiple submitters, no conflicts",LB,2018-01-12,B,2025-12-28,3,3,True,toward_benign,2018.0,2025.0
722602,FREM1,NM_001379081.2(FREM1):c.5329A>G (p.Ile1777Val),"I313V, I1777V",single nucleotide variant,missense variant|non-coding transcript variant,Benign/Likely benign,"criteria provided, multiple submitters, no conflicts",LB,2025-03-05,B,2025-12-26,3,3,True,toward_benign,2025.0,2025.0
1632347,FREM1,NM_001379081.2(FREM1):c.5335-11del,,Deletion,intron variant,Benign/Likely benign,"criteria provided, multiple submitters, no conflicts",LB,2021-07-23,B,2025-06-12,2,2,True,toward_benign,2021.0,2025.0
726972,FREM1,NM_001379081.2(FREM1):c.6279A>G (p.Val2093=),I541V,single nucleotide variant,synonymous variant|missense variant|non-coding transcript variant,Benign/Likely benign,"criteria provided, multiple submitters, no conflicts",LB,2018-01-13,B,2026-01-02,3,3,True,toward_benign,2018.0,2026.0
2711736,FREM1,NM_001379081.2(FREM1):c.6474G>A (p.Gly2158=),,single nucleotide variant,synonymous variant|3 prime UTR variant|non-coding transcript variant,Benign,"criteria provided, single submitter",LB,2023-05-01,B,2025-06-17,2,2,True,toward_benign,2023.0,2025.0
366099,FREM1,NM_001379081.2(FREM1):c.6528C>T (p.Ser2176=),,single nucleotide variant,synonymous variant|3 prime UTR variant|non-coding transcript variant,Benign/Likely benign,"criteria provided, multiple submitters, no conflicts",LB,2018-01-12,B,2026-01-16,4,4,True,toward_benign,2018.0,2026.0
312083,FREM2,NM_207361.6(FREM2):c.*3731A>C,,single nucleotide variant,3 prime UTR variant,Benign/Likely benign,"criteria provided, multiple submitters, no conflicts",LB,2018-01-13,B,2023-05-01,2,2,True,toward_benign,2018.0,2023.0
2905814,FREM2,NM_207361.6(FREM2):c.1122T>A (p.Asp374Glu),D374E,single nucleotide variant,missense variant,Benign,"criteria provided, single submitter",LB,2023-10-13,B,2026-01-24,2,2,True,toward_benign,2023.0,2026.0
501390,FREM2,NM_207361.6(FREM2):c.2180G>A (p.Arg727His),R727H,single nucleotide variant,missense variant,Benign/Likely benign,"criteria provided, multiple submitters, no conflicts",LB,2017-04-27,B,2026-01-07,4,4,True,toward_benign,2017.0,2026.0
311971,FREM2,NM_207361.6(FREM2):c.4031G>A (p.Arg1344His),R1344H,single nucleotide variant,missense variant,Benign/Likely benign,"criteria provided, multiple submitters, no conflicts",LB,2018-01-13,B,2026-02-04,14,14,True,toward_benign,2018.0,2026.0
311977,FREM2,NM_207361.6(FREM2):c.4319C>A (p.Thr1440Lys),T1440K,single nucleotide variant,missense variant,Benign/Likely benign,"criteria provided, multiple submitters, no conflicts",LB,2018-01-13,B,2026-02-04,5,5,True,toward_benign,2018.0,2026.0
702098,FREM2,NM_207361.6(FREM2):c.5109C>T (p.Ala1703=),,single nucleotide variant,synonymous variant,Benign/Likely benign,"criteria provided, multiple submitters, no conflicts",LB,2018-01-13,B,2026-02-04,4,4,True,toward_benign,2018.0,2026.0
1600809,FREM2,NM_207361.6(FREM2):c.5264-19T>G,,single nucleotide variant,intron variant,Benign/Likely benign,"criteria provided, multiple submitters, no conflicts",LB,2021-07-23,B,2026-01-28,2,2,True,toward_benign,2021.0,2026.0
702387,FREM2,NM_207361.6(FREM2):c.5544G>A (p.Glu1848=),,single nucleotide variant,synonymous variant,Benign/Likely benign,"criteria provided, multiple submitters, no conflicts",LB,2021-10-11,B,2026-01-28,2,2,True,toward_benign,2021.0,2026.0
311996,FREM2,NM_207361.6(FREM2):c.5642-12T>C,,single nucleotide variant,intron variant,Benign/Likely benign,"criteria provided, multiple submitters, no conflicts",LB,2018-01-13,B,2026-02-04,3,3,True,toward_benign,2018.0,2026.0
740519,FREM2,NM_207361.6(FREM2):c.714G>A (p.Gln238=),,single nucleotide variant,synonymous variant,Benign/Likely benign,"criteria provided, multiple submitters, no conflicts",LB,2021-08-16,B,2026-01-24,3,3,True,toward_benign,2021.0,2026.0
729285,FREM2,NM_207361.6(FREM2):c.7359G>A (p.Val2453=),,single nucleotide variant,synonymous variant,Benign/Likely benign,"criteria provided, multiple submitters, no conflicts",LB,2021-11-30,B,2026-01-19,2,2,True,toward_benign,2021.0,2026.0
1539234,FREM2,NM_207361.6(FREM2):c.7520-16_7520-15insGT,,Insertion,intron variant,Benign/Likely benign,"criteria provided, multiple submitters, no conflicts",LB,2021-12-17,B,2026-02-01,2,2,True,toward_benign,2021.0,2026.0
312017,FREM2,NM_207361.6(FREM2):c.7520-5del,,Deletion,intron variant,Benign/Likely benign,"criteria provided, multiple submitters, no conflicts",LB,2021-08-11,B,2026-01-28,2,2,True,toward_benign,2021.0,2026.0
194804,FREM2,NM_207361.6(FREM2):c.8100T>G (p.Leu2700=),,single nucleotide variant,synonymous variant,Benign/Likely benign,"criteria provided, multiple submitters, no conflicts",LB,2016-12-29,B,2026-01-26,4,4,True,toward_benign,2016.0,2026.0
312039,FREM2,NM_207361.6(FREM2):c.9282A>C (p.Pro3094=),,single nucleotide variant,synonymous variant,Benign/Likely benign,"criteria provided, multiple submitters, no conflicts",LB,2018-01-13,B,2026-01-28,2,2,True,toward_benign,2018.0,2026.0
289291,FREM2,NM_207361.6(FREM2):c.9337A>G (p.Thr3113Ala),T3113A,single nucleotide variant,missense variant,Benign/Likely benign,"criteria provided, multiple submitters, no conflicts",LB,2016-08-04,B,2026-01-26,3,3,True,toward_benign,2016.0,2026.0
1215689,GATA3,NM_001002295.2(GATA3):c.1050+19G>A,,single nucleotide variant,intron variant,Benign/Likely benign,"criteria provided, multiple submitters, no conflicts",LB,2020-09-08,B,2025-12-08,4,4,True,toward_benign,2020.0,2025.0
1190298,GATA3,NM_001002295.2(GATA3):c.330C>T (p.Ser110=),,single nucleotide variant,synonymous variant,Benign/Likely benign,"criteria provided, multiple submitters, no conflicts",LB,2021-06-24,B,2026-01-28,3,3,True,toward_benign,2021.0,2026.0
513653,GATA3,NM_001002295.2(GATA3):c.480C>T (p.Asp160=),,single nucleotide variant,synonymous variant,Benign/Likely benign,"criteria provided, multiple submitters, no conflicts",LB,2020-11-04,B,2025-11-12,4,4,True,toward_benign,2020.0,2025.0
1962791,GATA3,NM_001002295.2(GATA3):c.69C>T (p.His23=),,single nucleotide variant,synonymous variant,Benign,"criteria provided, single submitter",LB,2019-03-26,B,2025-09-07,2,2,True,toward_benign,2019.0,2025.0
497434,GRIP1,NM_001366722.1(GRIP1):c.1199-7C>G,,single nucleotide variant,intron variant,Benign/Likely benign,"criteria provided, multiple submitters, no conflicts",LB,2016-10-05,B,2026-02-02,5,5,True,toward_benign,2016.0,2026.0
310309,GRIP1,NM_001366722.1(GRIP1):c.1389G>A (p.Gly463=),,single nucleotide variant,synonymous variant,Benign/Likely benign,"criteria provided, multiple submitters, no conflicts",LB,2018-01-13,B,2026-01-27,3,3,True,toward_benign,2018.0,2026.0
881238,GRIP1,NM_001366722.1(GRIP1):c.1687+12T>C,,single nucleotide variant,intron variant,Benign/Likely benign,"criteria provided, multiple submitters, no conflicts",LB,2018-01-13,B,2026-02-01,3,3,True,toward_benign,2018.0,2026.0
794069,GRIP1,NM_001366722.1(GRIP1):c.1688-3T>C,,single nucleotide variant,intron variant,Benign/Likely benign,"criteria provided, multiple submitters, no conflicts",LB,2018-01-13,B,2026-01-28,3,3,True,toward_benign,2018.0,2026.0
310306,GRIP1,NM_001366722.1(GRIP1):c.1787C>G (p.Pro596Arg),"P544R, P570R, P596R, P569R",single nucleotide variant,missense variant,Benign/Likely benign,"criteria provided, multiple submitters, no conflicts",LB,2018-01-13,B,2026-01-21,3,3,True,toward_benign,2018.0,2026.0
310304,GRIP1,NM_001366722.1(GRIP1):c.2283G>A (p.Ser761=),,single nucleotide variant,synonymous variant,Benign/Likely benign,"criteria provided, multiple submitters, no conflicts",LB,2018-01-13,B,2026-01-29,8,8,True,toward_benign,2018.0,2026.0
194984,GRIP1,NM_001366722.1(GRIP1):c.2606G>A (p.Arg869Gln),"R817Q, R843Q, R842Q, R869Q",single nucleotide variant,missense variant,Benign/Likely benign,"criteria provided, multiple submitters, no conflicts",LB,2014-10-20,B,2026-02-01,6,6,True,toward_benign,2014.0,2026.0
2913442,GRIP1,NM_001366722.1(GRIP1):c.273-9A>G,,single nucleotide variant,intron variant,Benign,"criteria provided, single submitter",LB,2021-09-01,B,2026-01-24,2,2,True,toward_benign,2021.0,2026.0
883642,GRIP1,NM_001366722.1(GRIP1):c.418+14C>A,,single nucleotide variant,intron variant,Benign/Likely benign,"criteria provided, multiple submitters, no conflicts",LB,2018-01-12,B,2026-02-01,3,3,True,toward_benign,2018.0,2026.0
36841,HNF1B,NM_000458.4(HNF1B):c.1413C>T (p.Pro471=),,single nucleotide variant,synonymous variant|intron variant,Benign/Likely benign,"criteria provided, multiple submitters, no conflicts",LB,2016-06-19,B,2026-01-28,15,14,True,toward_benign,2016.0,2026.0
322945,HNF1B,NM_000458.4(HNF1B):c.1474G>A (p.Gly492Ser),"G492S, G466S",single nucleotide variant,missense variant|intron variant,Benign/Likely benign,"criteria provided, multiple submitters, no conflicts",LB,2017-04-28,B,2025-12-22,7,7,True,toward_benign,2017.0,2025.0
1536561,HNF1B,NM_000458.4(HNF1B):c.544+14T>A,,single nucleotide variant,intron variant,Benign/Likely benign,"criteria provided, multiple submitters, no conflicts",LB,2021-12-29,B,2026-01-12,3,3,True,toward_benign,2021.0,2026.0
377967,HNF1B,NM_000458.4(HNF1B):c.948C>T (p.Asp316=),,single nucleotide variant,synonymous variant,Benign/Likely benign,"criteria provided, multiple submitters, no conflicts",LB,2016-11-02,B,2024-12-06,5,5,True,toward_benign,2016.0,2024.0
36855,HNF1B,NM_000458.4(HNF1B):c.951C>G (p.Ala317=),,single nucleotide variant,synonymous variant,Benign/Likely benign,"criteria provided, multiple submitters, no conflicts",LB,2016-01-21,B,2026-01-06,8,8,True,toward_benign,2016.0,2026.0
1616155,HPSE2,NM_021828.5(HPSE2):c.1154C>T (p.Thr385Ile),"T273I, T327I, T385I",single nucleotide variant,missense variant,Benign/Likely benign,"criteria provided, multiple submitters, no conflicts",LB,2022-02-01,B,2025-11-02,2,2,True,toward_benign,2022.0,2025.0
728157,HPSE2,NM_021828.5(HPSE2):c.1194T>C (p.Ala398=),,single nucleotide variant,synonymous variant,Benign/Likely benign,"criteria provided, multiple submitters, no conflicts",LB,2021-07-18,B,2025-10-13,3,3,True,toward_benign,2021.0,2025.0
729497,HPSE2,NM_021828.5(HPSE2):c.1476C>T (p.Tyr492=),,single nucleotide variant,synonymous variant,Benign/Likely benign,"criteria provided, multiple submitters, no conflicts",LB,2021-11-04,B,2025-12-11,2,2,True,toward_benign,2021.0,2025.0
715582,HPSE2,NM_021828.5(HPSE2):c.1618G>C (p.Val540Leu),"V428L, V482L, V540L",single nucleotide variant,missense variant|3 prime UTR variant,Benign/Likely benign,"criteria provided, multiple submitters, no conflicts",LB,2023-04-01,B,2025-12-25,3,3,True,toward_benign,2023.0,2025.0
730903,HPSE2,NM_021828.5(HPSE2):c.273C>A (p.Gly91=),,single nucleotide variant,synonymous variant,Benign/Likely benign,"criteria provided, multiple submitters, no conflicts",LB,2021-10-11,B,2025-10-09,3,3,True,toward_benign,2021.0,2025.0
784210,HPSE2,NM_021828.5(HPSE2):c.290+7C>T,,single nucleotide variant,intron variant,Benign/Likely benign,"criteria provided, multiple submitters, no conflicts",LB,2020-07-08,B,2026-01-24,5,5,True,toward_benign,2020.0,2026.0
716933,HPSE2,NM_021828.5(HPSE2):c.573G>A (p.Glu191=),,single nucleotide variant,synonymous variant|intron variant,Benign/Likely benign,"criteria provided, multiple submitters, no conflicts",LB,2019-04-15,B,2025-11-04,3,3,True,toward_benign,2019.0,2025.0
445627,HPSE2,NM_021828.5(HPSE2):c.943G>A (p.Ala315Thr),"A315T, A203T, A257T",single nucleotide variant,missense variant,Benign/Likely benign,"criteria provided, multiple submitters, no conflicts",LB,2017-05-30,B,2026-01-27,4,4,True,toward_benign,2017.0,2026.0
1601627,ITGA8,NM_003638.3(ITGA8):c.1400-11G>A,,single nucleotide variant,intron variant,Benign/Likely benign,"criteria provided, multiple submitters, no conflicts",LB,2021-10-28,B,2026-01-16,3,3,True,toward_benign,2021.0,2026.0
2066145,ITGA8,NM_003638.3(ITGA8):c.1455G>A (p.Pro485=),,single nucleotide variant,synonymous variant,Benign,"criteria provided, single submitter",LB,2019-10-28,B,2025-08-28,2,2,True,toward_benign,2019.0,2025.0
781193,ITGA8,NM_003638.3(ITGA8):c.1936C>T (p.Leu646=),,single nucleotide variant,synonymous variant,Benign/Likely benign,"criteria provided, multiple submitters, no conflicts",LB,2025-03-01,B,2026-01-06,3,3,True,toward_benign,2025.0,2026.0
781192,ITGA8,NM_003638.3(ITGA8):c.2803G>A (p.Ala935Thr),"A935T, A920T",single nucleotide variant,missense variant,Benign/Likely benign,"criteria provided, multiple submitters, no conflicts",LB,2021-08-17,B,2026-01-10,2,2,True,toward_benign,2021.0,2026.0
779107,ITGA8,NM_003638.3(ITGA8):c.2977A>G (p.Ile993Val),"I978V, I993V",single nucleotide variant,missense variant,Benign/Likely benign,"criteria provided, multiple submitters, no conflicts",LB,2021-07-07,B,2026-02-03,3,3,True,toward_benign,2021.0,2026.0
783031,ITGA8,NM_003638.3(ITGA8):c.483G>A (p.Pro161=),,single nucleotide variant,synonymous variant,Benign/Likely benign,"criteria provided, multiple submitters, no conflicts",LB,2023-11-01,B,2025-12-23,3,3,True,toward_benign,2023.0,2025.0
379291,KAL1,NM_000216.4(ANOS1):c.1283C>T (p.Pro428Leu),P428L,single nucleotide variant,missense variant,Benign/Likely benign,"criteria provided, multiple submitters, no conflicts",LB,2015-04-23,B,2026-01-18,3,3,True,toward_benign,2015.0,2026.0
703312,KAL1,NM_000216.4(ANOS1):c.1419C>T (p.Thr473=),,single nucleotide variant,synonymous variant,Benign/Likely benign,"criteria provided, multiple submitters, no conflicts",LB,2021-12-08,B,2025-07-17,2,2,True,toward_benign,2021.0,2025.0
463526,KAL1,NM_000216.4(ANOS1):c.1627G>A (p.Val543Ile),V543I,single nucleotide variant,missense variant,Benign/Likely benign,"criteria provided, multiple submitters, no conflicts",LB,2020-06-30,B,2026-01-06,2,2,True,toward_benign,2020.0,2026.0
2659944,KAL1,NM_000216.4(ANOS1):c.1698C>T (p.Thr566=),,single nucleotide variant,synonymous variant,Benign/Likely benign,"criteria provided, multiple submitters, no conflicts",LB,2022-04-01,B,2025-08-18,3,3,True,toward_benign,2022.0,2025.0
705404,KAL1,NM_000216.4(ANOS1):c.1745T>C (p.Met582Thr),M582T,single nucleotide variant,missense variant,Benign/Likely benign,"criteria provided, multiple submitters, no conflicts",LB,2021-08-17,B,2025-06-12,2,2,True,toward_benign,2021.0,2025.0
516123,KAL1,NM_000216.4(ANOS1):c.1759G>T (p.Val587Leu),V587L,single nucleotide variant,missense variant,Benign/Likely benign,"criteria provided, multiple submitters, no conflicts",LB,2021-03-04,B,2026-02-01,8,8,True,toward_benign,2021.0,2026.0
702837,KAL1,NM_000216.4(ANOS1):c.264G>A (p.Glu88=),,single nucleotide variant,synonymous variant,Benign/Likely benign,"criteria provided, multiple submitters, no conflicts",LB,2022-02-23,B,2025-01-24,2,2,True,toward_benign,2022.0,2025.0
389515,KAL1,NM_000216.4(ANOS1):c.463A>G (p.Asn155Asp),N155D,single nucleotide variant,missense variant,Benign/Likely benign,"criteria provided, multiple submitters, no conflicts",LB,2016-09-21,B,2025-11-23,2,2,True,toward_benign,2016.0,2025.0
695249,KAL1,NM_000216.4(ANOS1):c.618G>A (p.Ser206=),,single nucleotide variant,synonymous variant,Benign/Likely benign,"criteria provided, multiple submitters, no conflicts",LB,2021-08-31,B,2026-02-01,3,3,True,toward_benign,2021.0,2026.0
1695281,KAL1,NM_000216.4(ANOS1):c.723C>A (p.Ala241=),,single nucleotide variant,synonymous variant,Benign/Likely benign,"criteria provided, multiple submitters, no conflicts",LB,2022-04-20,B,2024-09-08,4,4,True,toward_benign,2022.0,2024.0
704319,KAL1,NM_000216.4(ANOS1):c.911A>G (p.Asn304Ser),N304S,single nucleotide variant,missense variant,Benign,"criteria provided, single submitter",LB,2023-05-09,B,2025-06-12,2,2,True,toward_benign,2023.0,2025.0
2659946,KAL1,NM_000216.4(ANOS1):c.963G>A (p.Pro321=),,single nucleotide variant,synonymous variant,Benign/Likely benign,"criteria provided, multiple submitters, no conflicts",LB,2022-07-01,B,2025-05-06,2,2,True,toward_benign,2022.0,2025.0
1169662,PAX2,NM_000278.5(PAX2):c.1021+193G>A,,single nucleotide variant,intron variant|synonymous variant,Benign,"criteria provided, single submitter",LB,2022-11-06,B,2025-12-02,2,2,True,toward_benign,2022.0,2025.0
1534616,PAX2,NM_000278.5(PAX2):c.212+12G>A,,single nucleotide variant,intron variant,Benign/Likely benign,"criteria provided, multiple submitters, no conflicts",LB,2022-04-22,B,2022-09-01,2,2,True,toward_benign,2022.0,2022.0
707348,PAX2,NM_000278.5(PAX2):c.213-8C>T,,single nucleotide variant,intron variant,Benign/Likely benign,"criteria provided, multiple submitters, no conflicts",LB,2020-03-27,B,2025-12-24,3,3,True,toward_benign,2020.0,2025.0
772959,PAX2,NM_000278.5(PAX2):c.819G>C (p.Leu273=),,single nucleotide variant,synonymous variant,Benign/Likely benign,"criteria provided, multiple submitters, no conflicts",LB,2021-08-05,B,2025-12-29,3,3,True,toward_benign,2021.0,2025.0
1164491,PAX2,NM_000278.5(PAX2):c.963C>T (p.His321=),,single nucleotide variant,synonymous variant,Benign/Likely benign,"criteria provided, multiple submitters, no conflicts",LB,2021-09-29,B,2026-01-01,2,2,True,toward_benign,2021.0,2026.0
2066164,REN,NM_000537.4(REN):c.1009C>T (p.His337Tyr),H337Y,single nucleotide variant,missense variant,Benign,"criteria provided, single submitter",LB,2023-12-29,B,2025-09-20,2,2,True,toward_benign,2023.0,2025.0
294959,REN,NM_000537.4(REN):c.492+3A>G,,single nucleotide variant,intron variant,Benign/Likely benign,"criteria provided, multiple submitters, no conflicts",LB,2017-02-13,B,2026-02-01,7,6,True,toward_benign,2017.0,2026.0
294956,REN,NM_000537.4(REN):c.649G>A (p.Gly217Arg),G217R,single nucleotide variant,missense variant,Benign/Likely benign,"criteria provided, multiple submitters, no conflicts",LB,2016-12-12,B,2026-02-03,6,5,True,toward_benign,2016.0,2026.0
2081850,REN,NM_000537.4(REN):c.819-10C>A,,single nucleotide variant,intron variant,Benign,"criteria provided, single submitter",LB,2022-02-28,B,2025-11-27,2,2,True,toward_benign,2022.0,2025.0
1599136,REN,NM_000537.4(REN):c.819-45TCTG[11],,Microsatellite,intron variant,Benign/Likely benign,"criteria provided, multiple submitters, no conflicts",LB,2021-07-21,B,2026-02-02,2,2,True,toward_benign,2021.0,2026.0
299936,RET,NM_020975.6(RET):c.*1583G>A,,single nucleotide variant,3 prime UTR variant,Benign/Likely benign,"criteria provided, single submitter",LB,2018-01-13,B,2018-01-13,4,1,True,toward_benign,2018.0,2018.0
13954,RET,NM_020975.6(RET):c.*1969T>C,,single nucleotide variant,3 prime UTR variant,Benign/Likely benign,"criteria provided, multiple submitters, no conflicts",LB,2017-04-27,B,2021-05-15,8,5,True,toward_benign,2017.0,2021.0
2915865,RET,NM_020975.6(RET):c.1011G>A (p.Glu337=),,single nucleotide variant,synonymous variant|intron variant,Benign/Likely benign,"criteria provided, multiple submitters, no conflicts",LB,2022-11-09,B,2025-02-25,3,3,True,toward_benign,2022.0,2025.0
241332,RET,NM_020975.6(RET):c.1050C>T (p.Thr350=),,single nucleotide variant,synonymous variant|intron variant,Benign/Likely benign,"criteria provided, multiple submitters, no conflicts",LB,2016-06-27,B,2026-01-26,8,8,True,toward_benign,2016.0,2026.0
1778745,RET,NM_020975.6(RET):c.1056T>C (p.His352=),,single nucleotide variant,synonymous variant|intron variant,Benign/Likely benign,"criteria provided, multiple submitters, no conflicts",LB,2022-03-29,B,2025-02-25,4,4,True,toward_benign,2022.0,2025.0
188268,RET,NM_020975.6(RET):c.1118C>T (p.Ala373Val),"A373V, A119V, A330V, A43V, A131V, A277V, A227V",single nucleotide variant,missense variant,Benign/Likely benign,"criteria provided, multiple submitters, no conflicts",LB,2015-06-09,B,2026-01-07,11,10,True,toward_benign,2015.0,2026.0
184610,RET,NM_020975.6(RET):c.1197G>A (p.Pro399=),,single nucleotide variant,synonymous variant|intron variant,Benign/Likely benign,"criteria provided, multiple submitters, no conflicts",LB,2016-09-06,B,2026-02-03,14,12,True,toward_benign,2016.0,2026.0
1166918,RET,NM_020975.6(RET):c.1264-4dup,,Duplication,intron variant,Benign/Likely benign,"criteria provided, multiple submitters, no conflicts",LB,2024-06-19,B,2025-05-01,2,2,True,toward_benign,2024.0,2025.0
136100,RET,NM_020975.6(RET):c.1437C>T (p.Ala479=),,single nucleotide variant,synonymous variant|intron variant,Benign/Likely benign,"criteria provided, multiple submitters, no conflicts",LB,2015-01-16,B,2026-02-03,9,8,True,toward_benign,2015.0,2026.0
299893,RET,NM_020975.6(RET):c.1523-7C>T,,single nucleotide variant,intron variant,Benign/Likely benign,"criteria provided, multiple submitters, no conflicts",LB,2018-01-13,B,2026-02-02,12,9,True,toward_benign,2018.0,2026.0
543766,RET,NM_020975.6(RET):c.1548C>A (p.Pro516=),,single nucleotide variant,synonymous variant,Benign/Likely benign,"criteria provided, multiple submitters, no conflicts",LB,2020-11-27,B,2025-02-25,3,3,True,toward_benign,2020.0,2025.0
1776263,RET,NM_020975.6(RET):c.1605C>T (p.Gly535=),,single nucleotide variant,synonymous variant,Benign/Likely benign,"criteria provided, multiple submitters, no conflicts",LB,2021-06-29,B,2025-02-25,3,3,True,toward_benign,2021.0,2025.0
1777104,RET,NM_020975.6(RET):c.1644C>G (p.Gly548=),,single nucleotide variant,synonymous variant,Benign/Likely benign,"criteria provided, multiple submitters, no conflicts",LB,2020-01-24,B,2025-02-25,4,4,True,toward_benign,2020.0,2025.0
24889,RET,NM_020975.6(RET):c.1760-12G>A,,single nucleotide variant,intron variant,Benign/Likely benign,"criteria provided, multiple submitters, no conflicts",LB,2018-01-04,B,2026-03-04,6,6,True,toward_benign,2018.0,2026.0
1779883,RET,NM_020975.6(RET):c.1776G>C (p.Gly592=),,single nucleotide variant,synonymous variant|intron variant,Benign/Likely benign,"criteria provided, multiple submitters, no conflicts",LB,2022-05-09,B,2025-02-26,2,2,True,toward_benign,2022.0,2025.0
755481,RET,NM_020975.6(RET):c.1803G>A (p.Gly601=),,single nucleotide variant,synonymous variant|intron variant,Benign/Likely benign,"criteria provided, multiple submitters, no conflicts",LB,2023-05-15,B,2025-02-26,3,3,True,toward_benign,2023.0,2025.0
2561474,RET,NM_020975.6(RET):c.1824C>A (p.Thr608=),,single nucleotide variant,synonymous variant|intron variant,Benign/Likely benign,"criteria provided, multiple submitters, no conflicts",LB,2023-05-14,B,2025-02-26,3,3,True,toward_benign,2023.0,2025.0
3670867,RET,NM_020975.6(RET):c.1836C>T (p.Phe612=),,single nucleotide variant,synonymous variant|intron variant,Benign/Likely benign,"criteria provided, multiple submitters, no conflicts",LB,2024-11-03,B,2025-02-26,2,2,True,toward_benign,2024.0,2025.0
413453,RET,NM_020975.6(RET):c.1848G>A (p.Glu616=),,single nucleotide variant,synonymous variant|intron variant,Benign/Likely benign,"criteria provided, multiple submitters, no conflicts",LB,2021-06-28,B,2025-02-26,3,3,True,toward_benign,2021.0,2025.0
3788338,RET,NM_020975.6(RET):c.1854C>T (p.Cys618=),,single nucleotide variant,synonymous variant|intron variant,Benign/Likely benign,"criteria provided, multiple submitters, no conflicts",LB,2025-02-08,B,2025-02-26,2,2,True,toward_benign,2025.0,2025.0
372086,RET,NM_020975.6(RET):c.1879+17C>T,,single nucleotide variant,intron variant,Benign/Likely benign,"criteria provided, multiple submitters, no conflicts",LB,2016-07-28,B,2026-01-24,4,3,True,toward_benign,2016.0,2026.0
1559983,RET,NM_020975.6(RET):c.1880-16C>T,,single nucleotide variant,intron variant,Benign/Likely benign,"criteria provided, multiple submitters, no conflicts",LB,2025-02-26,B,2025-11-18,2,2,True,toward_benign,2025.0,2025.0
1781969,RET,NM_020975.6(RET):c.1885C>T (p.Leu629=),,single nucleotide variant,synonymous variant|intron variant,Benign/Likely benign,"criteria provided, multiple submitters, no conflicts",LB,2021-02-12,B,2025-02-26,2,2,True,toward_benign,2021.0,2025.0
1782223,RET,NM_020975.6(RET):c.1899G>A (p.Leu633=),,single nucleotide variant,synonymous variant|intron variant,Benign/Likely benign,"criteria provided, multiple submitters, no conflicts",LB,2021-10-04,B,2025-02-26,3,3,True,toward_benign,2021.0,2025.0
3227517,RET,NM_020975.6(RET):c.1911G>A (p.Val637=),,single nucleotide variant,synonymous variant|intron variant,Benign/Likely benign,"criteria provided, multiple submitters, no conflicts",LB,2024-01-19,B,2025-02-26,2,2,True,toward_benign,2024.0,2025.0
1108930,RET,NM_020975.6(RET):c.1911G>T (p.Val637=),,single nucleotide variant,synonymous variant|intron variant,Benign/Likely benign,"criteria provided, multiple submitters, no conflicts",LB,2022-08-07,B,2025-02-26,3,3,True,toward_benign,2022.0,2025.0
760115,RET,NM_020975.6(RET):c.1956G>A (p.Leu652=),,single nucleotide variant,synonymous variant|intron variant,Benign/Likely benign,"criteria provided, multiple submitters, no conflicts",LB,2022-04-04,B,2025-02-26,4,4,True,toward_benign,2022.0,2025.0
1783802,RET,NM_020975.6(RET):c.1980C>T (p.Tyr660=),,single nucleotide variant,synonymous variant|intron variant,Benign/Likely benign,"criteria provided, multiple submitters, no conflicts",LB,2019-08-24,B,2025-02-26,2,2,True,toward_benign,2019.0,2025.0
1537924,RET,NM_020975.6(RET):c.1986G>A (p.Lys662=),,single nucleotide variant,synonymous variant|intron variant,Benign/Likely benign,"criteria provided, multiple submitters, no conflicts",LB,2021-10-03,B,2025-02-26,3,3,True,toward_benign,2021.0,2025.0
1784042,RET,NM_020975.6(RET):c.1995C>T (p.His665=),,single nucleotide variant,synonymous variant|intron variant,Benign/Likely benign,"criteria provided, multiple submitters, no conflicts",LB,2022-07-11,B,2025-02-26,2,2,True,toward_benign,2022.0,2025.0
2165108,RET,NM_020975.6(RET):c.1998G>A (p.Lys666=),,single nucleotide variant,synonymous variant|intron variant,Benign/Likely benign,"criteria provided, multiple submitters, no conflicts",LB,2024-05-18,B,2025-02-26,2,2,True,toward_benign,2024.0,2025.0
1784634,RET,NM_020975.6(RET):c.2025C>G (p.Thr675=),,single nucleotide variant,synonymous variant,Benign/Likely benign,"criteria provided, multiple submitters, no conflicts",LB,2020-11-01,B,2025-02-26,2,2,True,toward_benign,2020.0,2025.0
136107,RET,NM_020975.6(RET):c.2037C>T (p.Pro679=),,single nucleotide variant,synonymous variant,Benign/Likely benign,"criteria provided, multiple submitters, no conflicts",LB,2015-06-14,B,2026-02-03,16,12,True,toward_benign,2015.0,2026.0
2982610,RET,NM_020975.6(RET):c.2040C>T (p.Ala680=),,single nucleotide variant,synonymous variant,Benign/Likely benign,"criteria provided, multiple submitters, no conflicts",LB,2024-12-22,B,2025-02-26,2,2,True,toward_benign,2024.0,2025.0
2454154,RET,NM_020975.6(RET):c.2052G>T (p.Pro684=),,single nucleotide variant,synonymous variant,Benign/Likely benign,"criteria provided, multiple submitters, no conflicts",LB,2023-02-28,B,2025-02-26,2,2,True,toward_benign,2023.0,2025.0
1126022,RET,NM_020975.6(RET):c.2073T>C (p.Gly691=),,single nucleotide variant,synonymous variant,Benign/Likely benign,"criteria provided, multiple submitters, no conflicts",LB,2020-06-16,B,2025-02-26,3,3,True,toward_benign,2020.0,2025.0
241344,RET,NM_020975.6(RET):c.2085C>G (p.Pro695=),,single nucleotide variant,synonymous variant,Benign/Likely benign,"criteria provided, multiple submitters, no conflicts",LB,2020-05-22,B,2025-02-26,3,3,True,toward_benign,2020.0,2025.0
820691,RET,NM_020975.6(RET):c.2088G>T (p.Ser696=),,single nucleotide variant,synonymous variant,Benign/Likely benign,"criteria provided, multiple submitters, no conflicts",LB,2019-08-12,B,2025-02-26,3,3,True,toward_benign,2019.0,2025.0
2733986,RET,NM_020975.6(RET):c.2133C>A (p.Ile711=),,single nucleotide variant,synonymous variant,Benign/Likely benign,"criteria provided, multiple submitters, no conflicts",LB,2023-05-27,B,2025-02-26,2,2,True,toward_benign,2023.0,2025.0
372098,RET,NM_020975.6(RET):c.2136+15G>A,,single nucleotide variant,intron variant,Benign/Likely benign,"criteria provided, multiple submitters, no conflicts",LB,2016-10-25,B,2026-01-28,5,4,True,toward_benign,2016.0,2026.0
220507,RET,NM_020975.6(RET):c.2226G>A (p.Thr742=),,single nucleotide variant,synonymous variant,Benign/Likely benign,"criteria provided, multiple submitters, no conflicts",LB,2016-03-02,B,2025-11-26,9,8,True,toward_benign,2016.0,2025.0
1201147,RET,NM_020975.6(RET):c.2284+46G>C,,single nucleotide variant,intron variant,Benign/Likely benign,"criteria provided, multiple submitters, no conflicts",LB,2018-07-20,B,2026-01-01,2,2,True,toward_benign,2018.0,2026.0
765190,RET,NM_020975.6(RET):c.2352C>T (p.His784=),,single nucleotide variant,synonymous variant,Benign/Likely benign,"criteria provided, multiple submitters, no conflicts",LB,2021-04-19,B,2025-02-26,3,3,True,toward_benign,2021.0,2025.0
1790299,RET,NM_020975.6(RET):c.2370G>A (p.Leu790=),,single nucleotide variant,synonymous variant,Benign/Likely benign,"criteria provided, multiple submitters, no conflicts",LB,2021-11-02,B,2025-02-26,3,3,True,toward_benign,2021.0,2025.0
1097116,RET,NM_020975.6(RET):c.2376G>A (p.Gly792=),,single nucleotide variant,synonymous variant,Benign/Likely benign,"criteria provided, multiple submitters, no conflicts",LB,2023-12-27,B,2025-02-26,3,3,True,toward_benign,2023.0,2025.0
219833,RET,NM_020975.6(RET):c.2393-9C>T,,single nucleotide variant,intron variant,Benign/Likely benign,"criteria provided, multiple submitters, no conflicts",LB,2017-01-27,B,2026-01-01,9,9,True,toward_benign,2017.0,2026.0
1790735,RET,NM_020975.6(RET):c.2400C>T (p.Leu800=),,single nucleotide variant,synonymous variant,Benign/Likely benign,"criteria provided, multiple submitters, no conflicts",LB,2019-12-07,B,2025-02-27,2,2,True,toward_benign,2019.0,2025.0
950459,RET,NM_020975.6(RET):c.2409C>A (p.Ile803=),,single nucleotide variant,synonymous variant,Benign/Likely benign,"criteria provided, multiple submitters, no conflicts",LB,2022-08-13,B,2025-02-27,5,5,True,toward_benign,2022.0,2025.0
241347,RET,NM_020975.6(RET):c.2427C>T (p.Tyr809=),,single nucleotide variant,synonymous variant,Benign/Likely benign,"criteria provided, multiple submitters, no conflicts",LB,2015-11-09,B,2026-01-31,8,8,True,toward_benign,2015.0,2026.0
1791242,RET,NM_020975.6(RET):c.2437C>A (p.Arg813=),,single nucleotide variant,synonymous variant,Benign/Likely benign,"criteria provided, multiple submitters, no conflicts",LB,2019-06-02,B,2025-02-27,3,3,True,toward_benign,2019.0,2025.0
1990005,RET,NM_020975.6(RET):c.2451C>A (p.Arg817=),,single nucleotide variant,synonymous variant,Benign/Likely benign,"criteria provided, multiple submitters, no conflicts",LB,2023-07-22,B,2025-02-27,3,3,True,toward_benign,2023.0,2025.0
821338,RET,NM_020975.6(RET):c.2478C>T (p.Tyr826=),,single nucleotide variant,synonymous variant,Benign/Likely benign,"criteria provided, multiple submitters, no conflicts",LB,2019-09-25,B,2025-02-27,4,4,True,toward_benign,2019.0,2025.0
480782,RET,NM_020975.6(RET):c.2479C>T (p.Leu827=),,single nucleotide variant,synonymous variant,Benign/Likely benign,"criteria provided, multiple submitters, no conflicts",LB,2016-06-10,B,2025-02-27,3,3,True,toward_benign,2016.0,2025.0
24948,RET,NM_020975.6(RET):c.2523G>A (p.Pro841=),,single nucleotide variant,synonymous variant,Benign/Likely benign,"criteria provided, multiple submitters, no conflicts",LB,2015-08-31,B,2026-01-31,10,10,True,toward_benign,2015.0,2026.0
2454128,RET,NM_020975.6(RET):c.2529G>A (p.Glu843=),,single nucleotide variant,synonymous variant,Benign/Likely benign,"criteria provided, multiple submitters, no conflicts",LB,2022-11-23,B,2025-02-27,3,3,True,toward_benign,2022.0,2025.0
24953,RET,NM_020975.6(RET):c.2535C>T (p.Ala845=),,single nucleotide variant,synonymous variant,Benign/Likely benign,"criteria provided, multiple submitters, no conflicts",LB,2022-03-30,B,2025-02-27,4,4,True,toward_benign,2022.0,2025.0
1532361,RET,NM_020975.6(RET):c.2550C>T (p.Asp850=),,single nucleotide variant,synonymous variant,Benign/Likely benign,"criteria provided, multiple submitters, no conflicts",LB,2021-07-05,B,2025-02-27,3,3,True,toward_benign,2021.0,2025.0
1097431,RET,NM_020975.6(RET):c.2553C>T (p.Leu851=),,single nucleotide variant,synonymous variant,Benign/Likely benign,"criteria provided, multiple submitters, no conflicts",LB,2022-01-18,B,2025-02-27,3,3,True,toward_benign,2022.0,2025.0
1149215,RET,NM_020975.6(RET):c.2583G>A (p.Gly861=),,single nucleotide variant,synonymous variant,Benign/Likely benign,"criteria provided, multiple submitters, no conflicts",LB,2022-09-06,B,2025-02-27,3,3,True,toward_benign,2022.0,2025.0
1120533,RET,NM_020975.6(RET):c.2598C>G (p.Ala866=),,single nucleotide variant,synonymous variant,Benign/Likely benign,"criteria provided, multiple submitters, no conflicts",LB,2020-03-09,B,2025-02-27,3,3,True,toward_benign,2020.0,2025.0
486330,RET,NM_020975.6(RET):c.2601G>A (p.Glu867=),,single nucleotide variant,synonymous variant,Benign/Likely benign,"criteria provided, multiple submitters, no conflicts",LB,2017-07-25,B,2025-02-27,3,3,True,toward_benign,2017.0,2025.0
1097859,RET,NM_020975.6(RET):c.2619G>A (p.Arg873=),,single nucleotide variant,synonymous variant,Benign/Likely benign,"criteria provided, multiple submitters, no conflicts",LB,2020-03-16,B,2025-02-27,3,3,True,toward_benign,2020.0,2025.0
1794014,RET,NM_020975.6(RET):c.2628A>G (p.Ala876=),,single nucleotide variant,synonymous variant,Benign/Likely benign,"criteria provided, multiple submitters, no conflicts",LB,2020-06-24,B,2025-02-27,4,4,True,toward_benign,2020.0,2025.0
1631219,RET,NM_020975.6(RET):c.2637C>T (p.Asn879=),,single nucleotide variant,synonymous variant,Benign/Likely benign,"criteria provided, multiple submitters, no conflicts",LB,2021-06-25,B,2025-02-27,3,3,True,toward_benign,2021.0,2025.0
1108411,RET,NM_020975.6(RET):c.2655G>A (p.Gly885=),,single nucleotide variant,synonymous variant,Benign/Likely benign,"criteria provided, multiple submitters, no conflicts",LB,2020-01-24,B,2025-02-27,3,3,True,toward_benign,2020.0,2025.0
1674103,RET,NM_020975.6(RET):c.2688C>A (p.Ser896=),,single nucleotide variant,synonymous variant,Benign/Likely benign,"criteria provided, multiple submitters, no conflicts",LB,2021-09-08,B,2025-02-27,2,2,True,toward_benign,2021.0,2025.0
1112610,RET,NM_020975.6(RET):c.2757A>G (p.Ala919=),,single nucleotide variant,synonymous variant,Benign/Likely benign,"criteria provided, multiple submitters, no conflicts",LB,2021-01-01,B,2025-02-27,3,3,True,toward_benign,2021.0,2025.0
3313688,RET,NM_020975.6(RET):c.2760T>C (p.Ile920=),,single nucleotide variant,synonymous variant,Benign/Likely benign,"criteria provided, multiple submitters, no conflicts",LB,2024-05-04,B,2025-02-27,3,3,True,toward_benign,2024.0,2025.0
2454145,RET,NM_020975.6(RET):c.2781C>T (p.Ile927=),,single nucleotide variant,synonymous variant,Benign/Likely benign,"criteria provided, multiple submitters, no conflicts",LB,2022-12-18,B,2025-02-27,3,3,True,toward_benign,2022.0,2025.0
705326,RET,NM_020975.6(RET):c.2784C>T (p.Tyr928=),,single nucleotide variant,synonymous variant,Benign/Likely benign,"criteria provided, multiple submitters, no conflicts",LB,2017-12-13,B,2025-02-27,5,5,True,toward_benign,2017.0,2025.0
1796047,RET,NM_020975.6(RET):c.2790G>T (p.Thr930=),,single nucleotide variant,synonymous variant,Benign/Likely benign,"criteria provided, multiple submitters, no conflicts",LB,2021-12-15,B,2025-02-27,2,2,True,toward_benign,2021.0,2025.0
1796116,RET,NM_020975.6(RET):c.2799T>C (p.Asp933=),,single nucleotide variant,synonymous variant,Benign/Likely benign,"criteria provided, multiple submitters, no conflicts",LB,2022-03-23,B,2025-02-27,4,4,True,toward_benign,2022.0,2025.0
132724,RET,NM_020975.6(RET):c.2976G>A (p.Pro992=),,single nucleotide variant,synonymous variant,Benign/Likely benign,"criteria provided, multiple submitters, no conflicts",LB,2015-02-23,B,2026-03-19,12,8,True,toward_benign,2015.0,2026.0
372092,RET,NM_020975.6(RET):c.337+34C>T,,single nucleotide variant,intron variant,Benign/Likely benign,"criteria provided, multiple submitters, no conflicts",LB,2016-09-07,B,2025-02-01,5,3,True,toward_benign,2016.0,2025.0
215531,RET,NM_020975.6(RET):c.468C>T (p.Ala156=),,single nucleotide variant,synonymous variant|intron variant,Benign/Likely benign,"criteria provided, multiple submitters, no conflicts",LB,2015-08-10,B,2026-02-02,8,8,True,toward_benign,2015.0,2026.0
679372,RET,NM_020975.6(RET):c.625+139C>T,,single nucleotide variant,intron variant,Benign/Likely benign,"criteria provided, multiple submitters, no conflicts",LB,2018-06-16,B,2026-01-01,2,2,True,toward_benign,2018.0,2026.0
702618,RET,NM_020975.6(RET):c.626-7T>C,,single nucleotide variant,5 prime UTR variant|intron variant,Benign/Likely benign,"criteria provided, multiple submitters, no conflicts",LB,2022-11-06,B,2025-08-30,4,4,True,toward_benign,2022.0,2025.0
220254,RET,NM_020975.6(RET):c.654G>A (p.Pro218=),,single nucleotide variant,synonymous variant|5 prime UTR variant|intron variant,Benign/Likely benign,"criteria provided, multiple submitters, no conflicts",LB,2015-01-30,B,2026-01-28,13,10,True,toward_benign,2015.0,2026.0
136123,RET,NM_020975.6(RET):c.693C>T (p.Arg231=),,single nucleotide variant,synonymous variant|5 prime UTR variant|intron variant,Benign/Likely benign,"criteria provided, multiple submitters, no conflicts",LB,2015-12-04,B,2026-01-21,7,6,True,toward_benign,2015.0,2026.0
822779,RET,NM_020975.6(RET):c.885G>A (p.Thr295=),,single nucleotide variant,synonymous variant|intron variant,Benign/Likely benign,"criteria provided, multiple submitters, no conflicts",LB,2019-10-01,B,2025-02-25,3,3,True,toward_benign,2019.0,2025.0
1610640,RET,NM_020975.6(RET):c.921A>T (p.Ser307=),,single nucleotide variant,synonymous variant|intron variant,Benign/Likely benign,"criteria provided, multiple submitters, no conflicts",LB,2022-11-11,B,2025-02-25,3,3,True,toward_benign,2022.0,2025.0
1146110,RET,NM_020975.6(RET):c.981G>A (p.Gln327=),,single nucleotide variant,synonymous variant|intron variant,Benign/Likely benign,"criteria provided, multiple submitters, no conflicts",LB,2019-01-30,B,2025-02-25,3,3,True,toward_benign,2019.0,2025.0
1768676,RET,NM_020975.6(RET):c.993G>A (p.Val331=),,single nucleotide variant,synonymous variant|intron variant,Benign/Likely benign,"criteria provided, multiple submitters, no conflicts",LB,2020-05-20,B,2025-02-25,3,3,True,toward_benign,2020.0,2025.0
346687,ROBO2,NM_001395656.1(ROBO2):c.1556A>T (p.Asn519Ile),"N515I, N531I, N519I, N535I, N538I, N542I",single nucleotide variant,missense variant|5 prime UTR variant,Benign/Likely benign,"criteria provided, multiple submitters, no conflicts",LB,2017-04-28,B,2026-02-01,6,6,True,toward_benign,2017.0,2026.0
734237,ROBO2,NM_001395656.1(ROBO2):c.171G>T (p.Arg57=),,single nucleotide variant,synonymous variant|5 prime UTR variant,Benign/Likely benign,"criteria provided, multiple submitters, no conflicts",LB,2021-11-19,B,2025-08-04,2,2,True,toward_benign,2021.0,2025.0
1601252,ROBO2,NM_001395656.1(ROBO2):c.204G>A (p.Gly68=),,single nucleotide variant,synonymous variant|5 prime UTR variant,Benign/Likely benign,"criteria provided, multiple submitters, no conflicts",LB,2019-02-21,B,2024-12-12,3,3,True,toward_benign,2019.0,2024.0
2042195,ROBO2,NM_001395656.1(ROBO2):c.4264G>A (p.Gly1422Ser),"G1289S, G1327S, G1347S, G1392S, G1438S, G734S, G1328S, G1350S, G1369S, G1393S, G1445S, G1480S, G1343S, G1396S, G1418S, G1331S, G1354S, G1389S, G1422S, G1483S",single nucleotide variant,missense variant,Benign,"criteria provided, single submitter",LB,2020-12-15,B,2025-09-13,2,2,True,toward_benign,2020.0,2025.0
2060525,ROBO2,NM_001395656.1(ROBO2):c.639C>G (p.Asp213Glu),"D229E, D236E, D213E",single nucleotide variant,missense variant|5 prime UTR variant,Benign,"criteria provided, multiple submitters, no conflicts",LB,2022-02-13,B,2025-06-12,3,3,True,toward_benign,2022.0,2025.0
218509,SALL1,NM_002968.3(SALL1):c.1878G>C (p.Glu626Asp),"E626D, E529D",single nucleotide variant,missense variant,Benign/Likely benign,"criteria provided, multiple submitters, no conflicts",LB,2015-03-06,B,2026-01-06,5,5,True,toward_benign,2015.0,2026.0
286096,SALL1,NM_002968.3(SALL1):c.1911G>A (p.Ala637=),,single nucleotide variant,synonymous variant,Benign/Likely benign,"criteria provided, multiple submitters, no conflicts",LB,2016-02-26,B,2026-01-05,3,3,True,toward_benign,2016.0,2026.0
3048586,SALL1,NM_002968.3(SALL1):c.1992G>A (p.Pro664=),,single nucleotide variant,synonymous variant,Benign,"criteria provided, single submitter",LB,2020-02-20,B,2025-09-28,2,2,True,toward_benign,2020.0,2025.0
498506,SALL1,NM_002968.3(SALL1):c.3180C>A (p.Leu1060=),,single nucleotide variant,synonymous variant,Benign/Likely benign,"criteria provided, multiple submitters, no conflicts",LB,2016-11-23,B,2026-01-25,3,3,True,toward_benign,2016.0,2026.0
1244483,SALL1,NM_002968.3(SALL1):c.3603C>T (p.Gly1201=),,single nucleotide variant,synonymous variant,Benign,"criteria provided, multiple submitters, no conflicts",LB,2019-10-02,B,2025-07-06,3,3,True,toward_benign,2019.0,2025.0
258874,SALL1,NM_002968.3(SALL1):c.448AGC[11] (p.Ser159dup),,Microsatellite,inframe_insertion,Benign/Likely benign,"criteria provided, multiple submitters, no conflicts",LB,2014-11-12,B,2026-01-31,10,10,True,toward_benign,2014.0,2026.0
313445,SIX1,NM_005982.4(SIX1):c.*1044G>T,,single nucleotide variant,3 prime UTR variant,Benign/Likely benign,"criteria provided, single submitter",LB,2018-01-13,B,2018-01-13,2,1,True,toward_benign,2018.0,2018.0
313467,SIX1,NM_005982.4(SIX1):c.-14G>T,,single nucleotide variant,5 prime UTR variant,Benign/Likely benign,"criteria provided, single submitter",LB,2018-01-13,B,2018-01-13,2,1,True,toward_benign,2018.0,2018.0
313472,SIX1,NM_005982.4(SIX1):c.-184A>C,,single nucleotide variant,5 prime UTR variant,Benign/Likely benign,"criteria provided, single submitter",LB,2018-01-12,B,2018-01-12,2,1,True,toward_benign,2018.0,2018.0
313466,SIX1,NM_005982.4(SIX1):c.180C>G (p.Arg60=),,single nucleotide variant,synonymous variant,Benign/Likely benign,"criteria provided, multiple submitters, no conflicts",LB,2018-01-13,B,2026-01-05,4,3,True,toward_benign,2018.0,2026.0
1195094,SIX1,NM_005982.4(SIX1):c.561-34_561-31del,,Deletion,intron variant,Benign/Likely benign,"criteria provided, multiple submitters, no conflicts",LB,2019-08-10,B,2021-07-15,3,2,True,toward_benign,2019.0,2021.0
1331163,SIX1,NM_005982.4(SIX1):c.615T>G (p.Pro205=),,single nucleotide variant,synonymous variant,Benign/Likely benign,"criteria provided, multiple submitters, no conflicts",LB,2021-01-16,B,2025-06-12,4,4,True,toward_benign,2021.0,2025.0
668435,SIX5,NM_175875.5(SIX5):c.1042C>T (p.Leu348=),,single nucleotide variant,synonymous variant,Benign/Likely benign,"criteria provided, multiple submitters, no conflicts",LB,2018-06-08,B,2026-01-19,5,5,True,toward_benign,2018.0,2026.0
708640,SIX5,NM_175875.5(SIX5):c.150CGGGGC[3] (p.51GA[4]),,Microsatellite,inframe_insertion,Benign/Likely benign,"criteria provided, multiple submitters, no conflicts",LB,2021-01-22,B,2025-12-13,5,5,True,toward_benign,2021.0,2025.0
1563415,SIX5,NM_175875.5(SIX5):c.1609+14C>T,,single nucleotide variant,intron variant,Benign/Likely benign,"criteria provided, multiple submitters, no conflicts",LB,2021-10-19,B,2026-01-11,2,2,True,toward_benign,2021.0,2026.0
1285149,SIX5,NM_175875.5(SIX5):c.1773G>T (p.Thr591=),,single nucleotide variant,synonymous variant,Benign/Likely benign,"criteria provided, multiple submitters, no conflicts",LB,2022-03-08,B,2025-12-08,4,4,True,toward_benign,2022.0,2025.0
512355,SIX5,NM_175875.5(SIX5):c.2173C>T (p.Leu725=),,single nucleotide variant,synonymous variant,Benign/Likely benign,"criteria provided, multiple submitters, no conflicts",LB,2020-12-15,B,2026-01-24,5,5,True,toward_benign,2020.0,2026.0
596384,SIX5,NM_175875.5(SIX5):c.549G>A (p.Val183=),,single nucleotide variant,synonymous variant,Benign/Likely benign,"criteria provided, multiple submitters, no conflicts",LB,2018-03-27,B,2025-09-08,4,4,True,toward_benign,2018.0,2025.0
514988,SIX5,NM_175875.5(SIX5):c.624C>T (p.Phe208=),,single nucleotide variant,synonymous variant,Benign/Likely benign,"criteria provided, multiple submitters, no conflicts",LB,2020-09-16,B,2025-12-29,3,3,True,toward_benign,2020.0,2025.0
2150308,SOX17,NM_022454.4(SOX17):c.417G>A (p.Pro139=),,single nucleotide variant,synonymous variant,Benign,"criteria provided, single submitter",LB,2020-03-18,B,2023-12-28,2,2,True,toward_benign,2020.0,2023.0
790840,SOX17,NM_022454.4(SOX17):c.479C>T (p.Ala160Val),A160V,single nucleotide variant,missense variant,Benign/Likely benign,"criteria provided, multiple submitters, no conflicts",LB,2025-08-18,B,2026-01-05,4,4,True,toward_benign,2025.0,2026.0
2143471,SOX17,NM_022454.4(SOX17):c.633G>T (p.Ala211=),,single nucleotide variant,synonymous variant,Benign,"criteria provided, single submitter",LB,2024-03-01,B,2025-08-04,2,2,True,toward_benign,2024.0,2025.0
1595125,SOX17,NM_022454.4(SOX17):c.948A>G (p.Gln316=),,single nucleotide variant,synonymous variant,Benign/Likely benign,"criteria provided, multiple submitters, no conflicts",LB,2021-12-02,B,2025-12-06,4,4,True,toward_benign,2021.0,2025.0
725157,SRGAP1,NM_020762.4(SRGAP1):c.145C>T (p.Leu49=),,single nucleotide variant,synonymous variant,Benign/Likely benign,"criteria provided, multiple submitters, no conflicts",LB,2018-01-17,B,2022-06-01,2,2,True,toward_benign,2018.0,2022.0
809896,TNXB,NM_001365276.2(TNXB):c.10046-4C>T,,single nucleotide variant,intron variant,Benign/Likely benign,"criteria provided, multiple submitters, no conflicts",LB,2019-09-26,B,2026-01-28,8,8,True,toward_benign,2019.0,2026.0
1201053,TNXB,NM_001365276.2(TNXB):c.11105G>A (p.Arg3702His),"R131H, R3700H, R3702H",single nucleotide variant,missense variant,Benign/Likely benign,"criteria provided, multiple submitters, no conflicts",LB,2019-08-30,B,2024-01-03,2,2,True,toward_benign,2019.0,2024.0
1200245,TNXB,NM_001365276.2(TNXB):c.11161C>T (p.Arg3721Trp),"R150W, R3719W, R3721W",single nucleotide variant,missense variant,Benign/Likely benign,"criteria provided, multiple submitters, no conflicts",LB,2018-07-09,B,2024-06-17,3,3,True,toward_benign,2018.0,2024.0
1186270,TNXB,NM_001365276.2(TNXB):c.11386+15A>G,,single nucleotide variant,intron variant,Benign/Likely benign,"criteria provided, multiple submitters, no conflicts",LB,2019-11-22,B,2025-07-16,2,2,True,toward_benign,2019.0,2025.0
1208037,TNXB,NM_001365276.2(TNXB):c.11417A>G (p.Gln3806Arg),"Q235R, Q3804R, Q3806R",single nucleotide variant,missense variant,Benign/Likely benign,"criteria provided, multiple submitters, no conflicts",LB,2018-07-09,B,2026-03-01,6,6,True,toward_benign,2018.0,2026.0
1197774,TNXB,NM_001365276.2(TNXB):c.11803G>A (p.Ala3935Thr),"A364T, A3933T, A3935T",single nucleotide variant,missense variant,Benign/Likely benign,"criteria provided, multiple submitters, no conflicts",LB,2018-07-14,B,2023-09-14,2,2,True,toward_benign,2018.0,2023.0
261119,TNXB,NM_001365276.2(TNXB):c.12156C>G (p.Arg4052=),,single nucleotide variant,synonymous variant,Benign/Likely benign,"criteria provided, multiple submitters, no conflicts",LB,2019-12-01,B,2024-06-06,5,5,True,toward_benign,2019.0,2024.0
261123,TNXB,NM_001365276.2(TNXB):c.12378C>T (p.Asp4126=),,single nucleotide variant,synonymous variant,Benign/Likely benign,"criteria provided, multiple submitters, no conflicts",LB,2021-07-08,B,2023-08-29,4,4,True,toward_benign,2021.0,2023.0
809909,TNXB,NM_001365276.2(TNXB):c.1302C>G (p.Ala434=),,single nucleotide variant,synonymous variant,Benign/Likely benign,"criteria provided, multiple submitters, no conflicts",LB,2019-03-19,B,2026-01-19,8,8,True,toward_benign,2019.0,2026.0
1328010,TNXB,NM_001365276.2(TNXB):c.1671C>T (p.Arg557=),,single nucleotide variant,synonymous variant,Benign/Likely benign,"criteria provided, multiple submitters, no conflicts",LB,2019-07-18,B,2026-01-24,5,5,True,toward_benign,2019.0,2026.0
261128,TNXB,NM_001365276.2(TNXB):c.2242+18C>G,,single nucleotide variant,intron variant,Benign/Likely benign,"criteria provided, multiple submitters, no conflicts",LB,2018-09-26,B,2026-01-28,4,4,True,toward_benign,2018.0,2026.0
1211473,TNXB,NM_001365276.2(TNXB):c.2385A>G (p.Thr795=),,single nucleotide variant,synonymous variant,Benign/Likely benign,"criteria provided, multiple submitters, no conflicts",LB,2020-09-25,B,2026-01-31,7,7,True,toward_benign,2020.0,2026.0
1796531,TNXB,NM_001365276.2(TNXB):c.2829A>G (p.Ser943=),,single nucleotide variant,synonymous variant,Benign/Likely benign,"criteria provided, multiple submitters, no conflicts",LB,2022-03-25,B,2026-01-19,2,2,True,toward_benign,2022.0,2026.0
1341604,TNXB,NM_001365276.2(TNXB):c.3345C>T (p.Ala1115=),,single nucleotide variant,synonymous variant,Benign/Likely benign,"criteria provided, multiple submitters, no conflicts",LB,2020-01-15,B,2026-01-28,6,6,True,toward_benign,2020.0,2026.0
1218126,TNXB,NM_001365276.2(TNXB):c.3445+8A>G,,single nucleotide variant,intron variant,Benign/Likely benign,"criteria provided, multiple submitters, no conflicts",LB,2018-10-04,B,2026-02-01,10,10,True,toward_benign,2018.0,2026.0
1737975,TNXB,NM_001365276.2(TNXB):c.4119G>A (p.Pro1373=),,single nucleotide variant,synonymous variant,Benign/Likely benign,"criteria provided, multiple submitters, no conflicts",LB,2022-02-14,B,2025-12-22,2,2,True,toward_benign,2022.0,2025.0
1214153,TNXB,NM_001365276.2(TNXB):c.4762A>G (p.Ile1588Val),I1588V,single nucleotide variant,missense variant,Benign/Likely benign,"criteria provided, multiple submitters, no conflicts",LB,2023-03-01,B,2026-01-17,5,5,True,toward_benign,2023.0,2026.0
1189460,TNXB,NM_001365276.2(TNXB):c.5028C>T (p.Arg1676=),,single nucleotide variant,synonymous variant,Benign/Likely benign,"criteria provided, multiple submitters, no conflicts",LB,2020-08-27,B,2026-01-11,6,6,True,toward_benign,2020.0,2026.0
1226831,TNXB,NM_001365276.2(TNXB):c.5442C>G (p.Asp1814Glu),D1814E,single nucleotide variant,missense variant,Benign/Likely benign,"criteria provided, multiple submitters, no conflicts",LB,2019-01-01,B,2026-01-28,6,6,True,toward_benign,2019.0,2026.0
1215698,TNXB,NM_001365276.2(TNXB):c.6135G>C (p.Leu2045=),,single nucleotide variant,synonymous variant,Benign/Likely benign,"criteria provided, multiple submitters, no conflicts",LB,2019-07-11,B,2026-01-20,4,4,True,toward_benign,2019.0,2026.0
1223473,TNXB,NM_001365276.2(TNXB):c.6400G>C (p.Gly2134Arg),G2134R,single nucleotide variant,missense variant,Benign/Likely benign,"criteria provided, multiple submitters, no conflicts",LB,2020-12-10,B,2026-02-04,5,5,True,toward_benign,2020.0,2026.0
1755305,TNXB,NM_001365276.2(TNXB):c.675T>C (p.Arg225=),,single nucleotide variant,synonymous variant,Benign/Likely benign,"criteria provided, multiple submitters, no conflicts",LB,2022-07-06,B,2026-01-20,2,2,True,toward_benign,2022.0,2026.0
261151,TNXB,NM_001365276.2(TNXB):c.6811G>C (p.Val2271Leu),V2271L,single nucleotide variant,missense variant,Benign/Likely benign,"criteria provided, multiple submitters, no conflicts",LB,2017-05-24,B,2026-02-04,9,9,True,toward_benign,2017.0,2026.0
261153,TNXB,NM_001365276.2(TNXB):c.7168+19C>A,,single nucleotide variant,intron variant,Benign/Likely benign,"criteria provided, multiple submitters, no conflicts",LB,2017-05-24,B,2026-02-04,5,5,True,toward_benign,2017.0,2026.0
1190129,TNXB,NM_001365276.2(TNXB):c.7492+8G>A,,single nucleotide variant,intron variant,Benign/Likely benign,"criteria provided, multiple submitters, no conflicts",LB,2019-05-24,B,2026-01-28,4,4,True,toward_benign,2019.0,2026.0
1182904,TNXB,NM_001365276.2(TNXB):c.7633C>T (p.Pro2545Ser),P2545S,single nucleotide variant,missense variant,Benign/Likely benign,"criteria provided, multiple submitters, no conflicts",LB,2019-01-16,B,2026-01-19,5,5,True,toward_benign,2019.0,2026.0
1218094,TNXB,NM_001365276.2(TNXB):c.7773C>T (p.Tyr2591=),,single nucleotide variant,synonymous variant,Benign/Likely benign,"criteria provided, multiple submitters, no conflicts",LB,2020-11-10,B,2026-01-29,3,3,True,toward_benign,2020.0,2026.0
1186026,TNXB,NM_001365276.2(TNXB):c.7906A>G (p.Met2636Val),M2636V,single nucleotide variant,missense variant,Benign/Likely benign,"criteria provided, multiple submitters, no conflicts",LB,2020-07-10,B,2026-02-04,10,10,True,toward_benign,2020.0,2026.0
1193624,TNXB,NM_001365276.2(TNXB):c.7995G>A (p.Gly2665=),,single nucleotide variant,synonymous variant,Benign/Likely benign,"criteria provided, multiple submitters, no conflicts",LB,2019-06-06,B,2026-01-20,8,8,True,toward_benign,2019.0,2026.0
1762748,TNXB,NM_001365276.2(TNXB):c.8289C>T (p.Phe2763=),,single nucleotide variant,synonymous variant,Benign/Likely benign,"criteria provided, multiple submitters, no conflicts",LB,2020-05-28,B,2026-01-20,4,4,True,toward_benign,2020.0,2026.0
1266597,TNXB,NM_001365276.2(TNXB):c.8594T>C (p.Met2865Thr),"M2863T, M2865T",single nucleotide variant,missense variant,Benign/Likely benign,"criteria provided, multiple submitters, no conflicts",LB,2019-03-04,B,2026-02-04,6,6,True,toward_benign,2019.0,2026.0
1218111,TNXB,NM_001365276.2(TNXB):c.8933G>A (p.Arg2978His),"R2976H, R2978H",single nucleotide variant,missense variant,Benign/Likely benign,"criteria provided, multiple submitters, no conflicts",LB,2019-04-29,B,2026-01-24,4,4,True,toward_benign,2019.0,2026.0
1765364,TNXB,NM_001365276.2(TNXB):c.9000C>T (p.Gly3000=),,single nucleotide variant,synonymous variant,Benign/Likely benign,"criteria provided, multiple submitters, no conflicts",LB,2020-03-30,B,2026-01-20,3,3,True,toward_benign,2020.0,2026.0
1200395,TNXB,NM_001365276.2(TNXB):c.9168G>A (p.Glu3056=),,single nucleotide variant,synonymous variant,Benign/Likely benign,"criteria provided, multiple submitters, no conflicts",LB,2020-09-25,B,2026-01-31,6,6,True,toward_benign,2020.0,2026.0
809899,TNXB,NM_001365276.2(TNXB):c.9438G>A (p.Thr3146=),,single nucleotide variant,synonymous variant,Benign/Likely benign,"criteria provided, multiple submitters, no conflicts",LB,2019-05-19,B,2026-02-02,8,8,True,toward_benign,2019.0,2026.0
1219126,TNXB,NM_001365276.2(TNXB):c.9678C>G (p.Pro3226=),,single nucleotide variant,synonymous variant,Benign/Likely benign,"criteria provided, multiple submitters, no conflicts",LB,2020-10-06,B,2026-01-28,5,5,True,toward_benign,2020.0,2026.0
1178409,TNXB,NM_001365276.2(TNXB):c.9757+12G>A,,single nucleotide variant,intron variant,Benign/Likely benign,"criteria provided, multiple submitters, no conflicts",LB,2018-12-01,B,2026-02-04,3,3,True,toward_benign,2018.0,2026.0
1670311,TRAP1,NM_016292.3(TRAP1):c.1665C>T (p.Val555=),,single nucleotide variant,synonymous variant|3 prime UTR variant,Benign/Likely benign,"criteria provided, multiple submitters, no conflicts",LB,2022-04-01,B,2025-09-10,2,2,True,toward_benign,2022.0,2025.0
807976,TRAP1,NM_016292.3(TRAP1):c.2014-7C>T,,single nucleotide variant,intron variant,Benign/Likely benign,"criteria provided, multiple submitters, no conflicts",LB,2019-05-01,B,2024-10-24,3,3,True,toward_benign,2019.0,2024.0
559144,TRAP1,NM_016292.3(TRAP1):c.2075G>A (p.Arg692His),"R692H, R639H",single nucleotide variant,missense variant,Benign,"criteria provided, multiple submitters, no conflicts",LB,2016-02-23,B,2026-01-27,3,3,True,toward_benign,2016.0,2026.0
559155,TRAP1,NM_016292.3(TRAP1):c.757A>G (p.Ile253Val),"I253V, I200V",single nucleotide variant,missense variant,Benign/Likely benign,"criteria provided, multiple submitters, no conflicts",LB,2016-02-25,B,2026-03-01,5,5,True,toward_benign,2016.0,2026.0
721857,TRAP1,NM_016292.3(TRAP1):c.89-5T>C,,single nucleotide variant,intron variant,Benign/Likely benign,"criteria provided, multiple submitters, no conflicts",LB,2025-07-01,B,2026-01-27,2,2,True,toward_benign,2025.0,2026.0
559153,TRAP1,NM_016292.3(TRAP1):c.933T>C (p.His311=),,single nucleotide variant,synonymous variant,Benign/Likely benign,"criteria provided, multiple submitters, no conflicts",LB,2018-03-19,B,2025-12-23,4,4,True,toward_benign,2018.0,2025.0
318293,UMOD,NM_003361.4(UMOD):c.1062C>T (p.Phe354=),,single nucleotide variant,synonymous variant|non-coding transcript variant,Benign/Likely benign,"criteria provided, multiple submitters, no conflicts",LB,2021-08-10,B,2025-12-30,4,4,True,toward_benign,2021.0,2025.0
2758312,UMOD,NM_003361.4(UMOD):c.1146C>T (p.Thr382=),,single nucleotide variant,synonymous variant|non-coding transcript variant,Benign/Likely benign,"criteria provided, multiple submitters, no conflicts",LB,2025-01-20,B,2025-06-12,2,2,True,toward_benign,2025.0,2025.0
733026,UMOD,NM_003361.4(UMOD):c.1353C>G (p.Gly451=),,single nucleotide variant,synonymous variant|non-coding transcript variant,Benign/Likely benign,"criteria provided, multiple submitters, no conflicts",LB,2016-12-12,B,2026-01-16,5,5,True,toward_benign,2016.0,2026.0
1602441,UMOD,NM_003361.4(UMOD):c.1577+11G>A,,single nucleotide variant,intron variant,Benign/Likely benign,"criteria provided, multiple submitters, no conflicts",LB,2022-01-01,B,2025-06-04,2,2,True,toward_benign,2022.0,2025.0
1165466,UMOD,NM_003361.4(UMOD):c.1740+18C>T,,single nucleotide variant,intron variant,Benign/Likely benign,"criteria provided, multiple submitters, no conflicts",LB,2021-07-21,B,2026-01-16,2,2,True,toward_benign,2021.0,2026.0
318282,UMOD,NM_003361.4(UMOD):c.1916T>C (p.Phe639Ser),"F639S, F672S, F686S",single nucleotide variant,missense variant|non-coding transcript variant,Benign/Likely benign,"criteria provided, multiple submitters, no conflicts",LB,2017-04-28,B,2025-12-31,4,4,True,toward_benign,2017.0,2025.0
318296,UMOD,NM_003361.4(UMOD):c.425G>A (p.Arg142Gln),"R142Q, R175Q",single nucleotide variant,missense variant|non-coding transcript variant,Benign/Likely benign,"criteria provided, multiple submitters, no conflicts",LB,2018-06-01,B,2026-01-19,5,5,True,toward_benign,2018.0,2026.0
341971,UPK3A,NM_006953.4(UPK3A):c.259T>G (p.Ser87Ala),S87A,single nucleotide variant,missense variant|intron variant,Benign/Likely benign,"criteria provided, multiple submitters, no conflicts",LB,2018-01-13,B,2019-12-31,3,3,True,toward_benign,2018.0,2019.0
341972,UPK3A,NM_006953.4(UPK3A):c.260C>A (p.Ser87Ter),S87*,single nucleotide variant,nonsense|intron variant,Benign/Likely benign,"criteria provided, multiple submitters, no conflicts",LB,2017-04-27,B,2019-12-31,3,3,True,toward_benign,2017.0,2019.0
721168,UPK3A,NM_006953.4(UPK3A):c.356T>C (p.Ile119Thr),I119T,single nucleotide variant,missense variant|intron variant,Benign/Likely benign,"criteria provided, multiple submitters, no conflicts",LB,2018-01-13,B,2019-12-31,4,4,True,toward_benign,2018.0,2019.0
341980,UPK3A,NM_006953.4(UPK3A):c.545G>A (p.Trp182Ter),W182*,single nucleotide variant,nonsense|intron variant,Benign/Likely benign,"criteria provided, multiple submitters, no conflicts",LB,2018-01-12,B,2019-12-31,3,3,True,toward_benign,2018.0,2019.0
731820,UPK3A,NM_006953.4(UPK3A):c.571+1G>A,,single nucleotide variant,splice donor variant|intron variant,Benign/Likely benign,"criteria provided, multiple submitters, no conflicts",LB,2017-12-12,B,2019-12-31,2,2,True,toward_benign,2017.0,2019.0
378846,UPK3A,NM_006953.4(UPK3A):c.628G>A (p.Val210Ile),"V210I, V89I",single nucleotide variant,missense variant,Likely benign,"criteria provided, multiple submitters, no conflicts",LB,2015-05-06,B,2019-06-28,3,3,True,toward_benign,2015.0,2019.0
902580,UPK3A,NM_006953.4(UPK3A):c.704+8C>G,,single nucleotide variant,intron variant,Likely benign,"criteria provided, single submitter",LB,2018-01-13,B,2019-07-01,2,2,True,toward_benign,2018.0,2019.0
341969,UPK3A,NM_006953.4(UPK3A):c.90C>T (p.Phe30=),,single nucleotide variant,synonymous variant,Benign/Likely benign,"criteria provided, multiple submitters, no conflicts",LB,2018-01-12,B,2019-12-31,2,2,True,toward_benign,2018.0,2019.0
2848815,WNT4,NM_030761.5(WNT4):c.540G>A (p.Ser180=),,single nucleotide variant,synonymous variant,Benign,"criteria provided, single submitter",LB,2019-07-31,B,2025-12-03,2,2,True,toward_benign,2019.0,2025.0
772452,WNT4,NM_030761.5(WNT4):c.909C>T (p.Ile303=),,single nucleotide variant,synonymous variant,Benign/Likely benign,"criteria provided, multiple submitters, no conflicts",LB,2021-07-29,B,2025-12-21,2,2,True,toward_benign,2021.0,2025.0
24931,RET,NM_020975.6(RET):c.1996A>G (p.Lys666Glu),"K412E, K336E, K534E, K183E, K231E, K367E, K424E, K491E, K623E, K271E, K327E, K520E, K324E, K570E",single nucleotide variant,missense variant,Pathogenic/Likely pathogenic,"criteria provided, multiple submitters, no conflicts",LB,2014-06-01,P,2026-01-31,15,15,True,toward_pathogenic,2014.0,2026.0
2717551,EYA1,NM_000503.6(EYA1):c.1475+6del,,Deletion,intron variant,Uncertain significance,"criteria provided, single submitter",LB,2019-12-02,VUS,2024-07-08,2,2,True,toward_pathogenic,2019.0,2024.0
3048354,FREM1,NM_001379081.2(FREM1):c.5909A>G (p.Lys1970Arg),"K1970R, K456R, K506R",single nucleotide variant,missense variant|non-coding transcript variant,Uncertain significance,"criteria provided, multiple submitters, no conflicts",LB,2024-02-07,VUS,2026-01-13,3,3,True,toward_pathogenic,2024.0,2026.0
3046884,FREM2,NM_207361.6(FREM2):c.8280C>T (p.Pro2760=),,single nucleotide variant,synonymous variant,Uncertain significance,"criteria provided, single submitter",LB,2019-03-29,VUS,2023-12-24,2,2,True,toward_pathogenic,2019.0,2023.0
2085623,GRIP1,NM_001366722.1(GRIP1):c.1873G>A (p.Ala625Thr),"A573T, A651T, A574T, A599T, A598T, A625T",single nucleotide variant,missense variant,Uncertain significance,"criteria provided, single submitter",LB,2022-03-28,VUS,2024-06-03,2,2,True,toward_pathogenic,2022.0,2024.0
2691513,GRIP1,NM_001366722.1(GRIP1):c.2464+3A>G,,single nucleotide variant,intron variant,Uncertain significance,"criteria provided, single submitter",LB,2021-06-25,VUS,2023-12-07,2,2,True,toward_pathogenic,2021.0,2023.0
322942,HNF1B,NM_000458.4(HNF1B):c.*88A>G,Q457R,single nucleotide variant,3 prime UTR variant|missense variant,Likely benign,"criteria provided, multiple submitters, no conflicts",LB,2018-01-12,VUS,2024-08-25,3,3,True,toward_pathogenic,2018.0,2024.0
2400336,ITGA8,NM_003638.3(ITGA8):c.1336G>A (p.Val446Ile),"V446I, V431I",single nucleotide variant,missense variant,Likely benign,"criteria provided, single submitter",LB,2021-11-29,VUS,2024-07-26,2,2,True,toward_pathogenic,2021.0,2024.0
2638999,LRIG2,NM_014813.3(LRIG2):c.1649G>A (p.Arg550His),"R447H, R550H",single nucleotide variant,missense variant,Uncertain significance,"criteria provided, single submitter",LB,2021-03-09,VUS,2023-04-01,2,2,True,toward_pathogenic,2021.0,2023.0
3031569,PAX2,NM_000278.5(PAX2):c.195C>G (p.Val65=),,single nucleotide variant,synonymous variant,Uncertain significance,"criteria provided, single submitter",LB,2021-03-05,VUS,2024-06-17,2,2,True,toward_pathogenic,2021.0,2024.0
1723364,RET,NM_020975.6(RET):c.*6C>G,,single nucleotide variant,3 prime UTR variant,Uncertain significance,"criteria provided, multiple submitters, no conflicts",LB,2019-12-17,VUS,2025-09-04,5,5,True,toward_pathogenic,2019.0,2025.0
3054907,RET,NM_020975.6(RET):c.-23C>T,,single nucleotide variant,5 prime UTR variant,Uncertain significance,"criteria provided, single submitter",LB,2020-10-06,VUS,2025-02-23,2,2,True,toward_pathogenic,2020.0,2025.0
95998,RET,NM_020975.6(RET):c.867+4del,,Deletion,intron variant,Uncertain significance,"criteria provided, multiple submitters, no conflicts",LB,2008-08-28,VUS,2025-12-22,8,8,True,toward_pathogenic,2008.0,2025.0
3046433,SALL1,NM_002968.3(SALL1):c.478GGC[6] (p.Gly163_Ser164insGlyGly),,Microsatellite,inframe_indel,Uncertain significance,"criteria provided, single submitter",LB,2023-08-30,VUS,2025-01-07,2,2,True,toward_pathogenic,2023.0,2025.0
3048230,SIX2,NM_016932.5(SIX2):c.560+4_560+9del,,Deletion,splice donor variant,Uncertain significance,"criteria provided, single submitter",LB,2020-08-25,VUS,2025-01-27,2,2,True,toward_pathogenic,2020.0,2025.0
3029619,SIX5,NM_175875.5(SIX5):c.1272C>T (p.Pro424=),,single nucleotide variant,synonymous variant,Uncertain significance,"criteria provided, single submitter",LB,2021-07-20,VUS,2024-02-19,2,2,True,toward_pathogenic,2021.0,2024.0
3060057,SIX5,NM_175875.5(SIX5):c.135GGC[4] (p.Ala50del),A50del,Microsatellite,,Uncertain significance,"criteria provided, single submitter",LB,2020-11-10,VUS,2025-09-16,2,2,True,toward_pathogenic,2020.0,2025.0
2890787,SIX5,NM_175875.5(SIX5):c.246G>A (p.Thr82=),,single nucleotide variant,synonymous variant,Likely benign,"criteria provided, single submitter",LB,2023-02-11,VUS,2023-12-24,2,2,True,toward_pathogenic,2023.0,2023.0
2052428,TBX18,NM_001080508.3(TBX18):c.1390A>C (p.Thr464Pro),T464P,single nucleotide variant,missense variant,Uncertain significance,"criteria provided, single submitter",LB,2022-03-28,VUS,2025-10-03,2,2,True,toward_pathogenic,2022.0,2025.0
2177028,TBX18,NM_001080508.3(TBX18):c.392C>T (p.Thr131Ile),T131I,single nucleotide variant,missense variant,Uncertain significance,"criteria provided, single submitter",LB,2021-12-29,VUS,2025-03-18,2,2,True,toward_pathogenic,2021.0,2025.0
1198059,TNXB,NM_001365276.2(TNXB):c.10804G>A (p.Val3602Met),"V31M, V3600M, V3602M",single nucleotide variant,missense variant,Likely benign,"criteria provided, multiple submitters, no conflicts",LB,2018-07-14,VUS,2024-03-28,4,4,True,toward_pathogenic,2018.0,2024.0
1748716,TNXB,NM_001365276.2(TNXB):c.5625G>T (p.Pro1875=),,single nucleotide variant,synonymous variant,Uncertain significance,"criteria provided, multiple submitters, no conflicts",LB,2019-05-30,VUS,2025-05-29,3,3,True,toward_pathogenic,2019.0,2025.0
3036941,TRAP1,NM_016292.3(TRAP1):c.1394C>A (p.Ala465Glu),"A412E, A465E",single nucleotide variant,missense variant|3 prime UTR variant,Uncertain significance,"criteria provided, single submitter",LB,2023-10-24,VUS,2025-07-05,2,2,True,toward_pathogenic,2023.0,2025.0
2080344,TRAP1,NM_016292.3(TRAP1):c.1681GAG[1] (p.Glu562del),"E562del, E509del",Microsatellite,inframe_deletion|3 prime UTR variant,Uncertain significance,"criteria provided, single submitter",LB,2022-12-27,VUS,2024-04-14,2,2,True,toward_pathogenic,2022.0,2024.0
3058630,TRAP1,NM_016292.3(TRAP1):c.330+4C>T,,single nucleotide variant,intron variant,Uncertain significance,"criteria provided, single submitter",LB,2023-09-12,VUS,2025-04-02,2,2,True,toward_pathogenic,2023.0,2025.0
2064172,TRAP1,NM_016292.3(TRAP1):c.472-3C>T,,single nucleotide variant,intron variant,Uncertain significance,"criteria provided, single submitter",LB,2019-02-21,VUS,2025-10-03,2,2,True,toward_pathogenic,2019.0,2025.0
2148243,UMOD,NM_003361.4(UMOD):c.1182+4C>T,,single nucleotide variant,intron variant,Uncertain significance,"criteria provided, single submitter",LB,2022-01-31,VUS,2024-06-26,2,2,True,toward_pathogenic,2022.0,2024.0
988100,ACE,NM_000789.4(ACE):c.1709+5G>C,,single nucleotide variant,intron variant,Pathogenic/Likely pathogenic,"criteria provided, multiple submitters, no conflicts",LP,2019-06-26,P,2024-06-27,3,3,True,toward_pathogenic,2019.0,2024.0
3341107,ACE,NM_000789.4(ACE):c.21_30del (p.Arg8fs),R8fs,Deletion,frameshift variant|5 prime UTR variant,Pathogenic/Likely pathogenic,"criteria provided, multiple submitters, no conflicts",LP,2024-03-23,P,2024-09-27,2,2,True,toward_pathogenic,2024.0,2024.0
429788,AGT,NM_001384479.1(AGT):c.829+1G>T,,single nucleotide variant,splice donor variant,Pathogenic/Likely pathogenic,"criteria provided, multiple submitters, no conflicts",LP,2021-12-23,P,2025-07-21,4,4,True,toward_pathogenic,2021.0,2025.0
1698351,EYA1,NM_000503.6(EYA1):c.1189C>T (p.Gln397Ter),"Q275*, Q390*, Q391*, Q397*, Q426*",single nucleotide variant,nonsense,Pathogenic/Likely pathogenic,"criteria provided, multiple submitters, no conflicts",LP,2022-01-20,P,2024-06-16,2,2,True,toward_pathogenic,2022.0,2024.0
2735182,EYA1,NM_000503.6(EYA1):c.1360+5G>A,,single nucleotide variant,intron variant,Pathogenic/Likely pathogenic,"criteria provided, multiple submitters, no conflicts",LP,2019-10-17,P,2024-02-26,3,3,True,toward_pathogenic,2019.0,2024.0
1069545,EYA1,NM_000503.6(EYA1):c.637C>T (p.Gln213Ter),"Q207*, Q213*, Q236*, Q237*, Q242*, Q91*",single nucleotide variant,nonsense,Pathogenic/Likely pathogenic,"criteria provided, multiple submitters, no conflicts",LP,2022-07-21,P,2025-09-03,2,2,True,toward_pathogenic,2022.0,2025.0
1302906,FRAS1,NM_025074.7(FRAS1):c.10261C>T (p.Arg3421Ter),R3421*,single nucleotide variant,nonsense,Pathogenic/Likely pathogenic,"criteria provided, multiple submitters, no conflicts",LP,2023-05-08,P,2024-05-08,3,3,True,toward_pathogenic,2023.0,2024.0
2501255,FRAS1,NM_025074.7(FRAS1):c.13A>T (p.Lys5Ter),K5*,single nucleotide variant,nonsense,Pathogenic/Likely pathogenic,"criteria provided, multiple submitters, no conflicts",LP,2023-03-20,P,2023-11-04,2,2,True,toward_pathogenic,2023.0,2023.0
2883847,FRAS1,NM_025074.7(FRAS1):c.1887dup (p.Lys630fs),K630fs,Duplication,frameshift variant,Pathogenic/Likely pathogenic,"criteria provided, multiple submitters, no conflicts",LP,2023-09-07,P,2024-03-27,3,3,True,toward_pathogenic,2023.0,2024.0
623172,FRAS1,NM_025074.7(FRAS1):c.5370C>G (p.Tyr1790Ter),Y1790*,single nucleotide variant,nonsense,Pathogenic/Likely pathogenic,"criteria provided, multiple submitters, no conflicts",LP,2017-11-21,P,2024-02-17,2,2,True,toward_pathogenic,2017.0,2024.0
2968652,FRAS1,NM_025074.7(FRAS1):c.5989_5990del (p.Leu1997fs),L1997fs,Deletion,frameshift variant,Pathogenic/Likely pathogenic,"criteria provided, multiple submitters, no conflicts",LP,2024-04-25,P,2026-01-11,2,2,True,toward_pathogenic,2024.0,2026.0
993017,FRAS1,NM_025074.7(FRAS1):c.7084C>T (p.Arg2362Ter),R2362*,single nucleotide variant,nonsense,Pathogenic/Likely pathogenic,"criteria provided, multiple submitters, no conflicts",LP,2020-10-11,P,2025-09-10,5,5,True,toward_pathogenic,2020.0,2025.0
2574239,FRAS1,NM_025074.7(FRAS1):c.8353del (p.Val2785fs),V2785fs,Deletion,frameshift variant,Pathogenic/Likely pathogenic,"criteria provided, multiple submitters, no conflicts",LP,2023-07-30,P,2024-01-31,2,2,True,toward_pathogenic,2023.0,2024.0
1343039,FRAS1,NM_025074.7(FRAS1):c.934C>T (p.Gln312Ter),Q312*,single nucleotide variant,nonsense,Pathogenic/Likely pathogenic,"criteria provided, multiple submitters, no conflicts",LP,2021-07-14,P,2025-11-06,4,4,True,toward_pathogenic,2021.0,2025.0
2024612,FRAS1,NM_025074.7(FRAS1):c.9575del (p.Pro3192fs),P3192fs,Deletion,frameshift variant,Pathogenic/Likely pathogenic,"criteria provided, multiple submitters, no conflicts",LP,2021-11-28,P,2022-09-02,2,2,True,toward_pathogenic,2021.0,2022.0
2970668,FRAS1,NM_025074.7(FRAS1):c.988G>T (p.Glu330Ter),E330*,single nucleotide variant,nonsense,Pathogenic/Likely pathogenic,"criteria provided, multiple submitters, no conflicts",LP,2023-11-30,P,2023-12-22,2,2,True,toward_pathogenic,2023.0,2023.0
1341519,FREM1,NM_001379081.2(FREM1):c.631C>T (p.Gln211Ter),"Q211*, R211C",single nucleotide variant,missense variant|nonsense|non-coding transcript variant,Pathogenic/Likely pathogenic,"criteria provided, multiple submitters, no conflicts",LP,2022-02-14,P,2025-03-23,2,2,True,toward_pathogenic,2022.0,2025.0
1687536,FREM2,NM_207361.6(FREM2):c.3151C>T (p.Gln1051Ter),Q1051*,single nucleotide variant,nonsense,Pathogenic/Likely pathogenic,"criteria provided, multiple submitters, no conflicts",LP,2022-05-22,P,2023-05-14,2,2,True,toward_pathogenic,2022.0,2023.0
667374,FREM2,NM_207361.6(FREM2):c.6350_6351del (p.Thr2117fs),T2117fs,Microsatellite,frameshift variant,Pathogenic/Likely pathogenic,"criteria provided, multiple submitters, no conflicts",LP,2017-08-21,P,2024-02-13,2,2,True,toward_pathogenic,2017.0,2024.0
2136842,GATA3,NM_001002295.2(GATA3):c.896G>A (p.Arg299Gln),"R298Q, R299Q",single nucleotide variant,missense variant,Pathogenic/Likely pathogenic,"criteria provided, multiple submitters, no conflicts",LP,2024-09-28,P,2026-01-12,3,3,True,toward_pathogenic,2024.0,2026.0
1805229,GATA3,NM_001002295.2(GATA3):c.924+1G>A,,single nucleotide variant,splice donor variant,Pathogenic/Likely pathogenic,"criteria provided, multiple submitters, no conflicts",LP,2022-08-29,P,2022-09-02,2,2,True,toward_pathogenic,2022.0,2022.0
979080,HNF1B,NM_000458.4(HNF1B):c.1282C>T (p.Gln428Ter),"Q402*, Q428*",single nucleotide variant,nonsense,Pathogenic/Likely pathogenic,"criteria provided, multiple submitters, no conflicts",LP,2018-10-15,P,2024-02-23,3,3,True,toward_pathogenic,2018.0,2024.0
392411,HNF1B,NM_000458.4(HNF1B):c.1561C>T (p.Gln521Ter),"Q521*, Q495*",single nucleotide variant,nonsense|intron variant,Pathogenic/Likely pathogenic,"criteria provided, multiple submitters, no conflicts",LP,2017-01-09,P,2019-07-06,3,3,True,toward_pathogenic,2017.0,2019.0
595461,HNF1B,NM_000458.4(HNF1B):c.1561del (p.Gln521fs),"Q495fs, Q521fs",Deletion,frameshift variant|intron variant,Likely pathogenic,"criteria provided, single submitter",LP,2017-12-21,P,2024-11-05,2,2,True,toward_pathogenic,2017.0,2024.0
36845,HNF1B,NM_000458.4(HNF1B):c.221T>A (p.Leu74Ter),L74*,single nucleotide variant,nonsense,Pathogenic/Likely pathogenic,"criteria provided, multiple submitters, no conflicts",LP,2011-08-18,P,2025-09-12,3,3,True,toward_pathogenic,2011.0,2025.0
36848,HNF1B,NM_000458.4(HNF1B):c.345-1G>T,,single nucleotide variant,splice acceptor variant,Pathogenic/Likely pathogenic,"criteria provided, multiple submitters, no conflicts",LP,2011-08-18,P,2019-07-06,3,3,True,toward_pathogenic,2011.0,2019.0
3254996,HNF1B,NM_000458.4(HNF1B):c.370del (p.Lys123_Met124insTer),,Deletion,nonsense,Pathogenic,"criteria provided, single submitter",LP,2024-11-05,P,2025-04-30,2,2,True,toward_pathogenic,2024.0,2025.0
2584387,HNF1B,NM_000458.4(HNF1B):c.443C>A (p.Ser148Ter),S148*,single nucleotide variant,nonsense,Pathogenic/Likely pathogenic,"criteria provided, multiple submitters, no conflicts",LP,2023-03-08,P,2023-09-04,2,2,True,toward_pathogenic,2023.0,2023.0
36849,HNF1B,NM_000458.4(HNF1B):c.477del (p.Pro159_Met160insTer),,Deletion,frameshift variant,Pathogenic/Likely pathogenic,"criteria provided, multiple submitters, no conflicts",LP,2011-08-18,P,2022-09-02,5,5,True,toward_pathogenic,2011.0,2022.0
36850,HNF1B,NM_000458.4(HNF1B):c.511T>C (p.Trp171Arg),W171R,single nucleotide variant,missense variant,Pathogenic/Likely pathogenic,"criteria provided, multiple submitters, no conflicts",LP,2011-08-18,P,2023-09-21,3,3,True,toward_pathogenic,2011.0,2023.0
635668,HNF1B,NM_000458.4(HNF1B):c.544+3_544+6del,,Deletion,splice donor variant,Pathogenic/Likely pathogenic,"criteria provided, multiple submitters, no conflicts",LP,2018-12-14,P,2025-10-31,10,10,True,toward_pathogenic,2018.0,2025.0
635640,HNF1B,NM_000458.4(HNF1B):c.826C>G (p.Arg276Gly),"R276G, R250G",single nucleotide variant,missense variant,Pathogenic/Likely pathogenic,"criteria provided, multiple submitters, no conflicts",LP,2019-07-06,P,2023-03-27,2,2,True,toward_pathogenic,2019.0,2023.0
1341676,KAL1,NM_000216.4(ANOS1):c.1063-1G>C,,single nucleotide variant,splice acceptor variant,Pathogenic/Likely pathogenic,"criteria provided, multiple submitters, no conflicts",LP,2022-02-14,P,2025-11-06,3,3,True,toward_pathogenic,2022.0,2025.0
180157,KAL1,NM_000216.4(ANOS1):c.1369C>T (p.Arg457Ter),R457*,single nucleotide variant,nonsense,Pathogenic/Likely pathogenic,"criteria provided, multiple submitters, no conflicts",LP,2014-11-01,P,2024-05-25,5,4,True,toward_pathogenic,2014.0,2024.0
658717,KAL1,NM_000216.4(ANOS1):c.1449+1G>A,,single nucleotide variant,splice donor variant,Pathogenic/Likely pathogenic,"criteria provided, multiple submitters, no conflicts",LP,2018-11-27,P,2025-04-16,4,4,True,toward_pathogenic,2018.0,2025.0
4540562,KAL1,NM_000216.4(ANOS1):c.256T>A (p.Cys86Ser),C86S,single nucleotide variant,missense variant,Pathogenic/Likely pathogenic,"criteria provided, multiple submitters, no conflicts",LP,2025-08-07,P,2025-10-06,2,2,True,toward_pathogenic,2025.0,2025.0
2086859,PAX2,NM_000278.5(PAX2):c.212+1G>T,,single nucleotide variant,splice donor variant,Pathogenic/Likely pathogenic,"criteria provided, multiple submitters, no conflicts",LP,2022-07-12,P,2023-12-01,2,2,True,toward_pathogenic,2022.0,2023.0
562404,PAX2,NM_000278.5(PAX2):c.220G>T (p.Glu74Ter),"E74*, E105*",single nucleotide variant,nonsense,Pathogenic,"criteria provided, single submitter",LP,2018-09-16,P,2024-04-14,2,2,True,toward_pathogenic,2018.0,2024.0
1333293,PAX2,NM_000278.5(PAX2):c.791del (p.Gln264fs),"Q264fs, Q287fs, Q295fs",Deletion,frameshift variant,Pathogenic/Likely pathogenic,"criteria provided, multiple submitters, no conflicts",LP,2022-01-03,P,2024-12-01,3,3,True,toward_pathogenic,2022.0,2024.0
974505,REN,NM_000537.4(REN):c.58T>C (p.Cys20Arg),C20R,single nucleotide variant,missense variant,Pathogenic/Likely pathogenic,"criteria provided, multiple submitters, no conflicts",LP,2020-02-01,P,2023-07-24,2,2,True,toward_pathogenic,2020.0,2023.0
24896,RET,NM_020975.6(RET):c.1831T>C (p.Cys611Arg),"C357R, C281R, C479R, C216R, C515R, C568R, C269R, C312R, C465R, C128R, C369R, C436R",single nucleotide variant,missense variant,Pathogenic/Likely pathogenic,"criteria provided, multiple submitters, no conflicts",LP,2013-01-01,P,2025-08-13,6,6,True,toward_pathogenic,2013.0,2025.0
13915,RET,NM_020975.6(RET):c.1858T>C (p.Cys620Arg),"C620R, C366R, C137R, C321R, C474R, C524R, C278R, C445R, C378R, C225R, C290R, C488R, C577R",single nucleotide variant,missense variant,Pathogenic,"criteria provided, multiple submitters, no conflicts",LP,2013-01-01,P,2025-12-30,16,16,True,toward_pathogenic,2013.0,2025.0
38611,RET,NM_020975.6(RET):c.2304G>T (p.Glu768Asp),"E768D, E514D, E333D, E426D, E469D, E424D, E723D, E725D, E373D, E438D, E636D, E672D, E285D, E429D, E526D, E593D, E622D, E680D",single nucleotide variant,missense variant,Pathogenic,"criteria provided, multiple submitters, no conflicts",LP,2015-12-29,P,2024-02-29,7,6,True,toward_pathogenic,2015.0,2024.0
2630657,RET,NM_020975.6(RET):c.2853del (p.Tyr952fs),"Y469fs, Y517fs, Y557fs, Y608fs, Y610fs, Y613fs, Y622fs, Y653fs, Y698fs, Y710fs, Y777fs, Y806fs, Y820fs, Y856fs, Y864fs, Y907fs, Y909fs, Y952fs",Deletion,frameshift variant,Pathogenic/Likely pathogenic,"criteria provided, multiple submitters, no conflicts",LP,2023-09-08,P,2024-12-09,2,2,True,toward_pathogenic,2023.0,2024.0
3765528,SALL1,NM_002968.3(SALL1):c.2390del (p.Pro797fs),"P700fs, P797fs",Deletion,frameshift variant,Pathogenic/Likely pathogenic,"criteria provided, multiple submitters, no conflicts",LP,2025-01-01,P,2025-02-27,2,2,True,toward_pathogenic,2025.0,2025.0
562380,SALL1,NM_002968.3(SALL1):c.712C>T (p.Gln238Ter),"Q238*, Q141*",single nucleotide variant,nonsense,Pathogenic,"criteria provided, single submitter",LP,2018-09-16,P,2022-08-27,2,2,True,toward_pathogenic,2018.0,2022.0
2434194,TNXB,NM_001365276.2(TNXB):c.10291C>T (p.Arg3431Ter),"R3429*, R3431*",single nucleotide variant,nonsense,Pathogenic/Likely pathogenic,"criteria provided, multiple submitters, no conflicts",LP,2022-12-21,P,2025-08-01,4,4,True,toward_pathogenic,2022.0,2025.0
373424,TNXB,NM_001365276.2(TNXB):c.2461C>T (p.Arg821Ter),R821*,single nucleotide variant,nonsense,Pathogenic/Likely pathogenic,"criteria provided, multiple submitters, no conflicts",LP,2016-11-28,P,2025-06-06,9,9,True,toward_pathogenic,2016.0,2025.0
3384708,TNXB,NM_001365276.2(TNXB):c.3907C>T (p.Gln1303Ter),"Q1303*, Q1550*",single nucleotide variant,nonsense,Pathogenic/Likely pathogenic,"criteria provided, multiple submitters, no conflicts",LP,2024-02-26,P,2024-10-14,2,2,True,toward_pathogenic,2024.0,2024.0
3593470,TNXB,NM_001365276.2(TNXB):c.4706_4707del (p.Thr1569fs),"T1816fs, T1569fs",Microsatellite,frameshift variant,Pathogenic/Likely pathogenic,"criteria provided, multiple submitters, no conflicts",LP,2024-01-30,P,2025-10-01,3,3,True,toward_pathogenic,2024.0,2025.0
1326137,TNXB,NM_001365276.2(TNXB):c.6293dup (p.Glu2100fs),E2100fs,Duplication,frameshift variant,Pathogenic/Likely pathogenic,"criteria provided, multiple submitters, no conflicts",LP,2022-06-23,P,2025-06-06,4,4,True,toward_pathogenic,2022.0,2025.0
1196848,TNXB,NM_001365276.2(TNXB):c.6805C>T (p.Gln2269Ter),Q2269*,single nucleotide variant,nonsense,Pathogenic/Likely pathogenic,"criteria provided, multiple submitters, no conflicts",LP,2022-10-14,P,2025-11-10,5,5,True,toward_pathogenic,2022.0,2025.0
3593481,TNXB,NM_001365276.2(TNXB):c.703_704dup (p.Arg236fs),R236fs,Microsatellite,frameshift variant,Pathogenic/Likely pathogenic,"criteria provided, multiple submitters, no conflicts",LP,2024-06-03,P,2025-06-02,2,2,True,toward_pathogenic,2024.0,2025.0
3593460,TNXB,NM_001365276.2(TNXB):c.7505del (p.Asp2502fs),"D2502fs, D2749fs",Deletion,frameshift variant,Pathogenic/Likely pathogenic,"criteria provided, multiple submitters, no conflicts",LP,2024-01-15,P,2024-12-03,2,2,True,toward_pathogenic,2024.0,2024.0
807521,UMOD,NM_003361.4(UMOD):c.317G>A (p.Cys106Tyr),"C106Y, C139Y",single nucleotide variant,missense variant|non-coding transcript variant,Pathogenic/Likely pathogenic,"criteria provided, multiple submitters, no conflicts",LP,2017-09-15,P,2024-07-01,8,8,True,toward_pathogenic,2017.0,2024.0
996330,UMOD,NM_003361.4(UMOD):c.586G>A (p.Asp196Asn),"D196N, D229N",single nucleotide variant,missense variant|non-coding transcript variant,Likely pathogenic,"criteria provided, single submitter",LP,2022-07-21,P,2025-02-26,2,2,True,toward_pathogenic,2022.0,2025.0
3578735,UMOD,NM_003361.4(UMOD):c.889T>C (p.Cys297Arg),"C297R, C330R",single nucleotide variant,missense variant|non-coding transcript variant,Pathogenic/Likely pathogenic,"criteria provided, multiple submitters, no conflicts",LP,2024-02-06,P,2025-03-13,2,2,True,toward_pathogenic,2024.0,2025.0
446167,UMOD,NM_003361.4(UMOD):c.949T>G (p.Cys317Gly),"C317G, C350G",single nucleotide variant,missense variant|non-coding transcript variant,Pathogenic/Likely pathogenic,"criteria provided, multiple submitters, no conflicts",LP,2015-02-03,P,2022-02-03,2,2,True,toward_pathogenic,2015.0,2022.0
4292365,UMOD,NM_003361.4(UMOD):c.950G>A (p.Cys317Tyr),"C317Y, C350Y",single nucleotide variant,missense variant|non-coding transcript variant,Pathogenic/Likely pathogenic,"criteria provided, multiple submitters, no conflicts",LP,2024-11-11,P,2025-07-13,2,2,True,toward_pathogenic,2024.0,2025.0
916658,FRAS1,NM_025074.7(FRAS1):c.8604+5G>A,,single nucleotide variant,intron variant,Likely pathogenic,"criteria provided, single submitter",LP,2018-09-14,VUS,2018-10-24,2,2,True,toward_benign,2018.0,2018.0
1344656,FREM2,NM_207361.6(FREM2):c.2533C>T (p.His845Tyr),H845Y,single nucleotide variant,missense variant,Uncertain significance,"criteria provided, single submitter",LP,2019-02-14,VUS,2024-04-24,2,2,True,toward_benign,2019.0,2024.0
1344655,FREM2,NM_207361.6(FREM2):c.3661C>T (p.Pro1221Ser),P1221S,single nucleotide variant,missense variant,Uncertain significance,"criteria provided, multiple submitters, no conflicts",LP,2019-02-14,VUS,2024-06-21,3,3,True,toward_benign,2019.0,2024.0
1344610,FREM2,NM_207361.6(FREM2):c.649C>T (p.Arg217Cys),R217C,single nucleotide variant,missense variant,Uncertain significance,"criteria provided, single submitter",LP,2018-08-24,VUS,2024-02-14,2,2,True,toward_benign,2018.0,2024.0
562392,HNF1B,NM_000458.4(HNF1B):c.853G>A (p.Gly285Ser),"G285S, G259S",single nucleotide variant,missense variant,Likely pathogenic,"criteria provided, single submitter",LP,2018-09-16,VUS,2024-08-28,3,3,True,toward_benign,2018.0,2024.0
599633,RET,NM_020975.6(RET):c.2437C>T (p.Arg813Trp),"R813W, R559W, R471W, R474W, R571W, R330W, R469W, R483W, R681W, R378W, R418W, R638W, R667W, R717W, R725W, R514W, R768W, R770W",single nucleotide variant,missense variant,Uncertain significance,"criteria provided, multiple submitters, no conflicts",LP,2013-01-01,VUS,2025-10-14,4,4,True,toward_benign,2013.0,2025.0
995966,ROBO2,NM_001395656.1(ROBO2):c.292G>T (p.Gly98Trp),"G114W, G121W, G98W",single nucleotide variant,missense variant|5 prime UTR variant,Uncertain significance,"criteria provided, single submitter",LP,2018-08-24,VUS,2021-01-09,2,2,True,toward_benign,2018.0,2021.0
562383,ROBO2,NM_001395656.1(ROBO2):c.95G>A (p.Arg32Gln),"R48Q, R32Q, R55Q",single nucleotide variant,missense variant|5 prime UTR variant,Uncertain significance,"criteria provided, single submitter",LP,2018-09-16,VUS,2021-01-09,2,2,True,toward_benign,2018.0,2021.0
1711187,TNXB,NM_001365276.2(TNXB):c.4111G>A (p.Glu1371Lys),E1371K,single nucleotide variant,missense variant,Uncertain significance,"criteria provided, multiple submitters, no conflicts",LP,2022-06-30,VUS,2025-09-22,4,4,True,toward_benign,2022.0,2025.0
384591,UMOD,NM_003361.4(UMOD):c.254A>G (p.Asn85Ser),"N85S, N118S",single nucleotide variant,missense variant|non-coding transcript variant,Likely pathogenic,"criteria provided, single submitter",LP,2020-12-24,VUS,2024-09-19,2,2,True,toward_benign,2020.0,2024.0
17704,BMP4,NM_001202.6(BMP4):c.860G>A (p.Arg287His),"R287H, R334H, R224H",single nucleotide variant,missense variant,Benign/Likely benign,"criteria provided, multiple submitters, no conflicts",P,2009-03-01,B,2026-01-19,6,5,True,toward_benign,2009.0,2026.0
17701,BMP4,NM_001202.6(BMP4):c.278A>G (p.Glu93Gly),"E93G, E140G, E30G",single nucleotide variant,missense variant,Likely benign,"criteria provided, single submitter",P,2008-02-01,LB,2024-12-01,2,2,True,toward_benign,2008.0,2024.0
60686,DSTYK,NM_015375.3(DSTYK):c.655-3C>T,,single nucleotide variant,intron variant,Likely benign,"criteria provided, single submitter",P,2013-08-15,LB,2025-12-03,2,2,True,toward_benign,2013.0,2025.0
3001305,ACE,NM_000789.4(ACE):c.1186C>T (p.Gln396Ter),"Q112*, Q207*, Q396*",single nucleotide variant,nonsense,Pathogenic/Likely pathogenic,"criteria provided, multiple submitters, no conflicts",P,2023-03-17,LP,2024-04-20,2,2,True,toward_benign,2023.0,2024.0
208559,ACE,NM_000789.4(ACE):c.12_31del (p.Ser5fs),S5fs,Deletion,frameshift variant,Pathogenic/Likely pathogenic,"criteria provided, multiple submitters, no conflicts",P,2014-09-24,LP,2018-02-28,2,2,True,toward_benign,2014.0,2018.0
1940593,ACE,NM_000789.4(ACE):c.232G>T (p.Glu78Ter),E78*,single nucleotide variant,nonsense|5 prime UTR variant,Pathogenic/Likely pathogenic,"criteria provided, multiple submitters, no conflicts",P,2022-07-23,LP,2024-03-02,2,2,True,toward_benign,2022.0,2024.0
871758,ACE,NM_000789.4(ACE):c.35TGC[1] (p.Leu13_Leu14del),,Microsatellite,inframe_deletion|5 prime UTR variant,Pathogenic/Likely pathogenic,"criteria provided, multiple submitters, no conflicts",P,2019-04-01,LP,2026-03-29,4,4,True,toward_benign,2019.0,2026.0
18070,AGT,NC_000001.11:g.230705933C>T,,single nucleotide variant,,Pathogenic/Likely pathogenic,"criteria provided, multiple submitters, no conflicts",P,2005-09-01,LP,2024-11-08,3,3,True,toward_benign,2005.0,2024.0
429714,AGT,NM_001384479.1(AGT):c.1060C>T,,single nucleotide variant,,Pathogenic/Likely pathogenic,"criteria provided, multiple submitters, no conflicts",P,2017-05-15,LP,2021-11-19,2,2,True,toward_benign,2017.0,2021.0
18066,AGTR1,NM_000685.5(AGTR1):c.110dup (p.Ile38fs),"I38fs, I73fs",Duplication,frameshift variant,Likely pathogenic,"criteria provided, single submitter",P,2005-09-01,LP,2021-03-05,2,2,True,toward_benign,2005.0,2021.0
50207,AGTR1,NM_000685.5(AGTR1):c.376C>T (p.Arg126Ter),R126*,single nucleotide variant,nonsense,Likely pathogenic,"criteria provided, single submitter",P,2012-02-01,LP,2023-12-21,2,2,True,toward_benign,2012.0,2023.0
32153,CHD1L,GRCh38/hg38 1q21.1-21.2(chr1:145215697-149076087)x3,,copy number gain,,Pathogenic/Likely pathogenic,no assertion criteria provided,P,2013-06-25,LP,2018-02-14,2,2,True,toward_benign,2013.0,2018.0
522400,EYA1,NM_000503.6(EYA1):c.1044T>G (p.Tyr348Ter),"Y348*, Y226*, Y377*, Y371*, Y342*, Y372*",single nucleotide variant,nonsense,Pathogenic/Likely pathogenic,"criteria provided, multiple submitters, no conflicts",P,2017-08-03,LP,2023-11-30,3,3,True,toward_benign,2017.0,2023.0
4072061,EYA1,NM_000503.6(EYA1):c.1199+1G>A,,single nucleotide variant,splice donor variant,Pathogenic/Likely pathogenic,"criteria provided, multiple submitters, no conflicts",P,2024-07-23,LP,2025-03-12,2,2,True,toward_benign,2024.0,2025.0
3643117,EYA1,NM_000503.6(EYA1):c.1344C>A (p.Tyr448Ter),"Y441*, Y442*, Y448*, Y326*, Y415*, Y477*",single nucleotide variant,nonsense,Pathogenic/Likely pathogenic,"criteria provided, multiple submitters, no conflicts",P,2024-02-24,LP,2025-05-02,2,2,True,toward_benign,2024.0,2025.0
957904,EYA1,NM_000503.6(EYA1):c.1433G>A (p.Trp478Ter),"W356*, W478*, W472*, W507*, W471*",single nucleotide variant,nonsense,Pathogenic/Likely pathogenic,"criteria provided, multiple submitters, no conflicts",P,2019-11-06,LP,2023-03-14,2,2,True,toward_benign,2019.0,2023.0
3720832,EYA1,NM_000503.6(EYA1):c.1697dup (p.His567fs),"H560fs, H567fs, H596fs, H561fs, H445fs, H534fs",Duplication,frameshift variant,Pathogenic/Likely pathogenic,"criteria provided, multiple submitters, no conflicts",P,2024-12-19,LP,2025-06-15,2,2,True,toward_benign,2024.0,2025.0
459256,EYA1,NM_000503.6(EYA1):c.640-15_698del,,Deletion,splice acceptor variant,Pathogenic/Likely pathogenic,"criteria provided, multiple submitters, no conflicts",P,2022-04-14,LP,2022-08-01,2,2,True,toward_benign,2022.0,2022.0
834788,EYA1,NM_000503.6(EYA1):c.880C>T (p.Arg294Ter),"R172*, R318*, R317*, R323*, R288*, R294*",single nucleotide variant,nonsense,Pathogenic,"criteria provided, multiple submitters, no conflicts",P,2021-11-04,LP,2024-11-05,7,7,True,toward_benign,2021.0,2024.0
2790381,FRAS1,NM_025074.7(FRAS1):c.11110C>T (p.Arg3704Ter),R3704*,single nucleotide variant,nonsense,Pathogenic/Likely pathogenic,"criteria provided, multiple submitters, no conflicts",P,2023-06-23,LP,2024-05-30,2,2,True,toward_benign,2023.0,2024.0
916651,FRAS1,NM_025074.7(FRAS1):c.11298+1G>A,,single nucleotide variant,splice donor variant,Pathogenic/Likely pathogenic,"criteria provided, multiple submitters, no conflicts",P,2018-09-14,LP,2024-02-03,3,3,True,toward_benign,2018.0,2024.0
916656,FRAS1,NM_025074.7(FRAS1):c.11473C>T (p.Gln3825Ter),Q3825*,single nucleotide variant,nonsense,Pathogenic/Likely pathogenic,"criteria provided, multiple submitters, no conflicts",P,2018-09-14,LP,2023-03-29,2,2,True,toward_benign,2018.0,2023.0
2877636,FRAS1,NM_025074.7(FRAS1):c.1158_1159insT (p.Ala387fs),A387fs,Insertion,frameshift variant,Pathogenic/Likely pathogenic,"criteria provided, multiple submitters, no conflicts",P,2023-08-31,LP,2024-04-26,2,2,True,toward_benign,2023.0,2024.0
3590911,FRAS1,NM_025074.7(FRAS1):c.1253C>G (p.Ser418Ter),S418*,single nucleotide variant,nonsense,Pathogenic/Likely pathogenic,"criteria provided, multiple submitters, no conflicts",P,2024-02-15,LP,2024-03-28,2,2,True,toward_benign,2024.0,2024.0
2904426,FRAS1,NM_025074.7(FRAS1):c.1346G>A (p.Trp449Ter),W449*,single nucleotide variant,nonsense,Pathogenic/Likely pathogenic,"criteria provided, multiple submitters, no conflicts",P,2023-09-01,LP,2024-03-20,2,2,True,toward_benign,2023.0,2024.0
2971197,FRAS1,NM_025074.7(FRAS1):c.3204_3205del (p.Cys1068_Asp1069delinsTer),,Microsatellite,nonsense,Pathogenic/Likely pathogenic,"criteria provided, multiple submitters, no conflicts",P,2023-09-19,LP,2024-04-04,2,2,True,toward_benign,2023.0,2024.0
2959208,FRAS1,NM_025074.7(FRAS1):c.382del (p.Gln128fs),Q128fs,Deletion,frameshift variant,Pathogenic/Likely pathogenic,"criteria provided, multiple submitters, no conflicts",P,2024-01-24,LP,2024-02-19,2,2,True,toward_benign,2024.0,2024.0
2879488,FRAS1,NM_025074.7(FRAS1):c.382dup (p.Gln128fs),Q128fs,Duplication,frameshift variant,Pathogenic/Likely pathogenic,"criteria provided, multiple submitters, no conflicts",P,2024-01-11,LP,2024-03-21,2,2,True,toward_benign,2024.0,2024.0
499147,FRAS1,NM_025074.7(FRAS1):c.5125C>T (p.Arg1709Ter),R1709*,single nucleotide variant,nonsense,Pathogenic/Likely pathogenic,"criteria provided, multiple submitters, no conflicts",P,2016-12-08,LP,2025-05-19,6,6,True,toward_benign,2016.0,2025.0
916657,FRAS1,NM_025074.7(FRAS1):c.5574dup (p.Ala1859fs),A1859fs,Duplication,frameshift variant,Pathogenic/Likely pathogenic,"criteria provided, multiple submitters, no conflicts",P,2003-06-01,LP,2023-08-15,3,3,True,toward_benign,2003.0,2023.0
2724035,FRAS1,NM_025074.7(FRAS1):c.5927_5928del (p.Ile1976fs),I1976fs,Deletion,frameshift variant,Pathogenic/Likely pathogenic,"criteria provided, multiple submitters, no conflicts",P,2023-06-23,LP,2024-08-27,3,3,True,toward_benign,2023.0,2024.0
916663,FRAS1,NM_025074.7(FRAS1):c.6010G>A (p.Gly2004Ser),G2004S,single nucleotide variant,missense variant,Pathogenic/Likely pathogenic,"criteria provided, multiple submitters, no conflicts",P,2018-09-14,LP,2025-07-21,3,3,True,toward_benign,2018.0,2025.0
2818519,FRAS1,NM_025074.7(FRAS1):c.7285C>T (p.Arg2429Ter),R2429*,single nucleotide variant,nonsense,Pathogenic/Likely pathogenic,"criteria provided, multiple submitters, no conflicts",P,2023-10-28,LP,2026-04-22,2,2,True,toward_benign,2023.0,2026.0
2785145,FRAS1,NM_025074.7(FRAS1):c.748_758del (p.Arg250fs),R250fs,Deletion,frameshift variant,Pathogenic/Likely pathogenic,"criteria provided, multiple submitters, no conflicts",P,2023-08-23,LP,2024-04-08,2,2,True,toward_benign,2023.0,2024.0
3590865,FRAS1,NM_025074.7(FRAS1):c.79_103dup (p.Leu35fs),L35fs,Duplication,frameshift variant,Pathogenic/Likely pathogenic,"criteria provided, multiple submitters, no conflicts",P,2024-02-26,LP,2024-06-03,2,2,True,toward_benign,2024.0,2024.0
916665,FRAS1,NM_025074.7(FRAS1):c.8098+1G>T,,single nucleotide variant,splice donor variant,Pathogenic/Likely pathogenic,"criteria provided, multiple submitters, no conflicts",P,2018-09-14,LP,2023-12-20,2,2,True,toward_benign,2018.0,2023.0
30764,FREM1,NM_001379081.2(FREM1):c.3971T>G (p.Leu1324Arg),L1324R,single nucleotide variant,missense variant|non-coding transcript variant,Likely pathogenic,"criteria provided, multiple submitters, no conflicts",P,2011-06-01,LP,2025-06-12,6,6,True,toward_benign,2011.0,2025.0
1252033,FREM2,NM_207361.6(FREM2):c.2303C>G (p.Ser768Ter),S768*,single nucleotide variant,nonsense,Likely pathogenic,"criteria provided, single submitter",P,2021-04-29,LP,2024-03-17,2,1,True,toward_benign,2021.0,2024.0
1322940,FREM2,NM_207361.6(FREM2):c.2833del (p.His945fs),H945fs,Deletion,frameshift variant,Pathogenic/Likely pathogenic,"criteria provided, multiple submitters, no conflicts",P,2020-01-30,LP,2024-05-26,4,4,True,toward_benign,2020.0,2024.0
3012758,FREM2,NM_207361.6(FREM2):c.3569del (p.Gln1190fs),Q1190fs,Deletion,frameshift variant,Pathogenic/Likely pathogenic,"criteria provided, multiple submitters, no conflicts",P,2023-06-02,LP,2024-02-28,2,2,True,toward_benign,2023.0,2024.0
285788,FREM2,NM_207361.6(FREM2):c.5954dup (p.Met1985fs),M1985fs,Duplication,frameshift variant,Pathogenic/Likely pathogenic,"criteria provided, multiple submitters, no conflicts",P,2016-02-05,LP,2024-02-16,4,4,True,toward_benign,2016.0,2024.0
2784732,FREM2,NM_207361.6(FREM2):c.5982del (p.Ala1996fs),A1996fs,Deletion,frameshift variant,Pathogenic/Likely pathogenic,"criteria provided, multiple submitters, no conflicts",P,2024-01-28,LP,2024-04-10,2,2,True,toward_benign,2024.0,2024.0
523570,FREM2,NM_207361.6(FREM2):c.6727C>T (p.Arg2243Ter),R2243*,single nucleotide variant,nonsense,Pathogenic/Likely pathogenic,"criteria provided, multiple submitters, no conflicts",P,2017-01-01,LP,2022-12-30,3,3,True,toward_benign,2017.0,2022.0
2104116,FREM2,NM_207361.6(FREM2):c.7477_7478del (p.Leu2493fs),L2493fs,Deletion,frameshift variant,Pathogenic/Likely pathogenic,"criteria provided, multiple submitters, no conflicts",P,2022-04-28,LP,2024-03-20,2,2,True,toward_benign,2022.0,2024.0
430696,GATA3,NM_001002295.2(GATA3):c.1051-1G>C,,single nucleotide variant,splice acceptor variant,Pathogenic,"criteria provided, single submitter",P,2016-11-02,LP,2024-04-05,2,2,True,toward_benign,2016.0,2024.0
16627,GATA3,NM_001002295.2(GATA3):c.431del (p.Gly144fs),G144fs,Deletion,frameshift variant,Pathogenic,"criteria provided, multiple submitters, no conflicts",P,2007-04-01,LP,2024-11-05,4,4,True,toward_benign,2007.0,2024.0
870395,GATA3,NM_001002295.2(GATA3):c.431dup (p.His145fs),H145fs,Duplication,frameshift variant,Pathogenic/Likely pathogenic,"criteria provided, multiple submitters, no conflicts",P,2018-08-28,LP,2024-11-01,5,5,True,toward_benign,2018.0,2024.0
620314,GRIP1,NM_001366722.1(GRIP1):c.30T>A (p.Cys10Ter),C10*,single nucleotide variant,nonsense|intron variant,Pathogenic/Likely pathogenic,"criteria provided, multiple submitters, no conflicts",P,2023-04-26,LP,2024-12-31,4,4,True,toward_benign,2023.0,2024.0
12642,HNF1B,NM_000458.4(HNF1B):c.1055dup (p.Tyr352Ter),"Y352*, Y326*",Duplication,nonsense,Pathogenic,"criteria provided, single submitter",P,2001-10-01,LP,2024-11-05,3,3,True,toward_benign,2001.0,2024.0
635607,HNF1B,NM_000458.4(HNF1B):c.1096_1099del (p.Ile366fs),"I366fs, I340fs",Deletion,frameshift variant,Pathogenic/Likely pathogenic,"criteria provided, multiple submitters, no conflicts",P,2019-07-06,LP,2024-06-03,3,3,True,toward_benign,2019.0,2024.0
635689,HNF1B,NM_000458.4(HNF1B):c.478A>G (p.Met160Val),M160V,single nucleotide variant,missense variant,Pathogenic/Likely pathogenic,"criteria provided, multiple submitters, no conflicts",P,2019-07-06,LP,2024-10-07,3,3,True,toward_benign,2019.0,2024.0
635684,HNF1B,NM_000458.4(HNF1B):c.493C>T (p.Arg165Cys),R165C,single nucleotide variant,missense variant,Pathogenic/Likely pathogenic,"criteria provided, multiple submitters, no conflicts",P,2019-07-06,LP,2024-07-30,4,4,True,toward_benign,2019.0,2024.0
635675,HNF1B,NM_000458.4(HNF1B):c.526C>T (p.Gln176Ter),Q176*,single nucleotide variant,nonsense,Pathogenic/Likely pathogenic,"criteria provided, multiple submitters, no conflicts",P,2019-07-06,LP,2023-01-25,2,2,True,toward_benign,2019.0,2023.0
1457328,HNF1B,NM_000458.4(HNF1B):c.634C>T (p.Gln212Ter),"Q212*, Q186*",single nucleotide variant,nonsense,Pathogenic/Likely pathogenic,"criteria provided, multiple submitters, no conflicts",P,2021-07-01,LP,2021-07-21,2,2,True,toward_benign,2021.0,2021.0
635647,HNF1B,NM_000458.4(HNF1B):c.809+1G>A,,single nucleotide variant,splice donor variant,Pathogenic/Likely pathogenic,"criteria provided, multiple submitters, no conflicts",P,2019-07-06,LP,2023-01-15,3,3,True,toward_benign,2019.0,2023.0
635633,HNF1B,NM_000458.4(HNF1B):c.865A>G (p.Asn289Asp),"N289D, N263D",single nucleotide variant,missense variant,Pathogenic/Likely pathogenic,"criteria provided, multiple submitters, no conflicts",P,2019-07-06,LP,2022-07-09,3,3,True,toward_benign,2019.0,2022.0
635631,HNF1B,NM_000458.4(HNF1B):c.883C>T (p.Arg295Cys),"R295C, R269C",single nucleotide variant,missense variant,Pathogenic/Likely pathogenic,"criteria provided, multiple submitters, no conflicts",P,2019-07-06,LP,2024-05-09,4,4,True,toward_benign,2019.0,2024.0
89,HPSE2,NM_021828.5(HPSE2):c.457C>T (p.Arg153Ter),R153*,single nucleotide variant,nonsense|intron variant,Pathogenic/Likely pathogenic,"criteria provided, multiple submitters, no conflicts",P,2010-06-11,LP,2024-03-14,4,4,True,toward_benign,2010.0,2024.0
126498,ITGA8,NM_003638.3(ITGA8):c.2982+2T>C,,single nucleotide variant,splice donor variant,Pathogenic/Likely pathogenic,"criteria provided, multiple submitters, no conflicts",P,2014-02-06,LP,2025-03-06,5,5,True,toward_benign,2014.0,2025.0
817557,KAL1,NM_000216.4(ANOS1):c.494C>A (p.Ser165Ter),S165*,single nucleotide variant,nonsense,Pathogenic,"criteria provided, single submitter",P,2019-10-01,LP,2024-11-05,2,2,True,toward_benign,2019.0,2024.0
217287,PAX2,NM_000278.5(PAX2):c.187G>A (p.Gly63Ser),"G63S, G94S",single nucleotide variant,missense variant,Pathogenic/Likely pathogenic,"criteria provided, multiple submitters, no conflicts",P,2015-10-19,LP,2025-07-12,2,2,True,toward_benign,2015.0,2025.0
1351546,PAX2,NM_000278.5(PAX2):c.483del (p.Gly162fs),"G193fs, G162fs",Deletion,frameshift variant,Pathogenic/Likely pathogenic,"criteria provided, multiple submitters, no conflicts",P,2020-11-15,LP,2021-10-17,2,2,True,toward_benign,2020.0,2021.0
419700,PAX2,NM_000278.5(PAX2):c.616+5648T>C,,single nucleotide variant,intron variant|splice donor variant,Pathogenic/Likely pathogenic,"criteria provided, multiple submitters, no conflicts",P,2015-09-09,LP,2022-03-26,2,2,True,toward_benign,2015.0,2022.0
522066,PAX2,NM_000278.5(PAX2):c.890C>G (p.Ser297Ter),"S320*, S328*, S297*",single nucleotide variant,nonsense,Pathogenic/Likely pathogenic,"criteria provided, multiple submitters, no conflicts",P,2017-09-18,LP,2025-06-26,2,2,True,toward_benign,2017.0,2025.0
2497944,RET,NM_020975.6(RET):c.1827C>G (p.Cys609Trp),"C355W, C310W, C367W, C477W, C214W, C267W, C434W, C513W, C566W, C126W, C279W, C463W",single nucleotide variant,missense variant,Pathogenic/Likely pathogenic,"criteria provided, multiple submitters, no conflicts",P,2022-10-10,LP,2025-11-12,3,3,True,toward_benign,2022.0,2025.0
820303,RET,NM_020975.6(RET):c.1900_1901delinsCT (p.Cys634Leu),"C380L, C634L, C151L, C292L, C304L, C459L, C488L, C295L, C335L, C199L, C239L, C538L, C591L, C392L, C502L",Indel,missense variant,Pathogenic/Likely pathogenic,"criteria provided, multiple submitters, no conflicts",P,2019-08-08,LP,2025-06-16,2,2,True,toward_benign,2019.0,2025.0
1069381,RET,NM_020975.6(RET):c.229C>T (p.Arg77Cys),R77C,single nucleotide variant,missense variant,Pathogenic/Likely pathogenic,"criteria provided, multiple submitters, no conflicts",P,2021-03-29,LP,2024-06-25,2,2,True,toward_benign,2021.0,2024.0
2573246,RET,NM_020975.6(RET):c.2304_2307delinsCCTT (p.Glu768Asp),"E285D, E333D, E373D, E424D, E426D, E429D, E438D, E469D, E514D, E526D, E593D, E622D, E636D, E672D, E680D, E723D, E725D, E768D",Indel,missense variant,Pathogenic/Likely pathogenic,"criteria provided, multiple submitters, no conflicts",P,2023-03-22,LP,2023-08-08,2,2,True,toward_benign,2023.0,2023.0
1679304,SALL1,NM_002968.3(SALL1):c.601C>T (p.Gln201Ter),"Q104*, Q201*",single nucleotide variant,nonsense,Pathogenic/Likely pathogenic,"criteria provided, multiple submitters, no conflicts",P,2021-05-18,LP,2021-08-01,2,2,True,toward_benign,2021.0,2021.0
8310,SIX1,NM_005982.4(SIX1):c.397_399del (p.Glu133del),E133del,Deletion,inframe_deletion,Pathogenic/Likely pathogenic,"criteria provided, multiple submitters, no conflicts",P,2004-05-25,LP,2026-01-01,9,9,True,toward_benign,2004.0,2026.0
4278572,SIX1,NM_005982.4(SIX1):c.522C>G (p.Asn174Lys),N174K,single nucleotide variant,non-coding transcript variant|missense variant|intron variant,Pathogenic/Likely pathogenic,"criteria provided, multiple submitters, no conflicts",P,2025-04-06,LP,2026-03-11,2,2,True,toward_benign,2025.0,2026.0
208527,TBX18,NM_001080508.3(TBX18):c.1010del (p.Gly337fs),G337fs,Deletion,frameshift variant,Pathogenic/Likely pathogenic,no assertion criteria provided,P,2015-08-06,LP,2018-08-24,2,2,True,toward_benign,2015.0,2018.0
3381004,TNXB,NM_001365276.2(TNXB):c.11441_11530+30del,,Deletion,splice donor variant,Pathogenic/Likely pathogenic,"criteria provided, multiple submitters, no conflicts",P,2024-11-26,LP,2025-06-25,2,2,True,toward_benign,2024.0,2025.0
521427,TNXB,NM_001365276.2(TNXB):c.1878del (p.His626fs),H626fs,Deletion,frameshift variant,Pathogenic/Likely pathogenic,"criteria provided, multiple submitters, no conflicts",P,2016-12-12,LP,2025-02-11,3,3,True,toward_benign,2016.0,2025.0
871711,TNXB,NM_001365276.2(TNXB):c.3288del (p.Gln1095_Tyr1096insTer),,Deletion,nonsense,Pathogenic/Likely pathogenic,"criteria provided, multiple submitters, no conflicts",P,2021-05-05,LP,2024-03-12,3,3,True,toward_benign,2021.0,2024.0
1702327,TNXB,NM_001365276.2(TNXB):c.3942dup (p.Thr1315fs),T1315fs,Duplication,frameshift variant,Pathogenic/Likely pathogenic,"criteria provided, multiple submitters, no conflicts",P,2019-06-18,LP,2024-01-04,3,3,True,toward_benign,2019.0,2024.0
2391120,TNXB,NM_001365276.2(TNXB):c.4573C>T (p.Arg1525Ter),R1525*,single nucleotide variant,nonsense,Pathogenic,"criteria provided, single submitter",P,2021-08-02,LP,2023-11-15,2,2,True,toward_benign,2021.0,2023.0
1323700,TNXB,NM_001365276.2(TNXB):c.7826-1G>C,,single nucleotide variant,splice acceptor variant,Pathogenic/Likely pathogenic,"criteria provided, multiple submitters, no conflicts",P,2019-12-12,LP,2025-12-23,6,6,True,toward_benign,2019.0,2025.0
2392339,TNXB,NM_001365276.2(TNXB):c.8613del (p.Phe2871fs),"F2869fs, F2871fs",Deletion,frameshift variant,Pathogenic/Likely pathogenic,"criteria provided, multiple submitters, no conflicts",P,2021-08-02,LP,2024-03-28,2,2,True,toward_benign,2021.0,2024.0
2632069,TNXB,NM_001365276.2(TNXB):c.8995del (p.Arg2999fs),"R2997fs, R2999fs",Deletion,frameshift variant,Pathogenic/Likely pathogenic,"criteria provided, multiple submitters, no conflicts",P,2023-05-15,LP,2026-02-13,3,3,True,toward_benign,2023.0,2026.0
12257,UMOD,NM_003361.4(UMOD):c.307G>T (p.Gly103Cys),"G103C, G136C",single nucleotide variant,missense variant|non-coding transcript variant,Likely pathogenic,"criteria provided, single submitter",P,2002-12-01,LP,2023-01-29,2,2,True,toward_benign,2002.0,2023.0
3029895,UMOD,NM_003361.4(UMOD):c.553C>A (p.Arg185Ser),"R185S, R218S",single nucleotide variant,missense variant|non-coding transcript variant,Likely pathogenic,"criteria provided, single submitter",P,2023-11-22,LP,2026-01-21,2,2,True,toward_benign,2023.0,2026.0
586923,UMOD,NM_003361.4(UMOD):c.610C>G (p.Arg204Gly),"R204G, R237G",single nucleotide variant,missense variant|non-coding transcript variant,Pathogenic/Likely pathogenic,"criteria provided, multiple submitters, no conflicts",P,2018-02-02,LP,2022-03-15,3,3,True,toward_benign,2018.0,2022.0
12264,UMOD,NM_003361.4(UMOD):c.817G>T (p.Val273Phe),"V273F, V306F",single nucleotide variant,missense variant|non-coding transcript variant,Likely pathogenic,"criteria provided, single submitter",P,2006-09-01,LP,2020-01-27,2,2,True,toward_benign,2006.0,2020.0
441279,UMOD,NM_003361.4(UMOD):c.947A>C (p.Gln316Pro),"Q316P, Q349P",single nucleotide variant,missense variant|non-coding transcript variant,Likely pathogenic,"criteria provided, single submitter",P,2005-07-01,LP,2022-08-03,2,2,True,toward_benign,2005.0,2022.0
18062,ACE,NM_000789.4(ACE):c.3683C>T (p.Pro1228Leu),"P1228L, P613L, P654L",single nucleotide variant,missense variant,Uncertain significance,"criteria provided, single submitter",P,2003-12-23,VUS,2024-05-01,2,2,True,toward_benign,2003.0,2024.0
17702,BMP4,NM_001202.6(BMP4):c.1037C>T (p.Ala346Val),"A346V, A283V, A393V",single nucleotide variant,missense variant,Uncertain significance,"criteria provided, single submitter",P,2009-03-01,VUS,2024-04-29,2,2,True,toward_benign,2009.0,2024.0
599533,CHD1L,NM_004284.6(CHD1L):c.1929del (p.Arg643fs),"R480fs, R491fs, R543fs, R571fs, R439fs, R530fs, R362fs, R643fs",Deletion,frameshift variant|non-coding transcript variant,Uncertain significance,"criteria provided, single submitter",P,2001-11-18,VUS,2024-08-09,3,3,True,toward_benign,2001.0,2024.0
1989,FREM1,NM_001379081.2(FREM1):c.1945C>T (p.Arg649Trp),R649W,single nucleotide variant,missense variant|non-coding transcript variant,Uncertain significance,"criteria provided, multiple submitters, no conflicts",P,2009-09-01,VUS,2024-04-11,4,4,True,toward_benign,2009.0,2024.0
1990,FREM1,NM_001379081.2(FREM1):c.4318G>A (p.Gly1440Ser),G1440S,single nucleotide variant,missense variant|non-coding transcript variant,Uncertain significance,"criteria provided, multiple submitters, no conflicts",P,2009-09-01,VUS,2025-08-07,5,5,True,toward_benign,2009.0,2025.0
30766,FREM1,NM_001379081.2(FREM1):c.4499A>T (p.Glu1500Val),"E1500V, E36V",single nucleotide variant,missense variant|non-coding transcript variant,Uncertain significance,"criteria provided, multiple submitters, no conflicts",P,2011-09-01,VUS,2025-08-25,7,7,True,toward_benign,2011.0,2025.0
1412924,HNF1B,NC_000017.10:g.(?_34892951)_(36104875_?)del,,Deletion,,Uncertain significance,"criteria provided, single submitter",P,2021-12-12,VUS,2022-10-03,2,1,True,toward_benign,2021.0,2022.0
155929,PAX2,NM_000278.5(PAX2):c.167G>A (p.Arg56Gln),"R56Q, R87Q",single nucleotide variant,missense variant,Uncertain significance,"criteria provided, single submitter",P,2014-09-01,VUS,2024-10-09,2,2,True,toward_benign,2014.0,2024.0
274004,RET,NM_020975.6(RET):c.1196C>T (p.Pro399Leu),"P399L, P145L, P253L, P356L, P157L, P303L, P69L",single nucleotide variant,missense variant,Uncertain significance,"criteria provided, multiple submitters, no conflicts",P,2016-11-18,VUS,2025-03-12,4,4,True,toward_benign,2016.0,2025.0
24968,RET,NM_020975.6(RET):c.2735G>C (p.Arg912Pro),"R912P, R658P, R573P, R582P, R613P, R766P, R867P, R869P, R429P, R670P, R780P, R477P, R517P, R570P, R737P, R816P, R568P, R824P",single nucleotide variant,missense variant,Uncertain significance,"criteria provided, multiple submitters, no conflicts",P,2004-07-01,VUS,2025-07-17,3,3,True,toward_benign,2004.0,2025.0
7103,ROBO2,NM_001395656.1(ROBO2):c.2846T>C (p.Ile949Thr),"I945T, I961T, I352T, I949T, I965T, I968T, I972T",single nucleotide variant,missense variant,Uncertain significance,"criteria provided, multiple submitters, no conflicts",P,2007-04-01,VUS,2024-03-02,4,4,True,toward_benign,2007.0,2024.0
7104,ROBO2,NM_001395656.1(ROBO2):c.3718G>A (p.Ala1240Thr),"A1236T, A1252T, A1240T, A643T, A1237T, A1256T, A1259T, A1263T, A1278T, A1298T, A1301T, A1302T, A1305T",single nucleotide variant,missense variant,Uncertain significance,"criteria provided, single submitter",P,2007-04-01,VUS,2021-01-09,2,2,True,toward_benign,2007.0,2021.0
8598,SIX5,NM_175875.5(SIX5):c.472G>A (p.Ala158Thr),A158T,single nucleotide variant,missense variant,Uncertain significance,"criteria provided, multiple submitters, no conflicts",P,2007-04-01,VUS,2026-01-19,5,5,True,toward_benign,2007.0,2026.0
684622,SRGAP1,NM_020762.4(SRGAP1):c.1993C>A (p.Pro665Thr),"P642T, P665T",single nucleotide variant,missense variant,Uncertain significance,"criteria provided, single submitter",P,2015-05-31,VUS,2020-05-28,3,2,True,toward_benign,2015.0,2020.0
208456,SRGAP1,NM_020762.4(SRGAP1):c.447A>C (p.Gln149His),Q149H,single nucleotide variant,missense variant,Uncertain significance,"criteria provided, single submitter",P,2013-05-01,VUS,2021-07-30,2,2,True,toward_benign,2013.0,2021.0
684621,SRGAP1,NM_020762.4(SRGAP1):c.806G>A (p.Cys269Tyr),C269Y,single nucleotide variant,missense variant,Uncertain significance,"criteria provided, single submitter",P,2015-05-31,VUS,2020-05-28,3,2,True,toward_benign,2015.0,2020.0
208528,TBX18,NM_001080508.3(TBX18):c.1570C>T (p.His524Tyr),H524Y,single nucleotide variant,missense variant,Uncertain significance,"criteria provided, single submitter",P,2015-08-06,VUS,2025-07-07,3,3,True,toward_benign,2015.0,2025.0
4885,FGF20,NM_019851.3(FGF20):c.*182C>T,,single nucleotide variant,3 prime UTR variant,Benign,"criteria provided, multiple submitters, no conflicts",VUS,2009-02-15,B,2021-06-19,3,3,True,toward_benign,2009.0,2021.0
41839,RET,NM_020975.6(RET):c.200G>A (p.Arg67His),R67H,single nucleotide variant,missense variant,Benign/Likely benign,"criteria provided, multiple submitters, no conflicts",VUS,2012-07-13,B,2026-02-03,17,14,True,toward_benign,2012.0,2026.0
136116,RET,NM_020975.6(RET):c.3188-9C>T,,single nucleotide variant,intron variant,Benign/Likely benign,"criteria provided, multiple submitters, no conflicts",VUS,2015-12-10,B,2026-02-04,12,8,True,toward_benign,2015.0,2026.0
13947,RET,NM_020975.6(RET):c.341G>A (p.Arg114His),R114H,single nucleotide variant,missense variant,Benign/Likely benign,"criteria provided, multiple submitters, no conflicts",VUS,2002-04-01,B,2026-02-01,14,12,True,toward_benign,2002.0,2026.0
41846,RET,NM_020975.6(RET):c.833C>A (p.Thr278Asn),"T278N, T24N, T235N, T182N",single nucleotide variant,missense variant,Benign/Likely benign,"criteria provided, multiple submitters, no conflicts",VUS,2012-07-13,B,2026-02-03,22,19,True,toward_benign,2012.0,2026.0
559148,TRAP1,NM_016292.3(TRAP1):c.1330T>A (p.Tyr444Asn),"Y444N, Y391N",single nucleotide variant,missense variant,Benign/Likely benign,"criteria provided, multiple submitters, no conflicts",VUS,2016-02-23,B,2026-01-27,5,5,True,toward_benign,2016.0,2026.0
496815,TRAP1,NM_016292.3(TRAP1):c.1604C>G (p.Thr535Ser),"T535S, T482S",single nucleotide variant,missense variant,Benign,"criteria provided, single submitter",VUS,2018-02-26,B,2026-01-26,2,2,True,toward_benign,2018.0,2026.0
2712486,ACE,NM_000789.4(ACE):c.417+4G>A,,single nucleotide variant,intron variant,Uncertain significance,"criteria provided, single submitter",VUS,2023-10-09,LB,2023-10-26,2,2,True,toward_benign,2023.0,2023.0
296081,AGT,NC_000001.11:g.230710008G>A,,single nucleotide variant,,Uncertain significance,"criteria provided, single submitter",VUS,2018-01-12,LB,2019-10-28,2,2,True,toward_benign,2018.0,2019.0
1415194,FRAS1,NM_025074.7(FRAS1):c.10389G>A (p.Gln3463=),,single nucleotide variant,synonymous variant,Uncertain significance,"criteria provided, multiple submitters, no conflicts",VUS,2021-05-09,LB,2023-10-11,3,3,True,toward_benign,2021.0,2023.0
1358557,FRAS1,NM_025074.7(FRAS1):c.10540+4T>G,,single nucleotide variant,intron variant,Uncertain significance,"criteria provided, single submitter",VUS,2023-04-29,LB,2024-03-13,2,2,True,toward_benign,2023.0,2024.0
2177912,FRAS1,NM_025074.7(FRAS1):c.6009C>T (p.His2003=),,single nucleotide variant,synonymous variant,Likely benign,"criteria provided, single submitter",VUS,2024-06-05,LB,2026-01-19,2,2,True,toward_benign,2024.0,2026.0
2058093,FREM2,NM_207361.6(FREM2):c.2620C>T (p.His874Tyr),H874Y,single nucleotide variant,missense variant,Uncertain significance,"criteria provided, multiple submitters, no conflicts",VUS,2022-08-23,LB,2024-09-04,4,4,True,toward_benign,2022.0,2024.0
2058293,FREM2,NM_207361.6(FREM2):c.305G>C (p.Gly102Ala),G102A,single nucleotide variant,missense variant,Uncertain significance,"criteria provided, single submitter",VUS,2022-03-21,LB,2022-03-31,2,2,True,toward_benign,2022.0,2022.0
878526,GATA3,NM_001002295.2(GATA3):c.492C>T (p.Asp164=),,single nucleotide variant,synonymous variant,Uncertain significance,"criteria provided, single submitter",VUS,2018-01-13,LB,2022-06-27,2,2,True,toward_benign,2018.0,2022.0
310276,GRIP1,NM_001366722.1(GRIP1):c.*1262T>A,,single nucleotide variant,3 prime UTR variant,Uncertain significance,"criteria provided, single submitter",VUS,2018-01-12,LB,2021-08-09,2,2,True,toward_benign,2018.0,2021.0
1336915,GRIP1,NM_001366722.1(GRIP1):c.2882G>A (p.Arg961Gln),"R894Q, R909Q, R910Q, R919Q, R920Q, R934Q, R935Q, R946Q, R961Q, R987Q",single nucleotide variant,missense variant,Uncertain significance,"criteria provided, single submitter",VUS,2018-11-09,LB,2022-06-09,2,2,True,toward_benign,2018.0,2022.0
3036300,MUC1,NM_002456.6(MUC1):c.628G>A (p.Gly210Arg),"G114R, G1167R, G126R, G140R, G149R, G154R, G167R, G175R, G176R, G178R, G192R, G201R, G210R, G219R, G412R, G421R, G87R, G96R, R129Q, R169Q, R190Q",single nucleotide variant,missense variant,Likely benign,"criteria provided, single submitter",VUS,2023-10-28,LB,2025-08-25,2,2,True,toward_benign,2023.0,2025.0
188305,RET,NM_020975.6(RET):c.262A>G (p.Ile88Val),I88V,single nucleotide variant,missense variant,Benign/Likely benign,"criteria provided, multiple submitters, no conflicts",VUS,2016-03-02,LB,2026-01-26,11,10,True,toward_benign,2016.0,2026.0
633688,ROBO2,NM_001395656.1(ROBO2):c.2402G>A (p.Arg801Gln),"R813Q, R797Q, R801Q, R204Q, R817Q, R820Q, R824Q",single nucleotide variant,missense variant,Likely benign,"criteria provided, single submitter",VUS,2018-09-16,LB,2021-01-09,2,2,True,toward_benign,2018.0,2021.0
18413,SOX17,NM_022454.4(SOX17):c.775T>A (p.Tyr259Asn),Y259N,single nucleotide variant,missense variant,Benign/Likely benign,"criteria provided, multiple submitters, no conflicts",VUS,2010-12-01,LB,2026-01-01,7,7,True,toward_benign,2010.0,2026.0
559147,TRAP1,NM_016292.3(TRAP1):c.1406G>A (p.Arg469His),"R469H, R416H",single nucleotide variant,missense variant,Benign/Likely benign,"criteria provided, multiple submitters, no conflicts",VUS,2016-02-19,LB,2026-03-01,5,5,True,toward_benign,2016.0,2026.0
988178,UMOD,NM_003361.4(UMOD):c.1901C>T (p.Thr634Ile),"T634I, T667I, T681I",single nucleotide variant,missense variant|non-coding transcript variant,Likely benign,"criteria provided, single submitter",VUS,2018-01-12,LB,2024-06-17,2,2,True,toward_benign,2018.0,2024.0
874,UPK3A,NM_006953.4(UPK3A):c.*107T>C,,single nucleotide variant,3 prime UTR variant,Uncertain significance,"criteria provided, single submitter",VUS,2005-07-01,LB,2020-10-19,3,3,True,toward_benign,2005.0,2020.0
341975,UPK3A,NM_006953.4(UPK3A):c.404G>A (p.Arg135Lys),R135K,single nucleotide variant,missense variant|intron variant,Uncertain significance,"criteria provided, single submitter",VUS,2018-01-13,LB,2022-02-08,2,2,True,toward_benign,2018.0,2022.0
1307713,BMP4,NM_001202.6(BMP4):c.928C>T (p.Arg310Cys),"R247C, R310C, R357C",single nucleotide variant,missense variant,Uncertain significance,"criteria provided, multiple submitters, no conflicts",VUS,2019-08-13,LP,2024-09-26,3,3,True,toward_pathogenic,2019.0,2024.0
1301541,EYA1,NM_000503.6(EYA1):c.1051-5T>G,,single nucleotide variant,intron variant,Likely pathogenic,"criteria provided, single submitter",VUS,2020-08-17,LP,2022-12-17,2,1,True,toward_pathogenic,2020.0,2022.0
591834,FREM1,NM_001379081.2(FREM1):c.4468_4469insG (p.Thr1490fs),"T26fs, T1490fs",Insertion,frameshift variant|non-coding transcript variant,Likely pathogenic,"criteria provided, single submitter",VUS,2018-09-16,LP,2025-07-11,2,2,True,toward_pathogenic,2018.0,2025.0
592044,FRAS1,NM_025074.7(FRAS1):c.2571del (p.Ala856_Cys857insTer),,Deletion,nonsense,Pathogenic,"criteria provided, single submitter",VUS,2018-09-16,P,2023-06-15,2,2,True,toward_pathogenic,2018.0,2023.0
591936,FREM2,NM_207361.6(FREM2):c.7002_7005del (p.Glu2335fs),E2335fs,Microsatellite,frameshift variant,Pathogenic,"criteria provided, single submitter",VUS,2018-09-16,P,2023-07-21,2,2,True,toward_pathogenic,2018.0,2023.0
591327,MUC1,NM_002456.6(MUC1):c.159+236dup,"A135fs, A144fs",Duplication,frameshift variant|intron variant,Pathogenic,"criteria provided, single submitter",VUS,2018-09-16,P,2025-10-01,2,2,True,toward_pathogenic,2018.0,2025.0
829843,PAX2,NM_000278.5(PAX2):c.148C>T (p.Arg50Trp),"R81W, R50W",single nucleotide variant,missense variant,Likely pathogenic,"criteria provided, single submitter",VUS,2019-05-23,P,2024-11-05,3,3,True,toward_pathogenic,2019.0,2024.0
2443293,UMOD,NM_003361.4(UMOD):c.276C>G (p.Cys92Trp),"C125W, C92W",single nucleotide variant,missense variant|non-coding transcript variant,Pathogenic,"criteria provided, single submitter",VUS,2022-08-29,P,2022-11-03,2,2,True,toward_pathogenic,2022.0,2022.0
988177,UMOD,NM_003361.4(UMOD):c.854C>A (p.Ala285Glu),"A285E, A318E",single nucleotide variant,missense variant|non-coding transcript variant,Pathogenic,"criteria provided, multiple submitters, no conflicts",VUS,2017-10-27,P,2023-12-28,3,3,True,toward_pathogenic,2017.0,2023.0
